Time (s),Voltage (V)
-8.198000000000001e-05,0.00011999999696854502
-8.197000000006079e-05,0.00011999999696854502
-8.196000000012156e-05,0.00011999999696854502
-8.195000000018234e-05,0.00011999999696854502
-8.194000000024311e-05,0.00011999999696854502
-8.193000000030388e-05,0.00011999999696854502
-8.192000000036466e-05,7.999999797903001e-05
-8.191000000042543e-05,0.00019999999494757503
-8.190000000048621e-05,0.00031999999191612005
-8.189000000054698e-05,0.0
-8.188000000060776e-05,-3.9999998989515007e-05
-8.187000000066853e-05,0.00011999999696854502
-8.186000000072931e-05,0.00015999999595806003
-8.185000000079008e-05,0.00023999999393709004
-8.184000000085086e-05,0.00015999999595806003
-8.183000000091163e-05,3.9999998989515007e-05
-8.18200000009724e-05,7.999999797903001e-05
-8.181000000103318e-05,0.00015999999595806003
-8.180000000109396e-05,0.00019999999494757503
-8.179000000115473e-05,0.00011999999696854502
-8.17800000012155e-05,7.999999797903001e-05
-8.177000000127628e-05,0.00011999999696854502
-8.176000000133705e-05,0.00019999999494757503
-8.175000000139783e-05,0.00011999999696854502
-8.17400000014586e-05,7.999999797903001e-05
-8.173000000151938e-05,0.00011999999696854502
-8.172000000158015e-05,0.00015999999595806003
-8.171000000164093e-05,0.00011999999696854502
-8.17000000017017e-05,7.999999797903001e-05
-8.169000000176248e-05,7.999999797903001e-05
-8.168000000182325e-05,0.00019999999494757503
-8.167000000188403e-05,0.00015999999595806003
-8.16600000019448e-05,7.999999797903001e-05
-8.165000000200558e-05,0.00011999999696854502
-8.164000000206635e-05,0.00011999999696854502
-8.163000000212713e-05,0.00015999999595806003
-8.16200000021879e-05,0.00011999999696854502
-8.161000000224868e-05,7.999999797903001e-05
-8.160000000230945e-05,0.00011999999696854502
-8.159000000237022e-05,0.00011999999696854502
-8.1580000002431e-05,7.999999797903001e-05
-8.157000000249177e-05,7.999999797903001e-05
-8.156000000255255e-05,0.00015999999595806003
-8.155000000261332e-05,0.00015999999595806003
-8.15400000026741e-05,0.00011999999696854502
-8.153000000273487e-05,7.999999797903001e-05
-8.152000000279565e-05,7.999999797903001e-05
-8.151000000285642e-05,0.00011999999696854502
-8.15000000029172e-05,0.00011999999696854502
-8.149000000297797e-05,0.00011999999696854502
-8.148000000303875e-05,0.00011999999696854502
-8.147000000309952e-05,0.00011999999696854502
-8.14600000031603e-05,0.00011999999696854502
-8.145000000322107e-05,0.00011999999696854502
-8.144000000328185e-05,0.00015999999595806003
-8.143000000334262e-05,0.00011999999696854502
-8.14200000034034e-05,0.00011999999696854502
-8.141000000346417e-05,0.00011999999696854502
-8.140000000352494e-05,0.00011999999696854502
-8.139000000358572e-05,0.00011999999696854502
-8.13800000036465e-05,0.00011999999696854502
-8.137000000370727e-05,0.00015999999595806003
-8.136000000376804e-05,0.00011999999696854502
-8.135000000382882e-05,0.00011999999696854502
-8.134000000388959e-05,0.00011999999696854502
-8.133000000395037e-05,0.00011999999696854502
-8.132000000401114e-05,0.00011999999696854502
-8.131000000407192e-05,0.00011999999696854502
-8.130000000413269e-05,0.00011999999696854502
-8.129000000419347e-05,0.00011999999696854502
-8.128000000425424e-05,0.00011999999696854502
-8.127000000431502e-05,0.00011999999696854502
-8.126000000437579e-05,0.00011999999696854502
-8.125000000443657e-05,0.00011999999696854502
-8.124000000449734e-05,0.00015999999595806003
-8.123000000455811e-05,0.00011999999696854502
-8.122000000461889e-05,0.00011999999696854502
-8.121000000467966e-05,0.00011999999696854502
-8.120000000474044e-05,0.00011999999696854502
-8.119000000480121e-05,0.00011999999696854502
-8.118000000486199e-05,0.00011999999696854502
-8.117000000492276e-05,0.00011999999696854502
-8.116000000498354e-05,0.00011999999696854502
-8.115000000504431e-05,0.00011999999696854502
-8.114000000510509e-05,0.00011999999696854502
-8.113000000516586e-05,0.00011999999696854502
-8.112000000522664e-05,0.00011999999696854502
-8.111000000528741e-05,0.00011999999696854502
-8.110000000534819e-05,0.00011999999696854502
-8.109000000540896e-05,0.00011999999696854502
-8.108000000546974e-05,0.00011999999696854502
-8.107000000553051e-05,0.00011999999696854502
-8.106000000559128e-05,0.00011999999696854502
-8.105000000565206e-05,0.00011999999696854502
-8.104000000571283e-05,0.00011999999696854502
-8.103000000577361e-05,0.00011999999696854502
-8.102000000583438e-05,0.00015999999595806003
-8.101000000589516e-05,0.00015999999595806003
-8.100000000595593e-05,0.00011999999696854502
-8.099000000601671e-05,0.00011999999696854502
-8.098000000607748e-05,0.00015999999595806003
-8.097000000613826e-05,0.00015999999595806003
-8.096000000619903e-05,0.00015999999595806003
-8.09500000062598e-05,0.00019999999494757503
-8.094000000632058e-05,0.00019999999494757503
-8.093000000638136e-05,0.00019999999494757503
-8.092000000644213e-05,0.00023999999393709004
-8.09100000065029e-05,0.00023999999393709004
-8.090000000656368e-05,0.00027999999292660505
-8.089000000662445e-05,0.00031999999191612005
-8.088000000668523e-05,0.00031999999191612005
-8.0870000006746e-05,0.00035999999090563506
-8.086000000680678e-05,0.00039999998989515007
-8.085000000686755e-05,0.00043999998888466507
-8.084000000692833e-05,0.0004799999878741801
-8.08300000069891e-05,0.0005199999868636951
-8.082000000704988e-05,0.0005599999858532101
-8.081000000711065e-05,0.0005999999848427251
-8.080000000717143e-05,0.0006399999838322401
-8.07900000072322e-05,0.0006799999828217551
-8.078000000729298e-05,0.0007599999808007851
-8.077000000735375e-05,0.0008399999787798151
-8.076000000741453e-05,0.0008799999777693301
-8.07500000074753e-05,0.0009199999767588452
-8.074000000753608e-05,0.0009599999757483602
-8.073000000759685e-05,0.0009999999747378752
-8.072000000765762e-05,0.0010399999737273902
-8.07100000077184e-05,0.0010799999727169052
-8.070000000777917e-05,0.0011199999717064202
-8.069000000783995e-05,0.0011599999706959352
-8.068000000790072e-05,0.0011999999696854502
-8.06700000079615e-05,0.0012399999686749652
-8.066000000802227e-05,0.0012399999686749652
-8.065000000808305e-05,0.0012799999676644802
-8.064000000814382e-05,0.0013199999666539952
-8.06300000082046e-05,0.0013199999666539952
-8.062000000826537e-05,0.0013599999656435102
-8.061000000832615e-05,0.0013599999656435102
-8.060000000838692e-05,0.0013599999656435102
-8.05900000084477e-05,0.0013599999656435102
-8.058000000850847e-05,0.0013599999656435102
-8.057000000856925e-05,0.0013599999656435102
-8.056000000863002e-05,0.0013599999656435102
-8.05500000086908e-05,0.0013599999656435102
-8.054000000875157e-05,0.0013599999656435102
-8.053000000881234e-05,0.0013599999656435102
-8.052000000887312e-05,0.0013199999666539952
-8.05100000089339e-05,0.0013199999666539952
-8.050000000899467e-05,0.0012799999676644802
-8.049000000905544e-05,0.0012399999686749652
-8.048000000911622e-05,0.0011999999696854502
-8.047000000917699e-05,0.0011999999696854502
-8.046000000923777e-05,0.0011199999717064202
-8.045000000929854e-05,0.0010799999727169052
-8.044000000935932e-05,0.0010399999737273902
-8.043000000942009e-05,0.0009999999747378752
-8.042000000948087e-05,0.0009599999757483602
-8.041000000954164e-05,0.0008799999777693301
-8.040000000960242e-05,0.0008399999787798151
-8.039000000966319e-05,0.0007999999797903001
-8.038000000972396e-05,0.0007599999808007851
-8.037000000978474e-05,0.0007199999818112701
-8.036000000984551e-05,0.0006399999838322401
-8.035000000990629e-05,0.0005999999848427251
-8.034000000996706e-05,0.0005599999858532101
-8.033000001002784e-05,0.0005199999868636951
-8.032000001008861e-05,0.0004799999878741801
-8.031000001014939e-05,0.00043999998888466507
-8.030000001021016e-05,0.00039999998989515007
-8.029000001027094e-05,0.00035999999090563506
-8.028000001033171e-05,0.00031999999191612005
-8.027000001039249e-05,0.00027999999292660505
-8.026000001045326e-05,0.00027999999292660505
-8.025000001051404e-05,0.00027999999292660505
-8.024000001057481e-05,0.00023999999393709004
-8.023000001063559e-05,0.00019999999494757503
-8.022000001069636e-05,0.00019999999494757503
-8.021000001075713e-05,0.00019999999494757503
-8.020000001081791e-05,0.00019999999494757503
-8.019000001087868e-05,0.00015999999595806003
-8.018000001093946e-05,0.00015999999595806003
-8.017000001100023e-05,0.00015999999595806003
-8.016000001106101e-05,0.00015999999595806003
-8.015000001112178e-05,0.00015999999595806003
-8.014000001118256e-05,0.00015999999595806003
-8.013000001124333e-05,0.00015999999595806003
-8.012000001130411e-05,0.00011999999696854502
-8.011000001136488e-05,0.00011999999696854502
-8.010000001142566e-05,0.00015999999595806003
-8.009000001148643e-05,0.00011999999696854502
-8.00800000115472e-05,0.00015999999595806003
-8.007000001160798e-05,0.00011999999696854502
-8.006000001166876e-05,0.00011999999696854502
-8.005000001172953e-05,0.00011999999696854502
-8.00400000117903e-05,0.00011999999696854502
-8.003000001185108e-05,0.00011999999696854502
-8.002000001191185e-05,0.00015999999595806003
-8.001000001197263e-05,0.00011999999696854502
-8.00000000120334e-05,0.00011999999696854502
-7.999000001209418e-05,0.00011999999696854502
-7.998000001215495e-05,0.00011999999696854502
-7.997000001221573e-05,0.00011999999696854502
-7.99600000122765e-05,0.00011999999696854502
-7.995000001233728e-05,0.00011999999696854502
-7.994000001239805e-05,0.00015999999595806003
-7.993000001245883e-05,0.00011999999696854502
-7.99200000125196e-05,0.00011999999696854502
-7.991000001258038e-05,0.00011999999696854502
-7.990000001264115e-05,0.00011999999696854502
-7.989000001270193e-05,0.00011999999696854502
-7.98800000127627e-05,0.00011999999696854502
-7.987000001282348e-05,0.00011999999696854502
-7.986000001288425e-05,0.00011999999696854502
-7.985000001294502e-05,0.00011999999696854502
-7.98400000130058e-05,0.00011999999696854502
-7.983000001306657e-05,0.00011999999696854502
-7.982000001312735e-05,0.00011999999696854502
-7.981000001318812e-05,0.00011999999696854502
-7.98000000132489e-05,0.00011999999696854502
-7.979000001330967e-05,0.00011999999696854502
-7.978000001337045e-05,0.00011999999696854502
-7.977000001343122e-05,0.00011999999696854502
-7.9760000013492e-05,0.00011999999696854502
-7.975000001355277e-05,0.00011999999696854502
-7.974000001361355e-05,0.00011999999696854502
-7.973000001367432e-05,0.00011999999696854502
-7.97200000137351e-05,0.00011999999696854502
-7.971000001379587e-05,0.00011999999696854502
-7.970000001385665e-05,0.00011999999696854502
-7.969000001391742e-05,0.00011999999696854502
-7.96800000139782e-05,0.00011999999696854502
-7.967000001403897e-05,0.00011999999696854502
-7.966000001409974e-05,0.00011999999696854502
-7.965000001416052e-05,0.00011999999696854502
-7.96400000142213e-05,0.00011999999696854502
-7.963000001428207e-05,0.00011999999696854502
-7.962000001434284e-05,0.00011999999696854502
-7.961000001440362e-05,0.00011999999696854502
-7.960000001446439e-05,0.00011999999696854502
-7.959000001452517e-05,0.00011999999696854502
-7.958000001458594e-05,0.00011999999696854502
-7.957000001464672e-05,0.00011999999696854502
-7.956000001470749e-05,0.00011999999696854502
-7.955000001476827e-05,0.00011999999696854502
-7.954000001482904e-05,0.00011999999696854502
-7.953000001488982e-05,0.00011999999696854502
-7.952000001495059e-05,0.00011999999696854502
-7.951000001501136e-05,0.00011999999696854502
-7.950000001507214e-05,0.00011999999696854502
-7.949000001513291e-05,0.00011999999696854502
-7.948000001519369e-05,0.00011999999696854502
-7.947000001525446e-05,0.00011999999696854502
-7.946000001531524e-05,0.00011999999696854502
-7.945000001537601e-05,0.00011999999696854502
-7.944000001543679e-05,0.00011999999696854502
-7.943000001549756e-05,0.00011999999696854502
-7.942000001555834e-05,0.00011999999696854502
-7.941000001561911e-05,0.00015999999595806003
-7.940000001567989e-05,0.00011999999696854502
-7.939000001574066e-05,0.00011999999696854502
-7.938000001580144e-05,0.00011999999696854502
-7.937000001586221e-05,0.00011999999696854502
-7.936000001592299e-05,0.00011999999696854502
-7.935000001598376e-05,0.00011999999696854502
-7.934000001604453e-05,0.00011999999696854502
-7.933000001610531e-05,0.00011999999696854502
-7.932000001616608e-05,0.00011999999696854502
-7.931000001622686e-05,0.00011999999696854502
-7.930000001628763e-05,0.00011999999696854502
-7.929000001634841e-05,0.00011999999696854502
-7.928000001640918e-05,0.00011999999696854502
-7.927000001646996e-05,0.00011999999696854502
-7.926000001653073e-05,0.00011999999696854502
-7.925000001659151e-05,0.00011999999696854502
-7.924000001665228e-05,0.00011999999696854502
-7.923000001671306e-05,0.00011999999696854502
-7.922000001677383e-05,0.00011999999696854502
-7.92100000168346e-05,0.00011999999696854502
-7.920000001689538e-05,0.00015999999595806003
-7.919000001695616e-05,0.00011999999696854502
-7.918000001701693e-05,0.00011999999696854502
-7.91700000170777e-05,0.00011999999696854502
-7.916000001713848e-05,0.00011999999696854502
-7.915000001719925e-05,0.00011999999696854502
-7.914000001726003e-05,0.00011999999696854502
-7.91300000173208e-05,0.00011999999696854502
-7.912000001738158e-05,0.00011999999696854502
-7.911000001744235e-05,0.00011999999696854502
-7.910000001750313e-05,0.00011999999696854502
-7.90900000175639e-05,0.00011999999696854502
-7.908000001762468e-05,0.00011999999696854502
-7.907000001768545e-05,0.00011999999696854502
-7.906000001774623e-05,0.00011999999696854502
-7.9050000017807e-05,0.00011999999696854502
-7.904000001786778e-05,0.00011999999696854502
-7.903000001792855e-05,0.00011999999696854502
-7.902000001798933e-05,0.00011999999696854502
-7.90100000180501e-05,0.00011999999696854502
-7.900000001811087e-05,0.00011999999696854502
-7.899000001817165e-05,0.00011999999696854502
-7.898000001823242e-05,0.00011999999696854502
-7.89700000182932e-05,0.00011999999696854502
-7.896000001835397e-05,0.00011999999696854502
-7.895000001841475e-05,0.00011999999696854502
-7.894000001847552e-05,0.00011999999696854502
-7.89300000185363e-05,0.00011999999696854502
-7.892000001859707e-05,0.00011999999696854502
-7.891000001865785e-05,0.00011999999696854502
-7.890000001871862e-05,0.00011999999696854502
-7.88900000187794e-05,0.00011999999696854502
-7.888000001884017e-05,0.00011999999696854502
-7.887000001890095e-05,0.00011999999696854502
-7.886000001896172e-05,0.00011999999696854502
-7.88500000190225e-05,0.00011999999696854502
-7.884000001908327e-05,0.00011999999696854502
-7.883000001914404e-05,0.00011999999696854502
-7.882000001920482e-05,0.00011999999696854502
-7.88100000192656e-05,0.00011999999696854502
-7.880000001932637e-05,0.00011999999696854502
-7.879000001938714e-05,0.00011999999696854502
-7.878000001944792e-05,0.00011999999696854502
-7.877000001950869e-05,7.999999797903001e-05
-7.876000001956947e-05,0.00011999999696854502
-7.875000001963024e-05,0.00011999999696854502
-7.874000001969102e-05,0.00011999999696854502
-7.873000001975179e-05,7.999999797903001e-05
-7.872000001981257e-05,0.00011999999696854502
-7.871000001987334e-05,0.00011999999696854502
-7.870000001993412e-05,0.00011999999696854502
-7.869000001999489e-05,0.00011999999696854502
-7.868000002005567e-05,0.00011999999696854502
-7.867000002011644e-05,0.00011999999696854502
-7.866000002017721e-05,0.00011999999696854502
-7.865000002023799e-05,0.00011999999696854502
-7.864000002029876e-05,0.00011999999696854502
-7.863000002035954e-05,0.00011999999696854502
-7.862000002042031e-05,0.00011999999696854502
-7.861000002048109e-05,0.00011999999696854502
-7.860000002054186e-05,0.00011999999696854502
-7.859000002060264e-05,0.00011999999696854502
-7.858000002066341e-05,0.00011999999696854502
-7.857000002072419e-05,0.00011999999696854502
-7.856000002078496e-05,0.00011999999696854502
-7.855000002084574e-05,0.00011999999696854502
-7.854000002090651e-05,0.00011999999696854502
-7.853000002096729e-05,0.00011999999696854502
-7.852000002102806e-05,0.00011999999696854502
-7.851000002108884e-05,0.00011999999696854502
-7.850000002114961e-05,0.00011999999696854502
-7.849000002121038e-05,0.00011999999696854502
-7.848000002127116e-05,0.00011999999696854502
-7.847000002133193e-05,0.00011999999696854502
-7.846000002139271e-05,0.00011999999696854502
-7.845000002145348e-05,0.00011999999696854502
-7.844000002151426e-05,0.00011999999696854502
-7.843000002157503e-05,0.00011999999696854502
-7.842000002163581e-05,0.00011999999696854502
-7.841000002169658e-05,0.00011999999696854502
-7.840000002175736e-05,0.00011999999696854502
-7.839000002181813e-05,0.00011999999696854502
-7.838000002187891e-05,0.00011999999696854502
-7.837000002193968e-05,0.00011999999696854502
-7.836000002200046e-05,0.00011999999696854502
-7.835000002206123e-05,0.00011999999696854502
-7.8340000022122e-05,0.00011999999696854502
-7.833000002218278e-05,0.00011999999696854502
-7.832000002224356e-05,0.00011999999696854502
-7.831000002230433e-05,0.00011999999696854502
-7.83000000223651e-05,0.00011999999696854502
-7.829000002242588e-05,0.00011999999696854502
-7.828000002248665e-05,0.00011999999696854502
-7.827000002254743e-05,0.00011999999696854502
-7.82600000226082e-05,0.00011999999696854502
-7.825000002266898e-05,0.00011999999696854502
-7.824000002272975e-05,0.00011999999696854502
-7.823000002279053e-05,0.00011999999696854502
-7.82200000228513e-05,0.00011999999696854502
-7.821000002291208e-05,0.00011999999696854502
-7.820000002297285e-05,0.00011999999696854502
-7.819000002303363e-05,0.00011999999696854502
-7.81800000230944e-05,0.00011999999696854502
-7.817000002315518e-05,0.00011999999696854502
-7.816000002321595e-05,7.999999797903001e-05
-7.815000002327673e-05,0.00011999999696854502
-7.81400000233375e-05,0.00011999999696854502
-7.813000002339827e-05,0.00011999999696854502
-7.812000002345905e-05,0.00011999999696854502
-7.811000002351982e-05,0.00011999999696854502
-7.81000000235806e-05,0.00011999999696854502
-7.809000002364137e-05,0.00011999999696854502
-7.808000002370215e-05,0.00011999999696854502
-7.807000002376292e-05,0.00011999999696854502
-7.80600000238237e-05,0.00011999999696854502
-7.805000002388447e-05,0.00011999999696854502
-7.804000002394525e-05,7.999999797903001e-05
-7.803000002400602e-05,0.00011999999696854502
-7.80200000240668e-05,0.00011999999696854502
-7.801000002412757e-05,0.00011999999696854502
-7.800000002418835e-05,0.00011999999696854502
-7.799000002424912e-05,0.00011999999696854502
-7.79800000243099e-05,0.00011999999696854502
-7.797000002437067e-05,0.00011999999696854502
-7.796000002443144e-05,0.00011999999696854502
-7.795000002449222e-05,7.999999797903001e-05
-7.7940000024553e-05,0.00015999999595806003
-7.793000002461377e-05,0.00011999999696854502
-7.792000002467454e-05,0.00011999999696854502
-7.791000002473532e-05,0.00011999999696854502
-7.790000002479609e-05,0.00011999999696854502
-7.789000002485687e-05,0.00011999999696854502
-7.788000002491764e-05,0.00011999999696854502
-7.787000002497842e-05,0.00011999999696854502
-7.786000002503919e-05,0.00011999999696854502
-7.785000002509997e-05,0.00011999999696854502
-7.784000002516074e-05,0.00011999999696854502
-7.783000002522152e-05,0.00011999999696854502
-7.782000002528229e-05,0.00011999999696854502
-7.781000002534307e-05,0.00011999999696854502
-7.780000002540384e-05,0.00011999999696854502
-7.779000002546461e-05,0.00011999999696854502
-7.778000002552539e-05,0.00011999999696854502
-7.777000002558616e-05,0.00011999999696854502
-7.776000002564694e-05,0.00011999999696854502
-7.775000002570771e-05,0.00011999999696854502
-7.774000002576849e-05,0.00011999999696854502
-7.773000002582926e-05,0.00011999999696854502
-7.772000002589004e-05,0.00011999999696854502
-7.771000002595081e-05,0.00011999999696854502
-7.770000002601159e-05,0.00011999999696854502
-7.769000002607236e-05,0.00011999999696854502
-7.768000002613314e-05,0.00011999999696854502
-7.767000002619391e-05,0.00011999999696854502
-7.766000002625469e-05,0.00011999999696854502
-7.765000002631546e-05,0.00011999999696854502
-7.764000002637624e-05,0.00011999999696854502
-7.763000002643701e-05,0.00011999999696854502
-7.762000002649778e-05,0.00011999999696854502
-7.761000002655856e-05,0.00011999999696854502
-7.760000002661933e-05,0.00011999999696854502
-7.759000002668011e-05,0.00011999999696854502
-7.758000002674088e-05,0.00011999999696854502
-7.757000002680166e-05,0.00011999999696854502
-7.756000002686243e-05,0.00011999999696854502
-7.755000002692321e-05,0.00011999999696854502
-7.754000002698398e-05,0.00011999999696854502
-7.753000002704476e-05,0.00011999999696854502
-7.752000002710553e-05,0.00011999999696854502
-7.75100000271663e-05,0.00011999999696854502
-7.750000002722708e-05,0.00011999999696854502
-7.749000002728786e-05,0.00011999999696854502
-7.748000002734863e-05,0.00011999999696854502
-7.74700000274094e-05,0.00011999999696854502
-7.746000002747018e-05,0.00011999999696854502
-7.745000002753095e-05,0.00011999999696854502
-7.744000002759173e-05,0.00011999999696854502
-7.74300000276525e-05,0.00011999999696854502
-7.742000002771328e-05,0.00011999999696854502
-7.741000002777405e-05,0.00011999999696854502
-7.740000002783483e-05,0.00011999999696854502
-7.73900000278956e-05,0.00011999999696854502
-7.738000002795638e-05,0.00011999999696854502
-7.737000002801715e-05,0.00011999999696854502
-7.736000002807793e-05,0.00011999999696854502
-7.73500000281387e-05,0.00011999999696854502
-7.734000002819948e-05,0.00011999999696854502
-7.733000002826025e-05,0.00011999999696854502
-7.732000002832103e-05,0.00011999999696854502
-7.73100000283818e-05,0.00011999999696854502
-7.730000002844258e-05,0.00011999999696854502
-7.729000002850335e-05,0.00011999999696854502
-7.728000002856412e-05,0.00011999999696854502
-7.72700000286249e-05,0.00011999999696854502
-7.726000002868567e-05,0.00011999999696854502
-7.725000002874645e-05,0.00011999999696854502
-7.724000002880722e-05,0.00011999999696854502
-7.7230000028868e-05,0.00011999999696854502
-7.722000002892877e-05,0.00011999999696854502
-7.721000002898955e-05,0.00011999999696854502
-7.720000002905032e-05,0.00011999999696854502
-7.71900000291111e-05,0.00011999999696854502
-7.718000002917187e-05,0.00011999999696854502
-7.717000002923265e-05,0.00011999999696854502
-7.716000002929342e-05,0.00011999999696854502
-7.71500000293542e-05,0.00011999999696854502
-7.714000002941497e-05,0.00011999999696854502
-7.713000002947575e-05,0.00011999999696854502
-7.712000002953652e-05,0.00011999999696854502
-7.71100000295973e-05,0.00011999999696854502
-7.710000002965807e-05,7.999999797903001e-05
-7.709000002971884e-05,0.00011999999696854502
-7.708000002977962e-05,0.00011999999696854502
-7.70700000298404e-05,0.00011999999696854502
-7.706000002990117e-05,0.00011999999696854502
-7.705000002996194e-05,0.00011999999696854502
-7.704000003002272e-05,0.00011999999696854502
-7.703000003008349e-05,0.00011999999696854502
-7.702000003014427e-05,0.00011999999696854502
-7.701000003020504e-05,0.00011999999696854502
-7.700000003026582e-05,0.00011999999696854502
-7.699000003032659e-05,0.00011999999696854502
-7.698000003038737e-05,0.00011999999696854502
-7.697000003044814e-05,0.00011999999696854502
-7.696000003050892e-05,0.00011999999696854502
-7.695000003056969e-05,0.00011999999696854502
-7.694000003063046e-05,0.00011999999696854502
-7.693000003069124e-05,0.00011999999696854502
-7.692000003075201e-05,0.00011999999696854502
-7.691000003081279e-05,0.00011999999696854502
-7.690000003087356e-05,0.00011999999696854502
-7.689000003093434e-05,0.00011999999696854502
-7.688000003099511e-05,0.00011999999696854502
-7.687000003105589e-05,0.00011999999696854502
-7.686000003111666e-05,0.00011999999696854502
-7.685000003117744e-05,0.00011999999696854502
-7.684000003123821e-05,0.00011999999696854502
-7.683000003129899e-05,0.00011999999696854502
-7.682000003135976e-05,0.00011999999696854502
-7.681000003142054e-05,0.00011999999696854502
-7.680000003148131e-05,0.00011999999696854502
-7.679000003154209e-05,0.00011999999696854502
-7.678000003160286e-05,0.00011999999696854502
-7.677000003166364e-05,0.00011999999696854502
-7.676000003172441e-05,0.00011999999696854502
-7.675000003178518e-05,0.00011999999696854502
-7.674000003184596e-05,0.00011999999696854502
-7.673000003190673e-05,0.00011999999696854502
-7.672000003196751e-05,0.00011999999696854502
-7.671000003202828e-05,0.00011999999696854502
-7.670000003208906e-05,7.999999797903001e-05
-7.669000003214983e-05,0.00011999999696854502
-7.668000003221061e-05,0.00011999999696854502
-7.667000003227138e-05,0.00011999999696854502
-7.666000003233216e-05,0.00011999999696854502
-7.665000003239293e-05,0.00011999999696854502
-7.66400000324537e-05,0.00011999999696854502
-7.663000003251448e-05,0.00011999999696854502
-7.662000003257526e-05,0.00011999999696854502
-7.661000003263603e-05,0.00011999999696854502
-7.66000000326968e-05,0.00011999999696854502
-7.659000003275758e-05,0.00011999999696854502
-7.658000003281835e-05,0.00011999999696854502
-7.657000003287913e-05,0.00011999999696854502
-7.65600000329399e-05,0.00011999999696854502
-7.655000003300068e-05,0.00011999999696854502
-7.654000003306145e-05,0.00011999999696854502
-7.653000003312223e-05,0.00011999999696854502
-7.6520000033183e-05,0.00011999999696854502
-7.651000003324378e-05,0.00011999999696854502
-7.650000003330455e-05,0.00011999999696854502
-7.649000003336533e-05,0.00011999999696854502
-7.64800000334261e-05,0.00011999999696854502
-7.647000003348688e-05,0.00011999999696854502
-7.646000003354765e-05,7.999999797903001e-05
-7.645000003360843e-05,0.00011999999696854502
-7.64400000336692e-05,0.00011999999696854502
-7.643000003372998e-05,0.00011999999696854502
-7.642000003379075e-05,0.00011999999696854502
-7.641000003385152e-05,7.999999797903001e-05
-7.64000000339123e-05,0.00011999999696854502
-7.639000003397307e-05,0.00011999999696854502
-7.638000003403385e-05,0.00011999999696854502
-7.637000003409462e-05,0.00011999999696854502
-7.63600000341554e-05,0.00011999999696854502
-7.635000003421617e-05,0.00011999999696854502
-7.634000003427695e-05,0.00011999999696854502
-7.633000003433772e-05,0.00011999999696854502
-7.63200000343985e-05,0.00011999999696854502
-7.631000003445927e-05,0.00011999999696854502
-7.630000003452005e-05,0.00011999999696854502
-7.629000003458082e-05,0.00011999999696854502
-7.62800000346416e-05,0.00011999999696854502
-7.627000003470237e-05,0.00011999999696854502
-7.626000003476315e-05,0.00011999999696854502
-7.625000003482392e-05,0.00011999999696854502
-7.62400000348847e-05,0.00011999999696854502
-7.623000003494547e-05,0.00011999999696854502
-7.622000003500624e-05,0.00011999999696854502
-7.621000003506702e-05,0.00011999999696854502
-7.62000000351278e-05,0.00011999999696854502
-7.619000003518857e-05,0.00011999999696854502
-7.618000003524934e-05,0.00011999999696854502
-7.617000003531012e-05,0.00011999999696854502
-7.616000003537089e-05,0.00011999999696854502
-7.615000003543167e-05,0.00011999999696854502
-7.614000003549244e-05,0.00011999999696854502
-7.613000003555322e-05,0.00011999999696854502
-7.612000003561399e-05,0.00011999999696854502
-7.611000003567477e-05,0.00011999999696854502
-7.610000003573554e-05,0.00011999999696854502
-7.609000003579632e-05,0.00011999999696854502
-7.608000003585709e-05,0.00011999999696854502
-7.607000003591786e-05,0.00011999999696854502
-7.606000003597864e-05,0.00011999999696854502
-7.605000003603941e-05,0.00011999999696854502
-7.604000003610019e-05,0.00011999999696854502
-7.603000003616096e-05,0.00011999999696854502
-7.602000003622174e-05,0.00011999999696854502
-7.601000003628251e-05,0.00011999999696854502
-7.600000003634329e-05,0.00011999999696854502
-7.599000003640406e-05,0.00011999999696854502
-7.598000003646484e-05,0.00011999999696854502
-7.597000003652561e-05,0.00011999999696854502
-7.596000003658639e-05,7.999999797903001e-05
-7.595000003664716e-05,0.00011999999696854502
-7.594000003670794e-05,0.00011999999696854502
-7.593000003676871e-05,0.00011999999696854502
-7.592000003682949e-05,0.00011999999696854502
-7.591000003689026e-05,0.00011999999696854502
-7.590000003695103e-05,0.00011999999696854502
-7.589000003701181e-05,0.00011999999696854502
-7.588000003707258e-05,0.00011999999696854502
-7.587000003713336e-05,0.00011999999696854502
-7.586000003719413e-05,0.00011999999696854502
-7.585000003725491e-05,0.00011999999696854502
-7.584000003731568e-05,0.00011999999696854502
-7.583000003737646e-05,0.00011999999696854502
-7.582000003743723e-05,0.00011999999696854502
-7.581000003749801e-05,0.00011999999696854502
-7.580000003755878e-05,0.00011999999696854502
-7.579000003761956e-05,0.00011999999696854502
-7.578000003768033e-05,0.00011999999696854502
-7.57700000377411e-05,0.00011999999696854502
-7.576000003780188e-05,0.00011999999696854502
-7.575000003786266e-05,0.00011999999696854502
-7.574000003792343e-05,0.00011999999696854502
-7.57300000379842e-05,0.00011999999696854502
-7.572000003804498e-05,0.00011999999696854502
-7.571000003810575e-05,7.999999797903001e-05
-7.570000003816653e-05,0.00011999999696854502
-7.56900000382273e-05,0.00011999999696854502
-7.568000003828808e-05,0.00011999999696854502
-7.567000003834885e-05,0.00011999999696854502
-7.566000003840963e-05,0.00011999999696854502
-7.56500000384704e-05,0.00011999999696854502
-7.564000003853118e-05,0.00011999999696854502
-7.563000003859195e-05,0.00011999999696854502
-7.562000003865273e-05,0.00011999999696854502
-7.56100000387135e-05,0.00011999999696854502
-7.560000003877428e-05,0.00011999999696854502
-7.559000003883505e-05,0.00011999999696854502
-7.558000003889583e-05,0.00011999999696854502
-7.55700000389566e-05,0.00011999999696854502
-7.556000003901737e-05,0.00011999999696854502
-7.555000003907815e-05,0.00011999999696854502
-7.554000003913892e-05,7.999999797903001e-05
-7.55300000391997e-05,7.999999797903001e-05
-7.552000003926047e-05,0.00011999999696854502
-7.551000003932125e-05,0.00011999999696854502
-7.550000003938202e-05,0.00011999999696854502
-7.54900000394428e-05,0.00011999999696854502
-7.548000003950357e-05,0.00011999999696854502
-7.547000003956435e-05,0.00011999999696854502
-7.546000003962512e-05,0.00011999999696854502
-7.54500000396859e-05,0.00011999999696854502
-7.544000003974667e-05,0.00011999999696854502
-7.543000003980745e-05,0.00011999999696854502
-7.542000003986822e-05,0.00011999999696854502
-7.5410000039929e-05,0.00011999999696854502
-7.540000003998977e-05,0.00011999999696854502
-7.539000004005055e-05,0.00011999999696854502
-7.538000004011132e-05,0.00011999999696854502
-7.53700000401721e-05,0.00011999999696854502
-7.536000004023287e-05,0.00011999999696854502
-7.535000004029364e-05,0.00011999999696854502
-7.534000004035442e-05,0.00011999999696854502
-7.53300000404152e-05,0.00011999999696854502
-7.532000004047597e-05,0.00011999999696854502
-7.531000004053674e-05,0.00011999999696854502
-7.530000004059752e-05,0.00011999999696854502
-7.529000004065829e-05,0.00011999999696854502
-7.528000004071907e-05,0.00011999999696854502
-7.527000004077984e-05,7.999999797903001e-05
-7.526000004084062e-05,0.00011999999696854502
-7.525000004090139e-05,0.00011999999696854502
-7.524000004096217e-05,0.00011999999696854502
-7.523000004102294e-05,0.00011999999696854502
-7.522000004108372e-05,0.00011999999696854502
-7.521000004114449e-05,0.00011999999696854502
-7.520000004120526e-05,0.00011999999696854502
-7.519000004126604e-05,0.00011999999696854502
-7.518000004132681e-05,0.00011999999696854502
-7.517000004138759e-05,0.00011999999696854502
-7.516000004144836e-05,0.00011999999696854502
-7.515000004150914e-05,0.00011999999696854502
-7.514000004156991e-05,0.00011999999696854502
-7.513000004163069e-05,0.00011999999696854502
-7.512000004169146e-05,0.00011999999696854502
-7.511000004175224e-05,0.00011999999696854502
-7.510000004181301e-05,0.00011999999696854502
-7.509000004187379e-05,0.00011999999696854502
-7.508000004193456e-05,0.00011999999696854502
-7.507000004199534e-05,0.00011999999696854502
-7.506000004205611e-05,0.00011999999696854502
-7.505000004211689e-05,0.00011999999696854502
-7.504000004217766e-05,0.00011999999696854502
-7.503000004223843e-05,0.00011999999696854502
-7.502000004229921e-05,0.00011999999696854502
-7.501000004235998e-05,0.00011999999696854502
-7.500000004242076e-05,0.00011999999696854502
-7.499000004248153e-05,0.00011999999696854502
-7.498000004254231e-05,0.00011999999696854502
-7.497000004260308e-05,0.00011999999696854502
-7.496000004266386e-05,0.00011999999696854502
-7.495000004272463e-05,7.999999797903001e-05
-7.494000004278541e-05,7.999999797903001e-05
-7.493000004284618e-05,0.00011999999696854502
-7.492000004290696e-05,0.00011999999696854502
-7.491000004296773e-05,0.00011999999696854502
-7.49000000430285e-05,7.999999797903001e-05
-7.489000004308928e-05,0.00011999999696854502
-7.488000004315006e-05,0.00011999999696854502
-7.487000004321083e-05,0.00011999999696854502
-7.48600000432716e-05,0.00011999999696854502
-7.485000004333238e-05,0.00011999999696854502
-7.484000004339315e-05,0.00011999999696854502
-7.483000004345393e-05,0.00011999999696854502
-7.48200000435147e-05,0.00011999999696854502
-7.481000004357548e-05,0.00015999999595806003
-7.480000004363625e-05,0.00011999999696854502
-7.479000004369703e-05,0.00011999999696854502
-7.47800000437578e-05,0.00011999999696854502
-7.477000004381858e-05,0.00011999999696854502
-7.476000004387935e-05,0.00011999999696854502
-7.475000004394013e-05,0.00011999999696854502
-7.47400000440009e-05,0.00011999999696854502
-7.473000004406168e-05,0.00011999999696854502
-7.472000004412245e-05,7.999999797903001e-05
-7.471000004418323e-05,0.00011999999696854502
-7.4700000044244e-05,0.00011999999696854502
-7.469000004430477e-05,0.00011999999696854502
-7.468000004436555e-05,0.00011999999696854502
-7.467000004442632e-05,0.00011999999696854502
-7.46600000444871e-05,0.00011999999696854502
-7.465000004454787e-05,0.00011999999696854502
-7.464000004460865e-05,0.00011999999696854502
-7.463000004466942e-05,0.00011999999696854502
-7.46200000447302e-05,7.999999797903001e-05
-7.461000004479097e-05,0.00011999999696854502
-7.460000004485175e-05,0.00011999999696854502
-7.459000004491252e-05,0.00011999999696854502
-7.45800000449733e-05,0.00011999999696854502
-7.457000004503407e-05,7.999999797903001e-05
-7.456000004509485e-05,7.999999797903001e-05
-7.455000004515562e-05,0.00011999999696854502
-7.45400000452164e-05,0.00011999999696854502
-7.453000004527717e-05,0.00011999999696854502
-7.452000004533794e-05,0.00011999999696854502
-7.451000004539872e-05,0.00011999999696854502
-7.45000000454595e-05,7.999999797903001e-05
-7.449000004552027e-05,0.00011999999696854502
-7.448000004558104e-05,0.00011999999696854502
-7.447000004564182e-05,0.00011999999696854502
-7.446000004570259e-05,0.00011999999696854502
-7.445000004576337e-05,0.00011999999696854502
-7.444000004582414e-05,0.00011999999696854502
-7.443000004588492e-05,0.00011999999696854502
-7.442000004594569e-05,0.00011999999696854502
-7.441000004600647e-05,0.00011999999696854502
-7.440000004606724e-05,0.00011999999696854502
-7.439000004612802e-05,7.999999797903001e-05
-7.438000004618879e-05,0.00011999999696854502
-7.437000004624957e-05,0.00011999999696854502
-7.436000004631034e-05,0.00011999999696854502
-7.435000004637111e-05,7.999999797903001e-05
-7.434000004643189e-05,0.00011999999696854502
-7.433000004649266e-05,7.999999797903001e-05
-7.432000004655344e-05,0.00011999999696854502
-7.431000004661421e-05,0.00011999999696854502
-7.430000004667499e-05,0.00011999999696854502
-7.429000004673576e-05,7.999999797903001e-05
-7.428000004679654e-05,0.00011999999696854502
-7.427000004685731e-05,0.00011999999696854502
-7.426000004691809e-05,0.00011999999696854502
-7.425000004697886e-05,0.00011999999696854502
-7.424000004703964e-05,0.00011999999696854502
-7.423000004710041e-05,7.999999797903001e-05
-7.422000004716119e-05,7.999999797903001e-05
-7.421000004722196e-05,0.00011999999696854502
-7.420000004728274e-05,0.00011999999696854502
-7.419000004734351e-05,0.00011999999696854502
-7.418000004740428e-05,0.00011999999696854502
-7.417000004746506e-05,7.999999797903001e-05
-7.416000004752583e-05,0.00011999999696854502
-7.415000004758661e-05,0.00011999999696854502
-7.414000004764738e-05,0.00011999999696854502
-7.413000004770816e-05,0.00011999999696854502
-7.412000004776893e-05,0.00011999999696854502
-7.411000004782971e-05,0.00011999999696854502
-7.410000004789048e-05,0.00011999999696854502
-7.409000004795126e-05,0.00011999999696854502
-7.408000004801203e-05,0.00011999999696854502
-7.40700000480728e-05,0.00011999999696854502
-7.406000004813358e-05,0.00011999999696854502
-7.405000004819436e-05,7.999999797903001e-05
-7.404000004825513e-05,0.00011999999696854502
-7.40300000483159e-05,0.00011999999696854502
-7.402000004837668e-05,0.00011999999696854502
-7.401000004843745e-05,0.00011999999696854502
-7.400000004849823e-05,7.999999797903001e-05
-7.3990000048559e-05,0.00011999999696854502
-7.398000004861978e-05,0.00011999999696854502
-7.397000004868055e-05,0.00011999999696854502
-7.396000004874133e-05,7.999999797903001e-05
-7.39500000488021e-05,0.00011999999696854502
-7.394000004886288e-05,0.00011999999696854502
-7.393000004892365e-05,0.00011999999696854502
-7.392000004898443e-05,0.00011999999696854502
-7.39100000490452e-05,0.00011999999696854502
-7.390000004910598e-05,0.00011999999696854502
-7.389000004916675e-05,0.00011999999696854502
-7.388000004922753e-05,0.00011999999696854502
-7.38700000492883e-05,0.00011999999696854502
-7.386000004934908e-05,0.00011999999696854502
-7.385000004940985e-05,0.00011999999696854502
-7.384000004947063e-05,0.00011999999696854502
-7.38300000495314e-05,0.00011999999696854502
-7.382000004959217e-05,0.00011999999696854502
-7.381000004965295e-05,0.00011999999696854502
-7.380000004971372e-05,0.00011999999696854502
-7.37900000497745e-05,0.00011999999696854502
-7.378000004983527e-05,0.00011999999696854502
-7.377000004989605e-05,0.00011999999696854502
-7.376000004995682e-05,7.999999797903001e-05
-7.37500000500176e-05,0.00011999999696854502
-7.374000005007837e-05,0.00011999999696854502
-7.373000005013915e-05,0.00011999999696854502
-7.372000005019992e-05,0.00011999999696854502
-7.37100000502607e-05,0.00011999999696854502
-7.370000005032147e-05,0.00011999999696854502
-7.369000005038225e-05,0.00011999999696854502
-7.368000005044302e-05,0.00011999999696854502
-7.36700000505038e-05,0.00011999999696854502
-7.366000005056457e-05,0.00011999999696854502
-7.365000005062534e-05,0.00011999999696854502
-7.364000005068612e-05,7.999999797903001e-05
-7.36300000507469e-05,7.999999797903001e-05
-7.362000005080767e-05,0.00011999999696854502
-7.361000005086844e-05,0.00011999999696854502
-7.360000005092922e-05,0.00011999999696854502
-7.359000005098999e-05,0.00011999999696854502
-7.358000005105077e-05,0.00011999999696854502
-7.357000005111154e-05,0.00011999999696854502
-7.356000005117232e-05,0.00011999999696854502
-7.355000005123309e-05,0.00011999999696854502
-7.354000005129387e-05,0.00011999999696854502
-7.353000005135464e-05,0.00011999999696854502
-7.352000005141542e-05,0.00011999999696854502
-7.351000005147619e-05,7.999999797903001e-05
-7.350000005153697e-05,0.00011999999696854502
-7.349000005159774e-05,0.00011999999696854502
-7.348000005165851e-05,0.00011999999696854502
-7.347000005171929e-05,0.00011999999696854502
-7.346000005178006e-05,0.00011999999696854502
-7.345000005184084e-05,0.00011999999696854502
-7.344000005190161e-05,0.00011999999696854502
-7.343000005196239e-05,0.00011999999696854502
-7.342000005202316e-05,0.00011999999696854502
-7.341000005208394e-05,0.00011999999696854502
-7.340000005214471e-05,0.00011999999696854502
-7.339000005220549e-05,0.00011999999696854502
-7.338000005226626e-05,0.00011999999696854502
-7.337000005232704e-05,0.00011999999696854502
-7.336000005238781e-05,0.00011999999696854502
-7.335000005244859e-05,0.00011999999696854502
-7.334000005250936e-05,0.00011999999696854502
-7.333000005257014e-05,0.00011999999696854502
-7.332000005263091e-05,0.00011999999696854502
-7.331000005269168e-05,0.00011999999696854502
-7.330000005275246e-05,0.00011999999696854502
-7.329000005281323e-05,7.999999797903001e-05
-7.328000005287401e-05,0.00011999999696854502
-7.327000005293478e-05,0.00011999999696854502
-7.326000005299556e-05,0.00011999999696854502
-7.325000005305633e-05,0.00011999999696854502
-7.324000005311711e-05,0.00011999999696854502
-7.323000005317788e-05,7.999999797903001e-05
-7.322000005323866e-05,0.00011999999696854502
-7.321000005329943e-05,0.00011999999696854502
-7.32000000533602e-05,0.00011999999696854502
-7.319000005342098e-05,7.999999797903001e-05
-7.318000005348176e-05,0.00011999999696854502
-7.317000005354253e-05,0.00011999999696854502
-7.31600000536033e-05,7.999999797903001e-05
-7.315000005366408e-05,0.00011999999696854502
-7.314000005372485e-05,0.00011999999696854502
-7.313000005378563e-05,0.00011999999696854502
-7.31200000538464e-05,0.00011999999696854502
-7.311000005390718e-05,7.999999797903001e-05
-7.310000005396795e-05,0.00011999999696854502
-7.309000005402873e-05,0.00011999999696854502
-7.30800000540895e-05,0.00011999999696854502
-7.307000005415028e-05,7.999999797903001e-05
-7.306000005421105e-05,0.00011999999696854502
-7.305000005427183e-05,0.00011999999696854502
-7.30400000543326e-05,0.00011999999696854502
-7.303000005439338e-05,0.00011999999696854502
-7.302000005445415e-05,0.00011999999696854502
-7.301000005451493e-05,0.00011999999696854502
-7.30000000545757e-05,0.00011999999696854502
-7.299000005463648e-05,0.00011999999696854502
-7.298000005469725e-05,0.00011999999696854502
-7.297000005475802e-05,0.00011999999696854502
-7.29600000548188e-05,0.00011999999696854502
-7.295000005487957e-05,0.00011999999696854502
-7.294000005494035e-05,0.00011999999696854502
-7.293000005500112e-05,0.00011999999696854502
-7.29200000550619e-05,0.00011999999696854502
-7.291000005512267e-05,0.00011999999696854502
-7.290000005518345e-05,0.00011999999696854502
-7.289000005524422e-05,0.00011999999696854502
-7.2880000055305e-05,0.00011999999696854502
-7.287000005536577e-05,0.00011999999696854502
-7.286000005542655e-05,0.00011999999696854502
-7.285000005548732e-05,0.00011999999696854502
-7.28400000555481e-05,0.00011999999696854502
-7.283000005560887e-05,0.00011999999696854502
-7.282000005566965e-05,0.00011999999696854502
-7.281000005573042e-05,0.00011999999696854502
-7.28000000557912e-05,0.00011999999696854502
-7.279000005585197e-05,0.00011999999696854502
-7.278000005591274e-05,0.00011999999696854502
-7.277000005597352e-05,7.999999797903001e-05
-7.27600000560343e-05,0.00011999999696854502
-7.275000005609507e-05,0.00011999999696854502
-7.274000005615584e-05,0.00011999999696854502
-7.273000005621662e-05,0.00011999999696854502
-7.272000005627739e-05,0.00011999999696854502
-7.271000005633817e-05,0.00011999999696854502
-7.270000005639894e-05,0.00011999999696854502
-7.269000005645972e-05,0.00011999999696854502
-7.268000005652049e-05,0.00011999999696854502
-7.267000005658127e-05,7.999999797903001e-05
-7.266000005664204e-05,7.999999797903001e-05
-7.265000005670282e-05,0.00011999999696854502
-7.264000005676359e-05,0.00011999999696854502
-7.263000005682436e-05,0.00011999999696854502
-7.262000005688514e-05,7.999999797903001e-05
-7.261000005694591e-05,0.00011999999696854502
-7.260000005700669e-05,0.00011999999696854502
-7.259000005706746e-05,0.00011999999696854502
-7.258000005712824e-05,7.999999797903001e-05
-7.257000005718901e-05,0.00011999999696854502
-7.256000005724979e-05,0.00011999999696854502
-7.255000005731056e-05,0.00011999999696854502
-7.254000005737134e-05,7.999999797903001e-05
-7.253000005743211e-05,0.00011999999696854502
-7.252000005749289e-05,0.00011999999696854502
-7.251000005755366e-05,0.00011999999696854502
-7.250000005761444e-05,7.999999797903001e-05
-7.249000005767521e-05,7.999999797903001e-05
-7.248000005773599e-05,0.00011999999696854502
-7.247000005779676e-05,0.00011999999696854502
-7.246000005785753e-05,0.00011999999696854502
-7.245000005791831e-05,0.00011999999696854502
-7.244000005797908e-05,0.00011999999696854502
-7.243000005803986e-05,0.00011999999696854502
-7.242000005810063e-05,0.00011999999696854502
-7.241000005816141e-05,0.00011999999696854502
-7.240000005822218e-05,0.00011999999696854502
-7.239000005828296e-05,0.00011999999696854502
-7.238000005834373e-05,0.00011999999696854502
-7.237000005840451e-05,0.00011999999696854502
-7.236000005846528e-05,0.00011999999696854502
-7.235000005852606e-05,0.00011999999696854502
-7.234000005858683e-05,0.00011999999696854502
-7.23300000586476e-05,0.00011999999696854502
-7.232000005870838e-05,0.00011999999696854502
-7.231000005876916e-05,0.00011999999696854502
-7.230000005882993e-05,0.00011999999696854502
-7.22900000588907e-05,0.00011999999696854502
-7.228000005895148e-05,0.00011999999696854502
-7.227000005901225e-05,0.00011999999696854502
-7.226000005907303e-05,0.00011999999696854502
-7.22500000591338e-05,7.999999797903001e-05
-7.224000005919458e-05,0.00011999999696854502
-7.223000005925535e-05,0.00011999999696854502
-7.222000005931613e-05,7.999999797903001e-05
-7.22100000593769e-05,7.999999797903001e-05
-7.220000005943768e-05,0.00011999999696854502
-7.219000005949845e-05,0.00011999999696854502
-7.218000005955923e-05,0.00011999999696854502
-7.217000005962e-05,0.00011999999696854502
-7.216000005968078e-05,0.00011999999696854502
-7.215000005974155e-05,0.00011999999696854502
-7.214000005980233e-05,0.00011999999696854502
-7.21300000598631e-05,7.999999797903001e-05
-7.212000005992388e-05,0.00011999999696854502
-7.211000005998465e-05,0.00011999999696854502
-7.210000006004542e-05,0.00011999999696854502
-7.20900000601062e-05,0.00011999999696854502
-7.208000006016697e-05,7.999999797903001e-05
-7.207000006022775e-05,0.00011999999696854502
-7.206000006028852e-05,0.00011999999696854502
-7.20500000603493e-05,0.00011999999696854502
-7.204000006041007e-05,0.00011999999696854502
-7.203000006047085e-05,0.00011999999696854502
-7.202000006053162e-05,0.00011999999696854502
-7.20100000605924e-05,7.999999797903001e-05
-7.200000006065317e-05,0.00011999999696854502
-7.199000006071395e-05,0.00011999999696854502
-7.198000006077472e-05,0.00011999999696854502
-7.19700000608355e-05,0.00011999999696854502
-7.196000006089627e-05,0.00011999999696854502
-7.195000006095705e-05,0.00011999999696854502
-7.194000006101782e-05,0.00011999999696854502
-7.19300000610786e-05,0.00011999999696854502
-7.192000006113937e-05,0.00011999999696854502
-7.191000006120014e-05,0.00011999999696854502
-7.190000006126092e-05,0.00011999999696854502
-7.18900000613217e-05,0.00011999999696854502
-7.188000006138247e-05,0.00011999999696854502
-7.187000006144324e-05,0.00011999999696854502
-7.186000006150402e-05,0.00011999999696854502
-7.185000006156479e-05,0.00011999999696854502
-7.184000006162557e-05,0.00011999999696854502
-7.183000006168634e-05,0.00011999999696854502
-7.182000006174712e-05,0.00011999999696854502
-7.181000006180789e-05,0.00011999999696854502
-7.180000006186867e-05,0.00011999999696854502
-7.179000006192944e-05,0.00011999999696854502
-7.178000006199022e-05,0.00011999999696854502
-7.177000006205099e-05,7.999999797903001e-05
-7.176000006211176e-05,0.00011999999696854502
-7.175000006217254e-05,0.00011999999696854502
-7.174000006223331e-05,0.00011999999696854502
-7.173000006229409e-05,0.00011999999696854502
-7.172000006235486e-05,7.999999797903001e-05
-7.171000006241564e-05,0.00011999999696854502
-7.170000006247641e-05,7.999999797903001e-05
-7.169000006253719e-05,0.00011999999696854502
-7.168000006259796e-05,3.9999998989515007e-05
-7.167000006265874e-05,0.00019999999494757503
-7.166000006271951e-05,0.00027999999292660505
-7.165000006278029e-05,0.0
-7.164000006284106e-05,-3.9999998989515007e-05
-7.163000006290184e-05,0.00011999999696854502
-7.162000006296261e-05,0.00015999999595806003
-7.161000006302339e-05,0.00019999999494757503
-7.160000006308416e-05,0.00015999999595806003
-7.159000006314493e-05,3.9999998989515007e-05
-7.158000006320571e-05,7.999999797903001e-05
-7.157000006326648e-05,0.00011999999696854502
-7.156000006332726e-05,0.00019999999494757503
-7.155000006338803e-05,0.00011999999696854502
-7.154000006344881e-05,7.999999797903001e-05
-7.153000006350958e-05,7.999999797903001e-05
-7.152000006357036e-05,0.00015999999595806003
-7.151000006363113e-05,0.00011999999696854502
-7.150000006369191e-05,7.999999797903001e-05
-7.149000006375268e-05,0.00011999999696854502
-7.148000006381346e-05,0.00015999999595806003
-7.147000006387423e-05,0.00011999999696854502
-7.1460000063935e-05,7.999999797903001e-05
-7.145000006399578e-05,7.999999797903001e-05
-7.144000006405656e-05,0.00015999999595806003
-7.143000006411733e-05,0.00015999999595806003
-7.14200000641781e-05,7.999999797903001e-05
-7.141000006423888e-05,7.999999797903001e-05
-7.140000006429965e-05,0.00011999999696854502
-7.139000006436043e-05,0.00015999999595806003
-7.13800000644212e-05,0.00011999999696854502
-7.137000006448198e-05,7.999999797903001e-05
-7.136000006454275e-05,0.00011999999696854502
-7.135000006460353e-05,0.00011999999696854502
-7.13400000646643e-05,7.999999797903001e-05
-7.133000006472508e-05,0.00011999999696854502
-7.132000006478585e-05,0.00011999999696854502
-7.131000006484663e-05,0.00015999999595806003
-7.13000000649074e-05,0.00011999999696854502
-7.129000006496818e-05,7.999999797903001e-05
-7.128000006502895e-05,0.00011999999696854502
-7.127000006508973e-05,0.00011999999696854502
-7.12600000651505e-05,0.00011999999696854502
-7.125000006521127e-05,0.00011999999696854502
-7.124000006527205e-05,0.00011999999696854502
-7.123000006533282e-05,7.999999797903001e-05
-7.12200000653936e-05,0.00011999999696854502
-7.121000006545437e-05,0.00011999999696854502
-7.120000006551515e-05,0.00011999999696854502
-7.119000006557592e-05,0.00011999999696854502
-7.11800000656367e-05,0.00011999999696854502
-7.117000006569747e-05,0.00011999999696854502
-7.116000006575825e-05,0.00011999999696854502
-7.115000006581902e-05,7.999999797903001e-05
-7.11400000658798e-05,0.00011999999696854502
-7.113000006594057e-05,0.00011999999696854502
-7.112000006600135e-05,0.00011999999696854502
-7.111000006606212e-05,0.00011999999696854502
-7.11000000661229e-05,0.00011999999696854502
-7.109000006618367e-05,0.00011999999696854502
-7.108000006624444e-05,0.00011999999696854502
-7.107000006630522e-05,0.00011999999696854502
-7.1060000066366e-05,0.00011999999696854502
-7.105000006642677e-05,0.00011999999696854502
-7.104000006648754e-05,0.00011999999696854502
-7.103000006654832e-05,0.00011999999696854502
-7.102000006660909e-05,0.00011999999696854502
-7.101000006666987e-05,0.00011999999696854502
-7.100000006673064e-05,0.00011999999696854502
-7.099000006679142e-05,7.999999797903001e-05
-7.098000006685219e-05,0.00011999999696854502
-7.097000006691297e-05,0.00011999999696854502
-7.096000006697374e-05,0.00011999999696854502
-7.095000006703452e-05,0.00011999999696854502
-7.094000006709529e-05,7.999999797903001e-05
-7.093000006715607e-05,0.00011999999696854502
-7.092000006721684e-05,0.00011999999696854502
-7.091000006727761e-05,0.00011999999696854502
-7.090000006733839e-05,0.00011999999696854502
-7.089000006739916e-05,7.999999797903001e-05
-7.088000006745994e-05,0.00011999999696854502
-7.087000006752071e-05,0.00011999999696854502
-7.086000006758149e-05,0.00011999999696854502
-7.085000006764226e-05,0.00011999999696854502
-7.084000006770304e-05,0.00011999999696854502
-7.083000006776381e-05,0.00011999999696854502
-7.082000006782459e-05,0.00011999999696854502
-7.081000006788536e-05,0.00011999999696854502
-7.080000006794614e-05,0.00011999999696854502
-7.079000006800691e-05,0.00011999999696854502
-7.078000006806769e-05,0.00011999999696854502
-7.077000006812846e-05,0.00015999999595806003
-7.076000006818924e-05,0.00011999999696854502
-7.075000006825001e-05,0.00011999999696854502
-7.074000006831079e-05,0.00015999999595806003
-7.073000006837156e-05,0.00015999999595806003
-7.072000006843233e-05,0.00015999999595806003
-7.071000006849311e-05,0.00015999999595806003
-7.070000006855388e-05,0.00019999999494757503
-7.069000006861466e-05,0.00019999999494757503
-7.068000006867543e-05,0.00023999999393709004
-7.067000006873621e-05,0.00023999999393709004
-7.066000006879698e-05,0.00027999999292660505
-7.065000006885776e-05,0.00031999999191612005
-7.064000006891853e-05,0.00031999999191612005
-7.063000006897931e-05,0.00035999999090563506
-7.062000006904008e-05,0.00039999998989515007
-7.061000006910086e-05,0.00043999998888466507
-7.060000006916163e-05,0.0004799999878741801
-7.05900000692224e-05,0.0005199999868636951
-7.058000006928318e-05,0.0005599999858532101
-7.057000006934396e-05,0.0005999999848427251
-7.056000006940473e-05,0.0006799999828217551
-7.05500000694655e-05,0.0007199999818112701
-7.054000006952628e-05,0.0007599999808007851
-7.053000006958705e-05,0.0007999999797903001
-7.052000006964783e-05,0.0008799999777693301
-7.05100000697086e-05,0.0009199999767588452
-7.050000006976938e-05,0.0009599999757483602
-7.049000006983015e-05,0.0009999999747378752
-7.048000006989093e-05,0.0010399999737273902
-7.04700000699517e-05,0.0010799999727169052
-7.046000007001248e-05,0.0011199999717064202
-7.045000007007325e-05,0.0011599999706959352
-7.044000007013403e-05,0.0011999999696854502
-7.04300000701948e-05,0.0011999999696854502
-7.042000007025558e-05,0.0012399999686749652
-7.041000007031635e-05,0.0012799999676644802
-7.040000007037713e-05,0.0013199999666539952
-7.03900000704379e-05,0.0013199999666539952
-7.038000007049867e-05,0.0013199999666539952
-7.037000007055945e-05,0.0013599999656435102
-7.036000007062022e-05,0.0013599999656435102
-7.0350000070681e-05,0.0013599999656435102
-7.034000007074177e-05,0.0013599999656435102
-7.033000007080255e-05,0.0013599999656435102
-7.032000007086332e-05,0.0013599999656435102
-7.03100000709241e-05,0.0013599999656435102
-7.030000007098487e-05,0.0013199999666539952
-7.029000007104565e-05,0.0013199999666539952
-7.028000007110642e-05,0.0013199999666539952
-7.02700000711672e-05,0.0012799999676644802
-7.026000007122797e-05,0.0012799999676644802
-7.025000007128875e-05,0.0012399999686749652
-7.024000007134952e-05,0.0011999999696854502
-7.02300000714103e-05,0.0011599999706959352
-7.022000007147107e-05,0.0011199999717064202
-7.021000007153184e-05,0.0010799999727169052
-7.020000007159262e-05,0.0010399999737273902
-7.01900000716534e-05,0.0009999999747378752
-7.018000007171417e-05,0.0009599999757483602
-7.017000007177494e-05,0.0008799999777693301
-7.016000007183572e-05,0.0008799999777693301
-7.015000007189649e-05,0.0007999999797903001
-7.014000007195727e-05,0.0007599999808007851
-7.013000007201804e-05,0.0007199999818112701
-7.012000007207882e-05,0.0006399999838322401
-7.011000007213959e-05,0.0005999999848427251
-7.010000007220037e-05,0.0005199999868636951
-7.009000007226114e-05,0.0004799999878741801
-7.008000007232192e-05,0.00043999998888466507
-7.007000007238269e-05,0.00039999998989515007
-7.006000007244347e-05,0.00039999998989515007
-7.005000007250424e-05,0.00035999999090563506
-7.004000007256501e-05,0.00031999999191612005
-7.003000007262579e-05,0.00027999999292660505
-7.002000007268656e-05,0.00023999999393709004
-7.001000007274734e-05,0.00023999999393709004
-7.000000007280811e-05,0.00023999999393709004
-6.999000007286889e-05,0.00023999999393709004
-6.998000007292966e-05,0.00019999999494757503
-6.997000007299044e-05,0.00019999999494757503
-6.996000007305121e-05,0.00015999999595806003
-6.995000007311199e-05,0.00019999999494757503
-6.994000007317276e-05,0.00015999999595806003
-6.993000007323354e-05,0.00015999999595806003
-6.992000007329431e-05,0.00011999999696854502
-6.991000007335509e-05,0.00015999999595806003
-6.990000007341586e-05,0.00011999999696854502
-6.989000007347664e-05,0.00011999999696854502
-6.988000007353741e-05,0.00011999999696854502
-6.987000007359818e-05,0.00011999999696854502
-6.986000007365896e-05,0.00011999999696854502
-6.985000007371973e-05,0.00011999999696854502
-6.984000007378051e-05,0.00011999999696854502
-6.983000007384128e-05,0.00011999999696854502
-6.982000007390206e-05,0.00011999999696854502
-6.981000007396283e-05,0.00011999999696854502
-6.980000007402361e-05,0.00011999999696854502
-6.979000007408438e-05,0.00011999999696854502
-6.978000007414516e-05,0.00011999999696854502
-6.977000007420593e-05,0.00011999999696854502
-6.97600000742667e-05,0.00011999999696854502
-6.975000007432748e-05,0.00011999999696854502
-6.974000007438826e-05,0.00011999999696854502
-6.973000007444903e-05,0.00011999999696854502
-6.97200000745098e-05,0.00011999999696854502
-6.971000007457058e-05,0.00011999999696854502
-6.970000007463135e-05,0.00011999999696854502
-6.969000007469213e-05,0.00011999999696854502
-6.96800000747529e-05,0.00011999999696854502
-6.967000007481368e-05,0.00011999999696854502
-6.966000007487445e-05,0.00011999999696854502
-6.965000007493523e-05,0.00011999999696854502
-6.9640000074996e-05,0.00011999999696854502
-6.963000007505678e-05,0.00011999999696854502
-6.962000007511755e-05,0.00011999999696854502
-6.961000007517833e-05,0.00011999999696854502
-6.96000000752391e-05,0.00011999999696854502
-6.959000007529988e-05,0.00011999999696854502
-6.958000007536065e-05,0.00011999999696854502
-6.957000007542143e-05,7.999999797903001e-05
-6.95600000754822e-05,0.00011999999696854502
-6.955000007554298e-05,0.00011999999696854502
-6.954000007560375e-05,0.00011999999696854502
-6.953000007566452e-05,0.00011999999696854502
-6.95200000757253e-05,0.00011999999696854502
-6.951000007578607e-05,0.00011999999696854502
-6.950000007584685e-05,0.00011999999696854502
-6.949000007590762e-05,0.00011999999696854502
-6.94800000759684e-05,0.00011999999696854502
-6.947000007602917e-05,0.00011999999696854502
-6.946000007608995e-05,0.00011999999696854502
-6.945000007615072e-05,0.00011999999696854502
-6.94400000762115e-05,0.00011999999696854502
-6.943000007627227e-05,0.00011999999696854502
-6.942000007633305e-05,0.00011999999696854502
-6.941000007639382e-05,0.00011999999696854502
-6.94000000764546e-05,0.00011999999696854502
-6.939000007651537e-05,0.00011999999696854502
-6.938000007657615e-05,0.00011999999696854502
-6.937000007663692e-05,0.00011999999696854502
-6.93600000766977e-05,0.00011999999696854502
-6.935000007675847e-05,0.00011999999696854502
-6.934000007681924e-05,0.00011999999696854502
-6.933000007688002e-05,0.00011999999696854502
-6.93200000769408e-05,0.00011999999696854502
-6.931000007700157e-05,0.00011999999696854502
-6.930000007706234e-05,0.00011999999696854502
-6.929000007712312e-05,0.00011999999696854502
-6.928000007718389e-05,0.00011999999696854502
-6.927000007724467e-05,0.00011999999696854502
-6.926000007730544e-05,0.00011999999696854502
-6.925000007736622e-05,0.00011999999696854502
-6.924000007742699e-05,0.00011999999696854502
-6.923000007748777e-05,0.00011999999696854502
-6.922000007754854e-05,0.00011999999696854502
-6.921000007760932e-05,0.00011999999696854502
-6.920000007767009e-05,0.00011999999696854502
-6.919000007773087e-05,0.00011999999696854502
-6.918000007779164e-05,0.00011999999696854502
-6.917000007785241e-05,0.00011999999696854502
-6.916000007791319e-05,0.00011999999696854502
-6.915000007797396e-05,0.00011999999696854502
-6.914000007803474e-05,0.00011999999696854502
-6.913000007809551e-05,0.00011999999696854502
-6.912000007815629e-05,0.00011999999696854502
-6.911000007821706e-05,0.00011999999696854502
-6.910000007827784e-05,0.00011999999696854502
-6.909000007833861e-05,0.00011999999696854502
-6.908000007839939e-05,7.999999797903001e-05
-6.907000007846016e-05,0.00011999999696854502
-6.906000007852094e-05,0.00011999999696854502
-6.905000007858171e-05,0.00011999999696854502
-6.904000007864249e-05,0.00011999999696854502
-6.903000007870326e-05,0.00011999999696854502
-6.902000007876404e-05,0.00011999999696854502
-6.901000007882481e-05,0.00011999999696854502
-6.900000007888558e-05,0.00011999999696854502
-6.899000007894636e-05,0.00011999999696854502
-6.898000007900713e-05,0.00011999999696854502
-6.897000007906791e-05,0.00011999999696854502
-6.896000007912868e-05,0.00011999999696854502
-6.895000007918946e-05,0.00011999999696854502
-6.894000007925023e-05,0.00011999999696854502
-6.893000007931101e-05,0.00011999999696854502
-6.892000007937178e-05,0.00011999999696854502
-6.891000007943256e-05,0.00011999999696854502
-6.890000007949333e-05,0.00011999999696854502
-6.88900000795541e-05,0.00011999999696854502
-6.888000007961488e-05,0.00011999999696854502
-6.887000007967566e-05,0.00011999999696854502
-6.886000007973643e-05,0.00011999999696854502
-6.88500000797972e-05,0.00011999999696854502
-6.884000007985798e-05,0.00011999999696854502
-6.883000007991875e-05,0.00011999999696854502
-6.882000007997953e-05,0.00011999999696854502
-6.88100000800403e-05,0.00011999999696854502
-6.880000008010108e-05,0.00011999999696854502
-6.879000008016185e-05,0.00011999999696854502
-6.878000008022263e-05,0.00011999999696854502
-6.87700000802834e-05,0.00011999999696854502
-6.876000008034418e-05,0.00011999999696854502
-6.875000008040495e-05,0.00011999999696854502
-6.874000008046573e-05,0.00011999999696854502
-6.87300000805265e-05,0.00011999999696854502
-6.872000008058728e-05,0.00011999999696854502
-6.871000008064805e-05,0.00011999999696854502
-6.870000008070883e-05,0.00011999999696854502
-6.86900000807696e-05,0.00011999999696854502
-6.868000008083038e-05,0.00011999999696854502
-6.867000008089115e-05,7.999999797903001e-05
-6.866000008095192e-05,0.00011999999696854502
-6.86500000810127e-05,0.00011999999696854502
-6.864000008107347e-05,0.00011999999696854502
-6.863000008113425e-05,0.00011999999696854502
-6.862000008119502e-05,0.00011999999696854502
-6.86100000812558e-05,0.00011999999696854502
-6.860000008131657e-05,0.00011999999696854502
-6.859000008137735e-05,7.999999797903001e-05
-6.858000008143812e-05,0.00011999999696854502
-6.85700000814989e-05,0.00011999999696854502
-6.856000008155967e-05,0.00011999999696854502
-6.855000008162045e-05,0.00011999999696854502
-6.854000008168122e-05,7.999999797903001e-05
-6.8530000081742e-05,0.00011999999696854502
-6.852000008180277e-05,0.00011999999696854502
-6.851000008186355e-05,0.00011999999696854502
-6.850000008192432e-05,0.00011999999696854502
-6.84900000819851e-05,0.00011999999696854502
-6.848000008204587e-05,0.00011999999696854502
-6.847000008210664e-05,0.00011999999696854502
-6.846000008216742e-05,0.00011999999696854502
-6.84500000822282e-05,0.00011999999696854502
-6.844000008228897e-05,0.00011999999696854502
-6.843000008234974e-05,0.00011999999696854502
-6.842000008241052e-05,0.00011999999696854502
-6.841000008247129e-05,0.00011999999696854502
-6.840000008253207e-05,0.00011999999696854502
-6.839000008259284e-05,0.00011999999696854502
-6.838000008265362e-05,0.00011999999696854502
-6.837000008271439e-05,0.00011999999696854502
-6.836000008277517e-05,0.00011999999696854502
-6.835000008283594e-05,0.00011999999696854502
-6.834000008289672e-05,0.00011999999696854502
-6.833000008295749e-05,0.00011999999696854502
-6.832000008301826e-05,0.00011999999696854502
-6.831000008307904e-05,7.999999797903001e-05
-6.830000008313981e-05,0.00011999999696854502
-6.829000008320059e-05,0.00011999999696854502
-6.828000008326136e-05,0.00011999999696854502
-6.827000008332214e-05,0.00011999999696854502
-6.826000008338291e-05,0.00011999999696854502
-6.825000008344369e-05,0.00011999999696854502
-6.824000008350446e-05,0.00011999999696854502
-6.823000008356524e-05,0.00011999999696854502
-6.822000008362601e-05,0.00011999999696854502
-6.821000008368679e-05,0.00011999999696854502
-6.820000008374756e-05,0.00011999999696854502
-6.819000008380834e-05,0.00011999999696854502
-6.818000008386911e-05,0.00011999999696854502
-6.817000008392989e-05,0.00011999999696854502
-6.816000008399066e-05,0.00011999999696854502
-6.815000008405143e-05,0.00011999999696854502
-6.814000008411221e-05,0.00011999999696854502
-6.813000008417298e-05,0.00011999999696854502
-6.812000008423376e-05,0.00011999999696854502
-6.811000008429453e-05,0.00011999999696854502
-6.810000008435531e-05,0.00011999999696854502
-6.809000008441608e-05,0.00011999999696854502
-6.808000008447686e-05,0.00011999999696854502
-6.807000008453763e-05,0.00011999999696854502
-6.806000008459841e-05,0.00011999999696854502
-6.805000008465918e-05,0.00011999999696854502
-6.804000008471996e-05,0.00011999999696854502
-6.803000008478073e-05,0.00011999999696854502
-6.80200000848415e-05,0.00011999999696854502
-6.801000008490228e-05,0.00011999999696854502
-6.800000008496306e-05,0.00011999999696854502
-6.799000008502383e-05,0.00011999999696854502
-6.79800000850846e-05,0.00011999999696854502
-6.797000008514538e-05,0.00011999999696854502
-6.796000008520615e-05,0.00011999999696854502
-6.795000008526693e-05,0.00011999999696854502
-6.79400000853277e-05,0.00011999999696854502
-6.793000008538848e-05,0.00011999999696854502
-6.792000008544925e-05,0.00011999999696854502
-6.791000008551003e-05,7.999999797903001e-05
-6.79000000855708e-05,7.999999797903001e-05
-6.789000008563158e-05,0.00011999999696854502
-6.788000008569235e-05,0.00011999999696854502
-6.787000008575313e-05,0.00011999999696854502
-6.78600000858139e-05,0.00011999999696854502
-6.785000008587468e-05,0.00011999999696854502
-6.784000008593545e-05,0.00011999999696854502
-6.783000008599623e-05,0.00011999999696854502
-6.7820000086057e-05,0.00011999999696854502
-6.781000008611777e-05,0.00011999999696854502
-6.780000008617855e-05,0.00011999999696854502
-6.779000008623932e-05,0.00011999999696854502
-6.77800000863001e-05,0.00011999999696854502
-6.777000008636087e-05,0.00011999999696854502
-6.776000008642165e-05,0.00011999999696854502
-6.775000008648242e-05,0.00011999999696854502
-6.77400000865432e-05,0.00011999999696854502
-6.773000008660397e-05,0.00011999999696854502
-6.772000008666475e-05,0.00011999999696854502
-6.771000008672552e-05,0.00011999999696854502
-6.77000000867863e-05,0.00011999999696854502
-6.769000008684707e-05,0.00011999999696854502
-6.768000008690785e-05,0.00011999999696854502
-6.767000008696862e-05,0.00011999999696854502
-6.76600000870294e-05,0.00011999999696854502
-6.765000008709017e-05,0.00011999999696854502
-6.764000008715095e-05,0.00011999999696854502
-6.763000008721172e-05,0.00011999999696854502
-6.76200000872725e-05,0.00011999999696854502
-6.761000008733327e-05,0.00011999999696854502
-6.760000008739404e-05,0.00011999999696854502
-6.759000008745482e-05,0.00011999999696854502
-6.75800000875156e-05,0.00011999999696854502
-6.757000008757637e-05,0.00011999999696854502
-6.756000008763714e-05,0.00011999999696854502
-6.755000008769792e-05,0.00011999999696854502
-6.754000008775869e-05,0.00011999999696854502
-6.753000008781947e-05,0.00011999999696854502
-6.752000008788024e-05,0.00011999999696854502
-6.751000008794102e-05,0.00011999999696854502
-6.750000008800179e-05,0.00011999999696854502
-6.749000008806257e-05,0.00011999999696854502
-6.748000008812334e-05,0.00011999999696854502
-6.747000008818412e-05,0.00011999999696854502
-6.746000008824489e-05,0.00011999999696854502
-6.745000008830566e-05,0.00011999999696854502
-6.744000008836644e-05,0.00011999999696854502
-6.743000008842721e-05,0.00011999999696854502
-6.742000008848799e-05,0.00011999999696854502
-6.741000008854876e-05,0.00011999999696854502
-6.740000008860954e-05,0.00011999999696854502
-6.739000008867031e-05,0.00011999999696854502
-6.738000008873109e-05,0.00011999999696854502
-6.737000008879186e-05,7.999999797903001e-05
-6.736000008885264e-05,7.999999797903001e-05
-6.735000008891341e-05,0.00011999999696854502
-6.734000008897419e-05,0.00011999999696854502
-6.733000008903496e-05,0.00011999999696854502
-6.732000008909574e-05,0.00011999999696854502
-6.731000008915651e-05,0.00011999999696854502
-6.730000008921729e-05,0.00011999999696854502
-6.729000008927806e-05,7.999999797903001e-05
-6.728000008933883e-05,0.00011999999696854502
-6.727000008939961e-05,0.00011999999696854502
-6.726000008946038e-05,0.00011999999696854502
-6.725000008952116e-05,0.00011999999696854502
-6.724000008958193e-05,0.00011999999696854502
-6.723000008964271e-05,0.00011999999696854502
-6.722000008970348e-05,0.00011999999696854502
-6.721000008976426e-05,0.00011999999696854502
-6.720000008982503e-05,0.00011999999696854502
-6.719000008988581e-05,0.00011999999696854502
-6.718000008994658e-05,0.00011999999696854502
-6.717000009000736e-05,0.00011999999696854502
-6.716000009006813e-05,0.00011999999696854502
-6.71500000901289e-05,0.00011999999696854502
-6.714000009018968e-05,0.00011999999696854502
-6.713000009025046e-05,0.00011999999696854502
-6.712000009031123e-05,0.00011999999696854502
-6.7110000090372e-05,0.00011999999696854502
-6.710000009043278e-05,0.00011999999696854502
-6.709000009049355e-05,0.00011999999696854502
-6.708000009055433e-05,7.999999797903001e-05
-6.70700000906151e-05,0.00011999999696854502
-6.706000009067588e-05,0.00011999999696854502
-6.705000009073665e-05,0.00011999999696854502
-6.704000009079743e-05,0.00011999999696854502
-6.70300000908582e-05,0.00011999999696854502
-6.702000009091898e-05,0.00011999999696854502
-6.701000009097975e-05,0.00011999999696854502
-6.700000009104053e-05,0.00011999999696854502
-6.69900000911013e-05,0.00011999999696854502
-6.698000009116208e-05,0.00011999999696854502
-6.697000009122285e-05,0.00011999999696854502
-6.696000009128363e-05,0.00011999999696854502
-6.69500000913444e-05,0.00011999999696854502
-6.694000009140517e-05,0.00011999999696854502
-6.693000009146595e-05,0.00011999999696854502
-6.692000009152672e-05,0.00011999999696854502
-6.69100000915875e-05,0.00011999999696854502
-6.690000009164827e-05,0.00011999999696854502
-6.689000009170905e-05,0.00011999999696854502
-6.688000009176982e-05,0.00011999999696854502
-6.68700000918306e-05,0.00011999999696854502
-6.686000009189137e-05,0.00011999999696854502
-6.685000009195215e-05,0.00011999999696854502
-6.684000009201292e-05,7.999999797903001e-05
-6.68300000920737e-05,7.999999797903001e-05
-6.682000009213447e-05,0.00011999999696854502
-6.681000009219525e-05,0.00011999999696854502
-6.680000009225602e-05,0.00011999999696854502
-6.67900000923168e-05,0.00011999999696854502
-6.678000009237757e-05,0.00011999999696854502
-6.677000009243834e-05,0.00011999999696854502
-6.676000009249912e-05,7.999999797903001e-05
-6.67500000925599e-05,0.00011999999696854502
-6.674000009262067e-05,0.00011999999696854502
-6.673000009268144e-05,0.00011999999696854502
-6.672000009274222e-05,0.00011999999696854502
-6.671000009280299e-05,0.00011999999696854502
-6.670000009286377e-05,0.00011999999696854502
-6.669000009292454e-05,0.00011999999696854502
-6.668000009298532e-05,0.00011999999696854502
-6.667000009304609e-05,0.00011999999696854502
-6.666000009310687e-05,0.00011999999696854502
-6.665000009316764e-05,0.00011999999696854502
-6.664000009322842e-05,0.00011999999696854502
-6.663000009328919e-05,0.00011999999696854502
-6.662000009334997e-05,0.00011999999696854502
-6.661000009341074e-05,0.00011999999696854502
-6.660000009347151e-05,0.00011999999696854502
-6.659000009353229e-05,0.00011999999696854502
-6.658000009359306e-05,0.00011999999696854502
-6.657000009365384e-05,0.00011999999696854502
-6.656000009371461e-05,0.00011999999696854502
-6.655000009377539e-05,0.00011999999696854502
-6.654000009383616e-05,0.00011999999696854502
-6.653000009389694e-05,0.00011999999696854502
-6.652000009395771e-05,0.00011999999696854502
-6.651000009401849e-05,7.999999797903001e-05
-6.650000009407926e-05,0.00011999999696854502
-6.649000009414004e-05,0.00011999999696854502
-6.648000009420081e-05,0.00011999999696854502
-6.647000009426159e-05,0.00011999999696854502
-6.646000009432236e-05,0.00011999999696854502
-6.645000009438314e-05,0.00011999999696854502
-6.644000009444391e-05,0.00011999999696854502
-6.643000009450468e-05,0.00011999999696854502
-6.642000009456546e-05,0.00011999999696854502
-6.641000009462623e-05,0.00011999999696854502
-6.640000009468701e-05,0.00011999999696854502
-6.639000009474778e-05,0.00011999999696854502
-6.638000009480856e-05,0.00011999999696854502
-6.637000009486933e-05,0.00011999999696854502
-6.636000009493011e-05,0.00011999999696854502
-6.635000009499088e-05,7.999999797903001e-05
-6.634000009505166e-05,0.00011999999696854502
-6.633000009511243e-05,0.00011999999696854502
-6.63200000951732e-05,0.00011999999696854502
-6.631000009523398e-05,0.00011999999696854502
-6.630000009529476e-05,0.00011999999696854502
-6.629000009535553e-05,0.00011999999696854502
-6.62800000954163e-05,0.00011999999696854502
-6.627000009547708e-05,7.999999797903001e-05
-6.626000009553785e-05,0.00011999999696854502
-6.625000009559863e-05,0.00011999999696854502
-6.62400000956594e-05,0.00011999999696854502
-6.623000009572018e-05,0.00011999999696854502
-6.622000009578095e-05,0.00011999999696854502
-6.621000009584173e-05,0.00011999999696854502
-6.62000000959025e-05,0.00011999999696854502
-6.619000009596328e-05,0.00011999999696854502
-6.618000009602405e-05,0.00011999999696854502
-6.617000009608483e-05,0.00011999999696854502
-6.61600000961456e-05,0.00011999999696854502
-6.615000009620638e-05,0.00011999999696854502
-6.614000009626715e-05,0.00011999999696854502
-6.613000009632793e-05,0.00011999999696854502
-6.61200000963887e-05,0.00011999999696854502
-6.611000009644948e-05,0.00011999999696854502
-6.610000009651025e-05,0.00011999999696854502
-6.609000009657103e-05,0.00011999999696854502
-6.60800000966318e-05,0.00011999999696854502
-6.607000009669257e-05,0.00011999999696854502
-6.606000009675335e-05,0.00011999999696854502
-6.605000009681412e-05,0.00011999999696854502
-6.60400000968749e-05,0.00011999999696854502
-6.603000009693567e-05,0.00011999999696854502
-6.602000009699645e-05,0.00011999999696854502
-6.601000009705722e-05,0.00011999999696854502
-6.6000000097118e-05,0.00011999999696854502
-6.599000009717877e-05,0.00011999999696854502
-6.598000009723955e-05,0.00011999999696854502
-6.597000009730032e-05,0.00011999999696854502
-6.59600000973611e-05,0.00011999999696854502
-6.595000009742187e-05,0.00011999999696854502
-6.594000009748265e-05,0.00011999999696854502
-6.593000009754342e-05,0.00011999999696854502
-6.59200000976042e-05,0.00011999999696854502
-6.591000009766497e-05,0.00011999999696854502
-6.590000009772574e-05,0.00011999999696854502
-6.589000009778652e-05,0.00011999999696854502
-6.58800000978473e-05,0.00015999999595806003
-6.587000009790807e-05,0.00011999999696854502
-6.586000009796884e-05,0.00011999999696854502
-6.585000009802962e-05,0.00011999999696854502
-6.584000009809039e-05,0.00011999999696854502
-6.583000009815117e-05,0.00011999999696854502
-6.582000009821194e-05,0.00011999999696854502
-6.581000009827272e-05,0.00011999999696854502
-6.580000009833349e-05,0.00011999999696854502
-6.579000009839427e-05,0.00011999999696854502
-6.578000009845504e-05,0.00011999999696854502
-6.577000009851582e-05,0.00011999999696854502
-6.576000009857659e-05,0.00011999999696854502
-6.575000009863737e-05,0.00011999999696854502
-6.574000009869814e-05,0.00011999999696854502
-6.573000009875891e-05,0.00011999999696854502
-6.572000009881969e-05,0.00011999999696854502
-6.571000009888046e-05,0.00011999999696854502
-6.570000009894124e-05,0.00011999999696854502
-6.569000009900201e-05,0.00011999999696854502
-6.568000009906279e-05,0.00011999999696854502
-6.567000009912356e-05,0.00011999999696854502
-6.566000009918434e-05,0.00011999999696854502
-6.565000009924511e-05,0.00011999999696854502
-6.564000009930589e-05,0.00011999999696854502
-6.563000009936666e-05,0.00011999999696854502
-6.562000009942744e-05,0.00011999999696854502
-6.561000009948821e-05,0.00011999999696854502
-6.560000009954899e-05,0.00011999999696854502
-6.559000009960976e-05,0.00011999999696854502
-6.558000009967054e-05,0.00011999999696854502
-6.557000009973131e-05,0.00011999999696854502
-6.556000009979208e-05,0.00011999999696854502
-6.555000009985286e-05,0.00011999999696854502
-6.554000009991363e-05,0.00011999999696854502
-6.553000009997441e-05,0.00011999999696854502
-6.552000010003518e-05,0.00011999999696854502
-6.551000010009596e-05,0.00011999999696854502
-6.550000010015673e-05,0.00011999999696854502
-6.549000010021751e-05,0.00011999999696854502
-6.548000010027828e-05,0.00011999999696854502
-6.547000010033906e-05,0.00011999999696854502
-6.546000010039983e-05,0.00011999999696854502
-6.54500001004606e-05,0.00011999999696854502
-6.544000010052138e-05,0.00011999999696854502
-6.543000010058216e-05,0.00011999999696854502
-6.542000010064293e-05,0.00011999999696854502
-6.54100001007037e-05,0.00011999999696854502
-6.540000010076448e-05,0.00011999999696854502
-6.539000010082525e-05,0.00011999999696854502
-6.538000010088603e-05,0.00011999999696854502
-6.53700001009468e-05,0.00011999999696854502
-6.536000010100758e-05,0.00015999999595806003
-6.535000010106835e-05,0.00011999999696854502
-6.534000010112913e-05,0.00011999999696854502
-6.53300001011899e-05,0.00011999999696854502
-6.532000010125068e-05,0.00011999999696854502
-6.531000010131145e-05,0.00011999999696854502
-6.530000010137223e-05,0.00011999999696854502
-6.5290000101433e-05,0.00011999999696854502
-6.528000010149378e-05,0.00011999999696854502
-6.527000010155455e-05,0.00011999999696854502
-6.526000010161533e-05,0.00011999999696854502
-6.52500001016761e-05,0.00011999999696854502
-6.524000010173688e-05,0.00011999999696854502
-6.523000010179765e-05,0.00011999999696854502
-6.522000010185842e-05,0.00011999999696854502
-6.52100001019192e-05,0.00011999999696854502
-6.520000010197997e-05,0.00011999999696854502
-6.519000010204075e-05,0.00011999999696854502
-6.518000010210152e-05,0.00011999999696854502
-6.51700001021623e-05,0.00011999999696854502
-6.516000010222307e-05,0.00011999999696854502
-6.515000010228385e-05,0.00011999999696854502
-6.514000010234462e-05,0.00011999999696854502
-6.51300001024054e-05,0.00011999999696854502
-6.512000010246617e-05,0.00011999999696854502
-6.511000010252695e-05,0.00011999999696854502
-6.510000010258772e-05,0.00011999999696854502
-6.50900001026485e-05,0.00011999999696854502
-6.508000010270927e-05,0.00011999999696854502
-6.507000010277005e-05,0.00011999999696854502
-6.506000010283082e-05,0.00011999999696854502
-6.50500001028916e-05,0.00011999999696854502
-6.504000010295237e-05,0.00011999999696854502
-6.503000010301314e-05,0.00011999999696854502
-6.502000010307392e-05,0.00011999999696854502
-6.50100001031347e-05,0.00011999999696854502
-6.500000010319547e-05,0.00011999999696854502
-6.499000010325624e-05,0.00011999999696854502
-6.498000010331702e-05,0.00011999999696854502
-6.497000010337779e-05,0.00011999999696854502
-6.496000010343857e-05,0.00011999999696854502
-6.495000010349934e-05,0.00011999999696854502
-6.494000010356012e-05,0.00011999999696854502
-6.493000010362089e-05,0.00011999999696854502
-6.492000010368167e-05,0.00011999999696854502
-6.491000010374244e-05,0.00011999999696854502
-6.490000010380322e-05,0.00011999999696854502
-6.489000010386399e-05,0.00011999999696854502
-6.488000010392476e-05,0.00011999999696854502
-6.487000010398554e-05,0.00011999999696854502
-6.486000010404631e-05,0.00011999999696854502
-6.485000010410709e-05,0.00011999999696854502
-6.484000010416786e-05,0.00011999999696854502
-6.483000010422864e-05,0.00011999999696854502
-6.482000010428941e-05,0.00015999999595806003
-6.481000010435019e-05,0.00011999999696854502
-6.480000010441096e-05,0.00011999999696854502
-6.479000010447174e-05,0.00011999999696854502
-6.478000010453251e-05,0.00011999999696854502
-6.477000010459329e-05,0.00011999999696854502
-6.476000010465406e-05,0.00011999999696854502
-6.475000010471484e-05,0.00011999999696854502
-6.474000010477561e-05,0.00011999999696854502
-6.473000010483639e-05,0.00011999999696854502
-6.472000010489716e-05,7.999999797903001e-05
-6.471000010495793e-05,0.00011999999696854502
-6.470000010501871e-05,0.00011999999696854502
-6.469000010507948e-05,0.00011999999696854502
-6.468000010514026e-05,0.00011999999696854502
-6.467000010520103e-05,0.00011999999696854502
-6.466000010526181e-05,0.00011999999696854502
-6.465000010532258e-05,0.00011999999696854502
-6.464000010538336e-05,0.00011999999696854502
-6.463000010544413e-05,0.00011999999696854502
-6.462000010550491e-05,0.00011999999696854502
-6.461000010556568e-05,0.00011999999696854502
-6.460000010562646e-05,7.999999797903001e-05
-6.459000010568723e-05,0.00011999999696854502
-6.4580000105748e-05,0.00011999999696854502
-6.457000010580878e-05,0.00011999999696854502
-6.456000010586956e-05,0.00011999999696854502
-6.455000010593033e-05,0.00011999999696854502
-6.45400001059911e-05,0.00011999999696854502
-6.453000010605188e-05,0.00011999999696854502
-6.452000010611265e-05,0.00011999999696854502
-6.451000010617343e-05,0.00011999999696854502
-6.45000001062342e-05,0.00011999999696854502
-6.449000010629498e-05,0.00011999999696854502
-6.448000010635575e-05,0.00011999999696854502
-6.447000010641653e-05,0.00011999999696854502
-6.44600001064773e-05,0.00015999999595806003
-6.445000010653808e-05,0.00011999999696854502
-6.444000010659885e-05,0.00011999999696854502
-6.443000010665963e-05,0.00011999999696854502
-6.44200001067204e-05,0.00011999999696854502
-6.441000010678118e-05,0.00015999999595806003
-6.440000010684195e-05,0.00011999999696854502
-6.439000010690273e-05,0.00011999999696854502
-6.43800001069635e-05,0.00011999999696854502
-6.437000010702428e-05,0.00011999999696854502
-6.436000010708505e-05,0.00011999999696854502
-6.435000010714582e-05,0.00011999999696854502
-6.43400001072066e-05,0.00011999999696854502
-6.433000010726737e-05,0.00011999999696854502
-6.432000010732815e-05,0.00011999999696854502
-6.431000010738892e-05,0.00011999999696854502
-6.43000001074497e-05,0.00011999999696854502
-6.429000010751047e-05,0.00015999999595806003
-6.428000010757125e-05,0.00011999999696854502
-6.427000010763202e-05,0.00011999999696854502
-6.42600001076928e-05,0.00011999999696854502
-6.425000010775357e-05,0.00011999999696854502
-6.424000010781435e-05,0.00011999999696854502
-6.423000010787512e-05,0.00011999999696854502
-6.42200001079359e-05,0.00011999999696854502
-6.421000010799667e-05,0.00011999999696854502
-6.420000010805745e-05,0.00011999999696854502
-6.419000010811822e-05,0.00011999999696854502
-6.4180000108179e-05,0.00011999999696854502
-6.417000010823977e-05,0.00011999999696854502
-6.416000010830054e-05,0.00011999999696854502
-6.415000010836132e-05,0.00011999999696854502
-6.41400001084221e-05,0.00011999999696854502
-6.413000010848287e-05,0.00011999999696854502
-6.412000010854364e-05,0.00011999999696854502
-6.411000010860442e-05,0.00011999999696854502
-6.410000010866519e-05,0.00011999999696854502
-6.409000010872597e-05,0.00011999999696854502
-6.408000010878674e-05,0.00011999999696854502
-6.407000010884752e-05,0.00011999999696854502
-6.406000010890829e-05,0.00011999999696854502
-6.405000010896907e-05,0.00011999999696854502
-6.404000010902984e-05,0.00011999999696854502
-6.403000010909062e-05,0.00011999999696854502
-6.402000010915139e-05,0.00011999999696854502
-6.401000010921216e-05,0.00015999999595806003
-6.400000010927294e-05,0.00011999999696854502
-6.399000010933371e-05,0.00011999999696854502
-6.398000010939449e-05,0.00011999999696854502
-6.397000010945526e-05,0.00011999999696854502
-6.396000010951604e-05,0.00011999999696854502
-6.395000010957681e-05,0.00011999999696854502
-6.394000010963759e-05,0.00011999999696854502
-6.393000010969836e-05,0.00011999999696854502
-6.392000010975914e-05,0.00015999999595806003
-6.391000010981991e-05,0.00011999999696854502
-6.390000010988069e-05,0.00011999999696854502
-6.389000010994146e-05,0.00011999999696854502
-6.388000011000224e-05,0.00011999999696854502
-6.387000011006301e-05,0.00011999999696854502
-6.386000011012379e-05,0.00011999999696854502
-6.385000011018456e-05,0.00011999999696854502
-6.384000011024533e-05,0.00011999999696854502
-6.383000011030611e-05,0.00011999999696854502
-6.382000011036688e-05,0.00011999999696854502
-6.381000011042766e-05,0.00011999999696854502
-6.380000011048843e-05,0.00011999999696854502
-6.379000011054921e-05,0.00011999999696854502
-6.378000011060998e-05,0.00011999999696854502
-6.377000011067076e-05,0.00011999999696854502
-6.376000011073153e-05,0.00011999999696854502
-6.375000011079231e-05,0.00011999999696854502
-6.374000011085308e-05,0.00011999999696854502
-6.373000011091386e-05,0.00011999999696854502
-6.372000011097463e-05,0.00011999999696854502
-6.37100001110354e-05,0.00011999999696854502
-6.370000011109618e-05,0.00011999999696854502
-6.369000011115696e-05,0.00015999999595806003
-6.368000011121773e-05,0.00015999999595806003
-6.36700001112785e-05,0.00011999999696854502
-6.366000011133928e-05,7.999999797903001e-05
-6.365000011140005e-05,0.00011999999696854502
-6.364000011146083e-05,0.00011999999696854502
-6.36300001115216e-05,0.00011999999696854502
-6.362000011158238e-05,0.00011999999696854502
-6.361000011164315e-05,0.00011999999696854502
-6.360000011170393e-05,0.00011999999696854502
-6.35900001117647e-05,0.00011999999696854502
-6.358000011182548e-05,0.00011999999696854502
-6.357000011188625e-05,0.00011999999696854502
-6.356000011194703e-05,0.00015999999595806003
-6.35500001120078e-05,0.00011999999696854502
-6.354000011206858e-05,0.00011999999696854502
-6.353000011212935e-05,0.00011999999696854502
-6.352000011219013e-05,0.00011999999696854502
-6.35100001122509e-05,0.00011999999696854502
-6.350000011231167e-05,0.00011999999696854502
-6.349000011237245e-05,0.00011999999696854502
-6.348000011243322e-05,0.00011999999696854502
-6.3470000112494e-05,0.00011999999696854502
-6.346000011255477e-05,0.00011999999696854502
-6.345000011261555e-05,0.00011999999696854502
-6.344000011267632e-05,0.00011999999696854502
-6.34300001127371e-05,0.00011999999696854502
-6.342000011279787e-05,0.00011999999696854502
-6.341000011285865e-05,0.00011999999696854502
-6.340000011291942e-05,0.00011999999696854502
-6.33900001129802e-05,0.00011999999696854502
-6.338000011304097e-05,0.00011999999696854502
-6.337000011310175e-05,0.00011999999696854502
-6.336000011316252e-05,0.00011999999696854502
-6.33500001132233e-05,0.00011999999696854502
-6.334000011328407e-05,0.00011999999696854502
-6.333000011334484e-05,0.00011999999696854502
-6.332000011340562e-05,0.00011999999696854502
-6.33100001134664e-05,0.00011999999696854502
-6.330000011352717e-05,0.00011999999696854502
-6.329000011358794e-05,0.00011999999696854502
-6.328000011364872e-05,0.00011999999696854502
-6.327000011370949e-05,0.00011999999696854502
-6.326000011377027e-05,0.00011999999696854502
-6.325000011383104e-05,0.00011999999696854502
-6.324000011389182e-05,0.00011999999696854502
-6.323000011395259e-05,0.00015999999595806003
-6.322000011401337e-05,0.00011999999696854502
-6.321000011407414e-05,0.00011999999696854502
-6.320000011413492e-05,0.00011999999696854502
-6.319000011419569e-05,0.00011999999696854502
-6.318000011425647e-05,0.00011999999696854502
-6.317000011431724e-05,0.00011999999696854502
-6.316000011437801e-05,0.00011999999696854502
-6.315000011443879e-05,0.00011999999696854502
-6.314000011449956e-05,0.00011999999696854502
-6.313000011456034e-05,0.00011999999696854502
-6.312000011462111e-05,0.00011999999696854502
-6.311000011468189e-05,0.00011999999696854502
-6.310000011474266e-05,0.00011999999696854502
-6.309000011480344e-05,0.00011999999696854502
-6.308000011486421e-05,0.00011999999696854502
-6.307000011492499e-05,0.00015999999595806003
-6.306000011498576e-05,0.00011999999696854502
-6.305000011504654e-05,0.00011999999696854502
-6.304000011510731e-05,0.00011999999696854502
-6.303000011516809e-05,0.00011999999696854502
-6.302000011522886e-05,0.00011999999696854502
-6.301000011528964e-05,0.00011999999696854502
-6.300000011535041e-05,0.00011999999696854502
-6.299000011541119e-05,0.00011999999696854502
-6.298000011547196e-05,0.00011999999696854502
-6.297000011553273e-05,0.00011999999696854502
-6.296000011559351e-05,0.00011999999696854502
-6.295000011565428e-05,0.00011999999696854502
-6.294000011571506e-05,0.00011999999696854502
-6.293000011577583e-05,0.00011999999696854502
-6.292000011583661e-05,0.00011999999696854502
-6.291000011589738e-05,0.00011999999696854502
-6.290000011595816e-05,0.00011999999696854502
-6.289000011601893e-05,0.00011999999696854502
-6.288000011607971e-05,0.00011999999696854502
-6.287000011614048e-05,0.00011999999696854502
-6.286000011620126e-05,0.00011999999696854502
-6.285000011626203e-05,0.00011999999696854502
-6.28400001163228e-05,0.00011999999696854502
-6.283000011638358e-05,0.00011999999696854502
-6.282000011644436e-05,0.00011999999696854502
-6.281000011650513e-05,0.00011999999696854502
-6.28000001165659e-05,0.00011999999696854502
-6.279000011662668e-05,0.00011999999696854502
-6.278000011668745e-05,0.00011999999696854502
-6.277000011674823e-05,7.999999797903001e-05
-6.2760000116809e-05,0.00011999999696854502
-6.275000011686978e-05,0.00011999999696854502
-6.274000011693055e-05,0.00011999999696854502
-6.273000011699133e-05,0.00011999999696854502
-6.27200001170521e-05,0.00011999999696854502
-6.271000011711288e-05,0.00011999999696854502
-6.270000011717365e-05,0.00011999999696854502
-6.269000011723443e-05,0.00011999999696854502
-6.26800001172952e-05,0.00011999999696854502
-6.267000011735598e-05,0.00011999999696854502
-6.266000011741675e-05,0.00011999999696854502
-6.265000011747753e-05,0.00011999999696854502
-6.26400001175383e-05,7.999999797903001e-05
-6.263000011759907e-05,0.00011999999696854502
-6.262000011765985e-05,0.00011999999696854502
-6.261000011772062e-05,0.00011999999696854502
-6.26000001177814e-05,0.00011999999696854502
-6.259000011784217e-05,0.00011999999696854502
-6.258000011790295e-05,0.00015999999595806003
-6.257000011796372e-05,0.00015999999595806003
-6.25600001180245e-05,0.00011999999696854502
-6.255000011808527e-05,0.00011999999696854502
-6.254000011814605e-05,0.00011999999696854502
-6.253000011820682e-05,0.00011999999696854502
-6.25200001182676e-05,0.00011999999696854502
-6.251000011832837e-05,0.00011999999696854502
-6.250000011838915e-05,0.00011999999696854502
-6.249000011844992e-05,0.00011999999696854502
-6.24800001185107e-05,0.00011999999696854502
-6.247000011857147e-05,0.00011999999696854502
-6.246000011863224e-05,0.00011999999696854502
-6.245000011869302e-05,0.00011999999696854502
-6.24400001187538e-05,0.00011999999696854502
-6.243000011881457e-05,0.00011999999696854502
-6.242000011887534e-05,0.00011999999696854502
-6.241000011893612e-05,0.00011999999696854502
-6.240000011899689e-05,0.00011999999696854502
-6.239000011905767e-05,0.00011999999696854502
-6.238000011911844e-05,0.00011999999696854502
-6.237000011917922e-05,0.00011999999696854502
-6.236000011923999e-05,0.00011999999696854502
-6.235000011930077e-05,0.00011999999696854502
-6.234000011936154e-05,0.00011999999696854502
-6.233000011942232e-05,0.00011999999696854502
-6.232000011948309e-05,0.00011999999696854502
-6.231000011954387e-05,0.00011999999696854502
-6.230000011960464e-05,0.00011999999696854502
-6.229000011966541e-05,0.00011999999696854502
-6.228000011972619e-05,0.00011999999696854502
-6.227000011978696e-05,0.00011999999696854502
-6.226000011984774e-05,0.00011999999696854502
-6.225000011990851e-05,0.00011999999696854502
-6.224000011996929e-05,0.00011999999696854502
-6.223000012003006e-05,0.00011999999696854502
-6.222000012009084e-05,0.00011999999696854502
-6.221000012015161e-05,0.00011999999696854502
-6.220000012021239e-05,0.00011999999696854502
-6.219000012027316e-05,0.00011999999696854502
-6.218000012033394e-05,0.00011999999696854502
-6.217000012039471e-05,0.00011999999696854502
-6.216000012045549e-05,0.00011999999696854502
-6.215000012051626e-05,0.00011999999696854502
-6.214000012057704e-05,0.00011999999696854502
-6.213000012063781e-05,0.00015999999595806003
-6.212000012069858e-05,0.00011999999696854502
-6.211000012075936e-05,0.00011999999696854502
-6.210000012082013e-05,0.00011999999696854502
-6.209000012088091e-05,0.00011999999696854502
-6.208000012094168e-05,0.00011999999696854502
-6.207000012100246e-05,0.00011999999696854502
-6.206000012106323e-05,0.00011999999696854502
-6.205000012112401e-05,0.00011999999696854502
-6.204000012118478e-05,0.00011999999696854502
-6.203000012124556e-05,0.00011999999696854502
-6.202000012130633e-05,0.00011999999696854502
-6.20100001213671e-05,0.00011999999696854502
-6.200000012142788e-05,0.00011999999696854502
-6.199000012148866e-05,0.00011999999696854502
-6.198000012154943e-05,0.00015999999595806003
-6.19700001216102e-05,0.00011999999696854502
-6.196000012167098e-05,0.00011999999696854502
-6.195000012173175e-05,7.999999797903001e-05
-6.194000012179253e-05,0.00011999999696854502
-6.19300001218533e-05,0.00011999999696854502
-6.192000012191408e-05,0.00011999999696854502
-6.191000012197485e-05,0.00011999999696854502
-6.190000012203563e-05,0.00011999999696854502
-6.18900001220964e-05,0.00011999999696854502
-6.188000012215718e-05,0.00011999999696854502
-6.187000012221795e-05,0.00011999999696854502
-6.186000012227873e-05,0.00011999999696854502
-6.18500001223395e-05,0.00011999999696854502
-6.184000012240028e-05,0.00011999999696854502
-6.183000012246105e-05,0.00011999999696854502
-6.182000012252183e-05,0.00011999999696854502
-6.18100001225826e-05,0.00011999999696854502
-6.180000012264338e-05,0.00011999999696854502
-6.179000012270415e-05,0.00011999999696854502
-6.178000012276492e-05,0.00011999999696854502
-6.17700001228257e-05,0.00011999999696854502
-6.176000012288647e-05,0.00011999999696854502
-6.175000012294725e-05,0.00011999999696854502
-6.174000012300802e-05,0.00011999999696854502
-6.17300001230688e-05,0.00011999999696854502
-6.172000012312957e-05,0.00011999999696854502
-6.171000012319035e-05,0.00011999999696854502
-6.170000012325112e-05,0.00011999999696854502
-6.16900001233119e-05,0.00011999999696854502
-6.168000012337267e-05,0.00011999999696854502
-6.167000012343345e-05,0.00011999999696854502
-6.166000012349422e-05,0.00011999999696854502
-6.1650000123555e-05,0.00011999999696854502
-6.164000012361577e-05,0.00011999999696854502
-6.163000012367655e-05,0.00011999999696854502
-6.162000012373732e-05,0.00011999999696854502
-6.16100001237981e-05,0.00011999999696854502
-6.160000012385887e-05,0.00011999999696854502
-6.159000012391964e-05,0.00011999999696854502
-6.158000012398042e-05,0.00011999999696854502
-6.15700001240412e-05,0.00011999999696854502
-6.156000012410197e-05,0.00011999999696854502
-6.155000012416274e-05,0.00011999999696854502
-6.154000012422352e-05,0.00011999999696854502
-6.153000012428429e-05,0.00011999999696854502
-6.152000012434507e-05,0.00011999999696854502
-6.151000012440584e-05,0.00011999999696854502
-6.150000012446662e-05,0.00011999999696854502
-6.149000012452739e-05,0.00011999999696854502
-6.148000012458817e-05,0.00011999999696854502
-6.147000012464894e-05,0.00011999999696854502
-6.146000012470972e-05,0.00011999999696854502
-6.145000012477049e-05,0.00011999999696854502
-6.144000012483127e-05,7.999999797903001e-05
-6.143000012489204e-05,0.00019999999494757503
-6.142000012495281e-05,0.00027999999292660505
-6.141000012501359e-05,0.0
-6.140000012507436e-05,-3.9999998989515007e-05
-6.139000012513514e-05,0.00011999999696854502
-6.138000012519591e-05,0.00015999999595806003
-6.137000012525669e-05,0.00023999999393709004
-6.136000012531746e-05,0.00019999999494757503
-6.135000012537824e-05,7.999999797903001e-05
-6.134000012543901e-05,3.9999998989515007e-05
-6.133000012549979e-05,0.00011999999696854502
-6.132000012556056e-05,0.00019999999494757503
-6.131000012562134e-05,0.00015999999595806003
-6.130000012568211e-05,7.999999797903001e-05
-6.129000012574289e-05,0.00011999999696854502
-6.128000012580366e-05,0.00019999999494757503
-6.127000012586444e-05,0.00011999999696854502
-6.126000012592521e-05,7.999999797903001e-05
-6.125000012598598e-05,0.00011999999696854502
-6.124000012604676e-05,0.00015999999595806003
-6.123000012610753e-05,0.00015999999595806003
-6.122000012616831e-05,7.999999797903001e-05
-6.121000012622908e-05,7.999999797903001e-05
-6.120000012628986e-05,0.00019999999494757503
-6.119000012635063e-05,0.00015999999595806003
-6.118000012641141e-05,7.999999797903001e-05
-6.117000012647218e-05,0.00011999999696854502
-6.116000012653296e-05,0.00015999999595806003
-6.115000012659373e-05,0.00015999999595806003
-6.11400001266545e-05,0.00011999999696854502
-6.113000012671528e-05,0.00011999999696854502
-6.112000012677606e-05,0.00011999999696854502
-6.111000012683683e-05,0.00011999999696854502
-6.11000001268976e-05,0.00011999999696854502
-6.109000012695838e-05,0.00011999999696854502
-6.108000012701915e-05,0.00015999999595806003
-6.107000012707993e-05,0.00015999999595806003
-6.10600001271407e-05,0.00011999999696854502
-6.105000012720148e-05,7.999999797903001e-05
-6.104000012726225e-05,0.00011999999696854502
-6.103000012732303e-05,0.00011999999696854502
-6.10200001273838e-05,0.00011999999696854502
-6.101000012744458e-05,0.00015999999595806003
-6.100000012750535e-05,0.00011999999696854502
-6.099000012756613e-05,0.00011999999696854502
-6.09800001276269e-05,0.00011999999696854502
-6.0970000127687676e-05,0.00011999999696854502
-6.096000012774845e-05,0.00011999999696854502
-6.0950000127809226e-05,0.00011999999696854502
-6.094000012787e-05,0.00011999999696854502
-6.0930000127930775e-05,0.00011999999696854502
-6.092000012799155e-05,0.00011999999696854502
-6.0910000128052325e-05,0.00011999999696854502
-6.09000001281131e-05,0.00011999999696854502
-6.0890000128173874e-05,0.00011999999696854502
-6.088000012823465e-05,0.00011999999696854502
-6.0870000128295424e-05,0.00011999999696854502
-6.08600001283562e-05,7.999999797903001e-05
-6.085000012841697e-05,0.00011999999696854502
-6.084000012847775e-05,0.00015999999595806003
-6.083000012853852e-05,0.00011999999696854502
-6.08200001285993e-05,0.00011999999696854502
-6.081000012866007e-05,0.00011999999696854502
-6.0800000128720846e-05,0.00015999999595806003
-6.079000012878162e-05,0.00011999999696854502
-6.0780000128842396e-05,0.00011999999696854502
-6.077000012890317e-05,0.00011999999696854502
-6.0760000128963945e-05,0.00011999999696854502
-6.075000012902472e-05,0.00011999999696854502
-6.0740000129085495e-05,0.00011999999696854502
-6.073000012914627e-05,0.00011999999696854502
-6.0720000129207044e-05,0.00015999999595806003
-6.071000012926782e-05,0.00011999999696854502
-6.0700000129328594e-05,0.00011999999696854502
-6.069000012938937e-05,0.00011999999696854502
-6.068000012945014e-05,0.00011999999696854502
-6.067000012951092e-05,0.00011999999696854502
-6.066000012957169e-05,0.00011999999696854502
-6.065000012963247e-05,0.00011999999696854502
-6.064000012969324e-05,0.00011999999696854502
-6.0630000129754017e-05,0.00011999999696854502
-6.062000012981479e-05,0.00011999999696854502
-6.0610000129875566e-05,0.00011999999696854502
-6.060000012993634e-05,0.00011999999696854502
-6.0590000129997115e-05,0.00011999999696854502
-6.058000013005789e-05,0.00011999999696854502
-6.0570000130118665e-05,0.00011999999696854502
-6.056000013017944e-05,0.00011999999696854502
-6.0550000130240214e-05,0.00015999999595806003
-6.054000013030099e-05,0.00015999999595806003
-6.0530000130361764e-05,0.00015999999595806003
-6.052000013042254e-05,0.00015999999595806003
-6.051000013048331e-05,0.00015999999595806003
-6.050000013054409e-05,0.00015999999595806003
-6.049000013060486e-05,0.00011999999696854502
-6.048000013066564e-05,0.00015999999595806003
-6.047000013072641e-05,0.00019999999494757503
-6.0460000130787187e-05,0.00023999999393709004
-6.045000013084796e-05,0.00019999999494757503
-6.0440000130908736e-05,0.00023999999393709004
-6.043000013096951e-05,0.00023999999393709004
-6.0420000131030285e-05,0.00027999999292660505
-6.041000013109106e-05,0.00031999999191612005
-6.0400000131151835e-05,0.00031999999191612005
-6.039000013121261e-05,0.00035999999090563506
-6.0380000131273384e-05,0.00039999998989515007
-6.037000013133416e-05,0.00043999998888466507
-6.0360000131394934e-05,0.0004799999878741801
-6.035000013145571e-05,0.0005199999868636951
-6.034000013151648e-05,0.0005999999848427251
-6.033000013157726e-05,0.0005999999848427251
-6.032000013163803e-05,0.0006399999838322401
-6.031000013169881e-05,0.0007199999818112701
-6.030000013175958e-05,0.0007599999808007851
-6.029000013182036e-05,0.0008399999787798151
-6.028000013188113e-05,0.0008399999787798151
-6.0270000131941906e-05,0.0008799999777693301
-6.026000013200268e-05,0.0009599999757483602
-6.0250000132063456e-05,0.0010399999737273902
-6.024000013212423e-05,0.0010799999727169052
-6.0230000132185005e-05,0.0010799999727169052
-6.022000013224578e-05,0.0011199999717064202
-6.0210000132306554e-05,0.0011599999706959352
-6.020000013236733e-05,0.0011999999696854502
-6.0190000132428104e-05,0.0012399999686749652
-6.018000013248888e-05,0.0012799999676644802
-6.017000013254965e-05,0.0013199999666539952
-6.016000013261043e-05,0.0013199999666539952
-6.01500001326712e-05,0.0013199999666539952
-6.014000013273198e-05,0.0013599999656435102
-6.013000013279275e-05,0.0013599999656435102
-6.012000013285353e-05,0.0013599999656435102
-6.01100001329143e-05,0.0013599999656435102
-6.0100000132975076e-05,0.0013599999656435102
-6.009000013303585e-05,0.0013599999656435102
-6.0080000133096626e-05,0.0013599999656435102
-6.00700001331574e-05,0.0013599999656435102
-6.0060000133218175e-05,0.0013599999656435102
-6.005000013327895e-05,0.0013599999656435102
-6.0040000133339724e-05,0.0013199999666539952
-6.00300001334005e-05,0.0013199999666539952
-6.0020000133461274e-05,0.0012799999676644802
-6.001000013352205e-05,0.0012799999676644802
-6.000000013358282e-05,0.0011999999696854502
-5.99900001336436e-05,0.0011999999696854502
-5.998000013370437e-05,0.0011599999706959352
-5.997000013376515e-05,0.0010799999727169052
-5.996000013382592e-05,0.0010799999727169052
-5.99500001338867e-05,0.0009999999747378752
-5.994000013394747e-05,0.0009599999757483602
-5.9930000134008246e-05,0.0008799999777693301
-5.992000013406902e-05,0.0008399999787798151
-5.9910000134129796e-05,0.0007999999797903001
-5.990000013419057e-05,0.0007599999808007851
-5.9890000134251345e-05,0.0007199999818112701
-5.988000013431212e-05,0.0006399999838322401
-5.9870000134372894e-05,0.0005999999848427251
-5.986000013443367e-05,0.0005599999858532101
-5.9850000134494444e-05,0.0005199999868636951
-5.984000013455522e-05,0.0004799999878741801
-5.983000013461599e-05,0.00043999998888466507
-5.982000013467677e-05,0.00039999998989515007
-5.981000013473754e-05,0.00035999999090563506
-5.980000013479832e-05,0.00031999999191612005
-5.979000013485909e-05,0.00031999999191612005
-5.978000013491987e-05,0.00027999999292660505
-5.977000013498064e-05,0.00027999999292660505
-5.9760000135041416e-05,0.00023999999393709004
-5.975000013510219e-05,0.00019999999494757503
-5.9740000135162966e-05,0.00019999999494757503
-5.973000013522374e-05,0.00019999999494757503
-5.9720000135284515e-05,0.00019999999494757503
-5.971000013534529e-05,0.00015999999595806003
-5.9700000135406065e-05,0.00015999999595806003
-5.969000013546684e-05,0.00015999999595806003
-5.9680000135527614e-05,0.00015999999595806003
-5.967000013558839e-05,0.00015999999595806003
-5.966000013564916e-05,0.00015999999595806003
-5.965000013570994e-05,0.00011999999696854502
-5.964000013577071e-05,0.00011999999696854502
-5.963000013583149e-05,0.00015999999595806003
-5.962000013589226e-05,0.00015999999595806003
-5.961000013595304e-05,0.00015999999595806003
-5.960000013601381e-05,0.00011999999696854502
-5.9590000136074586e-05,0.00011999999696854502
-5.958000013613536e-05,0.00015999999595806003
-5.9570000136196136e-05,0.00011999999696854502
-5.956000013625691e-05,0.00011999999696854502
-5.9550000136317685e-05,0.00011999999696854502
-5.954000013637846e-05,0.00011999999696854502
-5.9530000136439235e-05,0.00015999999595806003
-5.952000013650001e-05,0.00011999999696854502
-5.9510000136560784e-05,0.00011999999696854502
-5.950000013662156e-05,0.00011999999696854502
-5.9490000136682333e-05,0.00011999999696854502
-5.948000013674311e-05,0.00011999999696854502
-5.947000013680388e-05,0.00011999999696854502
-5.946000013686466e-05,0.00011999999696854502
-5.945000013692543e-05,0.00015999999595806003
-5.944000013698621e-05,0.00011999999696854502
-5.943000013704698e-05,0.00011999999696854502
-5.9420000137107756e-05,0.00011999999696854502
-5.941000013716853e-05,0.00015999999595806003
-5.9400000137229306e-05,0.00015999999595806003
-5.939000013729008e-05,0.00011999999696854502
-5.9380000137350855e-05,0.00011999999696854502
-5.937000013741163e-05,0.00011999999696854502
-5.9360000137472405e-05,0.00011999999696854502
-5.935000013753318e-05,0.00011999999696854502
-5.9340000137593954e-05,0.00011999999696854502
-5.933000013765473e-05,0.00015999999595806003
-5.9320000137715504e-05,0.00015999999595806003
-5.931000013777628e-05,0.00011999999696854502
-5.930000013783705e-05,0.00011999999696854502
-5.929000013789783e-05,0.00011999999696854502
-5.92800001379586e-05,0.00011999999696854502
-5.927000013801938e-05,0.00011999999696854502
-5.926000013808015e-05,0.00011999999696854502
-5.9250000138140926e-05,0.00011999999696854502
-5.92400001382017e-05,0.00011999999696854502
-5.9230000138262476e-05,0.00011999999696854502
-5.922000013832325e-05,0.00011999999696854502
-5.9210000138384025e-05,0.00011999999696854502
-5.92000001384448e-05,0.00015999999595806003
-5.9190000138505575e-05,0.00011999999696854502
-5.918000013856635e-05,0.00011999999696854502
-5.9170000138627124e-05,0.00011999999696854502
-5.91600001386879e-05,0.00011999999696854502
-5.9150000138748674e-05,0.00011999999696854502
-5.914000013880945e-05,0.00011999999696854502
-5.913000013887022e-05,0.00011999999696854502
-5.9120000138931e-05,0.00011999999696854502
-5.911000013899177e-05,0.00011999999696854502
-5.910000013905255e-05,0.00011999999696854502
-5.909000013911332e-05,0.00015999999595806003
-5.9080000139174097e-05,0.00011999999696854502
-5.907000013923487e-05,0.00011999999696854502
-5.9060000139295646e-05,0.00011999999696854502
-5.905000013935642e-05,0.00011999999696854502
-5.9040000139417195e-05,0.00011999999696854502
-5.903000013947797e-05,0.00011999999696854502
-5.9020000139538745e-05,0.00011999999696854502
-5.901000013959952e-05,0.00015999999595806003
-5.9000000139660294e-05,0.00011999999696854502
-5.899000013972107e-05,0.00011999999696854502
-5.8980000139781844e-05,0.00011999999696854502
-5.897000013984262e-05,0.00011999999696854502
-5.896000013990339e-05,0.00011999999696854502
-5.895000013996417e-05,0.00011999999696854502
-5.894000014002494e-05,0.00011999999696854502
-5.893000014008572e-05,0.00011999999696854502
-5.892000014014649e-05,0.00011999999696854502
-5.8910000140207267e-05,0.00011999999696854502
-5.890000014026804e-05,0.00011999999696854502
-5.8890000140328816e-05,0.00011999999696854502
-5.888000014038959e-05,0.00011999999696854502
-5.8870000140450365e-05,0.00015999999595806003
-5.886000014051114e-05,0.00011999999696854502
-5.8850000140571915e-05,0.00011999999696854502
-5.884000014063269e-05,0.00011999999696854502
-5.8830000140693464e-05,0.00011999999696854502
-5.882000014075424e-05,0.00011999999696854502
-5.8810000140815014e-05,0.00011999999696854502
-5.880000014087579e-05,0.00011999999696854502
-5.879000014093656e-05,0.00011999999696854502
-5.878000014099734e-05,0.00011999999696854502
-5.877000014105811e-05,0.00011999999696854502
-5.876000014111889e-05,0.00011999999696854502
-5.875000014117966e-05,0.00011999999696854502
-5.874000014124044e-05,0.00011999999696854502
-5.873000014130121e-05,0.00011999999696854502
-5.8720000141361986e-05,0.00011999999696854502
-5.871000014142276e-05,0.00011999999696854502
-5.8700000141483536e-05,0.00011999999696854502
-5.869000014154431e-05,0.00011999999696854502
-5.8680000141605085e-05,0.00011999999696854502
-5.867000014166586e-05,0.00011999999696854502
-5.8660000141726634e-05,0.00011999999696854502
-5.865000014178741e-05,0.00011999999696854502
-5.8640000141848184e-05,0.00011999999696854502
-5.863000014190896e-05,0.00011999999696854502
-5.862000014196973e-05,0.00011999999696854502
-5.861000014203051e-05,0.00011999999696854502
-5.860000014209128e-05,0.00011999999696854502
-5.859000014215206e-05,0.00015999999595806003
-5.858000014221283e-05,0.00011999999696854502
-5.857000014227361e-05,7.999999797903001e-05
-5.856000014233438e-05,0.00011999999696854502
-5.8550000142395156e-05,0.00011999999696854502
-5.854000014245593e-05,0.00011999999696854502
-5.8530000142516706e-05,0.00011999999696854502
-5.852000014257748e-05,0.00011999999696854502
-5.8510000142638255e-05,0.00011999999696854502
-5.850000014269903e-05,0.00011999999696854502
-5.8490000142759804e-05,0.00011999999696854502
-5.848000014282058e-05,0.00011999999696854502
-5.8470000142881354e-05,0.00011999999696854502
-5.846000014294213e-05,0.00011999999696854502
-5.84500001430029e-05,0.00011999999696854502
-5.844000014306368e-05,0.00011999999696854502
-5.843000014312445e-05,0.00011999999696854502
-5.842000014318523e-05,0.00011999999696854502
-5.8410000143246e-05,0.00011999999696854502
-5.840000014330678e-05,0.00011999999696854502
-5.839000014336755e-05,0.00011999999696854502
-5.8380000143428326e-05,0.00011999999696854502
-5.83700001434891e-05,0.00011999999696854502
-5.8360000143549876e-05,0.00011999999696854502
-5.835000014361065e-05,0.00011999999696854502
-5.8340000143671425e-05,0.00011999999696854502
-5.83300001437322e-05,0.00011999999696854502
-5.8320000143792974e-05,0.00011999999696854502
-5.831000014385375e-05,0.00011999999696854502
-5.8300000143914524e-05,0.00011999999696854502
-5.82900001439753e-05,0.00011999999696854502
-5.828000014403607e-05,0.00011999999696854502
-5.827000014409685e-05,0.00011999999696854502
-5.826000014415762e-05,0.00011999999696854502
-5.82500001442184e-05,0.00011999999696854502
-5.824000014427917e-05,0.00011999999696854502
-5.823000014433995e-05,0.00011999999696854502
-5.822000014440072e-05,0.00011999999696854502
-5.8210000144461496e-05,0.00011999999696854502
-5.820000014452227e-05,0.00011999999696854502
-5.8190000144583046e-05,0.00011999999696854502
-5.818000014464382e-05,0.00011999999696854502
-5.8170000144704595e-05,0.00011999999696854502
-5.816000014476537e-05,0.00011999999696854502
-5.8150000144826145e-05,0.00011999999696854502
-5.814000014488692e-05,0.00011999999696854502
-5.8130000144947694e-05,0.00011999999696854502
-5.812000014500847e-05,0.00011999999696854502
-5.811000014506924e-05,0.00011999999696854502
-5.810000014513002e-05,0.00011999999696854502
-5.809000014519079e-05,0.00011999999696854502
-5.808000014525157e-05,0.00011999999696854502
-5.807000014531234e-05,0.00011999999696854502
-5.806000014537312e-05,0.00011999999696854502
-5.805000014543389e-05,0.00011999999696854502
-5.8040000145494666e-05,0.00011999999696854502
-5.803000014555544e-05,0.00011999999696854502
-5.8020000145616216e-05,0.00015999999595806003
-5.801000014567699e-05,0.00011999999696854502
-5.8000000145737765e-05,0.00011999999696854502
-5.799000014579854e-05,0.00011999999696854502
-5.7980000145859315e-05,0.00011999999696854502
-5.797000014592009e-05,0.00011999999696854502
-5.7960000145980864e-05,0.00011999999696854502
-5.795000014604164e-05,0.00011999999696854502
-5.7940000146102413e-05,0.00011999999696854502
-5.793000014616319e-05,0.00011999999696854502
-5.792000014622396e-05,0.00011999999696854502
-5.791000014628474e-05,0.00011999999696854502
-5.790000014634551e-05,0.00011999999696854502
-5.789000014640629e-05,0.00011999999696854502
-5.788000014646706e-05,0.00011999999696854502
-5.7870000146527836e-05,0.00011999999696854502
-5.786000014658861e-05,0.00011999999696854502
-5.7850000146649386e-05,0.00011999999696854502
-5.784000014671016e-05,0.00011999999696854502
-5.7830000146770935e-05,0.00011999999696854502
-5.782000014683171e-05,0.00011999999696854502
-5.7810000146892485e-05,0.00011999999696854502
-5.780000014695326e-05,0.00011999999696854502
-5.7790000147014034e-05,0.00011999999696854502
-5.778000014707481e-05,0.00011999999696854502
-5.7770000147135584e-05,0.00015999999595806003
-5.776000014719636e-05,0.00015999999595806003
-5.775000014725713e-05,0.00011999999696854502
-5.774000014731791e-05,0.00011999999696854502
-5.773000014737868e-05,0.00011999999696854502
-5.772000014743946e-05,0.00011999999696854502
-5.771000014750023e-05,0.00011999999696854502
-5.7700000147561006e-05,0.00011999999696854502
-5.769000014762178e-05,0.00011999999696854502
-5.7680000147682556e-05,0.00011999999696854502
-5.767000014774333e-05,0.00011999999696854502
-5.7660000147804105e-05,0.00011999999696854502
-5.765000014786488e-05,0.00011999999696854502
-5.7640000147925655e-05,0.00011999999696854502
-5.763000014798643e-05,0.00011999999696854502
-5.7620000148047204e-05,0.00011999999696854502
-5.761000014810798e-05,0.00011999999696854502
-5.7600000148168754e-05,0.00011999999696854502
-5.759000014822953e-05,0.00011999999696854502
-5.75800001482903e-05,0.00011999999696854502
-5.757000014835108e-05,0.00011999999696854502
-5.756000014841185e-05,0.00011999999696854502
-5.755000014847263e-05,0.00011999999696854502
-5.75400001485334e-05,0.00011999999696854502
-5.7530000148594177e-05,0.00011999999696854502
-5.752000014865495e-05,0.00011999999696854502
-5.7510000148715726e-05,0.00011999999696854502
-5.75000001487765e-05,0.00011999999696854502
-5.7490000148837275e-05,0.00011999999696854502
-5.748000014889805e-05,0.00011999999696854502
-5.7470000148958825e-05,0.00011999999696854502
-5.74600001490196e-05,0.00011999999696854502
-5.7450000149080374e-05,0.00015999999595806003
-5.744000014914115e-05,0.00011999999696854502
-5.7430000149201924e-05,0.00011999999696854502
-5.74200001492627e-05,0.00011999999696854502
-5.741000014932347e-05,0.00011999999696854502
-5.740000014938425e-05,0.00011999999696854502
-5.739000014944502e-05,0.00011999999696854502
-5.73800001495058e-05,0.00011999999696854502
-5.737000014956657e-05,0.00011999999696854502
-5.7360000149627347e-05,0.00011999999696854502
-5.735000014968812e-05,0.00011999999696854502
-5.7340000149748896e-05,0.00011999999696854502
-5.733000014980967e-05,0.00011999999696854502
-5.7320000149870445e-05,0.00011999999696854502
-5.731000014993122e-05,0.00011999999696854502
-5.7300000149991995e-05,0.00011999999696854502
-5.729000015005277e-05,0.00011999999696854502
-5.7280000150113544e-05,0.00011999999696854502
-5.727000015017432e-05,0.00011999999696854502
-5.7260000150235094e-05,0.00011999999696854502
-5.725000015029587e-05,0.00011999999696854502
-5.724000015035664e-05,0.00011999999696854502
-5.723000015041742e-05,0.00011999999696854502
-5.722000015047819e-05,0.00011999999696854502
-5.721000015053897e-05,0.00011999999696854502
-5.720000015059974e-05,0.00011999999696854502
-5.719000015066052e-05,0.00011999999696854502
-5.718000015072129e-05,0.00011999999696854502
-5.7170000150782066e-05,0.00015999999595806003
-5.716000015084284e-05,0.00011999999696854502
-5.7150000150903616e-05,0.00011999999696854502
-5.714000015096439e-05,0.00011999999696854502
-5.7130000151025165e-05,0.00011999999696854502
-5.712000015108594e-05,0.00011999999696854502
-5.7110000151146714e-05,0.00011999999696854502
-5.710000015120749e-05,0.00011999999696854502
-5.7090000151268264e-05,0.00011999999696854502
-5.708000015132904e-05,0.00011999999696854502
-5.707000015138981e-05,0.00011999999696854502
-5.706000015145059e-05,0.00011999999696854502
-5.705000015151136e-05,0.00011999999696854502
-5.704000015157214e-05,0.00015999999595806003
-5.703000015163291e-05,0.00011999999696854502
-5.702000015169369e-05,7.999999797903001e-05
-5.701000015175446e-05,0.00011999999696854502
-5.7000000151815236e-05,0.00015999999595806003
-5.699000015187601e-05,0.00011999999696854502
-5.6980000151936786e-05,0.00011999999696854502
-5.697000015199756e-05,0.00011999999696854502
-5.6960000152058335e-05,0.00011999999696854502
-5.695000015211911e-05,0.00011999999696854502
-5.6940000152179884e-05,0.00011999999696854502
-5.693000015224066e-05,0.00015999999595806003
-5.6920000152301434e-05,0.00015999999595806003
-5.691000015236221e-05,0.00011999999696854502
-5.690000015242298e-05,0.00011999999696854502
-5.689000015248376e-05,0.00011999999696854502
-5.688000015254453e-05,0.00015999999595806003
-5.687000015260531e-05,0.00011999999696854502
-5.686000015266608e-05,0.00011999999696854502
-5.685000015272686e-05,0.00011999999696854502
-5.684000015278763e-05,0.00011999999696854502
-5.6830000152848406e-05,0.00011999999696854502
-5.682000015290918e-05,0.00011999999696854502
-5.6810000152969956e-05,0.00011999999696854502
-5.680000015303073e-05,0.00011999999696854502
-5.6790000153091505e-05,0.00011999999696854502
-5.678000015315228e-05,0.00011999999696854502
-5.6770000153213054e-05,0.00011999999696854502
-5.676000015327383e-05,0.00015999999595806003
-5.6750000153334604e-05,0.00011999999696854502
-5.674000015339538e-05,0.00011999999696854502
-5.673000015345615e-05,0.00011999999696854502
-5.672000015351693e-05,0.00011999999696854502
-5.67100001535777e-05,0.00011999999696854502
-5.670000015363848e-05,0.00011999999696854502
-5.669000015369925e-05,0.00011999999696854502
-5.668000015376003e-05,0.00011999999696854502
-5.66700001538208e-05,0.00011999999696854502
-5.6660000153881576e-05,7.999999797903001e-05
-5.665000015394235e-05,0.00011999999696854502
-5.6640000154003126e-05,0.00011999999696854502
-5.66300001540639e-05,0.00011999999696854502
-5.6620000154124675e-05,0.00011999999696854502
-5.661000015418545e-05,0.00011999999696854502
-5.6600000154246225e-05,0.00011999999696854502
-5.6590000154307e-05,0.00011999999696854502
-5.6580000154367774e-05,0.00011999999696854502
-5.657000015442855e-05,0.00011999999696854502
-5.656000015448932e-05,0.00011999999696854502
-5.65500001545501e-05,0.00011999999696854502
-5.654000015461087e-05,0.00011999999696854502
-5.653000015467165e-05,0.00011999999696854502
-5.652000015473242e-05,0.00011999999696854502
-5.65100001547932e-05,0.00011999999696854502
-5.650000015485397e-05,0.00011999999696854502
-5.6490000154914746e-05,0.00011999999696854502
-5.648000015497552e-05,0.00011999999696854502
-5.6470000155036296e-05,0.00015999999595806003
-5.646000015509707e-05,0.00011999999696854502
-5.6450000155157845e-05,0.00011999999696854502
-5.644000015521862e-05,0.00011999999696854502
-5.6430000155279395e-05,0.00011999999696854502
-5.642000015534017e-05,0.00011999999696854502
-5.6410000155400944e-05,0.00011999999696854502
-5.640000015546172e-05,0.00011999999696854502
-5.6390000155522493e-05,0.00011999999696854502
-5.638000015558327e-05,0.00011999999696854502
-5.637000015564404e-05,0.00011999999696854502
-5.636000015570482e-05,0.00011999999696854502
-5.635000015576559e-05,0.00011999999696854502
-5.634000015582637e-05,0.00011999999696854502
-5.633000015588714e-05,0.00011999999696854502
-5.6320000155947916e-05,0.00011999999696854502
-5.631000015600869e-05,0.00011999999696854502
-5.6300000156069466e-05,0.00011999999696854502
-5.629000015613024e-05,0.00011999999696854502
-5.6280000156191015e-05,0.00011999999696854502
-5.627000015625179e-05,0.00011999999696854502
-5.6260000156312565e-05,0.00011999999696854502
-5.625000015637334e-05,0.00011999999696854502
-5.6240000156434114e-05,0.00011999999696854502
-5.623000015649489e-05,0.00011999999696854502
-5.6220000156555664e-05,0.00011999999696854502
-5.621000015661644e-05,0.00011999999696854502
-5.620000015667721e-05,0.00011999999696854502
-5.619000015673799e-05,0.00011999999696854502
-5.618000015679876e-05,0.00011999999696854502
-5.617000015685954e-05,0.00011999999696854502
-5.616000015692031e-05,0.00011999999696854502
-5.6150000156981086e-05,0.00011999999696854502
-5.614000015704186e-05,0.00011999999696854502
-5.6130000157102636e-05,0.00011999999696854502
-5.612000015716341e-05,0.00011999999696854502
-5.6110000157224185e-05,0.00011999999696854502
-5.610000015728496e-05,0.00011999999696854502
-5.6090000157345735e-05,0.00011999999696854502
-5.608000015740651e-05,0.00011999999696854502
-5.6070000157467284e-05,0.00011999999696854502
-5.606000015752806e-05,0.00011999999696854502
-5.6050000157588834e-05,0.00011999999696854502
-5.604000015764961e-05,0.00011999999696854502
-5.603000015771038e-05,0.00011999999696854502
-5.602000015777116e-05,0.00011999999696854502
-5.601000015783193e-05,0.00011999999696854502
-5.600000015789271e-05,0.00011999999696854502
-5.599000015795348e-05,0.00011999999696854502
-5.5980000158014257e-05,0.00011999999696854502
-5.597000015807503e-05,0.00011999999696854502
-5.5960000158135806e-05,0.00011999999696854502
-5.595000015819658e-05,0.00011999999696854502
-5.5940000158257355e-05,0.00011999999696854502
-5.593000015831813e-05,0.00011999999696854502
-5.5920000158378905e-05,0.00011999999696854502
-5.591000015843968e-05,0.00011999999696854502
-5.5900000158500454e-05,0.00011999999696854502
-5.589000015856123e-05,0.00011999999696854502
-5.5880000158622004e-05,0.00011999999696854502
-5.587000015868278e-05,0.00011999999696854502
-5.586000015874355e-05,0.00011999999696854502
-5.585000015880433e-05,0.00011999999696854502
-5.58400001588651e-05,0.00011999999696854502
-5.583000015892588e-05,0.00011999999696854502
-5.582000015898665e-05,0.00011999999696854502
-5.581000015904743e-05,0.00011999999696854502
-5.58000001591082e-05,0.00011999999696854502
-5.5790000159168976e-05,0.00011999999696854502
-5.578000015922975e-05,0.00011999999696854502
-5.5770000159290525e-05,0.00011999999696854502
-5.57600001593513e-05,0.00011999999696854502
-5.5750000159412075e-05,0.00011999999696854502
-5.574000015947285e-05,0.00011999999696854502
-5.5730000159533624e-05,0.00011999999696854502
-5.57200001595944e-05,0.00011999999696854502
-5.5710000159655174e-05,0.00011999999696854502
-5.570000015971595e-05,0.00011999999696854502
-5.569000015977672e-05,0.00011999999696854502
-5.56800001598375e-05,0.00011999999696854502
-5.567000015989827e-05,0.00011999999696854502
-5.566000015995905e-05,0.00011999999696854502
-5.565000016001982e-05,0.00011999999696854502
-5.56400001600806e-05,0.00011999999696854502
-5.563000016014137e-05,0.00011999999696854502
-5.5620000160202146e-05,0.00011999999696854502
-5.561000016026292e-05,0.00011999999696854502
-5.5600000160323696e-05,0.00011999999696854502
-5.559000016038447e-05,0.00011999999696854502
-5.5580000160445245e-05,0.00011999999696854502
-5.557000016050602e-05,0.00011999999696854502
-5.5560000160566794e-05,0.00011999999696854502
-5.555000016062757e-05,0.00011999999696854502
-5.5540000160688344e-05,0.00011999999696854502
-5.553000016074912e-05,0.00011999999696854502
-5.552000016080989e-05,0.00011999999696854502
-5.551000016087067e-05,0.00011999999696854502
-5.550000016093144e-05,0.00011999999696854502
-5.549000016099222e-05,0.00011999999696854502
-5.548000016105299e-05,0.00011999999696854502
-5.547000016111377e-05,0.00011999999696854502
-5.546000016117454e-05,0.00011999999696854502
-5.5450000161235316e-05,0.00011999999696854502
-5.544000016129609e-05,0.00011999999696854502
-5.5430000161356866e-05,0.00011999999696854502
-5.542000016141764e-05,0.00011999999696854502
-5.5410000161478415e-05,0.00011999999696854502
-5.540000016153919e-05,0.00011999999696854502
-5.5390000161599964e-05,0.00011999999696854502
-5.538000016166074e-05,0.00011999999696854502
-5.5370000161721514e-05,0.00011999999696854502
-5.536000016178229e-05,0.00011999999696854502
-5.535000016184306e-05,0.00011999999696854502
-5.534000016190384e-05,0.00011999999696854502
-5.533000016196461e-05,0.00011999999696854502
-5.532000016202539e-05,0.00011999999696854502
-5.531000016208616e-05,0.00011999999696854502
-5.530000016214694e-05,0.00011999999696854502
-5.529000016220771e-05,0.00011999999696854502
-5.5280000162268486e-05,0.00011999999696854502
-5.527000016232926e-05,0.00011999999696854502
-5.5260000162390036e-05,0.00011999999696854502
-5.525000016245081e-05,0.00011999999696854502
-5.5240000162511585e-05,0.00011999999696854502
-5.523000016257236e-05,0.00011999999696854502
-5.5220000162633134e-05,0.00011999999696854502
-5.521000016269391e-05,0.00011999999696854502
-5.5200000162754684e-05,0.00011999999696854502
-5.519000016281546e-05,0.00011999999696854502
-5.518000016287623e-05,0.00011999999696854502
-5.517000016293701e-05,0.00011999999696854502
-5.516000016299778e-05,0.00011999999696854502
-5.515000016305856e-05,0.00011999999696854502
-5.514000016311933e-05,0.00011999999696854502
-5.513000016318011e-05,0.00011999999696854502
-5.512000016324088e-05,0.00011999999696854502
-5.5110000163301656e-05,0.00011999999696854502
-5.510000016336243e-05,0.00011999999696854502
-5.5090000163423206e-05,0.00011999999696854502
-5.508000016348398e-05,0.00011999999696854502
-5.5070000163544755e-05,0.00011999999696854502
-5.506000016360553e-05,7.999999797903001e-05
-5.5050000163666305e-05,0.00011999999696854502
-5.504000016372708e-05,0.00011999999696854502
-5.5030000163787854e-05,0.00011999999696854502
-5.502000016384863e-05,0.00011999999696854502
-5.5010000163909403e-05,0.00011999999696854502
-5.500000016397018e-05,0.00011999999696854502
-5.499000016403095e-05,0.00011999999696854502
-5.498000016409173e-05,0.00011999999696854502
-5.49700001641525e-05,0.00011999999696854502
-5.496000016421328e-05,0.00011999999696854502
-5.495000016427405e-05,0.00011999999696854502
-5.4940000164334826e-05,0.00011999999696854502
-5.49300001643956e-05,0.00011999999696854502
-5.4920000164456376e-05,0.00011999999696854502
-5.491000016451715e-05,0.00011999999696854502
-5.4900000164577925e-05,0.00011999999696854502
-5.48900001646387e-05,0.00011999999696854502
-5.4880000164699475e-05,0.00011999999696854502
-5.487000016476025e-05,0.00011999999696854502
-5.4860000164821024e-05,0.00011999999696854502
-5.48500001648818e-05,0.00011999999696854502
-5.4840000164942573e-05,0.00011999999696854502
-5.483000016500335e-05,0.00011999999696854502
-5.482000016506412e-05,0.00011999999696854502
-5.48100001651249e-05,0.00011999999696854502
-5.480000016518567e-05,0.00011999999696854502
-5.479000016524645e-05,0.00011999999696854502
-5.478000016530722e-05,0.00011999999696854502
-5.4770000165367996e-05,0.00011999999696854502
-5.476000016542877e-05,0.00011999999696854502
-5.4750000165489546e-05,0.00011999999696854502
-5.474000016555032e-05,0.00011999999696854502
-5.4730000165611095e-05,0.00011999999696854502
-5.472000016567187e-05,0.00011999999696854502
-5.4710000165732645e-05,0.00011999999696854502
-5.470000016579342e-05,0.00011999999696854502
-5.4690000165854194e-05,0.00011999999696854502
-5.468000016591497e-05,0.00011999999696854502
-5.4670000165975744e-05,0.00011999999696854502
-5.466000016603652e-05,0.00011999999696854502
-5.465000016609729e-05,0.00011999999696854502
-5.464000016615807e-05,0.00011999999696854502
-5.463000016621884e-05,0.00011999999696854502
-5.462000016627962e-05,0.00011999999696854502
-5.461000016634039e-05,0.00011999999696854502
-5.4600000166401166e-05,0.00011999999696854502
-5.459000016646194e-05,0.00011999999696854502
-5.4580000166522716e-05,0.00011999999696854502
-5.457000016658349e-05,0.00011999999696854502
-5.4560000166644265e-05,0.00011999999696854502
-5.455000016670504e-05,0.00011999999696854502
-5.4540000166765815e-05,0.00011999999696854502
-5.453000016682659e-05,0.00011999999696854502
-5.4520000166887364e-05,0.00011999999696854502
-5.451000016694814e-05,0.00011999999696854502
-5.4500000167008914e-05,0.00011999999696854502
-5.449000016706969e-05,0.00011999999696854502
-5.448000016713046e-05,0.00015999999595806003
-5.447000016719124e-05,0.00011999999696854502
-5.446000016725201e-05,0.00011999999696854502
-5.445000016731279e-05,0.00011999999696854502
-5.444000016737356e-05,0.00011999999696854502
-5.4430000167434337e-05,0.00011999999696854502
-5.442000016749511e-05,0.00011999999696854502
-5.4410000167555886e-05,0.00011999999696854502
-5.440000016761666e-05,0.00011999999696854502
-5.4390000167677435e-05,0.00011999999696854502
-5.438000016773821e-05,0.00011999999696854502
-5.4370000167798985e-05,0.00011999999696854502
-5.436000016785976e-05,0.00011999999696854502
-5.4350000167920534e-05,0.00011999999696854502
-5.434000016798131e-05,0.00011999999696854502
-5.4330000168042084e-05,0.00011999999696854502
-5.432000016810286e-05,0.00011999999696854502
-5.431000016816363e-05,0.00011999999696854502
-5.430000016822441e-05,0.00011999999696854502
-5.429000016828518e-05,0.00011999999696854502
-5.428000016834596e-05,0.00011999999696854502
-5.427000016840673e-05,0.00011999999696854502
-5.426000016846751e-05,0.00011999999696854502
-5.425000016852828e-05,0.00011999999696854502
-5.4240000168589056e-05,0.00011999999696854502
-5.423000016864983e-05,0.00011999999696854502
-5.4220000168710605e-05,0.00011999999696854502
-5.421000016877138e-05,0.00011999999696854502
-5.4200000168832155e-05,0.00011999999696854502
-5.419000016889293e-05,0.00011999999696854502
-5.4180000168953704e-05,0.00011999999696854502
-5.417000016901448e-05,0.00011999999696854502
-5.4160000169075254e-05,0.00011999999696854502
-5.415000016913603e-05,0.00011999999696854502
-5.41400001691968e-05,0.00011999999696854502
-5.413000016925758e-05,0.00011999999696854502
-5.412000016931835e-05,0.00011999999696854502
-5.411000016937913e-05,0.00011999999696854502
-5.41000001694399e-05,0.00011999999696854502
-5.409000016950068e-05,0.00011999999696854502
-5.408000016956145e-05,0.00011999999696854502
-5.4070000169622226e-05,0.00011999999696854502
-5.4060000169683e-05,0.00011999999696854502
-5.4050000169743776e-05,0.00011999999696854502
-5.404000016980455e-05,0.00011999999696854502
-5.4030000169865325e-05,0.00011999999696854502
-5.40200001699261e-05,0.00011999999696854502
-5.4010000169986874e-05,0.00011999999696854502
-5.400000017004765e-05,0.00011999999696854502
-5.3990000170108424e-05,0.00011999999696854502
-5.39800001701692e-05,0.00011999999696854502
-5.397000017022997e-05,0.00011999999696854502
-5.396000017029075e-05,0.00011999999696854502
-5.395000017035152e-05,0.00011999999696854502
-5.39400001704123e-05,0.00011999999696854502
-5.393000017047307e-05,0.00011999999696854502
-5.392000017053385e-05,0.00011999999696854502
-5.391000017059462e-05,0.00011999999696854502
-5.3900000170655396e-05,0.00011999999696854502
-5.389000017071617e-05,0.00011999999696854502
-5.3880000170776946e-05,0.00011999999696854502
-5.387000017083772e-05,0.00011999999696854502
-5.3860000170898495e-05,0.00011999999696854502
-5.385000017095927e-05,0.00011999999696854502
-5.3840000171020044e-05,0.00011999999696854502
-5.383000017108082e-05,0.00011999999696854502
-5.3820000171141594e-05,0.00011999999696854502
-5.381000017120237e-05,0.00011999999696854502
-5.380000017126314e-05,0.00011999999696854502
-5.379000017132392e-05,0.00011999999696854502
-5.378000017138469e-05,0.00011999999696854502
-5.377000017144547e-05,0.00011999999696854502
-5.376000017150624e-05,0.00011999999696854502
-5.375000017156702e-05,0.00011999999696854502
-5.374000017162779e-05,0.00011999999696854502
-5.3730000171688566e-05,0.00011999999696854502
-5.372000017174934e-05,0.00011999999696854502
-5.3710000171810116e-05,0.00011999999696854502
-5.370000017187089e-05,0.00011999999696854502
-5.3690000171931665e-05,0.00011999999696854502
-5.368000017199244e-05,0.00011999999696854502
-5.3670000172053214e-05,0.00011999999696854502
-5.366000017211399e-05,0.00011999999696854502
-5.3650000172174764e-05,0.00011999999696854502
-5.364000017223554e-05,0.00011999999696854502
-5.363000017229631e-05,0.00011999999696854502
-5.362000017235709e-05,0.00011999999696854502
-5.361000017241786e-05,0.00011999999696854502
-5.360000017247864e-05,0.00011999999696854502
-5.359000017253941e-05,0.00011999999696854502
-5.358000017260019e-05,0.00011999999696854502
-5.357000017266096e-05,0.00011999999696854502
-5.3560000172721736e-05,0.00011999999696854502
-5.355000017278251e-05,0.00011999999696854502
-5.3540000172843286e-05,0.00011999999696854502
-5.353000017290406e-05,0.00011999999696854502
-5.3520000172964835e-05,0.00011999999696854502
-5.351000017302561e-05,0.00011999999696854502
-5.3500000173086385e-05,0.00011999999696854502
-5.349000017314716e-05,0.00011999999696854502
-5.3480000173207934e-05,0.00011999999696854502
-5.347000017326871e-05,0.00011999999696854502
-5.3460000173329483e-05,0.00011999999696854502
-5.345000017339026e-05,0.00011999999696854502
-5.344000017345103e-05,0.00011999999696854502
-5.343000017351181e-05,0.00011999999696854502
-5.342000017357258e-05,0.00011999999696854502
-5.341000017363336e-05,0.00011999999696854502
-5.340000017369413e-05,0.00011999999696854502
-5.3390000173754906e-05,0.00011999999696854502
-5.338000017381568e-05,0.00011999999696854502
-5.3370000173876456e-05,0.00011999999696854502
-5.336000017393723e-05,0.00011999999696854502
-5.3350000173998005e-05,0.00011999999696854502
-5.334000017405878e-05,0.00011999999696854502
-5.3330000174119555e-05,0.00011999999696854502
-5.332000017418033e-05,0.00011999999696854502
-5.3310000174241104e-05,0.00011999999696854502
-5.330000017430188e-05,0.00011999999696854502
-5.3290000174362653e-05,0.00011999999696854502
-5.328000017442343e-05,0.00011999999696854502
-5.32700001744842e-05,0.00011999999696854502
-5.326000017454498e-05,0.00011999999696854502
-5.325000017460575e-05,0.00011999999696854502
-5.324000017466653e-05,0.00011999999696854502
-5.32300001747273e-05,0.00011999999696854502
-5.3220000174788076e-05,0.00011999999696854502
-5.321000017484885e-05,0.00011999999696854502
-5.3200000174909626e-05,0.00011999999696854502
-5.31900001749704e-05,0.00011999999696854502
-5.3180000175031175e-05,0.00011999999696854502
-5.317000017509195e-05,0.00011999999696854502
-5.3160000175152725e-05,0.00011999999696854502
-5.31500001752135e-05,0.00011999999696854502
-5.3140000175274274e-05,0.00011999999696854502
-5.313000017533505e-05,0.00015999999595806003
-5.3120000175395824e-05,0.00011999999696854502
-5.31100001754566e-05,0.00011999999696854502
-5.310000017551737e-05,0.00011999999696854502
-5.309000017557815e-05,0.00011999999696854502
-5.308000017563892e-05,0.00011999999696854502
-5.30700001756997e-05,0.00011999999696854502
-5.306000017576047e-05,0.00011999999696854502
-5.3050000175821246e-05,0.00011999999696854502
-5.304000017588202e-05,0.00011999999696854502
-5.3030000175942796e-05,0.00011999999696854502
-5.302000017600357e-05,0.00011999999696854502
-5.3010000176064345e-05,0.00011999999696854502
-5.300000017612512e-05,0.00011999999696854502
-5.2990000176185895e-05,0.00011999999696854502
-5.298000017624667e-05,0.00011999999696854502
-5.2970000176307444e-05,0.00011999999696854502
-5.296000017636822e-05,0.00011999999696854502
-5.2950000176428994e-05,0.00011999999696854502
-5.294000017648977e-05,0.00011999999696854502
-5.293000017655054e-05,0.00011999999696854502
-5.292000017661132e-05,0.00011999999696854502
-5.291000017667209e-05,0.00011999999696854502
-5.290000017673287e-05,0.00011999999696854502
-5.289000017679364e-05,0.00011999999696854502
-5.2880000176854417e-05,0.00011999999696854502
-5.287000017691519e-05,0.00011999999696854502
-5.2860000176975966e-05,0.00011999999696854502
-5.285000017703674e-05,0.00011999999696854502
-5.2840000177097515e-05,0.00011999999696854502
-5.283000017715829e-05,0.00011999999696854502
-5.2820000177219065e-05,0.00011999999696854502
-5.281000017727984e-05,0.00011999999696854502
-5.2800000177340614e-05,0.00011999999696854502
-5.279000017740139e-05,0.00011999999696854502
-5.2780000177462164e-05,7.999999797903001e-05
-5.277000017752294e-05,0.00011999999696854502
-5.276000017758371e-05,0.00011999999696854502
-5.275000017764449e-05,0.00011999999696854502
-5.274000017770526e-05,0.00011999999696854502
-5.273000017776604e-05,0.00011999999696854502
-5.272000017782681e-05,0.00011999999696854502
-5.271000017788759e-05,0.00011999999696854502
-5.270000017794836e-05,0.00011999999696854502
-5.2690000178009136e-05,0.00011999999696854502
-5.268000017806991e-05,0.00011999999696854502
-5.2670000178130685e-05,0.00011999999696854502
-5.266000017819146e-05,0.00011999999696854502
-5.2650000178252235e-05,0.00011999999696854502
-5.264000017831301e-05,0.00011999999696854502
-5.2630000178373784e-05,0.00011999999696854502
-5.262000017843456e-05,0.00011999999696854502
-5.2610000178495334e-05,0.00011999999696854502
-5.260000017855611e-05,0.00011999999696854502
-5.259000017861688e-05,0.00011999999696854502
-5.258000017867766e-05,0.00011999999696854502
-5.257000017873843e-05,0.00011999999696854502
-5.256000017879921e-05,0.00011999999696854502
-5.255000017885998e-05,0.00011999999696854502
-5.254000017892076e-05,7.999999797903001e-05
-5.253000017898153e-05,0.00011999999696854502
-5.2520000179042306e-05,0.00011999999696854502
-5.251000017910308e-05,0.00011999999696854502
-5.2500000179163856e-05,0.00011999999696854502
-5.249000017922463e-05,0.00011999999696854502
-5.2480000179285405e-05,0.00011999999696854502
-5.247000017934618e-05,0.00011999999696854502
-5.2460000179406954e-05,0.00011999999696854502
-5.245000017946773e-05,0.00011999999696854502
-5.2440000179528504e-05,0.00011999999696854502
-5.243000017958928e-05,0.00011999999696854502
-5.242000017965005e-05,0.00011999999696854502
-5.241000017971083e-05,0.00011999999696854502
-5.24000001797716e-05,0.00011999999696854502
-5.239000017983238e-05,0.00011999999696854502
-5.238000017989315e-05,0.00011999999696854502
-5.237000017995393e-05,0.00011999999696854502
-5.23600001800147e-05,0.00011999999696854502
-5.2350000180075476e-05,0.00011999999696854502
-5.234000018013625e-05,7.999999797903001e-05
-5.2330000180197026e-05,0.00011999999696854502
-5.23200001802578e-05,0.00011999999696854502
-5.2310000180318575e-05,0.00011999999696854502
-5.230000018037935e-05,0.00011999999696854502
-5.2290000180440124e-05,0.00011999999696854502
-5.22800001805009e-05,0.00011999999696854502
-5.2270000180561674e-05,0.00011999999696854502
-5.226000018062245e-05,0.00011999999696854502
-5.225000018068322e-05,0.00011999999696854502
-5.2240000180744e-05,0.00011999999696854502
-5.223000018080477e-05,0.00011999999696854502
-5.222000018086555e-05,0.00011999999696854502
-5.221000018092632e-05,0.00011999999696854502
-5.22000001809871e-05,0.00011999999696854502
-5.219000018104787e-05,0.00011999999696854502
-5.2180000181108646e-05,0.00011999999696854502
-5.217000018116942e-05,7.999999797903001e-05
-5.2160000181230196e-05,0.00011999999696854502
-5.215000018129097e-05,0.00011999999696854502
-5.2140000181351745e-05,0.00011999999696854502
-5.213000018141252e-05,0.00011999999696854502
-5.2120000181473294e-05,0.00011999999696854502
-5.211000018153407e-05,0.00011999999696854502
-5.2100000181594844e-05,0.00011999999696854502
-5.209000018165562e-05,0.00011999999696854502
-5.208000018171639e-05,0.00011999999696854502
-5.207000018177717e-05,0.00011999999696854502
-5.206000018183794e-05,0.00011999999696854502
-5.205000018189872e-05,0.00011999999696854502
-5.204000018195949e-05,0.00011999999696854502
-5.203000018202027e-05,0.00011999999696854502
-5.202000018208104e-05,0.00011999999696854502
-5.2010000182141816e-05,0.00011999999696854502
-5.200000018220259e-05,0.00011999999696854502
-5.1990000182263366e-05,0.00011999999696854502
-5.198000018232414e-05,0.00011999999696854502
-5.1970000182384915e-05,0.00011999999696854502
-5.196000018244569e-05,7.999999797903001e-05
-5.1950000182506465e-05,0.00011999999696854502
-5.194000018256724e-05,0.00011999999696854502
-5.1930000182628014e-05,0.00011999999696854502
-5.192000018268879e-05,0.00011999999696854502
-5.1910000182749563e-05,0.00011999999696854502
-5.190000018281034e-05,0.00011999999696854502
-5.189000018287111e-05,0.00011999999696854502
-5.188000018293189e-05,0.00011999999696854502
-5.187000018299266e-05,0.00011999999696854502
-5.186000018305344e-05,0.00011999999696854502
-5.185000018311421e-05,0.00011999999696854502
-5.1840000183174986e-05,0.00011999999696854502
-5.183000018323576e-05,0.00011999999696854502
-5.1820000183296536e-05,0.00011999999696854502
-5.181000018335731e-05,0.00011999999696854502
-5.1800000183418085e-05,0.00011999999696854502
-5.179000018347886e-05,0.00011999999696854502
-5.1780000183539635e-05,0.00011999999696854502
-5.177000018360041e-05,0.00011999999696854502
-5.1760000183661184e-05,0.00011999999696854502
-5.175000018372196e-05,0.00011999999696854502
-5.1740000183782733e-05,0.00011999999696854502
-5.173000018384351e-05,0.00011999999696854502
-5.172000018390428e-05,0.00011999999696854502
-5.171000018396506e-05,0.00011999999696854502
-5.170000018402583e-05,0.00011999999696854502
-5.169000018408661e-05,0.00011999999696854502
-5.168000018414738e-05,0.00011999999696854502
-5.1670000184208156e-05,0.00011999999696854502
-5.166000018426893e-05,0.00011999999696854502
-5.1650000184329706e-05,0.00011999999696854502
-5.164000018439048e-05,0.00011999999696854502
-5.1630000184451255e-05,0.00011999999696854502
-5.162000018451203e-05,0.00011999999696854502
-5.1610000184572805e-05,0.00011999999696854502
-5.160000018463358e-05,0.00011999999696854502
-5.1590000184694354e-05,0.00011999999696854502
-5.158000018475513e-05,0.00011999999696854502
-5.1570000184815904e-05,0.00011999999696854502
-5.156000018487668e-05,0.00011999999696854502
-5.155000018493745e-05,0.00011999999696854502
-5.154000018499823e-05,0.00011999999696854502
-5.1530000185059e-05,0.00011999999696854502
-5.152000018511978e-05,0.00011999999696854502
-5.151000018518055e-05,0.00011999999696854502
-5.1500000185241326e-05,0.00011999999696854502
-5.14900001853021e-05,0.00011999999696854502
-5.1480000185362876e-05,0.00011999999696854502
-5.147000018542365e-05,0.00011999999696854502
-5.1460000185484425e-05,0.00011999999696854502
-5.14500001855452e-05,0.00011999999696854502
-5.1440000185605975e-05,0.00011999999696854502
-5.143000018566675e-05,0.00011999999696854502
-5.1420000185727524e-05,0.00011999999696854502
-5.14100001857883e-05,0.00011999999696854502
-5.1400000185849074e-05,0.00011999999696854502
-5.139000018590985e-05,0.00011999999696854502
-5.138000018597062e-05,0.00011999999696854502
-5.13700001860314e-05,0.00011999999696854502
-5.136000018609217e-05,0.00011999999696854502
-5.135000018615295e-05,0.00011999999696854502
-5.134000018621372e-05,0.00011999999696854502
-5.1330000186274497e-05,0.00011999999696854502
-5.132000018633527e-05,0.00011999999696854502
-5.1310000186396046e-05,0.00011999999696854502
-5.130000018645682e-05,0.00011999999696854502
-5.1290000186517595e-05,0.00011999999696854502
-5.128000018657837e-05,0.00011999999696854502
-5.1270000186639145e-05,0.00011999999696854502
-5.126000018669992e-05,0.00011999999696854502
-5.1250000186760694e-05,0.00011999999696854502
-5.124000018682147e-05,0.00011999999696854502
-5.1230000186882244e-05,0.00011999999696854502
-5.122000018694302e-05,0.00011999999696854502
-5.121000018700379e-05,0.00011999999696854502
-5.120000018706457e-05,3.9999998989515007e-05
-5.119000018712534e-05,0.00019999999494757503
-5.118000018718612e-05,0.00031999999191612005
-5.117000018724689e-05,0.0
-5.116000018730767e-05,-3.9999998989515007e-05
-5.115000018736844e-05,0.00011999999696854502
-5.1140000187429216e-05,0.00015999999595806003
-5.113000018748999e-05,0.00023999999393709004
-5.1120000187550765e-05,0.00015999999595806003
-5.111000018761154e-05,3.9999998989515007e-05
-5.1100000187672315e-05,3.9999998989515007e-05
-5.109000018773309e-05,0.00011999999696854502
-5.1080000187793864e-05,0.00019999999494757503
-5.107000018785464e-05,0.00015999999595806003
-5.1060000187915414e-05,7.999999797903001e-05
-5.105000018797619e-05,0.00011999999696854502
-5.104000018803696e-05,0.00015999999595806003
-5.103000018809774e-05,0.00011999999696854502
-5.102000018815851e-05,7.999999797903001e-05
-5.101000018821929e-05,0.00011999999696854502
-5.100000018828006e-05,0.00015999999595806003
-5.099000018834084e-05,0.00011999999696854502
-5.098000018840161e-05,7.999999797903001e-05
-5.0970000188462386e-05,7.999999797903001e-05
-5.096000018852316e-05,0.00015999999595806003
-5.0950000188583936e-05,0.00015999999595806003
-5.094000018864471e-05,7.999999797903001e-05
-5.0930000188705485e-05,7.999999797903001e-05
-5.092000018876626e-05,0.00011999999696854502
-5.0910000188827034e-05,0.00015999999595806003
-5.090000018888781e-05,0.00011999999696854502
-5.0890000188948584e-05,7.999999797903001e-05
-5.088000018900936e-05,0.00011999999696854502
-5.087000018907013e-05,0.00011999999696854502
-5.086000018913091e-05,7.999999797903001e-05
-5.085000018919168e-05,0.00011999999696854502
-5.084000018925246e-05,0.00015999999595806003
-5.083000018931323e-05,0.00011999999696854502
-5.082000018937401e-05,0.00011999999696854502
-5.081000018943478e-05,0.00011999999696854502
-5.0800000189495556e-05,0.00011999999696854502
-5.079000018955633e-05,0.00011999999696854502
-5.0780000189617106e-05,0.00011999999696854502
-5.077000018967788e-05,0.00011999999696854502
-5.0760000189738655e-05,0.00011999999696854502
-5.075000018979943e-05,7.999999797903001e-05
-5.0740000189860204e-05,0.00011999999696854502
-5.073000018992098e-05,0.00011999999696854502
-5.0720000189981754e-05,0.00011999999696854502
-5.071000019004253e-05,0.00011999999696854502
-5.07000001901033e-05,7.999999797903001e-05
-5.069000019016408e-05,0.00011999999696854502
-5.068000019022485e-05,0.00011999999696854502
-5.067000019028563e-05,7.999999797903001e-05
-5.06600001903464e-05,0.00011999999696854502
-5.065000019040718e-05,0.00015999999595806003
-5.064000019046795e-05,0.00011999999696854502
-5.0630000190528726e-05,0.00011999999696854502
-5.06200001905895e-05,7.999999797903001e-05
-5.0610000190650276e-05,0.00011999999696854502
-5.060000019071105e-05,0.00015999999595806003
-5.0590000190771825e-05,0.00011999999696854502
-5.05800001908326e-05,7.999999797903001e-05
-5.0570000190893375e-05,0.00011999999696854502
-5.056000019095415e-05,0.00011999999696854502
-5.0550000191014924e-05,0.00011999999696854502
-5.05400001910757e-05,0.00011999999696854502
-5.053000019113647e-05,0.00011999999696854502
-5.052000019119725e-05,0.00011999999696854502
-5.051000019125802e-05,0.00011999999696854502
-5.05000001913188e-05,7.999999797903001e-05
-5.049000019137957e-05,0.00011999999696854502
-5.048000019144035e-05,0.00011999999696854502
-5.047000019150112e-05,0.00011999999696854502
-5.0460000191561896e-05,0.00011999999696854502
-5.045000019162267e-05,0.00011999999696854502
-5.0440000191683446e-05,0.00011999999696854502
-5.043000019174422e-05,0.00011999999696854502
-5.0420000191804995e-05,0.00011999999696854502
-5.041000019186577e-05,0.00011999999696854502
-5.0400000191926545e-05,0.00011999999696854502
-5.039000019198732e-05,0.00011999999696854502
-5.0380000192048094e-05,0.00011999999696854502
-5.037000019210887e-05,0.00011999999696854502
-5.0360000192169643e-05,0.00011999999696854502
-5.035000019223042e-05,0.00011999999696854502
-5.034000019229119e-05,0.00011999999696854502
-5.033000019235197e-05,0.00011999999696854502
-5.032000019241274e-05,0.00011999999696854502
-5.031000019247352e-05,0.00011999999696854502
-5.030000019253429e-05,0.00011999999696854502
-5.0290000192595066e-05,0.00015999999595806003
-5.028000019265584e-05,0.00015999999595806003
-5.0270000192716616e-05,0.00015999999595806003
-5.026000019277739e-05,0.00015999999595806003
-5.0250000192838165e-05,0.00015999999595806003
-5.024000019289894e-05,0.00019999999494757503
-5.0230000192959715e-05,0.00019999999494757503
-5.022000019302049e-05,0.00019999999494757503
-5.0210000193081264e-05,0.00019999999494757503
-5.020000019314204e-05,0.00023999999393709004
-5.0190000193202813e-05,0.00027999999292660505
-5.018000019326359e-05,0.00027999999292660505
-5.017000019332436e-05,0.00031999999191612005
-5.016000019338514e-05,0.00031999999191612005
-5.015000019344591e-05,0.00035999999090563506
-5.014000019350669e-05,0.00039999998989515007
-5.013000019356746e-05,0.00043999998888466507
-5.0120000193628236e-05,0.0004799999878741801
-5.011000019368901e-05,0.0005199999868636951
-5.0100000193749786e-05,0.0005599999858532101
-5.009000019381056e-05,0.0005999999848427251
-5.0080000193871335e-05,0.0006799999828217551
-5.007000019393211e-05,0.0007199999818112701
-5.0060000193992885e-05,0.0007599999808007851
-5.005000019405366e-05,0.0007999999797903001
-5.0040000194114434e-05,0.0008399999787798151
-5.003000019417521e-05,0.0009199999767588452
-5.0020000194235984e-05,0.0009599999757483602
-5.001000019429676e-05,0.0009999999747378752
-5.000000019435753e-05,0.0010399999737273902
-4.999000019441831e-05,0.0010799999727169052
-4.998000019447908e-05,0.0011199999717064202
-4.997000019453986e-05,0.0011599999706959352
-4.996000019460063e-05,0.0011999999696854502
-4.9950000194661407e-05,0.0012399999686749652
-4.994000019472218e-05,0.0012399999686749652
-4.9930000194782956e-05,0.0012799999676644802
-4.992000019484373e-05,0.0013199999666539952
-4.9910000194904505e-05,0.0013199999666539952
-4.990000019496528e-05,0.0013599999656435102
-4.9890000195026055e-05,0.0013599999656435102
-4.988000019508683e-05,0.0013599999656435102
-4.9870000195147604e-05,0.0013599999656435102
-4.986000019520838e-05,0.0013599999656435102
-4.9850000195269154e-05,0.0013599999656435102
-4.984000019532993e-05,0.0013599999656435102
-4.98300001953907e-05,0.0013599999656435102
-4.982000019545148e-05,0.0013199999666539952
-4.981000019551225e-05,0.0013199999666539952
-4.980000019557303e-05,0.0013199999666539952
-4.97900001956338e-05,0.0013199999666539952
-4.9780000195694577e-05,0.0012799999676644802
-4.977000019575535e-05,0.0012399999686749652
-4.9760000195816126e-05,0.0011999999696854502
-4.97500001958769e-05,0.0011999999696854502
-4.9740000195937675e-05,0.0011199999717064202
-4.973000019599845e-05,0.0010799999727169052
-4.9720000196059225e-05,0.0010399999737273902
-4.971000019612e-05,0.0009999999747378752
-4.9700000196180774e-05,0.0009599999757483602
-4.969000019624155e-05,0.0008799999777693301
-4.9680000196302324e-05,0.0008799999777693301
-4.96700001963631e-05,0.0007999999797903001
-4.966000019642387e-05,0.0007599999808007851
-4.965000019648465e-05,0.0007199999818112701
-4.964000019654542e-05,0.0006399999838322401
-4.96300001966062e-05,0.0005999999848427251
-4.962000019666697e-05,0.0005599999858532101
-4.961000019672775e-05,0.0004799999878741801
-4.960000019678852e-05,0.00043999998888466507
-4.9590000196849296e-05,0.00043999998888466507
-4.958000019691007e-05,0.00039999998989515007
-4.9570000196970845e-05,0.00031999999191612005
-4.956000019703162e-05,0.00031999999191612005
-4.9550000197092395e-05,0.00031999999191612005
-4.954000019715317e-05,0.00027999999292660505
-4.9530000197213944e-05,0.00023999999393709004
-4.952000019727472e-05,0.00019999999494757503
-4.9510000197335494e-05,0.00019999999494757503
-4.950000019739627e-05,0.00019999999494757503
-4.949000019745704e-05,0.00019999999494757503
-4.948000019751782e-05,0.00015999999595806003
-4.947000019757859e-05,0.00015999999595806003
-4.946000019763937e-05,0.00015999999595806003
-4.945000019770014e-05,0.00015999999595806003
-4.944000019776092e-05,0.00015999999595806003
-4.943000019782169e-05,0.00015999999595806003
-4.9420000197882466e-05,0.00011999999696854502
-4.941000019794324e-05,0.00015999999595806003
-4.9400000198004016e-05,0.00011999999696854502
-4.939000019806479e-05,0.00011999999696854502
-4.9380000198125565e-05,0.00011999999696854502
-4.937000019818634e-05,0.00011999999696854502
-4.9360000198247114e-05,0.00011999999696854502
-4.935000019830789e-05,0.00011999999696854502
-4.9340000198368664e-05,0.00011999999696854502
-4.933000019842944e-05,0.00011999999696854502
-4.932000019849021e-05,0.00011999999696854502
-4.931000019855099e-05,0.00011999999696854502
-4.930000019861176e-05,0.00011999999696854502
-4.929000019867254e-05,0.00011999999696854502
-4.928000019873331e-05,0.00011999999696854502
-4.927000019879409e-05,0.00011999999696854502
-4.926000019885486e-05,0.00011999999696854502
-4.9250000198915636e-05,0.00011999999696854502
-4.924000019897641e-05,7.999999797903001e-05
-4.9230000199037186e-05,0.00011999999696854502
-4.922000019909796e-05,0.00011999999696854502
-4.9210000199158735e-05,0.00011999999696854502
-4.920000019921951e-05,0.00011999999696854502
-4.9190000199280284e-05,0.00011999999696854502
-4.918000019934106e-05,0.00011999999696854502
-4.9170000199401834e-05,0.00011999999696854502
-4.916000019946261e-05,0.00011999999696854502
-4.915000019952338e-05,0.00011999999696854502
-4.914000019958416e-05,0.00011999999696854502
-4.913000019964493e-05,0.00011999999696854502
-4.912000019970571e-05,0.00011999999696854502
-4.911000019976648e-05,0.00011999999696854502
-4.910000019982726e-05,0.00011999999696854502
-4.909000019988803e-05,0.00011999999696854502
-4.9080000199948806e-05,0.00011999999696854502
-4.907000020000958e-05,7.999999797903001e-05
-4.9060000200070356e-05,0.00011999999696854502
-4.905000020013113e-05,0.00011999999696854502
-4.9040000200191905e-05,0.00011999999696854502
-4.903000020025268e-05,0.00011999999696854502
-4.9020000200313455e-05,0.00011999999696854502
-4.901000020037423e-05,0.00011999999696854502
-4.9000000200435004e-05,0.00011999999696854502
-4.899000020049578e-05,0.00011999999696854502
-4.898000020055655e-05,0.00011999999696854502
-4.897000020061733e-05,0.00011999999696854502
-4.89600002006781e-05,0.00011999999696854502
-4.895000020073888e-05,0.00011999999696854502
-4.894000020079965e-05,0.00011999999696854502
-4.893000020086043e-05,0.00011999999696854502
-4.89200002009212e-05,0.00011999999696854502
-4.8910000200981976e-05,0.00011999999696854502
-4.890000020104275e-05,0.00011999999696854502
-4.8890000201103526e-05,0.00011999999696854502
-4.88800002011643e-05,0.00011999999696854502
-4.8870000201225075e-05,0.00011999999696854502
-4.886000020128585e-05,0.00011999999696854502
-4.8850000201346625e-05,0.00011999999696854502
-4.88400002014074e-05,0.00011999999696854502
-4.8830000201468174e-05,0.00011999999696854502
-4.882000020152895e-05,0.00011999999696854502
-4.8810000201589723e-05,0.00011999999696854502
-4.88000002016505e-05,0.00011999999696854502
-4.879000020171127e-05,0.00011999999696854502
-4.878000020177205e-05,0.00011999999696854502
-4.877000020183282e-05,0.00011999999696854502
-4.87600002018936e-05,0.00011999999696854502
-4.875000020195437e-05,0.00011999999696854502
-4.8740000202015146e-05,0.00011999999696854502
-4.873000020207592e-05,0.00011999999696854502
-4.8720000202136696e-05,0.00011999999696854502
-4.871000020219747e-05,0.00011999999696854502
-4.8700000202258245e-05,0.00011999999696854502
-4.869000020231902e-05,0.00011999999696854502
-4.8680000202379795e-05,0.00011999999696854502
-4.867000020244057e-05,0.00011999999696854502
-4.8660000202501344e-05,0.00011999999696854502
-4.865000020256212e-05,0.00011999999696854502
-4.8640000202622893e-05,0.00011999999696854502
-4.863000020268367e-05,0.00011999999696854502
-4.862000020274444e-05,0.00011999999696854502
-4.861000020280522e-05,0.00011999999696854502
-4.860000020286599e-05,0.00011999999696854502
-4.859000020292677e-05,0.00011999999696854502
-4.858000020298754e-05,0.00011999999696854502
-4.8570000203048316e-05,0.00011999999696854502
-4.856000020310909e-05,0.00011999999696854502
-4.8550000203169866e-05,7.999999797903001e-05
-4.854000020323064e-05,0.00011999999696854502
-4.8530000203291415e-05,0.00011999999696854502
-4.852000020335219e-05,0.00011999999696854502
-4.8510000203412965e-05,0.00011999999696854502
-4.850000020347374e-05,0.00011999999696854502
-4.8490000203534514e-05,0.00011999999696854502
-4.848000020359529e-05,0.00011999999696854502
-4.8470000203656064e-05,0.00011999999696854502
-4.846000020371684e-05,0.00011999999696854502
-4.845000020377761e-05,0.00011999999696854502
-4.844000020383839e-05,0.00011999999696854502
-4.843000020389916e-05,0.00011999999696854502
-4.842000020395994e-05,0.00011999999696854502
-4.841000020402071e-05,0.00015999999595806003
-4.8400000204081487e-05,0.00011999999696854502
-4.839000020414226e-05,0.00011999999696854502
-4.8380000204203036e-05,0.00011999999696854502
-4.837000020426381e-05,0.00011999999696854502
-4.8360000204324585e-05,0.00011999999696854502
-4.835000020438536e-05,0.00011999999696854502
-4.8340000204446135e-05,0.00011999999696854502
-4.833000020450691e-05,0.00011999999696854502
-4.8320000204567684e-05,0.00011999999696854502
-4.831000020462846e-05,0.00011999999696854502
-4.8300000204689234e-05,0.00011999999696854502
-4.829000020475001e-05,0.00011999999696854502
-4.828000020481078e-05,0.00011999999696854502
-4.827000020487156e-05,7.999999797903001e-05
-4.826000020493233e-05,0.00011999999696854502
-4.825000020499311e-05,0.00011999999696854502
-4.824000020505388e-05,0.00011999999696854502
-4.8230000205114657e-05,0.00011999999696854502
-4.822000020517543e-05,0.00011999999696854502
-4.8210000205236206e-05,0.00011999999696854502
-4.820000020529698e-05,0.00011999999696854502
-4.8190000205357755e-05,0.00011999999696854502
-4.818000020541853e-05,0.00011999999696854502
-4.8170000205479305e-05,0.00011999999696854502
-4.816000020554008e-05,0.00011999999696854502
-4.8150000205600854e-05,7.999999797903001e-05
-4.814000020566163e-05,7.999999797903001e-05
-4.8130000205722404e-05,0.00011999999696854502
-4.812000020578318e-05,0.00011999999696854502
-4.811000020584395e-05,0.00011999999696854502
-4.810000020590473e-05,0.00011999999696854502
-4.80900002059655e-05,0.00011999999696854502
-4.808000020602628e-05,0.00011999999696854502
-4.807000020608705e-05,0.00011999999696854502
-4.806000020614783e-05,0.00011999999696854502
-4.80500002062086e-05,0.00011999999696854502
-4.8040000206269376e-05,0.00011999999696854502
-4.803000020633015e-05,0.00011999999696854502
-4.8020000206390925e-05,0.00011999999696854502
-4.80100002064517e-05,0.00011999999696854502
-4.8000000206512475e-05,0.00011999999696854502
-4.799000020657325e-05,0.00011999999696854502
-4.7980000206634024e-05,7.999999797903001e-05
-4.79700002066948e-05,0.00011999999696854502
-4.7960000206755574e-05,0.00011999999696854502
-4.795000020681635e-05,0.00011999999696854502
-4.794000020687712e-05,0.00011999999696854502
-4.79300002069379e-05,0.00011999999696854502
-4.792000020699867e-05,0.00011999999696854502
-4.791000020705945e-05,0.00011999999696854502
-4.790000020712022e-05,0.00011999999696854502
-4.7890000207181e-05,7.999999797903001e-05
-4.788000020724177e-05,0.00011999999696854502
-4.7870000207302546e-05,0.00011999999696854502
-4.786000020736332e-05,0.00011999999696854502
-4.7850000207424096e-05,0.00011999999696854502
-4.784000020748487e-05,0.00011999999696854502
-4.7830000207545645e-05,0.00011999999696854502
-4.782000020760642e-05,0.00011999999696854502
-4.7810000207667194e-05,0.00011999999696854502
-4.780000020772797e-05,0.00011999999696854502
-4.7790000207788744e-05,0.00011999999696854502
-4.778000020784952e-05,0.00011999999696854502
-4.777000020791029e-05,7.999999797903001e-05
-4.776000020797107e-05,0.00011999999696854502
-4.775000020803184e-05,0.00011999999696854502
-4.774000020809262e-05,0.00011999999696854502
-4.773000020815339e-05,0.00011999999696854502
-4.772000020821417e-05,0.00011999999696854502
-4.771000020827494e-05,0.00011999999696854502
-4.7700000208335716e-05,0.00011999999696854502
-4.769000020839649e-05,0.00011999999696854502
-4.7680000208457266e-05,0.00011999999696854502
-4.767000020851804e-05,0.00011999999696854502
-4.7660000208578815e-05,0.00011999999696854502
-4.765000020863959e-05,0.00011999999696854502
-4.7640000208700364e-05,0.00011999999696854502
-4.763000020876114e-05,0.00011999999696854502
-4.7620000208821914e-05,0.00011999999696854502
-4.761000020888269e-05,7.999999797903001e-05
-4.760000020894346e-05,0.00011999999696854502
-4.759000020900424e-05,0.00011999999696854502
-4.758000020906501e-05,0.00011999999696854502
-4.757000020912579e-05,0.00011999999696854502
-4.756000020918656e-05,7.999999797903001e-05
-4.755000020924734e-05,0.00011999999696854502
-4.754000020930811e-05,0.00011999999696854502
-4.7530000209368886e-05,7.999999797903001e-05
-4.752000020942966e-05,0.00011999999696854502
-4.7510000209490436e-05,0.00011999999696854502
-4.750000020955121e-05,0.00011999999696854502
-4.7490000209611985e-05,0.00011999999696854502
-4.748000020967276e-05,0.00011999999696854502
-4.7470000209733535e-05,0.00011999999696854502
-4.746000020979431e-05,0.00011999999696854502
-4.7450000209855084e-05,0.00011999999696854502
-4.744000020991586e-05,0.00011999999696854502
-4.743000020997663e-05,0.00011999999696854502
-4.742000021003741e-05,0.00011999999696854502
-4.741000021009818e-05,0.00011999999696854502
-4.740000021015896e-05,0.00011999999696854502
-4.739000021021973e-05,0.00011999999696854502
-4.738000021028051e-05,0.00011999999696854502
-4.737000021034128e-05,7.999999797903001e-05
-4.7360000210402056e-05,7.999999797903001e-05
-4.735000021046283e-05,0.00011999999696854502
-4.7340000210523606e-05,0.00011999999696854502
-4.733000021058438e-05,7.999999797903001e-05
-4.7320000210645155e-05,0.00011999999696854502
-4.731000021070593e-05,0.00011999999696854502
-4.7300000210766705e-05,0.00011999999696854502
-4.729000021082748e-05,0.00011999999696854502
-4.7280000210888254e-05,0.00011999999696854502
-4.727000021094903e-05,0.00011999999696854502
-4.7260000211009803e-05,0.00011999999696854502
-4.725000021107058e-05,0.00011999999696854502
-4.724000021113135e-05,0.00011999999696854502
-4.723000021119213e-05,7.999999797903001e-05
-4.72200002112529e-05,0.00011999999696854502
-4.721000021131368e-05,0.00011999999696854502
-4.720000021137445e-05,0.00011999999696854502
-4.7190000211435226e-05,0.00011999999696854502
-4.7180000211496e-05,0.00011999999696854502
-4.7170000211556776e-05,7.999999797903001e-05
-4.716000021161755e-05,0.00011999999696854502
-4.7150000211678325e-05,0.00011999999696854502
-4.71400002117391e-05,0.00011999999696854502
-4.7130000211799875e-05,0.00011999999696854502
-4.712000021186065e-05,0.00011999999696854502
-4.7110000211921424e-05,0.00011999999696854502
-4.71000002119822e-05,0.00011999999696854502
-4.7090000212042973e-05,0.00011999999696854502
-4.708000021210375e-05,0.00011999999696854502
-4.707000021216452e-05,0.00011999999696854502
-4.70600002122253e-05,0.00011999999696854502
-4.705000021228607e-05,0.00011999999696854502
-4.704000021234685e-05,0.00011999999696854502
-4.703000021240762e-05,0.00011999999696854502
-4.7020000212468396e-05,0.00011999999696854502
-4.701000021252917e-05,0.00011999999696854502
-4.7000000212589946e-05,0.00011999999696854502
-4.699000021265072e-05,0.00011999999696854502
-4.6980000212711495e-05,0.00011999999696854502
-4.697000021277227e-05,0.00011999999696854502
-4.6960000212833045e-05,0.00011999999696854502
-4.695000021289382e-05,0.00011999999696854502
-4.6940000212954594e-05,0.00011999999696854502
-4.693000021301537e-05,0.00011999999696854502
-4.6920000213076144e-05,0.00011999999696854502
-4.691000021313692e-05,0.00011999999696854502
-4.690000021319769e-05,0.00011999999696854502
-4.689000021325847e-05,0.00011999999696854502
-4.688000021331924e-05,0.00011999999696854502
-4.687000021338002e-05,7.999999797903001e-05
-4.686000021344079e-05,0.00011999999696854502
-4.6850000213501567e-05,0.00011999999696854502
-4.684000021356234e-05,0.00011999999696854502
-4.6830000213623116e-05,0.00011999999696854502
-4.682000021368389e-05,0.00011999999696854502
-4.6810000213744665e-05,0.00011999999696854502
-4.680000021380544e-05,0.00011999999696854502
-4.6790000213866215e-05,0.00011999999696854502
-4.678000021392699e-05,0.00011999999696854502
-4.6770000213987764e-05,0.00011999999696854502
-4.676000021404854e-05,0.00011999999696854502
-4.6750000214109314e-05,0.00011999999696854502
-4.674000021417009e-05,0.00011999999696854502
-4.673000021423086e-05,0.00011999999696854502
-4.672000021429164e-05,0.00011999999696854502
-4.671000021435241e-05,0.00011999999696854502
-4.670000021441319e-05,0.00011999999696854502
-4.669000021447396e-05,0.00011999999696854502
-4.6680000214534737e-05,0.00011999999696854502
-4.667000021459551e-05,0.00011999999696854502
-4.6660000214656286e-05,0.00011999999696854502
-4.665000021471706e-05,0.00011999999696854502
-4.6640000214777835e-05,0.00011999999696854502
-4.663000021483861e-05,0.00011999999696854502
-4.6620000214899385e-05,0.00011999999696854502
-4.661000021496016e-05,0.00011999999696854502
-4.6600000215020934e-05,0.00011999999696854502
-4.659000021508171e-05,0.00011999999696854502
-4.6580000215142484e-05,0.00011999999696854502
-4.657000021520326e-05,0.00011999999696854502
-4.656000021526403e-05,0.00011999999696854502
-4.655000021532481e-05,0.00011999999696854502
-4.654000021538558e-05,0.00011999999696854502
-4.653000021544636e-05,0.00011999999696854502
-4.652000021550713e-05,0.00011999999696854502
-4.651000021556791e-05,0.00011999999696854502
-4.650000021562868e-05,0.00011999999696854502
-4.6490000215689456e-05,0.00011999999696854502
-4.648000021575023e-05,0.00011999999696854502
-4.6470000215811005e-05,0.00011999999696854502
-4.646000021587178e-05,0.00011999999696854502
-4.6450000215932555e-05,0.00011999999696854502
-4.644000021599333e-05,0.00011999999696854502
-4.6430000216054104e-05,0.00011999999696854502
-4.642000021611488e-05,0.00011999999696854502
-4.6410000216175654e-05,0.00011999999696854502
-4.640000021623643e-05,0.00011999999696854502
-4.63900002162972e-05,0.00011999999696854502
-4.638000021635798e-05,0.00011999999696854502
-4.637000021641875e-05,0.00011999999696854502
-4.636000021647953e-05,0.00011999999696854502
-4.63500002165403e-05,0.00011999999696854502
-4.634000021660108e-05,7.999999797903001e-05
-4.633000021666185e-05,7.999999797903001e-05
-4.6320000216722626e-05,0.00011999999696854502
-4.63100002167834e-05,0.00011999999696854502
-4.6300000216844176e-05,0.00011999999696854502
-4.629000021690495e-05,0.00011999999696854502
-4.6280000216965725e-05,0.00011999999696854502
-4.62700002170265e-05,0.00011999999696854502
-4.6260000217087274e-05,0.00011999999696854502
-4.625000021714805e-05,0.00011999999696854502
-4.6240000217208824e-05,0.00011999999696854502
-4.62300002172696e-05,0.00011999999696854502
-4.622000021733037e-05,0.00011999999696854502
-4.621000021739115e-05,0.00011999999696854502
-4.620000021745192e-05,0.00011999999696854502
-4.61900002175127e-05,0.00011999999696854502
-4.618000021757347e-05,0.00011999999696854502
-4.617000021763425e-05,0.00011999999696854502
-4.616000021769502e-05,0.00011999999696854502
-4.6150000217755796e-05,0.00011999999696854502
-4.614000021781657e-05,0.00011999999696854502
-4.6130000217877346e-05,0.00011999999696854502
-4.612000021793812e-05,0.00011999999696854502
-4.6110000217998895e-05,0.00011999999696854502
-4.610000021805967e-05,0.00011999999696854502
-4.6090000218120444e-05,0.00011999999696854502
-4.608000021818122e-05,0.00011999999696854502
-4.6070000218241994e-05,0.00011999999696854502
-4.606000021830277e-05,0.00011999999696854502
-4.605000021836354e-05,0.00011999999696854502
-4.604000021842432e-05,0.00011999999696854502
-4.603000021848509e-05,0.00011999999696854502
-4.602000021854587e-05,0.00011999999696854502
-4.601000021860664e-05,0.00011999999696854502
-4.600000021866742e-05,0.00011999999696854502
-4.599000021872819e-05,0.00011999999696854502
-4.5980000218788966e-05,7.999999797903001e-05
-4.597000021884974e-05,0.00011999999696854502
-4.5960000218910516e-05,0.00011999999696854502
-4.595000021897129e-05,0.00011999999696854502
-4.5940000219032065e-05,0.00011999999696854502
-4.593000021909284e-05,0.00011999999696854502
-4.5920000219153615e-05,0.00011999999696854502
-4.591000021921439e-05,0.00011999999696854502
-4.5900000219275164e-05,0.00011999999696854502
-4.589000021933594e-05,0.00011999999696854502
-4.588000021939671e-05,0.00011999999696854502
-4.587000021945749e-05,0.00011999999696854502
-4.586000021951826e-05,7.999999797903001e-05
-4.585000021957904e-05,0.00011999999696854502
-4.584000021963981e-05,0.00011999999696854502
-4.583000021970059e-05,0.00011999999696854502
-4.582000021976136e-05,0.00011999999696854502
-4.5810000219822136e-05,0.00011999999696854502
-4.580000021988291e-05,0.00011999999696854502
-4.5790000219943686e-05,0.00011999999696854502
-4.578000022000446e-05,0.00011999999696854502
-4.5770000220065235e-05,0.00011999999696854502
-4.576000022012601e-05,0.00011999999696854502
-4.5750000220186785e-05,0.00011999999696854502
-4.574000022024756e-05,0.00011999999696854502
-4.5730000220308334e-05,0.00011999999696854502
-4.572000022036911e-05,0.00011999999696854502
-4.5710000220429883e-05,0.00011999999696854502
-4.570000022049066e-05,0.00011999999696854502
-4.569000022055143e-05,0.00011999999696854502
-4.568000022061221e-05,0.00011999999696854502
-4.567000022067298e-05,0.00011999999696854502
-4.566000022073376e-05,0.00011999999696854502
-4.565000022079453e-05,0.00011999999696854502
-4.5640000220855306e-05,0.00011999999696854502
-4.563000022091608e-05,0.00011999999696854502
-4.5620000220976856e-05,0.00011999999696854502
-4.561000022103763e-05,0.00011999999696854502
-4.5600000221098405e-05,0.00011999999696854502
-4.559000022115918e-05,0.00011999999696854502
-4.5580000221219955e-05,0.00011999999696854502
-4.557000022128073e-05,7.999999797903001e-05
-4.5560000221341504e-05,0.00011999999696854502
-4.555000022140228e-05,0.00011999999696854502
-4.5540000221463053e-05,0.00011999999696854502
-4.553000022152383e-05,0.00011999999696854502
-4.55200002215846e-05,0.00011999999696854502
-4.551000022164538e-05,0.00011999999696854502
-4.550000022170615e-05,0.00011999999696854502
-4.549000022176693e-05,0.00011999999696854502
-4.54800002218277e-05,0.00011999999696854502
-4.5470000221888476e-05,0.00011999999696854502
-4.546000022194925e-05,0.00011999999696854502
-4.5450000222010026e-05,7.999999797903001e-05
-4.54400002220708e-05,0.00011999999696854502
-4.5430000222131575e-05,0.00011999999696854502
-4.542000022219235e-05,0.00011999999696854502
-4.5410000222253125e-05,0.00011999999696854502
-4.54000002223139e-05,0.00011999999696854502
-4.5390000222374674e-05,0.00011999999696854502
-4.538000022243545e-05,0.00011999999696854502
-4.5370000222496224e-05,0.00011999999696854502
-4.5360000222557e-05,0.00011999999696854502
-4.535000022261777e-05,0.00011999999696854502
-4.534000022267855e-05,0.00011999999696854502
-4.533000022273932e-05,7.999999797903001e-05
-4.53200002228001e-05,0.00011999999696854502
-4.531000022286087e-05,0.00011999999696854502
-4.5300000222921647e-05,0.00011999999696854502
-4.529000022298242e-05,7.999999797903001e-05
-4.5280000223043196e-05,0.00011999999696854502
-4.527000022310397e-05,0.00011999999696854502
-4.5260000223164745e-05,0.00011999999696854502
-4.525000022322552e-05,7.999999797903001e-05
-4.5240000223286295e-05,0.00011999999696854502
-4.523000022334707e-05,0.00011999999696854502
-4.5220000223407844e-05,0.00011999999696854502
-4.521000022346862e-05,7.999999797903001e-05
-4.5200000223529394e-05,0.00011999999696854502
-4.519000022359017e-05,0.00011999999696854502
-4.518000022365094e-05,0.00011999999696854502
-4.517000022371172e-05,0.00011999999696854502
-4.516000022377249e-05,7.999999797903001e-05
-4.515000022383327e-05,0.00011999999696854502
-4.514000022389404e-05,0.00011999999696854502
-4.5130000223954817e-05,0.00011999999696854502
-4.512000022401559e-05,0.00011999999696854502
-4.5110000224076366e-05,0.00011999999696854502
-4.510000022413714e-05,0.00011999999696854502
-4.5090000224197915e-05,0.00011999999696854502
-4.508000022425869e-05,0.00011999999696854502
-4.5070000224319465e-05,0.00011999999696854502
-4.506000022438024e-05,0.00011999999696854502
-4.5050000224441014e-05,0.00011999999696854502
-4.504000022450179e-05,0.00011999999696854502
-4.5030000224562564e-05,0.00011999999696854502
-4.502000022462334e-05,0.00011999999696854502
-4.501000022468411e-05,0.00011999999696854502
-4.500000022474489e-05,0.00011999999696854502
-4.499000022480566e-05,0.00011999999696854502
-4.498000022486644e-05,0.00011999999696854502
-4.497000022492721e-05,0.00011999999696854502
-4.496000022498799e-05,7.999999797903001e-05
-4.495000022504876e-05,0.00011999999696854502
-4.4940000225109536e-05,0.00011999999696854502
-4.493000022517031e-05,0.00011999999696854502
-4.4920000225231085e-05,0.00011999999696854502
-4.491000022529186e-05,0.00011999999696854502
-4.4900000225352635e-05,0.00011999999696854502
-4.489000022541341e-05,0.00011999999696854502
-4.4880000225474184e-05,0.00011999999696854502
-4.487000022553496e-05,0.00011999999696854502
-4.4860000225595734e-05,0.00011999999696854502
-4.485000022565651e-05,0.00011999999696854502
-4.484000022571728e-05,0.00011999999696854502
-4.483000022577806e-05,0.00011999999696854502
-4.482000022583883e-05,0.00011999999696854502
-4.481000022589961e-05,0.00011999999696854502
-4.480000022596038e-05,0.00011999999696854502
-4.479000022602116e-05,0.00011999999696854502
-4.478000022608193e-05,0.00011999999696854502
-4.4770000226142706e-05,0.00011999999696854502
-4.476000022620348e-05,0.00011999999696854502
-4.4750000226264256e-05,0.00011999999696854502
-4.474000022632503e-05,0.00011999999696854502
-4.4730000226385805e-05,0.00011999999696854502
-4.472000022644658e-05,0.00011999999696854502
-4.4710000226507354e-05,0.00011999999696854502
-4.470000022656813e-05,7.999999797903001e-05
-4.4690000226628904e-05,0.00011999999696854502
-4.468000022668968e-05,0.00011999999696854502
-4.467000022675045e-05,7.999999797903001e-05
-4.466000022681123e-05,0.00011999999696854502
-4.4650000226872e-05,0.00011999999696854502
-4.464000022693278e-05,0.00011999999696854502
-4.463000022699355e-05,0.00011999999696854502
-4.462000022705433e-05,0.00011999999696854502
-4.46100002271151e-05,0.00011999999696854502
-4.4600000227175876e-05,0.00011999999696854502
-4.459000022723665e-05,0.00011999999696854502
-4.4580000227297426e-05,0.00011999999696854502
-4.45700002273582e-05,0.00011999999696854502
-4.4560000227418975e-05,0.00011999999696854502
-4.455000022747975e-05,0.00011999999696854502
-4.4540000227540524e-05,0.00011999999696854502
-4.45300002276013e-05,0.00011999999696854502
-4.4520000227662074e-05,0.00011999999696854502
-4.451000022772285e-05,0.00011999999696854502
-4.450000022778362e-05,0.00011999999696854502
-4.44900002278444e-05,0.00011999999696854502
-4.448000022790517e-05,0.00011999999696854502
-4.447000022796595e-05,0.00011999999696854502
-4.446000022802672e-05,0.00011999999696854502
-4.44500002280875e-05,0.00011999999696854502
-4.444000022814827e-05,7.999999797903001e-05
-4.4430000228209046e-05,0.00011999999696854502
-4.442000022826982e-05,0.00011999999696854502
-4.4410000228330596e-05,0.00011999999696854502
-4.440000022839137e-05,0.00011999999696854502
-4.4390000228452145e-05,0.00011999999696854502
-4.438000022851292e-05,0.00011999999696854502
-4.4370000228573695e-05,7.999999797903001e-05
-4.436000022863447e-05,0.00011999999696854502
-4.4350000228695244e-05,0.00011999999696854502
-4.434000022875602e-05,0.00011999999696854502
-4.433000022881679e-05,0.00011999999696854502
-4.432000022887757e-05,0.00011999999696854502
-4.431000022893834e-05,0.00011999999696854502
-4.430000022899912e-05,0.00011999999696854502
-4.429000022905989e-05,0.00011999999696854502
-4.428000022912067e-05,0.00011999999696854502
-4.427000022918144e-05,7.999999797903001e-05
-4.4260000229242216e-05,0.00011999999696854502
-4.425000022930299e-05,0.00011999999696854502
-4.4240000229363766e-05,0.00011999999696854502
-4.423000022942454e-05,7.999999797903001e-05
-4.4220000229485315e-05,0.00011999999696854502
-4.421000022954609e-05,0.00011999999696854502
-4.4200000229606865e-05,0.00011999999696854502
-4.419000022966764e-05,0.00011999999696854502
-4.4180000229728414e-05,0.00011999999696854502
-4.417000022978919e-05,0.00011999999696854502
-4.4160000229849963e-05,0.00011999999696854502
-4.415000022991074e-05,0.00011999999696854502
-4.414000022997151e-05,0.00011999999696854502
-4.413000023003229e-05,0.00011999999696854502
-4.412000023009306e-05,0.00011999999696854502
-4.411000023015384e-05,0.00011999999696854502
-4.410000023021461e-05,0.00011999999696854502
-4.4090000230275386e-05,0.00011999999696854502
-4.408000023033616e-05,0.00011999999696854502
-4.4070000230396936e-05,0.00011999999696854502
-4.406000023045771e-05,0.00011999999696854502
-4.4050000230518485e-05,0.00011999999696854502
-4.404000023057926e-05,0.00011999999696854502
-4.4030000230640035e-05,7.999999797903001e-05
-4.402000023070081e-05,0.00011999999696854502
-4.4010000230761584e-05,0.00011999999696854502
-4.400000023082236e-05,0.00011999999696854502
-4.3990000230883133e-05,0.00011999999696854502
-4.398000023094391e-05,0.00011999999696854502
-4.397000023100468e-05,0.00011999999696854502
-4.396000023106546e-05,0.00011999999696854502
-4.395000023112623e-05,0.00011999999696854502
-4.394000023118701e-05,0.00011999999696854502
-4.393000023124778e-05,0.00011999999696854502
-4.3920000231308556e-05,0.00011999999696854502
-4.391000023136933e-05,0.00011999999696854502
-4.3900000231430106e-05,7.999999797903001e-05
-4.389000023149088e-05,0.00011999999696854502
-4.3880000231551655e-05,0.00011999999696854502
-4.387000023161243e-05,0.00011999999696854502
-4.3860000231673205e-05,7.999999797903001e-05
-4.385000023173398e-05,0.00011999999696854502
-4.3840000231794754e-05,0.00011999999696854502
-4.383000023185553e-05,0.00011999999696854502
-4.3820000231916304e-05,0.00011999999696854502
-4.381000023197708e-05,0.00011999999696854502
-4.380000023203785e-05,0.00011999999696854502
-4.379000023209863e-05,0.00011999999696854502
-4.37800002321594e-05,0.00011999999696854502
-4.377000023222018e-05,0.00011999999696854502
-4.376000023228095e-05,0.00011999999696854502
-4.3750000232341727e-05,0.00011999999696854502
-4.37400002324025e-05,0.00011999999696854502
-4.3730000232463276e-05,0.00011999999696854502
-4.372000023252405e-05,0.00011999999696854502
-4.3710000232584825e-05,0.00011999999696854502
-4.37000002326456e-05,0.00011999999696854502
-4.3690000232706375e-05,0.00011999999696854502
-4.368000023276715e-05,0.00011999999696854502
-4.3670000232827924e-05,0.00011999999696854502
-4.36600002328887e-05,0.00011999999696854502
-4.3650000232949474e-05,0.00011999999696854502
-4.364000023301025e-05,0.00011999999696854502
-4.363000023307102e-05,0.00011999999696854502
-4.36200002331318e-05,0.00011999999696854502
-4.361000023319257e-05,0.00011999999696854502
-4.360000023325335e-05,0.00011999999696854502
-4.359000023331412e-05,0.00011999999696854502
-4.3580000233374897e-05,0.00011999999696854502
-4.357000023343567e-05,0.00011999999696854502
-4.3560000233496446e-05,0.00011999999696854502
-4.355000023355722e-05,0.00011999999696854502
-4.3540000233617995e-05,0.00011999999696854502
-4.353000023367877e-05,7.999999797903001e-05
-4.3520000233739545e-05,0.00011999999696854502
-4.351000023380032e-05,0.00011999999696854502
-4.3500000233861094e-05,0.00011999999696854502
-4.349000023392187e-05,0.00011999999696854502
-4.3480000233982644e-05,0.00011999999696854502
-4.347000023404342e-05,0.00011999999696854502
-4.346000023410419e-05,0.00011999999696854502
-4.345000023416497e-05,7.999999797903001e-05
-4.344000023422574e-05,0.00011999999696854502
-4.343000023428652e-05,0.00011999999696854502
-4.342000023434729e-05,0.00011999999696854502
-4.341000023440807e-05,0.00011999999696854502
-4.340000023446884e-05,0.00011999999696854502
-4.3390000234529616e-05,0.00011999999696854502
-4.338000023459039e-05,0.00011999999696854502
-4.3370000234651165e-05,7.999999797903001e-05
-4.336000023471194e-05,0.00011999999696854502
-4.3350000234772715e-05,0.00011999999696854502
-4.334000023483349e-05,0.00011999999696854502
-4.3330000234894264e-05,0.00011999999696854502
-4.332000023495504e-05,0.00011999999696854502
-4.3310000235015814e-05,0.00011999999696854502
-4.330000023507659e-05,7.999999797903001e-05
-4.329000023513736e-05,7.999999797903001e-05
-4.328000023519814e-05,0.00011999999696854502
-4.327000023525891e-05,0.00011999999696854502
-4.326000023531969e-05,0.00011999999696854502
-4.325000023538046e-05,0.00011999999696854502
-4.324000023544124e-05,0.00011999999696854502
-4.323000023550201e-05,0.00011999999696854502
-4.3220000235562786e-05,0.00011999999696854502
-4.321000023562356e-05,0.00011999999696854502
-4.3200000235684336e-05,0.00011999999696854502
-4.319000023574511e-05,0.00011999999696854502
-4.3180000235805885e-05,0.00011999999696854502
-4.317000023586666e-05,0.00011999999696854502
-4.3160000235927434e-05,0.00011999999696854502
-4.315000023598821e-05,0.00011999999696854502
-4.3140000236048984e-05,0.00011999999696854502
-4.313000023610976e-05,0.00011999999696854502
-4.312000023617053e-05,7.999999797903001e-05
-4.311000023623131e-05,0.00011999999696854502
-4.310000023629208e-05,0.00011999999696854502
-4.309000023635286e-05,0.00011999999696854502
-4.308000023641363e-05,0.00011999999696854502
-4.307000023647441e-05,0.00011999999696854502
-4.306000023653518e-05,0.00011999999696854502
-4.3050000236595956e-05,0.00011999999696854502
-4.304000023665673e-05,7.999999797903001e-05
-4.3030000236717506e-05,7.999999797903001e-05
-4.302000023677828e-05,0.00011999999696854502
-4.3010000236839055e-05,0.00011999999696854502
-4.300000023689983e-05,0.00011999999696854502
-4.2990000236960604e-05,0.00011999999696854502
-4.298000023702138e-05,0.00011999999696854502
-4.2970000237082154e-05,0.00011999999696854502
-4.296000023714293e-05,0.00011999999696854502
-4.29500002372037e-05,0.00011999999696854502
-4.294000023726448e-05,0.00011999999696854502
-4.293000023732525e-05,0.00011999999696854502
-4.292000023738603e-05,0.00011999999696854502
-4.29100002374468e-05,0.00011999999696854502
-4.290000023750758e-05,0.00011999999696854502
-4.289000023756835e-05,0.00011999999696854502
-4.2880000237629126e-05,0.00011999999696854502
-4.28700002376899e-05,0.00011999999696854502
-4.2860000237750676e-05,0.00011999999696854502
-4.285000023781145e-05,0.00011999999696854502
-4.2840000237872225e-05,0.00011999999696854502
-4.2830000237933e-05,0.00011999999696854502
-4.2820000237993775e-05,0.00011999999696854502
-4.281000023805455e-05,0.00011999999696854502
-4.2800000238115324e-05,0.00011999999696854502
-4.27900002381761e-05,0.00011999999696854502
-4.278000023823687e-05,0.00011999999696854502
-4.277000023829765e-05,0.00011999999696854502
-4.276000023835842e-05,0.00011999999696854502
-4.27500002384192e-05,0.00011999999696854502
-4.274000023847997e-05,0.00011999999696854502
-4.273000023854075e-05,7.999999797903001e-05
-4.272000023860152e-05,0.00011999999696854502
-4.2710000238662296e-05,0.00015999999595806003
-4.270000023872307e-05,0.00015999999595806003
-4.2690000238783846e-05,0.00011999999696854502
-4.268000023884462e-05,0.00011999999696854502
-4.2670000238905395e-05,0.00011999999696854502
-4.266000023896617e-05,0.00011999999696854502
-4.2650000239026945e-05,0.00011999999696854502
-4.264000023908772e-05,0.00011999999696854502
-4.2630000239148494e-05,0.00011999999696854502
-4.262000023920927e-05,0.00011999999696854502
-4.2610000239270043e-05,0.00011999999696854502
-4.260000023933082e-05,7.999999797903001e-05
-4.259000023939159e-05,0.00011999999696854502
-4.258000023945237e-05,0.00011999999696854502
-4.257000023951314e-05,0.00011999999696854502
-4.256000023957392e-05,7.999999797903001e-05
-4.255000023963469e-05,0.00011999999696854502
-4.2540000239695466e-05,0.00011999999696854502
-4.253000023975624e-05,0.00011999999696854502
-4.2520000239817016e-05,0.00011999999696854502
-4.251000023987779e-05,0.00011999999696854502
-4.2500000239938565e-05,0.00011999999696854502
-4.249000023999934e-05,0.00011999999696854502
-4.2480000240060115e-05,0.00015999999595806003
-4.247000024012089e-05,0.00011999999696854502
-4.2460000240181664e-05,0.00011999999696854502
-4.245000024024244e-05,0.00011999999696854502
-4.2440000240303213e-05,0.00011999999696854502
-4.243000024036399e-05,0.00011999999696854502
-4.242000024042476e-05,0.00011999999696854502
-4.241000024048554e-05,0.00011999999696854502
-4.240000024054631e-05,0.00011999999696854502
-4.239000024060709e-05,0.00011999999696854502
-4.238000024066786e-05,0.00011999999696854502
-4.2370000240728636e-05,0.00011999999696854502
-4.236000024078941e-05,0.00011999999696854502
-4.2350000240850186e-05,0.00011999999696854502
-4.234000024091096e-05,0.00011999999696854502
-4.2330000240971735e-05,7.999999797903001e-05
-4.232000024103251e-05,0.00011999999696854502
-4.2310000241093285e-05,0.00011999999696854502
-4.230000024115406e-05,0.00011999999696854502
-4.2290000241214834e-05,0.00011999999696854502
-4.228000024127561e-05,0.00011999999696854502
-4.2270000241336384e-05,0.00011999999696854502
-4.226000024139716e-05,0.00011999999696854502
-4.225000024145793e-05,0.00011999999696854502
-4.224000024151871e-05,0.00011999999696854502
-4.223000024157948e-05,0.00011999999696854502
-4.222000024164026e-05,0.00011999999696854502
-4.221000024170103e-05,0.00011999999696854502
-4.2200000241761807e-05,0.00011999999696854502
-4.219000024182258e-05,0.00011999999696854502
-4.2180000241883356e-05,0.00011999999696854502
-4.217000024194413e-05,0.00011999999696854502
-4.2160000242004905e-05,0.00011999999696854502
-4.215000024206568e-05,0.00011999999696854502
-4.2140000242126455e-05,0.00011999999696854502
-4.213000024218723e-05,0.00011999999696854502
-4.2120000242248004e-05,0.00011999999696854502
-4.211000024230878e-05,0.00011999999696854502
-4.2100000242369554e-05,0.00011999999696854502
-4.209000024243033e-05,0.00011999999696854502
-4.20800002424911e-05,0.00011999999696854502
-4.207000024255188e-05,0.00011999999696854502
-4.206000024261265e-05,0.00011999999696854502
-4.205000024267343e-05,0.00011999999696854502
-4.20400002427342e-05,7.999999797903001e-05
-4.2030000242794977e-05,0.00011999999696854502
-4.202000024285575e-05,0.00011999999696854502
-4.2010000242916526e-05,0.00011999999696854502
-4.20000002429773e-05,0.00011999999696854502
-4.1990000243038075e-05,0.00011999999696854502
-4.198000024309885e-05,0.00011999999696854502
-4.1970000243159625e-05,0.00011999999696854502
-4.19600002432204e-05,0.00011999999696854502
-4.1950000243281174e-05,0.00011999999696854502
-4.194000024334195e-05,0.00011999999696854502
-4.1930000243402724e-05,0.00011999999696854502
-4.19200002434635e-05,0.00011999999696854502
-4.191000024352427e-05,0.00011999999696854502
-4.190000024358505e-05,0.00011999999696854502
-4.189000024364582e-05,0.00011999999696854502
-4.18800002437066e-05,0.00011999999696854502
-4.187000024376737e-05,0.00011999999696854502
-4.186000024382815e-05,0.00011999999696854502
-4.185000024388892e-05,0.00011999999696854502
-4.1840000243949696e-05,0.00011999999696854502
-4.183000024401047e-05,0.00011999999696854502
-4.1820000244071245e-05,0.00011999999696854502
-4.181000024413202e-05,0.00011999999696854502
-4.1800000244192795e-05,0.00011999999696854502
-4.179000024425357e-05,0.00011999999696854502
-4.1780000244314344e-05,0.00011999999696854502
-4.177000024437512e-05,0.00011999999696854502
-4.1760000244435894e-05,0.00011999999696854502
-4.175000024449667e-05,0.00011999999696854502
-4.174000024455744e-05,0.00011999999696854502
-4.173000024461822e-05,0.00011999999696854502
-4.172000024467899e-05,0.00011999999696854502
-4.171000024473977e-05,0.00011999999696854502
-4.170000024480054e-05,0.00011999999696854502
-4.169000024486132e-05,0.00011999999696854502
-4.168000024492209e-05,0.00011999999696854502
-4.1670000244982866e-05,0.00011999999696854502
-4.166000024504364e-05,0.00011999999696854502
-4.1650000245104416e-05,0.00011999999696854502
-4.164000024516519e-05,0.00011999999696854502
-4.1630000245225965e-05,0.00011999999696854502
-4.162000024528674e-05,0.00011999999696854502
-4.1610000245347514e-05,0.00011999999696854502
-4.160000024540829e-05,0.00011999999696854502
-4.1590000245469064e-05,0.00011999999696854502
-4.158000024552984e-05,0.00011999999696854502
-4.157000024559061e-05,0.00011999999696854502
-4.156000024565139e-05,0.00011999999696854502
-4.155000024571216e-05,0.00011999999696854502
-4.154000024577294e-05,0.00011999999696854502
-4.153000024583371e-05,0.00011999999696854502
-4.152000024589449e-05,0.00011999999696854502
-4.151000024595526e-05,0.00011999999696854502
-4.1500000246016036e-05,0.00011999999696854502
-4.149000024607681e-05,0.00011999999696854502
-4.1480000246137586e-05,0.00011999999696854502
-4.147000024619836e-05,0.00011999999696854502
-4.1460000246259135e-05,0.00011999999696854502
-4.145000024631991e-05,0.00011999999696854502
-4.1440000246380684e-05,0.00011999999696854502
-4.143000024644146e-05,0.00011999999696854502
-4.1420000246502234e-05,0.00011999999696854502
-4.141000024656301e-05,0.00011999999696854502
-4.140000024662378e-05,7.999999797903001e-05
-4.139000024668456e-05,0.00011999999696854502
-4.138000024674533e-05,0.00011999999696854502
-4.137000024680611e-05,0.00011999999696854502
-4.136000024686688e-05,0.00011999999696854502
-4.135000024692766e-05,0.00011999999696854502
-4.134000024698843e-05,0.00011999999696854502
-4.1330000247049206e-05,7.999999797903001e-05
-4.132000024710998e-05,0.00011999999696854502
-4.1310000247170756e-05,0.00011999999696854502
-4.130000024723153e-05,0.00011999999696854502
-4.1290000247292305e-05,0.00011999999696854502
-4.128000024735308e-05,7.999999797903001e-05
-4.1270000247413855e-05,0.00011999999696854502
-4.126000024747463e-05,0.00011999999696854502
-4.1250000247535404e-05,0.00011999999696854502
-4.124000024759618e-05,0.00011999999696854502
-4.123000024765695e-05,0.00011999999696854502
-4.122000024771773e-05,0.00011999999696854502
-4.12100002477785e-05,7.999999797903001e-05
-4.120000024783928e-05,0.00011999999696854502
-4.119000024790005e-05,0.00011999999696854502
-4.118000024796083e-05,0.00011999999696854502
-4.11700002480216e-05,0.00011999999696854502
-4.1160000248082376e-05,0.00011999999696854502
-4.115000024814315e-05,0.00011999999696854502
-4.1140000248203926e-05,0.00011999999696854502
-4.11300002482647e-05,0.00011999999696854502
-4.1120000248325475e-05,0.00011999999696854502
-4.111000024838625e-05,0.00011999999696854502
-4.1100000248447025e-05,0.00011999999696854502
-4.10900002485078e-05,0.00011999999696854502
-4.1080000248568574e-05,0.00011999999696854502
-4.107000024862935e-05,0.00011999999696854502
-4.1060000248690123e-05,0.00011999999696854502
-4.10500002487509e-05,0.00011999999696854502
-4.104000024881167e-05,0.00011999999696854502
-4.103000024887245e-05,0.00011999999696854502
-4.102000024893322e-05,0.00011999999696854502
-4.1010000248994e-05,7.999999797903001e-05
-4.100000024905477e-05,0.00011999999696854502
-4.0990000249115546e-05,0.00011999999696854502
-4.098000024917632e-05,0.00011999999696854502
-4.0970000249237096e-05,7.999999797903001e-05
-4.096000024929787e-05,3.9999998989515007e-05
-4.0950000249358645e-05,0.00015999999595806003
-4.094000024941942e-05,0.00031999999191612005
-4.0930000249480195e-05,3.9999998989515007e-05
-4.092000024954097e-05,-3.9999998989515007e-05
-4.0910000249601744e-05,0.00015999999595806003
-4.090000024966252e-05,0.00015999999595806003
-4.0890000249723293e-05,0.00019999999494757503
-4.088000024978407e-05,0.00015999999595806003
-4.087000024984484e-05,3.9999998989515007e-05
-4.086000024990562e-05,3.9999998989515007e-05
-4.085000024996639e-05,0.00011999999696854502
-4.084000025002717e-05,0.00019999999494757503
-4.083000025008794e-05,0.00011999999696854502
-4.0820000250148716e-05,7.999999797903001e-05
-4.081000025020949e-05,0.00011999999696854502
-4.0800000250270266e-05,0.00019999999494757503
-4.079000025033104e-05,0.00011999999696854502
-4.0780000250391815e-05,7.999999797903001e-05
-4.077000025045259e-05,0.00011999999696854502
-4.0760000250513365e-05,0.00015999999595806003
-4.075000025057414e-05,0.00015999999595806003
-4.0740000250634914e-05,7.999999797903001e-05
-4.073000025069569e-05,7.999999797903001e-05
-4.0720000250756464e-05,0.00015999999595806003
-4.071000025081724e-05,0.00015999999595806003
-4.070000025087801e-05,0.00011999999696854502
-4.069000025093879e-05,7.999999797903001e-05
-4.068000025099956e-05,0.00011999999696854502
-4.067000025106034e-05,0.00015999999595806003
-4.066000025112111e-05,0.00011999999696854502
-4.0650000251181887e-05,7.999999797903001e-05
-4.064000025124266e-05,0.00011999999696854502
-4.0630000251303436e-05,0.00011999999696854502
-4.062000025136421e-05,7.999999797903001e-05
-4.0610000251424985e-05,7.999999797903001e-05
-4.060000025148576e-05,0.00011999999696854502
-4.0590000251546535e-05,0.00015999999595806003
-4.058000025160731e-05,0.00011999999696854502
-4.0570000251668084e-05,7.999999797903001e-05
-4.056000025172886e-05,7.999999797903001e-05
-4.0550000251789634e-05,0.00011999999696854502
-4.054000025185041e-05,0.00011999999696854502
-4.053000025191118e-05,0.00015999999595806003
-4.052000025197196e-05,0.00011999999696854502
-4.051000025203273e-05,0.00011999999696854502
-4.050000025209351e-05,0.00011999999696854502
-4.049000025215428e-05,0.00011999999696854502
-4.0480000252215057e-05,0.00011999999696854502
-4.047000025227583e-05,0.00015999999595806003
-4.0460000252336606e-05,0.00011999999696854502
-4.045000025239738e-05,0.00011999999696854502
-4.0440000252458155e-05,0.00011999999696854502
-4.043000025251893e-05,7.999999797903001e-05
-4.0420000252579705e-05,0.00011999999696854502
-4.041000025264048e-05,0.00011999999696854502
-4.0400000252701254e-05,0.00011999999696854502
-4.039000025276203e-05,0.00011999999696854502
-4.0380000252822804e-05,0.00011999999696854502
-4.037000025288358e-05,0.00011999999696854502
-4.036000025294435e-05,0.00011999999696854502
-4.035000025300513e-05,0.00011999999696854502
-4.03400002530659e-05,0.00011999999696854502
-4.033000025312668e-05,0.00011999999696854502
-4.032000025318745e-05,0.00011999999696854502
-4.031000025324823e-05,0.00011999999696854502
-4.0300000253309e-05,0.00011999999696854502
-4.0290000253369776e-05,0.00011999999696854502
-4.028000025343055e-05,0.00011999999696854502
-4.0270000253491326e-05,0.00011999999696854502
-4.02600002535521e-05,0.00011999999696854502
-4.0250000253612875e-05,0.00011999999696854502
-4.024000025367365e-05,0.00011999999696854502
-4.0230000253734424e-05,0.00011999999696854502
-4.02200002537952e-05,0.00011999999696854502
-4.0210000253855974e-05,0.00011999999696854502
-4.020000025391675e-05,0.00011999999696854502
-4.019000025397752e-05,0.00011999999696854502
-4.01800002540383e-05,0.00011999999696854502
-4.017000025409907e-05,0.00011999999696854502
-4.016000025415985e-05,0.00011999999696854502
-4.015000025422062e-05,0.00011999999696854502
-4.01400002542814e-05,0.00011999999696854502
-4.013000025434217e-05,0.00011999999696854502
-4.0120000254402946e-05,0.00011999999696854502
-4.011000025446372e-05,0.00011999999696854502
-4.0100000254524496e-05,0.00011999999696854502
-4.009000025458527e-05,0.00011999999696854502
-4.0080000254646045e-05,0.00011999999696854502
-4.007000025470682e-05,0.00011999999696854502
-4.0060000254767594e-05,0.00015999999595806003
-4.005000025482837e-05,0.00015999999595806003
-4.0040000254889144e-05,0.00015999999595806003
-4.003000025494992e-05,0.00015999999595806003
-4.002000025501069e-05,0.00015999999595806003
-4.001000025507147e-05,0.00015999999595806003
-4.000000025513224e-05,0.00015999999595806003
-3.999000025519302e-05,0.00015999999595806003
-3.998000025525379e-05,0.00019999999494757503
-3.997000025531457e-05,0.00023999999393709004
-3.996000025537534e-05,0.00023999999393709004
-3.9950000255436116e-05,0.00023999999393709004
-3.994000025549689e-05,0.00027999999292660505
-3.9930000255557666e-05,0.00031999999191612005
-3.992000025561844e-05,0.00031999999191612005
-3.9910000255679215e-05,0.00035999999090563506
-3.990000025573999e-05,0.00039999998989515007
-3.9890000255800764e-05,0.00043999998888466507
-3.988000025586154e-05,0.0004799999878741801
-3.9870000255922314e-05,0.0005199999868636951
-3.986000025598309e-05,0.0005599999858532101
-3.985000025604386e-05,0.0005999999848427251
-3.984000025610464e-05,0.0006399999838322401
-3.983000025616541e-05,0.0007199999818112701
-3.982000025622619e-05,0.0007599999808007851
-3.981000025628696e-05,0.0008399999787798151
-3.980000025634774e-05,0.0008799999777693301
-3.979000025640851e-05,0.0009199999767588452
-3.9780000256469286e-05,0.0009599999757483602
-3.977000025653006e-05,0.0009999999747378752
-3.9760000256590836e-05,0.0010399999737273902
-3.975000025665161e-05,0.0010799999727169052
-3.9740000256712385e-05,0.0011199999717064202
-3.973000025677316e-05,0.0011599999706959352
-3.9720000256833935e-05,0.0011999999696854502
-3.971000025689471e-05,0.0012399999686749652
-3.9700000256955484e-05,0.0012799999676644802
-3.969000025701626e-05,0.0012799999676644802
-3.968000025707703e-05,0.0013199999666539952
-3.967000025713781e-05,0.0013199999666539952
-3.966000025719858e-05,0.0013599999656435102
-3.965000025725936e-05,0.0013599999656435102
-3.964000025732013e-05,0.0013599999656435102
-3.963000025738091e-05,0.0013599999656435102
-3.962000025744168e-05,0.0013599999656435102
-3.9610000257502456e-05,0.0013599999656435102
-3.960000025756323e-05,0.0013599999656435102
-3.9590000257624006e-05,0.0013599999656435102
-3.958000025768478e-05,0.0013599999656435102
-3.9570000257745555e-05,0.0013599999656435102
-3.956000025780633e-05,0.0013199999666539952
-3.9550000257867105e-05,0.0013199999666539952
-3.954000025792788e-05,0.0012799999676644802
-3.9530000257988654e-05,0.0012399999686749652
-3.952000025804943e-05,0.0011999999696854502
-3.9510000258110203e-05,0.0011999999696854502
-3.950000025817098e-05,0.0011199999717064202
-3.949000025823175e-05,0.0010799999727169052
-3.948000025829253e-05,0.0010799999727169052
-3.94700002583533e-05,0.0009999999747378752
-3.946000025841408e-05,0.0009599999757483602
-3.945000025847485e-05,0.0009199999767588452
-3.9440000258535626e-05,0.0008399999787798151
-3.94300002585964e-05,0.0007999999797903001
-3.9420000258657176e-05,0.0007599999808007851
-3.941000025871795e-05,0.0007199999818112701
-3.9400000258778725e-05,0.0006399999838322401
-3.93900002588395e-05,0.0005999999848427251
-3.9380000258900275e-05,0.0005599999858532101
-3.937000025896105e-05,0.0005199999868636951
-3.9360000259021824e-05,0.00043999998888466507
-3.93500002590826e-05,0.00043999998888466507
-3.9340000259143374e-05,0.00039999998989515007
-3.933000025920415e-05,0.00035999999090563506
-3.932000025926492e-05,0.00031999999191612005
-3.93100002593257e-05,0.00027999999292660505
-3.930000025938647e-05,0.00023999999393709004
-3.929000025944725e-05,0.00023999999393709004
-3.928000025950802e-05,0.00023999999393709004
-3.9270000259568796e-05,0.00023999999393709004
-3.926000025962957e-05,0.00019999999494757503
-3.9250000259690346e-05,0.00019999999494757503
-3.924000025975112e-05,0.00019999999494757503
-3.9230000259811895e-05,0.00015999999595806003
-3.922000025987267e-05,0.00015999999595806003
-3.9210000259933445e-05,0.00015999999595806003
-3.920000025999422e-05,0.00015999999595806003
-3.9190000260054994e-05,0.00015999999595806003
-3.918000026011577e-05,0.00011999999696854502
-3.9170000260176544e-05,0.00015999999595806003
-3.916000026023732e-05,0.00011999999696854502
-3.915000026029809e-05,0.00011999999696854502
-3.914000026035887e-05,0.00011999999696854502
-3.913000026041964e-05,0.00015999999595806003
-3.912000026048042e-05,0.00015999999595806003
-3.911000026054119e-05,0.00011999999696854502
-3.9100000260601967e-05,0.00011999999696854502
-3.909000026066274e-05,0.00011999999696854502
-3.9080000260723516e-05,0.00011999999696854502
-3.907000026078429e-05,0.00015999999595806003
-3.9060000260845065e-05,0.00011999999696854502
-3.905000026090584e-05,0.00011999999696854502
-3.9040000260966615e-05,0.00011999999696854502
-3.903000026102739e-05,0.00011999999696854502
-3.9020000261088164e-05,0.00011999999696854502
-3.901000026114894e-05,0.00011999999696854502
-3.9000000261209714e-05,0.00011999999696854502
-3.899000026127049e-05,0.00011999999696854502
-3.898000026133126e-05,0.00011999999696854502
-3.897000026139204e-05,0.00011999999696854502
-3.896000026145281e-05,0.00011999999696854502
-3.895000026151359e-05,0.00011999999696854502
-3.894000026157436e-05,0.00011999999696854502
-3.8930000261635137e-05,0.00011999999696854502
-3.892000026169591e-05,0.00011999999696854502
-3.8910000261756686e-05,0.00011999999696854502
-3.890000026181746e-05,0.00011999999696854502
-3.8890000261878235e-05,0.00011999999696854502
-3.888000026193901e-05,0.00011999999696854502
-3.8870000261999785e-05,0.00011999999696854502
-3.886000026206056e-05,0.00011999999696854502
-3.8850000262121334e-05,0.00011999999696854502
-3.884000026218211e-05,0.00011999999696854502
-3.8830000262242884e-05,0.00011999999696854502
-3.882000026230366e-05,0.00011999999696854502
-3.881000026236443e-05,0.00011999999696854502
-3.880000026242521e-05,0.00011999999696854502
-3.879000026248598e-05,0.00011999999696854502
-3.878000026254676e-05,0.00011999999696854502
-3.877000026260753e-05,0.00011999999696854502
-3.876000026266831e-05,0.00011999999696854502
-3.875000026272908e-05,0.00011999999696854502
-3.8740000262789856e-05,0.00011999999696854502
-3.873000026285063e-05,0.00011999999696854502
-3.8720000262911406e-05,0.00011999999696854502
-3.871000026297218e-05,0.00011999999696854502
-3.8700000263032955e-05,0.00011999999696854502
-3.869000026309373e-05,0.00011999999696854502
-3.8680000263154504e-05,0.00011999999696854502
-3.867000026321528e-05,0.00011999999696854502
-3.8660000263276054e-05,0.00011999999696854502
-3.865000026333683e-05,0.00011999999696854502
-3.86400002633976e-05,0.00011999999696854502
-3.863000026345838e-05,0.00011999999696854502
-3.862000026351915e-05,0.00011999999696854502
-3.861000026357993e-05,0.00011999999696854502
-3.86000002636407e-05,0.00011999999696854502
-3.859000026370148e-05,0.00011999999696854502
-3.858000026376225e-05,0.00011999999696854502
-3.8570000263823026e-05,0.00011999999696854502
-3.85600002638838e-05,0.00011999999696854502
-3.8550000263944576e-05,0.00015999999595806003
-3.854000026400535e-05,0.00011999999696854502
-3.8530000264066125e-05,0.00011999999696854502
-3.85200002641269e-05,0.00011999999696854502
-3.8510000264187674e-05,0.00011999999696854502
-3.850000026424845e-05,0.00011999999696854502
-3.8490000264309224e-05,0.00011999999696854502
-3.848000026437e-05,0.00011999999696854502
-3.847000026443077e-05,0.00011999999696854502
-3.846000026449155e-05,0.00011999999696854502
-3.845000026455232e-05,0.00011999999696854502
-3.84400002646131e-05,0.00011999999696854502
-3.843000026467387e-05,0.00011999999696854502
-3.842000026473465e-05,0.00011999999696854502
-3.841000026479542e-05,0.00011999999696854502
-3.8400000264856196e-05,0.00011999999696854502
-3.839000026491697e-05,0.00011999999696854502
-3.8380000264977746e-05,0.00011999999696854502
-3.837000026503852e-05,0.00011999999696854502
-3.8360000265099295e-05,0.00011999999696854502
-3.835000026516007e-05,0.00011999999696854502
-3.8340000265220844e-05,0.00011999999696854502
-3.833000026528162e-05,0.00011999999696854502
-3.8320000265342394e-05,0.00011999999696854502
-3.831000026540317e-05,0.00011999999696854502
-3.830000026546394e-05,0.00011999999696854502
-3.829000026552472e-05,0.00011999999696854502
-3.828000026558549e-05,7.999999797903001e-05
-3.827000026564627e-05,0.00011999999696854502
-3.826000026570704e-05,0.00015999999595806003
-3.825000026576782e-05,0.00011999999696854502
-3.824000026582859e-05,0.00011999999696854502
-3.8230000265889366e-05,0.00011999999696854502
-3.822000026595014e-05,0.00011999999696854502
-3.8210000266010916e-05,0.00011999999696854502
-3.820000026607169e-05,0.00011999999696854502
-3.8190000266132465e-05,0.00011999999696854502
-3.818000026619324e-05,0.00011999999696854502
-3.8170000266254015e-05,0.00011999999696854502
-3.816000026631479e-05,0.00011999999696854502
-3.8150000266375564e-05,0.00011999999696854502
-3.814000026643634e-05,0.00015999999595806003
-3.813000026649711e-05,0.00011999999696854502
-3.812000026655789e-05,0.00011999999696854502
-3.811000026661866e-05,0.00011999999696854502
-3.810000026667944e-05,0.00011999999696854502
-3.809000026674021e-05,0.00011999999696854502
-3.808000026680099e-05,0.00011999999696854502
-3.807000026686176e-05,0.00011999999696854502
-3.8060000266922536e-05,0.00011999999696854502
-3.805000026698331e-05,0.00011999999696854502
-3.8040000267044086e-05,0.00011999999696854502
-3.803000026710486e-05,0.00011999999696854502
-3.8020000267165635e-05,0.00011999999696854502
-3.801000026722641e-05,0.00011999999696854502
-3.8000000267287185e-05,0.00011999999696854502
-3.799000026734796e-05,0.00011999999696854502
-3.7980000267408734e-05,0.00011999999696854502
-3.797000026746951e-05,0.00011999999696854502
-3.7960000267530283e-05,0.00011999999696854502
-3.795000026759106e-05,0.00011999999696854502
-3.794000026765183e-05,0.00011999999696854502
-3.793000026771261e-05,0.00011999999696854502
-3.792000026777338e-05,0.00011999999696854502
-3.791000026783416e-05,0.00011999999696854502
-3.790000026789493e-05,0.00011999999696854502
-3.7890000267955706e-05,0.00011999999696854502
-3.788000026801648e-05,0.00011999999696854502
-3.7870000268077256e-05,0.00011999999696854502
-3.786000026813803e-05,0.00011999999696854502
-3.7850000268198805e-05,0.00011999999696854502
-3.784000026825958e-05,0.00011999999696854502
-3.7830000268320355e-05,0.00011999999696854502
-3.782000026838113e-05,0.00011999999696854502
-3.7810000268441904e-05,0.00011999999696854502
-3.780000026850268e-05,0.00011999999696854502
-3.7790000268563454e-05,0.00011999999696854502
-3.778000026862423e-05,0.00011999999696854502
-3.7770000268685e-05,0.00011999999696854502
-3.776000026874578e-05,0.00011999999696854502
-3.775000026880655e-05,0.00011999999696854502
-3.774000026886733e-05,0.00011999999696854502
-3.77300002689281e-05,0.00011999999696854502
-3.7720000268988876e-05,0.00011999999696854502
-3.771000026904965e-05,0.00011999999696854502
-3.7700000269110426e-05,0.00011999999696854502
-3.76900002691712e-05,0.00011999999696854502
-3.7680000269231975e-05,0.00011999999696854502
-3.767000026929275e-05,0.00011999999696854502
-3.7660000269353525e-05,0.00011999999696854502
-3.76500002694143e-05,0.00011999999696854502
-3.7640000269475074e-05,0.00011999999696854502
-3.763000026953585e-05,0.00011999999696854502
-3.7620000269596624e-05,0.00011999999696854502
-3.76100002696574e-05,0.00011999999696854502
-3.760000026971817e-05,0.00011999999696854502
-3.759000026977895e-05,0.00011999999696854502
-3.758000026983972e-05,0.00011999999696854502
-3.75700002699005e-05,0.00011999999696854502
-3.756000026996127e-05,0.00011999999696854502
-3.7550000270022047e-05,0.00011999999696854502
-3.754000027008282e-05,0.00011999999696854502
-3.7530000270143596e-05,0.00011999999696854502
-3.752000027020437e-05,0.00011999999696854502
-3.7510000270265145e-05,0.00011999999696854502
-3.750000027032592e-05,0.00011999999696854502
-3.7490000270386695e-05,0.00015999999595806003
-3.748000027044747e-05,0.00011999999696854502
-3.7470000270508244e-05,0.00011999999696854502
-3.746000027056902e-05,0.00011999999696854502
-3.7450000270629794e-05,0.00011999999696854502
-3.744000027069057e-05,0.00011999999696854502
-3.743000027075134e-05,0.00011999999696854502
-3.742000027081212e-05,0.00011999999696854502
-3.741000027087289e-05,0.00011999999696854502
-3.740000027093367e-05,0.00011999999696854502
-3.739000027099444e-05,0.00011999999696854502
-3.7380000271055217e-05,0.00011999999696854502
-3.737000027111599e-05,0.00011999999696854502
-3.7360000271176766e-05,0.00011999999696854502
-3.735000027123754e-05,0.00011999999696854502
-3.7340000271298315e-05,0.00011999999696854502
-3.733000027135909e-05,0.00011999999696854502
-3.7320000271419865e-05,0.00011999999696854502
-3.731000027148064e-05,0.00011999999696854502
-3.7300000271541414e-05,0.00011999999696854502
-3.729000027160219e-05,0.00011999999696854502
-3.7280000271662964e-05,0.00011999999696854502
-3.727000027172374e-05,0.00011999999696854502
-3.726000027178451e-05,0.00011999999696854502
-3.725000027184529e-05,0.00011999999696854502
-3.724000027190606e-05,0.00011999999696854502
-3.723000027196684e-05,0.00011999999696854502
-3.722000027202761e-05,0.00011999999696854502
-3.721000027208839e-05,0.00011999999696854502
-3.720000027214916e-05,0.00011999999696854502
-3.7190000272209936e-05,0.00011999999696854502
-3.718000027227071e-05,0.00011999999696854502
-3.7170000272331486e-05,0.00011999999696854502
-3.716000027239226e-05,0.00011999999696854502
-3.7150000272453035e-05,0.00011999999696854502
-3.714000027251381e-05,0.00011999999696854502
-3.7130000272574584e-05,0.00011999999696854502
-3.712000027263536e-05,0.00015999999595806003
-3.7110000272696134e-05,0.00011999999696854502
-3.710000027275691e-05,0.00011999999696854502
-3.709000027281768e-05,0.00011999999696854502
-3.708000027287846e-05,0.00011999999696854502
-3.707000027293923e-05,0.00011999999696854502
-3.706000027300001e-05,0.00011999999696854502
-3.705000027306078e-05,0.00011999999696854502
-3.704000027312156e-05,0.00011999999696854502
-3.703000027318233e-05,0.00011999999696854502
-3.7020000273243106e-05,0.00011999999696854502
-3.701000027330388e-05,0.00011999999696854502
-3.7000000273364656e-05,0.00011999999696854502
-3.699000027342543e-05,0.00011999999696854502
-3.6980000273486205e-05,0.00011999999696854502
-3.697000027354698e-05,0.00011999999696854502
-3.6960000273607754e-05,0.00011999999696854502
-3.695000027366853e-05,0.00011999999696854502
-3.6940000273729304e-05,0.00011999999696854502
-3.693000027379008e-05,0.00011999999696854502
-3.692000027385085e-05,0.00011999999696854502
-3.691000027391163e-05,0.00011999999696854502
-3.69000002739724e-05,0.00011999999696854502
-3.689000027403318e-05,0.00011999999696854502
-3.688000027409395e-05,0.00011999999696854502
-3.687000027415473e-05,0.00011999999696854502
-3.68600002742155e-05,0.00011999999696854502
-3.6850000274276276e-05,0.00011999999696854502
-3.684000027433705e-05,0.00011999999696854502
-3.6830000274397826e-05,0.00011999999696854502
-3.68200002744586e-05,0.00011999999696854502
-3.6810000274519375e-05,0.00011999999696854502
-3.680000027458015e-05,0.00011999999696854502
-3.6790000274640924e-05,0.00011999999696854502
-3.67800002747017e-05,0.00011999999696854502
-3.6770000274762474e-05,0.00011999999696854502
-3.676000027482325e-05,0.00011999999696854502
-3.675000027488402e-05,0.00015999999595806003
-3.67400002749448e-05,0.00011999999696854502
-3.673000027500557e-05,0.00011999999696854502
-3.672000027506635e-05,0.00011999999696854502
-3.671000027512712e-05,0.00011999999696854502
-3.67000002751879e-05,0.00011999999696854502
-3.669000027524867e-05,0.00011999999696854502
-3.6680000275309446e-05,0.00011999999696854502
-3.667000027537022e-05,0.00011999999696854502
-3.6660000275430996e-05,0.00011999999696854502
-3.665000027549177e-05,0.00011999999696854502
-3.6640000275552545e-05,0.00011999999696854502
-3.663000027561332e-05,0.00011999999696854502
-3.6620000275674095e-05,0.00011999999696854502
-3.661000027573487e-05,0.00011999999696854502
-3.6600000275795644e-05,0.00011999999696854502
-3.659000027585642e-05,0.00011999999696854502
-3.658000027591719e-05,0.00011999999696854502
-3.657000027597797e-05,0.00011999999696854502
-3.656000027603874e-05,0.00011999999696854502
-3.655000027609952e-05,0.00011999999696854502
-3.654000027616029e-05,0.00011999999696854502
-3.653000027622107e-05,0.00011999999696854502
-3.652000027628184e-05,0.00015999999595806003
-3.6510000276342616e-05,0.00011999999696854502
-3.650000027640339e-05,0.00011999999696854502
-3.6490000276464166e-05,0.00011999999696854502
-3.648000027652494e-05,0.00011999999696854502
-3.6470000276585715e-05,0.00011999999696854502
-3.646000027664649e-05,0.00011999999696854502
-3.6450000276707265e-05,0.00011999999696854502
-3.644000027676804e-05,0.00011999999696854502
-3.6430000276828814e-05,0.00011999999696854502
-3.642000027688959e-05,0.00011999999696854502
-3.6410000276950363e-05,0.00011999999696854502
-3.640000027701114e-05,0.00011999999696854502
-3.639000027707191e-05,0.00011999999696854502
-3.638000027713269e-05,0.00011999999696854502
-3.637000027719346e-05,0.00011999999696854502
-3.636000027725424e-05,0.00011999999696854502
-3.635000027731501e-05,0.00011999999696854502
-3.6340000277375786e-05,0.00011999999696854502
-3.633000027743656e-05,0.00011999999696854502
-3.6320000277497336e-05,0.00011999999696854502
-3.631000027755811e-05,0.00011999999696854502
-3.6300000277618885e-05,0.00011999999696854502
-3.629000027767966e-05,0.00011999999696854502
-3.6280000277740435e-05,0.00011999999696854502
-3.627000027780121e-05,0.00011999999696854502
-3.6260000277861984e-05,0.00011999999696854502
-3.625000027792276e-05,0.00011999999696854502
-3.6240000277983534e-05,0.00011999999696854502
-3.623000027804431e-05,0.00011999999696854502
-3.622000027810508e-05,0.00015999999595806003
-3.621000027816586e-05,0.00011999999696854502
-3.620000027822663e-05,0.00011999999696854502
-3.619000027828741e-05,0.00011999999696854502
-3.618000027834818e-05,0.00011999999696854502
-3.6170000278408956e-05,0.00011999999696854502
-3.616000027846973e-05,0.00011999999696854502
-3.6150000278530506e-05,0.00011999999696854502
-3.614000027859128e-05,0.00011999999696854502
-3.6130000278652055e-05,0.00011999999696854502
-3.612000027871283e-05,0.00011999999696854502
-3.6110000278773605e-05,0.00011999999696854502
-3.610000027883438e-05,0.00011999999696854502
-3.6090000278895154e-05,0.00011999999696854502
-3.608000027895593e-05,0.00011999999696854502
-3.6070000279016704e-05,0.00011999999696854502
-3.606000027907748e-05,0.00011999999696854502
-3.605000027913825e-05,0.00011999999696854502
-3.604000027919903e-05,0.00011999999696854502
-3.60300002792598e-05,0.00011999999696854502
-3.602000027932058e-05,0.00011999999696854502
-3.601000027938135e-05,0.00011999999696854502
-3.6000000279442127e-05,0.00011999999696854502
-3.59900002795029e-05,0.00011999999696854502
-3.5980000279563676e-05,0.00011999999696854502
-3.597000027962445e-05,0.00011999999696854502
-3.5960000279685225e-05,0.00011999999696854502
-3.5950000279746e-05,0.00011999999696854502
-3.5940000279806775e-05,0.00011999999696854502
-3.593000027986755e-05,0.00011999999696854502
-3.5920000279928324e-05,0.00011999999696854502
-3.59100002799891e-05,0.00011999999696854502
-3.5900000280049874e-05,0.00011999999696854502
-3.589000028011065e-05,0.00011999999696854502
-3.588000028017142e-05,0.00015999999595806003
-3.58700002802322e-05,0.00011999999696854502
-3.586000028029297e-05,0.00011999999696854502
-3.585000028035375e-05,0.00011999999696854502
-3.584000028041452e-05,0.00011999999696854502
-3.58300002804753e-05,0.00011999999696854502
-3.582000028053607e-05,0.00011999999696854502
-3.5810000280596846e-05,0.00011999999696854502
-3.580000028065762e-05,0.00011999999696854502
-3.5790000280718395e-05,0.00011999999696854502
-3.578000028077917e-05,0.00011999999696854502
-3.5770000280839945e-05,0.00011999999696854502
-3.576000028090072e-05,0.00011999999696854502
-3.5750000280961494e-05,0.00011999999696854502
-3.574000028102227e-05,0.00011999999696854502
-3.5730000281083044e-05,0.00011999999696854502
-3.572000028114382e-05,0.00011999999696854502
-3.571000028120459e-05,0.00011999999696854502
-3.570000028126537e-05,0.00011999999696854502
-3.569000028132614e-05,0.00011999999696854502
-3.568000028138692e-05,0.00011999999696854502
-3.567000028144769e-05,0.00011999999696854502
-3.566000028150847e-05,0.00011999999696854502
-3.565000028156924e-05,0.00011999999696854502
-3.5640000281630016e-05,0.00011999999696854502
-3.563000028169079e-05,0.00011999999696854502
-3.5620000281751566e-05,0.00015999999595806003
-3.561000028181234e-05,0.00011999999696854502
-3.5600000281873115e-05,0.00011999999696854502
-3.559000028193389e-05,0.00011999999696854502
-3.5580000281994664e-05,0.00011999999696854502
-3.557000028205544e-05,0.00011999999696854502
-3.5560000282116214e-05,0.00011999999696854502
-3.555000028217699e-05,0.00011999999696854502
-3.554000028223776e-05,0.00011999999696854502
-3.553000028229854e-05,0.00011999999696854502
-3.552000028235931e-05,0.00011999999696854502
-3.551000028242009e-05,0.00011999999696854502
-3.550000028248086e-05,0.00011999999696854502
-3.549000028254164e-05,0.00011999999696854502
-3.548000028260241e-05,0.00011999999696854502
-3.5470000282663186e-05,0.00011999999696854502
-3.546000028272396e-05,0.00011999999696854502
-3.5450000282784736e-05,0.00011999999696854502
-3.544000028284551e-05,0.00011999999696854502
-3.5430000282906285e-05,0.00011999999696854502
-3.542000028296706e-05,0.00011999999696854502
-3.5410000283027834e-05,0.00011999999696854502
-3.540000028308861e-05,0.00011999999696854502
-3.5390000283149384e-05,0.00011999999696854502
-3.538000028321016e-05,0.00011999999696854502
-3.537000028327093e-05,0.00011999999696854502
-3.536000028333171e-05,0.00011999999696854502
-3.535000028339248e-05,0.00011999999696854502
-3.534000028345326e-05,0.00011999999696854502
-3.533000028351403e-05,0.00011999999696854502
-3.532000028357481e-05,0.00011999999696854502
-3.531000028363558e-05,0.00011999999696854502
-3.5300000283696356e-05,0.00015999999595806003
-3.529000028375713e-05,0.00011999999696854502
-3.5280000283817906e-05,0.00011999999696854502
-3.527000028387868e-05,0.00011999999696854502
-3.5260000283939455e-05,0.00011999999696854502
-3.525000028400023e-05,0.00011999999696854502
-3.5240000284061004e-05,0.00011999999696854502
-3.523000028412178e-05,0.00011999999696854502
-3.5220000284182554e-05,0.00015999999595806003
-3.521000028424333e-05,0.00011999999696854502
-3.52000002843041e-05,0.00011999999696854502
-3.519000028436488e-05,0.00011999999696854502
-3.518000028442565e-05,0.00011999999696854502
-3.517000028448643e-05,0.00011999999696854502
-3.51600002845472e-05,0.00011999999696854502
-3.515000028460798e-05,7.999999797903001e-05
-3.514000028466875e-05,0.00011999999696854502
-3.5130000284729526e-05,0.00011999999696854502
-3.51200002847903e-05,0.00011999999696854502
-3.5110000284851076e-05,0.00011999999696854502
-3.510000028491185e-05,0.00011999999696854502
-3.5090000284972625e-05,0.00011999999696854502
-3.50800002850334e-05,0.00011999999696854502
-3.5070000285094175e-05,0.00011999999696854502
-3.506000028515495e-05,0.00011999999696854502
-3.5050000285215724e-05,0.00011999999696854502
-3.50400002852765e-05,0.00011999999696854502
-3.5030000285337273e-05,0.00011999999696854502
-3.502000028539805e-05,0.00011999999696854502
-3.501000028545882e-05,0.00011999999696854502
-3.50000002855196e-05,0.00011999999696854502
-3.499000028558037e-05,0.00011999999696854502
-3.498000028564115e-05,0.00011999999696854502
-3.497000028570192e-05,0.00011999999696854502
-3.4960000285762696e-05,0.00011999999696854502
-3.495000028582347e-05,0.00011999999696854502
-3.4940000285884246e-05,0.00011999999696854502
-3.493000028594502e-05,0.00011999999696854502
-3.4920000286005795e-05,0.00011999999696854502
-3.491000028606657e-05,0.00011999999696854502
-3.4900000286127345e-05,0.00011999999696854502
-3.489000028618812e-05,0.00011999999696854502
-3.4880000286248894e-05,0.00011999999696854502
-3.487000028630967e-05,0.00011999999696854502
-3.4860000286370443e-05,0.00011999999696854502
-3.485000028643122e-05,0.00011999999696854502
-3.484000028649199e-05,0.00011999999696854502
-3.483000028655277e-05,0.00011999999696854502
-3.482000028661354e-05,0.00011999999696854502
-3.481000028667432e-05,0.00011999999696854502
-3.480000028673509e-05,0.00015999999595806003
-3.4790000286795866e-05,0.00011999999696854502
-3.478000028685664e-05,0.00011999999696854502
-3.4770000286917416e-05,0.00011999999696854502
-3.476000028697819e-05,0.00011999999696854502
-3.4750000287038965e-05,0.00011999999696854502
-3.474000028709974e-05,7.999999797903001e-05
-3.4730000287160515e-05,0.00011999999696854502
-3.472000028722129e-05,0.00011999999696854502
-3.4710000287282064e-05,0.00011999999696854502
-3.470000028734284e-05,0.00011999999696854502
-3.4690000287403614e-05,0.00011999999696854502
-3.468000028746439e-05,0.00015999999595806003
-3.467000028752516e-05,0.00011999999696854502
-3.466000028758594e-05,0.00011999999696854502
-3.465000028764671e-05,0.00011999999696854502
-3.464000028770749e-05,0.00011999999696854502
-3.463000028776826e-05,0.00011999999696854502
-3.4620000287829036e-05,0.00011999999696854502
-3.461000028788981e-05,0.00011999999696854502
-3.4600000287950586e-05,0.00011999999696854502
-3.459000028801136e-05,0.00011999999696854502
-3.4580000288072135e-05,0.00011999999696854502
-3.457000028813291e-05,0.00011999999696854502
-3.4560000288193685e-05,0.00011999999696854502
-3.455000028825446e-05,0.00011999999696854502
-3.4540000288315234e-05,0.00011999999696854502
-3.453000028837601e-05,0.00011999999696854502
-3.4520000288436784e-05,0.00011999999696854502
-3.451000028849756e-05,0.00011999999696854502
-3.450000028855833e-05,0.00011999999696854502
-3.449000028861911e-05,0.00011999999696854502
-3.448000028867988e-05,0.00011999999696854502
-3.447000028874066e-05,0.00011999999696854502
-3.446000028880143e-05,0.00011999999696854502
-3.4450000288862207e-05,0.00011999999696854502
-3.444000028892298e-05,0.00011999999696854502
-3.4430000288983756e-05,0.00011999999696854502
-3.442000028904453e-05,0.00011999999696854502
-3.4410000289105305e-05,0.00011999999696854502
-3.440000028916608e-05,0.00011999999696854502
-3.4390000289226855e-05,0.00015999999595806003
-3.438000028928763e-05,0.00011999999696854502
-3.4370000289348404e-05,0.00011999999696854502
-3.436000028940918e-05,0.00011999999696854502
-3.4350000289469954e-05,0.00011999999696854502
-3.434000028953073e-05,0.00011999999696854502
-3.43300002895915e-05,0.00011999999696854502
-3.432000028965228e-05,0.00011999999696854502
-3.431000028971305e-05,0.00011999999696854502
-3.430000028977383e-05,0.00011999999696854502
-3.42900002898346e-05,7.999999797903001e-05
-3.428000028989538e-05,0.00011999999696854502
-3.427000028995615e-05,0.00011999999696854502
-3.4260000290016926e-05,0.00011999999696854502
-3.42500002900777e-05,0.00011999999696854502
-3.4240000290138475e-05,0.00011999999696854502
-3.423000029019925e-05,0.00011999999696854502
-3.4220000290260025e-05,0.00011999999696854502
-3.42100002903208e-05,0.00011999999696854502
-3.4200000290381574e-05,0.00011999999696854502
-3.419000029044235e-05,0.00011999999696854502
-3.4180000290503124e-05,0.00011999999696854502
-3.41700002905639e-05,0.00011999999696854502
-3.416000029062467e-05,0.00011999999696854502
-3.415000029068545e-05,0.00011999999696854502
-3.414000029074622e-05,0.00011999999696854502
-3.4130000290807e-05,0.00011999999696854502
-3.412000029086777e-05,0.00011999999696854502
-3.411000029092855e-05,0.00011999999696854502
-3.410000029098932e-05,0.00011999999696854502
-3.4090000291050096e-05,0.00011999999696854502
-3.408000029111087e-05,0.00011999999696854502
-3.4070000291171646e-05,0.00011999999696854502
-3.406000029123242e-05,0.00011999999696854502
-3.4050000291293195e-05,0.00011999999696854502
-3.404000029135397e-05,0.00011999999696854502
-3.4030000291414744e-05,0.00011999999696854502
-3.402000029147552e-05,0.00011999999696854502
-3.4010000291536294e-05,0.00011999999696854502
-3.400000029159707e-05,0.00011999999696854502
-3.399000029165784e-05,0.00011999999696854502
-3.398000029171862e-05,0.00011999999696854502
-3.397000029177939e-05,0.00011999999696854502
-3.396000029184017e-05,0.00011999999696854502
-3.395000029190094e-05,0.00015999999595806003
-3.394000029196172e-05,0.00011999999696854502
-3.393000029202249e-05,0.00011999999696854502
-3.3920000292083266e-05,0.00011999999696854502
-3.391000029214404e-05,0.00011999999696854502
-3.3900000292204816e-05,0.00011999999696854502
-3.389000029226559e-05,0.00011999999696854502
-3.3880000292326365e-05,0.00011999999696854502
-3.387000029238714e-05,0.00011999999696854502
-3.3860000292447914e-05,0.00011999999696854502
-3.385000029250869e-05,0.00011999999696854502
-3.3840000292569464e-05,0.00011999999696854502
-3.383000029263024e-05,0.00011999999696854502
-3.382000029269101e-05,0.00011999999696854502
-3.381000029275179e-05,0.00011999999696854502
-3.380000029281256e-05,0.00011999999696854502
-3.379000029287334e-05,0.00011999999696854502
-3.378000029293411e-05,0.00011999999696854502
-3.377000029299489e-05,0.00011999999696854502
-3.376000029305566e-05,0.00011999999696854502
-3.3750000293116436e-05,0.00011999999696854502
-3.374000029317721e-05,0.00011999999696854502
-3.3730000293237986e-05,0.00011999999696854502
-3.372000029329876e-05,0.00011999999696854502
-3.3710000293359535e-05,0.00011999999696854502
-3.370000029342031e-05,0.00011999999696854502
-3.3690000293481084e-05,0.00011999999696854502
-3.368000029354186e-05,0.00011999999696854502
-3.3670000293602634e-05,0.00011999999696854502
-3.366000029366341e-05,0.00011999999696854502
-3.365000029372418e-05,0.00011999999696854502
-3.364000029378496e-05,0.00011999999696854502
-3.363000029384573e-05,0.00011999999696854502
-3.362000029390651e-05,0.00011999999696854502
-3.361000029396728e-05,0.00011999999696854502
-3.360000029402806e-05,0.00011999999696854502
-3.359000029408883e-05,0.00011999999696854502
-3.3580000294149606e-05,0.00011999999696854502
-3.357000029421038e-05,0.00011999999696854502
-3.3560000294271156e-05,0.00011999999696854502
-3.355000029433193e-05,0.00011999999696854502
-3.3540000294392705e-05,0.00011999999696854502
-3.353000029445348e-05,0.00011999999696854502
-3.3520000294514255e-05,0.00011999999696854502
-3.351000029457503e-05,0.00011999999696854502
-3.3500000294635804e-05,0.00011999999696854502
-3.349000029469658e-05,0.00011999999696854502
-3.3480000294757353e-05,0.00011999999696854502
-3.347000029481813e-05,0.00011999999696854502
-3.34600002948789e-05,0.00011999999696854502
-3.345000029493968e-05,0.00011999999696854502
-3.344000029500045e-05,0.00011999999696854502
-3.343000029506123e-05,0.00011999999696854502
-3.3420000295122e-05,0.00011999999696854502
-3.3410000295182776e-05,0.00011999999696854502
-3.340000029524355e-05,0.00011999999696854502
-3.3390000295304326e-05,0.00011999999696854502
-3.33800002953651e-05,0.00015999999595806003
-3.3370000295425875e-05,0.00011999999696854502
-3.336000029548665e-05,0.00011999999696854502
-3.3350000295547425e-05,0.00011999999696854502
-3.33400002956082e-05,0.00011999999696854502
-3.3330000295668974e-05,0.00011999999696854502
-3.332000029572975e-05,0.00011999999696854502
-3.3310000295790523e-05,0.00011999999696854502
-3.33000002958513e-05,0.00011999999696854502
-3.329000029591207e-05,0.00011999999696854502
-3.328000029597285e-05,0.00011999999696854502
-3.327000029603362e-05,0.00011999999696854502
-3.32600002960944e-05,0.00011999999696854502
-3.325000029615517e-05,0.00011999999696854502
-3.3240000296215946e-05,0.00011999999696854502
-3.323000029627672e-05,0.00011999999696854502
-3.3220000296337496e-05,0.00011999999696854502
-3.321000029639827e-05,0.00011999999696854502
-3.3200000296459045e-05,0.00011999999696854502
-3.319000029651982e-05,0.00011999999696854502
-3.3180000296580595e-05,0.00011999999696854502
-3.317000029664137e-05,0.00011999999696854502
-3.3160000296702144e-05,0.00011999999696854502
-3.315000029676292e-05,0.00011999999696854502
-3.3140000296823694e-05,0.00011999999696854502
-3.313000029688447e-05,0.00011999999696854502
-3.312000029694524e-05,0.00011999999696854502
-3.311000029700602e-05,0.00011999999696854502
-3.310000029706679e-05,0.00011999999696854502
-3.309000029712757e-05,0.00011999999696854502
-3.308000029718834e-05,0.00011999999696854502
-3.3070000297249116e-05,0.00011999999696854502
-3.306000029730989e-05,0.00011999999696854502
-3.3050000297370666e-05,0.00011999999696854502
-3.304000029743144e-05,0.00011999999696854502
-3.3030000297492215e-05,0.00011999999696854502
-3.302000029755299e-05,0.00011999999696854502
-3.3010000297613765e-05,0.00011999999696854502
-3.300000029767454e-05,0.00011999999696854502
-3.2990000297735314e-05,0.00011999999696854502
-3.298000029779609e-05,0.00011999999696854502
-3.2970000297856864e-05,0.00011999999696854502
-3.296000029791764e-05,0.00011999999696854502
-3.295000029797841e-05,0.00011999999696854502
-3.294000029803919e-05,0.00011999999696854502
-3.293000029809996e-05,0.00011999999696854502
-3.292000029816074e-05,0.00011999999696854502
-3.291000029822151e-05,7.999999797903001e-05
-3.2900000298282287e-05,0.00011999999696854502
-3.289000029834306e-05,0.00015999999595806003
-3.2880000298403836e-05,0.00011999999696854502
-3.287000029846461e-05,0.00011999999696854502
-3.2860000298525385e-05,0.00011999999696854502
-3.285000029858616e-05,0.00011999999696854502
-3.2840000298646935e-05,0.00011999999696854502
-3.283000029870771e-05,0.00011999999696854502
-3.2820000298768484e-05,0.00011999999696854502
-3.281000029882926e-05,0.00011999999696854502
-3.2800000298890034e-05,0.00015999999595806003
-3.279000029895081e-05,0.00011999999696854502
-3.278000029901158e-05,0.00011999999696854502
-3.277000029907236e-05,0.00011999999696854502
-3.276000029913313e-05,0.00011999999696854502
-3.275000029919391e-05,0.00011999999696854502
-3.274000029925468e-05,0.00011999999696854502
-3.273000029931546e-05,0.00011999999696854502
-3.272000029937623e-05,0.00011999999696854502
-3.2710000299437006e-05,0.00011999999696854502
-3.270000029949778e-05,0.00011999999696854502
-3.2690000299558555e-05,0.00011999999696854502
-3.268000029961933e-05,0.00015999999595806003
-3.2670000299680105e-05,0.00011999999696854502
-3.266000029974088e-05,0.00011999999696854502
-3.2650000299801654e-05,0.00011999999696854502
-3.264000029986243e-05,0.00011999999696854502
-3.2630000299923204e-05,0.00011999999696854502
-3.262000029998398e-05,0.00011999999696854502
-3.261000030004475e-05,0.00011999999696854502
-3.260000030010553e-05,0.00011999999696854502
-3.25900003001663e-05,0.00011999999696854502
-3.258000030022708e-05,0.00011999999696854502
-3.257000030028785e-05,0.00011999999696854502
-3.256000030034863e-05,0.00011999999696854502
-3.25500003004094e-05,0.00011999999696854502
-3.2540000300470176e-05,0.00011999999696854502
-3.253000030053095e-05,0.00011999999696854502
-3.2520000300591726e-05,0.00011999999696854502
-3.25100003006525e-05,0.00011999999696854502
-3.2500000300713275e-05,0.00011999999696854502
-3.249000030077405e-05,0.00011999999696854502
-3.2480000300834824e-05,0.00011999999696854502
-3.24700003008956e-05,0.00011999999696854502
-3.2460000300956374e-05,0.00015999999595806003
-3.245000030101715e-05,0.00015999999595806003
-3.244000030107792e-05,0.00011999999696854502
-3.24300003011387e-05,0.00011999999696854502
-3.242000030119947e-05,0.00011999999696854502
-3.241000030126025e-05,0.00011999999696854502
-3.240000030132102e-05,0.00011999999696854502
-3.23900003013818e-05,0.00011999999696854502
-3.238000030144257e-05,0.00011999999696854502
-3.2370000301503346e-05,0.00011999999696854502
-3.236000030156412e-05,0.00011999999696854502
-3.2350000301624896e-05,0.00011999999696854502
-3.234000030168567e-05,0.00011999999696854502
-3.2330000301746445e-05,0.00011999999696854502
-3.232000030180722e-05,0.00011999999696854502
-3.2310000301867994e-05,0.00011999999696854502
-3.230000030192877e-05,0.00011999999696854502
-3.2290000301989544e-05,0.00011999999696854502
-3.228000030205032e-05,0.00011999999696854502
-3.227000030211109e-05,0.00011999999696854502
-3.226000030217187e-05,0.00011999999696854502
-3.225000030223264e-05,0.00011999999696854502
-3.224000030229342e-05,0.00011999999696854502
-3.223000030235419e-05,0.00015999999595806003
-3.222000030241497e-05,0.00011999999696854502
-3.221000030247574e-05,0.00011999999696854502
-3.2200000302536516e-05,0.00011999999696854502
-3.219000030259729e-05,0.00011999999696854502
-3.2180000302658066e-05,0.00011999999696854502
-3.217000030271884e-05,0.00011999999696854502
-3.2160000302779615e-05,0.00011999999696854502
-3.215000030284039e-05,0.00011999999696854502
-3.2140000302901164e-05,0.00011999999696854502
-3.213000030296194e-05,0.00011999999696854502
-3.2120000303022714e-05,0.00011999999696854502
-3.211000030308349e-05,0.00011999999696854502
-3.210000030314426e-05,0.00011999999696854502
-3.209000030320504e-05,0.00011999999696854502
-3.208000030326581e-05,0.00011999999696854502
-3.207000030332659e-05,0.00011999999696854502
-3.206000030338736e-05,0.00011999999696854502
-3.205000030344814e-05,0.00011999999696854502
-3.204000030350891e-05,0.00011999999696854502
-3.2030000303569686e-05,0.00011999999696854502
-3.202000030363046e-05,0.00011999999696854502
-3.2010000303691236e-05,0.00011999999696854502
-3.200000030375201e-05,0.00011999999696854502
-3.1990000303812785e-05,0.00011999999696854502
-3.198000030387356e-05,0.00011999999696854502
-3.1970000303934335e-05,0.00011999999696854502
-3.196000030399511e-05,0.00011999999696854502
-3.1950000304055884e-05,0.00011999999696854502
-3.194000030411666e-05,0.00011999999696854502
-3.1930000304177433e-05,0.00011999999696854502
-3.192000030423821e-05,0.00011999999696854502
-3.191000030429898e-05,0.00011999999696854502
-3.190000030435976e-05,0.00011999999696854502
-3.189000030442053e-05,0.00011999999696854502
-3.188000030448131e-05,0.00011999999696854502
-3.187000030454208e-05,0.00011999999696854502
-3.1860000304602856e-05,0.00011999999696854502
-3.185000030466363e-05,0.00011999999696854502
-3.1840000304724406e-05,0.00011999999696854502
-3.183000030478518e-05,0.00011999999696854502
-3.1820000304845955e-05,0.00011999999696854502
-3.181000030490673e-05,0.00011999999696854502
-3.1800000304967505e-05,0.00011999999696854502
-3.179000030502828e-05,0.00011999999696854502
-3.1780000305089054e-05,0.00011999999696854502
-3.177000030514983e-05,0.00011999999696854502
-3.1760000305210603e-05,0.00011999999696854502
-3.175000030527138e-05,0.00011999999696854502
-3.174000030533215e-05,0.00011999999696854502
-3.173000030539293e-05,0.00011999999696854502
-3.17200003054537e-05,0.00011999999696854502
-3.171000030551448e-05,0.00015999999595806003
-3.170000030557525e-05,0.00011999999696854502
-3.1690000305636026e-05,0.00011999999696854502
-3.16800003056968e-05,0.00011999999696854502
-3.1670000305757576e-05,0.00011999999696854502
-3.166000030581835e-05,0.00011999999696854502
-3.1650000305879125e-05,0.00011999999696854502
-3.16400003059399e-05,0.00011999999696854502
-3.1630000306000675e-05,0.00011999999696854502
-3.162000030606145e-05,0.00011999999696854502
-3.1610000306122224e-05,0.00011999999696854502
-3.1600000306183e-05,0.00011999999696854502
-3.1590000306243774e-05,0.00011999999696854502
-3.158000030630455e-05,0.00011999999696854502
-3.157000030636532e-05,0.00011999999696854502
-3.15600003064261e-05,0.00011999999696854502
-3.155000030648687e-05,0.00011999999696854502
-3.154000030654765e-05,0.00011999999696854502
-3.153000030660842e-05,0.00011999999696854502
-3.1520000306669196e-05,0.00011999999696854502
-3.151000030672997e-05,0.00011999999696854502
-3.1500000306790746e-05,0.00011999999696854502
-3.149000030685152e-05,0.00011999999696854502
-3.1480000306912295e-05,0.00011999999696854502
-3.147000030697307e-05,0.00011999999696854502
-3.1460000307033845e-05,0.00011999999696854502
-3.145000030709462e-05,0.00011999999696854502
-3.1440000307155394e-05,0.00011999999696854502
-3.143000030721617e-05,0.00011999999696854502
-3.1420000307276944e-05,0.00011999999696854502
-3.141000030733772e-05,0.00011999999696854502
-3.140000030739849e-05,0.00011999999696854502
-3.139000030745927e-05,0.00011999999696854502
-3.138000030752004e-05,0.00011999999696854502
-3.137000030758082e-05,0.00011999999696854502
-3.136000030764159e-05,0.00011999999696854502
-3.1350000307702367e-05,0.00011999999696854502
-3.134000030776314e-05,0.00011999999696854502
-3.1330000307823916e-05,0.00011999999696854502
-3.132000030788469e-05,0.00011999999696854502
-3.1310000307945465e-05,0.00011999999696854502
-3.130000030800624e-05,0.00011999999696854502
-3.1290000308067015e-05,0.00011999999696854502
-3.128000030812779e-05,0.00011999999696854502
-3.1270000308188564e-05,0.00011999999696854502
-3.126000030824934e-05,0.00011999999696854502
-3.1250000308310114e-05,0.00011999999696854502
-3.124000030837089e-05,0.00011999999696854502
-3.123000030843166e-05,0.00011999999696854502
-3.122000030849244e-05,0.00011999999696854502
-3.121000030855321e-05,0.00011999999696854502
-3.120000030861399e-05,0.00011999999696854502
-3.119000030867476e-05,0.00011999999696854502
-3.118000030873554e-05,0.00011999999696854502
-3.117000030879631e-05,0.00011999999696854502
-3.1160000308857086e-05,0.00011999999696854502
-3.115000030891786e-05,0.00011999999696854502
-3.1140000308978635e-05,0.00011999999696854502
-3.113000030903941e-05,0.00011999999696854502
-3.1120000309100185e-05,0.00011999999696854502
-3.111000030916096e-05,0.00011999999696854502
-3.1100000309221734e-05,0.00011999999696854502
-3.109000030928251e-05,0.00011999999696854502
-3.1080000309343284e-05,0.00011999999696854502
-3.107000030940406e-05,0.00011999999696854502
-3.106000030946483e-05,0.00011999999696854502
-3.105000030952561e-05,0.00015999999595806003
-3.104000030958638e-05,0.00011999999696854502
-3.103000030964716e-05,0.00011999999696854502
-3.102000030970793e-05,0.00011999999696854502
-3.101000030976871e-05,0.00011999999696854502
-3.100000030982948e-05,0.00011999999696854502
-3.0990000309890256e-05,0.00011999999696854502
-3.098000030995103e-05,0.00011999999696854502
-3.0970000310011806e-05,0.00011999999696854502
-3.096000031007258e-05,0.00011999999696854502
-3.0950000310133355e-05,0.00011999999696854502
-3.094000031019413e-05,0.00011999999696854502
-3.0930000310254904e-05,0.00011999999696854502
-3.092000031031568e-05,0.00011999999696854502
-3.0910000310376454e-05,0.00011999999696854502
-3.090000031043723e-05,0.00011999999696854502
-3.0890000310498e-05,0.00011999999696854502
-3.088000031055878e-05,0.00011999999696854502
-3.087000031061955e-05,0.00011999999696854502
-3.086000031068033e-05,0.00011999999696854502
-3.08500003107411e-05,0.00011999999696854502
-3.084000031080188e-05,0.00011999999696854502
-3.083000031086265e-05,0.00011999999696854502
-3.0820000310923426e-05,0.00011999999696854502
-3.08100003109842e-05,0.00011999999696854502
-3.0800000311044976e-05,0.00011999999696854502
-3.079000031110575e-05,0.00011999999696854502
-3.0780000311166525e-05,0.00011999999696854502
-3.07700003112273e-05,0.00011999999696854502
-3.0760000311288074e-05,0.00011999999696854502
-3.075000031134885e-05,0.00011999999696854502
-3.0740000311409624e-05,0.00011999999696854502
-3.07300003114704e-05,0.00011999999696854502
-3.072000031153117e-05,7.999999797903001e-05
-3.071000031159195e-05,0.00019999999494757503
-3.070000031165272e-05,0.00031999999191612005
-3.06900003117135e-05,3.9999998989515007e-05
-3.068000031177427e-05,-3.9999998989515007e-05
-3.067000031183505e-05,0.00011999999696854502
-3.066000031189582e-05,0.00015999999595806003
-3.0650000311956596e-05,0.00023999999393709004
-3.064000031201737e-05,0.00019999999494757503
-3.0630000312078146e-05,7.999999797903001e-05
-3.062000031213892e-05,7.999999797903001e-05
-3.0610000312199695e-05,0.00011999999696854502
-3.060000031226047e-05,0.00019999999494757503
-3.0590000312321244e-05,0.00015999999595806003
-3.058000031238202e-05,7.999999797903001e-05
-3.0570000312442794e-05,0.00011999999696854502
-3.056000031250357e-05,0.00019999999494757503
-3.055000031256434e-05,0.00011999999696854502
-3.054000031262512e-05,7.999999797903001e-05
-3.053000031268589e-05,0.00011999999696854502
-3.052000031274667e-05,0.00015999999595806003
-3.0510000312807442e-05,0.00015999999595806003
-3.0500000312868217e-05,7.999999797903001e-05
-3.049000031292899e-05,7.999999797903001e-05
-3.0480000312989766e-05,0.00015999999595806003
-3.047000031305054e-05,0.00015999999595806003
-3.0460000313111316e-05,7.999999797903001e-05
-3.045000031317209e-05,0.00011999999696854502
-3.0440000313232865e-05,0.00015999999595806003
-3.043000031329364e-05,0.00015999999595806003
-3.0420000313354415e-05,0.00011999999696854502
-3.041000031341519e-05,0.00011999999696854502
-3.0400000313475964e-05,0.00011999999696854502
-3.039000031353674e-05,0.00011999999696854502
-3.0380000313597513e-05,0.00011999999696854502
-3.0370000313658288e-05,0.00011999999696854502
-3.0360000313719063e-05,0.00015999999595806003
-3.0350000313779838e-05,0.00015999999595806003
-3.0340000313840612e-05,0.00011999999696854502
-3.0330000313901387e-05,7.999999797903001e-05
-3.032000031396216e-05,0.00011999999696854502
-3.0310000314022936e-05,0.00011999999696854502
-3.030000031408371e-05,0.00015999999595806003
-3.0290000314144486e-05,0.00011999999696854502
-3.028000031420526e-05,0.00011999999696854502
-3.0270000314266035e-05,0.00011999999696854502
-3.026000031432681e-05,0.00011999999696854502
-3.0250000314387585e-05,0.00011999999696854502
-3.024000031444836e-05,0.00011999999696854502
-3.0230000314509134e-05,0.00011999999696854502
-3.022000031456991e-05,0.00011999999696854502
-3.0210000314630683e-05,0.00011999999696854502
-3.0200000314691458e-05,0.00011999999696854502
-3.0190000314752233e-05,0.00011999999696854502
-3.0180000314813008e-05,0.00011999999696854502
-3.0170000314873782e-05,0.00015999999595806003
-3.0160000314934557e-05,0.00011999999696854502
-3.0150000314995332e-05,0.00011999999696854502
-3.0140000315056106e-05,0.00011999999696854502
-3.013000031511688e-05,0.00011999999696854502
-3.0120000315177656e-05,0.00015999999595806003
-3.011000031523843e-05,0.00011999999696854502
-3.0100000315299205e-05,0.00011999999696854502
-3.009000031535998e-05,0.00011999999696854502
-3.0080000315420755e-05,0.00015999999595806003
-3.007000031548153e-05,0.00011999999696854502
-3.0060000315542304e-05,0.00011999999696854502
-3.005000031560308e-05,0.00011999999696854502
-3.0040000315663854e-05,0.00011999999696854502
-3.0030000315724628e-05,0.00011999999696854502
-3.0020000315785403e-05,0.00011999999696854502
-3.0010000315846178e-05,0.00011999999696854502
-3.0000000315906952e-05,0.00011999999696854502
-2.9990000315967727e-05,0.00011999999696854502
-2.9980000316028502e-05,0.00011999999696854502
-2.9970000316089277e-05,0.00011999999696854502
-2.996000031615005e-05,0.00011999999696854502
-2.9950000316210826e-05,0.00011999999696854502
-2.99400003162716e-05,0.00011999999696854502
-2.9930000316332375e-05,0.00011999999696854502
-2.992000031639315e-05,0.00011999999696854502
-2.9910000316453925e-05,0.00011999999696854502
-2.99000003165147e-05,0.00011999999696854502
-2.9890000316575474e-05,0.00011999999696854502
-2.988000031663625e-05,0.00011999999696854502
-2.9870000316697024e-05,0.00011999999696854502
-2.98600003167578e-05,0.00011999999696854502
-2.9850000316818573e-05,0.00015999999595806003
-2.9840000316879348e-05,0.00011999999696854502
-2.9830000316940122e-05,0.00015999999595806003
-2.9820000317000897e-05,0.00011999999696854502
-2.9810000317061672e-05,0.00011999999696854502
-2.9800000317122447e-05,0.00015999999595806003
-2.979000031718322e-05,0.00015999999595806003
-2.9780000317243996e-05,0.00015999999595806003
-2.977000031730477e-05,0.00015999999595806003
-2.9760000317365545e-05,0.00019999999494757503
-2.975000031742632e-05,0.00019999999494757503
-2.9740000317487095e-05,0.00019999999494757503
-2.973000031754787e-05,0.00019999999494757503
-2.9720000317608644e-05,0.00023999999393709004
-2.971000031766942e-05,0.00023999999393709004
-2.9700000317730194e-05,0.00027999999292660505
-2.969000031779097e-05,0.00031999999191612005
-2.9680000317851743e-05,0.00031999999191612005
-2.9670000317912518e-05,0.00035999999090563506
-2.9660000317973293e-05,0.00039999998989515007
-2.9650000318034067e-05,0.00043999998888466507
-2.9640000318094842e-05,0.0004799999878741801
-2.9630000318155617e-05,0.0005199999868636951
-2.962000031821639e-05,0.0005599999858532101
-2.9610000318277166e-05,0.0005999999848427251
-2.960000031833794e-05,0.0006799999828217551
-2.9590000318398715e-05,0.0007199999818112701
-2.958000031845949e-05,0.0007599999808007851
-2.9570000318520265e-05,0.0007999999797903001
-2.956000031858104e-05,0.0008799999777693301
-2.9550000318641814e-05,0.0009199999767588452
-2.954000031870259e-05,0.0009599999757483602
-2.9530000318763364e-05,0.0009999999747378752
-2.952000031882414e-05,0.0010399999737273902
-2.9510000318884913e-05,0.0011199999717064202
-2.9500000318945688e-05,0.0011599999706959352
-2.9490000319006463e-05,0.0011599999706959352
-2.9480000319067237e-05,0.0011999999696854502
-2.9470000319128012e-05,0.0012399999686749652
-2.9460000319188787e-05,0.0012799999676644802
-2.945000031924956e-05,0.0012799999676644802
-2.9440000319310336e-05,0.0013199999666539952
-2.943000031937111e-05,0.0013199999666539952
-2.9420000319431886e-05,0.0013599999656435102
-2.941000031949266e-05,0.0013599999656435102
-2.9400000319553435e-05,0.0013599999656435102
-2.939000031961421e-05,0.0013599999656435102
-2.9380000319674984e-05,0.0013999999646330252
-2.937000031973576e-05,0.0013599999656435102
-2.9360000319796534e-05,0.0013599999656435102
-2.935000031985731e-05,0.0013599999656435102
-2.9340000319918083e-05,0.0013599999656435102
-2.9330000319978858e-05,0.0013599999656435102
-2.9320000320039633e-05,0.0013199999666539952
-2.9310000320100407e-05,0.0012799999676644802
-2.9300000320161182e-05,0.0012799999676644802
-2.9290000320221957e-05,0.0012399999686749652
-2.928000032028273e-05,0.0011999999696854502
-2.9270000320343506e-05,0.0011999999696854502
-2.926000032040428e-05,0.0011599999706959352
-2.9250000320465056e-05,0.0010799999727169052
-2.924000032052583e-05,0.0010399999737273902
-2.9230000320586605e-05,0.0010399999737273902
-2.922000032064738e-05,0.0009599999757483602
-2.9210000320708154e-05,0.0009199999767588452
-2.920000032076893e-05,0.0008399999787798151
-2.9190000320829704e-05,0.0007999999797903001
-2.918000032089048e-05,0.0007599999808007851
-2.9170000320951253e-05,0.0007199999818112701
-2.9160000321012028e-05,0.0006399999838322401
-2.9150000321072803e-05,0.0005999999848427251
-2.9140000321133577e-05,0.0005599999858532101
-2.9130000321194352e-05,0.0005199999868636951
-2.9120000321255127e-05,0.0004799999878741801
-2.91100003213159e-05,0.00043999998888466507
-2.9100000321376676e-05,0.00039999998989515007
-2.909000032143745e-05,0.00035999999090563506
-2.9080000321498226e-05,0.00031999999191612005
-2.9070000321559e-05,0.00031999999191612005
-2.9060000321619775e-05,0.00027999999292660505
-2.905000032168055e-05,0.00027999999292660505
-2.9040000321741325e-05,0.00023999999393709004
-2.90300003218021e-05,0.00019999999494757503
-2.9020000321862874e-05,0.00019999999494757503
-2.901000032192365e-05,0.00019999999494757503
-2.9000000321984423e-05,0.00019999999494757503
-2.8990000322045198e-05,0.00015999999595806003
-2.8980000322105973e-05,0.00015999999595806003
-2.8970000322166747e-05,0.00015999999595806003
-2.8960000322227522e-05,0.00015999999595806003
-2.8950000322288297e-05,0.00011999999696854502
-2.894000032234907e-05,0.00015999999595806003
-2.8930000322409846e-05,0.00015999999595806003
-2.892000032247062e-05,0.00011999999696854502
-2.8910000322531396e-05,0.00011999999696854502
-2.890000032259217e-05,0.00011999999696854502
-2.8890000322652945e-05,0.00011999999696854502
-2.888000032271372e-05,0.00011999999696854502
-2.8870000322774495e-05,0.00011999999696854502
-2.886000032283527e-05,0.00011999999696854502
-2.8850000322896044e-05,0.00011999999696854502
-2.884000032295682e-05,0.00011999999696854502
-2.8830000323017593e-05,0.00011999999696854502
-2.8820000323078368e-05,0.00011999999696854502
-2.8810000323139143e-05,0.00011999999696854502
-2.8800000323199918e-05,0.00011999999696854502
-2.8790000323260692e-05,0.00011999999696854502
-2.8780000323321467e-05,0.00011999999696854502
-2.877000032338224e-05,0.00011999999696854502
-2.8760000323443016e-05,0.00011999999696854502
-2.875000032350379e-05,0.00011999999696854502
-2.8740000323564566e-05,0.00011999999696854502
-2.873000032362534e-05,0.00015999999595806003
-2.8720000323686115e-05,0.00011999999696854502
-2.871000032374689e-05,0.00011999999696854502
-2.8700000323807665e-05,0.00011999999696854502
-2.869000032386844e-05,0.00015999999595806003
-2.8680000323929214e-05,0.00011999999696854502
-2.867000032398999e-05,0.00011999999696854502
-2.8660000324050763e-05,0.00011999999696854502
-2.8650000324111538e-05,0.00011999999696854502
-2.8640000324172313e-05,0.00011999999696854502
-2.8630000324233088e-05,0.00011999999696854502
-2.8620000324293862e-05,0.00011999999696854502
-2.8610000324354637e-05,0.00011999999696854502
-2.8600000324415412e-05,0.00011999999696854502
-2.8590000324476186e-05,0.00011999999696854502
-2.858000032453696e-05,0.00011999999696854502
-2.8570000324597736e-05,0.00011999999696854502
-2.856000032465851e-05,0.00011999999696854502
-2.8550000324719285e-05,0.00011999999696854502
-2.854000032478006e-05,0.00011999999696854502
-2.8530000324840835e-05,0.00011999999696854502
-2.852000032490161e-05,0.00011999999696854502
-2.8510000324962384e-05,0.00011999999696854502
-2.850000032502316e-05,0.00011999999696854502
-2.8490000325083934e-05,0.00011999999696854502
-2.8480000325144708e-05,0.00011999999696854502
-2.8470000325205483e-05,0.00011999999696854502
-2.8460000325266258e-05,0.00011999999696854502
-2.8450000325327032e-05,0.00015999999595806003
-2.8440000325387807e-05,0.00011999999696854502
-2.8430000325448582e-05,0.00011999999696854502
-2.8420000325509357e-05,0.00011999999696854502
-2.841000032557013e-05,0.00011999999696854502
-2.8400000325630906e-05,0.00011999999696854502
-2.839000032569168e-05,0.00011999999696854502
-2.8380000325752455e-05,0.00011999999696854502
-2.837000032581323e-05,0.00011999999696854502
-2.8360000325874005e-05,0.00011999999696854502
-2.835000032593478e-05,0.00011999999696854502
-2.8340000325995554e-05,0.00011999999696854502
-2.833000032605633e-05,0.00015999999595806003
-2.8320000326117104e-05,0.00011999999696854502
-2.831000032617788e-05,0.00011999999696854502
-2.8300000326238653e-05,0.00011999999696854502
-2.8290000326299428e-05,0.00011999999696854502
-2.8280000326360202e-05,0.00011999999696854502
-2.8270000326420977e-05,7.999999797903001e-05
-2.8260000326481752e-05,0.00011999999696854502
-2.8250000326542527e-05,0.00011999999696854502
-2.82400003266033e-05,0.00011999999696854502
-2.8230000326664076e-05,0.00011999999696854502
-2.822000032672485e-05,0.00011999999696854502
-2.8210000326785625e-05,0.00011999999696854502
-2.82000003268464e-05,0.00011999999696854502
-2.8190000326907175e-05,0.00011999999696854502
-2.818000032696795e-05,0.00011999999696854502
-2.8170000327028724e-05,0.00011999999696854502
-2.81600003270895e-05,0.00011999999696854502
-2.8150000327150274e-05,0.00011999999696854502
-2.814000032721105e-05,0.00011999999696854502
-2.8130000327271823e-05,0.00011999999696854502
-2.8120000327332598e-05,0.00011999999696854502
-2.8110000327393373e-05,0.00011999999696854502
-2.8100000327454147e-05,0.00011999999696854502
-2.8090000327514922e-05,0.00011999999696854502
-2.8080000327575697e-05,0.00011999999696854502
-2.807000032763647e-05,0.00015999999595806003
-2.8060000327697246e-05,0.00011999999696854502
-2.805000032775802e-05,0.00011999999696854502
-2.8040000327818795e-05,7.999999797903001e-05
-2.803000032787957e-05,0.00011999999696854502
-2.8020000327940345e-05,0.00011999999696854502
-2.801000032800112e-05,0.00011999999696854502
-2.8000000328061894e-05,0.00011999999696854502
-2.799000032812267e-05,0.00011999999696854502
-2.7980000328183444e-05,0.00011999999696854502
-2.797000032824422e-05,0.00011999999696854502
-2.7960000328304993e-05,0.00011999999696854502
-2.7950000328365768e-05,0.00011999999696854502
-2.7940000328426543e-05,0.00011999999696854502
-2.7930000328487317e-05,0.00011999999696854502
-2.7920000328548092e-05,0.00011999999696854502
-2.7910000328608867e-05,0.00011999999696854502
-2.790000032866964e-05,0.00011999999696854502
-2.7890000328730416e-05,0.00011999999696854502
-2.788000032879119e-05,0.00011999999696854502
-2.7870000328851966e-05,0.00011999999696854502
-2.786000032891274e-05,0.00011999999696854502
-2.7850000328973515e-05,0.00011999999696854502
-2.784000032903429e-05,0.00015999999595806003
-2.7830000329095064e-05,0.00011999999696854502
-2.782000032915584e-05,7.999999797903001e-05
-2.7810000329216614e-05,0.00011999999696854502
-2.780000032927739e-05,0.00011999999696854502
-2.7790000329338163e-05,0.00011999999696854502
-2.7780000329398938e-05,0.00011999999696854502
-2.7770000329459713e-05,0.00011999999696854502
-2.7760000329520487e-05,0.00011999999696854502
-2.7750000329581262e-05,0.00011999999696854502
-2.7740000329642037e-05,0.00011999999696854502
-2.773000032970281e-05,0.00011999999696854502
-2.7720000329763586e-05,0.00011999999696854502
-2.771000032982436e-05,0.00011999999696854502
-2.7700000329885136e-05,0.00011999999696854502
-2.769000032994591e-05,0.00011999999696854502
-2.7680000330006685e-05,0.00011999999696854502
-2.767000033006746e-05,0.00011999999696854502
-2.7660000330128234e-05,0.00011999999696854502
-2.765000033018901e-05,0.00011999999696854502
-2.7640000330249784e-05,0.00011999999696854502
-2.763000033031056e-05,0.00011999999696854502
-2.7620000330371333e-05,0.00011999999696854502
-2.7610000330432108e-05,0.00011999999696854502
-2.7600000330492883e-05,0.00011999999696854502
-2.7590000330553657e-05,0.00011999999696854502
-2.7580000330614432e-05,0.00011999999696854502
-2.7570000330675207e-05,0.00011999999696854502
-2.756000033073598e-05,0.00011999999696854502
-2.7550000330796756e-05,0.00011999999696854502
-2.754000033085753e-05,0.00011999999696854502
-2.7530000330918306e-05,0.00011999999696854502
-2.752000033097908e-05,0.00011999999696854502
-2.7510000331039855e-05,0.00011999999696854502
-2.750000033110063e-05,0.00011999999696854502
-2.7490000331161405e-05,0.00011999999696854502
-2.748000033122218e-05,0.00011999999696854502
-2.7470000331282954e-05,0.00011999999696854502
-2.746000033134373e-05,0.00011999999696854502
-2.7450000331404503e-05,0.00011999999696854502
-2.7440000331465278e-05,0.00011999999696854502
-2.7430000331526053e-05,0.00011999999696854502
-2.7420000331586827e-05,0.00011999999696854502
-2.7410000331647602e-05,0.00011999999696854502
-2.7400000331708377e-05,0.00011999999696854502
-2.739000033176915e-05,0.00011999999696854502
-2.7380000331829926e-05,0.00011999999696854502
-2.73700003318907e-05,0.00011999999696854502
-2.7360000331951476e-05,0.00011999999696854502
-2.735000033201225e-05,0.00011999999696854502
-2.7340000332073025e-05,0.00011999999696854502
-2.73300003321338e-05,0.00011999999696854502
-2.7320000332194575e-05,0.00011999999696854502
-2.731000033225535e-05,0.00011999999696854502
-2.7300000332316124e-05,0.00011999999696854502
-2.72900003323769e-05,0.00011999999696854502
-2.7280000332437673e-05,0.00011999999696854502
-2.7270000332498448e-05,0.00015999999595806003
-2.7260000332559223e-05,0.00015999999595806003
-2.7250000332619998e-05,0.00011999999696854502
-2.7240000332680772e-05,0.00011999999696854502
-2.7230000332741547e-05,0.00011999999696854502
-2.722000033280232e-05,0.00011999999696854502
-2.7210000332863096e-05,0.00011999999696854502
-2.720000033292387e-05,0.00011999999696854502
-2.7190000332984646e-05,0.00015999999595806003
-2.718000033304542e-05,0.00011999999696854502
-2.7170000333106195e-05,0.00011999999696854502
-2.716000033316697e-05,0.00011999999696854502
-2.7150000333227745e-05,0.00011999999696854502
-2.714000033328852e-05,0.00011999999696854502
-2.7130000333349294e-05,0.00011999999696854502
-2.712000033341007e-05,0.00011999999696854502
-2.7110000333470843e-05,0.00011999999696854502
-2.7100000333531618e-05,0.00011999999696854502
-2.7090000333592393e-05,0.00011999999696854502
-2.7080000333653168e-05,0.00011999999696854502
-2.7070000333713942e-05,0.00011999999696854502
-2.7060000333774717e-05,0.00011999999696854502
-2.7050000333835492e-05,0.00011999999696854502
-2.7040000333896266e-05,0.00011999999696854502
-2.703000033395704e-05,0.00015999999595806003
-2.7020000334017816e-05,0.00011999999696854502
-2.701000033407859e-05,0.00011999999696854502
-2.7000000334139365e-05,0.00011999999696854502
-2.699000033420014e-05,0.00011999999696854502
-2.6980000334260915e-05,0.00015999999595806003
-2.697000033432169e-05,0.00011999999696854502
-2.6960000334382464e-05,0.00011999999696854502
-2.695000033444324e-05,0.00011999999696854502
-2.6940000334504014e-05,0.00011999999696854502
-2.6930000334564788e-05,0.00011999999696854502
-2.6920000334625563e-05,0.00011999999696854502
-2.6910000334686338e-05,0.00011999999696854502
-2.6900000334747112e-05,0.00011999999696854502
-2.6890000334807887e-05,0.00011999999696854502
-2.6880000334868662e-05,0.00011999999696854502
-2.6870000334929437e-05,0.00011999999696854502
-2.686000033499021e-05,0.00011999999696854502
-2.6850000335050986e-05,0.00011999999696854502
-2.684000033511176e-05,0.00011999999696854502
-2.6830000335172535e-05,0.00011999999696854502
-2.682000033523331e-05,0.00011999999696854502
-2.6810000335294085e-05,0.00011999999696854502
-2.680000033535486e-05,0.00011999999696854502
-2.6790000335415634e-05,0.00011999999696854502
-2.678000033547641e-05,0.00011999999696854502
-2.6770000335537184e-05,0.00011999999696854502
-2.676000033559796e-05,0.00011999999696854502
-2.6750000335658733e-05,0.00011999999696854502
-2.6740000335719508e-05,0.00011999999696854502
-2.6730000335780282e-05,0.00011999999696854502
-2.6720000335841057e-05,0.00011999999696854502
-2.6710000335901832e-05,0.00011999999696854502
-2.6700000335962607e-05,0.00011999999696854502
-2.669000033602338e-05,0.00011999999696854502
-2.6680000336084156e-05,0.00011999999696854502
-2.667000033614493e-05,0.00011999999696854502
-2.6660000336205705e-05,0.00011999999696854502
-2.665000033626648e-05,0.00011999999696854502
-2.6640000336327255e-05,0.00011999999696854502
-2.663000033638803e-05,0.00011999999696854502
-2.6620000336448804e-05,0.00011999999696854502
-2.661000033650958e-05,0.00011999999696854502
-2.6600000336570354e-05,0.00011999999696854502
-2.659000033663113e-05,0.00011999999696854502
-2.6580000336691903e-05,0.00011999999696854502
-2.6570000336752678e-05,0.00011999999696854502
-2.6560000336813453e-05,0.00011999999696854502
-2.6550000336874227e-05,0.00011999999696854502
-2.6540000336935002e-05,0.00011999999696854502
-2.6530000336995777e-05,0.00011999999696854502
-2.652000033705655e-05,0.00011999999696854502
-2.6510000337117326e-05,0.00011999999696854502
-2.65000003371781e-05,0.00011999999696854502
-2.6490000337238875e-05,0.00015999999595806003
-2.648000033729965e-05,0.00011999999696854502
-2.6470000337360425e-05,0.00011999999696854502
-2.64600003374212e-05,0.00011999999696854502
-2.6450000337481974e-05,0.00011999999696854502
-2.644000033754275e-05,0.00011999999696854502
-2.6430000337603524e-05,0.00011999999696854502
-2.64200003376643e-05,0.00011999999696854502
-2.6410000337725073e-05,0.00011999999696854502
-2.6400000337785848e-05,0.00011999999696854502
-2.6390000337846623e-05,0.00011999999696854502
-2.6380000337907397e-05,0.00011999999696854502
-2.6370000337968172e-05,0.00015999999595806003
-2.6360000338028947e-05,0.00011999999696854502
-2.635000033808972e-05,0.00011999999696854502
-2.6340000338150496e-05,0.00011999999696854502
-2.633000033821127e-05,0.00011999999696854502
-2.6320000338272046e-05,0.00011999999696854502
-2.631000033833282e-05,0.00011999999696854502
-2.6300000338393595e-05,0.00011999999696854502
-2.629000033845437e-05,0.00011999999696854502
-2.6280000338515144e-05,0.00011999999696854502
-2.627000033857592e-05,0.00011999999696854502
-2.6260000338636694e-05,0.00011999999696854502
-2.625000033869747e-05,0.00011999999696854502
-2.6240000338758243e-05,0.00011999999696854502
-2.6230000338819018e-05,0.00011999999696854502
-2.6220000338879793e-05,0.00011999999696854502
-2.6210000338940567e-05,0.00011999999696854502
-2.6200000339001342e-05,0.00011999999696854502
-2.6190000339062117e-05,0.00011999999696854502
-2.618000033912289e-05,0.00011999999696854502
-2.6170000339183666e-05,0.00011999999696854502
-2.616000033924444e-05,0.00011999999696854502
-2.6150000339305216e-05,0.00011999999696854502
-2.614000033936599e-05,0.00011999999696854502
-2.6130000339426765e-05,0.00011999999696854502
-2.612000033948754e-05,0.00011999999696854502
-2.6110000339548314e-05,0.00011999999696854502
-2.610000033960909e-05,0.00011999999696854502
-2.6090000339669864e-05,0.00011999999696854502
-2.608000033973064e-05,0.00011999999696854502
-2.6070000339791413e-05,0.00011999999696854502
-2.6060000339852188e-05,0.00011999999696854502
-2.6050000339912963e-05,0.00011999999696854502
-2.6040000339973737e-05,0.00011999999696854502
-2.6030000340034512e-05,0.00011999999696854502
-2.6020000340095287e-05,0.00011999999696854502
-2.601000034015606e-05,0.00011999999696854502
-2.6000000340216836e-05,0.00011999999696854502
-2.599000034027761e-05,0.00011999999696854502
-2.5980000340338386e-05,0.00011999999696854502
-2.597000034039916e-05,0.00011999999696854502
-2.5960000340459935e-05,0.00011999999696854502
-2.595000034052071e-05,0.00011999999696854502
-2.5940000340581485e-05,0.00011999999696854502
-2.593000034064226e-05,0.00011999999696854502
-2.5920000340703034e-05,0.00011999999696854502
-2.591000034076381e-05,0.00011999999696854502
-2.5900000340824583e-05,0.00011999999696854502
-2.5890000340885358e-05,0.00011999999696854502
-2.5880000340946133e-05,0.00011999999696854502
-2.5870000341006907e-05,0.00011999999696854502
-2.5860000341067682e-05,0.00011999999696854502
-2.5850000341128457e-05,0.00011999999696854502
-2.584000034118923e-05,0.00011999999696854502
-2.5830000341250006e-05,0.00011999999696854502
-2.582000034131078e-05,0.00011999999696854502
-2.5810000341371556e-05,0.00011999999696854502
-2.580000034143233e-05,0.00011999999696854502
-2.5790000341493105e-05,0.00011999999696854502
-2.578000034155388e-05,0.00011999999696854502
-2.5770000341614655e-05,0.00011999999696854502
-2.576000034167543e-05,0.00011999999696854502
-2.5750000341736204e-05,0.00011999999696854502
-2.574000034179698e-05,0.00011999999696854502
-2.5730000341857753e-05,0.00011999999696854502
-2.5720000341918528e-05,0.00011999999696854502
-2.5710000341979303e-05,0.00011999999696854502
-2.5700000342040078e-05,0.00011999999696854502
-2.5690000342100852e-05,0.00011999999696854502
-2.5680000342161627e-05,0.00011999999696854502
-2.56700003422224e-05,0.00011999999696854502
-2.5660000342283176e-05,0.00011999999696854502
-2.565000034234395e-05,0.00011999999696854502
-2.5640000342404726e-05,0.00011999999696854502
-2.56300003424655e-05,0.00011999999696854502
-2.5620000342526275e-05,0.00011999999696854502
-2.561000034258705e-05,0.00011999999696854502
-2.5600000342647825e-05,0.00011999999696854502
-2.55900003427086e-05,0.00011999999696854502
-2.5580000342769374e-05,0.00011999999696854502
-2.557000034283015e-05,0.00011999999696854502
-2.5560000342890923e-05,0.00011999999696854502
-2.5550000342951698e-05,0.00011999999696854502
-2.5540000343012473e-05,0.00011999999696854502
-2.5530000343073248e-05,0.00011999999696854502
-2.5520000343134022e-05,0.00011999999696854502
-2.5510000343194797e-05,0.00011999999696854502
-2.5500000343255572e-05,0.00011999999696854502
-2.5490000343316346e-05,0.00011999999696854502
-2.548000034337712e-05,0.00011999999696854502
-2.5470000343437896e-05,0.00011999999696854502
-2.546000034349867e-05,0.00011999999696854502
-2.5450000343559445e-05,0.00011999999696854502
-2.544000034362022e-05,0.00011999999696854502
-2.5430000343680995e-05,0.00011999999696854502
-2.542000034374177e-05,0.00011999999696854502
-2.5410000343802544e-05,0.00011999999696854502
-2.540000034386332e-05,0.00011999999696854502
-2.5390000343924094e-05,0.00011999999696854502
-2.5380000343984868e-05,0.00011999999696854502
-2.5370000344045643e-05,0.00011999999696854502
-2.5360000344106418e-05,0.00011999999696854502
-2.5350000344167192e-05,0.00011999999696854502
-2.5340000344227967e-05,0.00011999999696854502
-2.5330000344288742e-05,7.999999797903001e-05
-2.5320000344349517e-05,0.00011999999696854502
-2.531000034441029e-05,0.00011999999696854502
-2.5300000344471066e-05,0.00011999999696854502
-2.529000034453184e-05,0.00011999999696854502
-2.5280000344592615e-05,0.00011999999696854502
-2.527000034465339e-05,0.00011999999696854502
-2.5260000344714165e-05,0.00011999999696854502
-2.525000034477494e-05,0.00011999999696854502
-2.5240000344835714e-05,0.00011999999696854502
-2.523000034489649e-05,0.00011999999696854502
-2.5220000344957264e-05,0.00011999999696854502
-2.521000034501804e-05,7.999999797903001e-05
-2.5200000345078813e-05,0.00011999999696854502
-2.5190000345139588e-05,0.00011999999696854502
-2.5180000345200362e-05,0.00011999999696854502
-2.5170000345261137e-05,0.00011999999696854502
-2.5160000345321912e-05,0.00011999999696854502
-2.5150000345382687e-05,0.00011999999696854502
-2.514000034544346e-05,0.00011999999696854502
-2.5130000345504236e-05,0.00011999999696854502
-2.512000034556501e-05,0.00011999999696854502
-2.5110000345625785e-05,0.00011999999696854502
-2.510000034568656e-05,0.00011999999696854502
-2.5090000345747335e-05,0.00011999999696854502
-2.508000034580811e-05,0.00011999999696854502
-2.5070000345868884e-05,0.00011999999696854502
-2.506000034592966e-05,0.00011999999696854502
-2.5050000345990434e-05,0.00011999999696854502
-2.504000034605121e-05,0.00011999999696854502
-2.5030000346111983e-05,0.00011999999696854502
-2.5020000346172758e-05,0.00011999999696854502
-2.5010000346233533e-05,0.00011999999696854502
-2.5000000346294307e-05,0.00011999999696854502
-2.4990000346355082e-05,0.00011999999696854502
-2.4980000346415857e-05,0.00015999999595806003
-2.497000034647663e-05,0.00011999999696854502
-2.4960000346537406e-05,0.00011999999696854502
-2.495000034659818e-05,0.00011999999696854502
-2.4940000346658955e-05,0.00011999999696854502
-2.493000034671973e-05,0.00011999999696854502
-2.4920000346780505e-05,0.00011999999696854502
-2.491000034684128e-05,0.00011999999696854502
-2.4900000346902054e-05,0.00011999999696854502
-2.489000034696283e-05,0.00011999999696854502
-2.4880000347023604e-05,0.00011999999696854502
-2.487000034708438e-05,0.00011999999696854502
-2.4860000347145153e-05,0.00011999999696854502
-2.4850000347205928e-05,0.00011999999696854502
-2.4840000347266703e-05,0.00011999999696854502
-2.4830000347327477e-05,0.00011999999696854502
-2.4820000347388252e-05,0.00011999999696854502
-2.4810000347449027e-05,0.00011999999696854502
-2.48000003475098e-05,0.00011999999696854502
-2.4790000347570576e-05,0.00011999999696854502
-2.478000034763135e-05,0.00011999999696854502
-2.4770000347692126e-05,0.00011999999696854502
-2.47600003477529e-05,0.00011999999696854502
-2.4750000347813675e-05,0.00011999999696854502
-2.474000034787445e-05,0.00011999999696854502
-2.4730000347935224e-05,0.00011999999696854502
-2.4720000347996e-05,0.00011999999696854502
-2.4710000348056774e-05,0.00011999999696854502
-2.470000034811755e-05,0.00011999999696854502
-2.4690000348178323e-05,0.00011999999696854502
-2.4680000348239098e-05,0.00011999999696854502
-2.4670000348299873e-05,0.00011999999696854502
-2.4660000348360647e-05,0.00011999999696854502
-2.4650000348421422e-05,0.00011999999696854502
-2.4640000348482197e-05,0.00011999999696854502
-2.463000034854297e-05,0.00011999999696854502
-2.4620000348603746e-05,0.00011999999696854502
-2.461000034866452e-05,0.00011999999696854502
-2.4600000348725296e-05,0.00011999999696854502
-2.459000034878607e-05,0.00011999999696854502
-2.4580000348846845e-05,0.00011999999696854502
-2.457000034890762e-05,0.00011999999696854502
-2.4560000348968394e-05,0.00011999999696854502
-2.455000034902917e-05,0.00011999999696854502
-2.4540000349089944e-05,0.00011999999696854502
-2.453000034915072e-05,0.00011999999696854502
-2.4520000349211493e-05,7.999999797903001e-05
-2.4510000349272268e-05,0.00011999999696854502
-2.4500000349333043e-05,0.00011999999696854502
-2.4490000349393817e-05,0.00011999999696854502
-2.4480000349454592e-05,0.00011999999696854502
-2.4470000349515367e-05,0.00011999999696854502
-2.446000034957614e-05,0.00011999999696854502
-2.4450000349636916e-05,0.00011999999696854502
-2.444000034969769e-05,7.999999797903001e-05
-2.4430000349758466e-05,0.00011999999696854502
-2.442000034981924e-05,0.00011999999696854502
-2.4410000349880015e-05,0.00011999999696854502
-2.440000034994079e-05,0.00011999999696854502
-2.4390000350001565e-05,0.00011999999696854502
-2.438000035006234e-05,0.00011999999696854502
-2.4370000350123114e-05,0.00011999999696854502
-2.436000035018389e-05,0.00011999999696854502
-2.4350000350244663e-05,7.999999797903001e-05
-2.4340000350305438e-05,0.00011999999696854502
-2.4330000350366213e-05,0.00011999999696854502
-2.4320000350426987e-05,0.00011999999696854502
-2.4310000350487762e-05,0.00011999999696854502
-2.4300000350548537e-05,0.00011999999696854502
-2.429000035060931e-05,0.00011999999696854502
-2.4280000350670086e-05,0.00011999999696854502
-2.427000035073086e-05,0.00011999999696854502
-2.4260000350791636e-05,0.00011999999696854502
-2.425000035085241e-05,0.00011999999696854502
-2.4240000350913185e-05,0.00011999999696854502
-2.423000035097396e-05,0.00011999999696854502
-2.4220000351034735e-05,0.00011999999696854502
-2.421000035109551e-05,0.00011999999696854502
-2.4200000351156284e-05,0.00011999999696854502
-2.419000035121706e-05,0.00011999999696854502
-2.4180000351277833e-05,0.00011999999696854502
-2.4170000351338608e-05,0.00011999999696854502
-2.4160000351399383e-05,0.00011999999696854502
-2.4150000351460158e-05,0.00011999999696854502
-2.4140000351520932e-05,0.00011999999696854502
-2.4130000351581707e-05,0.00011999999696854502
-2.412000035164248e-05,0.00011999999696854502
-2.4110000351703256e-05,0.00011999999696854502
-2.410000035176403e-05,0.00011999999696854502
-2.4090000351824806e-05,0.00011999999696854502
-2.408000035188558e-05,0.00011999999696854502
-2.4070000351946355e-05,7.999999797903001e-05
-2.406000035200713e-05,0.00011999999696854502
-2.4050000352067905e-05,0.00011999999696854502
-2.404000035212868e-05,0.00011999999696854502
-2.4030000352189454e-05,7.999999797903001e-05
-2.402000035225023e-05,0.00011999999696854502
-2.4010000352311003e-05,0.00011999999696854502
-2.4000000352371778e-05,0.00011999999696854502
-2.3990000352432553e-05,7.999999797903001e-05
-2.3980000352493328e-05,0.00011999999696854502
-2.3970000352554102e-05,0.00011999999696854502
-2.3960000352614877e-05,0.00011999999696854502
-2.3950000352675652e-05,0.00011999999696854502
-2.3940000352736426e-05,0.00011999999696854502
-2.39300003527972e-05,0.00011999999696854502
-2.3920000352857976e-05,0.00011999999696854502
-2.391000035291875e-05,0.00011999999696854502
-2.3900000352979525e-05,0.00011999999696854502
-2.38900003530403e-05,0.00011999999696854502
-2.3880000353101075e-05,0.00011999999696854502
-2.387000035316185e-05,0.00011999999696854502
-2.3860000353222624e-05,0.00011999999696854502
-2.38500003532834e-05,0.00011999999696854502
-2.3840000353344174e-05,0.00011999999696854502
-2.3830000353404948e-05,7.999999797903001e-05
-2.3820000353465723e-05,7.999999797903001e-05
-2.3810000353526498e-05,0.00011999999696854502
-2.3800000353587272e-05,0.00011999999696854502
-2.3790000353648047e-05,0.00011999999696854502
-2.3780000353708822e-05,0.00011999999696854502
-2.3770000353769597e-05,0.00011999999696854502
-2.376000035383037e-05,0.00011999999696854502
-2.3750000353891146e-05,0.00011999999696854502
-2.374000035395192e-05,0.00011999999696854502
-2.3730000354012695e-05,0.00011999999696854502
-2.372000035407347e-05,0.00011999999696854502
-2.3710000354134245e-05,7.999999797903001e-05
-2.370000035419502e-05,7.999999797903001e-05
-2.3690000354255794e-05,0.00011999999696854502
-2.368000035431657e-05,0.00011999999696854502
-2.3670000354377344e-05,0.00011999999696854502
-2.366000035443812e-05,0.00011999999696854502
-2.3650000354498893e-05,0.00011999999696854502
-2.3640000354559668e-05,0.00011999999696854502
-2.3630000354620442e-05,0.00011999999696854502
-2.3620000354681217e-05,0.00011999999696854502
-2.3610000354741992e-05,0.00011999999696854502
-2.3600000354802767e-05,0.00011999999696854502
-2.359000035486354e-05,0.00011999999696854502
-2.3580000354924316e-05,0.00011999999696854502
-2.357000035498509e-05,0.00011999999696854502
-2.3560000355045865e-05,0.00015999999595806003
-2.355000035510664e-05,0.00011999999696854502
-2.3540000355167415e-05,0.00011999999696854502
-2.353000035522819e-05,0.00011999999696854502
-2.3520000355288964e-05,0.00011999999696854502
-2.351000035534974e-05,0.00011999999696854502
-2.3500000355410514e-05,0.00011999999696854502
-2.349000035547129e-05,0.00011999999696854502
-2.3480000355532063e-05,0.00011999999696854502
-2.3470000355592838e-05,7.999999797903001e-05
-2.3460000355653613e-05,7.999999797903001e-05
-2.3450000355714387e-05,0.00011999999696854502
-2.3440000355775162e-05,0.00011999999696854502
-2.3430000355835937e-05,0.00011999999696854502
-2.342000035589671e-05,0.00011999999696854502
-2.3410000355957486e-05,0.00011999999696854502
-2.340000035601826e-05,0.00011999999696854502
-2.3390000356079035e-05,0.00011999999696854502
-2.338000035613981e-05,0.00011999999696854502
-2.3370000356200585e-05,0.00011999999696854502
-2.336000035626136e-05,0.00011999999696854502
-2.3350000356322134e-05,0.00011999999696854502
-2.334000035638291e-05,0.00011999999696854502
-2.3330000356443684e-05,0.00011999999696854502
-2.332000035650446e-05,0.00011999999696854502
-2.3310000356565233e-05,0.00011999999696854502
-2.3300000356626008e-05,0.00011999999696854502
-2.3290000356686783e-05,0.00011999999696854502
-2.3280000356747557e-05,0.00011999999696854502
-2.3270000356808332e-05,0.00011999999696854502
-2.3260000356869107e-05,0.00011999999696854502
-2.325000035692988e-05,0.00011999999696854502
-2.3240000356990656e-05,0.00011999999696854502
-2.323000035705143e-05,0.00011999999696854502
-2.3220000357112206e-05,0.00011999999696854502
-2.321000035717298e-05,0.00011999999696854502
-2.3200000357233755e-05,0.00011999999696854502
-2.319000035729453e-05,0.00011999999696854502
-2.3180000357355304e-05,0.00011999999696854502
-2.317000035741608e-05,0.00011999999696854502
-2.3160000357476854e-05,7.999999797903001e-05
-2.315000035753763e-05,0.00011999999696854502
-2.3140000357598403e-05,0.00011999999696854502
-2.3130000357659178e-05,0.00011999999696854502
-2.3120000357719953e-05,0.00011999999696854502
-2.3110000357780727e-05,0.00011999999696854502
-2.3100000357841502e-05,0.00011999999696854502
-2.3090000357902277e-05,0.00011999999696854502
-2.308000035796305e-05,0.00011999999696854502
-2.3070000358023826e-05,0.00011999999696854502
-2.30600003580846e-05,0.00011999999696854502
-2.3050000358145376e-05,0.00011999999696854502
-2.304000035820615e-05,0.00011999999696854502
-2.3030000358266925e-05,0.00011999999696854502
-2.30200003583277e-05,0.00011999999696854502
-2.3010000358388474e-05,0.00011999999696854502
-2.300000035844925e-05,0.00011999999696854502
-2.2990000358510024e-05,0.00011999999696854502
-2.29800003585708e-05,0.00011999999696854502
-2.2970000358631573e-05,0.00011999999696854502
-2.2960000358692348e-05,0.00011999999696854502
-2.2950000358753123e-05,0.00011999999696854502
-2.2940000358813897e-05,0.00011999999696854502
-2.2930000358874672e-05,0.00011999999696854502
-2.2920000358935447e-05,0.00011999999696854502
-2.291000035899622e-05,0.00011999999696854502
-2.2900000359056996e-05,0.00011999999696854502
-2.289000035911777e-05,0.00011999999696854502
-2.2880000359178546e-05,0.00011999999696854502
-2.287000035923932e-05,0.00011999999696854502
-2.2860000359300095e-05,0.00011999999696854502
-2.285000035936087e-05,0.00011999999696854502
-2.2840000359421645e-05,0.00011999999696854502
-2.283000035948242e-05,0.00011999999696854502
-2.2820000359543194e-05,0.00011999999696854502
-2.281000035960397e-05,0.00011999999696854502
-2.2800000359664743e-05,0.00011999999696854502
-2.2790000359725518e-05,0.00011999999696854502
-2.2780000359786293e-05,0.00011999999696854502
-2.2770000359847067e-05,0.00011999999696854502
-2.2760000359907842e-05,0.00011999999696854502
-2.2750000359968617e-05,0.00011999999696854502
-2.274000036002939e-05,0.00011999999696854502
-2.2730000360090166e-05,0.00011999999696854502
-2.272000036015094e-05,0.00011999999696854502
-2.2710000360211716e-05,0.00011999999696854502
-2.270000036027249e-05,0.00011999999696854502
-2.2690000360333265e-05,0.00011999999696854502
-2.268000036039404e-05,0.00011999999696854502
-2.2670000360454815e-05,0.00015999999595806003
-2.266000036051559e-05,0.00011999999696854502
-2.2650000360576364e-05,0.00011999999696854502
-2.264000036063714e-05,0.00011999999696854502
-2.2630000360697913e-05,0.00011999999696854502
-2.2620000360758688e-05,0.00011999999696854502
-2.2610000360819463e-05,0.00011999999696854502
-2.2600000360880238e-05,0.00011999999696854502
-2.2590000360941012e-05,0.00011999999696854502
-2.2580000361001787e-05,0.00011999999696854502
-2.257000036106256e-05,0.00011999999696854502
-2.2560000361123336e-05,0.00011999999696854502
-2.255000036118411e-05,0.00011999999696854502
-2.2540000361244886e-05,0.00011999999696854502
-2.253000036130566e-05,0.00011999999696854502
-2.2520000361366435e-05,0.00011999999696854502
-2.251000036142721e-05,0.00011999999696854502
-2.2500000361487985e-05,0.00011999999696854502
-2.249000036154876e-05,0.00011999999696854502
-2.2480000361609534e-05,0.00011999999696854502
-2.247000036167031e-05,0.00011999999696854502
-2.2460000361731083e-05,0.00011999999696854502
-2.2450000361791858e-05,0.00011999999696854502
-2.2440000361852633e-05,0.00011999999696854502
-2.2430000361913408e-05,0.00011999999696854502
-2.2420000361974182e-05,0.00011999999696854502
-2.2410000362034957e-05,0.00011999999696854502
-2.2400000362095732e-05,0.00011999999696854502
-2.2390000362156506e-05,0.00011999999696854502
-2.238000036221728e-05,0.00011999999696854502
-2.2370000362278056e-05,0.00011999999696854502
-2.236000036233883e-05,0.00011999999696854502
-2.2350000362399605e-05,0.00011999999696854502
-2.234000036246038e-05,0.00011999999696854502
-2.2330000362521155e-05,0.00011999999696854502
-2.232000036258193e-05,0.00011999999696854502
-2.2310000362642704e-05,0.00011999999696854502
-2.230000036270348e-05,0.00011999999696854502
-2.2290000362764254e-05,0.00011999999696854502
-2.2280000362825028e-05,0.00011999999696854502
-2.2270000362885803e-05,0.00011999999696854502
-2.2260000362946578e-05,0.00011999999696854502
-2.2250000363007352e-05,0.00011999999696854502
-2.2240000363068127e-05,7.999999797903001e-05
-2.2230000363128902e-05,0.00011999999696854502
-2.2220000363189677e-05,0.00015999999595806003
-2.221000036325045e-05,0.00011999999696854502
-2.2200000363311226e-05,7.999999797903001e-05
-2.2190000363372e-05,0.00011999999696854502
-2.2180000363432775e-05,0.00011999999696854502
-2.217000036349355e-05,0.00011999999696854502
-2.2160000363554325e-05,0.00011999999696854502
-2.21500003636151e-05,0.00011999999696854502
-2.2140000363675874e-05,0.00011999999696854502
-2.213000036373665e-05,0.00011999999696854502
-2.2120000363797424e-05,0.00011999999696854502
-2.21100003638582e-05,0.00011999999696854502
-2.2100000363918973e-05,0.00011999999696854502
-2.2090000363979748e-05,0.00011999999696854502
-2.2080000364040522e-05,0.00011999999696854502
-2.2070000364101297e-05,0.00011999999696854502
-2.2060000364162072e-05,0.00011999999696854502
-2.2050000364222847e-05,0.00011999999696854502
-2.204000036428362e-05,0.00011999999696854502
-2.2030000364344396e-05,7.999999797903001e-05
-2.202000036440517e-05,0.00011999999696854502
-2.2010000364465945e-05,0.00011999999696854502
-2.200000036452672e-05,0.00011999999696854502
-2.1990000364587495e-05,0.00011999999696854502
-2.198000036464827e-05,0.00011999999696854502
-2.1970000364709044e-05,0.00011999999696854502
-2.196000036476982e-05,0.00011999999696854502
-2.1950000364830594e-05,7.999999797903001e-05
-2.194000036489137e-05,0.00011999999696854502
-2.1930000364952143e-05,0.00011999999696854502
-2.1920000365012918e-05,0.00011999999696854502
-2.1910000365073693e-05,0.00011999999696854502
-2.1900000365134467e-05,0.00011999999696854502
-2.1890000365195242e-05,0.00011999999696854502
-2.1880000365256017e-05,0.00011999999696854502
-2.187000036531679e-05,0.00011999999696854502
-2.1860000365377566e-05,0.00011999999696854502
-2.185000036543834e-05,0.00011999999696854502
-2.1840000365499115e-05,0.00011999999696854502
-2.183000036555989e-05,7.999999797903001e-05
-2.1820000365620665e-05,0.00011999999696854502
-2.181000036568144e-05,0.00015999999595806003
-2.1800000365742214e-05,0.00011999999696854502
-2.179000036580299e-05,7.999999797903001e-05
-2.1780000365863764e-05,0.00011999999696854502
-2.177000036592454e-05,0.00011999999696854502
-2.1760000365985313e-05,0.00011999999696854502
-2.1750000366046088e-05,7.999999797903001e-05
-2.1740000366106863e-05,0.00011999999696854502
-2.1730000366167637e-05,0.00011999999696854502
-2.1720000366228412e-05,0.00011999999696854502
-2.1710000366289187e-05,0.00011999999696854502
-2.170000036634996e-05,0.00011999999696854502
-2.1690000366410736e-05,0.00011999999696854502
-2.168000036647151e-05,0.00011999999696854502
-2.1670000366532286e-05,0.00011999999696854502
-2.166000036659306e-05,0.00011999999696854502
-2.1650000366653835e-05,0.00011999999696854502
-2.164000036671461e-05,0.00011999999696854502
-2.1630000366775384e-05,0.00011999999696854502
-2.162000036683616e-05,0.00011999999696854502
-2.1610000366896934e-05,0.00011999999696854502
-2.160000036695771e-05,0.00011999999696854502
-2.1590000367018483e-05,0.00011999999696854502
-2.1580000367079258e-05,7.999999797903001e-05
-2.1570000367140033e-05,0.00011999999696854502
-2.1560000367200807e-05,0.00011999999696854502
-2.1550000367261582e-05,0.00011999999696854502
-2.1540000367322357e-05,0.00011999999696854502
-2.153000036738313e-05,0.00011999999696854502
-2.1520000367443906e-05,0.00011999999696854502
-2.151000036750468e-05,0.00011999999696854502
-2.1500000367565456e-05,0.00011999999696854502
-2.149000036762623e-05,0.00011999999696854502
-2.1480000367687005e-05,0.00011999999696854502
-2.147000036774778e-05,0.00011999999696854502
-2.1460000367808554e-05,0.00011999999696854502
-2.145000036786933e-05,0.00011999999696854502
-2.1440000367930104e-05,0.00011999999696854502
-2.143000036799088e-05,0.00011999999696854502
-2.1420000368051653e-05,0.00011999999696854502
-2.1410000368112428e-05,0.00011999999696854502
-2.1400000368173203e-05,0.00011999999696854502
-2.1390000368233977e-05,0.00011999999696854502
-2.1380000368294752e-05,0.00011999999696854502
-2.1370000368355527e-05,7.999999797903001e-05
-2.13600003684163e-05,0.00011999999696854502
-2.1350000368477076e-05,0.00011999999696854502
-2.134000036853785e-05,0.00011999999696854502
-2.1330000368598626e-05,0.00011999999696854502
-2.13200003686594e-05,0.00011999999696854502
-2.1310000368720175e-05,0.00011999999696854502
-2.130000036878095e-05,7.999999797903001e-05
-2.1290000368841725e-05,0.00011999999696854502
-2.12800003689025e-05,0.00011999999696854502
-2.1270000368963274e-05,0.00011999999696854502
-2.126000036902405e-05,0.00011999999696854502
-2.1250000369084823e-05,7.999999797903001e-05
-2.1240000369145598e-05,0.00011999999696854502
-2.1230000369206373e-05,0.00011999999696854502
-2.1220000369267147e-05,0.00011999999696854502
-2.1210000369327922e-05,0.00011999999696854502
-2.1200000369388697e-05,0.00011999999696854502
-2.119000036944947e-05,0.00011999999696854502
-2.1180000369510246e-05,0.00011999999696854502
-2.117000036957102e-05,0.00011999999696854502
-2.1160000369631796e-05,0.00011999999696854502
-2.115000036969257e-05,0.00011999999696854502
-2.1140000369753345e-05,0.00011999999696854502
-2.113000036981412e-05,0.00011999999696854502
-2.1120000369874895e-05,0.00011999999696854502
-2.111000036993567e-05,0.00011999999696854502
-2.1100000369996444e-05,0.00011999999696854502
-2.109000037005722e-05,0.00011999999696854502
-2.1080000370117993e-05,0.00011999999696854502
-2.1070000370178768e-05,0.00011999999696854502
-2.1060000370239543e-05,0.00011999999696854502
-2.1050000370300318e-05,0.00011999999696854502
-2.1040000370361092e-05,0.00011999999696854502
-2.1030000370421867e-05,0.00011999999696854502
-2.102000037048264e-05,0.00011999999696854502
-2.1010000370543416e-05,0.00011999999696854502
-2.100000037060419e-05,0.00011999999696854502
-2.0990000370664966e-05,0.00011999999696854502
-2.098000037072574e-05,0.00011999999696854502
-2.0970000370786515e-05,0.00011999999696854502
-2.096000037084729e-05,0.00011999999696854502
-2.0950000370908065e-05,0.00011999999696854502
-2.094000037096884e-05,0.00011999999696854502
-2.0930000371029614e-05,0.00011999999696854502
-2.092000037109039e-05,0.00011999999696854502
-2.0910000371151163e-05,0.00011999999696854502
-2.0900000371211938e-05,0.00011999999696854502
-2.0890000371272713e-05,0.00011999999696854502
-2.0880000371333488e-05,0.00011999999696854502
-2.0870000371394262e-05,0.00011999999696854502
-2.0860000371455037e-05,0.00011999999696854502
-2.0850000371515812e-05,0.00011999999696854502
-2.0840000371576586e-05,0.00011999999696854502
-2.083000037163736e-05,0.00011999999696854502
-2.0820000371698136e-05,0.00011999999696854502
-2.081000037175891e-05,0.00011999999696854502
-2.0800000371819685e-05,0.00011999999696854502
-2.079000037188046e-05,0.00011999999696854502
-2.0780000371941235e-05,0.00011999999696854502
-2.077000037200201e-05,7.999999797903001e-05
-2.0760000372062784e-05,0.00011999999696854502
-2.075000037212356e-05,0.00011999999696854502
-2.0740000372184334e-05,0.00011999999696854502
-2.0730000372245108e-05,0.00011999999696854502
-2.0720000372305883e-05,0.00011999999696854502
-2.0710000372366658e-05,0.00011999999696854502
-2.0700000372427432e-05,0.00011999999696854502
-2.0690000372488207e-05,0.00011999999696854502
-2.0680000372548982e-05,0.00011999999696854502
-2.0670000372609757e-05,0.00011999999696854502
-2.066000037267053e-05,0.00011999999696854502
-2.0650000372731306e-05,0.00011999999696854502
-2.064000037279208e-05,0.00011999999696854502
-2.0630000372852855e-05,0.00011999999696854502
-2.062000037291363e-05,0.00011999999696854502
-2.0610000372974405e-05,0.00011999999696854502
-2.060000037303518e-05,0.00011999999696854502
-2.0590000373095954e-05,0.00011999999696854502
-2.058000037315673e-05,0.00011999999696854502
-2.0570000373217504e-05,0.00011999999696854502
-2.056000037327828e-05,0.00011999999696854502
-2.0550000373339053e-05,0.00011999999696854502
-2.0540000373399828e-05,0.00011999999696854502
-2.0530000373460602e-05,0.00011999999696854502
-2.0520000373521377e-05,0.00011999999696854502
-2.0510000373582152e-05,0.00011999999696854502
-2.0500000373642927e-05,0.00011999999696854502
-2.04900003737037e-05,7.999999797903001e-05
-2.0480000373764476e-05,7.999999797903001e-05
-2.047000037382525e-05,0.00015999999595806003
-2.0460000373886025e-05,0.00031999999191612005
-2.04500003739468e-05,3.9999998989515007e-05
-2.0440000374007575e-05,-3.9999998989515007e-05
-2.043000037406835e-05,0.00015999999595806003
-2.0420000374129124e-05,0.00015999999595806003
-2.04100003741899e-05,0.00019999999494757503
-2.0400000374250674e-05,0.00019999999494757503
-2.039000037431145e-05,7.999999797903001e-05
-2.0380000374372223e-05,7.999999797903001e-05
-2.0370000374432998e-05,0.00011999999696854502
-2.0360000374493773e-05,0.00015999999595806003
-2.0350000374554547e-05,0.00015999999595806003
-2.0340000374615322e-05,7.999999797903001e-05
-2.0330000374676097e-05,7.999999797903001e-05
-2.032000037473687e-05,0.00015999999595806003
-2.0310000374797646e-05,0.00011999999696854502
-2.030000037485842e-05,7.999999797903001e-05
-2.0290000374919196e-05,0.00011999999696854502
-2.028000037497997e-05,0.00015999999595806003
-2.0270000375040745e-05,0.00015999999595806003
-2.026000037510152e-05,0.00011999999696854502
-2.0250000375162294e-05,7.999999797903001e-05
-2.024000037522307e-05,0.00015999999595806003
-2.0230000375283844e-05,0.00015999999595806003
-2.022000037534462e-05,0.00011999999696854502
-2.0210000375405393e-05,7.999999797903001e-05
-2.0200000375466168e-05,0.00011999999696854502
-2.0190000375526943e-05,0.00015999999595806003
-2.0180000375587717e-05,0.00011999999696854502
-2.0170000375648492e-05,0.00011999999696854502
-2.0160000375709267e-05,7.999999797903001e-05
-2.015000037577004e-05,0.00011999999696854502
-2.0140000375830816e-05,0.00011999999696854502
-2.013000037589159e-05,7.999999797903001e-05
-2.0120000375952366e-05,0.00011999999696854502
-2.011000037601314e-05,0.00011999999696854502
-2.0100000376073915e-05,0.00011999999696854502
-2.009000037613469e-05,7.999999797903001e-05
-2.0080000376195464e-05,7.999999797903001e-05
-2.007000037625624e-05,0.00011999999696854502
-2.0060000376317014e-05,0.00015999999595806003
-2.005000037637779e-05,0.00011999999696854502
-2.0040000376438563e-05,0.00011999999696854502
-2.0030000376499338e-05,7.999999797903001e-05
-2.0020000376560113e-05,0.00011999999696854502
-2.0010000376620887e-05,0.00011999999696854502
-2.0000000376681662e-05,0.00011999999696854502
-1.9990000376742437e-05,0.00011999999696854502
-1.998000037680321e-05,0.00011999999696854502
-1.9970000376863986e-05,0.00011999999696854502
-1.996000037692476e-05,0.00011999999696854502
-1.9950000376985536e-05,0.00011999999696854502
-1.994000037704631e-05,0.00011999999696854502
-1.9930000377107085e-05,0.00015999999595806003
-1.992000037716786e-05,0.00011999999696854502
-1.9910000377228634e-05,7.999999797903001e-05
-1.990000037728941e-05,0.00011999999696854502
-1.9890000377350184e-05,0.00011999999696854502
-1.988000037741096e-05,0.00011999999696854502
-1.9870000377471733e-05,0.00011999999696854502
-1.9860000377532508e-05,0.00011999999696854502
-1.9850000377593283e-05,0.00011999999696854502
-1.9840000377654057e-05,0.00011999999696854502
-1.9830000377714832e-05,0.00011999999696854502
-1.9820000377775607e-05,0.00011999999696854502
-1.981000037783638e-05,0.00011999999696854502
-1.9800000377897156e-05,0.00011999999696854502
-1.979000037795793e-05,7.999999797903001e-05
-1.9780000378018706e-05,0.00011999999696854502
-1.977000037807948e-05,0.00011999999696854502
-1.9760000378140255e-05,0.00011999999696854502
-1.975000037820103e-05,0.00011999999696854502
-1.9740000378261805e-05,0.00011999999696854502
-1.973000037832258e-05,0.00011999999696854502
-1.9720000378383354e-05,0.00011999999696854502
-1.971000037844413e-05,0.00011999999696854502
-1.9700000378504903e-05,0.00011999999696854502
-1.9690000378565678e-05,0.00015999999595806003
-1.9680000378626453e-05,0.00011999999696854502
-1.9670000378687228e-05,0.00011999999696854502
-1.9660000378748002e-05,0.00011999999696854502
-1.9650000378808777e-05,0.00015999999595806003
-1.964000037886955e-05,0.00011999999696854502
-1.9630000378930326e-05,0.00011999999696854502
-1.96200003789911e-05,0.00011999999696854502
-1.9610000379051876e-05,0.00011999999696854502
-1.960000037911265e-05,0.00011999999696854502
-1.9590000379173425e-05,0.00011999999696854502
-1.95800003792342e-05,0.00015999999595806003
-1.9570000379294975e-05,0.00015999999595806003
-1.956000037935575e-05,0.00011999999696854502
-1.9550000379416524e-05,0.00015999999595806003
-1.95400003794773e-05,0.00015999999595806003
-1.9530000379538073e-05,0.00015999999595806003
-1.9520000379598848e-05,0.00019999999494757503
-1.9510000379659623e-05,0.00019999999494757503
-1.9500000379720398e-05,0.00019999999494757503
-1.9490000379781172e-05,0.00023999999393709004
-1.9480000379841947e-05,0.00023999999393709004
-1.9470000379902722e-05,0.00027999999292660505
-1.9460000379963496e-05,0.00027999999292660505
-1.945000038002427e-05,0.00031999999191612005
-1.9440000380085046e-05,0.00035999999090563506
-1.943000038014582e-05,0.00035999999090563506
-1.9420000380206595e-05,0.00039999998989515007
-1.941000038026737e-05,0.00043999998888466507
-1.9400000380328145e-05,0.0004799999878741801
-1.939000038038892e-05,0.0005199999868636951
-1.9380000380449694e-05,0.0005599999858532101
-1.937000038051047e-05,0.0005999999848427251
-1.9360000380571244e-05,0.0006799999828217551
-1.9350000380632018e-05,0.0007199999818112701
-1.9340000380692793e-05,0.0007599999808007851
-1.9330000380753568e-05,0.0007999999797903001
-1.9320000380814342e-05,0.0008799999777693301
-1.9310000380875117e-05,0.0009199999767588452
-1.9300000380935892e-05,0.0009599999757483602
-1.9290000380996666e-05,0.0009999999747378752
-1.928000038105744e-05,0.0010399999737273902
-1.9270000381118216e-05,0.0010799999727169052
-1.926000038117899e-05,0.0011199999717064202
-1.9250000381239765e-05,0.0011599999706959352
-1.924000038130054e-05,0.0011999999696854502
-1.9230000381361315e-05,0.0012399999686749652
-1.922000038142209e-05,0.0012799999676644802
-1.9210000381482864e-05,0.0013199999666539952
-1.920000038154364e-05,0.0013199999666539952
-1.9190000381604414e-05,0.0013199999666539952
-1.9180000381665188e-05,0.0013599999656435102
-1.9170000381725963e-05,0.0013599999656435102
-1.9160000381786738e-05,0.0013599999656435102
-1.9150000381847512e-05,0.0013599999656435102
-1.9140000381908287e-05,0.0013599999656435102
-1.9130000381969062e-05,0.0013999999646330252
-1.9120000382029837e-05,0.0013599999656435102
-1.911000038209061e-05,0.0013599999656435102
-1.9100000382151386e-05,0.0013199999666539952
-1.909000038221216e-05,0.0013599999656435102
-1.9080000382272935e-05,0.0013599999656435102
-1.907000038233371e-05,0.0012799999676644802
-1.9060000382394485e-05,0.0012799999676644802
-1.905000038245526e-05,0.0012399999686749652
-1.9040000382516034e-05,0.0012399999686749652
-1.903000038257681e-05,0.0011599999706959352
-1.9020000382637584e-05,0.0011199999717064202
-1.901000038269836e-05,0.0011199999717064202
-1.9000000382759133e-05,0.0010399999737273902
-1.8990000382819908e-05,0.0009999999747378752
-1.8980000382880682e-05,0.0009599999757483602
-1.8970000382941457e-05,0.0009199999767588452
-1.8960000383002232e-05,0.0008799999777693301
-1.8950000383063007e-05,0.0007999999797903001
-1.894000038312378e-05,0.0007599999808007851
-1.8930000383184556e-05,0.0006799999828217551
-1.892000038324533e-05,0.0006399999838322401
-1.8910000383306105e-05,0.0005999999848427251
-1.890000038336688e-05,0.0005199999868636951
-1.8890000383427655e-05,0.0005199999868636951
-1.888000038348843e-05,0.00043999998888466507
-1.8870000383549204e-05,0.00043999998888466507
-1.886000038360998e-05,0.00039999998989515007
-1.8850000383670754e-05,0.00035999999090563506
-1.884000038373153e-05,0.00035999999090563506
-1.8830000383792303e-05,0.00027999999292660505
-1.8820000383853078e-05,0.00027999999292660505
-1.8810000383913853e-05,0.00027999999292660505
-1.8800000383974627e-05,0.00023999999393709004
-1.8790000384035402e-05,0.00023999999393709004
-1.8780000384096177e-05,0.00019999999494757503
-1.877000038415695e-05,0.00015999999595806003
-1.8760000384217726e-05,0.00019999999494757503
-1.87500003842785e-05,0.00015999999595806003
-1.8740000384339276e-05,0.00015999999595806003
-1.873000038440005e-05,0.00015999999595806003
-1.8720000384460825e-05,0.00011999999696854502
-1.87100003845216e-05,0.00011999999696854502
-1.8700000384582374e-05,0.00011999999696854502
-1.869000038464315e-05,0.00011999999696854502
-1.8680000384703924e-05,0.00011999999696854502
-1.86700003847647e-05,0.00011999999696854502
-1.8660000384825473e-05,0.00011999999696854502
-1.8650000384886248e-05,0.00011999999696854502
-1.8640000384947023e-05,0.00011999999696854502
-1.8630000385007797e-05,0.00011999999696854502
-1.8620000385068572e-05,0.00011999999696854502
-1.8610000385129347e-05,0.00011999999696854502
-1.860000038519012e-05,0.00011999999696854502
-1.8590000385250896e-05,0.00011999999696854502
-1.858000038531167e-05,0.00011999999696854502
-1.8570000385372446e-05,0.00011999999696854502
-1.856000038543322e-05,0.00011999999696854502
-1.8550000385493995e-05,0.00011999999696854502
-1.854000038555477e-05,0.00011999999696854502
-1.8530000385615544e-05,0.00011999999696854502
-1.852000038567632e-05,0.00015999999595806003
-1.8510000385737094e-05,0.00011999999696854502
-1.850000038579787e-05,0.00011999999696854502
-1.8490000385858643e-05,0.00011999999696854502
-1.8480000385919418e-05,0.00011999999696854502
-1.8470000385980193e-05,0.00011999999696854502
-1.8460000386040967e-05,0.00011999999696854502
-1.8450000386101742e-05,0.00011999999696854502
-1.8440000386162517e-05,0.00011999999696854502
-1.843000038622329e-05,0.00011999999696854502
-1.8420000386284066e-05,0.00011999999696854502
-1.841000038634484e-05,0.00011999999696854502
-1.8400000386405616e-05,0.00011999999696854502
-1.839000038646639e-05,0.00011999999696854502
-1.8380000386527165e-05,0.00011999999696854502
-1.837000038658794e-05,0.00011999999696854502
-1.8360000386648714e-05,0.00011999999696854502
-1.835000038670949e-05,0.00011999999696854502
-1.8340000386770264e-05,0.00011999999696854502
-1.833000038683104e-05,0.00011999999696854502
-1.8320000386891813e-05,0.00011999999696854502
-1.8310000386952588e-05,0.00011999999696854502
-1.8300000387013363e-05,0.00011999999696854502
-1.8290000387074137e-05,0.00011999999696854502
-1.8280000387134912e-05,0.00011999999696854502
-1.8270000387195687e-05,0.00011999999696854502
-1.826000038725646e-05,0.00011999999696854502
-1.8250000387317236e-05,0.00011999999696854502
-1.824000038737801e-05,0.00011999999696854502
-1.8230000387438786e-05,0.00011999999696854502
-1.822000038749956e-05,0.00011999999696854502
-1.8210000387560335e-05,0.00011999999696854502
-1.820000038762111e-05,0.00011999999696854502
-1.8190000387681885e-05,0.00011999999696854502
-1.818000038774266e-05,0.00011999999696854502
-1.8170000387803434e-05,0.00011999999696854502
-1.816000038786421e-05,0.00011999999696854502
-1.8150000387924983e-05,0.00011999999696854502
-1.8140000387985758e-05,0.00011999999696854502
-1.8130000388046533e-05,0.00011999999696854502
-1.8120000388107308e-05,0.00011999999696854502
-1.8110000388168082e-05,0.00011999999696854502
-1.8100000388228857e-05,0.00011999999696854502
-1.809000038828963e-05,0.00011999999696854502
-1.8080000388350406e-05,7.999999797903001e-05
-1.807000038841118e-05,0.00011999999696854502
-1.8060000388471956e-05,0.00015999999595806003
-1.805000038853273e-05,0.00011999999696854502
-1.8040000388593505e-05,0.00011999999696854502
-1.803000038865428e-05,0.00011999999696854502
-1.8020000388715055e-05,0.00011999999696854502
-1.801000038877583e-05,0.00011999999696854502
-1.8000000388836604e-05,0.00011999999696854502
-1.799000038889738e-05,0.00011999999696854502
-1.7980000388958153e-05,0.00011999999696854502
-1.7970000389018928e-05,0.00011999999696854502
-1.7960000389079703e-05,0.00011999999696854502
-1.7950000389140478e-05,0.00011999999696854502
-1.7940000389201252e-05,0.00011999999696854502
-1.7930000389262027e-05,0.00011999999696854502
-1.7920000389322802e-05,0.00011999999696854502
-1.7910000389383576e-05,0.00011999999696854502
-1.790000038944435e-05,7.999999797903001e-05
-1.7890000389505126e-05,0.00011999999696854502
-1.78800003895659e-05,0.00011999999696854502
-1.7870000389626675e-05,0.00015999999595806003
-1.786000038968745e-05,0.00011999999696854502
-1.7850000389748225e-05,0.00011999999696854502
-1.7840000389809e-05,0.00011999999696854502
-1.7830000389869774e-05,0.00011999999696854502
-1.782000038993055e-05,0.00011999999696854502
-1.7810000389991324e-05,0.00011999999696854502
-1.7800000390052098e-05,0.00011999999696854502
-1.7790000390112873e-05,0.00011999999696854502
-1.7780000390173648e-05,0.00011999999696854502
-1.7770000390234422e-05,0.00011999999696854502
-1.7760000390295197e-05,0.00011999999696854502
-1.7750000390355972e-05,0.00011999999696854502
-1.7740000390416746e-05,0.00011999999696854502
-1.773000039047752e-05,0.00011999999696854502
-1.7720000390538296e-05,0.00011999999696854502
-1.771000039059907e-05,0.00011999999696854502
-1.7700000390659845e-05,0.00011999999696854502
-1.769000039072062e-05,0.00011999999696854502
-1.7680000390781395e-05,7.999999797903001e-05
-1.767000039084217e-05,0.00011999999696854502
-1.7660000390902944e-05,0.00011999999696854502
-1.765000039096372e-05,0.00011999999696854502
-1.7640000391024494e-05,0.00011999999696854502
-1.7630000391085268e-05,0.00011999999696854502
-1.7620000391146043e-05,0.00011999999696854502
-1.7610000391206818e-05,0.00011999999696854502
-1.7600000391267592e-05,0.00011999999696854502
-1.7590000391328367e-05,0.00011999999696854502
-1.7580000391389142e-05,0.00011999999696854502
-1.7570000391449917e-05,0.00011999999696854502
-1.756000039151069e-05,0.00011999999696854502
-1.7550000391571466e-05,0.00011999999696854502
-1.754000039163224e-05,0.00011999999696854502
-1.7530000391693015e-05,0.00011999999696854502
-1.752000039175379e-05,0.00011999999696854502
-1.7510000391814565e-05,0.00011999999696854502
-1.750000039187534e-05,0.00011999999696854502
-1.7490000391936114e-05,0.00011999999696854502
-1.748000039199689e-05,0.00011999999696854502
-1.7470000392057664e-05,0.00011999999696854502
-1.746000039211844e-05,0.00011999999696854502
-1.7450000392179213e-05,0.00011999999696854502
-1.7440000392239988e-05,0.00011999999696854502
-1.7430000392300762e-05,0.00011999999696854502
-1.7420000392361537e-05,0.00011999999696854502
-1.7410000392422312e-05,0.00011999999696854502
-1.7400000392483087e-05,0.00011999999696854502
-1.739000039254386e-05,0.00011999999696854502
-1.7380000392604636e-05,0.00011999999696854502
-1.737000039266541e-05,0.00011999999696854502
-1.7360000392726185e-05,0.00011999999696854502
-1.735000039278696e-05,0.00011999999696854502
-1.7340000392847735e-05,0.00011999999696854502
-1.733000039290851e-05,0.00011999999696854502
-1.7320000392969284e-05,0.00011999999696854502
-1.731000039303006e-05,0.00011999999696854502
-1.7300000393090834e-05,0.00011999999696854502
-1.729000039315161e-05,0.00011999999696854502
-1.7280000393212383e-05,0.00011999999696854502
-1.7270000393273158e-05,0.00011999999696854502
-1.7260000393333933e-05,7.999999797903001e-05
-1.7250000393394707e-05,0.00011999999696854502
-1.7240000393455482e-05,0.00011999999696854502
-1.7230000393516257e-05,0.00011999999696854502
-1.722000039357703e-05,0.00011999999696854502
-1.7210000393637806e-05,0.00011999999696854502
-1.720000039369858e-05,0.00011999999696854502
-1.7190000393759356e-05,0.00011999999696854502
-1.718000039382013e-05,0.00011999999696854502
-1.7170000393880905e-05,0.00011999999696854502
-1.716000039394168e-05,0.00011999999696854502
-1.7150000394002454e-05,0.00011999999696854502
-1.714000039406323e-05,0.00011999999696854502
-1.7130000394124004e-05,0.00011999999696854502
-1.712000039418478e-05,0.00011999999696854502
-1.7110000394245553e-05,0.00011999999696854502
-1.7100000394306328e-05,0.00011999999696854502
-1.7090000394367103e-05,0.00011999999696854502
-1.7080000394427877e-05,0.00011999999696854502
-1.7070000394488652e-05,0.00011999999696854502
-1.7060000394549427e-05,0.00011999999696854502
-1.70500003946102e-05,0.00011999999696854502
-1.7040000394670976e-05,0.00011999999696854502
-1.703000039473175e-05,0.00011999999696854502
-1.7020000394792526e-05,0.00011999999696854502
-1.70100003948533e-05,0.00011999999696854502
-1.7000000394914075e-05,0.00011999999696854502
-1.699000039497485e-05,0.00011999999696854502
-1.6980000395035624e-05,0.00011999999696854502
-1.69700003950964e-05,0.00011999999696854502
-1.6960000395157174e-05,0.00011999999696854502
-1.695000039521795e-05,0.00011999999696854502
-1.6940000395278723e-05,0.00011999999696854502
-1.6930000395339498e-05,0.00015999999595806003
-1.6920000395400273e-05,0.00011999999696854502
-1.6910000395461047e-05,0.00011999999696854502
-1.6900000395521822e-05,7.999999797903001e-05
-1.6890000395582597e-05,0.00011999999696854502
-1.688000039564337e-05,0.00011999999696854502
-1.6870000395704146e-05,0.00011999999696854502
-1.686000039576492e-05,0.00011999999696854502
-1.6850000395825696e-05,0.00011999999696854502
-1.684000039588647e-05,0.00011999999696854502
-1.6830000395947245e-05,0.00011999999696854502
-1.682000039600802e-05,0.00011999999696854502
-1.6810000396068794e-05,0.00011999999696854502
-1.680000039612957e-05,0.00011999999696854502
-1.6790000396190344e-05,0.00011999999696854502
-1.678000039625112e-05,0.00011999999696854502
-1.6770000396311893e-05,0.00011999999696854502
-1.6760000396372668e-05,0.00011999999696854502
-1.6750000396433443e-05,0.00011999999696854502
-1.6740000396494217e-05,0.00011999999696854502
-1.6730000396554992e-05,0.00011999999696854502
-1.6720000396615767e-05,0.00011999999696854502
-1.671000039667654e-05,0.00011999999696854502
-1.6700000396737316e-05,7.999999797903001e-05
-1.669000039679809e-05,0.00011999999696854502
-1.6680000396858866e-05,0.00011999999696854502
-1.667000039691964e-05,0.00011999999696854502
-1.6660000396980415e-05,0.00011999999696854502
-1.665000039704119e-05,0.00011999999696854502
-1.6640000397101965e-05,0.00011999999696854502
-1.663000039716274e-05,0.00011999999696854502
-1.6620000397223514e-05,0.00011999999696854502
-1.661000039728429e-05,0.00011999999696854502
-1.6600000397345063e-05,0.00011999999696854502
-1.6590000397405838e-05,0.00011999999696854502
-1.6580000397466613e-05,0.00011999999696854502
-1.6570000397527388e-05,0.00011999999696854502
-1.6560000397588162e-05,0.00011999999696854502
-1.6550000397648937e-05,0.00011999999696854502
-1.654000039770971e-05,0.00011999999696854502
-1.6530000397770486e-05,0.00011999999696854502
-1.652000039783126e-05,0.00011999999696854502
-1.6510000397892036e-05,0.00011999999696854502
-1.650000039795281e-05,0.00011999999696854502
-1.6490000398013585e-05,7.999999797903001e-05
-1.648000039807436e-05,0.00011999999696854502
-1.6470000398135135e-05,0.00011999999696854502
-1.646000039819591e-05,0.00011999999696854502
-1.6450000398256684e-05,0.00011999999696854502
-1.644000039831746e-05,0.00011999999696854502
-1.6430000398378233e-05,0.00011999999696854502
-1.6420000398439008e-05,0.00011999999696854502
-1.6410000398499783e-05,0.00011999999696854502
-1.6400000398560558e-05,0.00011999999696854502
-1.6390000398621332e-05,0.00011999999696854502
-1.6380000398682107e-05,0.00011999999696854502
-1.6370000398742882e-05,7.999999797903001e-05
-1.6360000398803656e-05,0.00011999999696854502
-1.635000039886443e-05,0.00011999999696854502
-1.6340000398925206e-05,0.00011999999696854502
-1.633000039898598e-05,0.00011999999696854502
-1.6320000399046755e-05,0.00011999999696854502
-1.631000039910753e-05,0.00011999999696854502
-1.6300000399168305e-05,0.00011999999696854502
-1.629000039922908e-05,0.00011999999696854502
-1.6280000399289854e-05,0.00011999999696854502
-1.627000039935063e-05,0.00011999999696854502
-1.6260000399411404e-05,0.00011999999696854502
-1.6250000399472178e-05,0.00011999999696854502
-1.6240000399532953e-05,0.00011999999696854502
-1.6230000399593728e-05,0.00015999999595806003
-1.6220000399654502e-05,0.00011999999696854502
-1.6210000399715277e-05,0.00011999999696854502
-1.6200000399776052e-05,0.00011999999696854502
-1.6190000399836826e-05,0.00011999999696854502
-1.61800003998976e-05,0.00011999999696854502
-1.6170000399958376e-05,0.00011999999696854502
-1.616000040001915e-05,0.00011999999696854502
-1.6150000400079925e-05,0.00011999999696854502
-1.61400004001407e-05,0.00011999999696854502
-1.6130000400201475e-05,0.00011999999696854502
-1.612000040026225e-05,0.00011999999696854502
-1.6110000400323024e-05,0.00011999999696854502
-1.61000004003838e-05,0.00011999999696854502
-1.6090000400444574e-05,7.999999797903001e-05
-1.6080000400505348e-05,0.00011999999696854502
-1.6070000400566123e-05,0.00011999999696854502
-1.6060000400626898e-05,0.00011999999696854502
-1.6050000400687672e-05,0.00011999999696854502
-1.6040000400748447e-05,0.00011999999696854502
-1.6030000400809222e-05,0.00011999999696854502
-1.6020000400869997e-05,0.00011999999696854502
-1.601000040093077e-05,0.00011999999696854502
-1.6000000400991546e-05,0.00011999999696854502
-1.599000040105232e-05,0.00011999999696854502
-1.5980000401113095e-05,0.00011999999696854502
-1.597000040117387e-05,0.00011999999696854502
-1.5960000401234645e-05,0.00011999999696854502
-1.595000040129542e-05,0.00011999999696854502
-1.5940000401356194e-05,0.00011999999696854502
-1.593000040141697e-05,0.00011999999696854502
-1.5920000401477744e-05,0.00011999999696854502
-1.591000040153852e-05,0.00011999999696854502
-1.5900000401599293e-05,0.00011999999696854502
-1.5890000401660068e-05,0.00011999999696854502
-1.5880000401720842e-05,0.00011999999696854502
-1.5870000401781617e-05,0.00011999999696854502
-1.5860000401842392e-05,0.00011999999696854502
-1.5850000401903167e-05,0.00011999999696854502
-1.584000040196394e-05,7.999999797903001e-05
-1.5830000402024716e-05,0.00011999999696854502
-1.582000040208549e-05,0.00011999999696854502
-1.5810000402146265e-05,0.00011999999696854502
-1.580000040220704e-05,0.00011999999696854502
-1.5790000402267815e-05,0.00011999999696854502
-1.578000040232859e-05,0.00011999999696854502
-1.5770000402389364e-05,0.00011999999696854502
-1.576000040245014e-05,0.00011999999696854502
-1.5750000402510914e-05,0.00011999999696854502
-1.574000040257169e-05,0.00011999999696854502
-1.5730000402632463e-05,0.00011999999696854502
-1.5720000402693238e-05,0.00011999999696854502
-1.5710000402754013e-05,0.00011999999696854502
-1.5700000402814787e-05,0.00011999999696854502
-1.5690000402875562e-05,0.00011999999696854502
-1.5680000402936337e-05,0.00011999999696854502
-1.567000040299711e-05,0.00011999999696854502
-1.5660000403057886e-05,0.00011999999696854502
-1.565000040311866e-05,0.00011999999696854502
-1.5640000403179436e-05,0.00011999999696854502
-1.563000040324021e-05,0.00011999999696854502
-1.5620000403300985e-05,0.00011999999696854502
-1.561000040336176e-05,0.00011999999696854502
-1.5600000403422534e-05,7.999999797903001e-05
-1.559000040348331e-05,0.00011999999696854502
-1.5580000403544084e-05,0.00011999999696854502
-1.557000040360486e-05,0.00011999999696854502
-1.5560000403665633e-05,0.00011999999696854502
-1.5550000403726408e-05,7.999999797903001e-05
-1.5540000403787183e-05,0.00011999999696854502
-1.5530000403847957e-05,0.00011999999696854502
-1.5520000403908732e-05,0.00011999999696854502
-1.5510000403969507e-05,0.00011999999696854502
-1.550000040403028e-05,0.00011999999696854502
-1.5490000404091056e-05,0.00011999999696854502
-1.548000040415183e-05,0.00011999999696854502
-1.5470000404212606e-05,0.00011999999696854502
-1.546000040427338e-05,0.00011999999696854502
-1.5450000404334155e-05,0.00011999999696854502
-1.544000040439493e-05,0.00011999999696854502
-1.5430000404455704e-05,0.00011999999696854502
-1.542000040451648e-05,0.00011999999696854502
-1.5410000404577254e-05,0.00011999999696854502
-1.540000040463803e-05,0.00011999999696854502
-1.5390000404698803e-05,7.999999797903001e-05
-1.5380000404759578e-05,0.00011999999696854502
-1.5370000404820353e-05,0.00011999999696854502
-1.5360000404881127e-05,0.00011999999696854502
-1.5350000404941902e-05,0.00011999999696854502
-1.5340000405002677e-05,0.00011999999696854502
-1.533000040506345e-05,0.00011999999696854502
-1.5320000405124226e-05,0.00011999999696854502
-1.5310000405185e-05,0.00011999999696854502
-1.5300000405245776e-05,0.00011999999696854502
-1.529000040530655e-05,0.00011999999696854502
-1.5280000405367325e-05,0.00011999999696854502
-1.52700004054281e-05,0.00011999999696854502
-1.5260000405488874e-05,0.00011999999696854502
-1.525000040554965e-05,0.00011999999696854502
-1.5240000405610424e-05,0.00011999999696854502
-1.5230000405671199e-05,7.999999797903001e-05
-1.5220000405731973e-05,0.00011999999696854502
-1.5210000405792748e-05,0.00011999999696854502
-1.5200000405853523e-05,0.00011999999696854502
-1.5190000405914297e-05,0.00011999999696854502
-1.5180000405975072e-05,0.00011999999696854502
-1.5170000406035847e-05,0.00011999999696854502
-1.5160000406096622e-05,0.00011999999696854502
-1.5150000406157396e-05,0.00011999999696854502
-1.5140000406218171e-05,0.00011999999696854502
-1.5130000406278946e-05,0.00015999999595806003
-1.512000040633972e-05,0.00011999999696854502
-1.5110000406400495e-05,7.999999797903001e-05
-1.510000040646127e-05,0.00011999999696854502
-1.5090000406522045e-05,0.00011999999696854502
-1.508000040658282e-05,0.00011999999696854502
-1.5070000406643594e-05,0.00011999999696854502
-1.5060000406704369e-05,0.00011999999696854502
-1.5050000406765143e-05,0.00011999999696854502
-1.5040000406825918e-05,0.00011999999696854502
-1.5030000406886693e-05,0.00011999999696854502
-1.5020000406947468e-05,0.00011999999696854502
-1.5010000407008242e-05,0.00015999999595806003
-1.5000000407069017e-05,0.00011999999696854502
-1.4990000407129792e-05,0.00011999999696854502
-1.4980000407190566e-05,0.00011999999696854502
-1.4970000407251341e-05,0.00011999999696854502
-1.4960000407312116e-05,0.00011999999696854502
-1.495000040737289e-05,0.00011999999696854502
-1.4940000407433665e-05,7.999999797903001e-05
-1.493000040749444e-05,0.00011999999696854502
-1.4920000407555215e-05,0.00011999999696854502
-1.491000040761599e-05,0.00011999999696854502
-1.4900000407676764e-05,0.00011999999696854502
-1.4890000407737539e-05,0.00011999999696854502
-1.4880000407798313e-05,0.00011999999696854502
-1.4870000407859088e-05,0.00011999999696854502
-1.4860000407919863e-05,7.999999797903001e-05
-1.4850000407980638e-05,0.00011999999696854502
-1.4840000408041412e-05,0.00011999999696854502
-1.4830000408102187e-05,0.00011999999696854502
-1.4820000408162962e-05,0.00011999999696854502
-1.4810000408223736e-05,0.00011999999696854502
-1.4800000408284511e-05,0.00011999999696854502
-1.4790000408345286e-05,0.00011999999696854502
-1.478000040840606e-05,0.00011999999696854502
-1.4770000408466835e-05,0.00011999999696854502
-1.476000040852761e-05,0.00011999999696854502
-1.4750000408588385e-05,0.00011999999696854502
-1.474000040864916e-05,0.00011999999696854502
-1.4730000408709934e-05,0.00011999999696854502
-1.4720000408770709e-05,0.00011999999696854502
-1.4710000408831484e-05,0.00011999999696854502
-1.4700000408892258e-05,0.00011999999696854502
-1.4690000408953033e-05,0.00011999999696854502
-1.4680000409013808e-05,0.00011999999696854502
-1.4670000409074582e-05,0.00011999999696854502
-1.4660000409135357e-05,7.999999797903001e-05
-1.4650000409196132e-05,0.00011999999696854502
-1.4640000409256906e-05,0.00011999999696854502
-1.4630000409317681e-05,0.00011999999696854502
-1.4620000409378456e-05,0.00011999999696854502
-1.461000040943923e-05,0.00011999999696854502
-1.4600000409500005e-05,0.00011999999696854502
-1.459000040956078e-05,0.00011999999696854502
-1.4580000409621555e-05,0.00011999999696854502
-1.457000040968233e-05,0.00011999999696854502
-1.4560000409743104e-05,0.00011999999696854502
-1.4550000409803879e-05,0.00011999999696854502
-1.4540000409864654e-05,0.00011999999696854502
-1.4530000409925428e-05,0.00011999999696854502
-1.4520000409986203e-05,0.00011999999696854502
-1.4510000410046978e-05,0.00011999999696854502
-1.4500000410107752e-05,0.00011999999696854502
-1.4490000410168527e-05,0.00011999999696854502
-1.4480000410229302e-05,0.00011999999696854502
-1.4470000410290077e-05,0.00011999999696854502
-1.4460000410350851e-05,0.00011999999696854502
-1.4450000410411626e-05,0.00011999999696854502
-1.44400004104724e-05,0.00011999999696854502
-1.4430000410533175e-05,0.00011999999696854502
-1.442000041059395e-05,0.00011999999696854502
-1.4410000410654725e-05,0.00011999999696854502
-1.44000004107155e-05,0.00011999999696854502
-1.4390000410776274e-05,0.00011999999696854502
-1.4380000410837049e-05,0.00011999999696854502
-1.4370000410897824e-05,0.00011999999696854502
-1.4360000410958598e-05,0.00011999999696854502
-1.4350000411019373e-05,0.00011999999696854502
-1.4340000411080148e-05,0.00011999999696854502
-1.4330000411140922e-05,0.00011999999696854502
-1.4320000411201697e-05,0.00011999999696854502
-1.4310000411262472e-05,0.00011999999696854502
-1.4300000411323247e-05,0.00011999999696854502
-1.4290000411384021e-05,0.00011999999696854502
-1.4280000411444796e-05,0.00011999999696854502
-1.427000041150557e-05,0.00011999999696854502
-1.4260000411566345e-05,0.00011999999696854502
-1.425000041162712e-05,0.00011999999696854502
-1.4240000411687895e-05,0.00011999999696854502
-1.423000041174867e-05,0.00011999999696854502
-1.4220000411809444e-05,0.00011999999696854502
-1.4210000411870219e-05,0.00011999999696854502
-1.4200000411930994e-05,0.00011999999696854502
-1.4190000411991768e-05,0.00011999999696854502
-1.4180000412052543e-05,0.00011999999696854502
-1.4170000412113318e-05,0.00011999999696854502
-1.4160000412174093e-05,0.00011999999696854502
-1.4150000412234867e-05,0.00011999999696854502
-1.4140000412295642e-05,0.00011999999696854502
-1.4130000412356417e-05,0.00011999999696854502
-1.4120000412417191e-05,0.00011999999696854502
-1.4110000412477966e-05,0.00011999999696854502
-1.410000041253874e-05,0.00011999999696854502
-1.4090000412599516e-05,0.00011999999696854502
-1.408000041266029e-05,0.00011999999696854502
-1.4070000412721065e-05,0.00011999999696854502
-1.406000041278184e-05,0.00011999999696854502
-1.4050000412842614e-05,0.00011999999696854502
-1.4040000412903389e-05,0.00011999999696854502
-1.4030000412964164e-05,0.00011999999696854502
-1.4020000413024938e-05,0.00011999999696854502
-1.4010000413085713e-05,0.00011999999696854502
-1.4000000413146488e-05,0.00011999999696854502
-1.3990000413207263e-05,0.00011999999696854502
-1.3980000413268037e-05,0.00011999999696854502
-1.3970000413328812e-05,0.00011999999696854502
-1.3960000413389587e-05,0.00011999999696854502
-1.3950000413450361e-05,0.00011999999696854502
-1.3940000413511136e-05,0.00011999999696854502
-1.3930000413571911e-05,0.00011999999696854502
-1.3920000413632686e-05,0.00011999999696854502
-1.391000041369346e-05,0.00011999999696854502
-1.3900000413754235e-05,0.00011999999696854502
-1.389000041381501e-05,0.00011999999696854502
-1.3880000413875784e-05,0.00011999999696854502
-1.3870000413936559e-05,0.00011999999696854502
-1.3860000413997334e-05,0.00011999999696854502
-1.3850000414058109e-05,0.00011999999696854502
-1.3840000414118883e-05,0.00011999999696854502
-1.3830000414179658e-05,0.00011999999696854502
-1.3820000414240433e-05,0.00011999999696854502
-1.3810000414301207e-05,0.00011999999696854502
-1.3800000414361982e-05,0.00011999999696854502
-1.3790000414422757e-05,0.00011999999696854502
-1.3780000414483532e-05,0.00015999999595806003
-1.3770000414544306e-05,0.00011999999696854502
-1.3760000414605081e-05,0.00011999999696854502
-1.3750000414665856e-05,0.00011999999696854502
-1.374000041472663e-05,0.00011999999696854502
-1.3730000414787405e-05,0.00011999999696854502
-1.372000041484818e-05,0.00011999999696854502
-1.3710000414908954e-05,0.00011999999696854502
-1.370000041496973e-05,0.00011999999696854502
-1.3690000415030504e-05,0.00011999999696854502
-1.3680000415091279e-05,0.00011999999696854502
-1.3670000415152053e-05,0.00011999999696854502
-1.3660000415212828e-05,0.00011999999696854502
-1.3650000415273603e-05,0.00011999999696854502
-1.3640000415334377e-05,0.00011999999696854502
-1.3630000415395152e-05,0.00011999999696854502
-1.3620000415455927e-05,0.00011999999696854502
-1.3610000415516702e-05,0.00011999999696854502
-1.3600000415577476e-05,0.00011999999696854502
-1.3590000415638251e-05,0.00011999999696854502
-1.3580000415699026e-05,0.00011999999696854502
-1.35700004157598e-05,0.00011999999696854502
-1.3560000415820575e-05,0.00011999999696854502
-1.355000041588135e-05,0.00011999999696854502
-1.3540000415942125e-05,0.00011999999696854502
-1.35300004160029e-05,0.00011999999696854502
-1.3520000416063674e-05,0.00011999999696854502
-1.3510000416124449e-05,0.00011999999696854502
-1.3500000416185223e-05,0.00011999999696854502
-1.3490000416245998e-05,0.00011999999696854502
-1.3480000416306773e-05,0.00011999999696854502
-1.3470000416367548e-05,0.00011999999696854502
-1.3460000416428322e-05,0.00011999999696854502
-1.3450000416489097e-05,0.00011999999696854502
-1.3440000416549872e-05,0.00011999999696854502
-1.3430000416610646e-05,0.00011999999696854502
-1.3420000416671421e-05,0.00011999999696854502
-1.3410000416732196e-05,0.00011999999696854502
-1.340000041679297e-05,0.00011999999696854502
-1.3390000416853745e-05,0.00011999999696854502
-1.338000041691452e-05,0.00011999999696854502
-1.3370000416975295e-05,0.00011999999696854502
-1.336000041703607e-05,0.00011999999696854502
-1.3350000417096844e-05,0.00011999999696854502
-1.3340000417157619e-05,0.00011999999696854502
-1.3330000417218393e-05,0.00011999999696854502
-1.3320000417279168e-05,0.00011999999696854502
-1.3310000417339943e-05,0.00011999999696854502
-1.3300000417400718e-05,0.00015999999595806003
-1.3290000417461492e-05,0.00011999999696854502
-1.3280000417522267e-05,0.00011999999696854502
-1.3270000417583042e-05,0.00011999999696854502
-1.3260000417643816e-05,0.00011999999696854502
-1.3250000417704591e-05,0.00011999999696854502
-1.3240000417765366e-05,0.00011999999696854502
-1.323000041782614e-05,7.999999797903001e-05
-1.3220000417886915e-05,0.00011999999696854502
-1.321000041794769e-05,0.00011999999696854502
-1.3200000418008465e-05,0.00011999999696854502
-1.319000041806924e-05,0.00011999999696854502
-1.3180000418130014e-05,0.00011999999696854502
-1.3170000418190789e-05,0.00011999999696854502
-1.3160000418251564e-05,0.00011999999696854502
-1.3150000418312338e-05,0.00011999999696854502
-1.3140000418373113e-05,0.00011999999696854502
-1.3130000418433888e-05,0.00011999999696854502
-1.3120000418494662e-05,0.00011999999696854502
-1.3110000418555437e-05,0.00011999999696854502
-1.3100000418616212e-05,0.00011999999696854502
-1.3090000418676986e-05,0.00011999999696854502
-1.3080000418737761e-05,0.00011999999696854502
-1.3070000418798536e-05,0.00011999999696854502
-1.306000041885931e-05,0.00011999999696854502
-1.3050000418920085e-05,0.00011999999696854502
-1.304000041898086e-05,0.00011999999696854502
-1.3030000419041635e-05,0.00011999999696854502
-1.302000041910241e-05,0.00011999999696854502
-1.3010000419163184e-05,0.00011999999696854502
-1.3000000419223959e-05,0.00011999999696854502
-1.2990000419284734e-05,0.00011999999696854502
-1.2980000419345508e-05,0.00011999999696854502
-1.2970000419406283e-05,0.00011999999696854502
-1.2960000419467058e-05,0.00011999999696854502
-1.2950000419527832e-05,0.00011999999696854502
-1.2940000419588607e-05,0.00011999999696854502
-1.2930000419649382e-05,0.00011999999696854502
-1.2920000419710157e-05,0.00011999999696854502
-1.2910000419770931e-05,0.00011999999696854502
-1.2900000419831706e-05,0.00011999999696854502
-1.289000041989248e-05,0.00011999999696854502
-1.2880000419953255e-05,0.00011999999696854502
-1.287000042001403e-05,0.00011999999696854502
-1.2860000420074805e-05,0.00011999999696854502
-1.285000042013558e-05,0.00011999999696854502
-1.2840000420196354e-05,0.00011999999696854502
-1.2830000420257129e-05,0.00011999999696854502
-1.2820000420317904e-05,0.00011999999696854502
-1.2810000420378678e-05,0.00011999999696854502
-1.2800000420439453e-05,0.00011999999696854502
-1.2790000420500228e-05,0.00011999999696854502
-1.2780000420561002e-05,0.00011999999696854502
-1.2770000420621777e-05,0.00011999999696854502
-1.2760000420682552e-05,0.00011999999696854502
-1.2750000420743327e-05,0.00011999999696854502
-1.2740000420804101e-05,0.00011999999696854502
-1.2730000420864876e-05,0.00011999999696854502
-1.272000042092565e-05,0.00011999999696854502
-1.2710000420986425e-05,0.00011999999696854502
-1.27000004210472e-05,0.00011999999696854502
-1.2690000421107975e-05,0.00011999999696854502
-1.268000042116875e-05,0.00011999999696854502
-1.2670000421229524e-05,0.00011999999696854502
-1.2660000421290299e-05,7.999999797903001e-05
-1.2650000421351074e-05,0.00011999999696854502
-1.2640000421411848e-05,0.00011999999696854502
-1.2630000421472623e-05,0.00011999999696854502
-1.2620000421533398e-05,0.00011999999696854502
-1.2610000421594173e-05,0.00011999999696854502
-1.2600000421654947e-05,0.00011999999696854502
-1.2590000421715722e-05,0.00011999999696854502
-1.2580000421776497e-05,0.00011999999696854502
-1.2570000421837271e-05,0.00011999999696854502
-1.2560000421898046e-05,0.00011999999696854502
-1.255000042195882e-05,0.00011999999696854502
-1.2540000422019596e-05,7.999999797903001e-05
-1.253000042208037e-05,0.00011999999696854502
-1.2520000422141145e-05,0.00011999999696854502
-1.251000042220192e-05,0.00011999999696854502
-1.2500000422262694e-05,7.999999797903001e-05
-1.2490000422323469e-05,0.00011999999696854502
-1.2480000422384244e-05,0.00011999999696854502
-1.2470000422445018e-05,0.00015999999595806003
-1.2460000422505793e-05,0.00011999999696854502
-1.2450000422566568e-05,0.00011999999696854502
-1.2440000422627343e-05,0.00011999999696854502
-1.2430000422688117e-05,0.00011999999696854502
-1.2420000422748892e-05,0.00011999999696854502
-1.2410000422809667e-05,0.00011999999696854502
-1.2400000422870441e-05,0.00011999999696854502
-1.2390000422931216e-05,0.00011999999696854502
-1.2380000422991991e-05,7.999999797903001e-05
-1.2370000423052766e-05,0.00011999999696854502
-1.236000042311354e-05,0.00011999999696854502
-1.2350000423174315e-05,0.00015999999595806003
-1.234000042323509e-05,0.00011999999696854502
-1.2330000423295864e-05,0.00011999999696854502
-1.2320000423356639e-05,0.00011999999696854502
-1.2310000423417414e-05,0.00011999999696854502
-1.2300000423478189e-05,0.00011999999696854502
-1.2290000423538963e-05,0.00015999999595806003
-1.2280000423599738e-05,0.00011999999696854502
-1.2270000423660513e-05,0.00011999999696854502
-1.2260000423721287e-05,0.00011999999696854502
-1.2250000423782062e-05,0.00011999999696854502
-1.2240000423842837e-05,0.00011999999696854502
-1.2230000423903612e-05,0.00011999999696854502
-1.2220000423964386e-05,0.00011999999696854502
-1.2210000424025161e-05,0.00011999999696854502
-1.2200000424085936e-05,0.00011999999696854502
-1.219000042414671e-05,0.00011999999696854502
-1.2180000424207485e-05,0.00011999999696854502
-1.217000042426826e-05,0.00011999999696854502
-1.2160000424329034e-05,0.00011999999696854502
-1.215000042438981e-05,0.00011999999696854502
-1.2140000424450584e-05,0.00011999999696854502
-1.2130000424511359e-05,0.00011999999696854502
-1.2120000424572133e-05,0.00015999999595806003
-1.2110000424632908e-05,0.00011999999696854502
-1.2100000424693683e-05,0.00011999999696854502
-1.2090000424754457e-05,0.00011999999696854502
-1.2080000424815232e-05,0.00011999999696854502
-1.2070000424876007e-05,0.00011999999696854502
-1.2060000424936782e-05,0.00011999999696854502
-1.2050000424997556e-05,0.00011999999696854502
-1.2040000425058331e-05,0.00011999999696854502
-1.2030000425119106e-05,0.00011999999696854502
-1.202000042517988e-05,0.00011999999696854502
-1.2010000425240655e-05,0.00011999999696854502
-1.200000042530143e-05,0.00015999999595806003
-1.1990000425362205e-05,0.00011999999696854502
-1.198000042542298e-05,0.00011999999696854502
-1.1970000425483754e-05,0.00011999999696854502
-1.1960000425544529e-05,0.00011999999696854502
-1.1950000425605303e-05,0.00015999999595806003
-1.1940000425666078e-05,0.00011999999696854502
-1.1930000425726853e-05,7.999999797903001e-05
-1.1920000425787628e-05,0.00011999999696854502
-1.1910000425848402e-05,0.00011999999696854502
-1.1900000425909177e-05,0.00011999999696854502
-1.1890000425969952e-05,0.00011999999696854502
-1.1880000426030726e-05,0.00011999999696854502
-1.1870000426091501e-05,0.00011999999696854502
-1.1860000426152276e-05,0.00011999999696854502
-1.185000042621305e-05,0.00011999999696854502
-1.1840000426273825e-05,0.00011999999696854502
-1.18300004263346e-05,0.00011999999696854502
-1.1820000426395375e-05,0.00011999999696854502
-1.181000042645615e-05,0.00011999999696854502
-1.1800000426516924e-05,0.00011999999696854502
-1.1790000426577699e-05,0.00011999999696854502
-1.1780000426638473e-05,0.00011999999696854502
-1.1770000426699248e-05,0.00011999999696854502
-1.1760000426760023e-05,0.00011999999696854502
-1.1750000426820798e-05,0.00011999999696854502
-1.1740000426881572e-05,0.00011999999696854502
-1.1730000426942347e-05,0.00011999999696854502
-1.1720000427003122e-05,0.00011999999696854502
-1.1710000427063896e-05,0.00011999999696854502
-1.1700000427124671e-05,0.00011999999696854502
-1.1690000427185446e-05,0.00011999999696854502
-1.168000042724622e-05,0.00011999999696854502
-1.1670000427306995e-05,0.00015999999595806003
-1.166000042736777e-05,0.00011999999696854502
-1.1650000427428545e-05,0.00011999999696854502
-1.164000042748932e-05,0.00011999999696854502
-1.1630000427550094e-05,0.00011999999696854502
-1.1620000427610869e-05,0.00011999999696854502
-1.1610000427671644e-05,0.00011999999696854502
-1.1600000427732418e-05,0.00011999999696854502
-1.1590000427793193e-05,0.00011999999696854502
-1.1580000427853968e-05,0.00011999999696854502
-1.1570000427914742e-05,7.999999797903001e-05
-1.1560000427975517e-05,0.00011999999696854502
-1.1550000428036292e-05,0.00011999999696854502
-1.1540000428097066e-05,0.00011999999696854502
-1.1530000428157841e-05,0.00011999999696854502
-1.1520000428218616e-05,0.00011999999696854502
-1.151000042827939e-05,0.00011999999696854502
-1.1500000428340165e-05,0.00011999999696854502
-1.149000042840094e-05,0.00011999999696854502
-1.1480000428461715e-05,0.00011999999696854502
-1.147000042852249e-05,0.00011999999696854502
-1.1460000428583264e-05,0.00011999999696854502
-1.1450000428644039e-05,0.00011999999696854502
-1.1440000428704814e-05,0.00011999999696854502
-1.1430000428765588e-05,0.00011999999696854502
-1.1420000428826363e-05,0.00011999999696854502
-1.1410000428887138e-05,0.00011999999696854502
-1.1400000428947912e-05,0.00011999999696854502
-1.1390000429008687e-05,0.00011999999696854502
-1.1380000429069462e-05,0.00011999999696854502
-1.1370000429130237e-05,0.00011999999696854502
-1.1360000429191011e-05,7.999999797903001e-05
-1.1350000429251786e-05,0.00011999999696854502
-1.134000042931256e-05,0.00011999999696854502
-1.1330000429373335e-05,0.00011999999696854502
-1.132000042943411e-05,0.00011999999696854502
-1.1310000429494885e-05,0.00011999999696854502
-1.130000042955566e-05,0.00011999999696854502
-1.1290000429616434e-05,0.00011999999696854502
-1.1280000429677209e-05,0.00011999999696854502
-1.1270000429737984e-05,0.00015999999595806003
-1.1260000429798758e-05,0.00011999999696854502
-1.1250000429859533e-05,0.00011999999696854502
-1.1240000429920308e-05,0.00011999999696854502
-1.1230000429981082e-05,0.00011999999696854502
-1.1220000430041857e-05,0.00011999999696854502
-1.1210000430102632e-05,0.00011999999696854502
-1.1200000430163407e-05,0.00011999999696854502
-1.1190000430224181e-05,0.00011999999696854502
-1.1180000430284956e-05,0.00011999999696854502
-1.117000043034573e-05,0.00011999999696854502
-1.1160000430406505e-05,0.00011999999696854502
-1.115000043046728e-05,0.00011999999696854502
-1.1140000430528055e-05,0.00011999999696854502
-1.113000043058883e-05,0.00011999999696854502
-1.1120000430649604e-05,0.00011999999696854502
-1.1110000430710379e-05,0.00011999999696854502
-1.1100000430771154e-05,0.00011999999696854502
-1.1090000430831928e-05,0.00011999999696854502
-1.1080000430892703e-05,0.00011999999696854502
-1.1070000430953478e-05,0.00011999999696854502
-1.1060000431014253e-05,0.00011999999696854502
-1.1050000431075027e-05,0.00011999999696854502
-1.1040000431135802e-05,0.00011999999696854502
-1.1030000431196577e-05,0.00011999999696854502
-1.1020000431257351e-05,0.00011999999696854502
-1.1010000431318126e-05,0.00011999999696854502
-1.10000004313789e-05,0.00011999999696854502
-1.0990000431439676e-05,0.00011999999696854502
-1.098000043150045e-05,0.00015999999595806003
-1.0970000431561225e-05,0.00015999999595806003
-1.0960000431622e-05,0.00011999999696854502
-1.0950000431682774e-05,0.00011999999696854502
-1.0940000431743549e-05,0.00011999999696854502
-1.0930000431804324e-05,0.00011999999696854502
-1.0920000431865098e-05,0.00011999999696854502
-1.0910000431925873e-05,0.00011999999696854502
-1.0900000431986648e-05,0.00011999999696854502
-1.0890000432047423e-05,0.00011999999696854502
-1.0880000432108197e-05,0.00011999999696854502
-1.0870000432168972e-05,0.00011999999696854502
-1.0860000432229747e-05,0.00011999999696854502
-1.0850000432290521e-05,0.00011999999696854502
-1.0840000432351296e-05,0.00011999999696854502
-1.0830000432412071e-05,0.00011999999696854502
-1.0820000432472846e-05,0.00011999999696854502
-1.081000043253362e-05,0.00011999999696854502
-1.0800000432594395e-05,0.00011999999696854502
-1.079000043265517e-05,0.00011999999696854502
-1.0780000432715944e-05,0.00011999999696854502
-1.0770000432776719e-05,0.00011999999696854502
-1.0760000432837494e-05,0.00011999999696854502
-1.0750000432898269e-05,0.00011999999696854502
-1.0740000432959043e-05,0.00011999999696854502
-1.0730000433019818e-05,0.00011999999696854502
-1.0720000433080593e-05,0.00011999999696854502
-1.0710000433141367e-05,0.00011999999696854502
-1.0700000433202142e-05,0.00011999999696854502
-1.0690000433262917e-05,0.00011999999696854502
-1.0680000433323692e-05,0.00011999999696854502
-1.0670000433384466e-05,0.00011999999696854502
-1.0660000433445241e-05,0.00011999999696854502
-1.0650000433506016e-05,0.00011999999696854502
-1.064000043356679e-05,0.00011999999696854502
-1.0630000433627565e-05,0.00011999999696854502
-1.062000043368834e-05,0.00011999999696854502
-1.0610000433749114e-05,0.00011999999696854502
-1.060000043380989e-05,0.00011999999696854502
-1.0590000433870664e-05,0.00011999999696854502
-1.0580000433931439e-05,0.00011999999696854502
-1.0570000433992213e-05,0.00015999999595806003
-1.0560000434052988e-05,0.00011999999696854502
-1.0550000434113763e-05,0.00011999999696854502
-1.0540000434174537e-05,0.00011999999696854502
-1.0530000434235312e-05,0.00015999999595806003
-1.0520000434296087e-05,0.00011999999696854502
-1.0510000434356862e-05,0.00011999999696854502
-1.0500000434417636e-05,0.00011999999696854502
-1.0490000434478411e-05,0.00011999999696854502
-1.0480000434539186e-05,0.00011999999696854502
-1.047000043459996e-05,0.00011999999696854502
-1.0460000434660735e-05,0.00011999999696854502
-1.045000043472151e-05,0.00011999999696854502
-1.0440000434782285e-05,0.00011999999696854502
-1.043000043484306e-05,0.00011999999696854502
-1.0420000434903834e-05,0.00011999999696854502
-1.0410000434964609e-05,0.00011999999696854502
-1.0400000435025383e-05,0.00011999999696854502
-1.0390000435086158e-05,0.00011999999696854502
-1.0380000435146933e-05,0.00011999999696854502
-1.0370000435207708e-05,0.00011999999696854502
-1.0360000435268482e-05,0.00011999999696854502
-1.0350000435329257e-05,0.00011999999696854502
-1.0340000435390032e-05,0.00011999999696854502
-1.0330000435450806e-05,0.00011999999696854502
-1.0320000435511581e-05,0.00011999999696854502
-1.0310000435572356e-05,0.00011999999696854502
-1.030000043563313e-05,0.00011999999696854502
-1.0290000435693905e-05,0.00011999999696854502
-1.028000043575468e-05,0.00011999999696854502
-1.0270000435815455e-05,0.00011999999696854502
-1.026000043587623e-05,7.999999797903001e-05
-1.0250000435937004e-05,0.00011999999696854502
-1.0240000435997779e-05,7.999999797903001e-05
-1.0230000436058553e-05,0.00015999999595806003
-1.0220000436119328e-05,0.00027999999292660505
-1.0210000436180103e-05,3.9999998989515007e-05
-1.0200000436240878e-05,-3.9999998989515007e-05
-1.0190000436301652e-05,0.00015999999595806003
-1.0180000436362427e-05,0.00015999999595806003
-1.0170000436423202e-05,0.00023999999393709004
-1.0160000436483976e-05,0.00019999999494757503
-1.0150000436544751e-05,7.999999797903001e-05
-1.0140000436605526e-05,3.9999998989515007e-05
-1.01300004366663e-05,0.00015999999595806003
-1.0120000436727075e-05,0.00019999999494757503
-1.011000043678785e-05,0.00015999999595806003
-1.0100000436848625e-05,7.999999797903001e-05
-1.00900004369094e-05,0.00011999999696854502
-1.0080000436970174e-05,0.00019999999494757503
-1.0070000437030949e-05,0.00011999999696854502
-1.0060000437091724e-05,7.999999797903001e-05
-1.0050000437152498e-05,0.00011999999696854502
-1.0040000437213273e-05,0.00015999999595806003
-1.0030000437274048e-05,0.00015999999595806003
-1.0020000437334822e-05,7.999999797903001e-05
-1.0010000437395597e-05,7.999999797903001e-05
-1.0000000437456372e-05,0.00019999999494757503
-9.990000437517147e-06,0.00015999999595806003
-9.980000437577921e-06,7.999999797903001e-05
-9.970000437638696e-06,7.999999797903001e-05
-9.96000043769947e-06,0.00011999999696854502
-9.950000437760245e-06,0.00015999999595806003
-9.94000043782102e-06,0.00015999999595806003
-9.930000437881795e-06,7.999999797903001e-05
-9.92000043794257e-06,0.00011999999696854502
-9.910000438003344e-06,0.00011999999696854502
-9.900000438064119e-06,7.999999797903001e-05
-9.890000438124894e-06,0.00011999999696854502
-9.880000438185668e-06,0.00015999999595806003
-9.870000438246443e-06,0.00015999999595806003
-9.860000438307218e-06,0.00011999999696854502
-9.850000438367992e-06,7.999999797903001e-05
-9.840000438428767e-06,0.00011999999696854502
-9.830000438489542e-06,0.00011999999696854502
-9.820000438550317e-06,0.00011999999696854502
-9.810000438611091e-06,0.00011999999696854502
-9.800000438671866e-06,0.00015999999595806003
-9.79000043873264e-06,0.00011999999696854502
-9.780000438793415e-06,0.00011999999696854502
-9.77000043885419e-06,0.00011999999696854502
-9.760000438914965e-06,0.00011999999696854502
-9.75000043897574e-06,0.00015999999595806003
-9.740000439036514e-06,0.00011999999696854502
-9.730000439097289e-06,0.00011999999696854502
-9.720000439158064e-06,0.00011999999696854502
-9.710000439218838e-06,0.00011999999696854502
-9.700000439279613e-06,0.00011999999696854502
-9.690000439340388e-06,0.00011999999696854502
-9.680000439401163e-06,0.00011999999696854502
-9.670000439461937e-06,0.00011999999696854502
-9.660000439522712e-06,0.00011999999696854502
-9.650000439583487e-06,0.00011999999696854502
-9.640000439644261e-06,0.00011999999696854502
-9.630000439705036e-06,0.00011999999696854502
-9.62000043976581e-06,0.00011999999696854502
-9.610000439826585e-06,0.00011999999696854502
-9.60000043988736e-06,0.00011999999696854502
-9.590000439948135e-06,0.00011999999696854502
-9.58000044000891e-06,7.999999797903001e-05
-9.570000440069684e-06,0.00011999999696854502
-9.560000440130459e-06,0.00011999999696854502
-9.550000440191234e-06,0.00011999999696854502
-9.540000440252008e-06,0.00011999999696854502
-9.530000440312783e-06,0.00011999999696854502
-9.520000440373558e-06,0.00015999999595806003
-9.510000440434333e-06,0.00015999999595806003
-9.500000440495107e-06,0.00011999999696854502
-9.490000440555882e-06,0.00011999999696854502
-9.480000440616657e-06,0.00011999999696854502
-9.470000440677431e-06,0.00011999999696854502
-9.460000440738206e-06,0.00011999999696854502
-9.45000044079898e-06,0.00011999999696854502
-9.440000440859756e-06,0.00011999999696854502
-9.43000044092053e-06,0.00011999999696854502
-9.420000440981305e-06,0.00015999999595806003
-9.41000044104208e-06,0.00011999999696854502
-9.400000441102854e-06,0.00011999999696854502
-9.390000441163629e-06,0.00015999999595806003
-9.380000441224404e-06,0.00015999999595806003
-9.370000441285179e-06,0.00011999999696854502
-9.360000441345953e-06,0.00011999999696854502
-9.350000441406728e-06,0.00011999999696854502
-9.340000441467503e-06,0.00015999999595806003
-9.330000441528277e-06,0.00015999999595806003
-9.320000441589052e-06,0.00015999999595806003
-9.310000441649827e-06,0.00015999999595806003
-9.300000441710601e-06,0.00015999999595806003
-9.290000441771376e-06,0.00019999999494757503
-9.280000441832151e-06,0.00019999999494757503
-9.270000441892926e-06,0.00019999999494757503
-9.2600004419537e-06,0.00019999999494757503
-9.250000442014475e-06,0.00023999999393709004
-9.24000044207525e-06,0.00023999999393709004
-9.230000442136024e-06,0.00027999999292660505
-9.220000442196799e-06,0.00031999999191612005
-9.210000442257574e-06,0.00031999999191612005
-9.200000442318349e-06,0.00035999999090563506
-9.190000442379123e-06,0.00039999998989515007
-9.180000442439898e-06,0.00043999998888466507
-9.170000442500673e-06,0.00043999998888466507
-9.160000442561447e-06,0.0004799999878741801
-9.150000442622222e-06,0.0005199999868636951
-9.140000442682997e-06,0.0005599999858532101
-9.130000442743772e-06,0.0006399999838322401
-9.120000442804546e-06,0.0006799999828217551
-9.110000442865321e-06,0.0007199999818112701
-9.100000442926096e-06,0.0007599999808007851
-9.09000044298687e-06,0.0008399999787798151
-9.080000443047645e-06,0.0008799999777693301
-9.07000044310842e-06,0.0009199999767588452
-9.060000443169195e-06,0.0009599999757483602
-9.05000044322997e-06,0.0009999999747378752
-9.040000443290744e-06,0.0010399999737273902
-9.030000443351519e-06,0.0010799999727169052
-9.020000443412293e-06,0.0011599999706959352
-9.010000443473068e-06,0.0011999999696854502
-9.000000443533843e-06,0.0011999999696854502
-8.990000443594617e-06,0.0012399999686749652
-8.980000443655392e-06,0.0012799999676644802
-8.970000443716167e-06,0.0013199999666539952
-8.960000443776942e-06,0.0012799999676644802
-8.950000443837716e-06,0.0013199999666539952
-8.940000443898491e-06,0.0013599999656435102
-8.930000443959266e-06,0.0013599999656435102
-8.92000044402004e-06,0.0013599999656435102
-8.910000444080815e-06,0.0013999999646330252
-8.90000044414159e-06,0.0013599999656435102
-8.890000444202365e-06,0.0013999999646330252
-8.88000044426314e-06,0.0013999999646330252
-8.870000444323914e-06,0.0013599999656435102
-8.860000444384689e-06,0.0013199999666539952
-8.850000444445463e-06,0.0013199999666539952
-8.840000444506238e-06,0.0013199999666539952
-8.830000444567013e-06,0.0013199999666539952
-8.820000444627788e-06,0.0012799999676644802
-8.810000444688562e-06,0.0012799999676644802
-8.800000444749337e-06,0.0011999999696854502
-8.790000444810112e-06,0.0011599999706959352
-8.780000444870886e-06,0.0011599999706959352
-8.770000444931661e-06,0.0011199999717064202
-8.760000444992436e-06,0.0010399999737273902
-8.75000044505321e-06,0.0009999999747378752
-8.740000445113985e-06,0.0009599999757483602
-8.73000044517476e-06,0.0009199999767588452
-8.720000445235535e-06,0.0008799999777693301
-8.71000044529631e-06,0.0007999999797903001
-8.700000445357084e-06,0.0007599999808007851
-8.690000445417859e-06,0.0007199999818112701
-8.680000445478633e-06,0.0006399999838322401
-8.670000445539408e-06,0.0005999999848427251
-8.660000445600183e-06,0.0005599999858532101
-8.650000445660958e-06,0.0005199999868636951
-8.640000445721732e-06,0.0004799999878741801
-8.630000445782507e-06,0.00039999998989515007
-8.620000445843282e-06,0.00035999999090563506
-8.610000445904056e-06,0.00035999999090563506
-8.600000445964831e-06,0.00031999999191612005
-8.590000446025606e-06,0.00031999999191612005
-8.58000044608638e-06,0.00027999999292660505
-8.570000446147155e-06,0.00023999999393709004
-8.56000044620793e-06,0.00023999999393709004
-8.550000446268705e-06,0.00023999999393709004
-8.54000044632948e-06,0.00023999999393709004
-8.530000446390254e-06,0.00019999999494757503
-8.520000446451029e-06,0.00015999999595806003
-8.510000446511804e-06,0.00015999999595806003
-8.500000446572578e-06,0.00015999999595806003
-8.490000446633353e-06,0.00015999999595806003
-8.480000446694128e-06,0.00015999999595806003
-8.470000446754902e-06,0.00015999999595806003
-8.460000446815677e-06,0.00011999999696854502
-8.450000446876452e-06,0.00011999999696854502
-8.440000446937227e-06,0.00011999999696854502
-8.430000446998001e-06,0.00011999999696854502
-8.420000447058776e-06,0.00015999999595806003
-8.41000044711955e-06,0.00011999999696854502
-8.400000447180325e-06,0.00011999999696854502
-8.3900004472411e-06,0.00011999999696854502
-8.380000447301875e-06,0.00011999999696854502
-8.37000044736265e-06,0.00015999999595806003
-8.360000447423424e-06,0.00015999999595806003
-8.350000447484199e-06,0.00011999999696854502
-8.340000447544974e-06,0.00011999999696854502
-8.330000447605748e-06,0.00011999999696854502
-8.320000447666523e-06,0.00011999999696854502
-8.310000447727298e-06,0.00011999999696854502
-8.300000447788072e-06,0.00011999999696854502
-8.290000447848847e-06,0.00015999999595806003
-8.280000447909622e-06,0.00011999999696854502
-8.270000447970397e-06,0.00011999999696854502
-8.260000448031171e-06,0.00011999999696854502
-8.250000448091946e-06,0.00015999999595806003
-8.24000044815272e-06,0.00015999999595806003
-8.230000448213495e-06,0.00011999999696854502
-8.22000044827427e-06,0.00011999999696854502
-8.210000448335045e-06,0.00011999999696854502
-8.20000044839582e-06,0.00011999999696854502
-8.190000448456594e-06,0.00011999999696854502
-8.180000448517369e-06,0.00011999999696854502
-8.170000448578144e-06,0.00015999999595806003
-8.160000448638918e-06,0.00011999999696854502
-8.150000448699693e-06,0.00011999999696854502
-8.140000448760468e-06,0.00011999999696854502
-8.130000448821243e-06,0.00011999999696854502
-8.120000448882017e-06,0.00011999999696854502
-8.110000448942792e-06,0.00011999999696854502
-8.100000449003567e-06,0.00011999999696854502
-8.090000449064341e-06,0.00011999999696854502
-8.080000449125116e-06,0.00011999999696854502
-8.07000044918589e-06,0.00011999999696854502
-8.060000449246665e-06,0.00011999999696854502
-8.05000044930744e-06,0.00011999999696854502
-8.040000449368215e-06,0.00011999999696854502
-8.03000044942899e-06,0.00011999999696854502
-8.020000449489764e-06,0.00011999999696854502
-8.010000449550539e-06,0.00011999999696854502
-8.000000449611314e-06,0.00011999999696854502
-7.990000449672088e-06,0.00011999999696854502
-7.980000449732863e-06,0.00011999999696854502
-7.970000449793638e-06,0.00011999999696854502
-7.960000449854413e-06,0.00011999999696854502
-7.950000449915187e-06,0.00011999999696854502
-7.940000449975962e-06,0.00011999999696854502
-7.930000450036737e-06,0.00011999999696854502
-7.920000450097511e-06,0.00011999999696854502
-7.910000450158286e-06,0.00011999999696854502
-7.90000045021906e-06,0.00011999999696854502
-7.890000450279836e-06,0.00011999999696854502
-7.88000045034061e-06,0.00011999999696854502
-7.870000450401385e-06,0.00011999999696854502
-7.86000045046216e-06,0.00011999999696854502
-7.850000450522934e-06,0.00011999999696854502
-7.840000450583709e-06,0.00011999999696854502
-7.830000450644484e-06,0.00011999999696854502
-7.820000450705259e-06,0.00011999999696854502
-7.810000450766033e-06,0.00011999999696854502
-7.800000450826808e-06,0.00011999999696854502
-7.790000450887583e-06,0.00011999999696854502
-7.780000450948357e-06,0.00011999999696854502
-7.770000451009132e-06,0.00011999999696854502
-7.760000451069907e-06,0.00011999999696854502
-7.750000451130681e-06,0.00011999999696854502
-7.740000451191456e-06,0.00011999999696854502
-7.730000451252231e-06,0.00011999999696854502
-7.720000451313006e-06,0.00011999999696854502
-7.71000045137378e-06,0.00011999999696854502
-7.700000451434555e-06,0.00011999999696854502
-7.69000045149533e-06,0.00011999999696854502
-7.680000451556104e-06,0.00011999999696854502
-7.67000045161688e-06,0.00011999999696854502
-7.660000451677654e-06,0.00011999999696854502
-7.650000451738429e-06,0.00011999999696854502
-7.640000451799203e-06,0.00011999999696854502
-7.630000451859978e-06,0.00011999999696854502
-7.620000451920753e-06,0.00011999999696854502
-7.610000451981527e-06,0.00011999999696854502
-7.600000452042302e-06,0.00011999999696854502
-7.590000452103077e-06,0.00011999999696854502
-7.5800004521638515e-06,0.00011999999696854502
-7.570000452224626e-06,7.999999797903001e-05
-7.560000452285401e-06,0.00011999999696854502
-7.550000452346176e-06,0.00011999999696854502
-7.54000045240695e-06,0.00011999999696854502
-7.530000452467725e-06,0.00011999999696854502
-7.5200004525285e-06,0.00011999999696854502
-7.5100004525892745e-06,0.00011999999696854502
-7.500000452650049e-06,0.00011999999696854502
-7.490000452710824e-06,0.00011999999696854502
-7.480000452771599e-06,0.00011999999696854502
-7.470000452832373e-06,0.00011999999696854502
-7.460000452893148e-06,0.00011999999696854502
-7.450000452953923e-06,0.00011999999696854502
-7.4400004530146975e-06,0.00011999999696854502
-7.430000453075472e-06,0.00011999999696854502
-7.420000453136247e-06,0.00011999999696854502
-7.410000453197022e-06,0.00011999999696854502
-7.400000453257796e-06,0.00011999999696854502
-7.390000453318571e-06,0.00011999999696854502
-7.380000453379346e-06,0.00011999999696854502
-7.3700004534401204e-06,0.00011999999696854502
-7.360000453500895e-06,0.00011999999696854502
-7.35000045356167e-06,0.00011999999696854502
-7.3400004536224446e-06,0.00011999999696854502
-7.330000453683219e-06,0.00011999999696854502
-7.320000453743994e-06,0.00011999999696854502
-7.310000453804769e-06,0.00015999999595806003
-7.300000453865543e-06,0.00011999999696854502
-7.290000453926318e-06,0.00011999999696854502
-7.280000453987093e-06,0.00011999999696854502
-7.2700004540478675e-06,0.00015999999595806003
-7.260000454108642e-06,0.00011999999696854502
-7.250000454169417e-06,0.00011999999696854502
-7.240000454230192e-06,0.00011999999696854502
-7.230000454290966e-06,0.00011999999696854502
-7.220000454351741e-06,0.00011999999696854502
-7.210000454412516e-06,0.00011999999696854502
-7.2000004544732905e-06,0.00011999999696854502
-7.190000454534065e-06,0.00011999999696854502
-7.18000045459484e-06,0.00011999999696854502
-7.170000454655615e-06,0.00011999999696854502
-7.160000454716389e-06,0.00011999999696854502
-7.150000454777164e-06,0.00011999999696854502
-7.140000454837939e-06,0.00011999999696854502
-7.1300004548987135e-06,0.00011999999696854502
-7.120000454959488e-06,0.00011999999696854502
-7.110000455020263e-06,0.00011999999696854502
-7.100000455081038e-06,0.00011999999696854502
-7.090000455141812e-06,0.00011999999696854502
-7.080000455202587e-06,0.00011999999696854502
-7.070000455263362e-06,0.00011999999696854502
-7.0600004553241364e-06,0.00011999999696854502
-7.050000455384911e-06,0.00011999999696854502
-7.040000455445686e-06,0.00011999999696854502
-7.0300004555064606e-06,0.00011999999696854502
-7.020000455567235e-06,0.00011999999696854502
-7.01000045562801e-06,0.00011999999696854502
-7.000000455688785e-06,0.00011999999696854502
-6.990000455749559e-06,0.00015999999595806003
-6.980000455810334e-06,0.00011999999696854502
-6.970000455871109e-06,0.00011999999696854502
-6.9600004559318835e-06,0.00011999999696854502
-6.950000455992658e-06,0.00011999999696854502
-6.940000456053433e-06,0.00011999999696854502
-6.930000456114208e-06,0.00011999999696854502
-6.920000456174982e-06,0.00011999999696854502
-6.910000456235757e-06,0.00011999999696854502
-6.900000456296532e-06,0.00011999999696854502
-6.8900004563573065e-06,0.00011999999696854502
-6.880000456418081e-06,0.00011999999696854502
-6.870000456478856e-06,0.00011999999696854502
-6.860000456539631e-06,0.00011999999696854502
-6.850000456600405e-06,0.00011999999696854502
-6.84000045666118e-06,0.00011999999696854502
-6.830000456721955e-06,0.00011999999696854502
-6.8200004567827295e-06,0.00015999999595806003
-6.810000456843504e-06,0.00011999999696854502
-6.800000456904279e-06,0.00011999999696854502
-6.790000456965054e-06,0.00011999999696854502
-6.780000457025828e-06,0.00011999999696854502
-6.770000457086603e-06,0.00011999999696854502
-6.760000457147378e-06,0.00011999999696854502
-6.7500004572081524e-06,0.00011999999696854502
-6.740000457268927e-06,0.00011999999696854502
-6.730000457329702e-06,0.00011999999696854502
-6.7200004573904766e-06,0.00011999999696854502
-6.710000457451251e-06,0.00011999999696854502
-6.700000457512026e-06,0.00011999999696854502
-6.690000457572801e-06,0.00011999999696854502
-6.680000457633575e-06,0.00011999999696854502
-6.67000045769435e-06,0.00011999999696854502
-6.660000457755125e-06,0.00011999999696854502
-6.6500004578158995e-06,0.00011999999696854502
-6.640000457876674e-06,0.00011999999696854502
-6.630000457937449e-06,0.00011999999696854502
-6.620000457998224e-06,0.00011999999696854502
-6.610000458058998e-06,0.00011999999696854502
-6.600000458119773e-06,0.00011999999696854502
-6.590000458180548e-06,0.00011999999696854502
-6.5800004582413225e-06,0.00011999999696854502
-6.570000458302097e-06,0.00011999999696854502
-6.560000458362872e-06,0.00011999999696854502
-6.550000458423647e-06,0.00011999999696854502
-6.540000458484421e-06,0.00011999999696854502
-6.530000458545196e-06,0.00011999999696854502
-6.520000458605971e-06,0.00011999999696854502
-6.5100004586667455e-06,0.00011999999696854502
-6.50000045872752e-06,0.00011999999696854502
-6.490000458788295e-06,0.00011999999696854502
-6.48000045884907e-06,0.00011999999696854502
-6.470000458909844e-06,0.00011999999696854502
-6.460000458970619e-06,0.00011999999696854502
-6.450000459031394e-06,0.00011999999696854502
-6.4400004590921684e-06,0.00011999999696854502
-6.430000459152943e-06,0.00011999999696854502
-6.420000459213718e-06,0.00011999999696854502
-6.410000459274493e-06,0.00011999999696854502
-6.400000459335267e-06,0.00011999999696854502
-6.390000459396042e-06,0.00011999999696854502
-6.380000459456817e-06,0.00011999999696854502
-6.370000459517591e-06,0.00011999999696854502
-6.360000459578366e-06,0.00011999999696854502
-6.350000459639141e-06,0.00011999999696854502
-6.3400004596999155e-06,0.00011999999696854502
-6.33000045976069e-06,0.00011999999696854502
-6.320000459821465e-06,0.00011999999696854502
-6.31000045988224e-06,0.00011999999696854502
-6.300000459943014e-06,0.00015999999595806003
-6.290000460003789e-06,0.00011999999696854502
-6.280000460064564e-06,0.00011999999696854502
-6.2700004601253385e-06,0.00011999999696854502
-6.260000460186113e-06,0.00015999999595806003
-6.250000460246888e-06,0.00011999999696854502
-6.240000460307663e-06,0.00011999999696854502
-6.230000460368437e-06,0.00011999999696854502
-6.220000460429212e-06,0.00011999999696854502
-6.210000460489987e-06,0.00011999999696854502
-6.2000004605507615e-06,0.00011999999696854502
-6.190000460611536e-06,0.00011999999696854502
-6.180000460672311e-06,0.00011999999696854502
-6.170000460733086e-06,0.00015999999595806003
-6.16000046079386e-06,0.00015999999595806003
-6.150000460854635e-06,0.00011999999696854502
-6.14000046091541e-06,0.00011999999696854502
-6.1300004609761844e-06,0.00011999999696854502
-6.120000461036959e-06,0.00011999999696854502
-6.110000461097734e-06,0.00011999999696854502
-6.100000461158509e-06,0.00011999999696854502
-6.090000461219283e-06,0.00011999999696854502
-6.080000461280058e-06,0.00011999999696854502
-6.070000461340833e-06,0.00011999999696854502
-6.060000461401607e-06,0.00011999999696854502
-6.050000461462382e-06,0.00011999999696854502
-6.040000461523157e-06,0.00011999999696854502
-6.0300004615839315e-06,0.00011999999696854502
-6.020000461644706e-06,0.00011999999696854502
-6.010000461705481e-06,0.00011999999696854502
-6.000000461766256e-06,0.00011999999696854502
-5.99000046182703e-06,0.00011999999696854502
-5.980000461887805e-06,0.00011999999696854502
-5.97000046194858e-06,0.00011999999696854502
-5.9600004620093545e-06,0.00015999999595806003
-5.950000462070129e-06,0.00011999999696854502
-5.940000462130904e-06,0.00011999999696854502
-5.930000462191679e-06,0.00011999999696854502
-5.920000462252453e-06,0.00015999999595806003
-5.910000462313228e-06,0.00011999999696854502
-5.900000462374003e-06,0.00011999999696854502
-5.8900004624347775e-06,0.00011999999696854502
-5.880000462495552e-06,0.00011999999696854502
-5.870000462556327e-06,0.00011999999696854502
-5.860000462617102e-06,0.00011999999696854502
-5.850000462677876e-06,0.00011999999696854502
-5.840000462738651e-06,0.00011999999696854502
-5.830000462799426e-06,0.00011999999696854502
-5.8200004628602004e-06,0.00011999999696854502
-5.810000462920975e-06,0.00011999999696854502
-5.80000046298175e-06,0.00011999999696854502
-5.790000463042525e-06,0.00011999999696854502
-5.780000463103299e-06,0.00011999999696854502
-5.770000463164074e-06,0.00011999999696854502
-5.760000463224849e-06,0.00011999999696854502
-5.750000463285623e-06,0.00011999999696854502
-5.740000463346398e-06,0.00011999999696854502
-5.730000463407173e-06,0.00011999999696854502
-5.7200004634679475e-06,0.00011999999696854502
-5.710000463528722e-06,0.00011999999696854502
-5.700000463589497e-06,0.00011999999696854502
-5.690000463650272e-06,0.00011999999696854502
-5.680000463711046e-06,0.00011999999696854502
-5.670000463771821e-06,0.00011999999696854502
-5.660000463832596e-06,0.00011999999696854502
-5.6500004638933705e-06,0.00011999999696854502
-5.640000463954145e-06,0.00011999999696854502
-5.63000046401492e-06,0.00011999999696854502
-5.620000464075695e-06,0.00011999999696854502
-5.610000464136469e-06,0.00011999999696854502
-5.600000464197244e-06,0.00011999999696854502
-5.590000464258019e-06,0.00011999999696854502
-5.5800004643187935e-06,0.00011999999696854502
-5.570000464379568e-06,0.00011999999696854502
-5.560000464440343e-06,0.00011999999696854502
-5.550000464501118e-06,0.00011999999696854502
-5.540000464561892e-06,0.00011999999696854502
-5.530000464622667e-06,0.00011999999696854502
-5.520000464683442e-06,0.00011999999696854502
-5.5100004647442165e-06,0.00011999999696854502
-5.500000464804991e-06,0.00011999999696854502
-5.490000464865766e-06,0.00011999999696854502
-5.480000464926541e-06,0.00011999999696854502
-5.470000464987315e-06,0.00011999999696854502
-5.46000046504809e-06,0.00011999999696854502
-5.450000465108865e-06,0.00011999999696854502
-5.440000465169639e-06,0.00011999999696854502
-5.430000465230414e-06,0.00011999999696854502
-5.420000465291189e-06,0.00011999999696854502
-5.4100004653519635e-06,0.00011999999696854502
-5.400000465412738e-06,0.00011999999696854502
-5.390000465473513e-06,0.00011999999696854502
-5.380000465534288e-06,0.00011999999696854502
-5.370000465595062e-06,0.00011999999696854502
-5.360000465655837e-06,0.00011999999696854502
-5.350000465716612e-06,0.00011999999696854502
-5.3400004657773865e-06,0.00011999999696854502
-5.330000465838161e-06,0.00011999999696854502
-5.320000465898936e-06,0.00011999999696854502
-5.310000465959711e-06,0.00011999999696854502
-5.300000466020485e-06,0.00011999999696854502
-5.29000046608126e-06,0.00011999999696854502
-5.280000466142035e-06,0.00011999999696854502
-5.2700004662028095e-06,0.00011999999696854502
-5.260000466263584e-06,0.00011999999696854502
-5.250000466324359e-06,0.00011999999696854502
-5.240000466385134e-06,0.00011999999696854502
-5.230000466445908e-06,0.00011999999696854502
-5.220000466506683e-06,0.00011999999696854502
-5.210000466567458e-06,0.00011999999696854502
-5.2000004666282325e-06,0.00011999999696854502
-5.190000466689007e-06,0.00011999999696854502
-5.180000466749782e-06,0.00011999999696854502
-5.170000466810557e-06,0.00011999999696854502
-5.160000466871331e-06,0.00011999999696854502
-5.150000466932106e-06,0.00011999999696854502
-5.140000466992881e-06,0.00011999999696854502
-5.130000467053655e-06,0.00011999999696854502
-5.12000046711443e-06,0.00011999999696854502
-5.110000467175205e-06,0.00015999999595806003
-5.1000004672359795e-06,0.00011999999696854502
-5.090000467296754e-06,0.00011999999696854502
-5.080000467357529e-06,0.00011999999696854502
-5.070000467418304e-06,0.00011999999696854502
-5.060000467479078e-06,0.00011999999696854502
-5.050000467539853e-06,0.00011999999696854502
-5.040000467600628e-06,0.00011999999696854502
-5.0300004676614025e-06,0.00011999999696854502
-5.020000467722177e-06,0.00011999999696854502
-5.010000467782952e-06,0.00011999999696854502
-5.000000467843727e-06,0.00011999999696854502
-4.990000467904501e-06,0.00011999999696854502
-4.980000467965276e-06,0.00011999999696854502
-4.970000468026051e-06,0.00011999999696854502
-4.9600004680868255e-06,0.00011999999696854502
-4.9500004681476e-06,0.00011999999696854502
-4.940000468208375e-06,0.00015999999595806003
-4.93000046826915e-06,0.00011999999696854502
-4.920000468329924e-06,0.00011999999696854502
-4.910000468390699e-06,0.00011999999696854502
-4.900000468451474e-06,0.00011999999696854502
-4.8900004685122485e-06,0.00011999999696854502
-4.880000468573023e-06,0.00011999999696854502
-4.870000468633798e-06,0.00011999999696854502
-4.860000468694573e-06,0.00011999999696854502
-4.850000468755347e-06,0.00011999999696854502
-4.840000468816122e-06,0.00011999999696854502
-4.830000468876897e-06,0.00011999999696854502
-4.820000468937671e-06,0.00011999999696854502
-4.810000468998446e-06,0.00011999999696854502
-4.800000469059221e-06,0.00011999999696854502
-4.7900004691199955e-06,0.00011999999696854502
-4.78000046918077e-06,0.00011999999696854502
-4.770000469241545e-06,0.00011999999696854502
-4.76000046930232e-06,0.00011999999696854502
-4.750000469363094e-06,0.00015999999595806003
-4.740000469423869e-06,0.00011999999696854502
-4.730000469484644e-06,0.00011999999696854502
-4.7200004695454185e-06,0.00011999999696854502
-4.710000469606193e-06,0.00011999999696854502
-4.700000469666968e-06,0.00011999999696854502
-4.690000469727743e-06,0.00011999999696854502
-4.680000469788517e-06,0.00011999999696854502
-4.670000469849292e-06,0.00011999999696854502
-4.660000469910067e-06,0.00011999999696854502
-4.6500004699708415e-06,0.00011999999696854502
-4.640000470031616e-06,0.00011999999696854502
-4.630000470092391e-06,0.00011999999696854502
-4.620000470153166e-06,0.00011999999696854502
-4.61000047021394e-06,0.00011999999696854502
-4.600000470274715e-06,0.00011999999696854502
-4.59000047033549e-06,0.00011999999696854502
-4.5800004703962645e-06,0.00011999999696854502
-4.570000470457039e-06,0.00011999999696854502
-4.560000470517814e-06,0.00011999999696854502
-4.550000470578589e-06,0.00011999999696854502
-4.540000470639363e-06,0.00011999999696854502
-4.530000470700138e-06,0.00011999999696854502
-4.520000470760913e-06,0.00011999999696854502
-4.510000470821687e-06,0.00011999999696854502
-4.500000470882462e-06,0.00011999999696854502
-4.490000470943237e-06,0.00011999999696854502
-4.4800004710040116e-06,0.00011999999696854502
-4.470000471064786e-06,0.00011999999696854502
-4.460000471125561e-06,0.00015999999595806003
-4.450000471186336e-06,0.00011999999696854502
-4.44000047124711e-06,0.00011999999696854502
-4.430000471307885e-06,0.00011999999696854502
-4.42000047136866e-06,0.00011999999696854502
-4.4100004714294345e-06,0.00011999999696854502
-4.400000471490209e-06,0.00011999999696854502
-4.390000471550984e-06,0.00011999999696854502
-4.380000471611759e-06,0.00011999999696854502
-4.370000471672533e-06,0.00011999999696854502
-4.360000471733308e-06,0.00011999999696854502
-4.350000471794083e-06,0.00011999999696854502
-4.3400004718548575e-06,0.00011999999696854502
-4.330000471915632e-06,0.00015999999595806003
-4.320000471976407e-06,0.00011999999696854502
-4.310000472037182e-06,0.00011999999696854502
-4.300000472097956e-06,0.00011999999696854502
-4.290000472158731e-06,0.00011999999696854502
-4.280000472219506e-06,0.00011999999696854502
-4.2700004722802805e-06,0.00011999999696854502
-4.260000472341055e-06,0.00011999999696854502
-4.25000047240183e-06,0.00011999999696854502
-4.240000472462605e-06,0.00011999999696854502
-4.230000472523379e-06,0.00011999999696854502
-4.220000472584154e-06,0.00011999999696854502
-4.210000472644929e-06,0.00011999999696854502
-4.200000472705703e-06,0.00011999999696854502
-4.190000472766478e-06,0.00011999999696854502
-4.180000472827253e-06,0.00011999999696854502
-4.1700004728880276e-06,0.00011999999696854502
-4.160000472948802e-06,0.00011999999696854502
-4.150000473009577e-06,0.00011999999696854502
-4.140000473070352e-06,0.00011999999696854502
-4.130000473131126e-06,0.00011999999696854502
-4.120000473191901e-06,0.00011999999696854502
-4.110000473252676e-06,0.00011999999696854502
-4.1000004733134505e-06,0.00011999999696854502
-4.090000473374225e-06,0.00015999999595806003
-4.080000473435e-06,0.00011999999696854502
-4.070000473495775e-06,0.00011999999696854502
-4.060000473556549e-06,0.00011999999696854502
-4.050000473617324e-06,0.00011999999696854502
-4.040000473678099e-06,0.00011999999696854502
-4.0300004737388735e-06,0.00011999999696854502
-4.020000473799648e-06,0.00011999999696854502
-4.010000473860423e-06,0.00011999999696854502
-4.000000473921198e-06,0.00011999999696854502
-3.990000473981972e-06,0.00011999999696854502
-3.980000474042747e-06,0.00011999999696854502
-3.970000474103522e-06,0.00011999999696854502
-3.9600004741642965e-06,0.00011999999696854502
-3.950000474225071e-06,0.00011999999696854502
-3.940000474285846e-06,0.00011999999696854502
-3.930000474346621e-06,0.00011999999696854502
-3.920000474407395e-06,0.00011999999696854502
-3.91000047446817e-06,0.00011999999696854502
-3.900000474528945e-06,0.00011999999696854502
-3.890000474589719e-06,0.00015999999595806003
-3.880000474650494e-06,0.00011999999696854502
-3.870000474711269e-06,0.00011999999696854502
-3.8600004747720436e-06,0.00011999999696854502
-3.850000474832818e-06,0.00011999999696854502
-3.840000474893593e-06,0.00011999999696854502
-3.830000474954368e-06,0.00011999999696854502
-3.820000475015142e-06,0.00011999999696854502
-3.810000475075917e-06,0.00015999999595806003
-3.800000475136692e-06,0.00015999999595806003
-3.7900004751974665e-06,0.00011999999696854502
-3.7800004752582412e-06,0.00011999999696854502
-3.770000475319016e-06,0.00011999999696854502
-3.7600004753797906e-06,0.00011999999696854502
-3.7500004754405654e-06,0.00011999999696854502
-3.74000047550134e-06,0.00011999999696854502
-3.7300004755621148e-06,0.00011999999696854502
-3.7200004756228895e-06,0.00011999999696854502
-3.710000475683664e-06,0.00011999999696854502
-3.700000475744439e-06,0.00011999999696854502
-3.6900004758052136e-06,0.00011999999696854502
-3.6800004758659883e-06,0.00011999999696854502
-3.670000475926763e-06,0.00011999999696854502
-3.6600004759875377e-06,0.00011999999696854502
-3.6500004760483125e-06,0.00011999999696854502
-3.640000476109087e-06,0.00011999999696854502
-3.630000476169862e-06,0.00011999999696854502
-3.6200004762306366e-06,0.00011999999696854502
-3.6100004762914113e-06,0.00011999999696854502
-3.600000476352186e-06,0.00011999999696854502
-3.5900004764129607e-06,0.00015999999595806003
-3.5800004764737354e-06,0.00011999999696854502
-3.57000047653451e-06,0.00011999999696854502
-3.560000476595285e-06,0.00011999999696854502
-3.5500004766560596e-06,0.00011999999696854502
-3.5400004767168343e-06,0.00011999999696854502
-3.530000476777609e-06,0.00011999999696854502
-3.5200004768383837e-06,0.00011999999696854502
-3.5100004768991584e-06,0.00011999999696854502
-3.500000476959933e-06,0.00011999999696854502
-3.490000477020708e-06,0.00011999999696854502
-3.4800004770814825e-06,0.00011999999696854502
-3.4700004771422572e-06,0.00011999999696854502
-3.460000477203032e-06,0.00011999999696854502
-3.4500004772638067e-06,0.00011999999696854502
-3.4400004773245814e-06,0.00011999999696854502
-3.430000477385356e-06,0.00011999999696854502
-3.4200004774461308e-06,0.00011999999696854502
-3.4100004775069055e-06,0.00011999999696854502
-3.40000047756768e-06,0.00011999999696854502
-3.390000477628455e-06,0.00011999999696854502
-3.3800004776892296e-06,0.00011999999696854502
-3.3700004777500043e-06,0.00011999999696854502
-3.360000477810779e-06,0.00011999999696854502
-3.3500004778715537e-06,0.00011999999696854502
-3.3400004779323285e-06,0.00011999999696854502
-3.330000477993103e-06,0.00011999999696854502
-3.320000478053878e-06,0.00015999999595806003
-3.3100004781146526e-06,0.00011999999696854502
-3.3000004781754273e-06,0.00011999999696854502
-3.290000478236202e-06,0.00011999999696854502
-3.2800004782969767e-06,0.00011999999696854502
-3.2700004783577514e-06,0.00011999999696854502
-3.260000478418526e-06,0.00011999999696854502
-3.250000478479301e-06,0.00011999999696854502
-3.2400004785400756e-06,0.00011999999696854502
-3.2300004786008503e-06,0.00011999999696854502
-3.220000478661625e-06,0.00011999999696854502
-3.2100004787223997e-06,0.00011999999696854502
-3.2000004787831744e-06,0.00011999999696854502
-3.190000478843949e-06,0.00011999999696854502
-3.180000478904724e-06,0.00011999999696854502
-3.1700004789654985e-06,0.00011999999696854502
-3.1600004790262732e-06,0.00011999999696854502
-3.150000479087048e-06,0.00011999999696854502
-3.1400004791478227e-06,0.00011999999696854502
-3.1300004792085974e-06,0.00011999999696854502
-3.120000479269372e-06,0.00011999999696854502
-3.1100004793301468e-06,0.00011999999696854502
-3.1000004793909215e-06,0.00011999999696854502
-3.090000479451696e-06,0.00011999999696854502
-3.080000479512471e-06,0.00011999999696854502
-3.0700004795732456e-06,0.00015999999595806003
-3.0600004796340203e-06,0.00011999999696854502
-3.050000479694795e-06,0.00011999999696854502
-3.0400004797555697e-06,0.00011999999696854502
-3.0300004798163445e-06,0.00011999999696854502
-3.020000479877119e-06,0.00011999999696854502
-3.010000479937894e-06,0.00011999999696854502
-3.0000004799986686e-06,0.00011999999696854502
-2.9900004800594433e-06,0.00011999999696854502
-2.980000480120218e-06,0.00011999999696854502
-2.9700004801809927e-06,0.00011999999696854502
-2.9600004802417674e-06,0.00011999999696854502
-2.950000480302542e-06,0.00011999999696854502
-2.940000480363317e-06,0.00011999999696854502
-2.9300004804240916e-06,0.00011999999696854502
-2.9200004804848663e-06,0.00011999999696854502
-2.910000480545641e-06,0.00011999999696854502
-2.9000004806064157e-06,0.00011999999696854502
-2.8900004806671904e-06,0.00011999999696854502
-2.880000480727965e-06,0.00011999999696854502
-2.87000048078874e-06,0.00011999999696854502
-2.8600004808495145e-06,0.00011999999696854502
-2.8500004809102892e-06,0.00011999999696854502
-2.840000480971064e-06,0.00011999999696854502
-2.8300004810318387e-06,0.00011999999696854502
-2.8200004810926134e-06,0.00011999999696854502
-2.810000481153388e-06,0.00011999999696854502
-2.8000004812141628e-06,0.00011999999696854502
-2.7900004812749375e-06,0.00011999999696854502
-2.780000481335712e-06,0.00011999999696854502
-2.770000481396487e-06,0.00011999999696854502
-2.7600004814572616e-06,0.00011999999696854502
-2.7500004815180363e-06,0.00011999999696854502
-2.740000481578811e-06,0.00011999999696854502
-2.7300004816395857e-06,0.00011999999696854502
-2.7200004817003605e-06,0.00011999999696854502
-2.710000481761135e-06,0.00011999999696854502
-2.70000048182191e-06,0.00015999999595806003
-2.6900004818826846e-06,0.00011999999696854502
-2.6800004819434593e-06,0.00011999999696854502
-2.670000482004234e-06,0.00011999999696854502
-2.6600004820650087e-06,0.00011999999696854502
-2.6500004821257834e-06,0.00011999999696854502
-2.640000482186558e-06,0.00011999999696854502
-2.630000482247333e-06,0.00015999999595806003
-2.6200004823081076e-06,0.00011999999696854502
-2.6100004823688823e-06,0.00011999999696854502
-2.600000482429657e-06,0.00011999999696854502
-2.5900004824904317e-06,0.00015999999595806003
-2.5800004825512064e-06,0.00015999999595806003
-2.570000482611981e-06,0.00011999999696854502
-2.560000482672756e-06,0.00011999999696854502
-2.5500004827335305e-06,0.00011999999696854502
-2.5400004827943052e-06,0.00011999999696854502
-2.53000048285508e-06,0.00011999999696854502
-2.5200004829158547e-06,0.00011999999696854502
-2.5100004829766294e-06,0.00015999999595806003
-2.500000483037404e-06,0.00011999999696854502
-2.4900004830981788e-06,0.00011999999696854502
-2.4800004831589535e-06,0.00011999999696854502
-2.470000483219728e-06,0.00011999999696854502
-2.460000483280503e-06,0.00011999999696854502
-2.4500004833412776e-06,0.00011999999696854502
-2.4400004834020523e-06,0.00011999999696854502
-2.430000483462827e-06,0.00011999999696854502
-2.4200004835236018e-06,0.00011999999696854502
-2.4100004835843765e-06,0.00011999999696854502
-2.400000483645151e-06,0.00011999999696854502
-2.390000483705926e-06,0.00011999999696854502
-2.3800004837667006e-06,0.00011999999696854502
-2.3700004838274753e-06,0.00011999999696854502
-2.36000048388825e-06,0.00011999999696854502
-2.3500004839490247e-06,0.00011999999696854502
-2.3400004840097994e-06,0.00011999999696854502
-2.330000484070574e-06,0.00011999999696854502
-2.320000484131349e-06,0.00011999999696854502
-2.3100004841921236e-06,0.00011999999696854502
-2.3000004842528983e-06,0.00011999999696854502
-2.290000484313673e-06,0.00011999999696854502
-2.2800004843744477e-06,0.00011999999696854502
-2.2700004844352224e-06,0.00015999999595806003
-2.260000484495997e-06,0.00011999999696854502
-2.250000484556772e-06,0.00011999999696854502
-2.2400004846175465e-06,0.00011999999696854502
-2.2300004846783212e-06,0.00011999999696854502
-2.220000484739096e-06,0.00011999999696854502
-2.2100004847998707e-06,0.00011999999696854502
-2.2000004848606454e-06,0.00011999999696854502
-2.19000048492142e-06,0.00011999999696854502
-2.1800004849821948e-06,0.00011999999696854502
-2.1700004850429695e-06,0.00015999999595806003
-2.160000485103744e-06,0.00011999999696854502
-2.150000485164519e-06,0.00011999999696854502
-2.1400004852252936e-06,0.00011999999696854502
-2.1300004852860683e-06,0.00011999999696854502
-2.120000485346843e-06,0.00011999999696854502
-2.1100004854076178e-06,0.00011999999696854502
-2.1000004854683925e-06,0.00011999999696854502
-2.090000485529167e-06,0.00015999999595806003
-2.080000485589942e-06,0.00011999999696854502
-2.0700004856507166e-06,0.00011999999696854502
-2.0600004857114913e-06,0.00011999999696854502
-2.050000485772266e-06,0.00011999999696854502
-2.0400004858330407e-06,0.00011999999696854502
-2.0300004858938154e-06,0.00011999999696854502
-2.02000048595459e-06,0.00011999999696854502
-2.010000486015365e-06,0.00011999999696854502
-2.0000004860761396e-06,0.00011999999696854502
-1.9900004861369143e-06,0.00011999999696854502
-1.980000486197689e-06,0.00011999999696854502
-1.9700004862584637e-06,0.00011999999696854502
-1.9600004863192384e-06,0.00011999999696854502
-1.950000486380013e-06,0.00011999999696854502
-1.940000486440788e-06,0.00011999999696854502
-1.9300004865015625e-06,0.00011999999696854502
-1.9200004865623372e-06,0.00011999999696854502
-1.910000486623112e-06,0.00011999999696854502
-1.9000004866838867e-06,0.00011999999696854502
-1.8900004867446614e-06,0.00011999999696854502
-1.880000486805436e-06,0.00011999999696854502
-1.8700004868662108e-06,0.00011999999696854502
-1.8600004869269855e-06,0.00011999999696854502
-1.8500004869877602e-06,0.00011999999696854502
-1.840000487048535e-06,0.00011999999696854502
-1.8300004871093096e-06,0.00011999999696854502
-1.8200004871700843e-06,0.00011999999696854502
-1.810000487230859e-06,0.00011999999696854502
-1.8000004872916338e-06,0.00011999999696854502
-1.7900004873524085e-06,0.00011999999696854502
-1.7800004874131832e-06,0.00011999999696854502
-1.7700004874739579e-06,0.00011999999696854502
-1.7600004875347326e-06,0.00011999999696854502
-1.7500004875955073e-06,0.00011999999696854502
-1.740000487656282e-06,0.00011999999696854502
-1.7300004877170567e-06,0.00011999999696854502
-1.7200004877778314e-06,0.00011999999696854502
-1.7100004878386061e-06,0.00011999999696854502
-1.7000004878993808e-06,0.00011999999696854502
-1.6900004879601556e-06,0.00011999999696854502
-1.6800004880209303e-06,0.00011999999696854502
-1.670000488081705e-06,0.00011999999696854502
-1.6600004881424797e-06,0.00011999999696854502
-1.6500004882032544e-06,0.00011999999696854502
-1.6400004882640291e-06,0.00011999999696854502
-1.6300004883248038e-06,0.00011999999696854502
-1.6200004883855785e-06,0.00011999999696854502
-1.6100004884463532e-06,0.00011999999696854502
-1.600000488507128e-06,0.00011999999696854502
-1.5900004885679027e-06,0.00011999999696854502
-1.5800004886286774e-06,0.00011999999696854502
-1.570000488689452e-06,0.00011999999696854502
-1.5600004887502268e-06,0.00011999999696854502
-1.5500004888110015e-06,0.00011999999696854502
-1.5400004888717762e-06,0.00011999999696854502
-1.530000488932551e-06,0.00011999999696854502
-1.5200004889933256e-06,0.00011999999696854502
-1.5100004890541003e-06,0.00011999999696854502
-1.500000489114875e-06,7.999999797903001e-05
-1.4900004891756498e-06,0.00011999999696854502
-1.4800004892364245e-06,0.00015999999595806003
-1.4700004892971992e-06,0.00011999999696854502
-1.4600004893579739e-06,0.00011999999696854502
-1.4500004894187486e-06,0.00011999999696854502
-1.4400004894795233e-06,0.00011999999696854502
-1.430000489540298e-06,0.00011999999696854502
-1.4200004896010727e-06,0.00011999999696854502
-1.4100004896618474e-06,0.00011999999696854502
-1.4000004897226221e-06,0.00011999999696854502
-1.3900004897833969e-06,0.00011999999696854502
-1.3800004898441716e-06,0.00011999999696854502
-1.3700004899049463e-06,0.00011999999696854502
-1.360000489965721e-06,0.00011999999696854502
-1.3500004900264957e-06,0.00011999999696854502
-1.3400004900872704e-06,0.00011999999696854502
-1.3300004901480451e-06,0.00011999999696854502
-1.3200004902088198e-06,0.00011999999696854502
-1.3100004902695945e-06,0.00011999999696854502
-1.3000004903303692e-06,0.00011999999696854502
-1.290000490391144e-06,0.00011999999696854502
-1.2800004904519187e-06,0.00011999999696854502
-1.2700004905126934e-06,0.00011999999696854502
-1.260000490573468e-06,0.00011999999696854502
-1.2500004906342428e-06,0.00011999999696854502
-1.2400004906950175e-06,0.00011999999696854502
-1.2300004907557922e-06,0.00011999999696854502
-1.220000490816567e-06,0.00011999999696854502
-1.2100004908773416e-06,0.00011999999696854502
-1.2000004909381163e-06,0.00011999999696854502
-1.190000490998891e-06,0.00011999999696854502
-1.1800004910596658e-06,0.00011999999696854502
-1.1700004911204405e-06,0.00011999999696854502
-1.1600004911812152e-06,0.00011999999696854502
-1.1500004912419899e-06,0.00011999999696854502
-1.1400004913027646e-06,0.00011999999696854502
-1.1300004913635393e-06,0.00011999999696854502
-1.120000491424314e-06,0.00015999999595806003
-1.1100004914850887e-06,0.00011999999696854502
-1.1000004915458634e-06,0.00011999999696854502
-1.0900004916066381e-06,0.00011999999696854502
-1.0800004916674129e-06,0.00011999999696854502
-1.0700004917281876e-06,0.00015999999595806003
-1.0600004917889623e-06,0.00011999999696854502
-1.050000491849737e-06,0.00011999999696854502
-1.0400004919105117e-06,0.00011999999696854502
-1.0300004919712864e-06,0.00011999999696854502
-1.0200004920320611e-06,0.00011999999696854502
-1.0100004920928358e-06,0.00011999999696854502
-1.0000004921536105e-06,0.00011999999696854502
-9.900004922143852e-07,0.00011999999696854502
-9.8000049227516e-07,0.00011999999696854502
-9.700004923359347e-07,0.00011999999696854502
-9.600004923967094e-07,0.00011999999696854502
-9.500004924574841e-07,0.00011999999696854502
-9.400004925182588e-07,0.00011999999696854502
-9.300004925790335e-07,0.00011999999696854502
-9.200004926398082e-07,0.00011999999696854502
-9.100004927005829e-07,0.00011999999696854502
-9.000004927613576e-07,0.00011999999696854502
-8.900004928221323e-07,0.00011999999696854502
-8.80000492882907e-07,0.00015999999595806003
-8.700004929436818e-07,0.00015999999595806003
-8.600004930044565e-07,0.00011999999696854502
-8.500004930652312e-07,0.00011999999696854502
-8.400004931260059e-07,0.00011999999696854502
-8.300004931867806e-07,0.00011999999696854502
-8.200004932475553e-07,0.00011999999696854502
-8.1000049330833e-07,0.00011999999696854502
-8.000004933691047e-07,0.00011999999696854502
-7.900004934298794e-07,0.00011999999696854502
-7.800004934906541e-07,0.00011999999696854502
-7.700004935514289e-07,0.00011999999696854502
-7.600004936122036e-07,0.00011999999696854502
-7.500004936729783e-07,0.00011999999696854502
-7.40000493733753e-07,0.00011999999696854502
-7.300004937945277e-07,0.00011999999696854502
-7.200004938553024e-07,0.00011999999696854502
-7.100004939160771e-07,0.00011999999696854502
-7.000004939768518e-07,0.00011999999696854502
-6.900004940376265e-07,0.00011999999696854502
-6.800004940984012e-07,0.00011999999696854502
-6.70000494159176e-07,0.00011999999696854502
-6.600004942199507e-07,0.00011999999696854502
-6.500004942807254e-07,0.00011999999696854502
-6.400004943415001e-07,0.00011999999696854502
-6.300004944022748e-07,0.00011999999696854502
-6.200004944630495e-07,0.00011999999696854502
-6.100004945238242e-07,7.999999797903001e-05
-6.000004945845989e-07,0.00011999999696854502
-5.900004946453736e-07,0.00011999999696854502
-5.800004947061483e-07,0.00011999999696854502
-5.70000494766923e-07,0.00011999999696854502
-5.600004948276978e-07,0.00011999999696854502
-5.500004948884725e-07,0.00011999999696854502
-5.400004949492472e-07,7.999999797903001e-05
-5.300004950100219e-07,0.00011999999696854502
-5.200004950707966e-07,0.00011999999696854502
-5.100004951315713e-07,0.00011999999696854502
-5.00000495192346e-07,0.00011999999696854502
-4.900004952531207e-07,0.00011999999696854502
-4.800004953138954e-07,0.00011999999696854502
-4.7000049537467014e-07,0.00011999999696854502
-4.6000049543544485e-07,0.00011999999696854502
-4.5000049549621956e-07,0.00011999999696854502
-4.4000049555699427e-07,0.00011999999696854502
-4.30000495617769e-07,0.00011999999696854502
-4.200004956785437e-07,0.00011999999696854502
-4.100004957393184e-07,0.00011999999696854502
-4.000004958000931e-07,0.00011999999696854502
-3.900004958608678e-07,0.00011999999696854502
-3.8000049592164253e-07,0.00015999999595806003
-3.7000049598241724e-07,0.00011999999696854502
-3.6000049604319195e-07,0.00011999999696854502
-3.5000049610396666e-07,0.00011999999696854502
-3.4000049616474137e-07,0.00011999999696854502
-3.300004962255161e-07,0.00011999999696854502
-3.200004962862908e-07,0.00011999999696854502
-3.100004963470655e-07,0.00011999999696854502
-3.000004964078402e-07,0.00011999999696854502
-2.900004964686149e-07,0.00011999999696854502
-2.8000049652938963e-07,0.00011999999696854502
-2.7000049659016434e-07,0.00011999999696854502
-2.6000049665093905e-07,0.00011999999696854502
-2.5000049671171376e-07,0.00011999999696854502
-2.4000049677248847e-07,0.00011999999696854502
-2.3000049683326318e-07,0.00011999999696854502
-2.2000049689403789e-07,0.00011999999696854502
-2.100004969548126e-07,0.00011999999696854502
-2.000004970155873e-07,0.00011999999696854502
-1.9000049707636202e-07,0.00011999999696854502
-1.8000049713713673e-07,0.00011999999696854502
-1.7000049719791144e-07,0.00011999999696854502
-1.6000049725868614e-07,0.00011999999696854502
-1.5000049731946085e-07,0.00011999999696854502
-1.4000049738023556e-07,0.00011999999696854502
-1.3000049744101027e-07,0.00011999999696854502
-1.2000049750178498e-07,0.00011999999696854502
-1.1000049756255969e-07,0.00011999999696854502
-1.000004976233344e-07,0.00015999999595806003
-9.000049768410911e-08,0.00011999999696854502
-8.000049774488382e-08,7.999999797903001e-05
-7.000049780565853e-08,0.00011999999696854502
-6.000049786643324e-08,0.00011999999696854502
-5.000049792720795e-08,0.00011999999696854502
-4.000049798798266e-08,0.00011999999696854502
-3.000049804875737e-08,0.00011999999696854502
-2.000049810953208e-08,0.00011999999696854502
-1.000049817030679e-08,0.00011999999696854502
-4.98231081500107e-13,7.999999797903001e-05
9.99950170814379e-09,0.00015999999595806003
1.999950164736908e-08,0.00031999999191612005
2.999950158659437e-08,3.9999998989515007e-05
3.999950152581966e-08,-7.999999797903001e-05
4.999950146504495e-08,0.00011999999696854502
5.999950140427024e-08,0.00015999999595806003
6.999950134349553e-08,0.00023999999393709004
7.999950128272082e-08,0.00019999999494757503
8.999950122194611e-08,3.9999998989515007e-05
9.99995011611714e-08,3.9999998989515007e-05
1.0999950110039669e-07,0.00011999999696854502
1.1999950103962198e-07,0.00019999999494757503
1.2999950097884727e-07,0.00015999999595806003
1.3999950091807256e-07,7.999999797903001e-05
1.4999950085729785e-07,7.999999797903001e-05
1.5999950079652314e-07,0.00015999999595806003
1.6999950073574843e-07,0.00011999999696854502
1.7999950067497373e-07,7.999999797903001e-05
1.8999950061419902e-07,0.00011999999696854502
1.999995005534243e-07,0.00015999999595806003
2.099995004926496e-07,0.00015999999595806003
2.1999950043187489e-07,0.00011999999696854502
2.2999950037110018e-07,7.999999797903001e-05
2.3999950031032547e-07,0.00015999999595806003
2.4999950024955076e-07,0.00015999999595806003
2.5999950018877605e-07,7.999999797903001e-05
2.6999950012800134e-07,7.999999797903001e-05
2.7999950006722663e-07,0.00011999999696854502
2.899995000064519e-07,0.00015999999595806003
2.999994999456772e-07,0.00015999999595806003
3.099994998849025e-07,0.00011999999696854502
3.199994998241278e-07,7.999999797903001e-05
3.299994997633531e-07,0.00011999999696854502
3.3999949970257837e-07,0.00011999999696854502
3.4999949964180366e-07,0.00011999999696854502
3.5999949958102895e-07,0.00015999999595806003
3.6999949952025424e-07,0.00015999999595806003
3.7999949945947953e-07,0.00011999999696854502
3.899994993987048e-07,7.999999797903001e-05
3.999994993379301e-07,0.00011999999696854502
4.099994992771554e-07,0.00011999999696854502
4.199994992163807e-07,0.00011999999696854502
4.29999499155606e-07,0.00015999999595806003
4.3999949909483127e-07,0.00011999999696854502
4.4999949903405656e-07,7.999999797903001e-05
4.5999949897328185e-07,0.00011999999696854502
4.6999949891250714e-07,0.00011999999696854502
4.799994988517324e-07,0.00011999999696854502
4.899994987909577e-07,0.00011999999696854502
4.99999498730183e-07,0.00011999999696854502
5.099994986694083e-07,0.00011999999696854502
5.199994986086336e-07,0.00011999999696854502
5.299994985478589e-07,0.00011999999696854502
5.399994984870842e-07,0.00011999999696854502
5.499994984263095e-07,0.00011999999696854502
5.599994983655348e-07,0.00011999999696854502
5.6999949830476e-07,0.00011999999696854502
5.799994982439853e-07,7.999999797903001e-05
5.899994981832106e-07,0.00011999999696854502
5.999994981224359e-07,0.00011999999696854502
6.099994980616612e-07,0.00011999999696854502
6.199994980008865e-07,0.00011999999696854502
6.299994979401118e-07,0.00011999999696854502
6.399994978793371e-07,0.00011999999696854502
6.499994978185624e-07,0.00011999999696854502
6.599994977577877e-07,0.00011999999696854502
6.69999497697013e-07,0.00011999999696854502
6.799994976362382e-07,0.00015999999595806003
6.899994975754635e-07,0.00011999999696854502
6.999994975146888e-07,0.00011999999696854502
7.099994974539141e-07,0.00011999999696854502
7.199994973931394e-07,0.00015999999595806003
7.299994973323647e-07,0.00011999999696854502
7.3999949727159e-07,0.00011999999696854502
7.499994972108153e-07,0.00011999999696854502
7.599994971500406e-07,0.00015999999595806003
7.699994970892659e-07,0.00011999999696854502
7.799994970284911e-07,0.00011999999696854502
7.899994969677164e-07,0.00011999999696854502
7.999994969069417e-07,0.00015999999595806003
8.09999496846167e-07,0.00011999999696854502
8.199994967853923e-07,0.00011999999696854502
8.299994967246176e-07,0.00011999999696854502
8.399994966638429e-07,0.00015999999595806003
8.499994966030682e-07,0.00011999999696854502
8.599994965422935e-07,0.00011999999696854502
8.699994964815188e-07,0.00011999999696854502
8.79999496420744e-07,0.00015999999595806003
8.899994963599693e-07,0.00015999999595806003
8.999994962991946e-07,0.00015999999595806003
9.099994962384199e-07,0.00015999999595806003
9.199994961776452e-07,0.00015999999595806003
9.299994961168705e-07,0.00015999999595806003
9.399994960560958e-07,0.00015999999595806003
9.499994959953211e-07,0.00019999999494757503
9.599994959345464e-07,0.00019999999494757503
9.699994958737717e-07,0.00019999999494757503
9.79999495812997e-07,0.00019999999494757503
9.899994957522222e-07,0.00023999999393709004
9.999994956914475e-07,0.00023999999393709004
1.0099994956306728e-06,0.00027999999292660505
1.0199994955698981e-06,0.00027999999292660505
1.0299994955091234e-06,0.00031999999191612005
1.0399994954483487e-06,0.00035999999090563506
1.049999495387574e-06,0.00035999999090563506
1.0599994953267993e-06,0.00039999998989515007
1.0699994952660246e-06,0.00043999998888466507
1.0799994952052499e-06,0.0005199999868636951
1.0899994951444751e-06,0.0005599999858532101
1.0999994950837004e-06,0.0005599999858532101
1.1099994950229257e-06,0.0006399999838322401
1.119999494962151e-06,0.0006799999828217551
1.1299994949013763e-06,0.0007199999818112701
1.1399994948406016e-06,0.0007599999808007851
1.1499994947798269e-06,0.0008399999787798151
1.1599994947190522e-06,0.0008799999777693301
1.1699994946582775e-06,0.0009199999767588452
1.1799994945975028e-06,0.0009599999757483602
1.189999494536728e-06,0.0010399999737273902
1.1999994944759533e-06,0.0010399999737273902
1.2099994944151786e-06,0.0010799999727169052
1.219999494354404e-06,0.0011199999717064202
1.2299994942936292e-06,0.0011599999706959352
1.2399994942328545e-06,0.0012399999686749652
1.2499994941720798e-06,0.0012399999686749652
1.259999494111305e-06,0.0012799999676644802
1.2699994940505304e-06,0.0012799999676644802
1.2799994939897557e-06,0.0013199999666539952
1.289999493928981e-06,0.0013199999666539952
1.2999994938682062e-06,0.0013599999656435102
1.3099994938074315e-06,0.0013599999656435102
1.3199994937466568e-06,0.0013599999656435102
1.3299994936858821e-06,0.0013999999646330252
1.3399994936251074e-06,0.0013599999656435102
1.3499994935643327e-06,0.0013599999656435102
1.359999493503558e-06,0.0013599999656435102
1.3699994934427833e-06,0.0013999999646330252
1.3799994933820086e-06,0.0013599999656435102
1.3899994933212339e-06,0.0013199999666539952
1.3999994932604591e-06,0.0013599999656435102
1.4099994931996844e-06,0.0013199999666539952
1.4199994931389097e-06,0.0012799999676644802
1.429999493078135e-06,0.0012399999686749652
1.4399994930173603e-06,0.0011999999696854502
1.4499994929565856e-06,0.0011999999696854502
1.4599994928958109e-06,0.0011199999717064202
1.4699994928350362e-06,0.0010799999727169052
1.4799994927742615e-06,0.0010399999737273902
1.4899994927134868e-06,0.0010399999737273902
1.499999492652712e-06,0.0009599999757483602
1.5099994925919373e-06,0.0009199999767588452
1.5199994925311626e-06,0.0008799999777693301
1.529999492470388e-06,0.0008399999787798151
1.5399994924096132e-06,0.0007599999808007851
1.5499994923488385e-06,0.0007199999818112701
1.5599994922880638e-06,0.0006399999838322401
1.569999492227289e-06,0.0005999999848427251
1.5799994921665144e-06,0.0005599999858532101
1.5899994921057397e-06,0.0004799999878741801
1.599999492044965e-06,0.0004799999878741801
1.6099994919841902e-06,0.00043999998888466507
1.6199994919234155e-06,0.00039999998989515007
1.6299994918626408e-06,0.00035999999090563506
1.6399994918018661e-06,0.00031999999191612005
1.6499994917410914e-06,0.00031999999191612005
1.6599994916803167e-06,0.00027999999292660505
1.669999491619542e-06,0.00023999999393709004
1.6799994915587673e-06,0.00023999999393709004
1.6899994914979926e-06,0.00023999999393709004
1.6999994914372178e-06,0.00019999999494757503
1.7099994913764431e-06,0.00019999999494757503
1.7199994913156684e-06,0.00019999999494757503
1.7299994912548937e-06,0.00019999999494757503
1.739999491194119e-06,0.00015999999595806003
1.7499994911333443e-06,0.00015999999595806003
1.7599994910725696e-06,0.00015999999595806003
1.7699994910117949e-06,0.00015999999595806003
1.7799994909510202e-06,0.00015999999595806003
1.7899994908902455e-06,0.00011999999696854502
1.7999994908294708e-06,0.00015999999595806003
1.809999490768696e-06,0.00011999999696854502
1.8199994907079213e-06,0.00015999999595806003
1.8299994906471466e-06,0.00015999999595806003
1.839999490586372e-06,0.00011999999696854502
1.8499994905255972e-06,0.00015999999595806003
1.8599994904648225e-06,0.00011999999696854502
1.8699994904040478e-06,0.00011999999696854502
1.879999490343273e-06,0.00011999999696854502
1.8899994902824984e-06,0.00015999999595806003
1.8999994902217237e-06,0.00011999999696854502
1.909999490160949e-06,0.00011999999696854502
1.9199994901001742e-06,0.00011999999696854502
1.9299994900393995e-06,0.00015999999595806003
1.939999489978625e-06,0.00011999999696854502
1.94999948991785e-06,0.00011999999696854502
1.9599994898570754e-06,0.00011999999696854502
1.9699994897963007e-06,0.00011999999696854502
1.979999489735526e-06,0.00011999999696854502
1.9899994896747513e-06,0.00011999999696854502
1.9999994896139766e-06,0.00011999999696854502
2.009999489553202e-06,0.00011999999696854502
2.019999489492427e-06,0.00011999999696854502
2.0299994894316524e-06,0.00011999999696854502
2.0399994893708777e-06,7.999999797903001e-05
2.049999489310103e-06,0.00011999999696854502
2.0599994892493283e-06,0.00015999999595806003
2.0699994891885536e-06,0.00011999999696854502
2.079999489127779e-06,0.00011999999696854502
2.089999489067004e-06,0.00011999999696854502
2.0999994890062295e-06,0.00011999999696854502
2.1099994889454548e-06,0.00011999999696854502
2.11999948888468e-06,0.00011999999696854502
2.1299994888239053e-06,0.00011999999696854502
2.1399994887631306e-06,0.00011999999696854502
2.149999488702356e-06,0.00011999999696854502
2.159999488641581e-06,7.999999797903001e-05
2.1699994885808065e-06,0.00011999999696854502
2.1799994885200318e-06,0.00011999999696854502
2.189999488459257e-06,0.00011999999696854502
2.1999994883984824e-06,0.00011999999696854502
2.2099994883377077e-06,0.00011999999696854502
2.219999488276933e-06,0.00011999999696854502
2.2299994882161582e-06,0.00011999999696854502
2.2399994881553835e-06,0.00011999999696854502
2.249999488094609e-06,0.00011999999696854502
2.259999488033834e-06,0.00011999999696854502
2.2699994879730594e-06,0.00011999999696854502
2.2799994879122847e-06,0.00011999999696854502
2.28999948785151e-06,0.00011999999696854502
2.2999994877907353e-06,0.00011999999696854502
2.3099994877299606e-06,0.00011999999696854502
2.319999487669186e-06,0.00011999999696854502
2.329999487608411e-06,0.00011999999696854502
2.3399994875476364e-06,0.00011999999696854502
2.3499994874868617e-06,0.00011999999696854502
2.359999487426087e-06,0.00011999999696854502
2.3699994873653123e-06,0.00011999999696854502
2.3799994873045376e-06,0.00011999999696854502
2.389999487243763e-06,0.00011999999696854502
2.399999487182988e-06,0.00011999999696854502
2.4099994871222135e-06,0.00011999999696854502
2.4199994870614388e-06,0.00011999999696854502
2.429999487000664e-06,0.00011999999696854502
2.4399994869398893e-06,0.00011999999696854502
2.4499994868791146e-06,0.00011999999696854502
2.45999948681834e-06,0.00011999999696854502
2.469999486757565e-06,0.00011999999696854502
2.4799994866967905e-06,0.00011999999696854502
2.4899994866360158e-06,0.00011999999696854502
2.499999486575241e-06,0.00011999999696854502
2.5099994865144664e-06,0.00011999999696854502
2.5199994864536917e-06,0.00011999999696854502
2.529999486392917e-06,0.00011999999696854502
2.5399994863321422e-06,0.00011999999696854502
2.5499994862713675e-06,0.00011999999696854502
2.559999486210593e-06,0.00011999999696854502
2.569999486149818e-06,0.00011999999696854502
2.5799994860890434e-06,0.00011999999696854502
2.5899994860282687e-06,0.00011999999696854502
2.599999485967494e-06,0.00011999999696854502
2.6099994859067193e-06,0.00011999999696854502
2.6199994858459446e-06,0.00011999999696854502
2.62999948578517e-06,0.00011999999696854502
2.639999485724395e-06,0.00011999999696854502
2.6499994856636204e-06,0.00011999999696854502
2.6599994856028457e-06,0.00011999999696854502
2.669999485542071e-06,0.00011999999696854502
2.6799994854812963e-06,0.00011999999696854502
2.6899994854205216e-06,7.999999797903001e-05
2.699999485359747e-06,0.00011999999696854502
2.709999485298972e-06,0.00011999999696854502
2.7199994852381975e-06,0.00011999999696854502
2.7299994851774227e-06,0.00011999999696854502
2.739999485116648e-06,0.00011999999696854502
2.7499994850558733e-06,0.00015999999595806003
2.7599994849950986e-06,0.00011999999696854502
2.769999484934324e-06,0.00011999999696854502
2.779999484873549e-06,0.00011999999696854502
2.7899994848127745e-06,0.00011999999696854502
2.7999994847519998e-06,0.00011999999696854502
2.809999484691225e-06,0.00011999999696854502
2.8199994846304504e-06,0.00011999999696854502
2.8299994845696757e-06,0.00015999999595806003
2.839999484508901e-06,0.00011999999696854502
2.8499994844481262e-06,0.00011999999696854502
2.8599994843873515e-06,0.00011999999696854502
2.869999484326577e-06,0.00011999999696854502
2.879999484265802e-06,0.00011999999696854502
2.8899994842050274e-06,0.00011999999696854502
2.8999994841442527e-06,0.00011999999696854502
2.909999484083478e-06,0.00011999999696854502
2.9199994840227033e-06,0.00011999999696854502
2.9299994839619286e-06,0.00011999999696854502
2.939999483901154e-06,0.00011999999696854502
2.949999483840379e-06,0.00011999999696854502
2.9599994837796044e-06,0.00011999999696854502
2.9699994837188297e-06,0.00011999999696854502
2.979999483658055e-06,0.00011999999696854502
2.9899994835972803e-06,0.00011999999696854502
2.9999994835365056e-06,0.00015999999595806003
3.009999483475731e-06,0.00011999999696854502
3.019999483414956e-06,7.999999797903001e-05
3.0299994833541815e-06,7.999999797903001e-05
3.0399994832934067e-06,0.00011999999696854502
3.049999483232632e-06,0.00011999999696854502
3.0599994831718573e-06,0.00011999999696854502
3.0699994831110826e-06,0.00011999999696854502
3.079999483050308e-06,0.00011999999696854502
3.089999482989533e-06,0.00011999999696854502
3.0999994829287585e-06,0.00011999999696854502
3.1099994828679838e-06,0.00011999999696854502
3.119999482807209e-06,0.00011999999696854502
3.1299994827464344e-06,0.00011999999696854502
3.1399994826856597e-06,0.00011999999696854502
3.149999482624885e-06,0.00011999999696854502
3.1599994825641102e-06,0.00011999999696854502
3.1699994825033355e-06,0.00011999999696854502
3.179999482442561e-06,0.00011999999696854502
3.189999482381786e-06,0.00011999999696854502
3.1999994823210114e-06,0.00011999999696854502
3.2099994822602367e-06,0.00011999999696854502
3.219999482199462e-06,0.00011999999696854502
3.2299994821386873e-06,0.00011999999696854502
3.2399994820779126e-06,0.00015999999595806003
3.249999482017138e-06,0.00011999999696854502
3.259999481956363e-06,0.00011999999696854502
3.2699994818955884e-06,0.00011999999696854502
3.2799994818348137e-06,0.00011999999696854502
3.289999481774039e-06,0.00011999999696854502
3.2999994817132643e-06,7.999999797903001e-05
3.3099994816524896e-06,0.00011999999696854502
3.319999481591715e-06,0.00011999999696854502
3.32999948153094e-06,0.00011999999696854502
3.3399994814701655e-06,0.00011999999696854502
3.3499994814093907e-06,0.00011999999696854502
3.359999481348616e-06,0.00011999999696854502
3.3699994812878413e-06,0.00011999999696854502
3.3799994812270666e-06,0.00011999999696854502
3.389999481166292e-06,0.00011999999696854502
3.399999481105517e-06,0.00011999999696854502
3.4099994810447425e-06,0.00011999999696854502
3.4199994809839678e-06,0.00011999999696854502
3.429999480923193e-06,0.00011999999696854502
3.4399994808624184e-06,0.00011999999696854502
3.4499994808016437e-06,0.00011999999696854502
3.459999480740869e-06,7.999999797903001e-05
3.4699994806800942e-06,0.00011999999696854502
3.4799994806193195e-06,0.00011999999696854502
3.489999480558545e-06,0.00011999999696854502
3.49999948049777e-06,0.00011999999696854502
3.5099994804369954e-06,0.00011999999696854502
3.5199994803762207e-06,0.00011999999696854502
3.529999480315446e-06,0.00011999999696854502
3.5399994802546713e-06,0.00011999999696854502
3.5499994801938966e-06,0.00011999999696854502
3.559999480133122e-06,0.00011999999696854502
3.569999480072347e-06,0.00011999999696854502
3.5799994800115724e-06,0.00011999999696854502
3.5899994799507977e-06,0.00011999999696854502
3.599999479890023e-06,0.00011999999696854502
3.6099994798292483e-06,0.00015999999595806003
3.6199994797684736e-06,0.00011999999696854502
3.629999479707699e-06,0.00011999999696854502
3.639999479646924e-06,0.00011999999696854502
3.6499994795861495e-06,0.00011999999696854502
3.6599994795253747e-06,0.00011999999696854502
3.6699994794646e-06,7.999999797903001e-05
3.6799994794038253e-06,0.00011999999696854502
3.6899994793430506e-06,0.00011999999696854502
3.699999479282276e-06,0.00011999999696854502
3.709999479221501e-06,0.00011999999696854502
3.7199994791607265e-06,0.00011999999696854502
3.7299994790999518e-06,0.00011999999696854502
3.739999479039177e-06,0.00011999999696854502
3.7499994789784024e-06,0.00011999999696854502
3.7599994789176276e-06,0.00011999999696854502
3.769999478856853e-06,0.00011999999696854502
3.7799994787960782e-06,0.00011999999696854502
3.7899994787353035e-06,0.00011999999696854502
3.799999478674529e-06,0.00011999999696854502
3.809999478613754e-06,0.00011999999696854502
3.819999478552979e-06,0.00011999999696854502
3.829999478492205e-06,0.00011999999696854502
3.83999947843143e-06,0.00011999999696854502
3.849999478370655e-06,0.00011999999696854502
3.8599994783098806e-06,0.00011999999696854502
3.869999478249106e-06,0.00011999999696854502
3.879999478188331e-06,0.00011999999696854502
3.889999478127556e-06,0.00011999999696854502
3.899999478066782e-06,0.00011999999696854502
3.909999478006007e-06,7.999999797903001e-05
3.919999477945232e-06,0.00011999999696854502
3.929999477884458e-06,0.00011999999696854502
3.939999477823683e-06,0.00011999999696854502
3.949999477762908e-06,0.00011999999696854502
3.9599994777021335e-06,0.00011999999696854502
3.969999477641359e-06,0.00011999999696854502
3.979999477580584e-06,0.00011999999696854502
3.989999477519809e-06,0.00011999999696854502
3.999999477459035e-06,0.00011999999696854502
4.00999947739826e-06,0.00011999999696854502
4.019999477337485e-06,0.00011999999696854502
4.0299994772767105e-06,0.00011999999696854502
4.039999477215936e-06,0.00011999999696854502
4.049999477155161e-06,0.00015999999595806003
4.059999477094386e-06,0.00011999999696854502
4.069999477033612e-06,0.00011999999696854502
4.079999476972837e-06,0.00011999999696854502
4.089999476912062e-06,0.00011999999696854502
4.0999994768512875e-06,0.00011999999696854502
4.109999476790513e-06,0.00011999999696854502
4.119999476729738e-06,0.00011999999696854502
4.129999476668963e-06,0.00015999999595806003
4.139999476608189e-06,0.00011999999696854502
4.149999476547414e-06,0.00011999999696854502
4.159999476486639e-06,0.00011999999696854502
4.1699994764258646e-06,0.00011999999696854502
4.17999947636509e-06,0.00011999999696854502
4.189999476304315e-06,0.00011999999696854502
4.19999947624354e-06,0.00011999999696854502
4.209999476182766e-06,0.00011999999696854502
4.219999476121991e-06,0.00011999999696854502
4.229999476061216e-06,0.00011999999696854502
4.239999476000442e-06,0.00011999999696854502
4.249999475939667e-06,0.00011999999696854502
4.259999475878892e-06,0.00011999999696854502
4.2699994758181175e-06,0.00011999999696854502
4.279999475757343e-06,0.00011999999696854502
4.289999475696568e-06,0.00011999999696854502
4.299999475635793e-06,0.00011999999696854502
4.309999475575019e-06,0.00011999999696854502
4.319999475514244e-06,0.00011999999696854502
4.329999475453469e-06,0.00011999999696854502
4.3399994753926945e-06,0.00011999999696854502
4.34999947533192e-06,0.00011999999696854502
4.359999475271145e-06,0.00011999999696854502
4.36999947521037e-06,0.00011999999696854502
4.379999475149596e-06,0.00011999999696854502
4.389999475088821e-06,0.00011999999696854502
4.399999475028046e-06,7.999999797903001e-05
4.4099994749672715e-06,0.00011999999696854502
4.419999474906497e-06,0.00011999999696854502
4.429999474845722e-06,0.00011999999696854502
4.439999474784947e-06,0.00011999999696854502
4.449999474724173e-06,0.00011999999696854502
4.459999474663398e-06,0.00011999999696854502
4.469999474602623e-06,0.00011999999696854502
4.4799994745418486e-06,0.00011999999696854502
4.489999474481074e-06,0.00011999999696854502
4.499999474420299e-06,0.00011999999696854502
4.509999474359524e-06,0.00015999999595806003
4.51999947429875e-06,0.00011999999696854502
4.529999474237975e-06,0.00011999999696854502
4.5399994741772e-06,0.00011999999696854502
4.549999474116426e-06,0.00011999999696854502
4.559999474055651e-06,0.00011999999696854502
4.569999473994876e-06,0.00011999999696854502
4.5799994739341015e-06,0.00011999999696854502
4.589999473873327e-06,0.00011999999696854502
4.599999473812552e-06,0.00011999999696854502
4.609999473751777e-06,0.00011999999696854502
4.619999473691003e-06,0.00011999999696854502
4.629999473630228e-06,0.00011999999696854502
4.639999473569453e-06,0.00011999999696854502
4.6499994735086785e-06,0.00011999999696854502
4.659999473447904e-06,0.00011999999696854502
4.669999473387129e-06,0.00011999999696854502
4.679999473326354e-06,0.00011999999696854502
4.68999947326558e-06,0.00011999999696854502
4.699999473204805e-06,0.00011999999696854502
4.70999947314403e-06,0.00011999999696854502
4.7199994730832555e-06,0.00011999999696854502
4.729999473022481e-06,7.999999797903001e-05
4.739999472961706e-06,0.00011999999696854502
4.749999472900931e-06,0.00011999999696854502
4.759999472840157e-06,0.00011999999696854502
4.769999472779382e-06,0.00011999999696854502
4.779999472718607e-06,0.00015999999595806003
4.7899994726578325e-06,0.00011999999696854502
4.799999472597058e-06,0.00011999999696854502
4.809999472536283e-06,0.00011999999696854502
4.819999472475508e-06,0.00011999999696854502
4.829999472414734e-06,0.00011999999696854502
4.839999472353959e-06,0.00011999999696854502
4.849999472293184e-06,0.00011999999696854502
4.85999947223241e-06,0.00011999999696854502
4.869999472171635e-06,0.00011999999696854502
4.87999947211086e-06,0.00011999999696854502
4.8899994720500855e-06,0.00011999999696854502
4.899999471989311e-06,0.00011999999696854502
4.909999471928536e-06,0.00011999999696854502
4.919999471867761e-06,0.00011999999696854502
4.929999471806987e-06,0.00011999999696854502
4.939999471746212e-06,0.00011999999696854502
4.949999471685437e-06,0.00015999999595806003
4.9599994716246625e-06,0.00011999999696854502
4.969999471563888e-06,0.00011999999696854502
4.979999471503113e-06,0.00011999999696854502
4.989999471442338e-06,0.00011999999696854502
4.999999471381564e-06,0.00011999999696854502
5.009999471320789e-06,0.00011999999696854502
5.019999471260014e-06,0.00011999999696854502
5.0299994711992395e-06,0.00011999999696854502
5.039999471138465e-06,0.00011999999696854502
5.04999947107769e-06,0.00011999999696854502
5.059999471016915e-06,7.999999797903001e-05
5.069999470956141e-06,0.00011999999696854502
5.079999470895366e-06,0.00011999999696854502
5.089999470834591e-06,0.00011999999696854502
5.0999994707738165e-06,0.00011999999696854502
5.109999470713042e-06,0.00011999999696854502
5.119999470652267e-06,0.00011999999696854502
5.129999470591492e-06,0.00011999999696854502
5.139999470530718e-06,0.00011999999696854502
5.149999470469943e-06,0.00011999999696854502
5.159999470409168e-06,0.00015999999595806003
5.169999470348394e-06,0.00011999999696854502
5.179999470287619e-06,0.00011999999696854502
5.189999470226844e-06,0.00011999999696854502
5.1999994701660695e-06,0.00011999999696854502
5.209999470105295e-06,0.00011999999696854502
5.21999947004452e-06,0.00011999999696854502
5.229999469983745e-06,0.00011999999696854502
5.239999469922971e-06,0.00011999999696854502
5.249999469862196e-06,0.00011999999696854502
5.259999469801421e-06,0.00011999999696854502
5.2699994697406465e-06,0.00011999999696854502
5.279999469679872e-06,0.00011999999696854502
5.289999469619097e-06,0.00011999999696854502
5.299999469558322e-06,7.999999797903001e-05
5.309999469497548e-06,0.00011999999696854502
5.319999469436773e-06,0.00015999999595806003
5.329999469375998e-06,0.00011999999696854502
5.3399994693152235e-06,0.00011999999696854502
5.349999469254449e-06,0.00011999999696854502
5.359999469193674e-06,0.00011999999696854502
5.369999469132899e-06,0.00011999999696854502
5.379999469072125e-06,0.00011999999696854502
5.38999946901135e-06,0.00011999999696854502
5.399999468950575e-06,0.00011999999696854502
5.4099994688898005e-06,0.00011999999696854502
5.419999468829026e-06,0.00011999999696854502
5.429999468768251e-06,0.00011999999696854502
5.439999468707476e-06,0.00011999999696854502
5.449999468646702e-06,0.00015999999595806003
5.459999468585927e-06,0.00011999999696854502
5.469999468525152e-06,0.00011999999696854502
5.479999468464378e-06,0.00011999999696854502
5.489999468403603e-06,0.00011999999696854502
5.499999468342828e-06,0.00011999999696854502
5.5099994682820535e-06,0.00011999999696854502
5.519999468221279e-06,0.00011999999696854502
5.529999468160504e-06,0.00011999999696854502
5.539999468099729e-06,0.00011999999696854502
5.549999468038955e-06,0.00011999999696854502
5.55999946797818e-06,0.00011999999696854502
5.569999467917405e-06,0.00011999999696854502
5.5799994678566305e-06,0.00011999999696854502
5.589999467795856e-06,0.00011999999696854502
5.599999467735081e-06,0.00011999999696854502
5.609999467674306e-06,0.00011999999696854502
5.619999467613532e-06,0.00011999999696854502
5.629999467552757e-06,0.00011999999696854502
5.639999467491982e-06,0.00011999999696854502
5.6499994674312075e-06,0.00011999999696854502
5.659999467370433e-06,7.999999797903001e-05
5.669999467309658e-06,0.00011999999696854502
5.679999467248883e-06,0.00011999999696854502
5.689999467188109e-06,0.00011999999696854502
5.699999467127334e-06,0.00011999999696854502
5.709999467066559e-06,7.999999797903001e-05
5.7199994670057845e-06,0.00011999999696854502
5.72999946694501e-06,0.00011999999696854502
5.739999466884235e-06,0.00011999999696854502
5.74999946682346e-06,0.00011999999696854502
5.759999466762686e-06,0.00011999999696854502
5.769999466701911e-06,0.00011999999696854502
5.779999466641136e-06,0.00011999999696854502
5.789999466580362e-06,0.00011999999696854502
5.799999466519587e-06,0.00011999999696854502
5.809999466458812e-06,0.00011999999696854502
5.8199994663980374e-06,0.00011999999696854502
5.829999466337263e-06,0.00011999999696854502
5.839999466276488e-06,0.00011999999696854502
5.849999466215713e-06,0.00011999999696854502
5.859999466154939e-06,0.00011999999696854502
5.869999466094164e-06,0.00011999999696854502
5.879999466033389e-06,0.00011999999696854502
5.8899994659726145e-06,0.00011999999696854502
5.89999946591184e-06,0.00011999999696854502
5.909999465851065e-06,0.00011999999696854502
5.91999946579029e-06,0.00011999999696854502
5.929999465729516e-06,0.00011999999696854502
5.939999465668741e-06,0.00011999999696854502
5.949999465607966e-06,0.00011999999696854502
5.9599994655471915e-06,0.00011999999696854502
5.969999465486417e-06,0.00011999999696854502
5.979999465425642e-06,0.00011999999696854502
5.989999465364867e-06,0.00011999999696854502
5.999999465304093e-06,0.00011999999696854502
6.009999465243318e-06,0.00011999999696854502
6.019999465182543e-06,0.00011999999696854502
6.0299994651217685e-06,0.00011999999696854502
6.039999465060994e-06,0.00011999999696854502
6.049999465000219e-06,0.00011999999696854502
6.059999464939444e-06,0.00011999999696854502
6.06999946487867e-06,0.00011999999696854502
6.079999464817895e-06,0.00011999999696854502
6.08999946475712e-06,0.00011999999696854502
6.099999464696346e-06,0.00011999999696854502
6.109999464635571e-06,0.00011999999696854502
6.119999464574796e-06,0.00011999999696854502
6.1299994645140214e-06,0.00011999999696854502
6.139999464453247e-06,0.00011999999696854502
6.149999464392472e-06,7.999999797903001e-05
6.159999464331697e-06,0.00011999999696854502
6.169999464270923e-06,0.00011999999696854502
6.179999464210148e-06,0.00011999999696854502
6.189999464149373e-06,0.00011999999696854502
6.1999994640885985e-06,0.00011999999696854502
6.209999464027824e-06,0.00011999999696854502
6.219999463967049e-06,0.00011999999696854502
6.229999463906274e-06,0.00011999999696854502
6.2399994638455e-06,0.00011999999696854502
6.249999463784725e-06,0.00015999999595806003
6.25999946372395e-06,0.00011999999696854502
6.2699994636631755e-06,7.999999797903001e-05
6.279999463602401e-06,0.00011999999696854502
6.289999463541626e-06,0.00011999999696854502
6.299999463480851e-06,0.00011999999696854502
6.309999463420077e-06,7.999999797903001e-05
6.319999463359302e-06,0.00011999999696854502
6.329999463298527e-06,0.00011999999696854502
6.3399994632377525e-06,0.00011999999696854502
6.349999463176978e-06,0.00011999999696854502
6.359999463116203e-06,0.00011999999696854502
6.369999463055428e-06,0.00011999999696854502
6.379999462994654e-06,0.00011999999696854502
6.389999462933879e-06,0.00011999999696854502
6.399999462873104e-06,7.999999797903001e-05
6.4099994628123296e-06,0.00011999999696854502
6.419999462751555e-06,0.00011999999696854502
6.42999946269078e-06,0.00011999999696854502
6.4399994626300054e-06,7.999999797903001e-05
6.449999462569231e-06,0.00011999999696854502
6.459999462508456e-06,0.00011999999696854502
6.469999462447681e-06,0.00011999999696854502
6.479999462386907e-06,0.00011999999696854502
6.489999462326132e-06,0.00011999999696854502
6.499999462265357e-06,0.00011999999696854502
6.5099994622045825e-06,0.00011999999696854502
6.519999462143808e-06,7.999999797903001e-05
6.529999462083033e-06,0.00011999999696854502
6.539999462022258e-06,0.00015999999595806003
6.549999461961484e-06,0.00011999999696854502
6.559999461900709e-06,7.999999797903001e-05
6.569999461839934e-06,0.00011999999696854502
6.5799994617791595e-06,0.00011999999696854502
6.589999461718385e-06,0.00011999999696854502
6.59999946165761e-06,0.00011999999696854502
6.609999461596835e-06,0.00011999999696854502
6.619999461536061e-06,0.00011999999696854502
6.629999461475286e-06,0.00011999999696854502
6.639999461414511e-06,0.00011999999696854502
6.6499994613537365e-06,0.00011999999696854502
6.659999461292962e-06,0.00011999999696854502
6.669999461232187e-06,0.00011999999696854502
6.679999461171412e-06,0.00011999999696854502
6.689999461110638e-06,0.00011999999696854502
6.699999461049863e-06,0.00011999999696854502
6.709999460989088e-06,0.00011999999696854502
6.7199994609283136e-06,0.00011999999696854502
6.729999460867539e-06,0.00011999999696854502
6.739999460806764e-06,0.00011999999696854502
6.7499994607459894e-06,0.00011999999696854502
6.759999460685215e-06,0.00011999999696854502
6.76999946062444e-06,0.00011999999696854502
6.779999460563665e-06,0.00011999999696854502
6.789999460502891e-06,0.00011999999696854502
6.799999460442116e-06,7.999999797903001e-05
6.809999460381341e-06,7.999999797903001e-05
6.8199994603205665e-06,0.00011999999696854502
6.829999460259792e-06,0.00011999999696854502
6.839999460199017e-06,0.00011999999696854502
6.849999460138242e-06,0.00011999999696854502
6.859999460077468e-06,0.00011999999696854502
6.869999460016693e-06,0.00011999999696854502
6.879999459955918e-06,0.00011999999696854502
6.8899994598951435e-06,0.00011999999696854502
6.899999459834369e-06,0.00011999999696854502
6.909999459773594e-06,0.00011999999696854502
6.919999459712819e-06,0.00011999999696854502
6.929999459652045e-06,7.999999797903001e-05
6.93999945959127e-06,0.00011999999696854502
6.949999459530495e-06,0.00011999999696854502
6.9599994594697205e-06,0.00011999999696854502
6.969999459408946e-06,0.00011999999696854502
6.979999459348171e-06,0.00011999999696854502
6.989999459287396e-06,0.00011999999696854502
6.999999459226622e-06,0.00011999999696854502
7.009999459165847e-06,0.00011999999696854502
7.019999459105072e-06,0.00011999999696854502
7.0299994590442976e-06,0.00011999999696854502
7.039999458983523e-06,7.999999797903001e-05
7.049999458922748e-06,7.999999797903001e-05
7.0599994588619734e-06,0.00011999999696854502
7.069999458801199e-06,0.00011999999696854502
7.079999458740424e-06,0.00011999999696854502
7.089999458679649e-06,0.00011999999696854502
7.099999458618875e-06,0.00011999999696854502
7.1099994585581e-06,0.00011999999696854502
7.119999458497325e-06,0.00011999999696854502
7.1299994584365505e-06,0.00011999999696854502
7.139999458375776e-06,0.00011999999696854502
7.149999458315001e-06,0.00011999999696854502
7.159999458254226e-06,0.00011999999696854502
7.169999458193452e-06,0.00011999999696854502
7.179999458132677e-06,0.00011999999696854502
7.189999458071902e-06,0.00011999999696854502
7.1999994580111275e-06,0.00011999999696854502
7.209999457950353e-06,0.00011999999696854502
7.219999457889578e-06,0.00011999999696854502
7.229999457828803e-06,0.00011999999696854502
7.239999457768029e-06,0.00011999999696854502
7.249999457707254e-06,0.00011999999696854502
7.259999457646479e-06,7.999999797903001e-05
7.2699994575857045e-06,0.00011999999696854502
7.27999945752493e-06,0.00011999999696854502
7.289999457464155e-06,0.00011999999696854502
7.29999945740338e-06,0.00011999999696854502
7.309999457342606e-06,0.00011999999696854502
7.319999457281831e-06,0.00011999999696854502
7.329999457221056e-06,0.00011999999696854502
7.3399994571602816e-06,0.00011999999696854502
7.349999457099507e-06,0.00011999999696854502
7.359999457038732e-06,0.00011999999696854502
7.3699994569779574e-06,0.00011999999696854502
7.379999456917183e-06,7.999999797903001e-05
7.389999456856408e-06,0.00011999999696854502
7.399999456795633e-06,0.00015999999595806003
7.409999456734859e-06,0.00011999999696854502
7.419999456674084e-06,0.00011999999696854502
7.429999456613309e-06,0.00011999999696854502
7.4399994565525345e-06,0.00011999999696854502
7.44999945649176e-06,0.00011999999696854502
7.459999456430985e-06,0.00011999999696854502
7.46999945637021e-06,0.00011999999696854502
7.479999456309436e-06,0.00011999999696854502
7.489999456248661e-06,0.00011999999696854502
7.499999456187886e-06,0.00011999999696854502
7.5099994561271115e-06,0.00011999999696854502
7.519999456066337e-06,0.00015999999595806003
7.529999456005562e-06,0.00011999999696854502
7.539999455944787e-06,7.999999797903001e-05
7.549999455884013e-06,0.00011999999696854502
7.559999455823238e-06,0.00011999999696854502
7.569999455762463e-06,0.00011999999696854502
7.5799994557016885e-06,0.00011999999696854502
7.589999455640914e-06,0.00011999999696854502
7.599999455580139e-06,0.00011999999696854502
7.609999455519364e-06,0.00011999999696854502
7.61999945545859e-06,0.00011999999696854502
7.629999455397815e-06,0.00011999999696854502
7.63999945533704e-06,0.00011999999696854502
7.649999455276266e-06,0.00011999999696854502
7.659999455215491e-06,7.999999797903001e-05
7.669999455154716e-06,0.00011999999696854502
7.679999455093941e-06,0.00011999999696854502
7.689999455033167e-06,0.00011999999696854502
7.699999454972392e-06,0.00011999999696854502
7.709999454911617e-06,0.00011999999696854502
7.719999454850843e-06,0.00011999999696854502
7.729999454790068e-06,0.00011999999696854502
7.739999454729293e-06,0.00011999999696854502
7.749999454668518e-06,0.00011999999696854502
7.759999454607744e-06,0.00011999999696854502
7.769999454546969e-06,0.00011999999696854502
7.779999454486194e-06,0.00011999999696854502
7.78999945442542e-06,0.00011999999696854502
7.799999454364645e-06,0.00011999999696854502
7.80999945430387e-06,0.00011999999696854502
7.819999454243096e-06,0.00011999999696854502
7.82999945418232e-06,0.00011999999696854502
7.839999454121546e-06,0.00011999999696854502
7.849999454060771e-06,0.00011999999696854502
7.859999453999997e-06,0.00011999999696854502
7.869999453939222e-06,0.00011999999696854502
7.879999453878447e-06,0.00011999999696854502
7.889999453817673e-06,0.00011999999696854502
7.899999453756898e-06,0.00011999999696854502
7.909999453696123e-06,0.00011999999696854502
7.919999453635348e-06,0.00011999999696854502
7.929999453574574e-06,0.00011999999696854502
7.939999453513799e-06,7.999999797903001e-05
7.949999453453024e-06,0.00011999999696854502
7.95999945339225e-06,0.00011999999696854502
7.969999453331475e-06,0.00011999999696854502
7.9799994532707e-06,0.00011999999696854502
7.989999453209925e-06,0.00011999999696854502
7.99999945314915e-06,0.00011999999696854502
8.009999453088376e-06,0.00011999999696854502
8.019999453027601e-06,0.00011999999696854502
8.029999452966827e-06,0.00011999999696854502
8.039999452906052e-06,0.00011999999696854502
8.049999452845277e-06,0.00011999999696854502
8.059999452784502e-06,0.00011999999696854502
8.069999452723728e-06,0.00011999999696854502
8.079999452662953e-06,0.00011999999696854502
8.089999452602178e-06,0.00011999999696854502
8.099999452541404e-06,0.00011999999696854502
8.109999452480629e-06,0.00011999999696854502
8.119999452419854e-06,0.00011999999696854502
8.12999945235908e-06,0.00011999999696854502
8.139999452298305e-06,0.00011999999696854502
8.14999945223753e-06,0.00011999999696854502
8.159999452176755e-06,0.00011999999696854502
8.16999945211598e-06,0.00011999999696854502
8.179999452055206e-06,0.00011999999696854502
8.189999451994431e-06,0.00011999999696854502
8.199999451933657e-06,0.00011999999696854502
8.209999451872882e-06,0.00011999999696854502
8.219999451812107e-06,0.00011999999696854502
8.229999451751332e-06,0.00011999999696854502
8.239999451690558e-06,0.00011999999696854502
8.249999451629783e-06,0.00011999999696854502
8.259999451569008e-06,0.00011999999696854502
8.269999451508234e-06,0.00011999999696854502
8.279999451447459e-06,0.00011999999696854502
8.289999451386684e-06,0.00011999999696854502
8.29999945132591e-06,0.00011999999696854502
8.309999451265135e-06,0.00011999999696854502
8.31999945120436e-06,0.00011999999696854502
8.329999451143585e-06,0.00011999999696854502
8.33999945108281e-06,0.00011999999696854502
8.349999451022036e-06,0.00011999999696854502
8.359999450961261e-06,0.00011999999696854502
8.369999450900486e-06,0.00011999999696854502
8.379999450839712e-06,0.00011999999696854502
8.389999450778937e-06,0.00011999999696854502
8.399999450718162e-06,0.00011999999696854502
8.409999450657388e-06,0.00011999999696854502
8.419999450596613e-06,0.00011999999696854502
8.429999450535838e-06,0.00011999999696854502
8.439999450475064e-06,0.00011999999696854502
8.449999450414289e-06,0.00011999999696854502
8.459999450353514e-06,0.00011999999696854502
8.46999945029274e-06,0.00011999999696854502
8.479999450231965e-06,0.00011999999696854502
8.48999945017119e-06,0.00011999999696854502
8.499999450110415e-06,0.00011999999696854502
8.50999945004964e-06,0.00011999999696854502
8.519999449988866e-06,0.00011999999696854502
8.529999449928091e-06,0.00011999999696854502
8.539999449867316e-06,0.00011999999696854502
8.549999449806542e-06,0.00011999999696854502
8.559999449745767e-06,0.00011999999696854502
8.569999449684992e-06,0.00011999999696854502
8.579999449624218e-06,0.00011999999696854502
8.589999449563443e-06,7.999999797903001e-05
8.599999449502668e-06,0.00011999999696854502
8.609999449441893e-06,0.00011999999696854502
8.619999449381119e-06,0.00011999999696854502
8.629999449320344e-06,0.00011999999696854502
8.63999944925957e-06,0.00011999999696854502
8.649999449198795e-06,0.00011999999696854502
8.65999944913802e-06,0.00011999999696854502
8.669999449077245e-06,0.00011999999696854502
8.67999944901647e-06,0.00011999999696854502
8.689999448955696e-06,0.00011999999696854502
8.699999448894921e-06,0.00011999999696854502
8.709999448834146e-06,0.00011999999696854502
8.719999448773372e-06,0.00011999999696854502
8.729999448712597e-06,0.00011999999696854502
8.739999448651822e-06,0.00011999999696854502
8.749999448591048e-06,0.00011999999696854502
8.759999448530273e-06,0.00011999999696854502
8.769999448469498e-06,0.00011999999696854502
8.779999448408723e-06,0.00011999999696854502
8.789999448347949e-06,0.00011999999696854502
8.799999448287174e-06,7.999999797903001e-05
8.8099994482264e-06,0.00011999999696854502
8.819999448165625e-06,0.00011999999696854502
8.82999944810485e-06,0.00011999999696854502
8.839999448044075e-06,0.00011999999696854502
8.8499994479833e-06,0.00011999999696854502
8.859999447922526e-06,0.00011999999696854502
8.869999447861751e-06,0.00011999999696854502
8.879999447800976e-06,0.00011999999696854502
8.889999447740202e-06,0.00011999999696854502
8.899999447679427e-06,0.00011999999696854502
8.909999447618652e-06,0.00015999999595806003
8.919999447557877e-06,0.00011999999696854502
8.929999447497103e-06,0.00011999999696854502
8.939999447436328e-06,0.00011999999696854502
8.949999447375553e-06,0.00011999999696854502
8.959999447314779e-06,0.00011999999696854502
8.969999447254004e-06,0.00011999999696854502
8.97999944719323e-06,0.00011999999696854502
8.989999447132454e-06,0.00011999999696854502
8.99999944707168e-06,0.00011999999696854502
9.009999447010905e-06,0.00011999999696854502
9.01999944695013e-06,0.00011999999696854502
9.029999446889356e-06,0.00011999999696854502
9.039999446828581e-06,0.00011999999696854502
9.049999446767806e-06,0.00011999999696854502
9.059999446707032e-06,0.00011999999696854502
9.069999446646257e-06,0.00011999999696854502
9.079999446585482e-06,0.00011999999696854502
9.089999446524707e-06,0.00011999999696854502
9.099999446463933e-06,0.00011999999696854502
9.109999446403158e-06,0.00011999999696854502
9.119999446342383e-06,0.00011999999696854502
9.129999446281609e-06,0.00011999999696854502
9.139999446220834e-06,0.00011999999696854502
9.149999446160059e-06,0.00011999999696854502
9.159999446099284e-06,0.00011999999696854502
9.16999944603851e-06,7.999999797903001e-05
9.179999445977735e-06,0.00011999999696854502
9.18999944591696e-06,0.00015999999595806003
9.199999445856186e-06,0.00011999999696854502
9.209999445795411e-06,0.00011999999696854502
9.219999445734636e-06,0.00011999999696854502
9.229999445673861e-06,0.00011999999696854502
9.239999445613087e-06,0.00011999999696854502
9.249999445552312e-06,0.00011999999696854502
9.259999445491537e-06,0.00011999999696854502
9.269999445430763e-06,0.00011999999696854502
9.279999445369988e-06,0.00011999999696854502
9.289999445309213e-06,0.00011999999696854502
9.299999445248438e-06,0.00011999999696854502
9.309999445187664e-06,0.00015999999595806003
9.319999445126889e-06,0.00011999999696854502
9.329999445066114e-06,0.00011999999696854502
9.33999944500534e-06,0.00011999999696854502
9.349999444944565e-06,0.00011999999696854502
9.35999944488379e-06,0.00011999999696854502
9.369999444823016e-06,7.999999797903001e-05
9.37999944476224e-06,0.00011999999696854502
9.389999444701466e-06,0.00011999999696854502
9.399999444640691e-06,0.00011999999696854502
9.409999444579917e-06,0.00011999999696854502
9.419999444519142e-06,7.999999797903001e-05
9.429999444458367e-06,0.00011999999696854502
9.439999444397593e-06,0.00011999999696854502
9.449999444336818e-06,0.00011999999696854502
9.459999444276043e-06,0.00011999999696854502
9.469999444215268e-06,0.00011999999696854502
9.479999444154494e-06,0.00011999999696854502
9.489999444093719e-06,0.00011999999696854502
9.499999444032944e-06,0.00011999999696854502
9.50999944397217e-06,0.00011999999696854502
9.519999443911395e-06,0.00011999999696854502
9.52999944385062e-06,0.00011999999696854502
9.539999443789845e-06,0.00011999999696854502
9.54999944372907e-06,0.00011999999696854502
9.559999443668296e-06,0.00011999999696854502
9.569999443607521e-06,0.00011999999696854502
9.579999443546747e-06,0.00011999999696854502
9.589999443485972e-06,0.00011999999696854502
9.599999443425197e-06,0.00011999999696854502
9.609999443364422e-06,0.00011999999696854502
9.619999443303648e-06,0.00011999999696854502
9.629999443242873e-06,0.00011999999696854502
9.639999443182098e-06,0.00011999999696854502
9.649999443121324e-06,0.00011999999696854502
9.659999443060549e-06,0.00011999999696854502
9.669999442999774e-06,0.00011999999696854502
9.679999442939e-06,0.00011999999696854502
9.689999442878225e-06,0.00011999999696854502
9.69999944281745e-06,0.00011999999696854502
9.709999442756675e-06,0.00011999999696854502
9.7199994426959e-06,0.00011999999696854502
9.729999442635126e-06,0.00011999999696854502
9.739999442574351e-06,0.00011999999696854502
9.749999442513577e-06,0.00011999999696854502
9.759999442452802e-06,0.00011999999696854502
9.769999442392027e-06,0.00011999999696854502
9.779999442331252e-06,0.00011999999696854502
9.789999442270478e-06,0.00011999999696854502
9.799999442209703e-06,0.00015999999595806003
9.809999442148928e-06,0.00011999999696854502
9.819999442088154e-06,0.00011999999696854502
9.829999442027379e-06,0.00011999999696854502
9.839999441966604e-06,0.00011999999696854502
9.84999944190583e-06,0.00011999999696854502
9.859999441845055e-06,0.00011999999696854502
9.86999944178428e-06,0.00011999999696854502
9.879999441723505e-06,0.00015999999595806003
9.88999944166273e-06,0.00011999999696854502
9.899999441601956e-06,7.999999797903001e-05
9.909999441541181e-06,0.00011999999696854502
9.919999441480406e-06,0.00011999999696854502
9.929999441419632e-06,0.00011999999696854502
9.939999441358857e-06,0.00011999999696854502
9.949999441298082e-06,0.00011999999696854502
9.959999441237308e-06,0.00011999999696854502
9.969999441176533e-06,0.00011999999696854502
9.979999441115758e-06,0.00011999999696854502
9.989999441054984e-06,0.00011999999696854502
9.999999440994209e-06,0.00011999999696854502
1.0009999440933434e-05,0.00011999999696854502
1.001999944087266e-05,0.00011999999696854502
1.0029999440811885e-05,0.00011999999696854502
1.003999944075111e-05,0.00011999999696854502
1.0049999440690335e-05,0.00011999999696854502
1.005999944062956e-05,0.00011999999696854502
1.0069999440568786e-05,0.00011999999696854502
1.0079999440508011e-05,0.00011999999696854502
1.0089999440447236e-05,0.00011999999696854502
1.0099999440386462e-05,0.00011999999696854502
1.0109999440325687e-05,0.00011999999696854502
1.0119999440264912e-05,0.00011999999696854502
1.0129999440204138e-05,0.00011999999696854502
1.0139999440143363e-05,0.00011999999696854502
1.0149999440082588e-05,0.00011999999696854502
1.0159999440021813e-05,0.00011999999696854502
1.0169999439961039e-05,0.00011999999696854502
1.0179999439900264e-05,0.00011999999696854502
1.018999943983949e-05,0.00011999999696854502
1.0199999439778715e-05,0.00011999999696854502
1.020999943971794e-05,0.00011999999696854502
1.0219999439657165e-05,0.00011999999696854502
1.022999943959639e-05,0.00011999999696854502
1.0239999439535616e-05,7.999999797903001e-05
1.0249999439474841e-05,0.00015999999595806003
1.0259999439414066e-05,0.00031999999191612005
1.0269999439353292e-05,7.999999797903001e-05
1.0279999439292517e-05,-7.999999797903001e-05
1.0289999439231742e-05,0.00011999999696854502
1.0299999439170967e-05,0.00015999999595806003
1.0309999439110193e-05,0.00019999999494757503
1.0319999439049418e-05,0.00019999999494757503
1.0329999438988643e-05,7.999999797903001e-05
1.0339999438927869e-05,3.9999998989515007e-05
1.0349999438867094e-05,0.00011999999696854502
1.035999943880632e-05,0.00019999999494757503
1.0369999438745545e-05,0.00015999999595806003
1.037999943868477e-05,7.999999797903001e-05
1.0389999438623995e-05,7.999999797903001e-05
1.039999943856322e-05,0.00015999999595806003
1.0409999438502446e-05,0.00011999999696854502
1.0419999438441671e-05,7.999999797903001e-05
1.0429999438380896e-05,0.00011999999696854502
1.0439999438320122e-05,0.00015999999595806003
1.0449999438259347e-05,0.00015999999595806003
1.0459999438198572e-05,7.999999797903001e-05
1.0469999438137797e-05,3.9999998989515007e-05
1.0479999438077023e-05,0.00015999999595806003
1.0489999438016248e-05,0.00019999999494757503
1.0499999437955473e-05,7.999999797903001e-05
1.0509999437894699e-05,7.999999797903001e-05
1.0519999437833924e-05,0.00011999999696854502
1.052999943777315e-05,0.00019999999494757503
1.0539999437712374e-05,0.00011999999696854502
1.05499994376516e-05,7.999999797903001e-05
1.0559999437590825e-05,0.00011999999696854502
1.056999943753005e-05,0.00011999999696854502
1.0579999437469276e-05,0.00011999999696854502
1.0589999437408501e-05,7.999999797903001e-05
1.0599999437347726e-05,0.00015999999595806003
1.0609999437286951e-05,0.00015999999595806003
1.0619999437226177e-05,0.00011999999696854502
1.0629999437165402e-05,7.999999797903001e-05
1.0639999437104627e-05,7.999999797903001e-05
1.0649999437043853e-05,0.00011999999696854502
1.0659999436983078e-05,0.00011999999696854502
1.0669999436922303e-05,0.00011999999696854502
1.0679999436861529e-05,0.00011999999696854502
1.0689999436800754e-05,0.00011999999696854502
1.0699999436739979e-05,0.00011999999696854502
1.0709999436679204e-05,0.00011999999696854502
1.071999943661843e-05,0.00011999999696854502
1.0729999436557655e-05,0.00011999999696854502
1.073999943649688e-05,0.00011999999696854502
1.0749999436436106e-05,7.999999797903001e-05
1.0759999436375331e-05,0.00011999999696854502
1.0769999436314556e-05,0.00011999999696854502
1.0779999436253781e-05,0.00011999999696854502
1.0789999436193007e-05,0.00011999999696854502
1.0799999436132232e-05,0.00011999999696854502
1.0809999436071457e-05,0.00011999999696854502
1.0819999436010683e-05,0.00011999999696854502
1.0829999435949908e-05,0.00011999999696854502
1.0839999435889133e-05,0.00011999999696854502
1.0849999435828358e-05,0.00011999999696854502
1.0859999435767584e-05,0.00011999999696854502
1.0869999435706809e-05,0.00011999999696854502
1.0879999435646034e-05,0.00011999999696854502
1.088999943558526e-05,0.00011999999696854502
1.0899999435524485e-05,0.00011999999696854502
1.090999943546371e-05,0.00011999999696854502
1.0919999435402935e-05,0.00011999999696854502
1.092999943534216e-05,0.00011999999696854502
1.0939999435281386e-05,0.00011999999696854502
1.0949999435220611e-05,0.00011999999696854502
1.0959999435159837e-05,0.00011999999696854502
1.0969999435099062e-05,0.00011999999696854502
1.0979999435038287e-05,0.00011999999696854502
1.0989999434977513e-05,0.00011999999696854502
1.0999999434916738e-05,0.00011999999696854502
1.1009999434855963e-05,0.00011999999696854502
1.1019999434795188e-05,0.00011999999696854502
1.1029999434734414e-05,0.00011999999696854502
1.1039999434673639e-05,0.00011999999696854502
1.1049999434612864e-05,0.00015999999595806003
1.105999943455209e-05,0.00011999999696854502
1.1069999434491315e-05,0.00011999999696854502
1.107999943443054e-05,0.00011999999696854502
1.1089999434369765e-05,0.00011999999696854502
1.109999943430899e-05,0.00015999999595806003
1.1109999434248216e-05,0.00015999999595806003
1.1119999434187441e-05,0.00011999999696854502
1.1129999434126667e-05,0.00015999999595806003
1.1139999434065892e-05,0.00015999999595806003
1.1149999434005117e-05,0.00015999999595806003
1.1159999433944342e-05,0.00015999999595806003
1.1169999433883568e-05,0.00015999999595806003
1.1179999433822793e-05,0.00015999999595806003
1.1189999433762018e-05,0.00019999999494757503
1.1199999433701244e-05,0.00019999999494757503
1.1209999433640469e-05,0.00019999999494757503
1.1219999433579694e-05,0.00019999999494757503
1.122999943351892e-05,0.00023999999393709004
1.1239999433458145e-05,0.00023999999393709004
1.124999943339737e-05,0.00027999999292660505
1.1259999433336595e-05,0.00031999999191612005
1.126999943327582e-05,0.00031999999191612005
1.1279999433215046e-05,0.00031999999191612005
1.1289999433154271e-05,0.00035999999090563506
1.1299999433093497e-05,0.00039999998989515007
1.1309999433032722e-05,0.0004799999878741801
1.1319999432971947e-05,0.0005199999868636951
1.1329999432911172e-05,0.0005199999868636951
1.1339999432850398e-05,0.0005599999858532101
1.1349999432789623e-05,0.0006399999838322401
1.1359999432728848e-05,0.0006799999828217551
1.1369999432668074e-05,0.0007199999818112701
1.1379999432607299e-05,0.0007999999797903001
1.1389999432546524e-05,0.0008399999787798151
1.139999943248575e-05,0.0008399999787798151
1.1409999432424975e-05,0.0009199999767588452
1.14199994323642e-05,0.0009599999757483602
1.1429999432303425e-05,0.0010399999737273902
1.143999943224265e-05,0.0010399999737273902
1.1449999432181876e-05,0.0010799999727169052
1.1459999432121101e-05,0.0011199999717064202
1.1469999432060326e-05,0.0011599999706959352
1.1479999431999552e-05,0.0012399999686749652
1.1489999431938777e-05,0.0012399999686749652
1.1499999431878002e-05,0.0012799999676644802
1.1509999431817228e-05,0.0012799999676644802
1.1519999431756453e-05,0.0013199999666539952
1.1529999431695678e-05,0.0013599999656435102
1.1539999431634903e-05,0.0013599999656435102
1.1549999431574129e-05,0.0013599999656435102
1.1559999431513354e-05,0.0013599999656435102
1.156999943145258e-05,0.0013599999656435102
1.1579999431391805e-05,0.0013599999656435102
1.158999943133103e-05,0.0013599999656435102
1.1599999431270255e-05,0.0013599999656435102
1.160999943120948e-05,0.0013599999656435102
1.1619999431148706e-05,0.0013599999656435102
1.1629999431087931e-05,0.0013199999666539952
1.1639999431027156e-05,0.0013199999666539952
1.1649999430966382e-05,0.0012799999676644802
1.1659999430905607e-05,0.0012799999676644802
1.1669999430844832e-05,0.0012399999686749652
1.1679999430784058e-05,0.0012399999686749652
1.1689999430723283e-05,0.0011599999706959352
1.1699999430662508e-05,0.0011199999717064202
1.1709999430601733e-05,0.0010799999727169052
1.1719999430540959e-05,0.0010799999727169052
1.1729999430480184e-05,0.0009999999747378752
1.173999943041941e-05,0.0009599999757483602
1.1749999430358635e-05,0.0009199999767588452
1.175999943029786e-05,0.0008399999787798151
1.1769999430237085e-05,0.0007999999797903001
1.177999943017631e-05,0.0007599999808007851
1.1789999430115536e-05,0.0007199999818112701
1.1799999430054761e-05,0.0006399999838322401
1.1809999429993986e-05,0.0005999999848427251
1.1819999429933212e-05,0.0005199999868636951
1.1829999429872437e-05,0.0005199999868636951
1.1839999429811662e-05,0.0004799999878741801
1.1849999429750887e-05,0.00039999998989515007
1.1859999429690113e-05,0.00039999998989515007
1.1869999429629338e-05,0.00035999999090563506
1.1879999429568563e-05,0.00031999999191612005
1.1889999429507789e-05,0.00027999999292660505
1.1899999429447014e-05,0.00027999999292660505
1.190999942938624e-05,0.00027999999292660505
1.1919999429325465e-05,0.00023999999393709004
1.192999942926469e-05,0.00019999999494757503
1.1939999429203915e-05,0.00019999999494757503
1.194999942914314e-05,0.00019999999494757503
1.1959999429082366e-05,0.00015999999595806003
1.1969999429021591e-05,0.00015999999595806003
1.1979999428960816e-05,0.00015999999595806003
1.1989999428900042e-05,0.00015999999595806003
1.1999999428839267e-05,0.00015999999595806003
1.2009999428778492e-05,0.00015999999595806003
1.2019999428717717e-05,0.00011999999696854502
1.2029999428656943e-05,0.00015999999595806003
1.2039999428596168e-05,0.00015999999595806003
1.2049999428535393e-05,0.00011999999696854502
1.2059999428474619e-05,0.00011999999696854502
1.2069999428413844e-05,0.00011999999696854502
1.207999942835307e-05,0.00011999999696854502
1.2089999428292294e-05,0.00011999999696854502
1.209999942823152e-05,0.00011999999696854502
1.2109999428170745e-05,0.00011999999696854502
1.211999942810997e-05,0.00011999999696854502
1.2129999428049196e-05,0.00011999999696854502
1.2139999427988421e-05,0.00011999999696854502
1.2149999427927646e-05,0.00011999999696854502
1.2159999427866871e-05,0.00015999999595806003
1.2169999427806097e-05,0.00011999999696854502
1.2179999427745322e-05,0.00011999999696854502
1.2189999427684547e-05,0.00011999999696854502
1.2199999427623773e-05,0.00011999999696854502
1.2209999427562998e-05,0.00011999999696854502
1.2219999427502223e-05,0.00011999999696854502
1.2229999427441449e-05,0.00011999999696854502
1.2239999427380674e-05,0.00015999999595806003
1.2249999427319899e-05,0.00011999999696854502
1.2259999427259124e-05,0.00011999999696854502
1.226999942719835e-05,0.00011999999696854502
1.2279999427137575e-05,0.00011999999696854502
1.22899994270768e-05,0.00011999999696854502
1.2299999427016026e-05,0.00011999999696854502
1.2309999426955251e-05,0.00011999999696854502
1.2319999426894476e-05,0.00011999999696854502
1.2329999426833701e-05,0.00011999999696854502
1.2339999426772927e-05,0.00011999999696854502
1.2349999426712152e-05,7.999999797903001e-05
1.2359999426651377e-05,0.00011999999696854502
1.2369999426590603e-05,0.00011999999696854502
1.2379999426529828e-05,0.00011999999696854502
1.2389999426469053e-05,0.00011999999696854502
1.2399999426408278e-05,0.00011999999696854502
1.2409999426347504e-05,0.00011999999696854502
1.2419999426286729e-05,0.00011999999696854502
1.2429999426225954e-05,0.00011999999696854502
1.243999942616518e-05,0.00011999999696854502
1.2449999426104405e-05,0.00011999999696854502
1.245999942604363e-05,0.00011999999696854502
1.2469999425982855e-05,0.00011999999696854502
1.247999942592208e-05,0.00011999999696854502
1.2489999425861306e-05,0.00015999999595806003
1.2499999425800531e-05,0.00011999999696854502
1.2509999425739757e-05,0.00011999999696854502
1.2519999425678982e-05,0.00011999999696854502
1.2529999425618207e-05,0.00011999999696854502
1.2539999425557433e-05,0.00011999999696854502
1.2549999425496658e-05,0.00011999999696854502
1.2559999425435883e-05,0.00011999999696854502
1.2569999425375108e-05,0.00011999999696854502
1.2579999425314334e-05,0.00011999999696854502
1.2589999425253559e-05,0.00011999999696854502
1.2599999425192784e-05,0.00011999999696854502
1.260999942513201e-05,0.00015999999595806003
1.2619999425071235e-05,0.00011999999696854502
1.262999942501046e-05,0.00011999999696854502
1.2639999424949685e-05,0.00011999999696854502
1.264999942488891e-05,0.00011999999696854502
1.2659999424828136e-05,0.00011999999696854502
1.2669999424767361e-05,0.00011999999696854502
1.2679999424706587e-05,0.00011999999696854502
1.2689999424645812e-05,0.00011999999696854502
1.2699999424585037e-05,0.00011999999696854502
1.2709999424524262e-05,0.00011999999696854502
1.2719999424463488e-05,0.00011999999696854502
1.2729999424402713e-05,0.00011999999696854502
1.2739999424341938e-05,0.00011999999696854502
1.2749999424281164e-05,0.00011999999696854502
1.2759999424220389e-05,0.00011999999696854502
1.2769999424159614e-05,0.00011999999696854502
1.277999942409884e-05,0.00011999999696854502
1.2789999424038065e-05,0.00011999999696854502
1.279999942397729e-05,0.00011999999696854502
1.2809999423916515e-05,0.00011999999696854502
1.281999942385574e-05,0.00011999999696854502
1.2829999423794966e-05,0.00011999999696854502
1.2839999423734191e-05,0.00011999999696854502
1.2849999423673417e-05,0.00011999999696854502
1.2859999423612642e-05,0.00011999999696854502
1.2869999423551867e-05,0.00011999999696854502
1.2879999423491092e-05,0.00011999999696854502
1.2889999423430318e-05,0.00011999999696854502
1.2899999423369543e-05,0.00011999999696854502
1.2909999423308768e-05,0.00011999999696854502
1.2919999423247994e-05,0.00011999999696854502
1.2929999423187219e-05,0.00011999999696854502
1.2939999423126444e-05,0.00011999999696854502
1.294999942306567e-05,0.00011999999696854502
1.2959999423004895e-05,0.00011999999696854502
1.296999942294412e-05,0.00011999999696854502
1.2979999422883345e-05,0.00011999999696854502
1.298999942282257e-05,0.00011999999696854502
1.2999999422761796e-05,0.00011999999696854502
1.3009999422701021e-05,0.00011999999696854502
1.3019999422640246e-05,0.00011999999696854502
1.3029999422579472e-05,0.00011999999696854502
1.3039999422518697e-05,0.00011999999696854502
1.3049999422457922e-05,0.00011999999696854502
1.3059999422397148e-05,0.00011999999696854502
1.3069999422336373e-05,0.00011999999696854502
1.3079999422275598e-05,0.00011999999696854502
1.3089999422214823e-05,0.00011999999696854502
1.3099999422154049e-05,0.00011999999696854502
1.3109999422093274e-05,0.00011999999696854502
1.31199994220325e-05,0.00011999999696854502
1.3129999421971725e-05,0.00015999999595806003
1.313999942191095e-05,0.00011999999696854502
1.3149999421850175e-05,0.00011999999696854502
1.31599994217894e-05,0.00011999999696854502
1.3169999421728626e-05,0.00011999999696854502
1.3179999421667851e-05,0.00011999999696854502
1.3189999421607076e-05,0.00011999999696854502
1.3199999421546302e-05,0.00011999999696854502
1.3209999421485527e-05,0.00011999999696854502
1.3219999421424752e-05,0.00011999999696854502
1.3229999421363978e-05,0.00011999999696854502
1.3239999421303203e-05,0.00011999999696854502
1.3249999421242428e-05,0.00011999999696854502
1.3259999421181653e-05,0.00011999999696854502
1.3269999421120879e-05,0.00011999999696854502
1.3279999421060104e-05,0.00011999999696854502
1.328999942099933e-05,0.00011999999696854502
1.3299999420938555e-05,0.00011999999696854502
1.330999942087778e-05,0.00011999999696854502
1.3319999420817005e-05,0.00011999999696854502
1.332999942075623e-05,0.00011999999696854502
1.3339999420695456e-05,0.00011999999696854502
1.3349999420634681e-05,0.00011999999696854502
1.3359999420573906e-05,0.00011999999696854502
1.3369999420513132e-05,0.00011999999696854502
1.3379999420452357e-05,0.00011999999696854502
1.3389999420391582e-05,0.00015999999595806003
1.3399999420330807e-05,0.00011999999696854502
1.3409999420270033e-05,0.00011999999696854502
1.3419999420209258e-05,0.00011999999696854502
1.3429999420148483e-05,0.00011999999696854502
1.3439999420087709e-05,0.00011999999696854502
1.3449999420026934e-05,0.00011999999696854502
1.345999941996616e-05,0.00011999999696854502
1.3469999419905385e-05,0.00011999999696854502
1.347999941984461e-05,0.00011999999696854502
1.3489999419783835e-05,0.00011999999696854502
1.349999941972306e-05,0.00015999999595806003
1.3509999419662286e-05,0.00011999999696854502
1.3519999419601511e-05,0.00011999999696854502
1.3529999419540736e-05,0.00011999999696854502
1.3539999419479962e-05,0.00011999999696854502
1.3549999419419187e-05,0.00011999999696854502
1.3559999419358412e-05,0.00011999999696854502
1.3569999419297637e-05,0.00011999999696854502
1.3579999419236863e-05,0.00011999999696854502
1.3589999419176088e-05,0.00011999999696854502
1.3599999419115313e-05,0.00011999999696854502
1.3609999419054539e-05,0.00011999999696854502
1.3619999418993764e-05,0.00011999999696854502
1.362999941893299e-05,0.00011999999696854502
1.3639999418872214e-05,0.00011999999696854502
1.364999941881144e-05,7.999999797903001e-05
1.3659999418750665e-05,0.00011999999696854502
1.366999941868989e-05,0.00011999999696854502
1.3679999418629116e-05,0.00011999999696854502
1.3689999418568341e-05,0.00011999999696854502
1.3699999418507566e-05,0.00011999999696854502
1.3709999418446791e-05,0.00011999999696854502
1.3719999418386017e-05,7.999999797903001e-05
1.3729999418325242e-05,0.00011999999696854502
1.3739999418264467e-05,0.00011999999696854502
1.3749999418203693e-05,0.00011999999696854502
1.3759999418142918e-05,0.00011999999696854502
1.3769999418082143e-05,0.00011999999696854502
1.3779999418021369e-05,0.00011999999696854502
1.3789999417960594e-05,0.00015999999595806003
1.3799999417899819e-05,0.00011999999696854502
1.3809999417839044e-05,0.00011999999696854502
1.381999941777827e-05,0.00011999999696854502
1.3829999417717495e-05,0.00011999999696854502
1.383999941765672e-05,0.00011999999696854502
1.3849999417595946e-05,0.00011999999696854502
1.385999941753517e-05,0.00011999999696854502
1.3869999417474396e-05,0.00011999999696854502
1.3879999417413621e-05,0.00011999999696854502
1.3889999417352847e-05,0.00011999999696854502
1.3899999417292072e-05,0.00011999999696854502
1.3909999417231297e-05,0.00011999999696854502
1.3919999417170523e-05,0.00011999999696854502
1.3929999417109748e-05,0.00011999999696854502
1.3939999417048973e-05,0.00011999999696854502
1.3949999416988198e-05,0.00011999999696854502
1.3959999416927424e-05,0.00011999999696854502
1.3969999416866649e-05,0.00011999999696854502
1.3979999416805874e-05,0.00011999999696854502
1.39899994167451e-05,0.00011999999696854502
1.3999999416684325e-05,0.00011999999696854502
1.400999941662355e-05,0.00011999999696854502
1.4019999416562775e-05,0.00011999999696854502
1.4029999416502e-05,0.00011999999696854502
1.4039999416441226e-05,0.00011999999696854502
1.4049999416380451e-05,0.00011999999696854502
1.4059999416319677e-05,0.00011999999696854502
1.4069999416258902e-05,0.00011999999696854502
1.4079999416198127e-05,0.00011999999696854502
1.4089999416137353e-05,0.00011999999696854502
1.4099999416076578e-05,7.999999797903001e-05
1.4109999416015803e-05,0.00011999999696854502
1.4119999415955028e-05,0.00011999999696854502
1.4129999415894254e-05,0.00011999999696854502
1.4139999415833479e-05,7.999999797903001e-05
1.4149999415772704e-05,0.00011999999696854502
1.415999941571193e-05,0.00011999999696854502
1.4169999415651155e-05,0.00011999999696854502
1.417999941559038e-05,0.00011999999696854502
1.4189999415529605e-05,0.00011999999696854502
1.419999941546883e-05,0.00011999999696854502
1.4209999415408056e-05,0.00011999999696854502
1.4219999415347281e-05,0.00011999999696854502
1.4229999415286507e-05,0.00011999999696854502
1.4239999415225732e-05,0.00011999999696854502
1.4249999415164957e-05,0.00011999999696854502
1.4259999415104182e-05,0.00011999999696854502
1.4269999415043408e-05,0.00011999999696854502
1.4279999414982633e-05,0.00011999999696854502
1.4289999414921858e-05,0.00011999999696854502
1.4299999414861084e-05,0.00011999999696854502
1.4309999414800309e-05,0.00011999999696854502
1.4319999414739534e-05,0.00015999999595806003
1.432999941467876e-05,0.00011999999696854502
1.4339999414617985e-05,0.00011999999696854502
1.434999941455721e-05,0.00011999999696854502
1.4359999414496435e-05,0.00015999999595806003
1.436999941443566e-05,0.00011999999696854502
1.4379999414374886e-05,0.00011999999696854502
1.4389999414314111e-05,0.00011999999696854502
1.4399999414253337e-05,0.00011999999696854502
1.4409999414192562e-05,0.00011999999696854502
1.4419999414131787e-05,0.00011999999696854502
1.4429999414071012e-05,0.00011999999696854502
1.4439999414010238e-05,0.00015999999595806003
1.4449999413949463e-05,0.00011999999696854502
1.4459999413888688e-05,0.00011999999696854502
1.4469999413827914e-05,0.00011999999696854502
1.4479999413767139e-05,0.00011999999696854502
1.4489999413706364e-05,0.00015999999595806003
1.449999941364559e-05,0.00011999999696854502
1.4509999413584815e-05,0.00011999999696854502
1.451999941352404e-05,0.00011999999696854502
1.4529999413463265e-05,0.00011999999696854502
1.453999941340249e-05,0.00011999999696854502
1.4549999413341716e-05,0.00011999999696854502
1.4559999413280941e-05,0.00011999999696854502
1.4569999413220166e-05,0.00011999999696854502
1.4579999413159392e-05,0.00011999999696854502
1.4589999413098617e-05,0.00011999999696854502
1.4599999413037842e-05,0.00011999999696854502
1.4609999412977068e-05,0.00011999999696854502
1.4619999412916293e-05,0.00011999999696854502
1.4629999412855518e-05,0.00011999999696854502
1.4639999412794743e-05,0.00011999999696854502
1.4649999412733969e-05,0.00011999999696854502
1.4659999412673194e-05,0.00011999999696854502
1.466999941261242e-05,0.00011999999696854502
1.4679999412551645e-05,0.00011999999696854502
1.468999941249087e-05,0.00011999999696854502
1.4699999412430095e-05,0.00011999999696854502
1.470999941236932e-05,0.00011999999696854502
1.4719999412308546e-05,0.00011999999696854502
1.4729999412247771e-05,0.00011999999696854502
1.4739999412186996e-05,0.00011999999696854502
1.4749999412126222e-05,0.00011999999696854502
1.4759999412065447e-05,0.00011999999696854502
1.4769999412004672e-05,0.00011999999696854502
1.4779999411943898e-05,0.00011999999696854502
1.4789999411883123e-05,0.00011999999696854502
1.4799999411822348e-05,0.00011999999696854502
1.4809999411761573e-05,0.00011999999696854502
1.4819999411700799e-05,0.00011999999696854502
1.4829999411640024e-05,0.00011999999696854502
1.483999941157925e-05,0.00011999999696854502
1.4849999411518475e-05,0.00011999999696854502
1.48599994114577e-05,0.00011999999696854502
1.4869999411396925e-05,7.999999797903001e-05
1.487999941133615e-05,0.00011999999696854502
1.4889999411275376e-05,0.00011999999696854502
1.4899999411214601e-05,0.00011999999696854502
1.4909999411153826e-05,0.00011999999696854502
1.4919999411093052e-05,0.00011999999696854502
1.4929999411032277e-05,0.00011999999696854502
1.4939999410971502e-05,0.00011999999696854502
1.4949999410910727e-05,0.00011999999696854502
1.4959999410849953e-05,0.00011999999696854502
1.4969999410789178e-05,0.00011999999696854502
1.4979999410728403e-05,0.00011999999696854502
1.4989999410667629e-05,0.00011999999696854502
1.4999999410606854e-05,0.00011999999696854502
1.500999941054608e-05,0.00011999999696854502
1.5019999410485305e-05,0.00011999999696854502
1.502999941042453e-05,0.00011999999696854502
1.5039999410363755e-05,0.00011999999696854502
1.504999941030298e-05,0.00011999999696854502
1.5059999410242206e-05,0.00011999999696854502
1.5069999410181431e-05,0.00011999999696854502
1.5079999410120656e-05,0.00011999999696854502
1.5089999410059882e-05,0.00011999999696854502
1.5099999409999107e-05,0.00011999999696854502
1.5109999409938332e-05,0.00011999999696854502
1.5119999409877557e-05,0.00011999999696854502
1.5129999409816783e-05,0.00011999999696854502
1.5139999409756008e-05,0.00011999999696854502
1.5149999409695233e-05,0.00011999999696854502
1.5159999409634459e-05,0.00011999999696854502
1.5169999409573684e-05,0.00011999999696854502
1.517999940951291e-05,0.00011999999696854502
1.5189999409452134e-05,0.00011999999696854502
1.519999940939136e-05,0.00011999999696854502
1.5209999409330585e-05,0.00011999999696854502
1.521999940926981e-05,0.00015999999595806003
1.5229999409209036e-05,0.00011999999696854502
1.5239999409148261e-05,7.999999797903001e-05
1.5249999409087486e-05,0.00011999999696854502
1.525999940902671e-05,0.00011999999696854502
1.5269999408965937e-05,0.00011999999696854502
1.5279999408905162e-05,0.00011999999696854502
1.5289999408844387e-05,0.00011999999696854502
1.5299999408783613e-05,0.00011999999696854502
1.5309999408722838e-05,0.00011999999696854502
1.5319999408662063e-05,0.00011999999696854502
1.532999940860129e-05,0.00011999999696854502
1.5339999408540514e-05,0.00015999999595806003
1.534999940847974e-05,0.00011999999696854502
1.5359999408418964e-05,0.00011999999696854502
1.536999940835819e-05,0.00011999999696854502
1.5379999408297415e-05,0.00011999999696854502
1.538999940823664e-05,0.00011999999696854502
1.5399999408175866e-05,0.00011999999696854502
1.540999940811509e-05,0.00011999999696854502
1.5419999408054316e-05,0.00011999999696854502
1.542999940799354e-05,0.00011999999696854502
1.5439999407932767e-05,0.00011999999696854502
1.5449999407871992e-05,0.00011999999696854502
1.5459999407811217e-05,0.00011999999696854502
1.5469999407750443e-05,0.00011999999696854502
1.5479999407689668e-05,0.00011999999696854502
1.5489999407628893e-05,0.00011999999696854502
1.549999940756812e-05,0.00011999999696854502
1.5509999407507344e-05,0.00011999999696854502
1.551999940744657e-05,0.00011999999696854502
1.5529999407385794e-05,0.00011999999696854502
1.553999940732502e-05,0.00011999999696854502
1.5549999407264245e-05,0.00011999999696854502
1.555999940720347e-05,7.999999797903001e-05
1.5569999407142695e-05,0.00011999999696854502
1.557999940708192e-05,0.00011999999696854502
1.5589999407021146e-05,0.00011999999696854502
1.559999940696037e-05,0.00011999999696854502
1.5609999406899597e-05,0.00011999999696854502
1.5619999406838822e-05,0.00011999999696854502
1.5629999406778047e-05,0.00011999999696854502
1.5639999406717273e-05,0.00011999999696854502
1.5649999406656498e-05,0.00011999999696854502
1.5659999406595723e-05,0.00011999999696854502
1.566999940653495e-05,0.00011999999696854502
1.5679999406474174e-05,0.00011999999696854502
1.56899994064134e-05,0.00011999999696854502
1.5699999406352624e-05,0.00011999999696854502
1.570999940629185e-05,0.00011999999696854502
1.5719999406231075e-05,0.00011999999696854502
1.57299994061703e-05,0.00011999999696854502
1.5739999406109525e-05,0.00011999999696854502
1.574999940604875e-05,0.00011999999696854502
1.5759999405987976e-05,0.00011999999696854502
1.57699994059272e-05,7.999999797903001e-05
1.5779999405866427e-05,0.00011999999696854502
1.5789999405805652e-05,0.00011999999696854502
1.5799999405744877e-05,0.00011999999696854502
1.5809999405684102e-05,7.999999797903001e-05
1.5819999405623328e-05,0.00011999999696854502
1.5829999405562553e-05,0.00011999999696854502
1.583999940550178e-05,0.00011999999696854502
1.5849999405441004e-05,0.00011999999696854502
1.585999940538023e-05,0.00011999999696854502
1.5869999405319454e-05,0.00011999999696854502
1.587999940525868e-05,0.00011999999696854502
1.5889999405197905e-05,0.00011999999696854502
1.589999940513713e-05,0.00011999999696854502
1.5909999405076355e-05,0.00011999999696854502
1.591999940501558e-05,0.00011999999696854502
1.5929999404954806e-05,0.00011999999696854502
1.593999940489403e-05,0.00011999999696854502
1.5949999404833257e-05,0.00011999999696854502
1.5959999404772482e-05,0.00011999999696854502
1.5969999404711707e-05,0.00011999999696854502
1.5979999404650932e-05,0.00011999999696854502
1.5989999404590158e-05,0.00011999999696854502
1.5999999404529383e-05,0.00011999999696854502
1.6009999404468608e-05,0.00011999999696854502
1.6019999404407834e-05,0.00011999999696854502
1.602999940434706e-05,0.00011999999696854502
1.6039999404286284e-05,0.00011999999696854502
1.604999940422551e-05,0.00011999999696854502
1.6059999404164735e-05,0.00011999999696854502
1.606999940410396e-05,0.00011999999696854502
1.6079999404043185e-05,0.00011999999696854502
1.608999940398241e-05,0.00011999999696854502
1.6099999403921636e-05,0.00011999999696854502
1.610999940386086e-05,0.00011999999696854502
1.6119999403800086e-05,0.00011999999696854502
1.6129999403739312e-05,0.00011999999696854502
1.6139999403678537e-05,0.00011999999696854502
1.6149999403617762e-05,0.00011999999696854502
1.6159999403556988e-05,0.00011999999696854502
1.6169999403496213e-05,0.00011999999696854502
1.6179999403435438e-05,0.00011999999696854502
1.6189999403374663e-05,0.00011999999696854502
1.619999940331389e-05,0.00011999999696854502
1.6209999403253114e-05,0.00011999999696854502
1.621999940319234e-05,0.00011999999696854502
1.6229999403131565e-05,0.00015999999595806003
1.623999940307079e-05,0.00015999999595806003
1.6249999403010015e-05,0.00011999999696854502
1.625999940294924e-05,7.999999797903001e-05
1.6269999402888466e-05,0.00011999999696854502
1.627999940282769e-05,0.00011999999696854502
1.6289999402766916e-05,0.00011999999696854502
1.629999940270614e-05,0.00011999999696854502
1.6309999402645367e-05,0.00011999999696854502
1.6319999402584592e-05,0.00011999999696854502
1.6329999402523818e-05,0.00011999999696854502
1.6339999402463043e-05,0.00011999999696854502
1.6349999402402268e-05,0.00011999999696854502
1.6359999402341493e-05,0.00011999999696854502
1.636999940228072e-05,0.00011999999696854502
1.6379999402219944e-05,0.00011999999696854502
1.638999940215917e-05,0.00011999999696854502
1.6399999402098395e-05,0.00015999999595806003
1.640999940203762e-05,0.00011999999696854502
1.6419999401976845e-05,0.00011999999696854502
1.642999940191607e-05,0.00011999999696854502
1.6439999401855296e-05,0.00011999999696854502
1.644999940179452e-05,0.00011999999696854502
1.6459999401733746e-05,0.00011999999696854502
1.646999940167297e-05,0.00011999999696854502
1.6479999401612197e-05,0.00011999999696854502
1.6489999401551422e-05,0.00011999999696854502
1.6499999401490647e-05,0.00011999999696854502
1.6509999401429873e-05,0.00011999999696854502
1.6519999401369098e-05,0.00011999999696854502
1.6529999401308323e-05,0.00011999999696854502
1.653999940124755e-05,0.00011999999696854502
1.6549999401186774e-05,0.00011999999696854502
1.6559999401126e-05,0.00011999999696854502
1.6569999401065225e-05,0.00011999999696854502
1.657999940100445e-05,0.00011999999696854502
1.6589999400943675e-05,0.00011999999696854502
1.65999994008829e-05,0.00011999999696854502
1.6609999400822126e-05,0.00011999999696854502
1.661999940076135e-05,0.00011999999696854502
1.6629999400700576e-05,0.00011999999696854502
1.66399994006398e-05,0.00011999999696854502
1.6649999400579027e-05,0.00011999999696854502
1.6659999400518252e-05,0.00011999999696854502
1.6669999400457477e-05,0.00011999999696854502
1.6679999400396703e-05,0.00011999999696854502
1.6689999400335928e-05,0.00011999999696854502
1.6699999400275153e-05,0.00011999999696854502
1.670999940021438e-05,0.00011999999696854502
1.6719999400153604e-05,0.00011999999696854502
1.672999940009283e-05,0.00011999999696854502
1.6739999400032054e-05,0.00011999999696854502
1.674999939997128e-05,7.999999797903001e-05
1.6759999399910505e-05,0.00011999999696854502
1.676999939984973e-05,0.00011999999696854502
1.6779999399788956e-05,0.00011999999696854502
1.678999939972818e-05,0.00011999999696854502
1.6799999399667406e-05,0.00011999999696854502
1.680999939960663e-05,0.00011999999696854502
1.6819999399545857e-05,0.00011999999696854502
1.6829999399485082e-05,0.00011999999696854502
1.6839999399424307e-05,0.00011999999696854502
1.6849999399363533e-05,0.00011999999696854502
1.6859999399302758e-05,0.00011999999696854502
1.6869999399241983e-05,0.00011999999696854502
1.687999939918121e-05,0.00011999999696854502
1.6889999399120434e-05,0.00011999999696854502
1.689999939905966e-05,7.999999797903001e-05
1.6909999398998884e-05,0.00011999999696854502
1.691999939893811e-05,0.00011999999696854502
1.6929999398877335e-05,0.00011999999696854502
1.693999939881656e-05,0.00011999999696854502
1.6949999398755786e-05,0.00011999999696854502
1.695999939869501e-05,0.00011999999696854502
1.6969999398634236e-05,0.00011999999696854502
1.697999939857346e-05,0.00011999999696854502
1.6989999398512687e-05,0.00011999999696854502
1.6999999398451912e-05,0.00011999999696854502
1.7009999398391137e-05,0.00011999999696854502
1.7019999398330363e-05,0.00011999999696854502
1.7029999398269588e-05,0.00011999999696854502
1.7039999398208813e-05,0.00011999999696854502
1.704999939814804e-05,0.00015999999595806003
1.7059999398087264e-05,0.00011999999696854502
1.706999939802649e-05,0.00011999999696854502
1.7079999397965714e-05,0.00011999999696854502
1.708999939790494e-05,0.00011999999696854502
1.7099999397844165e-05,0.00011999999696854502
1.710999939778339e-05,0.00011999999696854502
1.7119999397722615e-05,0.00011999999696854502
1.712999939766184e-05,0.00011999999696854502
1.7139999397601066e-05,0.00011999999696854502
1.714999939754029e-05,0.00011999999696854502
1.7159999397479517e-05,0.00011999999696854502
1.7169999397418742e-05,0.00011999999696854502
1.7179999397357967e-05,0.00011999999696854502
1.7189999397297193e-05,0.00011999999696854502
1.7199999397236418e-05,0.00011999999696854502
1.7209999397175643e-05,0.00011999999696854502
1.721999939711487e-05,0.00011999999696854502
1.7229999397054094e-05,0.00011999999696854502
1.723999939699332e-05,0.00011999999696854502
1.7249999396932544e-05,0.00011999999696854502
1.725999939687177e-05,0.00011999999696854502
1.7269999396810995e-05,0.00011999999696854502
1.727999939675022e-05,0.00011999999696854502
1.7289999396689445e-05,0.00011999999696854502
1.729999939662867e-05,0.00011999999696854502
1.7309999396567896e-05,0.00011999999696854502
1.731999939650712e-05,0.00011999999696854502
1.7329999396446347e-05,0.00011999999696854502
1.7339999396385572e-05,0.00011999999696854502
1.7349999396324797e-05,0.00011999999696854502
1.7359999396264022e-05,0.00011999999696854502
1.7369999396203248e-05,0.00011999999696854502
1.7379999396142473e-05,0.00011999999696854502
1.73899993960817e-05,0.00011999999696854502
1.7399999396020924e-05,0.00011999999696854502
1.740999939596015e-05,0.00011999999696854502
1.7419999395899374e-05,0.00011999999696854502
1.74299993958386e-05,0.00011999999696854502
1.7439999395777825e-05,0.00011999999696854502
1.744999939571705e-05,0.00011999999696854502
1.7459999395656275e-05,0.00011999999696854502
1.74699993955955e-05,0.00011999999696854502
1.7479999395534726e-05,0.00011999999696854502
1.748999939547395e-05,0.00011999999696854502
1.7499999395413177e-05,0.00011999999696854502
1.7509999395352402e-05,0.00011999999696854502
1.7519999395291627e-05,0.00011999999696854502
1.7529999395230852e-05,0.00011999999696854502
1.7539999395170078e-05,0.00011999999696854502
1.7549999395109303e-05,0.00011999999696854502
1.7559999395048528e-05,0.00011999999696854502
1.7569999394987754e-05,0.00011999999696854502
1.757999939492698e-05,0.00011999999696854502
1.7589999394866204e-05,0.00011999999696854502
1.759999939480543e-05,0.00011999999696854502
1.7609999394744655e-05,0.00011999999696854502
1.761999939468388e-05,0.00015999999595806003
1.7629999394623105e-05,0.00011999999696854502
1.763999939456233e-05,0.00011999999696854502
1.7649999394501556e-05,0.00011999999696854502
1.765999939444078e-05,0.00011999999696854502
1.7669999394380006e-05,0.00011999999696854502
1.7679999394319232e-05,0.00011999999696854502
1.7689999394258457e-05,0.00011999999696854502
1.7699999394197682e-05,0.00011999999696854502
1.7709999394136908e-05,0.00011999999696854502
1.7719999394076133e-05,0.00011999999696854502
1.7729999394015358e-05,0.00011999999696854502
1.7739999393954583e-05,0.00011999999696854502
1.774999939389381e-05,0.00011999999696854502
1.7759999393833034e-05,0.00011999999696854502
1.776999939377226e-05,0.00011999999696854502
1.7779999393711485e-05,0.00011999999696854502
1.778999939365071e-05,0.00011999999696854502
1.7799999393589935e-05,0.00011999999696854502
1.780999939352916e-05,0.00011999999696854502
1.7819999393468386e-05,0.00011999999696854502
1.782999939340761e-05,0.00011999999696854502
1.7839999393346836e-05,0.00011999999696854502
1.784999939328606e-05,0.00011999999696854502
1.7859999393225287e-05,0.00011999999696854502
1.7869999393164512e-05,0.00011999999696854502
1.7879999393103738e-05,0.00011999999696854502
1.7889999393042963e-05,0.00011999999696854502
1.7899999392982188e-05,0.00011999999696854502
1.7909999392921413e-05,0.00011999999696854502
1.791999939286064e-05,0.00011999999696854502
1.7929999392799864e-05,0.00011999999696854502
1.793999939273909e-05,0.00011999999696854502
1.7949999392678315e-05,0.00011999999696854502
1.795999939261754e-05,0.00011999999696854502
1.7969999392556765e-05,0.00011999999696854502
1.797999939249599e-05,0.00011999999696854502
1.7989999392435216e-05,0.00011999999696854502
1.799999939237444e-05,0.00011999999696854502
1.8009999392313666e-05,0.00011999999696854502
1.801999939225289e-05,0.00011999999696854502
1.8029999392192117e-05,0.00011999999696854502
1.8039999392131342e-05,0.00011999999696854502
1.8049999392070567e-05,0.00011999999696854502
1.8059999392009793e-05,0.00011999999696854502
1.8069999391949018e-05,0.00011999999696854502
1.8079999391888243e-05,0.00011999999696854502
1.808999939182747e-05,0.00011999999696854502
1.8099999391766694e-05,0.00011999999696854502
1.810999939170592e-05,0.00011999999696854502
1.8119999391645145e-05,0.00011999999696854502
1.812999939158437e-05,0.00011999999696854502
1.8139999391523595e-05,0.00011999999696854502
1.814999939146282e-05,0.00011999999696854502
1.8159999391402046e-05,0.00011999999696854502
1.816999939134127e-05,7.999999797903001e-05
1.8179999391280496e-05,0.00011999999696854502
1.818999939121972e-05,0.00011999999696854502
1.8199999391158947e-05,0.00011999999696854502
1.8209999391098172e-05,0.00011999999696854502
1.8219999391037397e-05,0.00011999999696854502
1.8229999390976623e-05,0.00011999999696854502
1.8239999390915848e-05,0.00011999999696854502
1.8249999390855073e-05,0.00011999999696854502
1.82599993907943e-05,0.00011999999696854502
1.8269999390733524e-05,0.00011999999696854502
1.827999939067275e-05,0.00011999999696854502
1.8289999390611974e-05,0.00011999999696854502
1.82999993905512e-05,0.00011999999696854502
1.8309999390490425e-05,0.00011999999696854502
1.831999939042965e-05,0.00011999999696854502
1.8329999390368876e-05,0.00011999999696854502
1.83399993903081e-05,0.00011999999696854502
1.8349999390247326e-05,0.00011999999696854502
1.835999939018655e-05,0.00011999999696854502
1.8369999390125777e-05,0.00011999999696854502
1.8379999390065002e-05,0.00011999999696854502
1.8389999390004227e-05,0.00011999999696854502
1.8399999389943453e-05,0.00011999999696854502
1.8409999389882678e-05,0.00011999999696854502
1.8419999389821903e-05,0.00011999999696854502
1.842999938976113e-05,0.00011999999696854502
1.8439999389700354e-05,0.00011999999696854502
1.844999938963958e-05,0.00011999999696854502
1.8459999389578804e-05,0.00011999999696854502
1.846999938951803e-05,0.00011999999696854502
1.8479999389457255e-05,0.00011999999696854502
1.848999938939648e-05,0.00011999999696854502
1.8499999389335706e-05,0.00011999999696854502
1.850999938927493e-05,0.00011999999696854502
1.8519999389214156e-05,0.00011999999696854502
1.852999938915338e-05,0.00011999999696854502
1.8539999389092607e-05,0.00011999999696854502
1.8549999389031832e-05,0.00011999999696854502
1.8559999388971057e-05,0.00011999999696854502
1.8569999388910283e-05,0.00011999999696854502
1.8579999388849508e-05,0.00011999999696854502
1.8589999388788733e-05,0.00011999999696854502
1.859999938872796e-05,0.00011999999696854502
1.8609999388667184e-05,0.00011999999696854502
1.861999938860641e-05,0.00011999999696854502
1.8629999388545634e-05,0.00011999999696854502
1.863999938848486e-05,0.00011999999696854502
1.8649999388424085e-05,0.00011999999696854502
1.865999938836331e-05,7.999999797903001e-05
1.8669999388302535e-05,0.00011999999696854502
1.867999938824176e-05,0.00015999999595806003
1.8689999388180986e-05,0.00011999999696854502
1.869999938812021e-05,0.00011999999696854502
1.8709999388059437e-05,0.00011999999696854502
1.8719999387998662e-05,0.00011999999696854502
1.8729999387937887e-05,0.00011999999696854502
1.8739999387877113e-05,0.00011999999696854502
1.8749999387816338e-05,0.00011999999696854502
1.8759999387755563e-05,0.00011999999696854502
1.876999938769479e-05,0.00011999999696854502
1.8779999387634014e-05,0.00011999999696854502
1.878999938757324e-05,0.00011999999696854502
1.8799999387512464e-05,0.00011999999696854502
1.880999938745169e-05,0.00011999999696854502
1.8819999387390915e-05,0.00011999999696854502
1.882999938733014e-05,0.00011999999696854502
1.8839999387269365e-05,0.00011999999696854502
1.884999938720859e-05,0.00011999999696854502
1.8859999387147816e-05,0.00011999999696854502
1.886999938708704e-05,0.00011999999696854502
1.8879999387026267e-05,0.00011999999696854502
1.8889999386965492e-05,0.00011999999696854502
1.8899999386904717e-05,0.00011999999696854502
1.8909999386843942e-05,0.00011999999696854502
1.8919999386783168e-05,0.00011999999696854502
1.8929999386722393e-05,0.00011999999696854502
1.893999938666162e-05,0.00011999999696854502
1.8949999386600844e-05,0.00011999999696854502
1.895999938654007e-05,0.00011999999696854502
1.8969999386479294e-05,0.00011999999696854502
1.897999938641852e-05,0.00011999999696854502
1.8989999386357745e-05,0.00011999999696854502
1.899999938629697e-05,0.00011999999696854502
1.9009999386236195e-05,0.00011999999696854502
1.901999938617542e-05,0.00011999999696854502
1.9029999386114646e-05,0.00011999999696854502
1.903999938605387e-05,0.00011999999696854502
1.9049999385993097e-05,0.00011999999696854502
1.9059999385932322e-05,0.00011999999696854502
1.9069999385871547e-05,0.00011999999696854502
1.9079999385810772e-05,0.00011999999696854502
1.9089999385749998e-05,0.00011999999696854502
1.9099999385689223e-05,0.00011999999696854502
1.9109999385628448e-05,0.00011999999696854502
1.9119999385567674e-05,0.00011999999696854502
1.91299993855069e-05,0.00011999999696854502
1.9139999385446124e-05,0.00011999999696854502
1.914999938538535e-05,0.00011999999696854502
1.9159999385324575e-05,0.00015999999595806003
1.91699993852638e-05,0.00011999999696854502
1.9179999385203025e-05,0.00011999999696854502
1.918999938514225e-05,0.00011999999696854502
1.9199999385081476e-05,0.00011999999696854502
1.92099993850207e-05,0.00011999999696854502
1.9219999384959926e-05,0.00011999999696854502
1.9229999384899152e-05,0.00011999999696854502
1.9239999384838377e-05,0.00015999999595806003
1.9249999384777602e-05,0.00011999999696854502
1.9259999384716828e-05,0.00011999999696854502
1.9269999384656053e-05,0.00011999999696854502
1.9279999384595278e-05,0.00011999999696854502
1.9289999384534503e-05,0.00011999999696854502
1.929999938447373e-05,0.00011999999696854502
1.9309999384412954e-05,0.00011999999696854502
1.931999938435218e-05,0.00011999999696854502
1.9329999384291405e-05,0.00011999999696854502
1.933999938423063e-05,0.00011999999696854502
1.9349999384169855e-05,7.999999797903001e-05
1.935999938410908e-05,0.00011999999696854502
1.9369999384048306e-05,0.00011999999696854502
1.937999938398753e-05,0.00011999999696854502
1.9389999383926756e-05,0.00011999999696854502
1.939999938386598e-05,0.00011999999696854502
1.9409999383805207e-05,0.00011999999696854502
1.9419999383744432e-05,0.00011999999696854502
1.9429999383683658e-05,0.00011999999696854502
1.9439999383622883e-05,0.00011999999696854502
1.9449999383562108e-05,0.00015999999595806003
1.9459999383501333e-05,0.00011999999696854502
1.946999938344056e-05,0.00011999999696854502
1.9479999383379784e-05,0.00011999999696854502
1.948999938331901e-05,0.00015999999595806003
1.9499999383258235e-05,0.00011999999696854502
1.950999938319746e-05,0.00011999999696854502
1.9519999383136685e-05,0.00011999999696854502
1.952999938307591e-05,0.00011999999696854502
1.9539999383015136e-05,0.00011999999696854502
1.954999938295436e-05,0.00011999999696854502
1.9559999382893586e-05,0.00011999999696854502
1.956999938283281e-05,0.00011999999696854502
1.9579999382772037e-05,0.00011999999696854502
1.9589999382711262e-05,0.00011999999696854502
1.9599999382650487e-05,0.00011999999696854502
1.9609999382589713e-05,0.00011999999696854502
1.9619999382528938e-05,0.00015999999595806003
1.9629999382468163e-05,0.00011999999696854502
1.963999938240739e-05,0.00011999999696854502
1.9649999382346614e-05,0.00011999999696854502
1.965999938228584e-05,0.00011999999696854502
1.9669999382225065e-05,0.00011999999696854502
1.967999938216429e-05,0.00011999999696854502
1.9689999382103515e-05,0.00011999999696854502
1.969999938204274e-05,0.00011999999696854502
1.9709999381981966e-05,0.00011999999696854502
1.971999938192119e-05,0.00011999999696854502
1.9729999381860416e-05,0.00011999999696854502
1.973999938179964e-05,0.00011999999696854502
1.9749999381738867e-05,0.00011999999696854502
1.9759999381678092e-05,0.00011999999696854502
1.9769999381617317e-05,0.00011999999696854502
1.9779999381556543e-05,0.00011999999696854502
1.9789999381495768e-05,0.00011999999696854502
1.9799999381434993e-05,0.00011999999696854502
1.980999938137422e-05,0.00011999999696854502
1.9819999381313444e-05,0.00011999999696854502
1.982999938125267e-05,0.00011999999696854502
1.9839999381191894e-05,0.00011999999696854502
1.984999938113112e-05,0.00011999999696854502
1.9859999381070345e-05,0.00011999999696854502
1.986999938100957e-05,0.00011999999696854502
1.9879999380948796e-05,0.00011999999696854502
1.988999938088802e-05,0.00011999999696854502
1.9899999380827246e-05,0.00011999999696854502
1.990999938076647e-05,0.00011999999696854502
1.9919999380705697e-05,0.00011999999696854502
1.9929999380644922e-05,0.00011999999696854502
1.9939999380584147e-05,0.00011999999696854502
1.9949999380523373e-05,0.00011999999696854502
1.9959999380462598e-05,0.00011999999696854502
1.9969999380401823e-05,0.00011999999696854502
1.997999938034105e-05,0.00011999999696854502
1.9989999380280274e-05,0.00011999999696854502
1.99999993802195e-05,0.00011999999696854502
2.0009999380158724e-05,0.00011999999696854502
2.001999938009795e-05,0.00011999999696854502
2.0029999380037175e-05,0.00011999999696854502
2.00399993799764e-05,0.00011999999696854502
2.0049999379915626e-05,0.00011999999696854502
2.005999937985485e-05,0.00011999999696854502
2.0069999379794076e-05,0.00011999999696854502
2.00799993797333e-05,0.00011999999696854502
2.0089999379672527e-05,0.00011999999696854502
2.0099999379611752e-05,0.00011999999696854502
2.0109999379550977e-05,0.00011999999696854502
2.0119999379490203e-05,0.00011999999696854502
2.0129999379429428e-05,0.00011999999696854502
2.0139999379368653e-05,0.00011999999696854502
2.014999937930788e-05,0.00011999999696854502
2.0159999379247104e-05,0.00011999999696854502
2.016999937918633e-05,0.00011999999696854502
2.0179999379125554e-05,0.00011999999696854502
2.018999937906478e-05,0.00011999999696854502
2.0199999379004005e-05,0.00011999999696854502
2.020999937894323e-05,0.00011999999696854502
2.0219999378882455e-05,0.00011999999696854502
2.022999937882168e-05,0.00011999999696854502
2.0239999378760906e-05,0.00011999999696854502
2.024999937870013e-05,0.00011999999696854502
2.0259999378639357e-05,0.00011999999696854502
2.0269999378578582e-05,0.00015999999595806003
2.0279999378517807e-05,0.00011999999696854502
2.0289999378457032e-05,0.00011999999696854502
2.0299999378396258e-05,0.00011999999696854502
2.0309999378335483e-05,0.00011999999696854502
2.031999937827471e-05,0.00011999999696854502
2.0329999378213934e-05,0.00011999999696854502
2.033999937815316e-05,0.00011999999696854502
2.0349999378092384e-05,0.00011999999696854502
2.035999937803161e-05,0.00011999999696854502
2.0369999377970835e-05,7.999999797903001e-05
2.037999937791006e-05,0.00011999999696854502
2.0389999377849285e-05,0.00011999999696854502
2.039999937778851e-05,0.00011999999696854502
2.0409999377727736e-05,0.00011999999696854502
2.041999937766696e-05,0.00011999999696854502
2.0429999377606187e-05,0.00011999999696854502
2.0439999377545412e-05,0.00011999999696854502
2.0449999377484637e-05,0.00011999999696854502
2.0459999377423862e-05,0.00011999999696854502
2.0469999377363088e-05,0.00011999999696854502
2.0479999377302313e-05,7.999999797903001e-05
2.0489999377241538e-05,0.00015999999595806003
2.0499999377180764e-05,0.00031999999191612005
2.050999937711999e-05,7.999999797903001e-05
2.0519999377059214e-05,-7.999999797903001e-05
2.052999937699844e-05,0.00011999999696854502
2.0539999376937665e-05,0.00015999999595806003
2.054999937687689e-05,0.00023999999393709004
2.0559999376816115e-05,0.00019999999494757503
2.056999937675534e-05,7.999999797903001e-05
2.0579999376694566e-05,3.9999998989515007e-05
2.058999937663379e-05,0.00011999999696854502
2.0599999376573016e-05,0.00019999999494757503
2.0609999376512242e-05,0.00015999999595806003
2.0619999376451467e-05,7.999999797903001e-05
2.0629999376390692e-05,7.999999797903001e-05
2.0639999376329918e-05,0.00015999999595806003
2.0649999376269143e-05,0.00011999999696854502
2.0659999376208368e-05,7.999999797903001e-05
2.0669999376147594e-05,0.00011999999696854502
2.067999937608682e-05,0.00015999999595806003
2.0689999376026044e-05,0.00015999999595806003
2.069999937596527e-05,7.999999797903001e-05
2.0709999375904495e-05,7.999999797903001e-05
2.071999937584372e-05,0.00015999999595806003
2.0729999375782945e-05,0.00015999999595806003
2.073999937572217e-05,7.999999797903001e-05
2.0749999375661396e-05,7.999999797903001e-05
2.075999937560062e-05,0.00011999999696854502
2.0769999375539846e-05,0.00015999999595806003
2.0779999375479072e-05,0.00015999999595806003
2.0789999375418297e-05,7.999999797903001e-05
2.0799999375357522e-05,0.00011999999696854502
2.0809999375296748e-05,0.00011999999696854502
2.0819999375235973e-05,0.00011999999696854502
2.0829999375175198e-05,0.00011999999696854502
2.0839999375114423e-05,0.00015999999595806003
2.084999937505365e-05,0.00015999999595806003
2.0859999374992874e-05,0.00011999999696854502
2.08699993749321e-05,0.00011999999696854502
2.0879999374871325e-05,0.00011999999696854502
2.088999937481055e-05,0.00011999999696854502
2.0899999374749775e-05,0.00011999999696854502
2.0909999374689e-05,0.00015999999595806003
2.0919999374628226e-05,0.00011999999696854502
2.092999937456745e-05,0.00011999999696854502
2.0939999374506676e-05,0.00011999999696854502
2.09499993744459e-05,0.00011999999696854502
2.0959999374385127e-05,0.00011999999696854502
2.0969999374324352e-05,0.00011999999696854502
2.0979999374263578e-05,0.00011999999696854502
2.0989999374202803e-05,0.00011999999696854502
2.0999999374142028e-05,0.00011999999696854502
2.1009999374081253e-05,0.00011999999696854502
2.101999937402048e-05,0.00011999999696854502
2.1029999373959704e-05,0.00011999999696854502
2.103999937389893e-05,0.00015999999595806003
2.1049999373838155e-05,0.00011999999696854502
2.105999937377738e-05,7.999999797903001e-05
2.1069999373716605e-05,0.00011999999696854502
2.107999937365583e-05,0.00015999999595806003
2.1089999373595056e-05,0.00011999999696854502
2.109999937353428e-05,0.00011999999696854502
2.1109999373473506e-05,0.00011999999696854502
2.111999937341273e-05,0.00015999999595806003
2.1129999373351957e-05,0.00011999999696854502
2.1139999373291182e-05,0.00011999999696854502
2.1149999373230407e-05,0.00011999999696854502
2.1159999373169633e-05,0.00011999999696854502
2.1169999373108858e-05,0.00011999999696854502
2.1179999373048083e-05,0.00011999999696854502
2.118999937298731e-05,0.00011999999696854502
2.1199999372926534e-05,0.00015999999595806003
2.120999937286576e-05,0.00011999999696854502
2.1219999372804984e-05,0.00011999999696854502
2.122999937274421e-05,0.00011999999696854502
2.1239999372683435e-05,0.00015999999595806003
2.124999937262266e-05,0.00011999999696854502
2.1259999372561886e-05,0.00011999999696854502
2.126999937250111e-05,0.00011999999696854502
2.1279999372440336e-05,0.00011999999696854502
2.128999937237956e-05,0.00011999999696854502
2.1299999372318787e-05,0.00015999999595806003
2.1309999372258012e-05,0.00011999999696854502
2.1319999372197237e-05,0.00015999999595806003
2.1329999372136463e-05,0.00011999999696854502
2.1339999372075688e-05,0.00011999999696854502
2.1349999372014913e-05,0.00015999999595806003
2.135999937195414e-05,0.00015999999595806003
2.1369999371893364e-05,0.00015999999595806003
2.137999937183259e-05,0.00011999999696854502
2.1389999371771814e-05,0.00015999999595806003
2.139999937171104e-05,0.00015999999595806003
2.1409999371650265e-05,0.00015999999595806003
2.141999937158949e-05,0.00015999999595806003
2.1429999371528716e-05,0.00019999999494757503
2.143999937146794e-05,0.00019999999494757503
2.1449999371407166e-05,0.00019999999494757503
2.145999937134639e-05,0.00023999999393709004
2.1469999371285617e-05,0.00023999999393709004
2.1479999371224842e-05,0.00023999999393709004
2.1489999371164067e-05,0.00027999999292660505
2.1499999371103293e-05,0.00027999999292660505
2.1509999371042518e-05,0.00031999999191612005
2.1519999370981743e-05,0.00035999999090563506
2.152999937092097e-05,0.00035999999090563506
2.1539999370860194e-05,0.00039999998989515007
2.154999937079942e-05,0.00043999998888466507
2.1559999370738644e-05,0.0004799999878741801
2.156999937067787e-05,0.0005599999858532101
2.1579999370617095e-05,0.0005999999848427251
2.158999937055632e-05,0.0005999999848427251
2.1599999370495546e-05,0.0006799999828217551
2.160999937043477e-05,0.0007199999818112701
2.1619999370373996e-05,0.0007599999808007851
2.162999937031322e-05,0.0008399999787798151
2.1639999370252447e-05,0.0008799999777693301
2.1649999370191672e-05,0.0009199999767588452
2.1659999370130897e-05,0.0009599999757483602
2.1669999370070123e-05,0.0009999999747378752
2.1679999370009348e-05,0.0010399999737273902
2.1689999369948573e-05,0.0011199999717064202
2.16999993698878e-05,0.0011599999706959352
2.1709999369827024e-05,0.0011599999706959352
2.171999936976625e-05,0.0011999999696854502
2.1729999369705474e-05,0.0012399999686749652
2.17399993696447e-05,0.0012799999676644802
2.1749999369583925e-05,0.0012799999676644802
2.175999936952315e-05,0.0013199999666539952
2.1769999369462375e-05,0.0013599999656435102
2.17799993694016e-05,0.0013599999656435102
2.1789999369340826e-05,0.0013599999656435102
2.179999936928005e-05,0.0013599999656435102
2.1809999369219277e-05,0.0013999999646330252
2.1819999369158502e-05,0.0013999999646330252
2.1829999369097727e-05,0.0013599999656435102
2.1839999369036952e-05,0.0013599999656435102
2.1849999368976178e-05,0.0013599999656435102
2.1859999368915403e-05,0.0013599999656435102
2.186999936885463e-05,0.0013599999656435102
2.1879999368793854e-05,0.0013199999666539952
2.188999936873308e-05,0.0013199999666539952
2.1899999368672304e-05,0.0012799999676644802
2.190999936861153e-05,0.0012399999686749652
2.1919999368550755e-05,0.0012399999686749652
2.192999936848998e-05,0.0011599999706959352
2.1939999368429205e-05,0.0011599999706959352
2.194999936836843e-05,0.0010799999727169052
2.1959999368307656e-05,0.0010799999727169052
2.196999936824688e-05,0.0010399999737273902
2.1979999368186107e-05,0.0009599999757483602
2.1989999368125332e-05,0.0009199999767588452
2.1999999368064557e-05,0.0008799999777693301
2.2009999368003782e-05,0.0007999999797903001
2.2019999367943008e-05,0.0007599999808007851
2.2029999367882233e-05,0.0007199999818112701
2.2039999367821458e-05,0.0006399999838322401
2.2049999367760684e-05,0.0005999999848427251
2.205999936769991e-05,0.0005599999858532101
2.2069999367639134e-05,0.0005199999868636951
2.207999936757836e-05,0.0004799999878741801
2.2089999367517585e-05,0.00043999998888466507
2.209999936745681e-05,0.00039999998989515007
2.2109999367396035e-05,0.00035999999090563506
2.211999936733526e-05,0.00031999999191612005
2.2129999367274486e-05,0.00027999999292660505
2.213999936721371e-05,0.00027999999292660505
2.2149999367152936e-05,0.00027999999292660505
2.2159999367092162e-05,0.00023999999393709004
2.2169999367031387e-05,0.00019999999494757503
2.2179999366970612e-05,0.00019999999494757503
2.2189999366909838e-05,0.00019999999494757503
2.2199999366849063e-05,0.00019999999494757503
2.2209999366788288e-05,0.00019999999494757503
2.2219999366727514e-05,0.00015999999595806003
2.222999936666674e-05,0.00015999999595806003
2.2239999366605964e-05,0.00015999999595806003
2.224999936654519e-05,0.00015999999595806003
2.2259999366484415e-05,0.00015999999595806003
2.226999936642364e-05,0.00015999999595806003
2.2279999366362865e-05,0.00011999999696854502
2.228999936630209e-05,0.00011999999696854502
2.2299999366241316e-05,0.00011999999696854502
2.230999936618054e-05,0.00011999999696854502
2.2319999366119766e-05,0.00011999999696854502
2.2329999366058992e-05,0.00011999999696854502
2.2339999365998217e-05,0.00011999999696854502
2.2349999365937442e-05,0.00011999999696854502
2.2359999365876668e-05,0.00011999999696854502
2.2369999365815893e-05,0.00011999999696854502
2.2379999365755118e-05,0.00011999999696854502
2.2389999365694343e-05,0.00011999999696854502
2.239999936563357e-05,0.00011999999696854502
2.2409999365572794e-05,0.00011999999696854502
2.241999936551202e-05,0.00011999999696854502
2.2429999365451245e-05,0.00011999999696854502
2.243999936539047e-05,0.00011999999696854502
2.2449999365329695e-05,0.00011999999696854502
2.245999936526892e-05,0.00011999999696854502
2.2469999365208146e-05,0.00011999999696854502
2.247999936514737e-05,0.00011999999696854502
2.2489999365086596e-05,0.00011999999696854502
2.249999936502582e-05,0.00011999999696854502
2.2509999364965047e-05,0.00011999999696854502
2.2519999364904272e-05,0.00011999999696854502
2.2529999364843498e-05,0.00011999999696854502
2.2539999364782723e-05,0.00011999999696854502
2.2549999364721948e-05,0.00015999999595806003
2.2559999364661173e-05,0.00011999999696854502
2.25699993646004e-05,0.00011999999696854502
2.2579999364539624e-05,0.00011999999696854502
2.258999936447885e-05,0.00011999999696854502
2.2599999364418075e-05,0.00011999999696854502
2.26099993643573e-05,0.00011999999696854502
2.2619999364296525e-05,0.00011999999696854502
2.262999936423575e-05,0.00011999999696854502
2.2639999364174976e-05,0.00011999999696854502
2.26499993641142e-05,0.00011999999696854502
2.2659999364053426e-05,0.00011999999696854502
2.266999936399265e-05,0.00011999999696854502
2.2679999363931877e-05,0.00011999999696854502
2.2689999363871102e-05,0.00011999999696854502
2.2699999363810327e-05,0.00011999999696854502
2.2709999363749553e-05,0.00011999999696854502
2.2719999363688778e-05,0.00011999999696854502
2.2729999363628003e-05,0.00011999999696854502
2.273999936356723e-05,0.00015999999595806003
2.2749999363506454e-05,0.00011999999696854502
2.275999936344568e-05,0.00011999999696854502
2.2769999363384904e-05,0.00011999999696854502
2.277999936332413e-05,0.00011999999696854502
2.2789999363263355e-05,0.00011999999696854502
2.279999936320258e-05,0.00011999999696854502
2.2809999363141806e-05,0.00011999999696854502
2.281999936308103e-05,0.00011999999696854502
2.2829999363020256e-05,0.00011999999696854502
2.283999936295948e-05,0.00011999999696854502
2.2849999362898707e-05,0.00011999999696854502
2.2859999362837932e-05,0.00011999999696854502
2.2869999362777157e-05,0.00015999999595806003
2.2879999362716383e-05,0.00011999999696854502
2.2889999362655608e-05,0.00011999999696854502
2.2899999362594833e-05,0.00011999999696854502
2.290999936253406e-05,0.00011999999696854502
2.2919999362473284e-05,0.00011999999696854502
2.292999936241251e-05,0.00011999999696854502
2.2939999362351734e-05,0.00011999999696854502
2.294999936229096e-05,0.00011999999696854502
2.2959999362230185e-05,0.00011999999696854502
2.296999936216941e-05,0.00011999999696854502
2.2979999362108636e-05,0.00011999999696854502
2.298999936204786e-05,0.00011999999696854502
2.2999999361987086e-05,0.00011999999696854502
2.300999936192631e-05,0.00011999999696854502
2.3019999361865537e-05,0.00011999999696854502
2.3029999361804762e-05,0.00011999999696854502
2.3039999361743987e-05,0.00011999999696854502
2.3049999361683213e-05,0.00011999999696854502
2.3059999361622438e-05,0.00011999999696854502
2.3069999361561663e-05,0.00011999999696854502
2.307999936150089e-05,0.00011999999696854502
2.3089999361440114e-05,0.00011999999696854502
2.309999936137934e-05,0.00011999999696854502
2.3109999361318564e-05,0.00011999999696854502
2.311999936125779e-05,0.00011999999696854502
2.3129999361197015e-05,0.00011999999696854502
2.313999936113624e-05,0.00011999999696854502
2.3149999361075466e-05,0.00011999999696854502
2.315999936101469e-05,0.00011999999696854502
2.3169999360953916e-05,0.00011999999696854502
2.317999936089314e-05,0.00011999999696854502
2.3189999360832367e-05,0.00011999999696854502
2.3199999360771592e-05,0.00011999999696854502
2.3209999360710817e-05,0.00011999999696854502
2.3219999360650043e-05,0.00011999999696854502
2.3229999360589268e-05,0.00011999999696854502
2.3239999360528493e-05,0.00011999999696854502
2.324999936046772e-05,0.00011999999696854502
2.3259999360406944e-05,0.00011999999696854502
2.326999936034617e-05,0.00011999999696854502
2.3279999360285394e-05,0.00011999999696854502
2.328999936022462e-05,0.00011999999696854502
2.3299999360163845e-05,0.00011999999696854502
2.330999936010307e-05,0.00011999999696854502
2.3319999360042295e-05,0.00011999999696854502
2.332999935998152e-05,0.00011999999696854502
2.3339999359920746e-05,0.00011999999696854502
2.334999935985997e-05,0.00011999999696854502
2.3359999359799197e-05,0.00011999999696854502
2.3369999359738422e-05,0.00011999999696854502
2.3379999359677647e-05,0.00011999999696854502
2.3389999359616872e-05,0.00011999999696854502
2.3399999359556098e-05,0.00011999999696854502
2.3409999359495323e-05,0.00011999999696854502
2.341999935943455e-05,0.00011999999696854502
2.3429999359373774e-05,0.00011999999696854502
2.3439999359313e-05,0.00011999999696854502
2.3449999359252224e-05,0.00011999999696854502
2.345999935919145e-05,0.00011999999696854502
2.3469999359130675e-05,0.00011999999696854502
2.34799993590699e-05,0.00011999999696854502
2.3489999359009125e-05,0.00011999999696854502
2.349999935894835e-05,0.00011999999696854502
2.3509999358887576e-05,0.00011999999696854502
2.35199993588268e-05,0.00015999999595806003
2.3529999358766027e-05,0.00015999999595806003
2.3539999358705252e-05,0.00011999999696854502
2.3549999358644477e-05,0.00011999999696854502
2.3559999358583702e-05,0.00011999999696854502
2.3569999358522928e-05,0.00011999999696854502
2.3579999358462153e-05,0.00011999999696854502
2.3589999358401378e-05,0.00011999999696854502
2.3599999358340604e-05,0.00011999999696854502
2.360999935827983e-05,0.00011999999696854502
2.3619999358219054e-05,0.00011999999696854502
2.362999935815828e-05,0.00011999999696854502
2.3639999358097505e-05,0.00011999999696854502
2.364999935803673e-05,0.00011999999696854502
2.3659999357975955e-05,0.00011999999696854502
2.366999935791518e-05,0.00011999999696854502
2.3679999357854406e-05,0.00011999999696854502
2.368999935779363e-05,0.00011999999696854502
2.3699999357732856e-05,0.00011999999696854502
2.3709999357672082e-05,0.00011999999696854502
2.3719999357611307e-05,0.00011999999696854502
2.3729999357550532e-05,0.00011999999696854502
2.3739999357489758e-05,0.00011999999696854502
2.3749999357428983e-05,0.00011999999696854502
2.3759999357368208e-05,0.00011999999696854502
2.3769999357307434e-05,0.00015999999595806003
2.377999935724666e-05,0.00011999999696854502
2.3789999357185884e-05,0.00011999999696854502
2.379999935712511e-05,0.00011999999696854502
2.3809999357064335e-05,0.00011999999696854502
2.381999935700356e-05,0.00011999999696854502
2.3829999356942785e-05,0.00011999999696854502
2.383999935688201e-05,0.00011999999696854502
2.3849999356821236e-05,0.00011999999696854502
2.385999935676046e-05,0.00011999999696854502
2.3869999356699686e-05,0.00011999999696854502
2.3879999356638912e-05,0.00011999999696854502
2.3889999356578137e-05,0.00011999999696854502
2.3899999356517362e-05,0.00011999999696854502
2.3909999356456588e-05,0.00011999999696854502
2.3919999356395813e-05,0.00011999999696854502
2.3929999356335038e-05,0.00011999999696854502
2.3939999356274263e-05,0.00011999999696854502
2.394999935621349e-05,0.00011999999696854502
2.3959999356152714e-05,0.00011999999696854502
2.396999935609194e-05,0.00011999999696854502
2.3979999356031165e-05,0.00011999999696854502
2.398999935597039e-05,0.00011999999696854502
2.3999999355909615e-05,0.00011999999696854502
2.400999935584884e-05,0.00011999999696854502
2.4019999355788066e-05,0.00011999999696854502
2.402999935572729e-05,0.00011999999696854502
2.4039999355666516e-05,0.00011999999696854502
2.404999935560574e-05,0.00011999999696854502
2.4059999355544967e-05,0.00011999999696854502
2.4069999355484192e-05,0.00011999999696854502
2.4079999355423418e-05,0.00011999999696854502
2.4089999355362643e-05,0.00011999999696854502
2.4099999355301868e-05,0.00011999999696854502
2.4109999355241093e-05,0.00011999999696854502
2.411999935518032e-05,0.00011999999696854502
2.4129999355119544e-05,0.00011999999696854502
2.413999935505877e-05,0.00011999999696854502
2.4149999354997995e-05,0.00011999999696854502
2.415999935493722e-05,0.00011999999696854502
2.4169999354876445e-05,0.00011999999696854502
2.417999935481567e-05,0.00011999999696854502
2.4189999354754896e-05,0.00011999999696854502
2.419999935469412e-05,0.00011999999696854502
2.4209999354633346e-05,0.00011999999696854502
2.421999935457257e-05,0.00011999999696854502
2.4229999354511797e-05,7.999999797903001e-05
2.4239999354451022e-05,0.00011999999696854502
2.4249999354390247e-05,0.00011999999696854502
2.4259999354329473e-05,0.00011999999696854502
2.4269999354268698e-05,0.00011999999696854502
2.4279999354207923e-05,0.00011999999696854502
2.428999935414715e-05,0.00011999999696854502
2.4299999354086374e-05,0.00011999999696854502
2.43099993540256e-05,0.00011999999696854502
2.4319999353964824e-05,0.00011999999696854502
2.432999935390405e-05,0.00011999999696854502
2.4339999353843275e-05,0.00011999999696854502
2.43499993537825e-05,0.00011999999696854502
2.4359999353721726e-05,0.00011999999696854502
2.436999935366095e-05,0.00011999999696854502
2.4379999353600176e-05,0.00011999999696854502
2.43899993535394e-05,0.00011999999696854502
2.4399999353478627e-05,0.00011999999696854502
2.4409999353417852e-05,0.00011999999696854502
2.4419999353357077e-05,0.00011999999696854502
2.4429999353296303e-05,0.00011999999696854502
2.4439999353235528e-05,0.00011999999696854502
2.4449999353174753e-05,0.00011999999696854502
2.445999935311398e-05,0.00011999999696854502
2.4469999353053204e-05,0.00011999999696854502
2.447999935299243e-05,0.00011999999696854502
2.4489999352931654e-05,0.00011999999696854502
2.449999935287088e-05,0.00011999999696854502
2.4509999352810105e-05,0.00011999999696854502
2.451999935274933e-05,0.00011999999696854502
2.4529999352688556e-05,0.00011999999696854502
2.453999935262778e-05,0.00011999999696854502
2.4549999352567006e-05,0.00011999999696854502
2.455999935250623e-05,0.00011999999696854502
2.4569999352445457e-05,0.00011999999696854502
2.4579999352384682e-05,0.00011999999696854502
2.4589999352323907e-05,0.00011999999696854502
2.4599999352263133e-05,0.00011999999696854502
2.4609999352202358e-05,0.00011999999696854502
2.4619999352141583e-05,0.00015999999595806003
2.462999935208081e-05,0.00011999999696854502
2.4639999352020034e-05,0.00011999999696854502
2.464999935195926e-05,0.00011999999696854502
2.4659999351898484e-05,0.00011999999696854502
2.466999935183771e-05,0.00011999999696854502
2.4679999351776935e-05,0.00011999999696854502
2.468999935171616e-05,0.00011999999696854502
2.4699999351655386e-05,0.00011999999696854502
2.470999935159461e-05,0.00011999999696854502
2.4719999351533836e-05,0.00011999999696854502
2.472999935147306e-05,0.00011999999696854502
2.4739999351412287e-05,0.00011999999696854502
2.4749999351351512e-05,0.00011999999696854502
2.4759999351290737e-05,0.00011999999696854502
2.4769999351229963e-05,0.00011999999696854502
2.4779999351169188e-05,0.00011999999696854502
2.4789999351108413e-05,0.00011999999696854502
2.479999935104764e-05,0.00011999999696854502
2.4809999350986864e-05,0.00011999999696854502
2.481999935092609e-05,0.00011999999696854502
2.4829999350865314e-05,0.00011999999696854502
2.483999935080454e-05,0.00011999999696854502
2.4849999350743765e-05,0.00011999999696854502
2.485999935068299e-05,0.00011999999696854502
2.4869999350622215e-05,0.00011999999696854502
2.487999935056144e-05,0.00011999999696854502
2.4889999350500666e-05,0.00011999999696854502
2.489999935043989e-05,0.00011999999696854502
2.4909999350379117e-05,0.00011999999696854502
2.4919999350318342e-05,0.00011999999696854502
2.4929999350257567e-05,7.999999797903001e-05
2.4939999350196792e-05,0.00011999999696854502
2.4949999350136018e-05,0.00011999999696854502
2.4959999350075243e-05,0.00011999999696854502
2.496999935001447e-05,0.00011999999696854502
2.4979999349953694e-05,0.00011999999696854502
2.498999934989292e-05,0.00011999999696854502
2.4999999349832144e-05,0.00011999999696854502
2.500999934977137e-05,0.00011999999696854502
2.5019999349710595e-05,0.00011999999696854502
2.502999934964982e-05,0.00011999999696854502
2.5039999349589045e-05,0.00011999999696854502
2.504999934952827e-05,7.999999797903001e-05
2.5059999349467496e-05,0.00011999999696854502
2.506999934940672e-05,0.00011999999696854502
2.5079999349345947e-05,0.00011999999696854502
2.5089999349285172e-05,0.00011999999696854502
2.5099999349224397e-05,0.00011999999696854502
2.5109999349163622e-05,0.00011999999696854502
2.5119999349102848e-05,0.00011999999696854502
2.5129999349042073e-05,0.00011999999696854502
2.5139999348981298e-05,0.00011999999696854502
2.5149999348920524e-05,0.00011999999696854502
2.515999934885975e-05,0.00011999999696854502
2.5169999348798974e-05,0.00011999999696854502
2.51799993487382e-05,0.00011999999696854502
2.5189999348677425e-05,0.00011999999696854502
2.519999934861665e-05,0.00011999999696854502
2.5209999348555875e-05,0.00011999999696854502
2.52199993484951e-05,0.00011999999696854502
2.5229999348434326e-05,0.00011999999696854502
2.523999934837355e-05,0.00015999999595806003
2.5249999348312776e-05,0.00011999999696854502
2.5259999348252002e-05,0.00011999999696854502
2.5269999348191227e-05,0.00011999999696854502
2.5279999348130452e-05,0.00011999999696854502
2.5289999348069678e-05,0.00011999999696854502
2.5299999348008903e-05,0.00011999999696854502
2.5309999347948128e-05,0.00011999999696854502
2.5319999347887354e-05,0.00011999999696854502
2.532999934782658e-05,0.00011999999696854502
2.5339999347765804e-05,0.00011999999696854502
2.534999934770503e-05,0.00011999999696854502
2.5359999347644255e-05,0.00011999999696854502
2.536999934758348e-05,0.00011999999696854502
2.5379999347522705e-05,0.00011999999696854502
2.538999934746193e-05,0.00011999999696854502
2.5399999347401156e-05,0.00011999999696854502
2.540999934734038e-05,0.00011999999696854502
2.5419999347279606e-05,0.00011999999696854502
2.5429999347218832e-05,0.00011999999696854502
2.5439999347158057e-05,0.00011999999696854502
2.5449999347097282e-05,0.00011999999696854502
2.5459999347036508e-05,0.00011999999696854502
2.5469999346975733e-05,0.00011999999696854502
2.5479999346914958e-05,0.00011999999696854502
2.5489999346854183e-05,0.00011999999696854502
2.549999934679341e-05,7.999999797903001e-05
2.5509999346732634e-05,0.00011999999696854502
2.551999934667186e-05,0.00011999999696854502
2.5529999346611085e-05,0.00011999999696854502
2.553999934655031e-05,0.00011999999696854502
2.5549999346489535e-05,0.00011999999696854502
2.555999934642876e-05,0.00011999999696854502
2.5569999346367986e-05,0.00011999999696854502
2.557999934630721e-05,0.00011999999696854502
2.5589999346246436e-05,0.00011999999696854502
2.559999934618566e-05,0.00011999999696854502
2.5609999346124887e-05,0.00011999999696854502
2.5619999346064112e-05,0.00011999999696854502
2.5629999346003338e-05,0.00011999999696854502
2.5639999345942563e-05,0.00011999999696854502
2.5649999345881788e-05,0.00011999999696854502
2.5659999345821013e-05,0.00011999999696854502
2.566999934576024e-05,0.00011999999696854502
2.5679999345699464e-05,0.00011999999696854502
2.568999934563869e-05,0.00011999999696854502
2.5699999345577915e-05,0.00011999999696854502
2.570999934551714e-05,0.00011999999696854502
2.5719999345456365e-05,0.00011999999696854502
2.572999934539559e-05,0.00011999999696854502
2.5739999345334816e-05,0.00011999999696854502
2.574999934527404e-05,0.00011999999696854502
2.5759999345213266e-05,0.00011999999696854502
2.576999934515249e-05,0.00011999999696854502
2.5779999345091717e-05,0.00011999999696854502
2.5789999345030942e-05,0.00011999999696854502
2.5799999344970167e-05,0.00011999999696854502
2.5809999344909393e-05,0.00011999999696854502
2.5819999344848618e-05,0.00011999999696854502
2.5829999344787843e-05,0.00011999999696854502
2.583999934472707e-05,0.00011999999696854502
2.5849999344666294e-05,7.999999797903001e-05
2.585999934460552e-05,0.00011999999696854502
2.5869999344544744e-05,0.00011999999696854502
2.587999934448397e-05,0.00011999999696854502
2.5889999344423195e-05,0.00011999999696854502
2.589999934436242e-05,0.00011999999696854502
2.5909999344301646e-05,0.00011999999696854502
2.591999934424087e-05,0.00011999999696854502
2.5929999344180096e-05,0.00011999999696854502
2.593999934411932e-05,0.00011999999696854502
2.5949999344058547e-05,0.00011999999696854502
2.5959999343997772e-05,0.00011999999696854502
2.5969999343936997e-05,0.00011999999696854502
2.5979999343876223e-05,0.00011999999696854502
2.5989999343815448e-05,0.00011999999696854502
2.5999999343754673e-05,0.00011999999696854502
2.60099993436939e-05,0.00011999999696854502
2.6019999343633124e-05,0.00011999999696854502
2.602999934357235e-05,0.00011999999696854502
2.6039999343511574e-05,0.00011999999696854502
2.60499993434508e-05,0.00011999999696854502
2.6059999343390025e-05,0.00011999999696854502
2.606999934332925e-05,0.00011999999696854502
2.6079999343268476e-05,0.00011999999696854502
2.60899993432077e-05,0.00011999999696854502
2.6099999343146926e-05,0.00011999999696854502
2.610999934308615e-05,0.00011999999696854502
2.6119999343025377e-05,0.00011999999696854502
2.6129999342964602e-05,0.00011999999696854502
2.6139999342903827e-05,0.00011999999696854502
2.6149999342843053e-05,0.00011999999696854502
2.6159999342782278e-05,0.00011999999696854502
2.6169999342721503e-05,0.00011999999696854502
2.617999934266073e-05,0.00011999999696854502
2.6189999342599954e-05,0.00011999999696854502
2.619999934253918e-05,0.00011999999696854502
2.6209999342478404e-05,0.00011999999696854502
2.621999934241763e-05,0.00011999999696854502
2.6229999342356855e-05,7.999999797903001e-05
2.623999934229608e-05,0.00011999999696854502
2.6249999342235306e-05,0.00011999999696854502
2.625999934217453e-05,0.00011999999696854502
2.6269999342113756e-05,0.00011999999696854502
2.627999934205298e-05,0.00011999999696854502
2.6289999341992207e-05,0.00011999999696854502
2.6299999341931432e-05,0.00011999999696854502
2.6309999341870657e-05,0.00011999999696854502
2.6319999341809883e-05,7.999999797903001e-05
2.6329999341749108e-05,0.00011999999696854502
2.6339999341688333e-05,0.00011999999696854502
2.634999934162756e-05,0.00011999999696854502
2.6359999341566784e-05,0.00011999999696854502
2.636999934150601e-05,0.00011999999696854502
2.6379999341445234e-05,0.00011999999696854502
2.638999934138446e-05,0.00011999999696854502
2.6399999341323685e-05,0.00011999999696854502
2.640999934126291e-05,0.00011999999696854502
2.6419999341202135e-05,0.00011999999696854502
2.642999934114136e-05,0.00011999999696854502
2.6439999341080586e-05,0.00011999999696854502
2.644999934101981e-05,0.00011999999696854502
2.6459999340959037e-05,0.00011999999696854502
2.6469999340898262e-05,0.00011999999696854502
2.6479999340837487e-05,0.00011999999696854502
2.6489999340776712e-05,0.00011999999696854502
2.6499999340715938e-05,0.00011999999696854502
2.6509999340655163e-05,0.00011999999696854502
2.651999934059439e-05,0.00011999999696854502
2.6529999340533614e-05,0.00011999999696854502
2.653999934047284e-05,0.00011999999696854502
2.6549999340412064e-05,0.00011999999696854502
2.655999934035129e-05,0.00011999999696854502
2.6569999340290515e-05,0.00011999999696854502
2.657999934022974e-05,0.00011999999696854502
2.6589999340168965e-05,0.00011999999696854502
2.659999934010819e-05,0.00011999999696854502
2.6609999340047416e-05,0.00011999999696854502
2.661999933998664e-05,0.00011999999696854502
2.6629999339925867e-05,0.00011999999696854502
2.6639999339865092e-05,0.00011999999696854502
2.6649999339804317e-05,0.00011999999696854502
2.6659999339743542e-05,0.00011999999696854502
2.6669999339682768e-05,0.00011999999696854502
2.6679999339621993e-05,7.999999797903001e-05
2.6689999339561218e-05,0.00011999999696854502
2.6699999339500444e-05,0.00011999999696854502
2.670999933943967e-05,0.00011999999696854502
2.6719999339378894e-05,0.00011999999696854502
2.672999933931812e-05,0.00011999999696854502
2.6739999339257345e-05,0.00011999999696854502
2.674999933919657e-05,0.00011999999696854502
2.6759999339135795e-05,0.00011999999696854502
2.676999933907502e-05,0.00011999999696854502
2.6779999339014246e-05,0.00011999999696854502
2.678999933895347e-05,0.00011999999696854502
2.6799999338892696e-05,0.00011999999696854502
2.6809999338831922e-05,0.00011999999696854502
2.6819999338771147e-05,0.00011999999696854502
2.6829999338710372e-05,0.00015999999595806003
2.6839999338649598e-05,0.00011999999696854502
2.6849999338588823e-05,0.00011999999696854502
2.6859999338528048e-05,0.00011999999696854502
2.6869999338467274e-05,0.00011999999696854502
2.68799993384065e-05,0.00011999999696854502
2.6889999338345724e-05,7.999999797903001e-05
2.689999933828495e-05,0.00011999999696854502
2.6909999338224175e-05,0.00011999999696854502
2.69199993381634e-05,0.00011999999696854502
2.6929999338102625e-05,0.00011999999696854502
2.693999933804185e-05,0.00011999999696854502
2.6949999337981076e-05,0.00011999999696854502
2.69599993379203e-05,0.00011999999696854502
2.6969999337859526e-05,0.00011999999696854502
2.6979999337798752e-05,0.00011999999696854502
2.6989999337737977e-05,0.00011999999696854502
2.6999999337677202e-05,0.00011999999696854502
2.7009999337616428e-05,0.00011999999696854502
2.7019999337555653e-05,0.00011999999696854502
2.7029999337494878e-05,0.00011999999696854502
2.7039999337434103e-05,0.00011999999696854502
2.704999933737333e-05,0.00011999999696854502
2.7059999337312554e-05,0.00011999999696854502
2.706999933725178e-05,0.00011999999696854502
2.7079999337191005e-05,0.00011999999696854502
2.708999933713023e-05,7.999999797903001e-05
2.7099999337069455e-05,0.00011999999696854502
2.710999933700868e-05,0.00011999999696854502
2.7119999336947906e-05,0.00011999999696854502
2.712999933688713e-05,0.00011999999696854502
2.7139999336826356e-05,0.00011999999696854502
2.714999933676558e-05,0.00011999999696854502
2.7159999336704807e-05,0.00011999999696854502
2.7169999336644032e-05,0.00011999999696854502
2.7179999336583258e-05,0.00011999999696854502
2.7189999336522483e-05,0.00011999999696854502
2.7199999336461708e-05,0.00011999999696854502
2.7209999336400933e-05,0.00011999999696854502
2.721999933634016e-05,0.00011999999696854502
2.7229999336279384e-05,0.00011999999696854502
2.723999933621861e-05,0.00011999999696854502
2.7249999336157835e-05,0.00011999999696854502
2.725999933609706e-05,0.00011999999696854502
2.7269999336036285e-05,0.00011999999696854502
2.727999933597551e-05,0.00011999999696854502
2.7289999335914736e-05,0.00011999999696854502
2.729999933585396e-05,7.999999797903001e-05
2.7309999335793186e-05,0.00011999999696854502
2.731999933573241e-05,0.00011999999696854502
2.7329999335671637e-05,0.00011999999696854502
2.7339999335610862e-05,0.00011999999696854502
2.7349999335550087e-05,0.00011999999696854502
2.7359999335489313e-05,0.00011999999696854502
2.7369999335428538e-05,0.00011999999696854502
2.7379999335367763e-05,0.00011999999696854502
2.738999933530699e-05,0.00011999999696854502
2.7399999335246214e-05,0.00011999999696854502
2.740999933518544e-05,0.00011999999696854502
2.7419999335124664e-05,7.999999797903001e-05
2.742999933506389e-05,0.00011999999696854502
2.7439999335003115e-05,0.00011999999696854502
2.744999933494234e-05,0.00011999999696854502
2.7459999334881566e-05,7.999999797903001e-05
2.746999933482079e-05,0.00011999999696854502
2.7479999334760016e-05,0.00011999999696854502
2.748999933469924e-05,0.00011999999696854502
2.7499999334638467e-05,0.00011999999696854502
2.7509999334577692e-05,0.00011999999696854502
2.7519999334516917e-05,0.00011999999696854502
2.7529999334456143e-05,0.00011999999696854502
2.7539999334395368e-05,0.00011999999696854502
2.7549999334334593e-05,0.00011999999696854502
2.755999933427382e-05,0.00011999999696854502
2.7569999334213044e-05,0.00011999999696854502
2.757999933415227e-05,0.00011999999696854502
2.7589999334091494e-05,0.00011999999696854502
2.759999933403072e-05,0.00011999999696854502
2.7609999333969945e-05,0.00011999999696854502
2.761999933390917e-05,0.00011999999696854502
2.7629999333848396e-05,0.00011999999696854502
2.763999933378762e-05,0.00011999999696854502
2.7649999333726846e-05,0.00011999999696854502
2.765999933366607e-05,0.00011999999696854502
2.7669999333605297e-05,0.00011999999696854502
2.7679999333544522e-05,0.00011999999696854502
2.7689999333483747e-05,0.00011999999696854502
2.7699999333422973e-05,0.00011999999696854502
2.7709999333362198e-05,0.00011999999696854502
2.7719999333301423e-05,0.00011999999696854502
2.772999933324065e-05,0.00011999999696854502
2.7739999333179874e-05,0.00011999999696854502
2.77499993331191e-05,0.00011999999696854502
2.7759999333058324e-05,0.00011999999696854502
2.776999933299755e-05,0.00011999999696854502
2.7779999332936775e-05,0.00011999999696854502
2.7789999332876e-05,0.00011999999696854502
2.7799999332815226e-05,0.00011999999696854502
2.780999933275445e-05,0.00011999999696854502
2.7819999332693676e-05,0.00011999999696854502
2.78299993326329e-05,0.00011999999696854502
2.7839999332572127e-05,0.00011999999696854502
2.7849999332511352e-05,0.00011999999696854502
2.7859999332450577e-05,0.00011999999696854502
2.7869999332389803e-05,0.00011999999696854502
2.7879999332329028e-05,0.00011999999696854502
2.7889999332268253e-05,0.00011999999696854502
2.789999933220748e-05,0.00011999999696854502
2.7909999332146704e-05,0.00011999999696854502
2.791999933208593e-05,0.00011999999696854502
2.7929999332025154e-05,0.00011999999696854502
2.793999933196438e-05,0.00011999999696854502
2.7949999331903605e-05,0.00011999999696854502
2.795999933184283e-05,0.00011999999696854502
2.7969999331782055e-05,0.00011999999696854502
2.797999933172128e-05,0.00011999999696854502
2.7989999331660506e-05,0.00011999999696854502
2.799999933159973e-05,0.00011999999696854502
2.8009999331538957e-05,0.00011999999696854502
2.8019999331478182e-05,0.00011999999696854502
2.8029999331417407e-05,0.00011999999696854502
2.8039999331356632e-05,0.00011999999696854502
2.8049999331295858e-05,0.00011999999696854502
2.8059999331235083e-05,0.00011999999696854502
2.806999933117431e-05,7.999999797903001e-05
2.8079999331113534e-05,0.00011999999696854502
2.808999933105276e-05,0.00011999999696854502
2.8099999330991984e-05,0.00011999999696854502
2.810999933093121e-05,0.00011999999696854502
2.8119999330870435e-05,0.00011999999696854502
2.812999933080966e-05,0.00011999999696854502
2.8139999330748885e-05,0.00011999999696854502
2.814999933068811e-05,0.00011999999696854502
2.8159999330627336e-05,0.00011999999696854502
2.816999933056656e-05,0.00011999999696854502
2.8179999330505787e-05,0.00011999999696854502
2.8189999330445012e-05,0.00011999999696854502
2.8199999330384237e-05,0.00011999999696854502
2.8209999330323462e-05,0.00011999999696854502
2.8219999330262688e-05,0.00011999999696854502
2.8229999330201913e-05,0.00011999999696854502
2.8239999330141138e-05,0.00011999999696854502
2.8249999330080364e-05,0.00011999999696854502
2.825999933001959e-05,0.00011999999696854502
2.8269999329958814e-05,0.00011999999696854502
2.827999932989804e-05,0.00011999999696854502
2.8289999329837265e-05,0.00011999999696854502
2.829999932977649e-05,0.00011999999696854502
2.8309999329715715e-05,0.00011999999696854502
2.831999932965494e-05,0.00011999999696854502
2.8329999329594166e-05,0.00011999999696854502
2.833999932953339e-05,0.00011999999696854502
2.8349999329472616e-05,0.00011999999696854502
2.8359999329411842e-05,7.999999797903001e-05
2.8369999329351067e-05,0.00011999999696854502
2.8379999329290292e-05,0.00011999999696854502
2.8389999329229518e-05,0.00011999999696854502
2.8399999329168743e-05,0.00011999999696854502
2.8409999329107968e-05,0.00011999999696854502
2.8419999329047194e-05,0.00011999999696854502
2.842999932898642e-05,0.00011999999696854502
2.8439999328925644e-05,0.00011999999696854502
2.844999932886487e-05,0.00011999999696854502
2.8459999328804095e-05,0.00011999999696854502
2.846999932874332e-05,0.00011999999696854502
2.8479999328682545e-05,0.00011999999696854502
2.848999932862177e-05,0.00011999999696854502
2.8499999328560996e-05,0.00011999999696854502
2.850999932850022e-05,0.00011999999696854502
2.8519999328439446e-05,0.00011999999696854502
2.8529999328378672e-05,0.00011999999696854502
2.8539999328317897e-05,0.00011999999696854502
2.8549999328257122e-05,0.00011999999696854502
2.8559999328196348e-05,0.00011999999696854502
2.8569999328135573e-05,0.00011999999696854502
2.8579999328074798e-05,0.00011999999696854502
2.8589999328014023e-05,0.00011999999696854502
2.859999932795325e-05,0.00011999999696854502
2.8609999327892474e-05,0.00011999999696854502
2.86199993278317e-05,0.00011999999696854502
2.8629999327770925e-05,0.00011999999696854502
2.863999932771015e-05,0.00011999999696854502
2.8649999327649375e-05,0.00011999999696854502
2.86599993275886e-05,0.00011999999696854502
2.8669999327527826e-05,7.999999797903001e-05
2.867999932746705e-05,0.00011999999696854502
2.8689999327406276e-05,0.00011999999696854502
2.86999993273455e-05,0.00011999999696854502
2.8709999327284727e-05,0.00011999999696854502
2.8719999327223952e-05,0.00011999999696854502
2.8729999327163178e-05,0.00011999999696854502
2.8739999327102403e-05,0.00011999999696854502
2.8749999327041628e-05,0.00011999999696854502
2.8759999326980853e-05,0.00011999999696854502
2.876999932692008e-05,0.00011999999696854502
2.8779999326859304e-05,0.00011999999696854502
2.878999932679853e-05,0.00011999999696854502
2.8799999326737755e-05,0.00011999999696854502
2.880999932667698e-05,0.00011999999696854502
2.8819999326616205e-05,0.00011999999696854502
2.882999932655543e-05,0.00011999999696854502
2.8839999326494656e-05,0.00011999999696854502
2.884999932643388e-05,0.00011999999696854502
2.8859999326373106e-05,0.00011999999696854502
2.886999932631233e-05,0.00011999999696854502
2.8879999326251557e-05,0.00011999999696854502
2.8889999326190782e-05,7.999999797903001e-05
2.8899999326130007e-05,0.00011999999696854502
2.8909999326069233e-05,0.00011999999696854502
2.8919999326008458e-05,0.00011999999696854502
2.8929999325947683e-05,0.00011999999696854502
2.893999932588691e-05,0.00011999999696854502
2.8949999325826134e-05,0.00011999999696854502
2.895999932576536e-05,0.00011999999696854502
2.8969999325704584e-05,7.999999797903001e-05
2.897999932564381e-05,0.00011999999696854502
2.8989999325583035e-05,0.00011999999696854502
2.899999932552226e-05,0.00011999999696854502
2.9009999325461486e-05,0.00011999999696854502
2.901999932540071e-05,0.00011999999696854502
2.9029999325339936e-05,0.00011999999696854502
2.903999932527916e-05,0.00011999999696854502
2.9049999325218387e-05,0.00011999999696854502
2.9059999325157612e-05,0.00011999999696854502
2.9069999325096837e-05,0.00011999999696854502
2.9079999325036063e-05,0.00011999999696854502
2.9089999324975288e-05,0.00011999999696854502
2.9099999324914513e-05,0.00011999999696854502
2.910999932485374e-05,0.00011999999696854502
2.9119999324792964e-05,0.00011999999696854502
2.912999932473219e-05,7.999999797903001e-05
2.9139999324671414e-05,0.00011999999696854502
2.914999932461064e-05,0.00011999999696854502
2.9159999324549865e-05,0.00011999999696854502
2.916999932448909e-05,0.00011999999696854502
2.9179999324428316e-05,0.00011999999696854502
2.918999932436754e-05,0.00011999999696854502
2.9199999324306766e-05,0.00011999999696854502
2.920999932424599e-05,7.999999797903001e-05
2.9219999324185217e-05,7.999999797903001e-05
2.9229999324124442e-05,0.00011999999696854502
2.9239999324063667e-05,0.00011999999696854502
2.9249999324002893e-05,0.00011999999696854502
2.9259999323942118e-05,0.00011999999696854502
2.9269999323881343e-05,0.00011999999696854502
2.927999932382057e-05,0.00011999999696854502
2.9289999323759794e-05,0.00011999999696854502
2.929999932369902e-05,0.00011999999696854502
2.9309999323638244e-05,0.00011999999696854502
2.931999932357747e-05,0.00011999999696854502
2.9329999323516695e-05,0.00011999999696854502
2.933999932345592e-05,0.00011999999696854502
2.9349999323395146e-05,0.00011999999696854502
2.935999932333437e-05,0.00011999999696854502
2.9369999323273596e-05,0.00011999999696854502
2.937999932321282e-05,0.00011999999696854502
2.9389999323152047e-05,0.00011999999696854502
2.9399999323091272e-05,0.00011999999696854502
2.9409999323030497e-05,0.00011999999696854502
2.9419999322969723e-05,0.00011999999696854502
2.9429999322908948e-05,0.00011999999696854502
2.9439999322848173e-05,0.00011999999696854502
2.94499993227874e-05,0.00011999999696854502
2.9459999322726624e-05,0.00011999999696854502
2.946999932266585e-05,7.999999797903001e-05
2.9479999322605074e-05,0.00011999999696854502
2.94899993225443e-05,0.00011999999696854502
2.9499999322483525e-05,0.00011999999696854502
2.950999932242275e-05,0.00011999999696854502
2.9519999322361975e-05,0.00011999999696854502
2.95299993223012e-05,0.00011999999696854502
2.9539999322240426e-05,0.00011999999696854502
2.954999932217965e-05,0.00011999999696854502
2.9559999322118877e-05,0.00011999999696854502
2.9569999322058102e-05,0.00011999999696854502
2.9579999321997327e-05,0.00011999999696854502
2.9589999321936552e-05,0.00011999999696854502
2.9599999321875778e-05,0.00011999999696854502
2.9609999321815003e-05,0.00011999999696854502
2.961999932175423e-05,0.00011999999696854502
2.9629999321693454e-05,0.00011999999696854502
2.963999932163268e-05,0.00011999999696854502
2.9649999321571904e-05,0.00011999999696854502
2.965999932151113e-05,7.999999797903001e-05
2.9669999321450355e-05,0.00011999999696854502
2.967999932138958e-05,0.00011999999696854502
2.9689999321328805e-05,0.00011999999696854502
2.969999932126803e-05,0.00011999999696854502
2.9709999321207256e-05,0.00011999999696854502
2.971999932114648e-05,0.00011999999696854502
2.9729999321085707e-05,0.00011999999696854502
2.9739999321024932e-05,0.00011999999696854502
2.9749999320964157e-05,0.00011999999696854502
2.9759999320903382e-05,0.00011999999696854502
2.9769999320842608e-05,0.00011999999696854502
2.9779999320781833e-05,0.00011999999696854502
2.9789999320721058e-05,0.00011999999696854502
2.9799999320660284e-05,0.00011999999696854502
2.980999932059951e-05,0.00011999999696854502
2.9819999320538734e-05,0.00011999999696854502
2.982999932047796e-05,0.00011999999696854502
2.9839999320417185e-05,0.00011999999696854502
2.984999932035641e-05,0.00011999999696854502
2.9859999320295635e-05,0.00011999999696854502
2.986999932023486e-05,0.00011999999696854502
2.9879999320174086e-05,0.00011999999696854502
2.988999932011331e-05,0.00011999999696854502
2.9899999320052536e-05,0.00011999999696854502
2.9909999319991762e-05,0.00011999999696854502
2.9919999319930987e-05,0.00011999999696854502
2.9929999319870212e-05,0.00011999999696854502
2.9939999319809438e-05,0.00011999999696854502
2.9949999319748663e-05,0.00011999999696854502
2.9959999319687888e-05,0.00011999999696854502
2.9969999319627114e-05,0.00011999999696854502
2.997999931956634e-05,7.999999797903001e-05
2.9989999319505564e-05,0.00011999999696854502
2.999999931944479e-05,0.00011999999696854502
3.0009999319384015e-05,0.00011999999696854502
3.001999931932324e-05,0.00011999999696854502
3.0029999319262465e-05,0.00011999999696854502
3.003999931920169e-05,0.00011999999696854502
3.0049999319140916e-05,0.00011999999696854502
3.005999931908014e-05,0.00011999999696854502
3.0069999319019366e-05,0.00011999999696854502
3.0079999318958592e-05,0.00015999999595806003
3.0089999318897817e-05,0.00011999999696854502
3.0099999318837042e-05,0.00011999999696854502
3.0109999318776268e-05,7.999999797903001e-05
3.0119999318715493e-05,0.00011999999696854502
3.0129999318654718e-05,0.00011999999696854502
3.0139999318593943e-05,0.00011999999696854502
3.014999931853317e-05,0.00011999999696854502
3.0159999318472394e-05,0.00011999999696854502
3.016999931841162e-05,0.00011999999696854502
3.0179999318350845e-05,0.00011999999696854502
3.018999931829007e-05,0.00011999999696854502
3.0199999318229295e-05,0.00011999999696854502
3.020999931816852e-05,0.00011999999696854502
3.0219999318107746e-05,0.00011999999696854502
3.022999931804697e-05,0.00011999999696854502
3.0239999317986196e-05,0.00011999999696854502
3.024999931792542e-05,0.00011999999696854502
3.0259999317864647e-05,0.00011999999696854502
3.0269999317803872e-05,0.00011999999696854502
3.0279999317743098e-05,0.00011999999696854502
3.0289999317682323e-05,0.00011999999696854502
3.0299999317621548e-05,0.00011999999696854502
3.0309999317560773e-05,7.999999797903001e-05
3.03199993175e-05,0.00011999999696854502
3.0329999317439224e-05,0.00011999999696854502
3.033999931737845e-05,0.00011999999696854502
3.0349999317317675e-05,7.999999797903001e-05
3.03599993172569e-05,0.00011999999696854502
3.0369999317196125e-05,0.00011999999696854502
3.037999931713535e-05,0.00011999999696854502
3.0389999317074576e-05,0.00011999999696854502
3.03999993170138e-05,0.00011999999696854502
3.0409999316953026e-05,0.00011999999696854502
3.041999931689225e-05,0.00011999999696854502
3.0429999316831477e-05,0.00011999999696854502
3.0439999316770702e-05,0.00011999999696854502
3.0449999316709927e-05,0.00015999999595806003
3.0459999316649153e-05,0.00011999999696854502
3.0469999316588378e-05,7.999999797903001e-05
3.0479999316527603e-05,0.00011999999696854502
3.048999931646683e-05,0.00011999999696854502
3.0499999316406054e-05,0.00011999999696854502
3.050999931634528e-05,7.999999797903001e-05
3.0519999316284504e-05,0.00011999999696854502
3.052999931622373e-05,0.00011999999696854502
3.0539999316162955e-05,0.00011999999696854502
3.054999931610218e-05,0.00011999999696854502
3.0559999316041406e-05,0.00011999999696854502
3.056999931598063e-05,0.00011999999696854502
3.0579999315919856e-05,0.00011999999696854502
3.058999931585908e-05,0.00011999999696854502
3.059999931579831e-05,0.00011999999696854502
3.060999931573753e-05,0.00011999999696854502
3.061999931567676e-05,0.00011999999696854502
3.062999931561598e-05,0.00011999999696854502
3.063999931555521e-05,0.00011999999696854502
3.064999931549443e-05,0.00011999999696854502
3.065999931543366e-05,0.00011999999696854502
3.0669999315372884e-05,7.999999797903001e-05
3.067999931531211e-05,0.00011999999696854502
3.0689999315251334e-05,0.00011999999696854502
3.069999931519056e-05,0.00011999999696854502
3.0709999315129785e-05,0.00011999999696854502
3.071999931506901e-05,3.9999998989515007e-05
3.0729999315008236e-05,0.00011999999696854502
3.073999931494746e-05,0.00031999999191612005
3.0749999314886686e-05,7.999999797903001e-05
3.075999931482591e-05,-7.999999797903001e-05
3.076999931476514e-05,0.00011999999696854502
3.077999931470436e-05,0.00015999999595806003
3.078999931464359e-05,0.00019999999494757503
3.079999931458281e-05,0.00019999999494757503
3.080999931452204e-05,7.999999797903001e-05
3.081999931446126e-05,3.9999998989515007e-05
3.082999931440049e-05,0.00011999999696854502
3.0839999314339714e-05,0.00015999999595806003
3.084999931427894e-05,0.00015999999595806003
3.0859999314218164e-05,7.999999797903001e-05
3.086999931415739e-05,7.999999797903001e-05
3.0879999314096615e-05,0.00015999999595806003
3.088999931403584e-05,0.00015999999595806003
3.0899999313975065e-05,7.999999797903001e-05
3.090999931391429e-05,0.00011999999696854502
3.0919999313853516e-05,0.00011999999696854502
3.092999931379274e-05,0.00015999999595806003
3.093999931373197e-05,7.999999797903001e-05
3.094999931367119e-05,3.9999998989515007e-05
3.095999931361042e-05,0.00011999999696854502
3.096999931354964e-05,0.00015999999595806003
3.097999931348887e-05,0.00011999999696854502
3.098999931342809e-05,7.999999797903001e-05
3.099999931336732e-05,0.00011999999696854502
3.1009999313306544e-05,0.00015999999595806003
3.101999931324577e-05,0.00011999999696854502
3.1029999313184994e-05,7.999999797903001e-05
3.103999931312422e-05,7.999999797903001e-05
3.1049999313063445e-05,0.00011999999696854502
3.105999931300267e-05,7.999999797903001e-05
3.1069999312941895e-05,0.00011999999696854502
3.107999931288112e-05,0.00011999999696854502
3.1089999312820346e-05,0.00015999999595806003
3.109999931275957e-05,0.00011999999696854502
3.1109999312698797e-05,7.999999797903001e-05
3.111999931263802e-05,7.999999797903001e-05
3.112999931257725e-05,0.00011999999696854502
3.113999931251647e-05,0.00011999999696854502
3.11499993124557e-05,0.00011999999696854502
3.115999931239492e-05,0.00011999999696854502
3.116999931233415e-05,7.999999797903001e-05
3.1179999312273374e-05,0.00011999999696854502
3.11899993122126e-05,0.00011999999696854502
3.1199999312151824e-05,0.00011999999696854502
3.120999931209105e-05,0.00011999999696854502
3.1219999312030275e-05,0.00011999999696854502
3.12299993119695e-05,0.00011999999696854502
3.1239999311908725e-05,0.00011999999696854502
3.124999931184795e-05,0.00011999999696854502
3.1259999311787176e-05,0.00011999999696854502
3.12699993117264e-05,0.00015999999595806003
3.1279999311665627e-05,0.00011999999696854502
3.128999931160485e-05,0.00011999999696854502
3.129999931154408e-05,0.00011999999696854502
3.13099993114833e-05,0.00011999999696854502
3.131999931142253e-05,0.00011999999696854502
3.132999931136175e-05,0.00011999999696854502
3.133999931130098e-05,0.00011999999696854502
3.1349999311240204e-05,0.00011999999696854502
3.135999931117943e-05,0.00011999999696854502
3.1369999311118654e-05,0.00011999999696854502
3.137999931105788e-05,0.00011999999696854502
3.1389999310997105e-05,0.00011999999696854502
3.139999931093633e-05,0.00011999999696854502
3.1409999310875555e-05,0.00011999999696854502
3.141999931081478e-05,0.00011999999696854502
3.1429999310754006e-05,0.00011999999696854502
3.143999931069323e-05,0.00011999999696854502
3.1449999310632456e-05,0.00011999999696854502
3.145999931057168e-05,0.00011999999696854502
3.146999931051091e-05,0.00011999999696854502
3.147999931045013e-05,0.00011999999696854502
3.148999931038936e-05,0.00011999999696854502
3.149999931032858e-05,0.00011999999696854502
3.150999931026781e-05,0.00011999999696854502
3.1519999310207033e-05,0.00011999999696854502
3.152999931014626e-05,0.00011999999696854502
3.1539999310085484e-05,0.00011999999696854502
3.154999931002471e-05,0.00015999999595806003
3.1559999309963935e-05,0.00011999999696854502
3.156999930990316e-05,0.00011999999696854502
3.1579999309842385e-05,0.00015999999595806003
3.158999930978161e-05,0.00015999999595806003
3.1599999309720836e-05,0.00015999999595806003
3.160999930966006e-05,0.00015999999595806003
3.1619999309599286e-05,0.00015999999595806003
3.162999930953851e-05,0.00015999999595806003
3.163999930947774e-05,0.00015999999595806003
3.164999930941696e-05,0.00015999999595806003
3.165999930935619e-05,0.00015999999595806003
3.166999930929541e-05,0.00015999999595806003
3.167999930923464e-05,0.00019999999494757503
3.1689999309173863e-05,0.00019999999494757503
3.169999930911309e-05,0.00023999999393709004
3.1709999309052314e-05,0.00023999999393709004
3.171999930899154e-05,0.00027999999292660505
3.1729999308930765e-05,0.00023999999393709004
3.173999930886999e-05,0.00027999999292660505
3.1749999308809215e-05,0.00031999999191612005
3.175999930874844e-05,0.00035999999090563506
3.1769999308687666e-05,0.00039999998989515007
3.177999930862689e-05,0.00039999998989515007
3.1789999308566116e-05,0.00043999998888466507
3.179999930850534e-05,0.0004799999878741801
3.180999930844457e-05,0.0005199999868636951
3.181999930838379e-05,0.0005599999858532101
3.182999930832302e-05,0.0006399999838322401
3.183999930826224e-05,0.0006799999828217551
3.184999930820147e-05,0.0007199999818112701
3.185999930814069e-05,0.0007599999808007851
3.186999930807992e-05,0.0008399999787798151
3.1879999308019144e-05,0.0008799999777693301
3.188999930795837e-05,0.0009199999767588452
3.1899999307897595e-05,0.0009599999757483602
3.190999930783682e-05,0.0009999999747378752
3.1919999307776045e-05,0.0010799999727169052
3.192999930771527e-05,0.0010799999727169052
3.1939999307654496e-05,0.0011199999717064202
3.194999930759372e-05,0.0011599999706959352
3.1959999307532946e-05,0.0011999999696854502
3.196999930747217e-05,0.0012399999686749652
3.19799993074114e-05,0.0012799999676644802
3.198999930735062e-05,0.0013199999666539952
3.199999930728985e-05,0.0013199999666539952
3.200999930722907e-05,0.0013199999666539952
3.20199993071683e-05,0.0013599999656435102
3.202999930710752e-05,0.0013599999656435102
3.203999930704675e-05,0.0013599999656435102
3.2049999306985974e-05,0.0013599999656435102
3.20599993069252e-05,0.0013999999646330252
3.2069999306864424e-05,0.0013599999656435102
3.207999930680365e-05,0.0013599999656435102
3.2089999306742875e-05,0.0013599999656435102
3.20999993066821e-05,0.0013599999656435102
3.2109999306621326e-05,0.0013599999656435102
3.211999930656055e-05,0.0013199999666539952
3.2129999306499776e-05,0.0012799999676644802
3.2139999306439e-05,0.0012399999686749652
3.214999930637823e-05,0.0012399999686749652
3.215999930631745e-05,0.0011999999696854502
3.216999930625668e-05,0.0011999999696854502
3.21799993061959e-05,0.0011199999717064202
3.218999930613513e-05,0.0010799999727169052
3.219999930607435e-05,0.0010399999737273902
3.220999930601358e-05,0.0009999999747378752
3.2219999305952804e-05,0.0009599999757483602
3.222999930589203e-05,0.0009199999767588452
3.2239999305831254e-05,0.0008799999777693301
3.224999930577048e-05,0.0007999999797903001
3.2259999305709705e-05,0.0007599999808007851
3.226999930564893e-05,0.0007199999818112701
3.2279999305588156e-05,0.0006799999828217551
3.228999930552738e-05,0.0005999999848427251
3.2299999305466606e-05,0.0005599999858532101
3.230999930540583e-05,0.0005199999868636951
3.231999930534506e-05,0.0004799999878741801
3.232999930528428e-05,0.00043999998888466507
3.233999930522351e-05,0.00035999999090563506
3.234999930516273e-05,0.00035999999090563506
3.235999930510196e-05,0.00035999999090563506
3.236999930504118e-05,0.00027999999292660505
3.237999930498041e-05,0.00027999999292660505
3.2389999304919634e-05,0.00023999999393709004
3.239999930485886e-05,0.00023999999393709004
3.2409999304798084e-05,0.00023999999393709004
3.241999930473731e-05,0.00019999999494757503
3.2429999304676535e-05,0.00015999999595806003
3.243999930461576e-05,0.00015999999595806003
3.2449999304554985e-05,0.00015999999595806003
3.245999930449421e-05,0.00015999999595806003
3.2469999304433436e-05,0.00011999999696854502
3.247999930437266e-05,0.00015999999595806003
3.248999930431189e-05,0.00011999999696854502
3.249999930425111e-05,0.00011999999696854502
3.250999930419034e-05,0.00011999999696854502
3.251999930412956e-05,0.00015999999595806003
3.252999930406879e-05,0.00011999999696854502
3.253999930400801e-05,0.00011999999696854502
3.254999930394724e-05,0.00011999999696854502
3.2559999303886464e-05,0.00011999999696854502
3.256999930382569e-05,0.00011999999696854502
3.2579999303764914e-05,0.00011999999696854502
3.258999930370414e-05,0.00011999999696854502
3.2599999303643365e-05,0.00011999999696854502
3.260999930358259e-05,0.00011999999696854502
3.2619999303521815e-05,0.00011999999696854502
3.262999930346104e-05,0.00011999999696854502
3.2639999303400266e-05,0.00011999999696854502
3.264999930333949e-05,0.00011999999696854502
3.2659999303278717e-05,0.00011999999696854502
3.266999930321794e-05,0.00011999999696854502
3.267999930315717e-05,0.00011999999696854502
3.268999930309639e-05,0.00011999999696854502
3.269999930303562e-05,0.00011999999696854502
3.270999930297484e-05,0.00011999999696854502
3.271999930291407e-05,7.999999797903001e-05
3.2729999302853294e-05,0.00011999999696854502
3.273999930279252e-05,0.00011999999696854502
3.2749999302731744e-05,0.00011999999696854502
3.275999930267097e-05,0.00011999999696854502
3.2769999302610195e-05,0.00011999999696854502
3.277999930254942e-05,0.00011999999696854502
3.2789999302488645e-05,0.00011999999696854502
3.279999930242787e-05,0.00011999999696854502
3.2809999302367096e-05,0.00011999999696854502
3.281999930230632e-05,0.00011999999696854502
3.2829999302245547e-05,0.00011999999696854502
3.283999930218477e-05,0.00011999999696854502
3.2849999302124e-05,0.00011999999696854502
3.285999930206322e-05,0.00011999999696854502
3.286999930200245e-05,0.00011999999696854502
3.287999930194167e-05,0.00011999999696854502
3.28899993018809e-05,0.00011999999696854502
3.2899999301820124e-05,0.00011999999696854502
3.290999930175935e-05,0.00011999999696854502
3.2919999301698574e-05,0.00011999999696854502
3.29299993016378e-05,7.999999797903001e-05
3.2939999301577025e-05,0.00011999999696854502
3.294999930151625e-05,0.00011999999696854502
3.2959999301455475e-05,7.999999797903001e-05
3.29699993013947e-05,0.00011999999696854502
3.2979999301333926e-05,0.00011999999696854502
3.298999930127315e-05,0.00011999999696854502
3.2999999301212376e-05,0.00011999999696854502
3.30099993011516e-05,0.00011999999696854502
3.301999930109083e-05,0.00011999999696854502
3.302999930103005e-05,0.00011999999696854502
3.303999930096928e-05,0.00011999999696854502
3.30499993009085e-05,0.00011999999696854502
3.305999930084773e-05,0.00011999999696854502
3.3069999300786953e-05,0.00011999999696854502
3.307999930072618e-05,0.00011999999696854502
3.3089999300665404e-05,0.00011999999696854502
3.309999930060463e-05,0.00011999999696854502
3.3109999300543855e-05,0.00011999999696854502
3.311999930048308e-05,0.00011999999696854502
3.3129999300422305e-05,0.00011999999696854502
3.313999930036153e-05,0.00011999999696854502
3.3149999300300756e-05,0.00011999999696854502
3.315999930023998e-05,0.00011999999696854502
3.3169999300179206e-05,0.00011999999696854502
3.317999930011843e-05,0.00011999999696854502
3.318999930005766e-05,0.00011999999696854502
3.319999929999688e-05,0.00011999999696854502
3.320999929993611e-05,0.00011999999696854502
3.321999929987533e-05,0.00015999999595806003
3.322999929981456e-05,0.00011999999696854502
3.3239999299753783e-05,0.00011999999696854502
3.324999929969301e-05,0.00011999999696854502
3.3259999299632234e-05,0.00011999999696854502
3.326999929957146e-05,0.00011999999696854502
3.3279999299510685e-05,0.00011999999696854502
3.328999929944991e-05,0.00011999999696854502
3.3299999299389135e-05,0.00011999999696854502
3.330999929932836e-05,0.00011999999696854502
3.3319999299267586e-05,0.00011999999696854502
3.332999929920681e-05,0.00011999999696854502
3.3339999299146036e-05,0.00011999999696854502
3.334999929908526e-05,0.00011999999696854502
3.335999929902449e-05,0.00011999999696854502
3.336999929896371e-05,0.00011999999696854502
3.337999929890294e-05,0.00011999999696854502
3.338999929884216e-05,0.00011999999696854502
3.339999929878139e-05,0.00011999999696854502
3.340999929872061e-05,0.00011999999696854502
3.341999929865984e-05,0.00011999999696854502
3.3429999298599064e-05,0.00011999999696854502
3.343999929853829e-05,0.00011999999696854502
3.3449999298477515e-05,0.00011999999696854502
3.345999929841674e-05,0.00011999999696854502
3.3469999298355965e-05,0.00011999999696854502
3.347999929829519e-05,0.00011999999696854502
3.3489999298234416e-05,0.00011999999696854502
3.349999929817364e-05,0.00011999999696854502
3.3509999298112866e-05,0.00011999999696854502
3.351999929805209e-05,0.00011999999696854502
3.352999929799132e-05,0.00011999999696854502
3.353999929793054e-05,0.00011999999696854502
3.354999929786977e-05,0.00011999999696854502
3.355999929780899e-05,0.00011999999696854502
3.356999929774822e-05,0.00011999999696854502
3.357999929768744e-05,0.00011999999696854502
3.358999929762667e-05,0.00011999999696854502
3.3599999297565894e-05,0.00011999999696854502
3.360999929750512e-05,7.999999797903001e-05
3.3619999297444344e-05,0.00011999999696854502
3.362999929738357e-05,0.00011999999696854502
3.3639999297322795e-05,0.00011999999696854502
3.364999929726202e-05,7.999999797903001e-05
3.3659999297201246e-05,0.00011999999696854502
3.366999929714047e-05,0.00011999999696854502
3.3679999297079696e-05,0.00011999999696854502
3.368999929701892e-05,0.00011999999696854502
3.369999929695815e-05,0.00011999999696854502
3.370999929689737e-05,0.00011999999696854502
3.37199992968366e-05,0.00011999999696854502
3.372999929677582e-05,0.00011999999696854502
3.373999929671505e-05,0.00011999999696854502
3.374999929665427e-05,0.00011999999696854502
3.37599992965935e-05,0.00011999999696854502
3.3769999296532724e-05,0.00011999999696854502
3.377999929647195e-05,0.00011999999696854502
3.3789999296411174e-05,0.00011999999696854502
3.37999992963504e-05,0.00011999999696854502
3.3809999296289625e-05,0.00011999999696854502
3.381999929622885e-05,0.00011999999696854502
3.3829999296168076e-05,0.00011999999696854502
3.38399992961073e-05,0.00011999999696854502
3.3849999296046526e-05,7.999999797903001e-05
3.385999929598575e-05,0.00011999999696854502
3.386999929592498e-05,0.00011999999696854502
3.38799992958642e-05,0.00011999999696854502
3.388999929580343e-05,0.00011999999696854502
3.389999929574265e-05,0.00011999999696854502
3.390999929568188e-05,0.00011999999696854502
3.39199992956211e-05,0.00011999999696854502
3.392999929556033e-05,0.00011999999696854502
3.3939999295499554e-05,0.00011999999696854502
3.394999929543878e-05,0.00011999999696854502
3.3959999295378004e-05,0.00011999999696854502
3.396999929531723e-05,0.00011999999696854502
3.3979999295256455e-05,0.00011999999696854502
3.398999929519568e-05,0.00011999999696854502
3.3999999295134905e-05,0.00011999999696854502
3.400999929507413e-05,7.999999797903001e-05
3.4019999295013356e-05,0.00011999999696854502
3.402999929495258e-05,0.00011999999696854502
3.403999929489181e-05,0.00011999999696854502
3.404999929483103e-05,0.00011999999696854502
3.405999929477026e-05,0.00011999999696854502
3.406999929470948e-05,0.00011999999696854502
3.407999929464871e-05,0.00011999999696854502
3.408999929458793e-05,0.00011999999696854502
3.409999929452716e-05,7.999999797903001e-05
3.4109999294466384e-05,0.00011999999696854502
3.411999929440561e-05,0.00011999999696854502
3.4129999294344834e-05,0.00011999999696854502
3.413999929428406e-05,0.00011999999696854502
3.4149999294223285e-05,0.00011999999696854502
3.415999929416251e-05,0.00011999999696854502
3.4169999294101735e-05,0.00011999999696854502
3.417999929404096e-05,7.999999797903001e-05
3.4189999293980186e-05,0.00011999999696854502
3.419999929391941e-05,0.00011999999696854502
3.4209999293858637e-05,0.00011999999696854502
3.421999929379786e-05,0.00011999999696854502
3.422999929373709e-05,0.00011999999696854502
3.423999929367631e-05,0.00011999999696854502
3.424999929361554e-05,0.00011999999696854502
3.425999929355476e-05,0.00011999999696854502
3.426999929349399e-05,0.00011999999696854502
3.4279999293433214e-05,0.00011999999696854502
3.428999929337244e-05,0.00011999999696854502
3.4299999293311664e-05,0.00011999999696854502
3.430999929325089e-05,0.00011999999696854502
3.4319999293190115e-05,0.00011999999696854502
3.432999929312934e-05,0.00011999999696854502
3.4339999293068565e-05,0.00011999999696854502
3.434999929300779e-05,0.00011999999696854502
3.4359999292947016e-05,0.00011999999696854502
3.436999929288624e-05,0.00011999999696854502
3.4379999292825467e-05,0.00011999999696854502
3.438999929276469e-05,0.00011999999696854502
3.439999929270392e-05,0.00011999999696854502
3.440999929264314e-05,0.00011999999696854502
3.441999929258237e-05,0.00011999999696854502
3.442999929252159e-05,0.00011999999696854502
3.443999929246082e-05,0.00011999999696854502
3.4449999292400044e-05,0.00011999999696854502
3.445999929233927e-05,0.00011999999696854502
3.4469999292278494e-05,0.00011999999696854502
3.447999929221772e-05,0.00011999999696854502
3.4489999292156945e-05,0.00011999999696854502
3.449999929209617e-05,0.00011999999696854502
3.4509999292035395e-05,0.00011999999696854502
3.451999929197462e-05,0.00011999999696854502
3.4529999291913846e-05,0.00011999999696854502
3.453999929185307e-05,0.00011999999696854502
3.4549999291792296e-05,0.00011999999696854502
3.455999929173152e-05,0.00011999999696854502
3.456999929167075e-05,0.00011999999696854502
3.457999929160997e-05,0.00011999999696854502
3.45899992915492e-05,0.00011999999696854502
3.459999929148842e-05,0.00011999999696854502
3.460999929142765e-05,0.00011999999696854502
3.4619999291366873e-05,0.00011999999696854502
3.46299992913061e-05,0.00011999999696854502
3.4639999291245324e-05,0.00011999999696854502
3.464999929118455e-05,0.00011999999696854502
3.4659999291123775e-05,0.00011999999696854502
3.4669999291063e-05,0.00011999999696854502
3.4679999291002225e-05,0.00011999999696854502
3.468999929094145e-05,0.00011999999696854502
3.4699999290880676e-05,0.00011999999696854502
3.47099992908199e-05,0.00011999999696854502
3.4719999290759126e-05,0.00011999999696854502
3.472999929069835e-05,0.00011999999696854502
3.473999929063758e-05,0.00011999999696854502
3.47499992905768e-05,0.00011999999696854502
3.475999929051603e-05,7.999999797903001e-05
3.476999929045525e-05,0.00011999999696854502
3.477999929039448e-05,0.00011999999696854502
3.4789999290333703e-05,0.00011999999696854502
3.479999929027293e-05,0.00011999999696854502
3.4809999290212154e-05,0.00011999999696854502
3.481999929015138e-05,0.00011999999696854502
3.4829999290090605e-05,0.00011999999696854502
3.483999929002983e-05,0.00011999999696854502
3.4849999289969055e-05,7.999999797903001e-05
3.485999928990828e-05,0.00011999999696854502
3.4869999289847506e-05,0.00011999999696854502
3.487999928978673e-05,0.00011999999696854502
3.4889999289725956e-05,0.00011999999696854502
3.489999928966518e-05,0.00011999999696854502
3.490999928960441e-05,0.00011999999696854502
3.491999928954363e-05,0.00011999999696854502
3.492999928948286e-05,0.00011999999696854502
3.493999928942208e-05,0.00011999999696854502
3.494999928936131e-05,0.00011999999696854502
3.495999928930053e-05,0.00011999999696854502
3.496999928923976e-05,0.00011999999696854502
3.4979999289178984e-05,0.00011999999696854502
3.498999928911821e-05,0.00011999999696854502
3.4999999289057435e-05,0.00011999999696854502
3.500999928899666e-05,0.00011999999696854502
3.5019999288935885e-05,0.00011999999696854502
3.502999928887511e-05,7.999999797903001e-05
3.5039999288814336e-05,0.00011999999696854502
3.504999928875356e-05,0.00011999999696854502
3.5059999288692786e-05,0.00011999999696854502
3.506999928863201e-05,0.00011999999696854502
3.507999928857124e-05,0.00011999999696854502
3.508999928851046e-05,0.00011999999696854502
3.509999928844969e-05,0.00011999999696854502
3.510999928838891e-05,0.00011999999696854502
3.511999928832814e-05,0.00011999999696854502
3.512999928826736e-05,0.00011999999696854502
3.513999928820659e-05,0.00011999999696854502
3.5149999288145814e-05,0.00011999999696854502
3.515999928808504e-05,0.00011999999696854502
3.5169999288024264e-05,0.00011999999696854502
3.517999928796349e-05,0.00011999999696854502
3.5189999287902715e-05,0.00011999999696854502
3.519999928784194e-05,0.00011999999696854502
3.5209999287781166e-05,0.00011999999696854502
3.521999928772039e-05,0.00011999999696854502
3.5229999287659616e-05,0.00011999999696854502
3.523999928759884e-05,0.00011999999696854502
3.524999928753807e-05,0.00011999999696854502
3.525999928747729e-05,0.00011999999696854502
3.526999928741652e-05,0.00011999999696854502
3.527999928735574e-05,0.00011999999696854502
3.528999928729497e-05,0.00011999999696854502
3.529999928723419e-05,0.00011999999696854502
3.530999928717342e-05,0.00011999999696854502
3.5319999287112644e-05,0.00011999999696854502
3.532999928705187e-05,0.00011999999696854502
3.5339999286991094e-05,0.00011999999696854502
3.534999928693032e-05,0.00011999999696854502
3.5359999286869545e-05,0.00011999999696854502
3.536999928680877e-05,0.00011999999696854502
3.5379999286747996e-05,0.00011999999696854502
3.538999928668722e-05,0.00011999999696854502
3.5399999286626446e-05,0.00011999999696854502
3.540999928656567e-05,0.00011999999696854502
3.54199992865049e-05,0.00011999999696854502
3.542999928644412e-05,0.00011999999696854502
3.543999928638335e-05,0.00011999999696854502
3.544999928632257e-05,0.00011999999696854502
3.54599992862618e-05,0.00011999999696854502
3.546999928620102e-05,0.00015999999595806003
3.547999928614025e-05,0.00011999999696854502
3.5489999286079474e-05,0.00011999999696854502
3.54999992860187e-05,0.00011999999696854502
3.5509999285957924e-05,0.00011999999696854502
3.551999928589715e-05,0.00011999999696854502
3.5529999285836375e-05,7.999999797903001e-05
3.55399992857756e-05,0.00011999999696854502
3.5549999285714825e-05,0.00011999999696854502
3.555999928565405e-05,0.00011999999696854502
3.5569999285593276e-05,0.00011999999696854502
3.55799992855325e-05,0.00011999999696854502
3.558999928547173e-05,0.00011999999696854502
3.559999928541095e-05,0.00011999999696854502
3.560999928535018e-05,0.00011999999696854502
3.56199992852894e-05,0.00011999999696854502
3.562999928522863e-05,0.00011999999696854502
3.563999928516785e-05,0.00011999999696854502
3.564999928510708e-05,0.00011999999696854502
3.5659999285046304e-05,0.00011999999696854502
3.566999928498553e-05,0.00011999999696854502
3.5679999284924754e-05,0.00011999999696854502
3.568999928486398e-05,0.00011999999696854502
3.5699999284803205e-05,0.00011999999696854502
3.570999928474243e-05,0.00011999999696854502
3.5719999284681655e-05,0.00011999999696854502
3.572999928462088e-05,0.00011999999696854502
3.5739999284560106e-05,0.00011999999696854502
3.574999928449933e-05,0.00011999999696854502
3.5759999284438557e-05,0.00011999999696854502
3.576999928437778e-05,0.00011999999696854502
3.577999928431701e-05,0.00011999999696854502
3.578999928425623e-05,0.00011999999696854502
3.579999928419546e-05,0.00011999999696854502
3.580999928413468e-05,0.00011999999696854502
3.581999928407391e-05,0.00011999999696854502
3.5829999284013134e-05,0.00011999999696854502
3.583999928395236e-05,0.00011999999696854502
3.5849999283891584e-05,0.00011999999696854502
3.585999928383081e-05,0.00011999999696854502
3.5869999283770035e-05,0.00011999999696854502
3.587999928370926e-05,0.00011999999696854502
3.5889999283648485e-05,0.00011999999696854502
3.589999928358771e-05,0.00011999999696854502
3.5909999283526936e-05,0.00011999999696854502
3.591999928346616e-05,0.00011999999696854502
3.5929999283405387e-05,0.00011999999696854502
3.593999928334461e-05,0.00011999999696854502
3.594999928328384e-05,0.00011999999696854502
3.595999928322306e-05,0.00011999999696854502
3.596999928316229e-05,0.00011999999696854502
3.597999928310151e-05,0.00011999999696854502
3.598999928304074e-05,0.00011999999696854502
3.5999999282979964e-05,0.00011999999696854502
3.600999928291919e-05,0.00011999999696854502
3.6019999282858414e-05,0.00011999999696854502
3.602999928279764e-05,0.00015999999595806003
3.6039999282736865e-05,0.00011999999696854502
3.604999928267609e-05,0.00011999999696854502
3.6059999282615315e-05,0.00011999999696854502
3.606999928255454e-05,0.00011999999696854502
3.6079999282493766e-05,0.00011999999696854502
3.608999928243299e-05,0.00011999999696854502
3.6099999282372216e-05,0.00011999999696854502
3.610999928231144e-05,0.00011999999696854502
3.611999928225067e-05,0.00011999999696854502
3.612999928218989e-05,7.999999797903001e-05
3.613999928212912e-05,0.00011999999696854502
3.614999928206834e-05,0.00011999999696854502
3.615999928200757e-05,0.00011999999696854502
3.6169999281946793e-05,0.00011999999696854502
3.617999928188602e-05,0.00011999999696854502
3.6189999281825244e-05,0.00011999999696854502
3.619999928176447e-05,0.00011999999696854502
3.6209999281703695e-05,0.00011999999696854502
3.621999928164292e-05,0.00011999999696854502
3.6229999281582145e-05,0.00011999999696854502
3.623999928152137e-05,0.00011999999696854502
3.6249999281460596e-05,0.00011999999696854502
3.625999928139982e-05,0.00011999999696854502
3.6269999281339046e-05,0.00011999999696854502
3.627999928127827e-05,0.00011999999696854502
3.62899992812175e-05,0.00011999999696854502
3.629999928115672e-05,0.00011999999696854502
3.630999928109595e-05,0.00011999999696854502
3.631999928103517e-05,0.00011999999696854502
3.63299992809744e-05,0.00011999999696854502
3.6339999280913623e-05,7.999999797903001e-05
3.634999928085285e-05,0.00011999999696854502
3.6359999280792074e-05,0.00011999999696854502
3.63699992807313e-05,0.00011999999696854502
3.6379999280670525e-05,0.00011999999696854502
3.638999928060975e-05,0.00011999999696854502
3.6399999280548975e-05,0.00011999999696854502
3.64099992804882e-05,0.00011999999696854502
3.6419999280427426e-05,7.999999797903001e-05
3.642999928036665e-05,0.00011999999696854502
3.6439999280305876e-05,0.00011999999696854502
3.64499992802451e-05,0.00011999999696854502
3.645999928018433e-05,0.00011999999696854502
3.646999928012355e-05,0.00011999999696854502
3.647999928006278e-05,0.00011999999696854502
3.6489999280002e-05,0.00011999999696854502
3.649999927994123e-05,7.999999797903001e-05
3.650999927988045e-05,0.00011999999696854502
3.651999927981968e-05,0.00011999999696854502
3.6529999279758904e-05,0.00011999999696854502
3.653999927969813e-05,0.00011999999696854502
3.6549999279637355e-05,0.00011999999696854502
3.655999927957658e-05,0.00011999999696854502
3.6569999279515805e-05,0.00011999999696854502
3.657999927945503e-05,0.00011999999696854502
3.6589999279394256e-05,0.00011999999696854502
3.659999927933348e-05,0.00011999999696854502
3.6609999279272706e-05,0.00011999999696854502
3.661999927921193e-05,0.00011999999696854502
3.662999927915116e-05,0.00011999999696854502
3.663999927909038e-05,0.00011999999696854502
3.664999927902961e-05,0.00011999999696854502
3.665999927896883e-05,0.00011999999696854502
3.666999927890806e-05,0.00011999999696854502
3.667999927884728e-05,0.00011999999696854502
3.668999927878651e-05,0.00011999999696854502
3.6699999278725734e-05,0.00011999999696854502
3.670999927866496e-05,0.00011999999696854502
3.6719999278604184e-05,0.00011999999696854502
3.672999927854341e-05,0.00011999999696854502
3.6739999278482635e-05,0.00011999999696854502
3.674999927842186e-05,0.00011999999696854502
3.6759999278361086e-05,0.00011999999696854502
3.676999927830031e-05,0.00011999999696854502
3.6779999278239536e-05,0.00011999999696854502
3.678999927817876e-05,0.00011999999696854502
3.679999927811799e-05,0.00011999999696854502
3.680999927805721e-05,0.00011999999696854502
3.681999927799644e-05,0.00011999999696854502
3.682999927793566e-05,0.00011999999696854502
3.683999927787489e-05,0.00011999999696854502
3.684999927781411e-05,0.00011999999696854502
3.685999927775334e-05,0.00011999999696854502
3.6869999277692564e-05,0.00011999999696854502
3.687999927763179e-05,0.00011999999696854502
3.6889999277571014e-05,0.00011999999696854502
3.689999927751024e-05,0.00011999999696854502
3.6909999277449465e-05,0.00011999999696854502
3.691999927738869e-05,0.00011999999696854502
3.6929999277327916e-05,0.00011999999696854502
3.693999927726714e-05,0.00011999999696854502
3.6949999277206366e-05,0.00011999999696854502
3.695999927714559e-05,0.00011999999696854502
3.696999927708482e-05,0.00011999999696854502
3.697999927702404e-05,0.00011999999696854502
3.698999927696327e-05,0.00011999999696854502
3.699999927690249e-05,0.00011999999696854502
3.700999927684172e-05,0.00011999999696854502
3.701999927678094e-05,0.00011999999696854502
3.702999927672017e-05,0.00011999999696854502
3.7039999276659394e-05,0.00011999999696854502
3.704999927659862e-05,0.00011999999696854502
3.7059999276537844e-05,0.00011999999696854502
3.706999927647707e-05,0.00011999999696854502
3.7079999276416295e-05,0.00011999999696854502
3.708999927635552e-05,0.00011999999696854502
3.7099999276294745e-05,0.00011999999696854502
3.710999927623397e-05,0.00011999999696854502
3.7119999276173196e-05,0.00015999999595806003
3.712999927611242e-05,0.00011999999696854502
3.713999927605165e-05,0.00011999999696854502
3.714999927599087e-05,0.00011999999696854502
3.71599992759301e-05,0.00011999999696854502
3.716999927586932e-05,0.00011999999696854502
3.717999927580855e-05,0.00011999999696854502
3.718999927574777e-05,0.00011999999696854502
3.7199999275687e-05,0.00011999999696854502
3.7209999275626224e-05,0.00011999999696854502
3.721999927556545e-05,0.00011999999696854502
3.7229999275504674e-05,0.00011999999696854502
3.72399992754439e-05,0.00011999999696854502
3.7249999275383125e-05,0.00011999999696854502
3.725999927532235e-05,0.00011999999696854502
3.7269999275261575e-05,0.00011999999696854502
3.72799992752008e-05,0.00011999999696854502
3.7289999275140026e-05,0.00011999999696854502
3.729999927507925e-05,0.00011999999696854502
3.7309999275018477e-05,0.00011999999696854502
3.73199992749577e-05,0.00011999999696854502
3.732999927489693e-05,0.00011999999696854502
3.733999927483615e-05,0.00011999999696854502
3.734999927477538e-05,0.00011999999696854502
3.73599992747146e-05,0.00011999999696854502
3.736999927465383e-05,0.00011999999696854502
3.7379999274593054e-05,0.00011999999696854502
3.738999927453228e-05,0.00011999999696854502
3.7399999274471504e-05,0.00011999999696854502
3.740999927441073e-05,0.00011999999696854502
3.7419999274349955e-05,0.00011999999696854502
3.742999927428918e-05,0.00011999999696854502
3.7439999274228405e-05,0.00011999999696854502
3.744999927416763e-05,0.00011999999696854502
3.7459999274106856e-05,0.00015999999595806003
3.746999927404608e-05,0.00011999999696854502
3.7479999273985307e-05,0.00011999999696854502
3.748999927392453e-05,0.00011999999696854502
3.749999927386376e-05,0.00011999999696854502
3.750999927380298e-05,0.00011999999696854502
3.751999927374221e-05,0.00011999999696854502
3.752999927368143e-05,0.00011999999696854502
3.753999927362066e-05,0.00011999999696854502
3.7549999273559884e-05,0.00011999999696854502
3.755999927349911e-05,0.00011999999696854502
3.7569999273438334e-05,0.00011999999696854502
3.757999927337756e-05,0.00011999999696854502
3.7589999273316785e-05,0.00011999999696854502
3.759999927325601e-05,0.00011999999696854502
3.7609999273195235e-05,0.00011999999696854502
3.761999927313446e-05,0.00015999999595806003
3.7629999273073686e-05,0.00011999999696854502
3.763999927301291e-05,0.00011999999696854502
3.7649999272952136e-05,0.00011999999696854502
3.765999927289136e-05,0.00011999999696854502
3.766999927283059e-05,0.00015999999595806003
3.767999927276981e-05,0.00011999999696854502
3.768999927270904e-05,0.00011999999696854502
3.769999927264826e-05,0.00011999999696854502
3.770999927258749e-05,0.00011999999696854502
3.7719999272526713e-05,0.00011999999696854502
3.772999927246594e-05,0.00011999999696854502
3.7739999272405164e-05,0.00011999999696854502
3.774999927234439e-05,0.00011999999696854502
3.7759999272283615e-05,0.00011999999696854502
3.776999927222284e-05,0.00011999999696854502
3.7779999272162065e-05,0.00015999999595806003
3.778999927210129e-05,0.00011999999696854502
3.7799999272040516e-05,0.00011999999696854502
3.780999927197974e-05,0.00011999999696854502
3.7819999271918966e-05,0.00011999999696854502
3.782999927185819e-05,0.00011999999696854502
3.783999927179742e-05,0.00011999999696854502
3.784999927173664e-05,0.00011999999696854502
3.785999927167587e-05,0.00011999999696854502
3.786999927161509e-05,0.00011999999696854502
3.787999927155432e-05,0.00011999999696854502
3.7889999271493543e-05,0.00011999999696854502
3.789999927143277e-05,0.00015999999595806003
3.7909999271371994e-05,0.00011999999696854502
3.791999927131122e-05,0.00011999999696854502
3.7929999271250445e-05,7.999999797903001e-05
3.793999927118967e-05,0.00011999999696854502
3.7949999271128895e-05,0.00015999999595806003
3.795999927106812e-05,0.00011999999696854502
3.7969999271007346e-05,0.00011999999696854502
3.797999927094657e-05,0.00011999999696854502
3.7989999270885796e-05,0.00011999999696854502
3.799999927082502e-05,0.00011999999696854502
3.800999927076425e-05,0.00011999999696854502
3.801999927070347e-05,0.00015999999595806003
3.80299992706427e-05,0.00011999999696854502
3.803999927058192e-05,0.00011999999696854502
3.804999927052115e-05,0.00011999999696854502
3.805999927046037e-05,0.00011999999696854502
3.80699992703996e-05,0.00011999999696854502
3.8079999270338824e-05,0.00011999999696854502
3.808999927027805e-05,0.00011999999696854502
3.8099999270217275e-05,0.00011999999696854502
3.81099992701565e-05,0.00011999999696854502
3.8119999270095725e-05,0.00011999999696854502
3.812999927003495e-05,0.00011999999696854502
3.8139999269974176e-05,0.00011999999696854502
3.81499992699134e-05,0.00011999999696854502
3.8159999269852626e-05,0.00011999999696854502
3.816999926979185e-05,0.00011999999696854502
3.817999926973108e-05,0.00011999999696854502
3.81899992696703e-05,0.00011999999696854502
3.819999926960953e-05,0.00011999999696854502
3.820999926954875e-05,0.00011999999696854502
3.821999926948798e-05,0.00011999999696854502
3.82299992694272e-05,0.00011999999696854502
3.823999926936643e-05,0.00011999999696854502
3.8249999269305654e-05,0.00011999999696854502
3.825999926924488e-05,0.00011999999696854502
3.8269999269184104e-05,0.00011999999696854502
3.827999926912333e-05,0.00011999999696854502
3.8289999269062555e-05,0.00011999999696854502
3.829999926900178e-05,0.00011999999696854502
3.8309999268941006e-05,0.00011999999696854502
3.831999926888023e-05,0.00011999999696854502
3.8329999268819456e-05,0.00011999999696854502
3.833999926875868e-05,0.00011999999696854502
3.834999926869791e-05,0.00015999999595806003
3.835999926863713e-05,0.00011999999696854502
3.836999926857636e-05,0.00011999999696854502
3.837999926851558e-05,0.00011999999696854502
3.838999926845481e-05,0.00011999999696854502
3.839999926839403e-05,0.00011999999696854502
3.840999926833326e-05,0.00011999999696854502
3.8419999268272484e-05,0.00011999999696854502
3.842999926821171e-05,0.00011999999696854502
3.8439999268150934e-05,0.00011999999696854502
3.844999926809016e-05,0.00011999999696854502
3.8459999268029385e-05,0.00011999999696854502
3.846999926796861e-05,0.00011999999696854502
3.8479999267907836e-05,0.00011999999696854502
3.848999926784706e-05,0.00011999999696854502
3.8499999267786286e-05,0.00011999999696854502
3.850999926772551e-05,0.00011999999696854502
3.851999926766474e-05,0.00011999999696854502
3.852999926760396e-05,0.00011999999696854502
3.853999926754319e-05,0.00011999999696854502
3.854999926748241e-05,0.00011999999696854502
3.855999926742164e-05,0.00015999999595806003
3.856999926736086e-05,0.00011999999696854502
3.857999926730009e-05,0.00011999999696854502
3.8589999267239314e-05,0.00011999999696854502
3.859999926717854e-05,0.00011999999696854502
3.8609999267117764e-05,0.00011999999696854502
3.861999926705699e-05,0.00011999999696854502
3.8629999266996215e-05,0.00011999999696854502
3.863999926693544e-05,0.00015999999595806003
3.8649999266874665e-05,0.00011999999696854502
3.865999926681389e-05,0.00011999999696854502
3.8669999266753116e-05,0.00011999999696854502
3.867999926669234e-05,0.00011999999696854502
3.868999926663157e-05,0.00011999999696854502
3.869999926657079e-05,0.00011999999696854502
3.870999926651002e-05,0.00011999999696854502
3.871999926644924e-05,0.00011999999696854502
3.872999926638847e-05,0.00015999999595806003
3.873999926632769e-05,0.00011999999696854502
3.874999926626692e-05,0.00011999999696854502
3.8759999266206144e-05,0.00011999999696854502
3.876999926614537e-05,0.00011999999696854502
3.8779999266084594e-05,0.00011999999696854502
3.878999926602382e-05,0.00011999999696854502
3.8799999265963045e-05,0.00011999999696854502
3.880999926590227e-05,0.00011999999696854502
3.8819999265841495e-05,0.00011999999696854502
3.882999926578072e-05,0.00011999999696854502
3.8839999265719946e-05,0.00011999999696854502
3.884999926565917e-05,0.00011999999696854502
3.8859999265598397e-05,0.00011999999696854502
3.886999926553762e-05,0.00011999999696854502
3.887999926547685e-05,0.00011999999696854502
3.888999926541607e-05,0.00011999999696854502
3.88999992653553e-05,0.00011999999696854502
3.890999926529452e-05,0.00015999999595806003
3.891999926523375e-05,0.00011999999696854502
3.8929999265172974e-05,0.00011999999696854502
3.89399992651122e-05,0.00011999999696854502
3.8949999265051424e-05,0.00011999999696854502
3.895999926499065e-05,0.00011999999696854502
3.8969999264929875e-05,0.00011999999696854502
3.89799992648691e-05,0.00011999999696854502
3.8989999264808325e-05,0.00011999999696854502
3.899999926474755e-05,0.00011999999696854502
3.9009999264686776e-05,0.00011999999696854502
3.9019999264626e-05,0.00011999999696854502
3.9029999264565227e-05,0.00011999999696854502
3.903999926450445e-05,0.00015999999595806003
3.904999926444368e-05,0.00011999999696854502
3.90599992643829e-05,0.00011999999696854502
3.906999926432213e-05,0.00011999999696854502
3.907999926426135e-05,0.00015999999595806003
3.908999926420058e-05,0.00011999999696854502
3.9099999264139804e-05,0.00011999999696854502
3.910999926407903e-05,0.00011999999696854502
3.9119999264018254e-05,0.00011999999696854502
3.912999926395748e-05,0.00011999999696854502
3.9139999263896705e-05,0.00011999999696854502
3.914999926383593e-05,0.00011999999696854502
3.9159999263775155e-05,0.00011999999696854502
3.916999926371438e-05,0.00011999999696854502
3.9179999263653606e-05,0.00011999999696854502
3.918999926359283e-05,0.00011999999696854502
3.9199999263532056e-05,0.00011999999696854502
3.920999926347128e-05,0.00011999999696854502
3.921999926341051e-05,0.00011999999696854502
3.922999926334973e-05,0.00011999999696854502
3.923999926328896e-05,0.00011999999696854502
3.924999926322818e-05,0.00011999999696854502
3.925999926316741e-05,0.00011999999696854502
3.9269999263106633e-05,0.00011999999696854502
3.927999926304586e-05,0.00011999999696854502
3.9289999262985084e-05,0.00011999999696854502
3.929999926292431e-05,0.00015999999595806003
3.9309999262863535e-05,0.00015999999595806003
3.931999926280276e-05,0.00011999999696854502
3.9329999262741985e-05,0.00011999999696854502
3.933999926268121e-05,0.00011999999696854502
3.9349999262620436e-05,0.00011999999696854502
3.935999926255966e-05,0.00015999999595806003
3.9369999262498886e-05,0.00015999999595806003
3.937999926243811e-05,0.00011999999696854502
3.938999926237734e-05,0.00011999999696854502
3.939999926231656e-05,0.00011999999696854502
3.940999926225579e-05,0.00015999999595806003
3.941999926219501e-05,0.00015999999595806003
3.942999926213424e-05,0.00011999999696854502
3.9439999262073463e-05,0.00011999999696854502
3.944999926201269e-05,0.00011999999696854502
3.9459999261951914e-05,0.00011999999696854502
3.946999926189114e-05,0.00011999999696854502
3.9479999261830365e-05,0.00011999999696854502
3.948999926176959e-05,0.00011999999696854502
3.9499999261708815e-05,0.00011999999696854502
3.950999926164804e-05,0.00011999999696854502
3.9519999261587266e-05,0.00011999999696854502
3.952999926152649e-05,0.00015999999595806003
3.9539999261465716e-05,0.00011999999696854502
3.954999926140494e-05,0.00011999999696854502
3.955999926134417e-05,7.999999797903001e-05
3.956999926128339e-05,0.00011999999696854502
3.957999926122262e-05,0.00015999999595806003
3.958999926116184e-05,0.00011999999696854502
3.959999926110107e-05,0.00011999999696854502
3.960999926104029e-05,0.00011999999696854502
3.961999926097952e-05,0.00011999999696854502
3.9629999260918744e-05,0.00011999999696854502
3.963999926085797e-05,0.00011999999696854502
3.9649999260797195e-05,0.00011999999696854502
3.965999926073642e-05,0.00011999999696854502
3.9669999260675645e-05,0.00011999999696854502
3.967999926061487e-05,0.00011999999696854502
3.9689999260554096e-05,0.00011999999696854502
3.969999926049332e-05,0.00011999999696854502
3.9709999260432546e-05,0.00011999999696854502
3.971999926037177e-05,0.00011999999696854502
3.9729999260311e-05,0.00011999999696854502
3.973999926025022e-05,0.00011999999696854502
3.974999926018945e-05,0.00011999999696854502
3.975999926012867e-05,0.00011999999696854502
3.97699992600679e-05,0.00011999999696854502
3.977999926000712e-05,0.00015999999595806003
3.978999925994635e-05,0.00011999999696854502
3.9799999259885574e-05,0.00011999999696854502
3.98099992598248e-05,0.00011999999696854502
3.9819999259764024e-05,0.00015999999595806003
3.982999925970325e-05,0.00011999999696854502
3.9839999259642475e-05,0.00011999999696854502
3.98499992595817e-05,0.00011999999696854502
3.9859999259520926e-05,0.00011999999696854502
3.986999925946015e-05,0.00011999999696854502
3.9879999259399376e-05,0.00011999999696854502
3.98899992593386e-05,0.00011999999696854502
3.989999925927783e-05,0.00011999999696854502
3.990999925921705e-05,0.00011999999696854502
3.991999925915628e-05,0.00011999999696854502
3.99299992590955e-05,0.00011999999696854502
3.993999925903473e-05,0.00011999999696854502
3.994999925897395e-05,0.00011999999696854502
3.995999925891318e-05,0.00011999999696854502
3.9969999258852404e-05,0.00011999999696854502
3.997999925879163e-05,0.00011999999696854502
3.9989999258730854e-05,0.00011999999696854502
3.999999925867008e-05,0.00011999999696854502
4.0009999258609305e-05,0.00011999999696854502
4.001999925854853e-05,0.00011999999696854502
4.0029999258487756e-05,0.00011999999696854502
4.003999925842698e-05,0.00011999999696854502
4.0049999258366206e-05,0.00011999999696854502
4.005999925830543e-05,0.00011999999696854502
4.006999925824466e-05,0.00011999999696854502
4.007999925818388e-05,0.00011999999696854502
4.008999925812311e-05,0.00011999999696854502
4.009999925806233e-05,0.00011999999696854502
4.010999925800156e-05,0.00011999999696854502
4.011999925794078e-05,0.00011999999696854502
4.012999925788001e-05,0.00011999999696854502
4.0139999257819234e-05,0.00011999999696854502
4.014999925775846e-05,0.00011999999696854502
4.0159999257697684e-05,0.00011999999696854502
4.016999925763691e-05,0.00011999999696854502
4.0179999257576135e-05,0.00011999999696854502
4.018999925751536e-05,0.00015999999595806003
4.0199999257454585e-05,0.00011999999696854502
4.020999925739381e-05,0.00011999999696854502
4.0219999257333036e-05,0.00011999999696854502
4.022999925727226e-05,0.00011999999696854502
4.023999925721149e-05,0.00011999999696854502
4.024999925715071e-05,0.00011999999696854502
4.025999925708994e-05,0.00011999999696854502
4.026999925702916e-05,0.00011999999696854502
4.027999925696839e-05,0.00011999999696854502
4.028999925690761e-05,0.00011999999696854502
4.029999925684684e-05,0.00011999999696854502
4.0309999256786064e-05,0.00015999999595806003
4.031999925672529e-05,0.00011999999696854502
4.0329999256664514e-05,0.00011999999696854502
4.033999925660374e-05,0.00011999999696854502
4.0349999256542965e-05,0.00011999999696854502
4.035999925648219e-05,0.00011999999696854502
4.0369999256421415e-05,0.00011999999696854502
4.037999925636064e-05,0.00011999999696854502
4.0389999256299866e-05,0.00011999999696854502
4.039999925623909e-05,0.00011999999696854502
4.0409999256178317e-05,0.00011999999696854502
4.041999925611754e-05,0.00011999999696854502
4.042999925605677e-05,0.00011999999696854502
4.043999925599599e-05,0.00011999999696854502
4.044999925593522e-05,0.00011999999696854502
4.045999925587444e-05,0.00011999999696854502
4.046999925581367e-05,0.00011999999696854502
4.0479999255752894e-05,0.00011999999696854502
4.048999925569212e-05,0.00011999999696854502
4.0499999255631344e-05,0.00011999999696854502
4.050999925557057e-05,0.00011999999696854502
4.0519999255509795e-05,0.00015999999595806003
4.052999925544902e-05,0.00011999999696854502
4.0539999255388245e-05,0.00011999999696854502
4.054999925532747e-05,0.00011999999696854502
4.0559999255266696e-05,0.00011999999696854502
4.056999925520592e-05,0.00011999999696854502
4.0579999255145146e-05,0.00011999999696854502
4.058999925508437e-05,0.00011999999696854502
4.05999992550236e-05,0.00011999999696854502
4.060999925496282e-05,0.00011999999696854502
4.061999925490205e-05,0.00011999999696854502
4.062999925484127e-05,0.00011999999696854502
4.06399992547805e-05,0.00011999999696854502
4.0649999254719724e-05,0.00011999999696854502
4.065999925465895e-05,0.00011999999696854502
4.0669999254598174e-05,0.00011999999696854502
4.06799992545374e-05,0.00011999999696854502
4.0689999254476625e-05,0.00011999999696854502
4.069999925441585e-05,0.00011999999696854502
4.0709999254355075e-05,0.00011999999696854502
4.07199992542943e-05,0.00011999999696854502
4.0729999254233526e-05,0.00011999999696854502
4.073999925417275e-05,0.00011999999696854502
4.0749999254111976e-05,0.00015999999595806003
4.07599992540512e-05,0.00011999999696854502
4.076999925399043e-05,0.00011999999696854502
4.077999925392965e-05,0.00011999999696854502
4.078999925386888e-05,0.00011999999696854502
4.07999992538081e-05,0.00011999999696854502
4.080999925374733e-05,0.00011999999696854502
4.0819999253686553e-05,0.00011999999696854502
4.082999925362578e-05,0.00011999999696854502
4.0839999253565004e-05,0.00011999999696854502
4.084999925350423e-05,0.00011999999696854502
4.0859999253443455e-05,0.00015999999595806003
4.086999925338268e-05,0.00011999999696854502
4.0879999253321905e-05,0.00011999999696854502
4.088999925326113e-05,0.00011999999696854502
4.0899999253200356e-05,0.00011999999696854502
4.090999925313958e-05,0.00011999999696854502
4.0919999253078806e-05,0.00011999999696854502
4.092999925301803e-05,0.00011999999696854502
4.093999925295726e-05,0.00011999999696854502
4.094999925289648e-05,0.00011999999696854502
4.095999925283571e-05,7.999999797903001e-05
4.096999925277493e-05,0.00011999999696854502
4.097999925271416e-05,0.00031999999191612005
4.0989999252653383e-05,7.999999797903001e-05
4.099999925259261e-05,-7.999999797903001e-05
4.1009999252531834e-05,0.00011999999696854502
4.101999925247106e-05,0.00015999999595806003
4.1029999252410285e-05,0.00019999999494757503
4.103999925234951e-05,0.00019999999494757503
4.1049999252288735e-05,7.999999797903001e-05
4.105999925222796e-05,3.9999998989515007e-05
4.1069999252167186e-05,0.00011999999696854502
4.107999925210641e-05,0.00019999999494757503
4.1089999252045636e-05,0.00015999999595806003
4.109999925198486e-05,7.999999797903001e-05
4.110999925192409e-05,7.999999797903001e-05
4.111999925186331e-05,0.00019999999494757503
4.112999925180254e-05,0.00015999999595806003
4.113999925174176e-05,7.999999797903001e-05
4.114999925168099e-05,0.00011999999696854502
4.115999925162021e-05,0.00015999999595806003
4.116999925155944e-05,0.00015999999595806003
4.1179999251498664e-05,7.999999797903001e-05
4.118999925143789e-05,7.999999797903001e-05
4.1199999251377114e-05,0.00015999999595806003
4.120999925131634e-05,0.00019999999494757503
4.1219999251255565e-05,7.999999797903001e-05
4.122999925119479e-05,7.999999797903001e-05
4.1239999251134016e-05,0.00011999999696854502
4.124999925107324e-05,0.00015999999595806003
4.1259999251012466e-05,0.00011999999696854502
4.126999925095169e-05,7.999999797903001e-05
4.127999925089092e-05,0.00011999999696854502
4.128999925083014e-05,0.00011999999696854502
4.129999925076937e-05,7.999999797903001e-05
4.130999925070859e-05,7.999999797903001e-05
4.131999925064782e-05,0.00015999999595806003
4.132999925058704e-05,0.00015999999595806003
4.133999925052627e-05,0.00011999999696854502
4.1349999250465494e-05,7.999999797903001e-05
4.135999925040472e-05,0.00011999999696854502
4.1369999250343944e-05,0.00011999999696854502
4.137999925028317e-05,0.00011999999696854502
4.1389999250222395e-05,0.00011999999696854502
4.139999925016162e-05,0.00011999999696854502
4.1409999250100846e-05,0.00011999999696854502
4.141999925004007e-05,0.00011999999696854502
4.1429999249979296e-05,0.00011999999696854502
4.143999924991852e-05,0.00011999999696854502
4.144999924985775e-05,0.00011999999696854502
4.145999924979697e-05,0.00011999999696854502
4.14699992497362e-05,0.00011999999696854502
4.147999924967542e-05,0.00011999999696854502
4.148999924961465e-05,0.00011999999696854502
4.149999924955387e-05,0.00011999999696854502
4.15099992494931e-05,0.00011999999696854502
4.1519999249432324e-05,0.00015999999595806003
4.152999924937155e-05,0.00011999999696854502
4.1539999249310774e-05,0.00011999999696854502
4.154999924925e-05,0.00011999999696854502
4.1559999249189225e-05,0.00015999999595806003
4.156999924912845e-05,0.00011999999696854502
4.1579999249067676e-05,0.00011999999696854502
4.15899992490069e-05,0.00011999999696854502
4.1599999248946126e-05,0.00015999999595806003
4.160999924888535e-05,0.00015999999595806003
4.161999924882458e-05,0.00011999999696854502
4.16299992487638e-05,0.00011999999696854502
4.163999924870303e-05,0.00015999999595806003
4.164999924864225e-05,0.00015999999595806003
4.165999924858148e-05,0.00011999999696854502
4.16699992485207e-05,0.00011999999696854502
4.167999924845993e-05,0.00015999999595806003
4.1689999248399154e-05,0.00015999999595806003
4.169999924833838e-05,0.00011999999696854502
4.1709999248277604e-05,0.00011999999696854502
4.171999924821683e-05,0.00011999999696854502
4.1729999248156055e-05,0.00011999999696854502
4.173999924809528e-05,0.00015999999595806003
4.1749999248034505e-05,0.00015999999595806003
4.175999924797373e-05,0.00011999999696854502
4.1769999247912956e-05,0.00015999999595806003
4.177999924785218e-05,0.00011999999696854502
4.178999924779141e-05,0.00011999999696854502
4.179999924773063e-05,0.00015999999595806003
4.180999924766986e-05,0.00011999999696854502
4.181999924760908e-05,0.00015999999595806003
4.182999924754831e-05,0.00015999999595806003
4.183999924748753e-05,0.00011999999696854502
4.184999924742676e-05,0.00011999999696854502
4.1859999247365984e-05,0.00015999999595806003
4.186999924730521e-05,0.00015999999595806003
4.1879999247244434e-05,0.00015999999595806003
4.188999924718366e-05,0.00015999999595806003
4.1899999247122885e-05,0.00019999999494757503
4.190999924706211e-05,0.00019999999494757503
4.1919999247001335e-05,0.00019999999494757503
4.192999924694056e-05,0.00023999999393709004
4.1939999246879786e-05,0.00023999999393709004
4.194999924681901e-05,0.00023999999393709004
4.1959999246758237e-05,0.00027999999292660505
4.196999924669746e-05,0.00027999999292660505
4.197999924663669e-05,0.00031999999191612005
4.198999924657591e-05,0.00031999999191612005
4.199999924651514e-05,0.00035999999090563506
4.200999924645436e-05,0.00035999999090563506
4.201999924639359e-05,0.00043999998888466507
4.2029999246332814e-05,0.0004799999878741801
4.203999924627204e-05,0.0004799999878741801
4.2049999246211264e-05,0.0005199999868636951
4.205999924615049e-05,0.0005999999848427251
4.2069999246089715e-05,0.0006399999838322401
4.207999924602894e-05,0.0006799999828217551
4.2089999245968165e-05,0.0007199999818112701
4.209999924590739e-05,0.0007599999808007851
4.2109999245846616e-05,0.0008399999787798151
4.211999924578584e-05,0.0008799999777693301
4.2129999245725066e-05,0.0009199999767588452
4.213999924566429e-05,0.0009599999757483602
4.214999924560352e-05,0.0009999999747378752
4.215999924554274e-05,0.0010399999737273902
4.216999924548197e-05,0.0010799999727169052
4.217999924542119e-05,0.0011199999717064202
4.218999924536042e-05,0.0011599999706959352
4.2199999245299644e-05,0.0011999999696854502
4.220999924523887e-05,0.0012399999686749652
4.2219999245178094e-05,0.0012799999676644802
4.222999924511732e-05,0.0012799999676644802
4.2239999245056545e-05,0.0013199999666539952
4.224999924499577e-05,0.0013599999656435102
4.2259999244934995e-05,0.0013599999656435102
4.226999924487422e-05,0.0013599999656435102
4.2279999244813446e-05,0.0013599999656435102
4.228999924475267e-05,0.0013999999646330252
4.2299999244691896e-05,0.0013999999646330252
4.230999924463112e-05,0.0013599999656435102
4.231999924457035e-05,0.0013599999656435102
4.232999924450957e-05,0.0013599999656435102
4.23399992444488e-05,0.0013599999656435102
4.234999924438802e-05,0.0013599999656435102
4.235999924432725e-05,0.0013199999666539952
4.2369999244266473e-05,0.0013199999666539952
4.23799992442057e-05,0.0013199999666539952
4.2389999244144924e-05,0.0012399999686749652
4.239999924408415e-05,0.0012399999686749652
4.2409999244023375e-05,0.0011599999706959352
4.24199992439626e-05,0.0011599999706959352
4.2429999243901825e-05,0.0011199999717064202
4.243999924384105e-05,0.0010399999737273902
4.2449999243780276e-05,0.0009999999747378752
4.24599992437195e-05,0.0009599999757483602
4.2469999243658726e-05,0.0009599999757483602
4.247999924359795e-05,0.0008799999777693301
4.248999924353718e-05,0.0007999999797903001
4.24999992434764e-05,0.0007599999808007851
4.250999924341563e-05,0.0007199999818112701
4.251999924335485e-05,0.0006799999828217551
4.252999924329408e-05,0.0005999999848427251
4.2539999243233303e-05,0.0005599999858532101
4.254999924317253e-05,0.0005199999868636951
4.2559999243111754e-05,0.0004799999878741801
4.256999924305098e-05,0.00043999998888466507
4.2579999242990205e-05,0.00039999998989515007
4.258999924292943e-05,0.00035999999090563506
4.2599999242868655e-05,0.00035999999090563506
4.260999924280788e-05,0.00031999999191612005
4.2619999242747106e-05,0.00027999999292660505
4.262999924268633e-05,0.00027999999292660505
4.2639999242625556e-05,0.00023999999393709004
4.264999924256478e-05,0.00023999999393709004
4.265999924250401e-05,0.00019999999494757503
4.266999924244323e-05,0.00019999999494757503
4.267999924238246e-05,0.00019999999494757503
4.268999924232168e-05,0.00019999999494757503
4.269999924226091e-05,0.00015999999595806003
4.270999924220013e-05,0.00015999999595806003
4.271999924213936e-05,0.00015999999595806003
4.2729999242078584e-05,0.00011999999696854502
4.273999924201781e-05,0.00011999999696854502
4.2749999241957034e-05,0.00015999999595806003
4.275999924189626e-05,0.00015999999595806003
4.2769999241835485e-05,0.00015999999595806003
4.277999924177471e-05,0.00015999999595806003
4.2789999241713936e-05,0.00011999999696854502
4.279999924165316e-05,0.00011999999696854502
4.2809999241592386e-05,0.00011999999696854502
4.281999924153161e-05,0.00011999999696854502
4.282999924147084e-05,0.00011999999696854502
4.283999924141006e-05,0.00011999999696854502
4.284999924134929e-05,0.00011999999696854502
4.285999924128851e-05,0.00011999999696854502
4.286999924122774e-05,0.00015999999595806003
4.287999924116696e-05,0.00011999999696854502
4.288999924110619e-05,0.00011999999696854502
4.2899999241045414e-05,0.00011999999696854502
4.290999924098464e-05,0.00011999999696854502
4.2919999240923864e-05,0.00011999999696854502
4.292999924086309e-05,0.00011999999696854502
4.2939999240802315e-05,0.00011999999696854502
4.294999924074154e-05,0.00011999999696854502
4.2959999240680766e-05,0.00011999999696854502
4.296999924061999e-05,0.00011999999696854502
4.2979999240559216e-05,0.00011999999696854502
4.298999924049844e-05,0.00011999999696854502
4.299999924043767e-05,0.00011999999696854502
4.300999924037689e-05,0.00011999999696854502
4.301999924031612e-05,0.00011999999696854502
4.302999924025534e-05,0.00015999999595806003
4.303999924019457e-05,0.00011999999696854502
4.304999924013379e-05,0.00011999999696854502
4.305999924007302e-05,0.00011999999696854502
4.3069999240012244e-05,0.00011999999696854502
4.307999923995147e-05,0.00011999999696854502
4.3089999239890694e-05,0.00011999999696854502
4.309999923982992e-05,0.00011999999696854502
4.3109999239769145e-05,0.00011999999696854502
4.311999923970837e-05,0.00011999999696854502
4.3129999239647596e-05,0.00011999999696854502
4.313999923958682e-05,0.00011999999696854502
4.3149999239526046e-05,0.00011999999696854502
4.315999923946527e-05,0.00011999999696854502
4.31699992394045e-05,0.00011999999696854502
4.317999923934372e-05,0.00011999999696854502
4.318999923928295e-05,0.00011999999696854502
4.319999923922217e-05,0.00015999999595806003
4.32099992391614e-05,0.00011999999696854502
4.321999923910062e-05,0.00011999999696854502
4.322999923903985e-05,0.00011999999696854502
4.3239999238979074e-05,0.00011999999696854502
4.32499992389183e-05,0.00011999999696854502
4.3259999238857524e-05,0.00011999999696854502
4.326999923879675e-05,0.00011999999696854502
4.3279999238735975e-05,0.00011999999696854502
4.32899992386752e-05,0.00011999999696854502
4.3299999238614425e-05,0.00011999999696854502
4.330999923855365e-05,0.00011999999696854502
4.3319999238492876e-05,0.00015999999595806003
4.33299992384321e-05,0.00011999999696854502
4.333999923837133e-05,0.00011999999696854502
4.334999923831055e-05,0.00011999999696854502
4.335999923824978e-05,0.00011999999696854502
4.3369999238189e-05,0.00011999999696854502
4.337999923812823e-05,0.00011999999696854502
4.338999923806745e-05,0.00011999999696854502
4.339999923800668e-05,0.00011999999696854502
4.3409999237945904e-05,0.00011999999696854502
4.341999923788513e-05,0.00011999999696854502
4.3429999237824354e-05,0.00011999999696854502
4.343999923776358e-05,0.00011999999696854502
4.3449999237702805e-05,0.00011999999696854502
4.345999923764203e-05,7.999999797903001e-05
4.3469999237581255e-05,0.00011999999696854502
4.347999923752048e-05,0.00011999999696854502
4.3489999237459706e-05,0.00011999999696854502
4.349999923739893e-05,0.00011999999696854502
4.3509999237338157e-05,0.00011999999696854502
4.351999923727738e-05,0.00011999999696854502
4.352999923721661e-05,0.00011999999696854502
4.353999923715583e-05,0.00011999999696854502
4.354999923709506e-05,0.00011999999696854502
4.355999923703428e-05,0.00011999999696854502
4.356999923697351e-05,0.00011999999696854502
4.3579999236912734e-05,0.00011999999696854502
4.358999923685196e-05,0.00011999999696854502
4.3599999236791184e-05,0.00011999999696854502
4.360999923673041e-05,0.00011999999696854502
4.3619999236669635e-05,0.00011999999696854502
4.362999923660886e-05,7.999999797903001e-05
4.3639999236548085e-05,0.00011999999696854502
4.364999923648731e-05,0.00011999999696854502
4.3659999236426536e-05,0.00011999999696854502
4.366999923636576e-05,0.00011999999696854502
4.3679999236304986e-05,0.00011999999696854502
4.368999923624421e-05,0.00011999999696854502
4.369999923618344e-05,0.00011999999696854502
4.370999923612266e-05,0.00011999999696854502
4.371999923606189e-05,0.00011999999696854502
4.372999923600111e-05,0.00011999999696854502
4.373999923594034e-05,0.00011999999696854502
4.3749999235879564e-05,0.00011999999696854502
4.375999923581879e-05,0.00011999999696854502
4.3769999235758014e-05,0.00015999999595806003
4.377999923569724e-05,0.00011999999696854502
4.3789999235636465e-05,7.999999797903001e-05
4.379999923557569e-05,0.00011999999696854502
4.3809999235514915e-05,0.00011999999696854502
4.381999923545414e-05,0.00011999999696854502
4.3829999235393366e-05,0.00011999999696854502
4.383999923533259e-05,0.00011999999696854502
4.3849999235271816e-05,0.00011999999696854502
4.385999923521104e-05,0.00011999999696854502
4.386999923515027e-05,0.00011999999696854502
4.387999923508949e-05,0.00011999999696854502
4.388999923502872e-05,0.00011999999696854502
4.389999923496794e-05,0.00011999999696854502
4.390999923490717e-05,0.00011999999696854502
4.3919999234846393e-05,0.00011999999696854502
4.392999923478562e-05,0.00011999999696854502
4.3939999234724844e-05,0.00011999999696854502
4.394999923466407e-05,0.00011999999696854502
4.3959999234603295e-05,0.00011999999696854502
4.396999923454252e-05,0.00011999999696854502
4.3979999234481745e-05,0.00011999999696854502
4.398999923442097e-05,7.999999797903001e-05
4.3999999234360196e-05,0.00011999999696854502
4.400999923429942e-05,0.00015999999595806003
4.4019999234238646e-05,0.00011999999696854502
4.402999923417787e-05,0.00011999999696854502
4.40399992341171e-05,0.00011999999696854502
4.404999923405632e-05,0.00011999999696854502
4.405999923399555e-05,0.00011999999696854502
4.406999923393477e-05,0.00011999999696854502
4.4079999233874e-05,0.00011999999696854502
4.4089999233813223e-05,0.00011999999696854502
4.409999923375245e-05,0.00011999999696854502
4.4109999233691674e-05,0.00011999999696854502
4.41199992336309e-05,0.00011999999696854502
4.4129999233570125e-05,0.00011999999696854502
4.413999923350935e-05,0.00011999999696854502
4.4149999233448575e-05,0.00011999999696854502
4.41599992333878e-05,0.00011999999696854502
4.4169999233327026e-05,0.00011999999696854502
4.417999923326625e-05,0.00011999999696854502
4.4189999233205476e-05,0.00011999999696854502
4.41999992331447e-05,0.00011999999696854502
4.420999923308393e-05,0.00011999999696854502
4.421999923302315e-05,0.00011999999696854502
4.422999923296238e-05,0.00011999999696854502
4.42399992329016e-05,0.00011999999696854502
4.424999923284083e-05,0.00011999999696854502
4.425999923278005e-05,0.00011999999696854502
4.426999923271928e-05,0.00011999999696854502
4.4279999232658504e-05,0.00011999999696854502
4.428999923259773e-05,0.00011999999696854502
4.4299999232536954e-05,0.00011999999696854502
4.430999923247618e-05,0.00011999999696854502
4.4319999232415405e-05,0.00011999999696854502
4.432999923235463e-05,0.00011999999696854502
4.4339999232293856e-05,0.00011999999696854502
4.434999923223308e-05,0.00011999999696854502
4.4359999232172306e-05,0.00011999999696854502
4.436999923211153e-05,0.00011999999696854502
4.437999923205076e-05,0.00011999999696854502
4.438999923198998e-05,0.00011999999696854502
4.439999923192921e-05,0.00011999999696854502
4.440999923186843e-05,0.00011999999696854502
4.441999923180766e-05,0.00011999999696854502
4.442999923174688e-05,0.00011999999696854502
4.443999923168611e-05,0.00011999999696854502
4.4449999231625334e-05,0.00011999999696854502
4.445999923156456e-05,0.00011999999696854502
4.4469999231503784e-05,0.00011999999696854502
4.447999923144301e-05,0.00011999999696854502
4.4489999231382235e-05,0.00011999999696854502
4.449999923132146e-05,0.00011999999696854502
4.4509999231260686e-05,0.00011999999696854502
4.451999923119991e-05,0.00011999999696854502
4.4529999231139136e-05,0.00011999999696854502
4.453999923107836e-05,0.00011999999696854502
4.454999923101759e-05,0.00011999999696854502
4.455999923095681e-05,0.00011999999696854502
4.456999923089604e-05,0.00011999999696854502
4.457999923083526e-05,0.00011999999696854502
4.458999923077449e-05,0.00011999999696854502
4.459999923071371e-05,0.00011999999696854502
4.460999923065294e-05,0.00011999999696854502
4.4619999230592164e-05,0.00011999999696854502
4.462999923053139e-05,0.00011999999696854502
4.4639999230470614e-05,0.00011999999696854502
4.464999923040984e-05,0.00011999999696854502
4.4659999230349065e-05,0.00011999999696854502
4.466999923028829e-05,0.00011999999696854502
4.4679999230227516e-05,0.00011999999696854502
4.468999923016674e-05,0.00011999999696854502
4.4699999230105966e-05,0.00011999999696854502
4.470999923004519e-05,0.00011999999696854502
4.471999922998442e-05,0.00011999999696854502
4.472999922992364e-05,0.00011999999696854502
4.473999922986287e-05,0.00015999999595806003
4.474999922980209e-05,0.00011999999696854502
4.475999922974132e-05,0.00011999999696854502
4.476999922968054e-05,0.00011999999696854502
4.477999922961977e-05,0.00011999999696854502
4.4789999229558994e-05,0.00011999999696854502
4.479999922949822e-05,0.00011999999696854502
4.4809999229437444e-05,0.00011999999696854502
4.481999922937667e-05,0.00011999999696854502
4.4829999229315895e-05,0.00015999999595806003
4.483999922925512e-05,0.00011999999696854502
4.4849999229194345e-05,0.00011999999696854502
4.485999922913357e-05,0.00011999999696854502
4.4869999229072796e-05,0.00011999999696854502
4.487999922901202e-05,0.00011999999696854502
4.488999922895125e-05,0.00011999999696854502
4.489999922889047e-05,0.00011999999696854502
4.49099992288297e-05,0.00011999999696854502
4.491999922876892e-05,0.00011999999696854502
4.492999922870815e-05,0.00011999999696854502
4.493999922864737e-05,0.00011999999696854502
4.49499992285866e-05,0.00011999999696854502
4.4959999228525824e-05,0.00011999999696854502
4.496999922846505e-05,0.00011999999696854502
4.4979999228404274e-05,0.00011999999696854502
4.49899992283435e-05,0.00011999999696854502
4.4999999228282725e-05,0.00011999999696854502
4.500999922822195e-05,0.00011999999696854502
4.5019999228161175e-05,0.00011999999696854502
4.50299992281004e-05,0.00011999999696854502
4.5039999228039626e-05,0.00011999999696854502
4.504999922797885e-05,7.999999797903001e-05
4.5059999227918077e-05,0.00011999999696854502
4.50699992278573e-05,0.00015999999595806003
4.507999922779653e-05,0.00011999999696854502
4.508999922773575e-05,0.00011999999696854502
4.509999922767498e-05,0.00011999999696854502
4.51099992276142e-05,0.00011999999696854502
4.511999922755343e-05,0.00011999999696854502
4.5129999227492654e-05,0.00011999999696854502
4.513999922743188e-05,0.00011999999696854502
4.5149999227371104e-05,0.00011999999696854502
4.515999922731033e-05,0.00011999999696854502
4.5169999227249555e-05,7.999999797903001e-05
4.517999922718878e-05,0.00011999999696854502
4.5189999227128005e-05,0.00011999999696854502
4.519999922706723e-05,0.00015999999595806003
4.5209999227006456e-05,0.00011999999696854502
4.521999922694568e-05,0.00011999999696854502
4.5229999226884906e-05,0.00011999999696854502
4.523999922682413e-05,0.00011999999696854502
4.524999922676336e-05,0.00011999999696854502
4.525999922670258e-05,0.00011999999696854502
4.526999922664181e-05,0.00011999999696854502
4.527999922658103e-05,0.00011999999696854502
4.528999922652026e-05,0.00011999999696854502
4.5299999226459484e-05,0.00011999999696854502
4.530999922639871e-05,0.00011999999696854502
4.5319999226337934e-05,0.00011999999696854502
4.532999922627716e-05,0.00011999999696854502
4.5339999226216385e-05,0.00011999999696854502
4.534999922615561e-05,7.999999797903001e-05
4.5359999226094835e-05,0.00011999999696854502
4.536999922603406e-05,0.00011999999696854502
4.5379999225973286e-05,0.00011999999696854502
4.538999922591251e-05,0.00011999999696854502
4.5399999225851736e-05,0.00011999999696854502
4.540999922579096e-05,0.00011999999696854502
4.541999922573019e-05,0.00011999999696854502
4.542999922566941e-05,0.00011999999696854502
4.543999922560864e-05,0.00011999999696854502
4.544999922554786e-05,0.00011999999696854502
4.545999922548709e-05,0.00011999999696854502
4.5469999225426313e-05,0.00011999999696854502
4.547999922536554e-05,0.00011999999696854502
4.5489999225304764e-05,0.00011999999696854502
4.549999922524399e-05,0.00011999999696854502
4.5509999225183215e-05,0.00011999999696854502
4.551999922512244e-05,0.00011999999696854502
4.5529999225061665e-05,0.00011999999696854502
4.553999922500089e-05,0.00011999999696854502
4.5549999224940116e-05,0.00011999999696854502
4.555999922487934e-05,0.00015999999595806003
4.5569999224818566e-05,0.00011999999696854502
4.557999922475779e-05,0.00011999999696854502
4.558999922469702e-05,0.00011999999696854502
4.559999922463624e-05,0.00011999999696854502
4.560999922457547e-05,0.00011999999696854502
4.561999922451469e-05,0.00011999999696854502
4.562999922445392e-05,0.00011999999696854502
4.563999922439314e-05,0.00011999999696854502
4.564999922433237e-05,0.00011999999696854502
4.5659999224271594e-05,0.00011999999696854502
4.566999922421082e-05,0.00011999999696854502
4.5679999224150045e-05,0.00011999999696854502
4.568999922408927e-05,0.00011999999696854502
4.5699999224028495e-05,0.00011999999696854502
4.570999922396772e-05,0.00011999999696854502
4.5719999223906946e-05,0.00011999999696854502
4.572999922384617e-05,0.00011999999696854502
4.5739999223785396e-05,0.00011999999696854502
4.574999922372462e-05,0.00011999999696854502
4.575999922366385e-05,0.00011999999696854502
4.576999922360307e-05,0.00011999999696854502
4.57799992235423e-05,0.00011999999696854502
4.578999922348152e-05,0.00011999999696854502
4.579999922342075e-05,0.00011999999696854502
4.580999922335997e-05,0.00015999999595806003
4.58199992232992e-05,0.00011999999696854502
4.5829999223238424e-05,0.00011999999696854502
4.583999922317765e-05,0.00011999999696854502
4.5849999223116874e-05,0.00011999999696854502
4.58599992230561e-05,0.00011999999696854502
4.5869999222995325e-05,0.00011999999696854502
4.587999922293455e-05,0.00011999999696854502
4.5889999222873776e-05,0.00011999999696854502
4.5899999222813e-05,0.00011999999696854502
4.5909999222752226e-05,0.00011999999696854502
4.591999922269145e-05,0.00011999999696854502
4.592999922263068e-05,0.00011999999696854502
4.59399992225699e-05,0.00011999999696854502
4.594999922250913e-05,0.00011999999696854502
4.595999922244835e-05,0.00011999999696854502
4.596999922238758e-05,0.00011999999696854502
4.59799992223268e-05,0.00011999999696854502
4.598999922226603e-05,0.00011999999696854502
4.5999999222205254e-05,0.00011999999696854502
4.600999922214448e-05,0.00011999999696854502
4.6019999222083704e-05,0.00011999999696854502
4.602999922202293e-05,0.00011999999696854502
4.6039999221962155e-05,0.00011999999696854502
4.604999922190138e-05,0.00015999999595806003
4.6059999221840606e-05,0.00011999999696854502
4.606999922177983e-05,0.00011999999696854502
4.6079999221719056e-05,0.00011999999696854502
4.608999922165828e-05,0.00011999999696854502
4.609999922159751e-05,0.00011999999696854502
4.610999922153673e-05,0.00011999999696854502
4.611999922147596e-05,0.00011999999696854502
4.612999922141518e-05,0.00011999999696854502
4.613999922135441e-05,0.00011999999696854502
4.614999922129363e-05,0.00011999999696854502
4.615999922123286e-05,0.00011999999696854502
4.6169999221172084e-05,0.00011999999696854502
4.617999922111131e-05,0.00011999999696854502
4.6189999221050534e-05,0.00011999999696854502
4.619999922098976e-05,0.00011999999696854502
4.6209999220928985e-05,0.00011999999696854502
4.621999922086821e-05,0.00015999999595806003
4.6229999220807436e-05,0.00011999999696854502
4.623999922074666e-05,0.00011999999696854502
4.6249999220685886e-05,0.00011999999696854502
4.625999922062511e-05,0.00011999999696854502
4.626999922056434e-05,0.00011999999696854502
4.627999922050356e-05,0.00011999999696854502
4.628999922044279e-05,0.00011999999696854502
4.629999922038201e-05,0.00011999999696854502
4.630999922032124e-05,0.00011999999696854502
4.631999922026046e-05,0.00011999999696854502
4.632999922019969e-05,0.00011999999696854502
4.6339999220138914e-05,0.00011999999696854502
4.634999922007814e-05,0.00011999999696854502
4.6359999220017364e-05,0.00011999999696854502
4.636999921995659e-05,0.00011999999696854502
4.6379999219895815e-05,0.00011999999696854502
4.638999921983504e-05,0.00011999999696854502
4.6399999219774265e-05,0.00011999999696854502
4.640999921971349e-05,0.00011999999696854502
4.6419999219652716e-05,0.00011999999696854502
4.642999921959194e-05,0.00011999999696854502
4.6439999219531167e-05,0.00011999999696854502
4.644999921947039e-05,0.00011999999696854502
4.645999921940962e-05,0.00011999999696854502
4.646999921934884e-05,0.00011999999696854502
4.647999921928807e-05,0.00011999999696854502
4.648999921922729e-05,0.00011999999696854502
4.649999921916652e-05,0.00011999999696854502
4.6509999219105744e-05,0.00011999999696854502
4.651999921904497e-05,0.00011999999696854502
4.6529999218984194e-05,0.00011999999696854502
4.653999921892342e-05,0.00011999999696854502
4.6549999218862645e-05,0.00011999999696854502
4.655999921880187e-05,0.00011999999696854502
4.6569999218741095e-05,0.00011999999696854502
4.657999921868032e-05,0.00011999999696854502
4.6589999218619546e-05,0.00011999999696854502
4.659999921855877e-05,0.00011999999696854502
4.6609999218497997e-05,0.00011999999696854502
4.661999921843722e-05,0.00011999999696854502
4.662999921837645e-05,0.00011999999696854502
4.663999921831567e-05,0.00011999999696854502
4.66499992182549e-05,0.00011999999696854502
4.665999921819412e-05,0.00011999999696854502
4.666999921813335e-05,0.00011999999696854502
4.6679999218072574e-05,0.00011999999696854502
4.66899992180118e-05,0.00011999999696854502
4.6699999217951024e-05,0.00011999999696854502
4.670999921789025e-05,0.00011999999696854502
4.6719999217829475e-05,0.00011999999696854502
4.67299992177687e-05,0.00011999999696854502
4.6739999217707925e-05,0.00011999999696854502
4.674999921764715e-05,0.00011999999696854502
4.6759999217586376e-05,7.999999797903001e-05
4.67699992175256e-05,0.00011999999696854502
4.6779999217464826e-05,0.00011999999696854502
4.678999921740405e-05,0.00011999999696854502
4.679999921734328e-05,0.00011999999696854502
4.68099992172825e-05,0.00011999999696854502
4.681999921722173e-05,0.00011999999696854502
4.682999921716095e-05,0.00011999999696854502
4.683999921710018e-05,0.00011999999696854502
4.6849999217039404e-05,0.00011999999696854502
4.685999921697863e-05,0.00011999999696854502
4.6869999216917854e-05,0.00011999999696854502
4.687999921685708e-05,0.00011999999696854502
4.6889999216796305e-05,7.999999797903001e-05
4.689999921673553e-05,0.00011999999696854502
4.6909999216674755e-05,0.00011999999696854502
4.691999921661398e-05,0.00011999999696854502
4.6929999216553206e-05,0.00011999999696854502
4.693999921649243e-05,0.00011999999696854502
4.6949999216431656e-05,0.00011999999696854502
4.695999921637088e-05,0.00011999999696854502
4.696999921631011e-05,0.00011999999696854502
4.697999921624933e-05,0.00011999999696854502
4.698999921618856e-05,0.00011999999696854502
4.699999921612778e-05,0.00011999999696854502
4.700999921606701e-05,0.00011999999696854502
4.7019999216006233e-05,0.00011999999696854502
4.702999921594546e-05,0.00011999999696854502
4.7039999215884684e-05,0.00011999999696854502
4.704999921582391e-05,0.00011999999696854502
4.7059999215763135e-05,0.00011999999696854502
4.706999921570236e-05,0.00011999999696854502
4.7079999215641585e-05,0.00011999999696854502
4.708999921558081e-05,0.00011999999696854502
4.7099999215520036e-05,0.00011999999696854502
4.710999921545926e-05,0.00011999999696854502
4.7119999215398486e-05,0.00011999999696854502
4.712999921533771e-05,0.00011999999696854502
4.713999921527694e-05,0.00011999999696854502
4.714999921521616e-05,0.00011999999696854502
4.715999921515539e-05,0.00011999999696854502
4.716999921509461e-05,0.00011999999696854502
4.717999921503384e-05,0.00011999999696854502
4.718999921497306e-05,0.00011999999696854502
4.719999921491229e-05,0.00011999999696854502
4.7209999214851514e-05,0.00011999999696854502
4.721999921479074e-05,0.00011999999696854502
4.7229999214729965e-05,0.00011999999696854502
4.723999921466919e-05,7.999999797903001e-05
4.7249999214608415e-05,0.00011999999696854502
4.725999921454764e-05,0.00011999999696854502
4.7269999214486866e-05,0.00011999999696854502
4.727999921442609e-05,0.00011999999696854502
4.7289999214365316e-05,0.00011999999696854502
4.729999921430454e-05,7.999999797903001e-05
4.730999921424377e-05,0.00015999999595806003
4.731999921418299e-05,0.00011999999696854502
4.732999921412222e-05,0.00011999999696854502
4.733999921406144e-05,0.00011999999696854502
4.734999921400067e-05,0.00011999999696854502
4.735999921393989e-05,0.00011999999696854502
4.736999921387912e-05,0.00011999999696854502
4.7379999213818344e-05,0.00011999999696854502
4.738999921375757e-05,0.00011999999696854502
4.7399999213696794e-05,0.00011999999696854502
4.740999921363602e-05,7.999999797903001e-05
4.7419999213575245e-05,0.00011999999696854502
4.742999921351447e-05,0.00011999999696854502
4.7439999213453696e-05,0.00011999999696854502
4.744999921339292e-05,0.00011999999696854502
4.7459999213332146e-05,0.00011999999696854502
4.746999921327137e-05,0.00011999999696854502
4.74799992132106e-05,0.00011999999696854502
4.748999921314982e-05,0.00011999999696854502
4.749999921308905e-05,0.00011999999696854502
4.750999921302827e-05,0.00011999999696854502
4.75199992129675e-05,0.00011999999696854502
4.752999921290672e-05,0.00011999999696854502
4.753999921284595e-05,0.00011999999696854502
4.7549999212785174e-05,0.00011999999696854502
4.75599992127244e-05,0.00011999999696854502
4.7569999212663624e-05,7.999999797903001e-05
4.757999921260285e-05,0.00011999999696854502
4.7589999212542075e-05,0.00011999999696854502
4.75999992124813e-05,0.00011999999696854502
4.7609999212420526e-05,0.00011999999696854502
4.761999921235975e-05,0.00011999999696854502
4.7629999212298976e-05,0.00011999999696854502
4.76399992122382e-05,0.00011999999696854502
4.764999921217743e-05,0.00011999999696854502
4.765999921211665e-05,0.00011999999696854502
4.766999921205588e-05,0.00011999999696854502
4.76799992119951e-05,0.00011999999696854502
4.768999921193433e-05,0.00011999999696854502
4.769999921187355e-05,0.00011999999696854502
4.770999921181278e-05,0.00011999999696854502
4.7719999211752004e-05,0.00011999999696854502
4.772999921169123e-05,0.00011999999696854502
4.7739999211630454e-05,0.00011999999696854502
4.774999921156968e-05,0.00011999999696854502
4.7759999211508905e-05,0.00011999999696854502
4.776999921144813e-05,0.00011999999696854502
4.7779999211387356e-05,0.00011999999696854502
4.778999921132658e-05,0.00011999999696854502
4.7799999211265806e-05,0.00011999999696854502
4.780999921120503e-05,0.00011999999696854502
4.781999921114426e-05,0.00011999999696854502
4.782999921108348e-05,0.00011999999696854502
4.783999921102271e-05,0.00011999999696854502
4.784999921096193e-05,0.00011999999696854502
4.785999921090116e-05,0.00011999999696854502
4.786999921084038e-05,0.00011999999696854502
4.787999921077961e-05,0.00011999999696854502
4.7889999210718834e-05,0.00011999999696854502
4.789999921065806e-05,7.999999797903001e-05
4.7909999210597284e-05,0.00011999999696854502
4.791999921053651e-05,0.00011999999696854502
4.7929999210475735e-05,0.00011999999696854502
4.793999921041496e-05,7.999999797903001e-05
4.7949999210354185e-05,0.00011999999696854502
4.795999921029341e-05,0.00011999999696854502
4.7969999210232636e-05,0.00011999999696854502
4.797999921017186e-05,0.00011999999696854502
4.7989999210111087e-05,0.00011999999696854502
4.799999921005031e-05,0.00011999999696854502
4.800999920998954e-05,0.00011999999696854502
4.801999920992876e-05,0.00011999999696854502
4.802999920986799e-05,0.00011999999696854502
4.803999920980721e-05,0.00011999999696854502
4.804999920974644e-05,0.00011999999696854502
4.8059999209685664e-05,0.00011999999696854502
4.806999920962489e-05,0.00011999999696854502
4.8079999209564114e-05,0.00011999999696854502
4.808999920950334e-05,0.00011999999696854502
4.8099999209442565e-05,0.00011999999696854502
4.810999920938179e-05,0.00011999999696854502
4.8119999209321015e-05,0.00011999999696854502
4.812999920926024e-05,0.00011999999696854502
4.8139999209199466e-05,0.00011999999696854502
4.814999920913869e-05,0.00011999999696854502
4.8159999209077917e-05,0.00011999999696854502
4.816999920901714e-05,0.00011999999696854502
4.817999920895637e-05,0.00011999999696854502
4.818999920889559e-05,0.00011999999696854502
4.819999920883482e-05,0.00011999999696854502
4.820999920877404e-05,0.00011999999696854502
4.821999920871327e-05,0.00011999999696854502
4.8229999208652494e-05,0.00011999999696854502
4.823999920859172e-05,0.00011999999696854502
4.8249999208530944e-05,0.00011999999696854502
4.825999920847017e-05,0.00011999999696854502
4.8269999208409395e-05,0.00011999999696854502
4.827999920834862e-05,7.999999797903001e-05
4.8289999208287845e-05,0.00011999999696854502
4.829999920822707e-05,0.00011999999696854502
4.8309999208166296e-05,0.00011999999696854502
4.831999920810552e-05,0.00011999999696854502
4.8329999208044746e-05,0.00011999999696854502
4.833999920798397e-05,0.00011999999696854502
4.83499992079232e-05,0.00011999999696854502
4.835999920786242e-05,0.00011999999696854502
4.836999920780165e-05,0.00011999999696854502
4.837999920774087e-05,0.00011999999696854502
4.83899992076801e-05,0.00011999999696854502
4.8399999207619324e-05,0.00011999999696854502
4.840999920755855e-05,0.00011999999696854502
4.8419999207497774e-05,0.00011999999696854502
4.8429999207437e-05,0.00011999999696854502
4.8439999207376225e-05,0.00011999999696854502
4.844999920731545e-05,0.00011999999696854502
4.8459999207254675e-05,0.00011999999696854502
4.84699992071939e-05,0.00011999999696854502
4.8479999207133126e-05,0.00011999999696854502
4.848999920707235e-05,0.00011999999696854502
4.8499999207011576e-05,0.00011999999696854502
4.85099992069508e-05,0.00011999999696854502
4.851999920689003e-05,0.00011999999696854502
4.852999920682925e-05,0.00011999999696854502
4.853999920676848e-05,0.00011999999696854502
4.85499992067077e-05,0.00011999999696854502
4.855999920664693e-05,0.00011999999696854502
4.8569999206586153e-05,0.00011999999696854502
4.857999920652538e-05,0.00011999999696854502
4.8589999206464604e-05,0.00011999999696854502
4.859999920640383e-05,0.00011999999696854502
4.8609999206343055e-05,0.00011999999696854502
4.861999920628228e-05,0.00011999999696854502
4.8629999206221505e-05,0.00011999999696854502
4.863999920616073e-05,0.00011999999696854502
4.8649999206099956e-05,0.00011999999696854502
4.865999920603918e-05,0.00011999999696854502
4.8669999205978406e-05,0.00011999999696854502
4.867999920591763e-05,0.00011999999696854502
4.868999920585686e-05,0.00011999999696854502
4.869999920579608e-05,0.00011999999696854502
4.870999920573531e-05,0.00011999999696854502
4.871999920567453e-05,0.00011999999696854502
4.872999920561376e-05,0.00011999999696854502
4.873999920555298e-05,0.00011999999696854502
4.874999920549221e-05,0.00011999999696854502
4.8759999205431434e-05,0.00011999999696854502
4.876999920537066e-05,0.00011999999696854502
4.8779999205309885e-05,0.00011999999696854502
4.878999920524911e-05,7.999999797903001e-05
4.8799999205188335e-05,0.00011999999696854502
4.880999920512756e-05,0.00011999999696854502
4.8819999205066786e-05,0.00011999999696854502
4.882999920500601e-05,0.00011999999696854502
4.8839999204945236e-05,0.00011999999696854502
4.884999920488446e-05,0.00011999999696854502
4.885999920482369e-05,0.00011999999696854502
4.886999920476291e-05,0.00011999999696854502
4.887999920470214e-05,0.00011999999696854502
4.888999920464136e-05,0.00011999999696854502
4.889999920458059e-05,0.00011999999696854502
4.890999920451981e-05,0.00011999999696854502
4.891999920445904e-05,0.00011999999696854502
4.8929999204398264e-05,0.00011999999696854502
4.893999920433749e-05,0.00011999999696854502
4.8949999204276714e-05,0.00011999999696854502
4.895999920421594e-05,0.00011999999696854502
4.8969999204155165e-05,0.00011999999696854502
4.897999920409439e-05,0.00011999999696854502
4.8989999204033616e-05,0.00011999999696854502
4.899999920397284e-05,0.00011999999696854502
4.9009999203912066e-05,0.00011999999696854502
4.901999920385129e-05,0.00011999999696854502
4.902999920379052e-05,0.00011999999696854502
4.903999920372974e-05,0.00011999999696854502
4.904999920366897e-05,0.00011999999696854502
4.905999920360819e-05,0.00011999999696854502
4.906999920354742e-05,0.00011999999696854502
4.907999920348664e-05,7.999999797903001e-05
4.908999920342587e-05,0.00011999999696854502
4.9099999203365094e-05,0.00011999999696854502
4.910999920330432e-05,0.00011999999696854502
4.9119999203243544e-05,0.00011999999696854502
4.912999920318277e-05,7.999999797903001e-05
4.9139999203121995e-05,0.00011999999696854502
4.914999920306122e-05,0.00011999999696854502
4.9159999203000446e-05,0.00011999999696854502
4.916999920293967e-05,0.00011999999696854502
4.9179999202878896e-05,0.00011999999696854502
4.918999920281812e-05,0.00011999999696854502
4.919999920275735e-05,0.00011999999696854502
4.920999920269657e-05,7.999999797903001e-05
4.92199992026358e-05,0.00011999999696854502
4.922999920257502e-05,0.00011999999696854502
4.923999920251425e-05,0.00011999999696854502
4.924999920245347e-05,0.00011999999696854502
4.92599992023927e-05,0.00011999999696854502
4.9269999202331924e-05,0.00011999999696854502
4.927999920227115e-05,0.00011999999696854502
4.9289999202210374e-05,0.00011999999696854502
4.92999992021496e-05,0.00011999999696854502
4.9309999202088825e-05,0.00011999999696854502
4.931999920202805e-05,0.00011999999696854502
4.9329999201967276e-05,0.00011999999696854502
4.93399992019065e-05,0.00011999999696854502
4.9349999201845726e-05,0.00011999999696854502
4.935999920178495e-05,0.00011999999696854502
4.936999920172418e-05,0.00011999999696854502
4.93799992016634e-05,0.00011999999696854502
4.938999920160263e-05,0.00011999999696854502
4.939999920154185e-05,0.00011999999696854502
4.940999920148108e-05,0.00011999999696854502
4.94199992014203e-05,0.00011999999696854502
4.942999920135953e-05,0.00011999999696854502
4.9439999201298754e-05,0.00011999999696854502
4.944999920123798e-05,0.00011999999696854502
4.9459999201177204e-05,0.00011999999696854502
4.946999920111643e-05,0.00011999999696854502
4.9479999201055655e-05,0.00011999999696854502
4.948999920099488e-05,0.00011999999696854502
4.9499999200934105e-05,0.00011999999696854502
4.950999920087333e-05,0.00011999999696854502
4.9519999200812556e-05,0.00011999999696854502
4.952999920075178e-05,0.00011999999696854502
4.9539999200691007e-05,0.00011999999696854502
4.954999920063023e-05,0.00011999999696854502
4.955999920056946e-05,0.00011999999696854502
4.956999920050868e-05,0.00011999999696854502
4.957999920044791e-05,0.00011999999696854502
4.958999920038713e-05,0.00011999999696854502
4.959999920032636e-05,0.00015999999595806003
4.9609999200265584e-05,0.00011999999696854502
4.961999920020481e-05,0.00011999999696854502
4.9629999200144034e-05,0.00011999999696854502
4.963999920008326e-05,0.00011999999696854502
4.9649999200022485e-05,0.00011999999696854502
4.965999919996171e-05,0.00011999999696854502
4.9669999199900935e-05,0.00011999999696854502
4.967999919984016e-05,0.00011999999696854502
4.9689999199779386e-05,0.00011999999696854502
4.969999919971861e-05,0.00011999999696854502
4.9709999199657837e-05,0.00011999999696854502
4.971999919959706e-05,0.00011999999696854502
4.972999919953629e-05,0.00011999999696854502
4.973999919947551e-05,0.00011999999696854502
4.974999919941474e-05,0.00011999999696854502
4.975999919935396e-05,0.00011999999696854502
4.976999919929319e-05,0.00011999999696854502
4.9779999199232414e-05,0.00011999999696854502
4.978999919917164e-05,0.00011999999696854502
4.9799999199110864e-05,0.00011999999696854502
4.980999919905009e-05,7.999999797903001e-05
4.9819999198989315e-05,0.00011999999696854502
4.982999919892854e-05,0.00011999999696854502
4.9839999198867765e-05,0.00011999999696854502
4.984999919880699e-05,0.00011999999696854502
4.9859999198746216e-05,7.999999797903001e-05
4.986999919868544e-05,0.00011999999696854502
4.9879999198624666e-05,0.00015999999595806003
4.988999919856389e-05,0.00011999999696854502
4.989999919850312e-05,0.00011999999696854502
4.990999919844234e-05,0.00011999999696854502
4.991999919838157e-05,0.00011999999696854502
4.992999919832079e-05,0.00011999999696854502
4.993999919826002e-05,0.00011999999696854502
4.9949999198199244e-05,0.00011999999696854502
4.995999919813847e-05,0.00011999999696854502
4.9969999198077694e-05,0.00011999999696854502
4.997999919801692e-05,0.00011999999696854502
4.9989999197956145e-05,0.00011999999696854502
4.999999919789537e-05,0.00015999999595806003
5.0009999197834595e-05,0.00011999999696854502
5.001999919777382e-05,0.00011999999696854502
5.0029999197713046e-05,0.00011999999696854502
5.003999919765227e-05,0.00011999999696854502
5.0049999197591496e-05,0.00011999999696854502
5.005999919753072e-05,0.00011999999696854502
5.006999919746995e-05,0.00011999999696854502
5.007999919740917e-05,0.00011999999696854502
5.00899991973484e-05,0.00011999999696854502
5.009999919728762e-05,0.00011999999696854502
5.010999919722685e-05,0.00011999999696854502
5.0119999197166073e-05,0.00011999999696854502
5.01299991971053e-05,0.00011999999696854502
5.0139999197044524e-05,0.00011999999696854502
5.014999919698375e-05,0.00011999999696854502
5.0159999196922975e-05,0.00011999999696854502
5.01699991968622e-05,7.999999797903001e-05
5.0179999196801425e-05,0.00011999999696854502
5.018999919674065e-05,0.00011999999696854502
5.0199999196679876e-05,0.00011999999696854502
5.02099991966191e-05,0.00011999999696854502
5.0219999196558326e-05,0.00011999999696854502
5.022999919649755e-05,0.00011999999696854502
5.023999919643678e-05,0.00011999999696854502
5.0249999196376e-05,0.00011999999696854502
5.025999919631523e-05,0.00011999999696854502
5.026999919625445e-05,0.00011999999696854502
5.027999919619368e-05,0.00011999999696854502
5.02899991961329e-05,0.00011999999696854502
5.029999919607213e-05,0.00011999999696854502
5.0309999196011354e-05,0.00011999999696854502
5.031999919595058e-05,0.00011999999696854502
5.0329999195889805e-05,0.00011999999696854502
5.033999919582903e-05,0.00011999999696854502
5.0349999195768255e-05,0.00011999999696854502
5.035999919570748e-05,0.00011999999696854502
5.0369999195646706e-05,0.00011999999696854502
5.037999919558593e-05,0.00011999999696854502
5.0389999195525156e-05,0.00011999999696854502
5.039999919546438e-05,0.00011999999696854502
5.040999919540361e-05,0.00011999999696854502
5.041999919534283e-05,0.00011999999696854502
5.042999919528206e-05,0.00011999999696854502
5.043999919522128e-05,0.00011999999696854502
5.044999919516051e-05,0.00011999999696854502
5.045999919509973e-05,0.00011999999696854502
5.046999919503896e-05,0.00011999999696854502
5.0479999194978184e-05,0.00011999999696854502
5.048999919491741e-05,0.00011999999696854502
5.0499999194856634e-05,0.00011999999696854502
5.050999919479586e-05,7.999999797903001e-05
5.0519999194735085e-05,0.00011999999696854502
5.052999919467431e-05,0.00011999999696854502
5.0539999194613536e-05,0.00011999999696854502
5.054999919455276e-05,7.999999797903001e-05
5.0559999194491986e-05,0.00011999999696854502
5.056999919443121e-05,0.00011999999696854502
5.057999919437044e-05,0.00011999999696854502
5.058999919430966e-05,0.00011999999696854502
5.059999919424889e-05,0.00011999999696854502
5.060999919418811e-05,0.00011999999696854502
5.061999919412734e-05,0.00011999999696854502
5.062999919406656e-05,0.00011999999696854502
5.063999919400579e-05,0.00011999999696854502
5.0649999193945014e-05,0.00011999999696854502
5.065999919388424e-05,0.00011999999696854502
5.0669999193823464e-05,0.00011999999696854502
5.067999919376269e-05,0.00011999999696854502
5.0689999193701915e-05,0.00011999999696854502
5.069999919364114e-05,0.00011999999696854502
5.0709999193580366e-05,0.00011999999696854502
5.071999919351959e-05,0.00011999999696854502
5.0729999193458816e-05,0.00011999999696854502
5.073999919339804e-05,0.00011999999696854502
5.074999919333727e-05,0.00011999999696854502
5.075999919327649e-05,0.00011999999696854502
5.076999919321572e-05,0.00011999999696854502
5.077999919315494e-05,0.00011999999696854502
5.078999919309417e-05,0.00011999999696854502
5.079999919303339e-05,0.00011999999696854502
5.080999919297262e-05,0.00011999999696854502
5.0819999192911844e-05,0.00011999999696854502
5.082999919285107e-05,0.00011999999696854502
5.0839999192790294e-05,0.00011999999696854502
5.084999919272952e-05,0.00011999999696854502
5.0859999192668745e-05,0.00011999999696854502
5.086999919260797e-05,0.00011999999696854502
5.0879999192547195e-05,0.00011999999696854502
5.088999919248642e-05,0.00011999999696854502
5.0899999192425646e-05,0.00011999999696854502
5.090999919236487e-05,0.00011999999696854502
5.09199991923041e-05,7.999999797903001e-05
5.092999919224332e-05,0.00011999999696854502
5.093999919218255e-05,0.00011999999696854502
5.094999919212177e-05,0.00011999999696854502
5.0959999192061e-05,0.00011999999696854502
5.096999919200022e-05,0.00011999999696854502
5.097999919193945e-05,0.00011999999696854502
5.0989999191878674e-05,0.00011999999696854502
5.09999991918179e-05,0.00011999999696854502
5.1009999191757124e-05,0.00011999999696854502
5.101999919169635e-05,0.00011999999696854502
5.1029999191635575e-05,0.00011999999696854502
5.10399991915748e-05,0.00011999999696854502
5.1049999191514025e-05,0.00011999999696854502
5.105999919145325e-05,0.00011999999696854502
5.1069999191392476e-05,0.00011999999696854502
5.10799991913317e-05,0.00011999999696854502
5.1089999191270927e-05,0.00011999999696854502
5.109999919121015e-05,0.00011999999696854502
5.110999919114938e-05,7.999999797903001e-05
5.11199991910886e-05,0.00011999999696854502
5.112999919102783e-05,0.00011999999696854502
5.113999919096705e-05,0.00011999999696854502
5.114999919090628e-05,0.00011999999696854502
5.1159999190845504e-05,0.00011999999696854502
5.116999919078473e-05,0.00011999999696854502
5.1179999190723954e-05,0.00011999999696854502
5.118999919066318e-05,0.00011999999696854502
5.1199999190602405e-05,7.999999797903001e-05
5.120999919054163e-05,0.00011999999696854502
5.1219999190480855e-05,0.00031999999191612005
5.122999919042008e-05,7.999999797903001e-05
5.1239999190359306e-05,-7.999999797903001e-05
5.124999919029853e-05,0.00011999999696854502
5.1259999190237757e-05,0.00015999999595806003
5.126999919017698e-05,0.00023999999393709004
5.127999919011621e-05,0.00019999999494757503
5.128999919005543e-05,7.999999797903001e-05
5.129999918999466e-05,3.9999998989515007e-05
5.130999918993388e-05,0.00011999999696854502
5.131999918987311e-05,0.00015999999595806003
5.1329999189812334e-05,0.00015999999595806003
5.133999918975156e-05,7.999999797903001e-05
5.1349999189690784e-05,7.999999797903001e-05
5.135999918963001e-05,0.00015999999595806003
5.1369999189569235e-05,0.00011999999696854502
5.137999918950846e-05,7.999999797903001e-05
5.1389999189447685e-05,0.00011999999696854502
5.139999918938691e-05,0.00015999999595806003
5.1409999189326136e-05,0.00015999999595806003
5.141999918926536e-05,7.999999797903001e-05
5.1429999189204586e-05,7.999999797903001e-05
5.143999918914381e-05,0.00015999999595806003
5.144999918908304e-05,0.00015999999595806003
5.145999918902226e-05,7.999999797903001e-05
5.146999918896149e-05,7.999999797903001e-05
5.147999918890071e-05,0.00011999999696854502
5.148999918883994e-05,0.00015999999595806003
5.1499999188779163e-05,0.00015999999595806003
5.150999918871839e-05,7.999999797903001e-05
5.1519999188657614e-05,0.00011999999696854502
5.152999918859684e-05,0.00011999999696854502
5.1539999188536065e-05,0.00011999999696854502
5.154999918847529e-05,0.00011999999696854502
5.1559999188414515e-05,0.00011999999696854502
5.156999918835374e-05,0.00011999999696854502
5.1579999188292966e-05,0.00011999999696854502
5.158999918823219e-05,7.999999797903001e-05
5.1599999188171416e-05,0.00011999999696854502
5.160999918811064e-05,0.00011999999696854502
5.161999918804987e-05,0.00011999999696854502
5.162999918798909e-05,0.00011999999696854502
5.163999918792832e-05,0.00011999999696854502
5.164999918786754e-05,0.00011999999696854502
5.165999918780677e-05,0.00011999999696854502
5.1669999187745993e-05,0.00011999999696854502
5.167999918768522e-05,0.00011999999696854502
5.1689999187624444e-05,0.00011999999696854502
5.169999918756367e-05,0.00011999999696854502
5.1709999187502895e-05,0.00011999999696854502
5.171999918744212e-05,0.00011999999696854502
5.1729999187381345e-05,0.00011999999696854502
5.173999918732057e-05,0.00011999999696854502
5.1749999187259796e-05,0.00011999999696854502
5.175999918719902e-05,0.00011999999696854502
5.1769999187138246e-05,0.00011999999696854502
5.177999918707747e-05,7.999999797903001e-05
5.17899991870167e-05,0.00015999999595806003
5.179999918695592e-05,0.00011999999696854502
5.180999918689515e-05,0.00011999999696854502
5.181999918683437e-05,0.00011999999696854502
5.18299991867736e-05,0.00011999999696854502
5.183999918671282e-05,0.00011999999696854502
5.184999918665205e-05,0.00011999999696854502
5.1859999186591274e-05,0.00011999999696854502
5.18699991865305e-05,0.00011999999696854502
5.1879999186469725e-05,0.00011999999696854502
5.188999918640895e-05,7.999999797903001e-05
5.1899999186348175e-05,0.00011999999696854502
5.19099991862874e-05,0.00011999999696854502
5.1919999186226626e-05,0.00015999999595806003
5.192999918616585e-05,0.00011999999696854502
5.1939999186105076e-05,0.00011999999696854502
5.19499991860443e-05,0.00011999999696854502
5.195999918598353e-05,0.00011999999696854502
5.196999918592275e-05,0.00011999999696854502
5.197999918586198e-05,0.00011999999696854502
5.19899991858012e-05,0.00011999999696854502
5.199999918574043e-05,0.00011999999696854502
5.200999918567965e-05,0.00011999999696854502
5.201999918561888e-05,0.00011999999696854502
5.2029999185558104e-05,0.00015999999595806003
5.203999918549733e-05,0.00015999999595806003
5.2049999185436554e-05,0.00015999999595806003
5.205999918537578e-05,0.00011999999696854502
5.2069999185315005e-05,0.00015999999595806003
5.207999918525423e-05,0.00015999999595806003
5.2089999185193456e-05,0.00015999999595806003
5.209999918513268e-05,0.00015999999595806003
5.2109999185071906e-05,0.00015999999595806003
5.211999918501113e-05,0.00015999999595806003
5.212999918495036e-05,0.00015999999595806003
5.213999918488958e-05,0.00015999999595806003
5.214999918482881e-05,0.00019999999494757503
5.215999918476803e-05,0.00019999999494757503
5.216999918470726e-05,0.00019999999494757503
5.217999918464648e-05,0.00019999999494757503
5.218999918458571e-05,0.00023999999393709004
5.2199999184524934e-05,0.00023999999393709004
5.220999918446416e-05,0.00027999999292660505
5.2219999184403384e-05,0.00027999999292660505
5.222999918434261e-05,0.00031999999191612005
5.2239999184281835e-05,0.00035999999090563506
5.224999918422106e-05,0.00039999998989515007
5.2259999184160286e-05,0.00039999998989515007
5.226999918409951e-05,0.0004799999878741801
5.2279999184038736e-05,0.0004799999878741801
5.228999918397796e-05,0.0005199999868636951
5.229999918391719e-05,0.0005599999858532101
5.230999918385641e-05,0.0006399999838322401
5.231999918379564e-05,0.0006799999828217551
5.232999918373486e-05,0.0007199999818112701
5.233999918367409e-05,0.0007599999808007851
5.234999918361331e-05,0.0007999999797903001
5.235999918355254e-05,0.0008799999777693301
5.2369999183491764e-05,0.0009199999767588452
5.237999918343099e-05,0.0009599999757483602
5.2389999183370214e-05,0.0009999999747378752
5.239999918330944e-05,0.0010399999737273902
5.2409999183248665e-05,0.0010799999727169052
5.241999918318789e-05,0.0011199999717064202
5.2429999183127115e-05,0.0011599999706959352
5.243999918306634e-05,0.0011999999696854502
5.2449999183005566e-05,0.0012399999686749652
5.245999918294479e-05,0.0012799999676644802
5.246999918288402e-05,0.0012799999676644802
5.247999918282324e-05,0.0013199999666539952
5.248999918276247e-05,0.0013199999666539952
5.249999918270169e-05,0.0013599999656435102
5.250999918264092e-05,0.0013599999656435102
5.251999918258014e-05,0.0013599999656435102
5.252999918251937e-05,0.0013599999656435102
5.2539999182458594e-05,0.0013599999656435102
5.254999918239782e-05,0.0013599999656435102
5.2559999182337044e-05,0.0013999999646330252
5.256999918227627e-05,0.0013599999656435102
5.2579999182215495e-05,0.0013599999656435102
5.258999918215472e-05,0.0013199999666539952
5.2599999182093945e-05,0.0013599999656435102
5.260999918203317e-05,0.0013199999666539952
5.2619999181972396e-05,0.0012799999676644802
5.262999918191162e-05,0.0012399999686749652
5.2639999181850847e-05,0.0012399999686749652
5.264999918179007e-05,0.0011999999696854502
5.26599991817293e-05,0.0011199999717064202
5.266999918166852e-05,0.0010799999727169052
5.267999918160775e-05,0.0010399999737273902
5.268999918154697e-05,0.0009999999747378752
5.26999991814862e-05,0.0009599999757483602
5.2709999181425424e-05,0.0009199999767588452
5.271999918136465e-05,0.0008799999777693301
5.2729999181303874e-05,0.0007999999797903001
5.27399991812431e-05,0.0007599999808007851
5.2749999181182325e-05,0.0006799999828217551
5.275999918112155e-05,0.0006399999838322401
5.2769999181060775e-05,0.0006399999838322401
5.2779999181e-05,0.0005599999858532101
5.2789999180939226e-05,0.0005199999868636951
5.279999918087845e-05,0.0004799999878741801
5.2809999180817677e-05,0.00043999998888466507
5.28199991807569e-05,0.00039999998989515007
5.282999918069613e-05,0.00035999999090563506
5.283999918063535e-05,0.00031999999191612005
5.284999918057458e-05,0.00031999999191612005
5.28599991805138e-05,0.00027999999292660505
5.286999918045303e-05,0.00023999999393709004
5.2879999180392254e-05,0.00023999999393709004
5.288999918033148e-05,0.00023999999393709004
5.2899999180270704e-05,0.00019999999494757503
5.290999918020993e-05,0.00019999999494757503
5.2919999180149155e-05,0.00015999999595806003
5.292999918008838e-05,0.00015999999595806003
5.2939999180027605e-05,0.00015999999595806003
5.294999917996683e-05,0.00015999999595806003
5.2959999179906056e-05,0.00015999999595806003
5.296999917984528e-05,0.00015999999595806003
5.2979999179784506e-05,0.00015999999595806003
5.298999917972373e-05,0.00011999999696854502
5.299999917966296e-05,0.00011999999696854502
5.300999917960218e-05,0.00011999999696854502
5.301999917954141e-05,0.00011999999696854502
5.302999917948063e-05,0.00011999999696854502
5.303999917941986e-05,0.00011999999696854502
5.3049999179359083e-05,0.00011999999696854502
5.305999917929831e-05,0.00011999999696854502
5.3069999179237534e-05,0.00011999999696854502
5.307999917917676e-05,0.00011999999696854502
5.3089999179115985e-05,0.00011999999696854502
5.309999917905521e-05,0.00011999999696854502
5.3109999178994435e-05,0.00011999999696854502
5.311999917893366e-05,0.00011999999696854502
5.3129999178872886e-05,0.00011999999696854502
5.313999917881211e-05,0.00011999999696854502
5.3149999178751336e-05,0.00011999999696854502
5.315999917869056e-05,0.00011999999696854502
5.316999917862979e-05,0.00011999999696854502
5.317999917856901e-05,0.00011999999696854502
5.318999917850824e-05,0.00011999999696854502
5.319999917844746e-05,0.00011999999696854502
5.320999917838669e-05,0.00011999999696854502
5.3219999178325913e-05,0.00011999999696854502
5.322999917826514e-05,0.00011999999696854502
5.3239999178204364e-05,0.00011999999696854502
5.324999917814359e-05,0.00011999999696854502
5.3259999178082815e-05,0.00011999999696854502
5.326999917802204e-05,0.00011999999696854502
5.3279999177961265e-05,0.00011999999696854502
5.328999917790049e-05,0.00011999999696854502
5.3299999177839716e-05,0.00011999999696854502
5.330999917777894e-05,0.00011999999696854502
5.3319999177718166e-05,0.00011999999696854502
5.332999917765739e-05,0.00011999999696854502
5.333999917759662e-05,0.00011999999696854502
5.334999917753584e-05,0.00011999999696854502
5.335999917747507e-05,7.999999797903001e-05
5.336999917741429e-05,0.00011999999696854502
5.337999917735352e-05,0.00011999999696854502
5.338999917729274e-05,0.00011999999696854502
5.339999917723197e-05,0.00011999999696854502
5.3409999177171194e-05,0.00011999999696854502
5.341999917711042e-05,0.00011999999696854502
5.3429999177049645e-05,0.00011999999696854502
5.343999917698887e-05,0.00011999999696854502
5.3449999176928095e-05,0.00011999999696854502
5.345999917686732e-05,0.00011999999696854502
5.3469999176806546e-05,0.00011999999696854502
5.347999917674577e-05,0.00011999999696854502
5.3489999176684996e-05,0.00011999999696854502
5.349999917662422e-05,0.00011999999696854502
5.350999917656345e-05,0.00011999999696854502
5.351999917650267e-05,0.00011999999696854502
5.35299991764419e-05,0.00011999999696854502
5.353999917638112e-05,0.00011999999696854502
5.354999917632035e-05,0.00011999999696854502
5.355999917625957e-05,0.00011999999696854502
5.35699991761988e-05,0.00011999999696854502
5.3579999176138024e-05,0.00011999999696854502
5.358999917607725e-05,0.00011999999696854502
5.3599999176016474e-05,0.00011999999696854502
5.36099991759557e-05,0.00011999999696854502
5.3619999175894925e-05,0.00011999999696854502
5.362999917583415e-05,0.00011999999696854502
5.3639999175773376e-05,0.00011999999696854502
5.36499991757126e-05,0.00011999999696854502
5.3659999175651826e-05,0.00011999999696854502
5.366999917559105e-05,0.00011999999696854502
5.367999917553028e-05,0.00011999999696854502
5.36899991754695e-05,0.00011999999696854502
5.369999917540873e-05,0.00011999999696854502
5.370999917534795e-05,0.00011999999696854502
5.371999917528718e-05,0.00011999999696854502
5.37299991752264e-05,0.00011999999696854502
5.373999917516563e-05,0.00011999999696854502
5.3749999175104854e-05,0.00011999999696854502
5.375999917504408e-05,0.00011999999696854502
5.3769999174983304e-05,0.00011999999696854502
5.377999917492253e-05,0.00011999999696854502
5.3789999174861755e-05,0.00011999999696854502
5.379999917480098e-05,0.00011999999696854502
5.3809999174740206e-05,0.00011999999696854502
5.381999917467943e-05,0.00011999999696854502
5.3829999174618656e-05,0.00011999999696854502
5.383999917455788e-05,0.00011999999696854502
5.384999917449711e-05,0.00011999999696854502
5.385999917443633e-05,0.00011999999696854502
5.386999917437556e-05,0.00011999999696854502
5.387999917431478e-05,0.00011999999696854502
5.388999917425401e-05,0.00011999999696854502
5.389999917419323e-05,0.00011999999696854502
5.390999917413246e-05,0.00011999999696854502
5.3919999174071684e-05,0.00011999999696854502
5.392999917401091e-05,0.00011999999696854502
5.3939999173950134e-05,0.00011999999696854502
5.394999917388936e-05,0.00015999999595806003
5.3959999173828585e-05,0.00011999999696854502
5.396999917376781e-05,0.00011999999696854502
5.3979999173707035e-05,0.00011999999696854502
5.398999917364626e-05,0.00011999999696854502
5.3999999173585486e-05,0.00011999999696854502
5.400999917352471e-05,0.00011999999696854502
5.401999917346394e-05,0.00011999999696854502
5.402999917340316e-05,7.999999797903001e-05
5.403999917334239e-05,0.00011999999696854502
5.404999917328161e-05,0.00011999999696854502
5.405999917322084e-05,0.00011999999696854502
5.406999917316006e-05,0.00011999999696854502
5.407999917309929e-05,0.00011999999696854502
5.4089999173038514e-05,0.00011999999696854502
5.409999917297774e-05,7.999999797903001e-05
5.4109999172916964e-05,0.00011999999696854502
5.411999917285619e-05,0.00011999999696854502
5.4129999172795415e-05,0.00011999999696854502
5.413999917273464e-05,0.00011999999696854502
5.4149999172673865e-05,0.00011999999696854502
5.415999917261309e-05,0.00011999999696854502
5.4169999172552316e-05,0.00011999999696854502
5.417999917249154e-05,0.00011999999696854502
5.4189999172430767e-05,0.00011999999696854502
5.419999917236999e-05,0.00011999999696854502
5.420999917230922e-05,0.00011999999696854502
5.421999917224844e-05,0.00011999999696854502
5.422999917218767e-05,0.00011999999696854502
5.423999917212689e-05,0.00011999999696854502
5.424999917206612e-05,0.00011999999696854502
5.4259999172005344e-05,0.00011999999696854502
5.426999917194457e-05,0.00011999999696854502
5.4279999171883794e-05,0.00011999999696854502
5.428999917182302e-05,0.00011999999696854502
5.4299999171762245e-05,0.00011999999696854502
5.430999917170147e-05,0.00011999999696854502
5.4319999171640695e-05,0.00011999999696854502
5.432999917157992e-05,0.00011999999696854502
5.4339999171519146e-05,0.00011999999696854502
5.434999917145837e-05,0.00011999999696854502
5.4359999171397597e-05,0.00011999999696854502
5.436999917133682e-05,0.00011999999696854502
5.437999917127605e-05,0.00011999999696854502
5.438999917121527e-05,0.00011999999696854502
5.43999991711545e-05,0.00011999999696854502
5.440999917109372e-05,0.00011999999696854502
5.441999917103295e-05,0.00011999999696854502
5.4429999170972174e-05,0.00011999999696854502
5.44399991709114e-05,0.00011999999696854502
5.4449999170850624e-05,0.00011999999696854502
5.445999917078985e-05,0.00011999999696854502
5.4469999170729075e-05,0.00011999999696854502
5.44799991706683e-05,0.00015999999595806003
5.4489999170607525e-05,0.00011999999696854502
5.449999917054675e-05,0.00011999999696854502
5.4509999170485976e-05,0.00011999999696854502
5.45199991704252e-05,0.00011999999696854502
5.4529999170364426e-05,0.00011999999696854502
5.453999917030365e-05,0.00011999999696854502
5.454999917024288e-05,0.00011999999696854502
5.45599991701821e-05,0.00011999999696854502
5.456999917012133e-05,0.00011999999696854502
5.457999917006055e-05,0.00011999999696854502
5.458999916999978e-05,0.00011999999696854502
5.4599999169939003e-05,0.00011999999696854502
5.460999916987823e-05,0.00011999999696854502
5.4619999169817454e-05,7.999999797903001e-05
5.462999916975668e-05,0.00011999999696854502
5.4639999169695905e-05,0.00011999999696854502
5.464999916963513e-05,0.00011999999696854502
5.4659999169574355e-05,0.00011999999696854502
5.466999916951358e-05,0.00011999999696854502
5.4679999169452806e-05,0.00011999999696854502
5.468999916939203e-05,0.00011999999696854502
5.4699999169331256e-05,0.00011999999696854502
5.470999916927048e-05,0.00011999999696854502
5.471999916920971e-05,0.00011999999696854502
5.472999916914893e-05,0.00011999999696854502
5.473999916908816e-05,0.00011999999696854502
5.474999916902738e-05,0.00011999999696854502
5.475999916896661e-05,0.00011999999696854502
5.4769999168905833e-05,0.00011999999696854502
5.477999916884506e-05,0.00011999999696854502
5.4789999168784284e-05,0.00011999999696854502
5.479999916872351e-05,0.00011999999696854502
5.4809999168662735e-05,0.00011999999696854502
5.481999916860196e-05,0.00011999999696854502
5.4829999168541185e-05,0.00011999999696854502
5.483999916848041e-05,0.00011999999696854502
5.4849999168419636e-05,0.00011999999696854502
5.485999916835886e-05,0.00011999999696854502
5.4869999168298086e-05,0.00011999999696854502
5.487999916823731e-05,0.00011999999696854502
5.488999916817654e-05,0.00011999999696854502
5.489999916811576e-05,0.00011999999696854502
5.490999916805499e-05,0.00011999999696854502
5.491999916799421e-05,0.00011999999696854502
5.492999916793344e-05,0.00011999999696854502
5.493999916787266e-05,0.00011999999696854502
5.494999916781189e-05,0.00011999999696854502
5.4959999167751114e-05,0.00011999999696854502
5.496999916769034e-05,0.00011999999696854502
5.4979999167629565e-05,0.00011999999696854502
5.498999916756879e-05,0.00011999999696854502
5.4999999167508015e-05,0.00011999999696854502
5.500999916744724e-05,0.00011999999696854502
5.5019999167386466e-05,0.00011999999696854502
5.502999916732569e-05,0.00011999999696854502
5.5039999167264916e-05,0.00011999999696854502
5.504999916720414e-05,0.00015999999595806003
5.505999916714337e-05,0.00011999999696854502
5.506999916708259e-05,0.00011999999696854502
5.507999916702182e-05,7.999999797903001e-05
5.508999916696104e-05,0.00011999999696854502
5.509999916690027e-05,0.00015999999595806003
5.510999916683949e-05,0.00011999999696854502
5.511999916677872e-05,0.00011999999696854502
5.5129999166717944e-05,0.00011999999696854502
5.513999916665717e-05,0.00011999999696854502
5.5149999166596394e-05,0.00011999999696854502
5.515999916653562e-05,0.00011999999696854502
5.5169999166474845e-05,0.00011999999696854502
5.517999916641407e-05,0.00011999999696854502
5.5189999166353296e-05,0.00011999999696854502
5.519999916629252e-05,0.00011999999696854502
5.5209999166231746e-05,0.00011999999696854502
5.521999916617097e-05,0.00011999999696854502
5.52299991661102e-05,0.00011999999696854502
5.523999916604942e-05,0.00011999999696854502
5.524999916598865e-05,0.00011999999696854502
5.525999916592787e-05,0.00011999999696854502
5.52699991658671e-05,0.00011999999696854502
5.527999916580632e-05,0.00011999999696854502
5.528999916574555e-05,0.00011999999696854502
5.5299999165684774e-05,0.00011999999696854502
5.5309999165624e-05,0.00011999999696854502
5.5319999165563224e-05,0.00011999999696854502
5.532999916550245e-05,0.00011999999696854502
5.5339999165441675e-05,0.00011999999696854502
5.53499991653809e-05,7.999999797903001e-05
5.5359999165320126e-05,0.00011999999696854502
5.536999916525935e-05,0.00015999999595806003
5.5379999165198576e-05,0.00011999999696854502
5.53899991651378e-05,7.999999797903001e-05
5.539999916507703e-05,0.00011999999696854502
5.540999916501625e-05,0.00011999999696854502
5.541999916495548e-05,0.00011999999696854502
5.54299991648947e-05,0.00011999999696854502
5.543999916483393e-05,0.00011999999696854502
5.544999916477315e-05,0.00011999999696854502
5.545999916471238e-05,0.00011999999696854502
5.5469999164651604e-05,0.00011999999696854502
5.547999916459083e-05,0.00011999999696854502
5.5489999164530054e-05,0.00011999999696854502
5.549999916446928e-05,0.00011999999696854502
5.5509999164408505e-05,0.00011999999696854502
5.551999916434773e-05,0.00011999999696854502
5.5529999164286955e-05,0.00011999999696854502
5.553999916422618e-05,0.00011999999696854502
5.5549999164165406e-05,0.00011999999696854502
5.555999916410463e-05,0.00011999999696854502
5.556999916404386e-05,0.00011999999696854502
5.557999916398308e-05,0.00011999999696854502
5.558999916392231e-05,0.00011999999696854502
5.559999916386153e-05,0.00011999999696854502
5.560999916380076e-05,0.00011999999696854502
5.561999916373998e-05,0.00011999999696854502
5.562999916367921e-05,0.00011999999696854502
5.5639999163618434e-05,0.00011999999696854502
5.564999916355766e-05,0.00011999999696854502
5.5659999163496884e-05,0.00011999999696854502
5.566999916343611e-05,0.00011999999696854502
5.5679999163375335e-05,7.999999797903001e-05
5.568999916331456e-05,0.00011999999696854502
5.5699999163253785e-05,0.00011999999696854502
5.570999916319301e-05,0.00011999999696854502
5.5719999163132236e-05,0.00011999999696854502
5.572999916307146e-05,0.00011999999696854502
5.5739999163010687e-05,0.00011999999696854502
5.574999916294991e-05,0.00011999999696854502
5.575999916288914e-05,0.00011999999696854502
5.576999916282836e-05,0.00011999999696854502
5.577999916276759e-05,0.00011999999696854502
5.578999916270681e-05,0.00011999999696854502
5.579999916264604e-05,0.00011999999696854502
5.5809999162585264e-05,0.00011999999696854502
5.581999916252449e-05,0.00011999999696854502
5.5829999162463714e-05,0.00011999999696854502
5.583999916240294e-05,0.00011999999696854502
5.5849999162342165e-05,7.999999797903001e-05
5.585999916228139e-05,7.999999797903001e-05
5.5869999162220615e-05,0.00011999999696854502
5.587999916215984e-05,0.00011999999696854502
5.5889999162099066e-05,0.00011999999696854502
5.589999916203829e-05,0.00011999999696854502
5.5909999161977517e-05,0.00011999999696854502
5.591999916191674e-05,0.00011999999696854502
5.592999916185597e-05,0.00011999999696854502
5.593999916179519e-05,0.00011999999696854502
5.594999916173442e-05,0.00011999999696854502
5.595999916167364e-05,0.00011999999696854502
5.596999916161287e-05,7.999999797903001e-05
5.5979999161552094e-05,0.00011999999696854502
5.598999916149132e-05,0.00011999999696854502
5.5999999161430544e-05,0.00011999999696854502
5.600999916136977e-05,0.00011999999696854502
5.6019999161308995e-05,0.00011999999696854502
5.602999916124822e-05,0.00011999999696854502
5.6039999161187445e-05,0.00011999999696854502
5.604999916112667e-05,0.00011999999696854502
5.6059999161065896e-05,0.00011999999696854502
5.606999916100512e-05,0.00011999999696854502
5.6079999160944346e-05,0.00011999999696854502
5.608999916088357e-05,0.00011999999696854502
5.60999991608228e-05,0.00011999999696854502
5.610999916076202e-05,0.00015999999595806003
5.611999916070125e-05,0.00011999999696854502
5.612999916064047e-05,7.999999797903001e-05
5.61399991605797e-05,0.00011999999696854502
5.6149999160518923e-05,0.00011999999696854502
5.615999916045815e-05,0.00011999999696854502
5.6169999160397374e-05,7.999999797903001e-05
5.61799991603366e-05,0.00011999999696854502
5.6189999160275825e-05,0.00011999999696854502
5.619999916021505e-05,0.00011999999696854502
5.6209999160154275e-05,0.00011999999696854502
5.62199991600935e-05,7.999999797903001e-05
5.6229999160032726e-05,0.00011999999696854502
5.623999915997195e-05,0.00011999999696854502
5.6249999159911176e-05,0.00011999999696854502
5.62599991598504e-05,0.00011999999696854502
5.626999915978963e-05,0.00011999999696854502
5.627999915972885e-05,0.00011999999696854502
5.628999915966808e-05,0.00011999999696854502
5.62999991596073e-05,0.00011999999696854502
5.630999915954653e-05,0.00011999999696854502
5.6319999159485753e-05,0.00011999999696854502
5.632999915942498e-05,0.00011999999696854502
5.6339999159364204e-05,0.00011999999696854502
5.634999915930343e-05,0.00011999999696854502
5.6359999159242655e-05,0.00011999999696854502
5.636999915918188e-05,0.00011999999696854502
5.6379999159121105e-05,7.999999797903001e-05
5.638999915906033e-05,0.00011999999696854502
5.6399999158999556e-05,0.00011999999696854502
5.640999915893878e-05,0.00011999999696854502
5.6419999158878006e-05,0.00011999999696854502
5.642999915881723e-05,0.00011999999696854502
5.643999915875646e-05,0.00011999999696854502
5.644999915869568e-05,0.00011999999696854502
5.645999915863491e-05,0.00011999999696854502
5.646999915857413e-05,0.00011999999696854502
5.647999915851336e-05,0.00011999999696854502
5.648999915845258e-05,0.00011999999696854502
5.649999915839181e-05,0.00011999999696854502
5.6509999158331034e-05,0.00011999999696854502
5.651999915827026e-05,0.00011999999696854502
5.6529999158209485e-05,0.00011999999696854502
5.653999915814871e-05,0.00011999999696854502
5.6549999158087935e-05,0.00011999999696854502
5.655999915802716e-05,0.00011999999696854502
5.6569999157966386e-05,0.00011999999696854502
5.657999915790561e-05,0.00011999999696854502
5.6589999157844836e-05,0.00011999999696854502
5.659999915778406e-05,0.00011999999696854502
5.660999915772329e-05,0.00011999999696854502
5.661999915766251e-05,0.00011999999696854502
5.662999915760174e-05,0.00011999999696854502
5.663999915754096e-05,0.00011999999696854502
5.664999915748019e-05,0.00011999999696854502
5.665999915741941e-05,0.00011999999696854502
5.666999915735864e-05,0.00011999999696854502
5.6679999157297864e-05,0.00011999999696854502
5.668999915723709e-05,0.00011999999696854502
5.6699999157176314e-05,0.00011999999696854502
5.670999915711554e-05,0.00011999999696854502
5.6719999157054765e-05,0.00011999999696854502
5.672999915699399e-05,0.00011999999696854502
5.6739999156933216e-05,0.00011999999696854502
5.674999915687244e-05,0.00011999999696854502
5.6759999156811666e-05,0.00011999999696854502
5.676999915675089e-05,0.00011999999696854502
5.677999915669012e-05,7.999999797903001e-05
5.678999915662934e-05,0.00011999999696854502
5.679999915656857e-05,0.00011999999696854502
5.680999915650779e-05,0.00011999999696854502
5.681999915644702e-05,0.00011999999696854502
5.682999915638624e-05,0.00011999999696854502
5.683999915632547e-05,0.00011999999696854502
5.6849999156264694e-05,0.00011999999696854502
5.685999915620392e-05,0.00011999999696854502
5.6869999156143144e-05,0.00011999999696854502
5.687999915608237e-05,0.00011999999696854502
5.6889999156021595e-05,0.00011999999696854502
5.689999915596082e-05,0.00011999999696854502
5.6909999155900046e-05,0.00011999999696854502
5.691999915583927e-05,0.00011999999696854502
5.6929999155778496e-05,0.00011999999696854502
5.693999915571772e-05,7.999999797903001e-05
5.694999915565695e-05,0.00011999999696854502
5.695999915559617e-05,0.00011999999696854502
5.69699991555354e-05,0.00011999999696854502
5.697999915547462e-05,0.00011999999696854502
5.698999915541385e-05,7.999999797903001e-05
5.699999915535307e-05,0.00011999999696854502
5.70099991552923e-05,0.00011999999696854502
5.7019999155231524e-05,0.00011999999696854502
5.702999915517075e-05,0.00011999999696854502
5.7039999155109974e-05,0.00011999999696854502
5.70499991550492e-05,0.00011999999696854502
5.7059999154988425e-05,0.00011999999696854502
5.706999915492765e-05,7.999999797903001e-05
5.7079999154866875e-05,0.00011999999696854502
5.70899991548061e-05,0.00011999999696854502
5.7099999154745326e-05,0.00011999999696854502
5.710999915468455e-05,7.999999797903001e-05
5.711999915462378e-05,0.00011999999696854502
5.7129999154563e-05,7.999999797903001e-05
5.713999915450223e-05,0.00011999999696854502
5.714999915444145e-05,0.00011999999696854502
5.715999915438068e-05,0.00011999999696854502
5.71699991543199e-05,0.00011999999696854502
5.717999915425913e-05,0.00011999999696854502
5.7189999154198354e-05,0.00011999999696854502
5.719999915413758e-05,0.00011999999696854502
5.7209999154076804e-05,0.00011999999696854502
5.721999915401603e-05,0.00011999999696854502
5.7229999153955255e-05,7.999999797903001e-05
5.723999915389448e-05,0.00011999999696854502
5.7249999153833705e-05,0.00011999999696854502
5.725999915377293e-05,0.00011999999696854502
5.7269999153712156e-05,0.00011999999696854502
5.727999915365138e-05,7.999999797903001e-05
5.7289999153590607e-05,0.00011999999696854502
5.729999915352983e-05,0.00011999999696854502
5.730999915346906e-05,0.00011999999696854502
5.731999915340828e-05,0.00011999999696854502
5.732999915334751e-05,0.00011999999696854502
5.733999915328673e-05,0.00011999999696854502
5.734999915322596e-05,7.999999797903001e-05
5.7359999153165184e-05,0.00011999999696854502
5.736999915310441e-05,0.00011999999696854502
5.7379999153043634e-05,0.00011999999696854502
5.738999915298286e-05,0.00011999999696854502
5.7399999152922085e-05,0.00011999999696854502
5.740999915286131e-05,0.00011999999696854502
5.7419999152800535e-05,0.00011999999696854502
5.742999915273976e-05,0.00011999999696854502
5.7439999152678986e-05,0.00011999999696854502
5.744999915261821e-05,0.00011999999696854502
5.7459999152557437e-05,0.00011999999696854502
5.746999915249666e-05,0.00011999999696854502
5.747999915243589e-05,0.00011999999696854502
5.748999915237511e-05,0.00011999999696854502
5.749999915231434e-05,0.00011999999696854502
5.750999915225356e-05,0.00011999999696854502
5.751999915219279e-05,0.00011999999696854502
5.7529999152132014e-05,0.00011999999696854502
5.753999915207124e-05,0.00011999999696854502
5.7549999152010464e-05,0.00011999999696854502
5.755999915194969e-05,0.00011999999696854502
5.7569999151888915e-05,0.00011999999696854502
5.757999915182814e-05,0.00011999999696854502
5.7589999151767365e-05,0.00011999999696854502
5.759999915170659e-05,0.00011999999696854502
5.7609999151645816e-05,0.00011999999696854502
5.761999915158504e-05,0.00011999999696854502
5.7629999151524266e-05,0.00011999999696854502
5.763999915146349e-05,7.999999797903001e-05
5.764999915140272e-05,0.00011999999696854502
5.765999915134194e-05,0.00011999999696854502
5.766999915128117e-05,0.00011999999696854502
5.767999915122039e-05,0.00011999999696854502
5.768999915115962e-05,0.00011999999696854502
5.7699999151098843e-05,0.00011999999696854502
5.770999915103807e-05,0.00011999999696854502
5.7719999150977294e-05,0.00011999999696854502
5.772999915091652e-05,0.00011999999696854502
5.7739999150855745e-05,0.00011999999696854502
5.774999915079497e-05,0.00011999999696854502
5.7759999150734195e-05,0.00011999999696854502
5.776999915067342e-05,0.00011999999696854502
5.7779999150612646e-05,0.00011999999696854502
5.778999915055187e-05,0.00011999999696854502
5.7799999150491096e-05,0.00011999999696854502
5.780999915043032e-05,0.00011999999696854502
5.781999915036955e-05,0.00011999999696854502
5.782999915030877e-05,0.00011999999696854502
5.7839999150248e-05,0.00011999999696854502
5.784999915018722e-05,0.00011999999696854502
5.785999915012645e-05,0.00011999999696854502
5.7869999150065673e-05,0.00011999999696854502
5.78799991500049e-05,0.00011999999696854502
5.7889999149944124e-05,0.00011999999696854502
5.789999914988335e-05,0.00011999999696854502
5.7909999149822575e-05,0.00011999999696854502
5.79199991497618e-05,0.00011999999696854502
5.7929999149701025e-05,0.00011999999696854502
5.793999914964025e-05,0.00011999999696854502
5.7949999149579476e-05,0.00011999999696854502
5.79599991495187e-05,0.00011999999696854502
5.7969999149457926e-05,0.00011999999696854502
5.797999914939715e-05,0.00011999999696854502
5.798999914933638e-05,0.00011999999696854502
5.79999991492756e-05,0.00011999999696854502
5.800999914921483e-05,0.00011999999696854502
5.801999914915405e-05,0.00011999999696854502
5.802999914909328e-05,0.00011999999696854502
5.80399991490325e-05,0.00011999999696854502
5.804999914897173e-05,0.00011999999696854502
5.8059999148910954e-05,0.00011999999696854502
5.806999914885018e-05,0.00011999999696854502
5.8079999148789405e-05,0.00011999999696854502
5.808999914872863e-05,0.00011999999696854502
5.8099999148667855e-05,0.00011999999696854502
5.810999914860708e-05,0.00011999999696854502
5.8119999148546306e-05,0.00011999999696854502
5.812999914848553e-05,7.999999797903001e-05
5.8139999148424756e-05,0.00011999999696854502
5.814999914836398e-05,0.00011999999696854502
5.815999914830321e-05,0.00011999999696854502
5.816999914824243e-05,0.00011999999696854502
5.817999914818166e-05,0.00011999999696854502
5.818999914812088e-05,0.00011999999696854502
5.819999914806011e-05,0.00011999999696854502
5.820999914799933e-05,7.999999797903001e-05
5.821999914793856e-05,0.00011999999696854502
5.8229999147877784e-05,0.00011999999696854502
5.823999914781701e-05,0.00011999999696854502
5.8249999147756234e-05,0.00011999999696854502
5.825999914769546e-05,0.00011999999696854502
5.8269999147634685e-05,0.00011999999696854502
5.827999914757391e-05,0.00011999999696854502
5.8289999147513136e-05,7.999999797903001e-05
5.829999914745236e-05,0.00011999999696854502
5.8309999147391586e-05,0.00011999999696854502
5.831999914733081e-05,0.00011999999696854502
5.832999914727004e-05,0.00011999999696854502
5.833999914720926e-05,0.00011999999696854502
5.834999914714849e-05,0.00011999999696854502
5.835999914708771e-05,0.00011999999696854502
5.836999914702694e-05,0.00011999999696854502
5.837999914696616e-05,0.00011999999696854502
5.838999914690539e-05,0.00011999999696854502
5.8399999146844614e-05,0.00011999999696854502
5.840999914678384e-05,0.00011999999696854502
5.8419999146723064e-05,0.00011999999696854502
5.842999914666229e-05,0.00011999999696854502
5.8439999146601515e-05,0.00011999999696854502
5.844999914654074e-05,7.999999797903001e-05
5.8459999146479966e-05,0.00011999999696854502
5.846999914641919e-05,0.00011999999696854502
5.8479999146358416e-05,0.00011999999696854502
5.848999914629764e-05,0.00011999999696854502
5.849999914623687e-05,0.00011999999696854502
5.850999914617609e-05,0.00011999999696854502
5.851999914611532e-05,0.00011999999696854502
5.852999914605454e-05,0.00011999999696854502
5.853999914599377e-05,0.00011999999696854502
5.854999914593299e-05,0.00011999999696854502
5.855999914587222e-05,0.00011999999696854502
5.8569999145811444e-05,0.00011999999696854502
5.857999914575067e-05,0.00011999999696854502
5.8589999145689894e-05,0.00011999999696854502
5.859999914562912e-05,0.00011999999696854502
5.8609999145568345e-05,0.00011999999696854502
5.861999914550757e-05,0.00011999999696854502
5.8629999145446795e-05,0.00011999999696854502
5.863999914538602e-05,0.00011999999696854502
5.8649999145325246e-05,0.00011999999696854502
5.865999914526447e-05,7.999999797903001e-05
5.86699991452037e-05,0.00011999999696854502
5.867999914514292e-05,0.00011999999696854502
5.868999914508215e-05,0.00011999999696854502
5.869999914502137e-05,7.999999797903001e-05
5.87099991449606e-05,0.00011999999696854502
5.871999914489982e-05,0.00011999999696854502
5.872999914483905e-05,0.00011999999696854502
5.8739999144778274e-05,0.00011999999696854502
5.87499991447175e-05,0.00011999999696854502
5.8759999144656724e-05,0.00011999999696854502
5.876999914459595e-05,0.00011999999696854502
5.8779999144535175e-05,7.999999797903001e-05
5.87899991444744e-05,0.00011999999696854502
5.8799999144413625e-05,0.00011999999696854502
5.880999914435285e-05,0.00011999999696854502
5.8819999144292076e-05,7.999999797903001e-05
5.88299991442313e-05,0.00011999999696854502
5.8839999144170527e-05,0.00011999999696854502
5.884999914410975e-05,0.00011999999696854502
5.885999914404898e-05,0.00011999999696854502
5.88699991439882e-05,0.00011999999696854502
5.887999914392743e-05,0.00011999999696854502
5.888999914386665e-05,0.00011999999696854502
5.889999914380588e-05,0.00011999999696854502
5.8909999143745104e-05,0.00011999999696854502
5.891999914368433e-05,0.00011999999696854502
5.8929999143623554e-05,0.00011999999696854502
5.893999914356278e-05,0.00011999999696854502
5.8949999143502005e-05,7.999999797903001e-05
5.895999914344123e-05,0.00011999999696854502
5.8969999143380455e-05,0.00011999999696854502
5.897999914331968e-05,0.00011999999696854502
5.8989999143258906e-05,0.00011999999696854502
5.899999914319813e-05,0.00011999999696854502
5.9009999143137357e-05,0.00011999999696854502
5.901999914307658e-05,0.00011999999696854502
5.902999914301581e-05,0.00011999999696854502
5.903999914295503e-05,0.00011999999696854502
5.904999914289426e-05,0.00011999999696854502
5.905999914283348e-05,0.00011999999696854502
5.906999914277271e-05,0.00011999999696854502
5.9079999142711934e-05,0.00011999999696854502
5.908999914265116e-05,0.00011999999696854502
5.9099999142590384e-05,0.00011999999696854502
5.910999914252961e-05,0.00011999999696854502
5.9119999142468835e-05,0.00011999999696854502
5.912999914240806e-05,0.00015999999595806003
5.9139999142347285e-05,0.00011999999696854502
5.914999914228651e-05,0.00011999999696854502
5.9159999142225736e-05,0.00011999999696854502
5.916999914216496e-05,0.00011999999696854502
5.9179999142104186e-05,0.00011999999696854502
5.918999914204341e-05,0.00011999999696854502
5.919999914198264e-05,0.00011999999696854502
5.920999914192186e-05,0.00011999999696854502
5.921999914186109e-05,0.00011999999696854502
5.922999914180031e-05,0.00011999999696854502
5.923999914173954e-05,0.00011999999696854502
5.9249999141678763e-05,0.00011999999696854502
5.925999914161799e-05,0.00011999999696854502
5.9269999141557214e-05,0.00011999999696854502
5.927999914149644e-05,0.00011999999696854502
5.9289999141435665e-05,0.00011999999696854502
5.929999914137489e-05,0.00011999999696854502
5.9309999141314115e-05,0.00011999999696854502
5.931999914125334e-05,0.00011999999696854502
5.9329999141192566e-05,0.00011999999696854502
5.933999914113179e-05,0.00011999999696854502
5.9349999141071016e-05,0.00011999999696854502
5.935999914101024e-05,0.00011999999696854502
5.936999914094947e-05,0.00011999999696854502
5.937999914088869e-05,0.00011999999696854502
5.938999914082792e-05,0.00011999999696854502
5.939999914076714e-05,0.00011999999696854502
5.940999914070637e-05,0.00011999999696854502
5.9419999140645593e-05,0.00011999999696854502
5.942999914058482e-05,0.00011999999696854502
5.9439999140524044e-05,0.00011999999696854502
5.944999914046327e-05,0.00011999999696854502
5.9459999140402495e-05,0.00011999999696854502
5.946999914034172e-05,0.00011999999696854502
5.9479999140280945e-05,0.00011999999696854502
5.948999914022017e-05,0.00011999999696854502
5.9499999140159396e-05,0.00011999999696854502
5.950999914009862e-05,0.00011999999696854502
5.9519999140037846e-05,0.00011999999696854502
5.952999913997707e-05,0.00011999999696854502
5.95399991399163e-05,0.00011999999696854502
5.954999913985552e-05,0.00011999999696854502
5.955999913979475e-05,0.00011999999696854502
5.956999913973397e-05,0.00011999999696854502
5.95799991396732e-05,0.00011999999696854502
5.958999913961242e-05,0.00011999999696854502
5.959999913955165e-05,0.00011999999696854502
5.9609999139490874e-05,0.00011999999696854502
5.96199991394301e-05,0.00011999999696854502
5.9629999139369325e-05,0.00011999999696854502
5.963999913930855e-05,0.00011999999696854502
5.9649999139247775e-05,0.00011999999696854502
5.9659999139187e-05,0.00011999999696854502
5.9669999139126226e-05,0.00011999999696854502
5.967999913906545e-05,0.00011999999696854502
5.9689999139004676e-05,0.00011999999696854502
5.96999991389439e-05,0.00011999999696854502
5.970999913888313e-05,7.999999797903001e-05
5.971999913882235e-05,0.00011999999696854502
5.972999913876158e-05,0.00011999999696854502
5.97399991387008e-05,0.00011999999696854502
5.974999913864003e-05,0.00011999999696854502
5.975999913857925e-05,0.00011999999696854502
5.976999913851848e-05,0.00011999999696854502
5.9779999138457704e-05,0.00011999999696854502
5.978999913839693e-05,0.00011999999696854502
5.9799999138336154e-05,0.00011999999696854502
5.980999913827538e-05,0.00011999999696854502
5.9819999138214605e-05,7.999999797903001e-05
5.982999913815383e-05,0.00011999999696854502
5.9839999138093056e-05,0.00011999999696854502
5.984999913803228e-05,0.00011999999696854502
5.9859999137971506e-05,0.00011999999696854502
5.986999913791073e-05,0.00011999999696854502
5.987999913784996e-05,0.00011999999696854502
5.988999913778918e-05,0.00011999999696854502
5.989999913772841e-05,0.00011999999696854502
5.990999913766763e-05,0.00011999999696854502
5.991999913760686e-05,0.00011999999696854502
5.992999913754608e-05,0.00011999999696854502
5.993999913748531e-05,0.00011999999696854502
5.9949999137424534e-05,0.00011999999696854502
5.995999913736376e-05,0.00011999999696854502
5.9969999137302984e-05,0.00011999999696854502
5.997999913724221e-05,0.00011999999696854502
5.9989999137181435e-05,7.999999797903001e-05
5.999999913712066e-05,7.999999797903001e-05
6.0009999137059886e-05,0.00011999999696854502
6.001999913699911e-05,0.00011999999696854502
6.0029999136938336e-05,0.00011999999696854502
6.003999913687756e-05,0.00011999999696854502
6.004999913681679e-05,0.00011999999696854502
6.005999913675601e-05,0.00011999999696854502
6.006999913669524e-05,0.00011999999696854502
6.007999913663446e-05,0.00011999999696854502
6.008999913657369e-05,0.00011999999696854502
6.009999913651291e-05,0.00011999999696854502
6.010999913645214e-05,0.00011999999696854502
6.0119999136391364e-05,0.00011999999696854502
6.012999913633059e-05,0.00011999999696854502
6.0139999136269814e-05,0.00011999999696854502
6.014999913620904e-05,0.00011999999696854502
6.0159999136148265e-05,0.00011999999696854502
6.016999913608749e-05,0.00011999999696854502
6.0179999136026715e-05,0.00011999999696854502
6.018999913596594e-05,0.00011999999696854502
6.0199999135905166e-05,0.00011999999696854502
6.020999913584439e-05,0.00011999999696854502
6.021999913578362e-05,0.00011999999696854502
6.022999913572284e-05,0.00011999999696854502
6.023999913566207e-05,0.00011999999696854502
6.024999913560129e-05,0.00011999999696854502
6.025999913554052e-05,0.00011999999696854502
6.026999913547974e-05,0.00011999999696854502
6.027999913541897e-05,0.00011999999696854502
6.0289999135358194e-05,0.00011999999696854502
6.029999913529742e-05,0.00011999999696854502
6.0309999135236644e-05,0.00011999999696854502
6.031999913517587e-05,0.00011999999696854502
6.0329999135115095e-05,0.00011999999696854502
6.033999913505432e-05,0.00011999999696854502
6.0349999134993545e-05,0.00011999999696854502
6.035999913493277e-05,0.00011999999696854502
6.0369999134871996e-05,0.00011999999696854502
6.037999913481122e-05,0.00011999999696854502
6.0389999134750447e-05,0.00011999999696854502
6.039999913468967e-05,0.00011999999696854502
6.04099991346289e-05,0.00011999999696854502
6.041999913456812e-05,0.00015999999595806003
6.042999913450735e-05,0.00011999999696854502
6.043999913444657e-05,0.00011999999696854502
6.04499991343858e-05,0.00011999999696854502
6.0459999134325024e-05,0.00011999999696854502
6.046999913426425e-05,0.00011999999696854502
6.0479999134203474e-05,0.00011999999696854502
6.04899991341427e-05,0.00011999999696854502
6.0499999134081925e-05,0.00011999999696854502
6.050999913402115e-05,0.00011999999696854502
6.0519999133960375e-05,0.00011999999696854502
6.05299991338996e-05,0.00011999999696854502
6.0539999133838826e-05,0.00011999999696854502
6.054999913377805e-05,0.00011999999696854502
6.0559999133717277e-05,0.00011999999696854502
6.05699991336565e-05,0.00011999999696854502
6.057999913359573e-05,0.00011999999696854502
6.058999913353495e-05,0.00011999999696854502
6.059999913347418e-05,0.00011999999696854502
6.06099991334134e-05,0.00011999999696854502
6.061999913335263e-05,0.00011999999696854502
6.0629999133291854e-05,0.00011999999696854502
6.063999913323108e-05,0.00011999999696854502
6.0649999133170304e-05,0.00011999999696854502
6.065999913310953e-05,0.00011999999696854502
6.0669999133048755e-05,0.00011999999696854502
6.067999913298798e-05,0.00011999999696854502
6.0689999132927205e-05,0.00011999999696854502
6.069999913286643e-05,0.00011999999696854502
6.0709999132805656e-05,0.00011999999696854502
6.071999913274488e-05,0.00011999999696854502
6.0729999132684106e-05,0.00011999999696854502
6.073999913262333e-05,0.00011999999696854502
6.074999913256256e-05,0.00011999999696854502
6.075999913250178e-05,0.00011999999696854502
6.076999913244101e-05,0.00011999999696854502
6.077999913238023e-05,0.00011999999696854502
6.078999913231946e-05,0.00011999999696854502
6.0799999132258683e-05,0.00011999999696854502
6.080999913219791e-05,0.00011999999696854502
6.0819999132137134e-05,0.00011999999696854502
6.082999913207636e-05,0.00011999999696854502
6.0839999132015585e-05,0.00011999999696854502
6.084999913195481e-05,0.00011999999696854502
6.0859999131894035e-05,7.999999797903001e-05
6.086999913183326e-05,0.00011999999696854502
6.0879999131772486e-05,0.00011999999696854502
6.088999913171171e-05,0.00011999999696854502
6.0899999131650936e-05,0.00011999999696854502
6.090999913159016e-05,0.00011999999696854502
6.091999913152939e-05,0.00011999999696854502
6.092999913146861e-05,0.00011999999696854502
6.093999913140784e-05,7.999999797903001e-05
6.094999913134706e-05,0.00011999999696854502
6.095999913128629e-05,0.00011999999696854502
6.0969999131225513e-05,0.00011999999696854502
6.097999913116474e-05,0.00011999999696854502
6.0989999131103964e-05,0.00011999999696854502
6.099999913104319e-05,0.00011999999696854502
6.1009999130982415e-05,0.00011999999696854502
6.101999913092164e-05,0.00011999999696854502
6.1029999130860865e-05,0.00011999999696854502
6.103999913080009e-05,0.00011999999696854502
6.104999913073932e-05,0.00011999999696854502
6.105999913067854e-05,7.999999797903001e-05
6.106999913061777e-05,0.00011999999696854502
6.107999913055699e-05,0.00011999999696854502
6.108999913049622e-05,0.00011999999696854502
6.109999913043544e-05,0.00011999999696854502
6.110999913037467e-05,0.00011999999696854502
6.111999913031389e-05,0.00011999999696854502
6.112999913025312e-05,0.00011999999696854502
6.113999913019234e-05,0.00011999999696854502
6.114999913013157e-05,0.00011999999696854502
6.11599991300708e-05,0.00011999999696854502
6.116999913001002e-05,0.00011999999696854502
6.117999912994924e-05,0.00011999999696854502
6.118999912988847e-05,0.00011999999696854502
6.11999991298277e-05,0.00011999999696854502
6.120999912976692e-05,0.00011999999696854502
6.121999912970615e-05,0.00011999999696854502
6.122999912964537e-05,7.999999797903001e-05
6.12399991295846e-05,0.00011999999696854502
6.124999912952382e-05,0.00011999999696854502
6.125999912946305e-05,0.00011999999696854502
6.126999912940227e-05,0.00011999999696854502
6.12799991293415e-05,0.00011999999696854502
6.128999912928072e-05,0.00011999999696854502
6.129999912921995e-05,0.00011999999696854502
6.130999912915917e-05,0.00011999999696854502
6.13199991290984e-05,0.00011999999696854502
6.132999912903762e-05,0.00011999999696854502
6.133999912897685e-05,0.00011999999696854502
6.134999912891607e-05,0.00011999999696854502
6.13599991288553e-05,0.00011999999696854502
6.136999912879453e-05,0.00011999999696854502
6.137999912873375e-05,0.00011999999696854502
6.138999912867298e-05,0.00011999999696854502
6.13999991286122e-05,0.00011999999696854502
6.140999912855143e-05,0.00011999999696854502
6.141999912849065e-05,0.00011999999696854502
6.142999912842988e-05,7.999999797903001e-05
6.14399991283691e-05,7.999999797903001e-05
6.144999912830833e-05,0.00011999999696854502
6.145999912824755e-05,0.00031999999191612005
6.146999912818678e-05,7.999999797903001e-05
6.1479999128126e-05,-7.999999797903001e-05
6.148999912806523e-05,0.00011999999696854502
6.149999912800445e-05,0.00015999999595806003
6.150999912794368e-05,0.00019999999494757503
6.15199991278829e-05,0.00019999999494757503
6.152999912782213e-05,7.999999797903001e-05
6.153999912776135e-05,3.9999998989515007e-05
6.154999912770058e-05,0.00011999999696854502
6.15599991276398e-05,0.00019999999494757503
6.156999912757903e-05,0.00015999999595806003
6.157999912751826e-05,7.999999797903001e-05
6.158999912745748e-05,7.999999797903001e-05
6.15999991273967e-05,0.00015999999595806003
6.160999912733593e-05,0.00011999999696854502
6.161999912727516e-05,7.999999797903001e-05
6.162999912721438e-05,7.999999797903001e-05
6.163999912715361e-05,0.00015999999595806003
6.164999912709283e-05,0.00015999999595806003
6.165999912703206e-05,0.00011999999696854502
6.166999912697128e-05,3.9999998989515007e-05
6.167999912691051e-05,0.00015999999595806003
6.168999912684973e-05,0.00019999999494757503
6.169999912678896e-05,7.999999797903001e-05
6.170999912672818e-05,7.999999797903001e-05
6.171999912666741e-05,0.00011999999696854502
6.172999912660664e-05,0.00015999999595806003
6.173999912654586e-05,0.00015999999595806003
6.174999912648509e-05,7.999999797903001e-05
6.175999912642431e-05,0.00011999999696854502
6.176999912636354e-05,0.00015999999595806003
6.177999912630276e-05,0.00011999999696854502
6.178999912624199e-05,7.999999797903001e-05
6.179999912618121e-05,0.00011999999696854502
6.180999912612044e-05,0.00015999999595806003
6.181999912605966e-05,0.00015999999595806003
6.182999912599889e-05,7.999999797903001e-05
6.183999912593811e-05,0.00011999999696854502
6.184999912587734e-05,0.00011999999696854502
6.185999912581656e-05,0.00015999999595806003
6.186999912575579e-05,0.00011999999696854502
6.187999912569501e-05,0.00011999999696854502
6.188999912563424e-05,0.00011999999696854502
6.189999912557347e-05,0.00011999999696854502
6.190999912551269e-05,0.00011999999696854502
6.191999912545192e-05,0.00011999999696854502
6.192999912539114e-05,0.00015999999595806003
6.193999912533037e-05,0.00011999999696854502
6.194999912526959e-05,0.00011999999696854502
6.195999912520882e-05,7.999999797903001e-05
6.196999912514804e-05,0.00011999999696854502
6.197999912508727e-05,0.00015999999595806003
6.198999912502649e-05,0.00011999999696854502
6.199999912496572e-05,0.00011999999696854502
6.200999912490494e-05,0.00011999999696854502
6.201999912484417e-05,0.00011999999696854502
6.20299991247834e-05,0.00011999999696854502
6.203999912472262e-05,0.00011999999696854502
6.204999912466184e-05,0.00011999999696854502
6.205999912460107e-05,0.00011999999696854502
6.20699991245403e-05,0.00011999999696854502
6.207999912447952e-05,0.00011999999696854502
6.208999912441875e-05,0.00011999999696854502
6.209999912435797e-05,0.00011999999696854502
6.21099991242972e-05,0.00011999999696854502
6.211999912423642e-05,0.00011999999696854502
6.212999912417565e-05,0.00011999999696854502
6.213999912411487e-05,0.00011999999696854502
6.21499991240541e-05,0.00011999999696854502
6.215999912399332e-05,0.00015999999595806003
6.216999912393255e-05,0.00011999999696854502
6.217999912387177e-05,0.00011999999696854502
6.2189999123811e-05,0.00011999999696854502
6.219999912375022e-05,0.00011999999696854502
6.220999912368945e-05,0.00015999999595806003
6.221999912362867e-05,0.00011999999696854502
6.22299991235679e-05,0.00011999999696854502
6.223999912350713e-05,0.00011999999696854502
6.224999912344635e-05,0.00015999999595806003
6.225999912338558e-05,0.00011999999696854502
6.22699991233248e-05,0.00011999999696854502
6.227999912326403e-05,0.00015999999595806003
6.228999912320325e-05,0.00015999999595806003
6.229999912314248e-05,0.00015999999595806003
6.23099991230817e-05,0.00011999999696854502
6.231999912302093e-05,0.00015999999595806003
6.232999912296015e-05,0.00015999999595806003
6.233999912289938e-05,0.00015999999595806003
6.23499991228386e-05,0.00015999999595806003
6.235999912277783e-05,0.00015999999595806003
6.236999912271705e-05,0.00015999999595806003
6.237999912265628e-05,0.00015999999595806003
6.23899991225955e-05,0.00019999999494757503
6.239999912253473e-05,0.00019999999494757503
6.240999912247396e-05,0.00019999999494757503
6.241999912241318e-05,0.00019999999494757503
6.24299991223524e-05,0.00023999999393709004
6.243999912229163e-05,0.00023999999393709004
6.244999912223086e-05,0.00027999999292660505
6.245999912217008e-05,0.00031999999191612005
6.246999912210931e-05,0.00031999999191612005
6.247999912204853e-05,0.00031999999191612005
6.248999912198776e-05,0.00035999999090563506
6.249999912192698e-05,0.00039999998989515007
6.250999912186621e-05,0.0004799999878741801
6.251999912180543e-05,0.0004799999878741801
6.252999912174466e-05,0.0005199999868636951
6.253999912168388e-05,0.0005599999858532101
6.254999912162311e-05,0.0006399999838322401
6.255999912156233e-05,0.0006799999828217551
6.256999912150156e-05,0.0007199999818112701
6.257999912144079e-05,0.0007999999797903001
6.258999912138001e-05,0.0008399999787798151
6.259999912131924e-05,0.0008399999787798151
6.260999912125846e-05,0.0009199999767588452
6.261999912119769e-05,0.0009599999757483602
6.262999912113691e-05,0.0010399999737273902
6.263999912107614e-05,0.0010399999737273902
6.264999912101536e-05,0.0010799999727169052
6.265999912095459e-05,0.0011199999717064202
6.266999912089381e-05,0.0011599999706959352
6.267999912083304e-05,0.0011999999696854502
6.268999912077226e-05,0.0012399999686749652
6.269999912071149e-05,0.0012799999676644802
6.270999912065071e-05,0.0012799999676644802
6.271999912058994e-05,0.0013199999666539952
6.272999912052916e-05,0.0013199999666539952
6.273999912046839e-05,0.0013599999656435102
6.274999912040762e-05,0.0013599999656435102
6.275999912034684e-05,0.0013599999656435102
6.276999912028607e-05,0.0013599999656435102
6.277999912022529e-05,0.0013599999656435102
6.278999912016452e-05,0.0013999999646330252
6.279999912010374e-05,0.0013999999646330252
6.280999912004297e-05,0.0013599999656435102
6.281999911998219e-05,0.0013199999666539952
6.282999911992142e-05,0.0013199999666539952
6.283999911986064e-05,0.0013199999666539952
6.284999911979987e-05,0.0012799999676644802
6.28599991197391e-05,0.0012799999676644802
6.286999911967832e-05,0.0012799999676644802
6.287999911961754e-05,0.0012399999686749652
6.288999911955677e-05,0.0011599999706959352
6.2899999119496e-05,0.0011199999717064202
6.290999911943522e-05,0.0010799999727169052
6.291999911937445e-05,0.0010799999727169052
6.292999911931367e-05,0.0009999999747378752
6.29399991192529e-05,0.0009599999757483602
6.294999911919212e-05,0.0009599999757483602
6.295999911913135e-05,0.0008799999777693301
6.296999911907057e-05,0.0007999999797903001
6.29799991190098e-05,0.0007599999808007851
6.298999911894902e-05,0.0007199999818112701
6.299999911888825e-05,0.0006399999838322401
6.300999911882747e-05,0.0005999999848427251
6.30199991187667e-05,0.0005599999858532101
6.302999911870592e-05,0.0005199999868636951
6.303999911864515e-05,0.0004799999878741801
6.304999911858437e-05,0.00043999998888466507
6.30599991185236e-05,0.00039999998989515007
6.306999911846282e-05,0.00035999999090563506
6.307999911840205e-05,0.00035999999090563506
6.308999911834127e-05,0.00027999999292660505
6.30999991182805e-05,0.00023999999393709004
6.310999911821973e-05,0.00023999999393709004
6.311999911815895e-05,0.00023999999393709004
6.312999911809818e-05,0.00023999999393709004
6.31399991180374e-05,0.00019999999494757503
6.314999911797663e-05,0.00019999999494757503
6.315999911791585e-05,0.00019999999494757503
6.316999911785508e-05,0.00015999999595806003
6.31799991177943e-05,0.00015999999595806003
6.318999911773353e-05,0.00015999999595806003
6.319999911767275e-05,0.00015999999595806003
6.320999911761198e-05,0.00015999999595806003
6.32199991175512e-05,0.00011999999696854502
6.322999911749043e-05,0.00011999999696854502
6.323999911742965e-05,0.00011999999696854502
6.324999911736888e-05,0.00011999999696854502
6.32599991173081e-05,0.00011999999696854502
6.326999911724733e-05,0.00011999999696854502
6.327999911718656e-05,0.00011999999696854502
6.328999911712578e-05,0.00011999999696854502
6.3299999117065e-05,0.00011999999696854502
6.330999911700423e-05,0.00015999999595806003
6.331999911694346e-05,0.00015999999595806003
6.332999911688268e-05,0.00011999999696854502
6.333999911682191e-05,0.00011999999696854502
6.334999911676113e-05,0.00011999999696854502
6.335999911670036e-05,0.00011999999696854502
6.336999911663958e-05,0.00011999999696854502
6.337999911657881e-05,0.00011999999696854502
6.338999911651803e-05,0.00011999999696854502
6.339999911645726e-05,0.00011999999696854502
6.340999911639648e-05,0.00011999999696854502
6.341999911633571e-05,0.00011999999696854502
6.342999911627493e-05,0.00011999999696854502
6.343999911621416e-05,0.00011999999696854502
6.344999911615339e-05,0.00011999999696854502
6.345999911609261e-05,0.00011999999696854502
6.346999911603184e-05,0.00011999999696854502
6.347999911597106e-05,0.00011999999696854502
6.348999911591029e-05,0.00011999999696854502
6.349999911584951e-05,0.00011999999696854502
6.350999911578874e-05,0.00011999999696854502
6.351999911572796e-05,0.00011999999696854502
6.352999911566719e-05,0.00011999999696854502
6.353999911560641e-05,0.00011999999696854502
6.354999911554564e-05,0.00011999999696854502
6.355999911548486e-05,0.00011999999696854502
6.356999911542409e-05,0.00011999999696854502
6.357999911536331e-05,0.00011999999696854502
6.358999911530254e-05,0.00011999999696854502
6.359999911524176e-05,0.00011999999696854502
6.360999911518099e-05,0.00011999999696854502
6.361999911512022e-05,0.00011999999696854502
6.362999911505944e-05,0.00011999999696854502
6.363999911499867e-05,0.00011999999696854502
6.364999911493789e-05,0.00011999999696854502
6.365999911487712e-05,0.00011999999696854502
6.366999911481634e-05,0.00011999999696854502
6.367999911475557e-05,0.00015999999595806003
6.368999911469479e-05,0.00015999999595806003
6.369999911463402e-05,0.00011999999696854502
6.370999911457324e-05,0.00011999999696854502
6.371999911451247e-05,0.00011999999696854502
6.37299991144517e-05,0.00011999999696854502
6.373999911439092e-05,0.00011999999696854502
6.374999911433014e-05,0.00011999999696854502
6.375999911426937e-05,0.00011999999696854502
6.37699991142086e-05,0.00011999999696854502
6.377999911414782e-05,0.00011999999696854502
6.378999911408705e-05,0.00011999999696854502
6.379999911402627e-05,0.00011999999696854502
6.38099991139655e-05,0.00011999999696854502
6.381999911390472e-05,0.00011999999696854502
6.382999911384395e-05,0.00011999999696854502
6.383999911378317e-05,0.00011999999696854502
6.38499991137224e-05,0.00011999999696854502
6.385999911366162e-05,0.00011999999696854502
6.386999911360085e-05,0.00011999999696854502
6.387999911354007e-05,0.00011999999696854502
6.38899991134793e-05,0.00011999999696854502
6.389999911341852e-05,0.00011999999696854502
6.390999911335775e-05,0.00011999999696854502
6.391999911329697e-05,0.00011999999696854502
6.39299991132362e-05,0.00011999999696854502
6.393999911317542e-05,0.00011999999696854502
6.394999911311465e-05,0.00011999999696854502
6.395999911305388e-05,0.00011999999696854502
6.39699991129931e-05,0.00011999999696854502
6.397999911293233e-05,0.00011999999696854502
6.398999911287155e-05,0.00011999999696854502
6.399999911281078e-05,0.00011999999696854502
6.400999911275e-05,0.00011999999696854502
6.401999911268923e-05,0.00011999999696854502
6.402999911262845e-05,0.00011999999696854502
6.403999911256768e-05,0.00011999999696854502
6.40499991125069e-05,0.00011999999696854502
6.405999911244613e-05,0.00011999999696854502
6.406999911238535e-05,0.00011999999696854502
6.407999911232458e-05,0.00011999999696854502
6.40899991122638e-05,0.00011999999696854502
6.409999911220303e-05,0.00011999999696854502
6.410999911214225e-05,0.00011999999696854502
6.411999911208148e-05,7.999999797903001e-05
6.41299991120207e-05,0.00011999999696854502
6.413999911195993e-05,0.00011999999696854502
6.414999911189916e-05,0.00011999999696854502
6.415999911183838e-05,0.00011999999696854502
6.41699991117776e-05,0.00011999999696854502
6.417999911171683e-05,0.00011999999696854502
6.418999911165606e-05,0.00011999999696854502
6.419999911159528e-05,0.00011999999696854502
6.420999911153451e-05,0.00011999999696854502
6.421999911147373e-05,0.00011999999696854502
6.422999911141296e-05,0.00011999999696854502
6.423999911135218e-05,0.00011999999696854502
6.424999911129141e-05,0.00011999999696854502
6.425999911123063e-05,0.00011999999696854502
6.426999911116986e-05,0.00011999999696854502
6.427999911110908e-05,0.00011999999696854502
6.428999911104831e-05,0.00011999999696854502
6.429999911098754e-05,0.00011999999696854502
6.430999911092676e-05,0.00011999999696854502
6.431999911086599e-05,0.00011999999696854502
6.432999911080521e-05,0.00011999999696854502
6.433999911074444e-05,0.00011999999696854502
6.434999911068366e-05,0.00011999999696854502
6.435999911062289e-05,0.00011999999696854502
6.436999911056211e-05,0.00011999999696854502
6.437999911050134e-05,0.00011999999696854502
6.438999911044056e-05,0.00011999999696854502
6.439999911037979e-05,0.00011999999696854502
6.440999911031901e-05,0.00011999999696854502
6.441999911025824e-05,0.00011999999696854502
6.442999911019746e-05,0.00011999999696854502
6.443999911013669e-05,0.00011999999696854502
6.444999911007591e-05,0.00011999999696854502
6.445999911001514e-05,0.00011999999696854502
6.446999910995437e-05,0.00011999999696854502
6.447999910989359e-05,0.00011999999696854502
6.448999910983282e-05,0.00011999999696854502
6.449999910977204e-05,0.00011999999696854502
6.450999910971127e-05,0.00011999999696854502
6.451999910965049e-05,0.00011999999696854502
6.452999910958972e-05,0.00011999999696854502
6.453999910952894e-05,0.00011999999696854502
6.454999910946817e-05,0.00011999999696854502
6.455999910940739e-05,0.00011999999696854502
6.456999910934662e-05,7.999999797903001e-05
6.457999910928584e-05,0.00011999999696854502
6.458999910922507e-05,0.00011999999696854502
6.45999991091643e-05,0.00011999999696854502
6.460999910910352e-05,0.00011999999696854502
6.461999910904274e-05,0.00011999999696854502
6.462999910898197e-05,0.00011999999696854502
6.46399991089212e-05,0.00011999999696854502
6.464999910886042e-05,7.999999797903001e-05
6.465999910879965e-05,0.00011999999696854502
6.466999910873887e-05,0.00011999999696854502
6.46799991086781e-05,0.00011999999696854502
6.468999910861732e-05,0.00011999999696854502
6.469999910855655e-05,0.00011999999696854502
6.470999910849577e-05,0.00011999999696854502
6.4719999108435e-05,7.999999797903001e-05
6.472999910837422e-05,0.00011999999696854502
6.473999910831345e-05,0.00011999999696854502
6.474999910825267e-05,0.00015999999595806003
6.47599991081919e-05,0.00011999999696854502
6.476999910813112e-05,0.00011999999696854502
6.477999910807035e-05,0.00011999999696854502
6.478999910800957e-05,0.00011999999696854502
6.47999991079488e-05,0.00011999999696854502
6.480999910788802e-05,0.00011999999696854502
6.481999910782725e-05,0.00011999999696854502
6.482999910776648e-05,0.00011999999696854502
6.48399991077057e-05,0.00011999999696854502
6.484999910764493e-05,7.999999797903001e-05
6.485999910758415e-05,0.00011999999696854502
6.486999910752338e-05,0.00011999999696854502
6.48799991074626e-05,0.00011999999696854502
6.488999910740183e-05,0.00011999999696854502
6.489999910734105e-05,0.00011999999696854502
6.490999910728028e-05,0.00011999999696854502
6.49199991072195e-05,0.00011999999696854502
6.492999910715873e-05,0.00011999999696854502
6.493999910709795e-05,0.00011999999696854502
6.494999910703718e-05,0.00011999999696854502
6.49599991069764e-05,0.00011999999696854502
6.496999910691563e-05,0.00011999999696854502
6.497999910685485e-05,0.00011999999696854502
6.498999910679408e-05,0.00011999999696854502
6.49999991067333e-05,0.00011999999696854502
6.500999910667253e-05,0.00011999999696854502
6.501999910661176e-05,0.00011999999696854502
6.502999910655098e-05,0.00011999999696854502
6.50399991064902e-05,0.00011999999696854502
6.504999910642943e-05,0.00011999999696854502
6.505999910636866e-05,0.00011999999696854502
6.506999910630788e-05,0.00011999999696854502
6.507999910624711e-05,0.00011999999696854502
6.508999910618633e-05,0.00011999999696854502
6.509999910612556e-05,0.00011999999696854502
6.510999910606478e-05,0.00011999999696854502
6.511999910600401e-05,0.00011999999696854502
6.512999910594323e-05,0.00011999999696854502
6.513999910588246e-05,0.00011999999696854502
6.514999910582168e-05,0.00011999999696854502
6.515999910576091e-05,0.00011999999696854502
6.516999910570014e-05,0.00011999999696854502
6.517999910563936e-05,0.00011999999696854502
6.518999910557859e-05,0.00011999999696854502
6.519999910551781e-05,0.00011999999696854502
6.520999910545704e-05,0.00011999999696854502
6.521999910539626e-05,0.00011999999696854502
6.522999910533549e-05,0.00011999999696854502
6.523999910527471e-05,0.00011999999696854502
6.524999910521394e-05,0.00011999999696854502
6.525999910515316e-05,0.00011999999696854502
6.526999910509239e-05,0.00011999999696854502
6.527999910503161e-05,0.00011999999696854502
6.528999910497084e-05,7.999999797903001e-05
6.529999910491006e-05,0.00011999999696854502
6.530999910484929e-05,0.00011999999696854502
6.531999910478851e-05,0.00011999999696854502
6.532999910472774e-05,0.00011999999696854502
6.533999910466697e-05,0.00011999999696854502
6.534999910460619e-05,0.00011999999696854502
6.535999910454542e-05,0.00011999999696854502
6.536999910448464e-05,0.00011999999696854502
6.537999910442387e-05,0.00011999999696854502
6.538999910436309e-05,0.00011999999696854502
6.539999910430232e-05,0.00011999999696854502
6.540999910424154e-05,0.00011999999696854502
6.541999910418077e-05,0.00011999999696854502
6.542999910411999e-05,0.00011999999696854502
6.543999910405922e-05,0.00011999999696854502
6.544999910399844e-05,0.00011999999696854502
6.545999910393767e-05,0.00011999999696854502
6.54699991038769e-05,0.00011999999696854502
6.547999910381612e-05,0.00011999999696854502
6.548999910375534e-05,0.00011999999696854502
6.549999910369457e-05,0.00011999999696854502
6.55099991036338e-05,0.00011999999696854502
6.551999910357302e-05,0.00011999999696854502
6.552999910351225e-05,0.00011999999696854502
6.553999910345147e-05,0.00011999999696854502
6.55499991033907e-05,0.00011999999696854502
6.555999910332992e-05,0.00011999999696854502
6.556999910326915e-05,0.00011999999696854502
6.557999910320837e-05,0.00011999999696854502
6.55899991031476e-05,7.999999797903001e-05
6.559999910308682e-05,0.00011999999696854502
6.560999910302605e-05,0.00011999999696854502
6.561999910296527e-05,0.00011999999696854502
6.56299991029045e-05,0.00011999999696854502
6.563999910284372e-05,0.00011999999696854502
6.564999910278295e-05,0.00011999999696854502
6.565999910272217e-05,0.00011999999696854502
6.56699991026614e-05,0.00011999999696854502
6.567999910260063e-05,0.00011999999696854502
6.568999910253985e-05,0.00011999999696854502
6.569999910247908e-05,7.999999797903001e-05
6.57099991024183e-05,0.00011999999696854502
6.571999910235753e-05,0.00011999999696854502
6.572999910229675e-05,0.00011999999696854502
6.573999910223598e-05,0.00011999999696854502
6.57499991021752e-05,0.00011999999696854502
6.575999910211443e-05,0.00011999999696854502
6.576999910205365e-05,0.00011999999696854502
6.577999910199288e-05,0.00011999999696854502
6.57899991019321e-05,0.00011999999696854502
6.579999910187133e-05,0.00011999999696854502
6.580999910181055e-05,0.00011999999696854502
6.581999910174978e-05,0.00011999999696854502
6.5829999101689e-05,0.00011999999696854502
6.583999910162823e-05,0.00011999999696854502
6.584999910156746e-05,0.00011999999696854502
6.585999910150668e-05,0.00011999999696854502
6.58699991014459e-05,7.999999797903001e-05
6.587999910138513e-05,0.00011999999696854502
6.588999910132436e-05,0.00011999999696854502
6.589999910126358e-05,0.00011999999696854502
6.590999910120281e-05,7.999999797903001e-05
6.591999910114203e-05,0.00011999999696854502
6.592999910108126e-05,0.00011999999696854502
6.593999910102048e-05,0.00011999999696854502
6.594999910095971e-05,7.999999797903001e-05
6.595999910089893e-05,0.00011999999696854502
6.596999910083816e-05,0.00011999999696854502
6.597999910077738e-05,0.00011999999696854502
6.598999910071661e-05,0.00011999999696854502
6.599999910065583e-05,0.00011999999696854502
6.600999910059506e-05,0.00011999999696854502
6.601999910053428e-05,0.00011999999696854502
6.602999910047351e-05,0.00011999999696854502
6.603999910041274e-05,0.00011999999696854502
6.604999910035196e-05,0.00011999999696854502
6.605999910029119e-05,0.00011999999696854502
6.606999910023041e-05,0.00011999999696854502
6.607999910016964e-05,0.00011999999696854502
6.608999910010886e-05,0.00011999999696854502
6.609999910004809e-05,0.00011999999696854502
6.610999909998731e-05,0.00011999999696854502
6.611999909992654e-05,0.00011999999696854502
6.612999909986576e-05,0.00011999999696854502
6.613999909980499e-05,0.00011999999696854502
6.614999909974421e-05,0.00011999999696854502
6.615999909968344e-05,0.00011999999696854502
6.616999909962266e-05,0.00011999999696854502
6.617999909956189e-05,0.00011999999696854502
6.618999909950111e-05,0.00011999999696854502
6.619999909944034e-05,0.00011999999696854502
6.620999909937957e-05,0.00011999999696854502
6.621999909931879e-05,0.00011999999696854502
6.622999909925802e-05,0.00011999999696854502
6.623999909919724e-05,0.00011999999696854502
6.624999909913647e-05,0.00011999999696854502
6.625999909907569e-05,0.00011999999696854502
6.626999909901492e-05,0.00011999999696854502
6.627999909895414e-05,0.00011999999696854502
6.628999909889337e-05,0.00011999999696854502
6.629999909883259e-05,0.00011999999696854502
6.630999909877182e-05,0.00011999999696854502
6.631999909871104e-05,0.00011999999696854502
6.632999909865027e-05,0.00011999999696854502
6.63399990985895e-05,0.00011999999696854502
6.634999909852872e-05,7.999999797903001e-05
6.635999909846794e-05,0.00011999999696854502
6.636999909840717e-05,0.00011999999696854502
6.63799990983464e-05,0.00011999999696854502
6.638999909828562e-05,0.00011999999696854502
6.639999909822485e-05,0.00011999999696854502
6.640999909816407e-05,0.00011999999696854502
6.64199990981033e-05,0.00011999999696854502
6.642999909804252e-05,0.00011999999696854502
6.643999909798175e-05,0.00011999999696854502
6.644999909792097e-05,0.00011999999696854502
6.64599990978602e-05,0.00011999999696854502
6.646999909779942e-05,0.00011999999696854502
6.647999909773865e-05,0.00011999999696854502
6.648999909767787e-05,0.00011999999696854502
6.64999990976171e-05,0.00011999999696854502
6.650999909755632e-05,0.00011999999696854502
6.651999909749555e-05,0.00011999999696854502
6.652999909743477e-05,0.00011999999696854502
6.6539999097374e-05,0.00011999999696854502
6.654999909731323e-05,0.00011999999696854502
6.655999909725245e-05,7.999999797903001e-05
6.656999909719168e-05,0.00011999999696854502
6.65799990971309e-05,0.00011999999696854502
6.658999909707013e-05,0.00011999999696854502
6.659999909700935e-05,0.00011999999696854502
6.660999909694858e-05,0.00011999999696854502
6.66199990968878e-05,0.00011999999696854502
6.662999909682703e-05,0.00011999999696854502
6.663999909676625e-05,0.00011999999696854502
6.664999909670548e-05,0.00011999999696854502
6.66599990966447e-05,0.00011999999696854502
6.666999909658393e-05,0.00011999999696854502
6.667999909652315e-05,0.00011999999696854502
6.668999909646238e-05,0.00011999999696854502
6.66999990964016e-05,0.00011999999696854502
6.670999909634083e-05,0.00011999999696854502
6.671999909628006e-05,0.00011999999696854502
6.672999909621928e-05,0.00011999999696854502
6.67399990961585e-05,0.00011999999696854502
6.674999909609773e-05,0.00011999999696854502
6.675999909603696e-05,0.00011999999696854502
6.676999909597618e-05,0.00011999999696854502
6.677999909591541e-05,0.00011999999696854502
6.678999909585463e-05,0.00011999999696854502
6.679999909579386e-05,0.00011999999696854502
6.680999909573308e-05,0.00011999999696854502
6.681999909567231e-05,0.00011999999696854502
6.682999909561153e-05,0.00011999999696854502
6.683999909555076e-05,0.00011999999696854502
6.684999909548998e-05,0.00011999999696854502
6.685999909542921e-05,0.00011999999696854502
6.686999909536843e-05,0.00011999999696854502
6.687999909530766e-05,0.00011999999696854502
6.688999909524689e-05,0.00011999999696854502
6.689999909518611e-05,0.00011999999696854502
6.690999909512534e-05,0.00011999999696854502
6.691999909506456e-05,0.00011999999696854502
6.692999909500379e-05,7.999999797903001e-05
6.693999909494301e-05,0.00011999999696854502
6.694999909488224e-05,0.00011999999696854502
6.695999909482146e-05,0.00011999999696854502
6.696999909476069e-05,7.999999797903001e-05
6.697999909469991e-05,0.00011999999696854502
6.698999909463914e-05,0.00011999999696854502
6.699999909457836e-05,0.00011999999696854502
6.700999909451759e-05,0.00011999999696854502
6.701999909445681e-05,0.00011999999696854502
6.702999909439604e-05,0.00011999999696854502
6.703999909433526e-05,0.00011999999696854502
6.704999909427449e-05,0.00011999999696854502
6.705999909421372e-05,0.00011999999696854502
6.706999909415294e-05,0.00011999999696854502
6.707999909409217e-05,0.00011999999696854502
6.708999909403139e-05,0.00011999999696854502
6.709999909397062e-05,0.00011999999696854502
6.710999909390984e-05,0.00011999999696854502
6.711999909384907e-05,0.00011999999696854502
6.712999909378829e-05,7.999999797903001e-05
6.713999909372752e-05,7.999999797903001e-05
6.714999909366674e-05,0.00011999999696854502
6.715999909360597e-05,0.00011999999696854502
6.71699990935452e-05,0.00011999999696854502
6.717999909348442e-05,0.00011999999696854502
6.718999909342364e-05,0.00011999999696854502
6.719999909336287e-05,0.00011999999696854502
6.72099990933021e-05,7.999999797903001e-05
6.721999909324132e-05,0.00011999999696854502
6.722999909318055e-05,0.00011999999696854502
6.723999909311977e-05,0.00011999999696854502
6.7249999093059e-05,0.00011999999696854502
6.725999909299822e-05,0.00011999999696854502
6.726999909293745e-05,0.00011999999696854502
6.727999909287667e-05,0.00011999999696854502
6.72899990928159e-05,0.00011999999696854502
6.729999909275512e-05,0.00011999999696854502
6.730999909269435e-05,0.00011999999696854502
6.731999909263357e-05,0.00011999999696854502
6.73299990925728e-05,7.999999797903001e-05
6.733999909251202e-05,0.00011999999696854502
6.734999909245125e-05,0.00011999999696854502
6.735999909239047e-05,0.00011999999696854502
6.73699990923297e-05,0.00011999999696854502
6.737999909226892e-05,0.00011999999696854502
6.738999909220815e-05,0.00011999999696854502
6.739999909214738e-05,0.00011999999696854502
6.74099990920866e-05,7.999999797903001e-05
6.741999909202583e-05,0.00011999999696854502
6.742999909196505e-05,0.00011999999696854502
6.743999909190428e-05,0.00011999999696854502
6.74499990918435e-05,0.00011999999696854502
6.745999909178273e-05,0.00011999999696854502
6.746999909172195e-05,0.00011999999696854502
6.747999909166118e-05,0.00011999999696854502
6.74899990916004e-05,0.00011999999696854502
6.749999909153963e-05,7.999999797903001e-05
6.750999909147885e-05,0.00011999999696854502
6.751999909141808e-05,0.00011999999696854502
6.75299990913573e-05,0.00011999999696854502
6.753999909129653e-05,0.00011999999696854502
6.754999909123575e-05,0.00011999999696854502
6.755999909117498e-05,0.00011999999696854502
6.75699990911142e-05,0.00011999999696854502
6.757999909105343e-05,0.00011999999696854502
6.758999909099266e-05,0.00011999999696854502
6.759999909093188e-05,0.00011999999696854502
6.76099990908711e-05,7.999999797903001e-05
6.761999909081033e-05,0.00011999999696854502
6.762999909074956e-05,0.00011999999696854502
6.763999909068878e-05,0.00011999999696854502
6.764999909062801e-05,0.00011999999696854502
6.765999909056723e-05,0.00011999999696854502
6.766999909050646e-05,0.00011999999696854502
6.767999909044568e-05,0.00011999999696854502
6.768999909038491e-05,7.999999797903001e-05
6.769999909032413e-05,0.00011999999696854502
6.770999909026336e-05,0.00011999999696854502
6.771999909020258e-05,0.00011999999696854502
6.772999909014181e-05,0.00011999999696854502
6.773999909008103e-05,0.00011999999696854502
6.774999909002026e-05,0.00011999999696854502
6.775999908995949e-05,0.00011999999696854502
6.776999908989871e-05,0.00011999999696854502
6.777999908983794e-05,0.00011999999696854502
6.778999908977716e-05,0.00011999999696854502
6.779999908971639e-05,0.00011999999696854502
6.780999908965561e-05,0.00011999999696854502
6.781999908959484e-05,0.00011999999696854502
6.782999908953406e-05,0.00011999999696854502
6.783999908947329e-05,0.00011999999696854502
6.784999908941251e-05,7.999999797903001e-05
6.785999908935174e-05,0.00011999999696854502
6.786999908929096e-05,0.00011999999696854502
6.787999908923019e-05,0.00011999999696854502
6.788999908916941e-05,0.00011999999696854502
6.789999908910864e-05,0.00011999999696854502
6.790999908904786e-05,0.00011999999696854502
6.791999908898709e-05,0.00011999999696854502
6.792999908892632e-05,0.00011999999696854502
6.793999908886554e-05,0.00011999999696854502
6.794999908880477e-05,7.999999797903001e-05
6.795999908874399e-05,0.00011999999696854502
6.796999908868322e-05,0.00011999999696854502
6.797999908862244e-05,0.00011999999696854502
6.798999908856167e-05,0.00011999999696854502
6.799999908850089e-05,0.00011999999696854502
6.800999908844012e-05,0.00011999999696854502
6.801999908837934e-05,0.00011999999696854502
6.802999908831857e-05,7.999999797903001e-05
6.80399990882578e-05,0.00011999999696854502
6.804999908819702e-05,0.00011999999696854502
6.805999908813624e-05,0.00011999999696854502
6.806999908807547e-05,0.00011999999696854502
6.80799990880147e-05,0.00011999999696854502
6.808999908795392e-05,0.00011999999696854502
6.809999908789315e-05,0.00011999999696854502
6.810999908783237e-05,0.00011999999696854502
6.81199990877716e-05,0.00011999999696854502
6.812999908771082e-05,0.00011999999696854502
6.813999908765005e-05,0.00011999999696854502
6.814999908758927e-05,0.00011999999696854502
6.81599990875285e-05,0.00011999999696854502
6.816999908746772e-05,0.00011999999696854502
6.817999908740695e-05,0.00011999999696854502
6.818999908734617e-05,0.00011999999696854502
6.81999990872854e-05,0.00011999999696854502
6.820999908722462e-05,0.00011999999696854502
6.821999908716385e-05,0.00011999999696854502
6.822999908710307e-05,0.00011999999696854502
6.82399990870423e-05,0.00011999999696854502
6.824999908698152e-05,0.00011999999696854502
6.825999908692075e-05,0.00011999999696854502
6.826999908685998e-05,0.00011999999696854502
6.82799990867992e-05,0.00011999999696854502
6.828999908673843e-05,0.00011999999696854502
6.829999908667765e-05,0.00011999999696854502
6.830999908661688e-05,0.00011999999696854502
6.83199990865561e-05,0.00011999999696854502
6.832999908649533e-05,0.00011999999696854502
6.833999908643455e-05,0.00011999999696854502
6.834999908637378e-05,7.999999797903001e-05
6.8359999086313e-05,0.00011999999696854502
6.836999908625223e-05,0.00011999999696854502
6.837999908619145e-05,0.00011999999696854502
6.838999908613068e-05,0.00011999999696854502
6.83999990860699e-05,0.00011999999696854502
6.840999908600913e-05,0.00011999999696854502
6.841999908594835e-05,0.00011999999696854502
6.842999908588758e-05,7.999999797903001e-05
6.84399990858268e-05,0.00011999999696854502
6.844999908576603e-05,0.00011999999696854502
6.845999908570526e-05,0.00011999999696854502
6.846999908564448e-05,0.00011999999696854502
6.84799990855837e-05,0.00011999999696854502
6.848999908552293e-05,0.00011999999696854502
6.849999908546216e-05,0.00011999999696854502
6.850999908540138e-05,0.00011999999696854502
6.851999908534061e-05,0.00011999999696854502
6.852999908527983e-05,0.00011999999696854502
6.853999908521906e-05,0.00011999999696854502
6.854999908515828e-05,0.00011999999696854502
6.855999908509751e-05,0.00011999999696854502
6.856999908503673e-05,0.00011999999696854502
6.857999908497596e-05,0.00011999999696854502
6.858999908491518e-05,0.00011999999696854502
6.859999908485441e-05,0.00011999999696854502
6.860999908479364e-05,0.00011999999696854502
6.861999908473286e-05,0.00011999999696854502
6.862999908467209e-05,0.00011999999696854502
6.863999908461131e-05,7.999999797903001e-05
6.864999908455054e-05,0.00011999999696854502
6.865999908448976e-05,0.00011999999696854502
6.866999908442899e-05,0.00011999999696854502
6.867999908436821e-05,0.00011999999696854502
6.868999908430744e-05,0.00011999999696854502
6.869999908424666e-05,0.00011999999696854502
6.870999908418589e-05,0.00011999999696854502
6.871999908412511e-05,0.00011999999696854502
6.872999908406434e-05,0.00011999999696854502
6.873999908400356e-05,0.00011999999696854502
6.874999908394279e-05,0.00011999999696854502
6.875999908388201e-05,0.00011999999696854502
6.876999908382124e-05,0.00011999999696854502
6.877999908376047e-05,0.00011999999696854502
6.878999908369969e-05,0.00011999999696854502
6.879999908363892e-05,7.999999797903001e-05
6.880999908357814e-05,0.00011999999696854502
6.881999908351737e-05,0.00011999999696854502
6.882999908345659e-05,0.00011999999696854502
6.883999908339582e-05,0.00011999999696854502
6.884999908333504e-05,0.00011999999696854502
6.885999908327427e-05,0.00011999999696854502
6.886999908321349e-05,0.00011999999696854502
6.887999908315272e-05,0.00011999999696854502
6.888999908309194e-05,0.00011999999696854502
6.889999908303117e-05,0.00011999999696854502
6.89099990829704e-05,0.00011999999696854502
6.891999908290962e-05,0.00011999999696854502
6.892999908284884e-05,0.00011999999696854502
6.893999908278807e-05,0.00011999999696854502
6.89499990827273e-05,0.00011999999696854502
6.895999908266652e-05,0.00011999999696854502
6.896999908260575e-05,0.00011999999696854502
6.897999908254497e-05,0.00011999999696854502
6.89899990824842e-05,0.00011999999696854502
6.899999908242342e-05,0.00011999999696854502
6.900999908236265e-05,0.00011999999696854502
6.901999908230187e-05,0.00011999999696854502
6.90299990822411e-05,0.00011999999696854502
6.903999908218032e-05,0.00011999999696854502
6.904999908211955e-05,7.999999797903001e-05
6.905999908205877e-05,0.00011999999696854502
6.9069999081998e-05,0.00011999999696854502
6.907999908193722e-05,0.00011999999696854502
6.908999908187645e-05,0.00011999999696854502
6.909999908181567e-05,0.00011999999696854502
6.91099990817549e-05,0.00011999999696854502
6.911999908169412e-05,0.00011999999696854502
6.912999908163335e-05,0.00011999999696854502
6.913999908157258e-05,0.00011999999696854502
6.91499990815118e-05,0.00011999999696854502
6.915999908145103e-05,7.999999797903001e-05
6.916999908139025e-05,7.999999797903001e-05
6.917999908132948e-05,0.00011999999696854502
6.91899990812687e-05,0.00011999999696854502
6.919999908120793e-05,0.00011999999696854502
6.920999908114715e-05,0.00011999999696854502
6.921999908108638e-05,0.00011999999696854502
6.92299990810256e-05,0.00011999999696854502
6.923999908096483e-05,0.00011999999696854502
6.924999908090405e-05,7.999999797903001e-05
6.925999908084328e-05,0.00011999999696854502
6.92699990807825e-05,0.00011999999696854502
6.927999908072173e-05,0.00011999999696854502
6.928999908066095e-05,0.00011999999696854502
6.929999908060018e-05,0.00011999999696854502
6.93099990805394e-05,0.00011999999696854502
6.931999908047863e-05,0.00011999999696854502
6.932999908041786e-05,0.00011999999696854502
6.933999908035708e-05,7.999999797903001e-05
6.93499990802963e-05,0.00011999999696854502
6.935999908023553e-05,0.00011999999696854502
6.936999908017476e-05,0.00011999999696854502
6.937999908011398e-05,0.00011999999696854502
6.938999908005321e-05,0.00011999999696854502
6.939999907999243e-05,0.00011999999696854502
6.940999907993166e-05,0.00011999999696854502
6.941999907987088e-05,0.00011999999696854502
6.942999907981011e-05,0.00011999999696854502
6.943999907974933e-05,0.00011999999696854502
6.944999907968856e-05,0.00011999999696854502
6.945999907962778e-05,0.00011999999696854502
6.946999907956701e-05,0.00011999999696854502
6.947999907950624e-05,0.00011999999696854502
6.948999907944546e-05,0.00011999999696854502
6.949999907938469e-05,0.00011999999696854502
6.950999907932391e-05,0.00011999999696854502
6.951999907926314e-05,0.00011999999696854502
6.952999907920236e-05,0.00011999999696854502
6.953999907914159e-05,0.00011999999696854502
6.954999907908081e-05,0.00011999999696854502
6.955999907902004e-05,0.00011999999696854502
6.956999907895926e-05,0.00011999999696854502
6.957999907889849e-05,0.00011999999696854502
6.958999907883771e-05,0.00011999999696854502
6.959999907877694e-05,0.00011999999696854502
6.960999907871616e-05,0.00011999999696854502
6.961999907865539e-05,0.00011999999696854502
6.962999907859461e-05,0.00011999999696854502
6.963999907853384e-05,0.00011999999696854502
6.964999907847307e-05,0.00011999999696854502
6.965999907841229e-05,0.00011999999696854502
6.966999907835152e-05,0.00011999999696854502
6.967999907829074e-05,0.00011999999696854502
6.968999907822997e-05,0.00011999999696854502
6.969999907816919e-05,0.00011999999696854502
6.970999907810842e-05,0.00011999999696854502
6.971999907804764e-05,0.00011999999696854502
6.972999907798687e-05,0.00011999999696854502
6.973999907792609e-05,0.00011999999696854502
6.974999907786532e-05,0.00011999999696854502
6.975999907780454e-05,0.00011999999696854502
6.976999907774377e-05,7.999999797903001e-05
6.9779999077683e-05,0.00011999999696854502
6.978999907762222e-05,0.00011999999696854502
6.979999907756144e-05,0.00011999999696854502
6.980999907750067e-05,0.00011999999696854502
6.98199990774399e-05,0.00011999999696854502
6.982999907737912e-05,0.00011999999696854502
6.983999907731835e-05,0.00011999999696854502
6.984999907725757e-05,0.00011999999696854502
6.98599990771968e-05,0.00011999999696854502
6.986999907713602e-05,0.00011999999696854502
6.987999907707525e-05,0.00011999999696854502
6.988999907701447e-05,0.00011999999696854502
6.98999990769537e-05,7.999999797903001e-05
6.990999907689292e-05,0.00011999999696854502
6.991999907683215e-05,0.00011999999696854502
6.992999907677137e-05,0.00011999999696854502
6.99399990767106e-05,7.999999797903001e-05
6.994999907664982e-05,0.00011999999696854502
6.995999907658905e-05,0.00011999999696854502
6.996999907652827e-05,0.00011999999696854502
6.99799990764675e-05,0.00011999999696854502
6.998999907640673e-05,0.00011999999696854502
6.999999907634595e-05,0.00011999999696854502
7.000999907628518e-05,0.00011999999696854502
7.00199990762244e-05,0.00011999999696854502
7.002999907616363e-05,0.00011999999696854502
7.003999907610285e-05,0.00011999999696854502
7.004999907604208e-05,0.00011999999696854502
7.00599990759813e-05,0.00011999999696854502
7.006999907592053e-05,0.00011999999696854502
7.007999907585975e-05,0.00011999999696854502
7.008999907579898e-05,0.00011999999696854502
7.00999990757382e-05,0.00011999999696854502
7.010999907567743e-05,0.00011999999696854502
7.011999907561665e-05,0.00011999999696854502
7.012999907555588e-05,0.00011999999696854502
7.01399990754951e-05,0.00011999999696854502
7.014999907543433e-05,0.00011999999696854502
7.015999907537356e-05,0.00011999999696854502
7.016999907531278e-05,0.00011999999696854502
7.0179999075252e-05,0.00011999999696854502
7.018999907519123e-05,0.00011999999696854502
7.019999907513046e-05,0.00011999999696854502
7.020999907506968e-05,0.00011999999696854502
7.021999907500891e-05,0.00011999999696854502
7.022999907494813e-05,0.00011999999696854502
7.023999907488736e-05,0.00011999999696854502
7.024999907482658e-05,0.00011999999696854502
7.025999907476581e-05,7.999999797903001e-05
7.026999907470503e-05,0.00011999999696854502
7.027999907464426e-05,0.00011999999696854502
7.028999907458348e-05,0.00011999999696854502
7.029999907452271e-05,0.00011999999696854502
7.030999907446193e-05,0.00011999999696854502
7.031999907440116e-05,0.00011999999696854502
7.032999907434039e-05,0.00011999999696854502
7.033999907427961e-05,0.00011999999696854502
7.034999907421884e-05,0.00011999999696854502
7.035999907415806e-05,0.00011999999696854502
7.036999907409729e-05,0.00011999999696854502
7.037999907403651e-05,0.00011999999696854502
7.038999907397574e-05,0.00011999999696854502
7.039999907391496e-05,0.00011999999696854502
7.040999907385419e-05,0.00011999999696854502
7.041999907379341e-05,0.00011999999696854502
7.042999907373264e-05,0.00011999999696854502
7.043999907367186e-05,0.00011999999696854502
7.044999907361109e-05,0.00011999999696854502
7.045999907355031e-05,0.00011999999696854502
7.046999907348954e-05,0.00011999999696854502
7.047999907342876e-05,0.00011999999696854502
7.048999907336799e-05,0.00011999999696854502
7.049999907330722e-05,0.00011999999696854502
7.050999907324644e-05,0.00011999999696854502
7.051999907318567e-05,0.00011999999696854502
7.052999907312489e-05,0.00011999999696854502
7.053999907306412e-05,0.00011999999696854502
7.054999907300334e-05,0.00011999999696854502
7.055999907294257e-05,0.00011999999696854502
7.056999907288179e-05,0.00011999999696854502
7.057999907282102e-05,0.00011999999696854502
7.058999907276024e-05,7.999999797903001e-05
7.059999907269947e-05,0.00011999999696854502
7.06099990726387e-05,0.00011999999696854502
7.061999907257792e-05,0.00011999999696854502
7.062999907251714e-05,0.00011999999696854502
7.063999907245637e-05,0.00011999999696854502
7.06499990723956e-05,0.00011999999696854502
7.065999907233482e-05,0.00011999999696854502
7.066999907227404e-05,0.00011999999696854502
7.067999907221327e-05,0.00011999999696854502
7.06899990721525e-05,0.00011999999696854502
7.069999907209172e-05,0.00011999999696854502
7.070999907203095e-05,7.999999797903001e-05
7.071999907197017e-05,0.00011999999696854502
7.07299990719094e-05,0.00011999999696854502
7.073999907184862e-05,0.00011999999696854502
7.074999907178785e-05,0.00011999999696854502
7.075999907172707e-05,0.00011999999696854502
7.07699990716663e-05,0.00011999999696854502
7.077999907160552e-05,0.00011999999696854502
7.078999907154475e-05,0.00011999999696854502
7.079999907148397e-05,0.00011999999696854502
7.08099990714232e-05,0.00011999999696854502
7.081999907136242e-05,0.00011999999696854502
7.082999907130165e-05,0.00011999999696854502
7.083999907124087e-05,7.999999797903001e-05
7.08499990711801e-05,0.00011999999696854502
7.085999907111933e-05,0.00011999999696854502
7.086999907105855e-05,0.00011999999696854502
7.087999907099778e-05,7.999999797903001e-05
7.0889999070937e-05,0.00011999999696854502
7.089999907087623e-05,0.00011999999696854502
7.090999907081545e-05,7.999999797903001e-05
7.091999907075468e-05,0.00011999999696854502
7.09299990706939e-05,0.00011999999696854502
7.093999907063313e-05,0.00011999999696854502
7.094999907057235e-05,0.00011999999696854502
7.095999907051158e-05,0.00011999999696854502
7.09699990704508e-05,0.00011999999696854502
7.097999907039003e-05,0.00011999999696854502
7.098999907032925e-05,0.00011999999696854502
7.099999907026848e-05,7.999999797903001e-05
7.10099990702077e-05,0.00011999999696854502
7.101999907014693e-05,0.00011999999696854502
7.102999907008616e-05,0.00011999999696854502
7.103999907002538e-05,0.00011999999696854502
7.10499990699646e-05,0.00011999999696854502
7.105999906990383e-05,0.00011999999696854502
7.106999906984306e-05,0.00011999999696854502
7.107999906978228e-05,0.00011999999696854502
7.108999906972151e-05,0.00011999999696854502
7.109999906966073e-05,0.00011999999696854502
7.110999906959996e-05,0.00011999999696854502
7.111999906953918e-05,0.00011999999696854502
7.112999906947841e-05,0.00011999999696854502
7.113999906941763e-05,0.00011999999696854502
7.114999906935686e-05,0.00011999999696854502
7.115999906929608e-05,0.00011999999696854502
7.116999906923531e-05,0.00011999999696854502
7.117999906917453e-05,0.00011999999696854502
7.118999906911376e-05,0.00011999999696854502
7.119999906905299e-05,0.00011999999696854502
7.120999906899221e-05,0.00011999999696854502
7.121999906893144e-05,0.00011999999696854502
7.122999906887066e-05,0.00011999999696854502
7.123999906880989e-05,0.00011999999696854502
7.124999906874911e-05,0.00011999999696854502
7.125999906868834e-05,0.00011999999696854502
7.126999906862756e-05,0.00011999999696854502
7.127999906856679e-05,0.00011999999696854502
7.128999906850601e-05,0.00011999999696854502
7.129999906844524e-05,0.00011999999696854502
7.130999906838446e-05,0.00011999999696854502
7.131999906832369e-05,0.00011999999696854502
7.132999906826291e-05,0.00011999999696854502
7.133999906820214e-05,0.00011999999696854502
7.134999906814136e-05,0.00011999999696854502
7.135999906808059e-05,7.999999797903001e-05
7.136999906801982e-05,0.00011999999696854502
7.137999906795904e-05,0.00011999999696854502
7.138999906789827e-05,0.00011999999696854502
7.139999906783749e-05,7.999999797903001e-05
7.140999906777672e-05,0.00011999999696854502
7.141999906771594e-05,0.00011999999696854502
7.142999906765517e-05,0.00011999999696854502
7.143999906759439e-05,7.999999797903001e-05
7.144999906753362e-05,7.999999797903001e-05
7.145999906747284e-05,0.00011999999696854502
7.146999906741207e-05,0.00011999999696854502
7.14799990673513e-05,0.00011999999696854502
7.148999906729052e-05,0.00011999999696854502
7.149999906722974e-05,0.00011999999696854502
7.150999906716897e-05,0.00011999999696854502
7.15199990671082e-05,0.00011999999696854502
7.152999906704742e-05,0.00011999999696854502
7.153999906698665e-05,0.00011999999696854502
7.154999906692587e-05,0.00011999999696854502
7.15599990668651e-05,0.00011999999696854502
7.156999906680432e-05,0.00011999999696854502
7.157999906674355e-05,0.00011999999696854502
7.158999906668277e-05,0.00011999999696854502
7.1599999066622e-05,0.00011999999696854502
7.160999906656122e-05,7.999999797903001e-05
7.161999906650045e-05,0.00011999999696854502
7.162999906643967e-05,0.00011999999696854502
7.16399990663789e-05,0.00011999999696854502
7.164999906631812e-05,0.00011999999696854502
7.165999906625735e-05,0.00011999999696854502
7.166999906619657e-05,0.00011999999696854502
7.16799990661358e-05,7.999999797903001e-05
7.168999906607502e-05,0.00011999999696854502
7.169999906601425e-05,0.00031999999191612005
7.170999906595348e-05,0.00011999999696854502
7.17199990658927e-05,-7.999999797903001e-05
7.172999906583193e-05,7.999999797903001e-05
7.173999906577115e-05,0.00015999999595806003
7.174999906571038e-05,0.00019999999494757503
7.17599990656496e-05,0.00023999999393709004
7.176999906558883e-05,7.999999797903001e-05
7.177999906552805e-05,3.9999998989515007e-05
7.178999906546728e-05,7.999999797903001e-05
7.17999990654065e-05,0.00019999999494757503
7.180999906534573e-05,0.00019999999494757503
7.181999906528495e-05,0.00011999999696854502
7.182999906522418e-05,7.999999797903001e-05
7.18399990651634e-05,0.00015999999595806003
7.184999906510263e-05,0.00011999999696854502
7.185999906504185e-05,7.999999797903001e-05
7.186999906498108e-05,0.00011999999696854502
7.18799990649203e-05,0.00015999999595806003
7.188999906485953e-05,0.00015999999595806003
7.189999906479876e-05,7.999999797903001e-05
7.190999906473798e-05,7.999999797903001e-05
7.19199990646772e-05,0.00015999999595806003
7.192999906461643e-05,0.00019999999494757503
7.193999906455566e-05,0.00011999999696854502
7.194999906449488e-05,7.999999797903001e-05
7.195999906443411e-05,0.00011999999696854502
7.196999906437333e-05,0.00015999999595806003
7.197999906431256e-05,0.00015999999595806003
7.198999906425178e-05,0.00011999999696854502
7.199999906419101e-05,0.00011999999696854502
7.200999906413023e-05,0.00011999999696854502
7.201999906406946e-05,0.00011999999696854502
7.202999906400868e-05,0.00011999999696854502
7.203999906394791e-05,0.00015999999595806003
7.204999906388714e-05,0.00015999999595806003
7.205999906382636e-05,0.00011999999696854502
7.206999906376559e-05,7.999999797903001e-05
7.207999906370481e-05,7.999999797903001e-05
7.208999906364404e-05,0.00011999999696854502
7.209999906358326e-05,0.00015999999595806003
7.210999906352249e-05,0.00015999999595806003
7.211999906346171e-05,0.00011999999696854502
7.212999906340094e-05,7.999999797903001e-05
7.213999906334016e-05,0.00011999999696854502
7.214999906327939e-05,0.00011999999696854502
7.215999906321861e-05,0.00011999999696854502
7.216999906315784e-05,0.00011999999696854502
7.217999906309706e-05,0.00011999999696854502
7.218999906303629e-05,0.00011999999696854502
7.219999906297551e-05,0.00011999999696854502
7.220999906291474e-05,0.00011999999696854502
7.221999906285396e-05,0.00011999999696854502
7.222999906279319e-05,0.00011999999696854502
7.223999906273242e-05,0.00011999999696854502
7.224999906267164e-05,7.999999797903001e-05
7.225999906261087e-05,7.999999797903001e-05
7.226999906255009e-05,0.00011999999696854502
7.227999906248932e-05,0.00015999999595806003
7.228999906242854e-05,0.00011999999696854502
7.229999906236777e-05,7.999999797903001e-05
7.230999906230699e-05,0.00011999999696854502
7.231999906224622e-05,0.00015999999595806003
7.232999906218544e-05,0.00011999999696854502
7.233999906212467e-05,0.00011999999696854502
7.23499990620639e-05,0.00011999999696854502
7.235999906200312e-05,0.00015999999595806003
7.236999906194234e-05,0.00011999999696854502
7.237999906188157e-05,0.00011999999696854502
7.23899990618208e-05,0.00011999999696854502
7.239999906176002e-05,0.00015999999595806003
7.240999906169925e-05,0.00015999999595806003
7.241999906163847e-05,7.999999797903001e-05
7.24299990615777e-05,0.00011999999696854502
7.243999906151692e-05,0.00011999999696854502
7.244999906145615e-05,0.00015999999595806003
7.245999906139537e-05,0.00011999999696854502
7.24699990613346e-05,0.00011999999696854502
7.247999906127382e-05,0.00015999999595806003
7.248999906121305e-05,0.00015999999595806003
7.249999906115227e-05,0.00011999999696854502
7.25099990610915e-05,0.00011999999696854502
7.251999906103072e-05,0.00011999999696854502
7.252999906096995e-05,0.00015999999595806003
7.253999906090917e-05,0.00011999999696854502
7.25499990608484e-05,0.00011999999696854502
7.255999906078762e-05,0.00015999999595806003
7.256999906072685e-05,0.00015999999595806003
7.257999906066608e-05,0.00015999999595806003
7.25899990606053e-05,0.00015999999595806003
7.259999906054453e-05,0.00015999999595806003
7.260999906048375e-05,0.00015999999595806003
7.261999906042298e-05,0.00019999999494757503
7.26299990603622e-05,0.00019999999494757503
7.263999906030143e-05,0.00019999999494757503
7.264999906024065e-05,0.00019999999494757503
7.265999906017988e-05,0.00023999999393709004
7.26699990601191e-05,0.00023999999393709004
7.267999906005833e-05,0.00023999999393709004
7.268999905999755e-05,0.00027999999292660505
7.269999905993678e-05,0.00031999999191612005
7.2709999059876e-05,0.00031999999191612005
7.271999905981523e-05,0.00031999999191612005
7.272999905975445e-05,0.00039999998989515007
7.273999905969368e-05,0.00039999998989515007
7.27499990596329e-05,0.00043999998888466507
7.275999905957213e-05,0.0004799999878741801
7.276999905951136e-05,0.0005199999868636951
7.277999905945058e-05,0.0005599999858532101
7.27899990593898e-05,0.0006399999838322401
7.279999905932903e-05,0.0006799999828217551
7.280999905926826e-05,0.0007199999818112701
7.281999905920748e-05,0.0007599999808007851
7.282999905914671e-05,0.0008399999787798151
7.283999905908593e-05,0.0008399999787798151
7.284999905902516e-05,0.0009199999767588452
7.285999905896438e-05,0.0009999999747378752
7.286999905890361e-05,0.0009999999747378752
7.287999905884283e-05,0.0010399999737273902
7.288999905878206e-05,0.0010799999727169052
7.289999905872128e-05,0.0011199999717064202
7.290999905866051e-05,0.0011599999706959352
7.291999905859974e-05,0.0011999999696854502
7.292999905853896e-05,0.0012399999686749652
7.293999905847819e-05,0.0012799999676644802
7.294999905841741e-05,0.0012799999676644802
7.295999905835664e-05,0.0013199999666539952
7.296999905829586e-05,0.0013199999666539952
7.297999905823509e-05,0.0013599999656435102
7.298999905817431e-05,0.0013599999656435102
7.299999905811354e-05,0.0013599999656435102
7.300999905805276e-05,0.0013999999646330252
7.301999905799199e-05,0.0013999999646330252
7.302999905793121e-05,0.0013599999656435102
7.303999905787044e-05,0.0013599999656435102
7.304999905780966e-05,0.0013599999656435102
7.305999905774889e-05,0.0013599999656435102
7.306999905768811e-05,0.0013599999656435102
7.307999905762734e-05,0.0013199999666539952
7.308999905756657e-05,0.0013199999666539952
7.309999905750579e-05,0.0012799999676644802
7.310999905744502e-05,0.0012399999686749652
7.311999905738424e-05,0.0011999999696854502
7.312999905732347e-05,0.0011599999706959352
7.313999905726269e-05,0.0011199999717064202
7.314999905720192e-05,0.0011199999717064202
7.315999905714114e-05,0.0010399999737273902
7.316999905708037e-05,0.0010399999737273902
7.317999905701959e-05,0.0009599999757483602
7.318999905695882e-05,0.0009199999767588452
7.319999905689804e-05,0.0008799999777693301
7.320999905683727e-05,0.0008399999787798151
7.32199990567765e-05,0.0007999999797903001
7.322999905671572e-05,0.0007199999818112701
7.323999905665494e-05,0.0006399999838322401
7.324999905659417e-05,0.0006399999838322401
7.32599990565334e-05,0.0005599999858532101
7.326999905647262e-05,0.0005199999868636951
7.327999905641185e-05,0.0004799999878741801
7.328999905635107e-05,0.00043999998888466507
7.32999990562903e-05,0.00039999998989515007
7.330999905622952e-05,0.00035999999090563506
7.331999905616875e-05,0.00035999999090563506
7.332999905610797e-05,0.00031999999191612005
7.33399990560472e-05,0.00027999999292660505
7.334999905598642e-05,0.00023999999393709004
7.335999905592565e-05,0.00023999999393709004
7.336999905586487e-05,0.00023999999393709004
7.33799990558041e-05,0.00019999999494757503
7.338999905574332e-05,0.00019999999494757503
7.339999905568255e-05,0.00019999999494757503
7.340999905562177e-05,0.00015999999595806003
7.3419999055561e-05,0.00015999999595806003
7.342999905550023e-05,0.00015999999595806003
7.343999905543945e-05,0.00015999999595806003
7.344999905537868e-05,0.00015999999595806003
7.34599990553179e-05,0.00011999999696854502
7.346999905525713e-05,0.00011999999696854502
7.347999905519635e-05,0.00011999999696854502
7.348999905513558e-05,0.00011999999696854502
7.34999990550748e-05,0.00011999999696854502
7.350999905501403e-05,0.00011999999696854502
7.351999905495325e-05,0.00011999999696854502
7.352999905489248e-05,0.00011999999696854502
7.35399990548317e-05,0.00015999999595806003
7.354999905477093e-05,0.00011999999696854502
7.355999905471015e-05,0.00011999999696854502
7.356999905464938e-05,0.00011999999696854502
7.35799990545886e-05,0.00011999999696854502
7.358999905452783e-05,0.00011999999696854502
7.359999905446706e-05,0.00011999999696854502
7.360999905440628e-05,0.00011999999696854502
7.36199990543455e-05,0.00011999999696854502
7.362999905428473e-05,0.00015999999595806003
7.363999905422396e-05,0.00011999999696854502
7.364999905416318e-05,0.00011999999696854502
7.365999905410241e-05,0.00011999999696854502
7.366999905404163e-05,0.00011999999696854502
7.367999905398086e-05,0.00011999999696854502
7.368999905392008e-05,0.00011999999696854502
7.369999905385931e-05,0.00011999999696854502
7.370999905379853e-05,0.00011999999696854502
7.371999905373776e-05,7.999999797903001e-05
7.372999905367698e-05,0.00011999999696854502
7.373999905361621e-05,0.00015999999595806003
7.374999905355543e-05,0.00011999999696854502
7.375999905349466e-05,0.00011999999696854502
7.376999905343388e-05,0.00011999999696854502
7.377999905337311e-05,0.00011999999696854502
7.378999905331234e-05,0.00011999999696854502
7.379999905325156e-05,7.999999797903001e-05
7.380999905319079e-05,0.00011999999696854502
7.381999905313001e-05,0.00011999999696854502
7.382999905306924e-05,0.00011999999696854502
7.383999905300846e-05,0.00011999999696854502
7.384999905294769e-05,0.00011999999696854502
7.385999905288691e-05,0.00011999999696854502
7.386999905282614e-05,0.00011999999696854502
7.387999905276536e-05,0.00011999999696854502
7.388999905270459e-05,0.00011999999696854502
7.389999905264381e-05,0.00011999999696854502
7.390999905258304e-05,0.00011999999696854502
7.391999905252226e-05,0.00011999999696854502
7.392999905246149e-05,7.999999797903001e-05
7.393999905240071e-05,0.00011999999696854502
7.394999905233994e-05,0.00011999999696854502
7.395999905227917e-05,0.00011999999696854502
7.396999905221839e-05,0.00011999999696854502
7.397999905215762e-05,0.00011999999696854502
7.398999905209684e-05,0.00011999999696854502
7.399999905203607e-05,0.00011999999696854502
7.400999905197529e-05,7.999999797903001e-05
7.401999905191452e-05,0.00011999999696854502
7.402999905185374e-05,0.00011999999696854502
7.403999905179297e-05,0.00011999999696854502
7.404999905173219e-05,0.00011999999696854502
7.405999905167142e-05,0.00011999999696854502
7.406999905161064e-05,0.00011999999696854502
7.407999905154987e-05,0.00011999999696854502
7.40899990514891e-05,0.00011999999696854502
7.409999905142832e-05,0.00011999999696854502
7.410999905136754e-05,0.00011999999696854502
7.411999905130677e-05,0.00011999999696854502
7.4129999051246e-05,0.00011999999696854502
7.413999905118522e-05,7.999999797903001e-05
7.414999905112445e-05,0.00011999999696854502
7.415999905106367e-05,0.00011999999696854502
7.41699990510029e-05,0.00011999999696854502
7.417999905094212e-05,0.00011999999696854502
7.418999905088135e-05,0.00011999999696854502
7.419999905082057e-05,0.00011999999696854502
7.42099990507598e-05,0.00011999999696854502
7.421999905069902e-05,0.00011999999696854502
7.422999905063825e-05,0.00011999999696854502
7.423999905057747e-05,0.00011999999696854502
7.42499990505167e-05,0.00011999999696854502
7.425999905045592e-05,0.00011999999696854502
7.426999905039515e-05,0.00011999999696854502
7.427999905033437e-05,0.00011999999696854502
7.42899990502736e-05,0.00011999999696854502
7.429999905021283e-05,7.999999797903001e-05
7.430999905015205e-05,0.00011999999696854502
7.431999905009128e-05,0.00011999999696854502
7.43299990500305e-05,0.00011999999696854502
7.433999904996973e-05,0.00011999999696854502
7.434999904990895e-05,0.00011999999696854502
7.435999904984818e-05,0.00011999999696854502
7.43699990497874e-05,0.00011999999696854502
7.437999904972663e-05,0.00011999999696854502
7.438999904966585e-05,0.00011999999696854502
7.439999904960508e-05,0.00011999999696854502
7.44099990495443e-05,0.00011999999696854502
7.441999904948353e-05,0.00011999999696854502
7.442999904942275e-05,0.00011999999696854502
7.443999904936198e-05,0.00011999999696854502
7.44499990493012e-05,0.00011999999696854502
7.445999904924043e-05,0.00011999999696854502
7.446999904917966e-05,0.00011999999696854502
7.447999904911888e-05,0.00011999999696854502
7.44899990490581e-05,0.00015999999595806003
7.449999904899733e-05,0.00011999999696854502
7.450999904893656e-05,0.00011999999696854502
7.451999904887578e-05,0.00011999999696854502
7.452999904881501e-05,0.00011999999696854502
7.453999904875423e-05,0.00011999999696854502
7.454999904869346e-05,0.00011999999696854502
7.455999904863268e-05,0.00011999999696854502
7.456999904857191e-05,0.00011999999696854502
7.457999904851113e-05,0.00011999999696854502
7.458999904845036e-05,0.00011999999696854502
7.459999904838958e-05,0.00011999999696854502
7.460999904832881e-05,0.00011999999696854502
7.461999904826803e-05,7.999999797903001e-05
7.462999904820726e-05,0.00011999999696854502
7.463999904814649e-05,0.00011999999696854502
7.464999904808571e-05,0.00011999999696854502
7.465999904802494e-05,0.00011999999696854502
7.466999904796416e-05,0.00011999999696854502
7.467999904790339e-05,0.00011999999696854502
7.468999904784261e-05,0.00011999999696854502
7.469999904778184e-05,0.00011999999696854502
7.470999904772106e-05,0.00011999999696854502
7.471999904766029e-05,0.00011999999696854502
7.472999904759951e-05,0.00011999999696854502
7.473999904753874e-05,0.00011999999696854502
7.474999904747796e-05,0.00011999999696854502
7.475999904741719e-05,0.00011999999696854502
7.476999904735641e-05,0.00011999999696854502
7.477999904729564e-05,0.00011999999696854502
7.478999904723486e-05,0.00011999999696854502
7.479999904717409e-05,0.00011999999696854502
7.480999904711332e-05,0.00011999999696854502
7.481999904705254e-05,0.00011999999696854502
7.482999904699177e-05,0.00011999999696854502
7.483999904693099e-05,0.00011999999696854502
7.484999904687022e-05,0.00011999999696854502
7.485999904680944e-05,0.00011999999696854502
7.486999904674867e-05,0.00011999999696854502
7.487999904668789e-05,0.00011999999696854502
7.488999904662712e-05,0.00011999999696854502
7.489999904656634e-05,0.00011999999696854502
7.490999904650557e-05,0.00011999999696854502
7.49199990464448e-05,0.00011999999696854502
7.492999904638402e-05,0.00011999999696854502
7.493999904632324e-05,0.00011999999696854502
7.494999904626247e-05,0.00011999999696854502
7.49599990462017e-05,0.00011999999696854502
7.496999904614092e-05,0.00011999999696854502
7.497999904608015e-05,0.00011999999696854502
7.498999904601937e-05,0.00011999999696854502
7.49999990459586e-05,0.00011999999696854502
7.500999904589782e-05,0.00011999999696854502
7.501999904583705e-05,0.00011999999696854502
7.502999904577627e-05,0.00011999999696854502
7.50399990457155e-05,0.00011999999696854502
7.504999904565472e-05,0.00011999999696854502
7.505999904559395e-05,0.00011999999696854502
7.506999904553317e-05,0.00011999999696854502
7.50799990454724e-05,0.00011999999696854502
7.508999904541162e-05,0.00011999999696854502
7.509999904535085e-05,0.00011999999696854502
7.510999904529007e-05,0.00011999999696854502
7.51199990452293e-05,0.00011999999696854502
7.512999904516852e-05,0.00011999999696854502
7.513999904510775e-05,0.00011999999696854502
7.514999904504698e-05,0.00011999999696854502
7.51599990449862e-05,0.00011999999696854502
7.516999904492543e-05,0.00011999999696854502
7.517999904486465e-05,0.00011999999696854502
7.518999904480388e-05,0.00011999999696854502
7.51999990447431e-05,0.00011999999696854502
7.520999904468233e-05,0.00011999999696854502
7.521999904462155e-05,0.00011999999696854502
7.522999904456078e-05,0.00011999999696854502
7.52399990445e-05,0.00011999999696854502
7.524999904443923e-05,0.00011999999696854502
7.525999904437845e-05,0.00011999999696854502
7.526999904431768e-05,0.00011999999696854502
7.52799990442569e-05,0.00011999999696854502
7.528999904419613e-05,0.00011999999696854502
7.529999904413535e-05,0.00011999999696854502
7.530999904407458e-05,7.999999797903001e-05
7.53199990440138e-05,0.00011999999696854502
7.532999904395303e-05,0.00011999999696854502
7.533999904389226e-05,0.00011999999696854502
7.534999904383148e-05,0.00011999999696854502
7.53599990437707e-05,0.00011999999696854502
7.536999904370993e-05,0.00011999999696854502
7.537999904364916e-05,0.00015999999595806003
7.538999904358838e-05,0.00011999999696854502
7.539999904352761e-05,0.00011999999696854502
7.540999904346683e-05,0.00011999999696854502
7.541999904340606e-05,0.00011999999696854502
7.542999904334528e-05,0.00011999999696854502
7.543999904328451e-05,0.00011999999696854502
7.544999904322373e-05,0.00011999999696854502
7.545999904316296e-05,0.00011999999696854502
7.546999904310218e-05,0.00011999999696854502
7.547999904304141e-05,0.00011999999696854502
7.548999904298063e-05,0.00011999999696854502
7.549999904291986e-05,0.00011999999696854502
7.550999904285909e-05,0.00011999999696854502
7.551999904279831e-05,0.00011999999696854502
7.552999904273754e-05,0.00011999999696854502
7.553999904267676e-05,0.00011999999696854502
7.554999904261599e-05,0.00011999999696854502
7.555999904255521e-05,0.00011999999696854502
7.556999904249444e-05,0.00011999999696854502
7.557999904243366e-05,0.00011999999696854502
7.558999904237289e-05,0.00011999999696854502
7.559999904231211e-05,0.00011999999696854502
7.560999904225134e-05,0.00011999999696854502
7.561999904219056e-05,0.00011999999696854502
7.562999904212979e-05,0.00011999999696854502
7.563999904206901e-05,0.00011999999696854502
7.564999904200824e-05,0.00011999999696854502
7.565999904194746e-05,0.00011999999696854502
7.566999904188669e-05,0.00011999999696854502
7.567999904182592e-05,0.00011999999696854502
7.568999904176514e-05,0.00011999999696854502
7.569999904170437e-05,0.00011999999696854502
7.570999904164359e-05,0.00015999999595806003
7.571999904158282e-05,0.00011999999696854502
7.572999904152204e-05,0.00011999999696854502
7.573999904146127e-05,0.00011999999696854502
7.574999904140049e-05,0.00011999999696854502
7.575999904133972e-05,0.00011999999696854502
7.576999904127894e-05,0.00011999999696854502
7.577999904121817e-05,0.00011999999696854502
7.57899990411574e-05,0.00011999999696854502
7.579999904109662e-05,0.00011999999696854502
7.580999904103584e-05,0.00011999999696854502
7.581999904097507e-05,0.00011999999696854502
7.58299990409143e-05,0.00011999999696854502
7.583999904085352e-05,0.00011999999696854502
7.584999904079275e-05,7.999999797903001e-05
7.585999904073197e-05,0.00011999999696854502
7.58699990406712e-05,0.00015999999595806003
7.587999904061042e-05,0.00011999999696854502
7.588999904054965e-05,0.00011999999696854502
7.589999904048887e-05,0.00011999999696854502
7.59099990404281e-05,0.00011999999696854502
7.591999904036732e-05,0.00011999999696854502
7.592999904030655e-05,0.00011999999696854502
7.593999904024577e-05,0.00011999999696854502
7.5949999040185e-05,0.00011999999696854502
7.595999904012422e-05,0.00011999999696854502
7.596999904006345e-05,0.00011999999696854502
7.597999904000267e-05,0.00011999999696854502
7.59899990399419e-05,0.00011999999696854502
7.599999903988112e-05,0.00011999999696854502
7.600999903982035e-05,0.00011999999696854502
7.601999903975958e-05,0.00011999999696854502
7.60299990396988e-05,0.00011999999696854502
7.603999903963803e-05,0.00011999999696854502
7.604999903957725e-05,0.00011999999696854502
7.605999903951648e-05,0.00011999999696854502
7.60699990394557e-05,0.00011999999696854502
7.607999903939493e-05,0.00011999999696854502
7.608999903933415e-05,0.00011999999696854502
7.609999903927338e-05,0.00011999999696854502
7.61099990392126e-05,0.00011999999696854502
7.611999903915183e-05,0.00011999999696854502
7.612999903909105e-05,7.999999797903001e-05
7.613999903903028e-05,0.00011999999696854502
7.61499990389695e-05,0.00011999999696854502
7.615999903890873e-05,0.00011999999696854502
7.616999903884795e-05,0.00011999999696854502
7.617999903878718e-05,0.00011999999696854502
7.61899990387264e-05,0.00011999999696854502
7.619999903866563e-05,0.00011999999696854502
7.620999903860486e-05,0.00011999999696854502
7.621999903854408e-05,0.00011999999696854502
7.62299990384833e-05,0.00011999999696854502
7.623999903842253e-05,0.00011999999696854502
7.624999903836176e-05,0.00011999999696854502
7.625999903830098e-05,0.00011999999696854502
7.626999903824021e-05,0.00011999999696854502
7.627999903817943e-05,0.00011999999696854502
7.628999903811866e-05,0.00011999999696854502
7.629999903805788e-05,0.00011999999696854502
7.630999903799711e-05,0.00011999999696854502
7.631999903793633e-05,0.00015999999595806003
7.632999903787556e-05,0.00011999999696854502
7.633999903781478e-05,0.00011999999696854502
7.634999903775401e-05,0.00011999999696854502
7.635999903769324e-05,0.00015999999595806003
7.636999903763246e-05,0.00011999999696854502
7.637999903757169e-05,0.00011999999696854502
7.638999903751091e-05,0.00011999999696854502
7.639999903745014e-05,0.00011999999696854502
7.640999903738936e-05,0.00011999999696854502
7.641999903732859e-05,0.00011999999696854502
7.642999903726781e-05,0.00011999999696854502
7.643999903720704e-05,0.00011999999696854502
7.644999903714626e-05,0.00011999999696854502
7.645999903708549e-05,0.00011999999696854502
7.646999903702471e-05,0.00011999999696854502
7.647999903696394e-05,0.00011999999696854502
7.648999903690316e-05,0.00011999999696854502
7.649999903684239e-05,0.00011999999696854502
7.650999903678161e-05,0.00011999999696854502
7.651999903672084e-05,0.00011999999696854502
7.652999903666007e-05,0.00011999999696854502
7.653999903659929e-05,0.00011999999696854502
7.654999903653852e-05,0.00011999999696854502
7.655999903647774e-05,0.00011999999696854502
7.656999903641697e-05,0.00011999999696854502
7.657999903635619e-05,0.00011999999696854502
7.658999903629542e-05,0.00011999999696854502
7.659999903623464e-05,0.00011999999696854502
7.660999903617387e-05,0.00011999999696854502
7.661999903611309e-05,0.00011999999696854502
7.662999903605232e-05,0.00011999999696854502
7.663999903599154e-05,0.00011999999696854502
7.664999903593077e-05,0.00011999999696854502
7.665999903587e-05,0.00011999999696854502
7.666999903580922e-05,0.00011999999696854502
7.667999903574844e-05,0.00011999999696854502
7.668999903568767e-05,0.00011999999696854502
7.66999990356269e-05,0.00011999999696854502
7.670999903556612e-05,0.00011999999696854502
7.671999903550535e-05,0.00011999999696854502
7.672999903544457e-05,0.00011999999696854502
7.67399990353838e-05,0.00011999999696854502
7.674999903532302e-05,0.00011999999696854502
7.675999903526225e-05,0.00011999999696854502
7.676999903520147e-05,0.00011999999696854502
7.67799990351407e-05,0.00011999999696854502
7.678999903507992e-05,0.00011999999696854502
7.679999903501915e-05,0.00011999999696854502
7.680999903495837e-05,0.00011999999696854502
7.68199990348976e-05,0.00011999999696854502
7.682999903483682e-05,0.00011999999696854502
7.683999903477605e-05,0.00011999999696854502
7.684999903471527e-05,0.00011999999696854502
7.68599990346545e-05,0.00011999999696854502
7.686999903459372e-05,0.00011999999696854502
7.687999903453295e-05,0.00011999999696854502
7.688999903447218e-05,0.00011999999696854502
7.68999990344114e-05,0.00011999999696854502
7.690999903435063e-05,0.00011999999696854502
7.691999903428985e-05,0.00011999999696854502
7.692999903422908e-05,0.00011999999696854502
7.69399990341683e-05,0.00011999999696854502
7.694999903410753e-05,0.00011999999696854502
7.695999903404675e-05,0.00011999999696854502
7.696999903398598e-05,0.00011999999696854502
7.69799990339252e-05,7.999999797903001e-05
7.698999903386443e-05,0.00011999999696854502
7.699999903380365e-05,0.00011999999696854502
7.700999903374288e-05,0.00011999999696854502
7.70199990336821e-05,0.00011999999696854502
7.702999903362133e-05,0.00011999999696854502
7.703999903356055e-05,0.00011999999696854502
7.704999903349978e-05,0.00011999999696854502
7.7059999033439e-05,0.00011999999696854502
7.706999903337823e-05,0.00011999999696854502
7.707999903331746e-05,0.00011999999696854502
7.708999903325668e-05,0.00011999999696854502
7.70999990331959e-05,7.999999797903001e-05
7.710999903313513e-05,0.00011999999696854502
7.711999903307436e-05,0.00011999999696854502
7.712999903301358e-05,0.00011999999696854502
7.713999903295281e-05,0.00011999999696854502
7.714999903289203e-05,0.00011999999696854502
7.715999903283126e-05,0.00011999999696854502
7.716999903277048e-05,0.00015999999595806003
7.717999903270971e-05,0.00011999999696854502
7.718999903264893e-05,0.00011999999696854502
7.719999903258816e-05,0.00011999999696854502
7.720999903252738e-05,0.00011999999696854502
7.721999903246661e-05,0.00011999999696854502
7.722999903240584e-05,0.00011999999696854502
7.723999903234506e-05,0.00011999999696854502
7.724999903228429e-05,0.00011999999696854502
7.725999903222351e-05,0.00011999999696854502
7.726999903216274e-05,0.00011999999696854502
7.727999903210196e-05,0.00011999999696854502
7.728999903204119e-05,0.00011999999696854502
7.729999903198041e-05,0.00011999999696854502
7.730999903191964e-05,0.00011999999696854502
7.731999903185886e-05,0.00011999999696854502
7.732999903179809e-05,0.00011999999696854502
7.733999903173731e-05,0.00011999999696854502
7.734999903167654e-05,0.00011999999696854502
7.735999903161576e-05,0.00011999999696854502
7.736999903155499e-05,0.00011999999696854502
7.737999903149421e-05,0.00011999999696854502
7.738999903143344e-05,7.999999797903001e-05
7.739999903137267e-05,0.00011999999696854502
7.740999903131189e-05,0.00011999999696854502
7.741999903125112e-05,0.00011999999696854502
7.742999903119034e-05,0.00011999999696854502
7.743999903112957e-05,0.00011999999696854502
7.744999903106879e-05,0.00011999999696854502
7.745999903100802e-05,0.00011999999696854502
7.746999903094724e-05,0.00011999999696854502
7.747999903088647e-05,0.00011999999696854502
7.748999903082569e-05,0.00011999999696854502
7.749999903076492e-05,0.00011999999696854502
7.750999903070414e-05,0.00011999999696854502
7.751999903064337e-05,7.999999797903001e-05
7.75299990305826e-05,0.00011999999696854502
7.753999903052182e-05,0.00011999999696854502
7.754999903046104e-05,7.999999797903001e-05
7.755999903040027e-05,0.00011999999696854502
7.75699990303395e-05,0.00011999999696854502
7.757999903027872e-05,0.00011999999696854502
7.758999903021795e-05,0.00011999999696854502
7.759999903015717e-05,0.00011999999696854502
7.76099990300964e-05,0.00011999999696854502
7.761999903003562e-05,0.00011999999696854502
7.762999902997485e-05,0.00011999999696854502
7.763999902991407e-05,0.00011999999696854502
7.76499990298533e-05,0.00011999999696854502
7.765999902979252e-05,0.00015999999595806003
7.766999902973175e-05,0.00011999999696854502
7.767999902967097e-05,0.00011999999696854502
7.76899990296102e-05,0.00011999999696854502
7.769999902954942e-05,0.00011999999696854502
7.770999902948865e-05,0.00011999999696854502
7.771999902942787e-05,0.00011999999696854502
7.77299990293671e-05,0.00011999999696854502
7.773999902930633e-05,0.00011999999696854502
7.774999902924555e-05,0.00011999999696854502
7.775999902918478e-05,0.00011999999696854502
7.7769999029124e-05,0.00011999999696854502
7.777999902906323e-05,0.00011999999696854502
7.778999902900245e-05,0.00011999999696854502
7.779999902894168e-05,0.00011999999696854502
7.78099990288809e-05,0.00011999999696854502
7.781999902882013e-05,0.00015999999595806003
7.782999902875935e-05,0.00011999999696854502
7.783999902869858e-05,0.00011999999696854502
7.78499990286378e-05,0.00011999999696854502
7.785999902857703e-05,0.00011999999696854502
7.786999902851625e-05,0.00011999999696854502
7.787999902845548e-05,0.00011999999696854502
7.78899990283947e-05,0.00011999999696854502
7.789999902833393e-05,0.00011999999696854502
7.790999902827316e-05,0.00011999999696854502
7.791999902821238e-05,0.00011999999696854502
7.79299990281516e-05,0.00011999999696854502
7.793999902809083e-05,0.00011999999696854502
7.794999902803006e-05,0.00011999999696854502
7.795999902796928e-05,0.00011999999696854502
7.796999902790851e-05,0.00011999999696854502
7.797999902784773e-05,0.00011999999696854502
7.798999902778696e-05,0.00011999999696854502
7.799999902772618e-05,0.00011999999696854502
7.800999902766541e-05,0.00011999999696854502
7.801999902760463e-05,0.00011999999696854502
7.802999902754386e-05,0.00011999999696854502
7.803999902748308e-05,0.00011999999696854502
7.804999902742231e-05,0.00011999999696854502
7.805999902736153e-05,0.00011999999696854502
7.806999902730076e-05,0.00011999999696854502
7.807999902723999e-05,0.00011999999696854502
7.808999902717921e-05,0.00011999999696854502
7.809999902711844e-05,0.00011999999696854502
7.810999902705766e-05,0.00011999999696854502
7.811999902699689e-05,0.00011999999696854502
7.812999902693611e-05,0.00011999999696854502
7.813999902687534e-05,0.00011999999696854502
7.814999902681456e-05,0.00011999999696854502
7.815999902675379e-05,0.00011999999696854502
7.816999902669301e-05,0.00011999999696854502
7.817999902663224e-05,0.00011999999696854502
7.818999902657146e-05,0.00015999999595806003
7.819999902651069e-05,0.00011999999696854502
7.820999902644991e-05,0.00011999999696854502
7.821999902638914e-05,0.00011999999696854502
7.822999902632836e-05,0.00011999999696854502
7.823999902626759e-05,0.00011999999696854502
7.824999902620682e-05,0.00011999999696854502
7.825999902614604e-05,0.00011999999696854502
7.826999902608527e-05,0.00011999999696854502
7.827999902602449e-05,0.00011999999696854502
7.828999902596372e-05,0.00011999999696854502
7.829999902590294e-05,0.00011999999696854502
7.830999902584217e-05,0.00011999999696854502
7.831999902578139e-05,0.00011999999696854502
7.832999902572062e-05,0.00011999999696854502
7.833999902565984e-05,0.00011999999696854502
7.834999902559907e-05,0.00011999999696854502
7.835999902553829e-05,0.00011999999696854502
7.836999902547752e-05,0.00011999999696854502
7.837999902541674e-05,0.00011999999696854502
7.838999902535597e-05,0.00011999999696854502
7.83999990252952e-05,0.00011999999696854502
7.840999902523442e-05,0.00011999999696854502
7.841999902517364e-05,0.00011999999696854502
7.842999902511287e-05,0.00011999999696854502
7.84399990250521e-05,0.00011999999696854502
7.844999902499132e-05,0.00011999999696854502
7.845999902493055e-05,0.00011999999696854502
7.846999902486977e-05,0.00011999999696854502
7.8479999024809e-05,0.00011999999696854502
7.848999902474822e-05,0.00011999999696854502
7.849999902468745e-05,0.00011999999696854502
7.850999902462667e-05,0.00015999999595806003
7.85199990245659e-05,0.00011999999696854502
7.852999902450512e-05,0.00011999999696854502
7.853999902444435e-05,0.00011999999696854502
7.854999902438357e-05,0.00011999999696854502
7.85599990243228e-05,0.00011999999696854502
7.856999902426202e-05,0.00011999999696854502
7.857999902420125e-05,0.00011999999696854502
7.858999902414047e-05,0.00011999999696854502
7.85999990240797e-05,0.00011999999696854502
7.860999902401893e-05,0.00011999999696854502
7.861999902395815e-05,0.00011999999696854502
7.862999902389738e-05,0.00011999999696854502
7.86399990238366e-05,0.00011999999696854502
7.864999902377583e-05,7.999999797903001e-05
7.865999902371505e-05,0.00011999999696854502
7.866999902365428e-05,0.00011999999696854502
7.86799990235935e-05,0.00011999999696854502
7.868999902353273e-05,0.00011999999696854502
7.869999902347195e-05,0.00011999999696854502
7.870999902341118e-05,0.00011999999696854502
7.87199990233504e-05,0.00011999999696854502
7.872999902328963e-05,0.00011999999696854502
7.873999902322885e-05,0.00011999999696854502
7.874999902316808e-05,0.00011999999696854502
7.87599990231073e-05,0.00011999999696854502
7.876999902304653e-05,0.00011999999696854502
7.877999902298576e-05,0.00011999999696854502
7.878999902292498e-05,0.00011999999696854502
7.87999990228642e-05,0.00011999999696854502
7.880999902280343e-05,0.00011999999696854502
7.881999902274266e-05,0.00011999999696854502
7.882999902268188e-05,0.00011999999696854502
7.883999902262111e-05,0.00015999999595806003
7.884999902256033e-05,0.00011999999696854502
7.885999902249956e-05,0.00011999999696854502
7.886999902243878e-05,0.00011999999696854502
7.887999902237801e-05,0.00011999999696854502
7.888999902231723e-05,0.00011999999696854502
7.889999902225646e-05,0.00011999999696854502
7.890999902219568e-05,0.00011999999696854502
7.891999902213491e-05,0.00011999999696854502
7.892999902207413e-05,0.00011999999696854502
7.893999902201336e-05,0.00011999999696854502
7.894999902195259e-05,0.00011999999696854502
7.895999902189181e-05,0.00011999999696854502
7.896999902183104e-05,0.00011999999696854502
7.897999902177026e-05,0.00011999999696854502
7.898999902170949e-05,0.00011999999696854502
7.899999902164871e-05,0.00011999999696854502
7.900999902158794e-05,0.00011999999696854502
7.901999902152716e-05,0.00011999999696854502
7.902999902146639e-05,0.00011999999696854502
7.903999902140561e-05,0.00011999999696854502
7.904999902134484e-05,0.00011999999696854502
7.905999902128406e-05,0.00011999999696854502
7.906999902122329e-05,0.00011999999696854502
7.907999902116251e-05,0.00011999999696854502
7.908999902110174e-05,0.00011999999696854502
7.909999902104096e-05,0.00011999999696854502
7.910999902098019e-05,0.00011999999696854502
7.911999902091942e-05,0.00011999999696854502
7.912999902085864e-05,0.00011999999696854502
7.913999902079787e-05,0.00011999999696854502
7.914999902073709e-05,0.00011999999696854502
7.915999902067632e-05,0.00011999999696854502
7.916999902061554e-05,0.00011999999696854502
7.917999902055477e-05,0.00011999999696854502
7.918999902049399e-05,0.00011999999696854502
7.919999902043322e-05,0.00011999999696854502
7.920999902037244e-05,0.00011999999696854502
7.921999902031167e-05,0.00011999999696854502
7.92299990202509e-05,0.00011999999696854502
7.923999902019012e-05,0.00011999999696854502
7.924999902012934e-05,0.00011999999696854502
7.925999902006857e-05,0.00011999999696854502
7.92699990200078e-05,0.00011999999696854502
7.927999901994702e-05,0.00011999999696854502
7.928999901988625e-05,0.00011999999696854502
7.929999901982547e-05,0.00011999999696854502
7.93099990197647e-05,0.00011999999696854502
7.931999901970392e-05,0.00011999999696854502
7.932999901964315e-05,0.00011999999696854502
7.933999901958237e-05,0.00011999999696854502
7.93499990195216e-05,0.00011999999696854502
7.935999901946082e-05,0.00011999999696854502
7.936999901940005e-05,0.00015999999595806003
7.937999901933927e-05,0.00011999999696854502
7.93899990192785e-05,0.00011999999696854502
7.939999901921772e-05,0.00011999999696854502
7.940999901915695e-05,0.00015999999595806003
7.941999901909617e-05,0.00011999999696854502
7.94299990190354e-05,0.00011999999696854502
7.943999901897462e-05,0.00011999999696854502
7.944999901891385e-05,0.00015999999595806003
7.945999901885308e-05,0.00011999999696854502
7.94699990187923e-05,0.00011999999696854502
7.947999901873153e-05,0.00011999999696854502
7.948999901867075e-05,0.00011999999696854502
7.949999901860998e-05,0.00011999999696854502
7.95099990185492e-05,0.00011999999696854502
7.951999901848843e-05,0.00011999999696854502
7.952999901842765e-05,0.00015999999595806003
7.953999901836688e-05,0.00011999999696854502
7.95499990183061e-05,0.00011999999696854502
7.955999901824533e-05,0.00011999999696854502
7.956999901818455e-05,0.00011999999696854502
7.957999901812378e-05,0.00011999999696854502
7.9589999018063e-05,0.00011999999696854502
7.959999901800223e-05,0.00011999999696854502
7.960999901794145e-05,0.00011999999696854502
7.961999901788068e-05,0.00011999999696854502
7.96299990178199e-05,0.00011999999696854502
7.963999901775913e-05,0.00011999999696854502
7.964999901769836e-05,0.00011999999696854502
7.965999901763758e-05,0.00011999999696854502
7.96699990175768e-05,0.00011999999696854502
7.967999901751603e-05,0.00011999999696854502
7.968999901745526e-05,0.00011999999696854502
7.969999901739448e-05,0.00011999999696854502
7.970999901733371e-05,0.00011999999696854502
7.971999901727293e-05,0.00011999999696854502
7.972999901721216e-05,0.00011999999696854502
7.973999901715138e-05,0.00011999999696854502
7.974999901709061e-05,7.999999797903001e-05
7.975999901702983e-05,0.00011999999696854502
7.976999901696906e-05,0.00011999999696854502
7.977999901690828e-05,0.00011999999696854502
7.978999901684751e-05,0.00011999999696854502
7.979999901678674e-05,0.00011999999696854502
7.980999901672596e-05,0.00011999999696854502
7.981999901666519e-05,0.00011999999696854502
7.982999901660441e-05,0.00011999999696854502
7.983999901654364e-05,0.00011999999696854502
7.984999901648286e-05,0.00011999999696854502
7.985999901642209e-05,0.00011999999696854502
7.986999901636131e-05,0.00011999999696854502
7.987999901630054e-05,0.00011999999696854502
7.988999901623976e-05,0.00011999999696854502
7.989999901617899e-05,0.00015999999595806003
7.990999901611821e-05,0.00011999999696854502
7.991999901605744e-05,0.00011999999696854502
7.992999901599666e-05,0.00011999999696854502
7.993999901593589e-05,0.00011999999696854502
7.994999901587511e-05,0.00011999999696854502
7.995999901581434e-05,0.00011999999696854502
7.996999901575356e-05,0.00011999999696854502
7.997999901569279e-05,0.00011999999696854502
7.998999901563202e-05,0.00011999999696854502
7.999999901557124e-05,0.00011999999696854502
8.000999901551047e-05,0.00015999999595806003
8.001999901544969e-05,0.00011999999696854502
8.002999901538892e-05,0.00011999999696854502
8.003999901532814e-05,0.00011999999696854502
8.004999901526737e-05,0.00011999999696854502
8.005999901520659e-05,0.00015999999595806003
8.006999901514582e-05,0.00011999999696854502
8.007999901508504e-05,0.00011999999696854502
8.008999901502427e-05,0.00011999999696854502
8.00999990149635e-05,0.00011999999696854502
8.010999901490272e-05,0.00011999999696854502
8.011999901484194e-05,0.00011999999696854502
8.012999901478117e-05,0.00011999999696854502
8.01399990147204e-05,0.00011999999696854502
8.014999901465962e-05,0.00011999999696854502
8.015999901459885e-05,0.00011999999696854502
8.016999901453807e-05,0.00011999999696854502
8.01799990144773e-05,0.00011999999696854502
8.018999901441652e-05,0.00011999999696854502
8.019999901435575e-05,0.00011999999696854502
8.020999901429497e-05,7.999999797903001e-05
8.02199990142342e-05,0.00011999999696854502
8.022999901417342e-05,0.00015999999595806003
8.023999901411265e-05,0.00011999999696854502
8.024999901405187e-05,0.00011999999696854502
8.02599990139911e-05,0.00011999999696854502
8.026999901393032e-05,0.00011999999696854502
8.027999901386955e-05,0.00011999999696854502
8.028999901380877e-05,0.00011999999696854502
8.0299999013748e-05,0.00011999999696854502
8.030999901368722e-05,0.00011999999696854502
8.031999901362645e-05,0.00011999999696854502
8.032999901356568e-05,0.00011999999696854502
8.03399990135049e-05,0.00011999999696854502
8.034999901344413e-05,0.00011999999696854502
8.035999901338335e-05,0.00011999999696854502
8.036999901332258e-05,0.00011999999696854502
8.03799990132618e-05,0.00011999999696854502
8.038999901320103e-05,0.00011999999696854502
8.039999901314025e-05,0.00011999999696854502
8.040999901307948e-05,0.00011999999696854502
8.04199990130187e-05,0.00011999999696854502
8.042999901295793e-05,0.00011999999696854502
8.043999901289715e-05,0.00011999999696854502
8.044999901283638e-05,0.00011999999696854502
8.04599990127756e-05,0.00011999999696854502
8.046999901271483e-05,0.00011999999696854502
8.047999901265405e-05,0.00011999999696854502
8.048999901259328e-05,0.00011999999696854502
8.04999990125325e-05,0.00011999999696854502
8.050999901247173e-05,0.00011999999696854502
8.051999901241096e-05,0.00011999999696854502
8.052999901235018e-05,0.00011999999696854502
8.05399990122894e-05,0.00011999999696854502
8.054999901222863e-05,0.00011999999696854502
8.055999901216786e-05,0.00011999999696854502
8.056999901210708e-05,0.00011999999696854502
8.057999901204631e-05,0.00011999999696854502
8.058999901198553e-05,0.00011999999696854502
8.059999901192476e-05,0.00011999999696854502
8.060999901186398e-05,0.00011999999696854502
8.061999901180321e-05,0.00011999999696854502
8.062999901174243e-05,0.00011999999696854502
8.063999901168166e-05,0.00011999999696854502
8.064999901162088e-05,0.00011999999696854502
8.065999901156011e-05,0.00011999999696854502
8.066999901149934e-05,0.00011999999696854502
8.067999901143856e-05,0.00011999999696854502
8.068999901137779e-05,0.00011999999696854502
8.069999901131701e-05,0.00011999999696854502
8.070999901125624e-05,0.00011999999696854502
8.071999901119546e-05,0.00011999999696854502
8.072999901113469e-05,0.00011999999696854502
8.073999901107391e-05,0.00011999999696854502
8.074999901101314e-05,0.00011999999696854502
8.075999901095236e-05,0.00015999999595806003
8.076999901089159e-05,0.00011999999696854502
8.077999901083081e-05,0.00011999999696854502
8.078999901077004e-05,0.00011999999696854502
8.079999901070926e-05,0.00011999999696854502
8.080999901064849e-05,0.00011999999696854502
8.081999901058771e-05,0.00011999999696854502
8.082999901052694e-05,0.00011999999696854502
8.083999901046617e-05,0.00011999999696854502
8.084999901040539e-05,7.999999797903001e-05
8.085999901034462e-05,0.00011999999696854502
8.086999901028384e-05,0.00011999999696854502
8.087999901022307e-05,0.00011999999696854502
8.088999901016229e-05,0.00011999999696854502
8.089999901010152e-05,0.00011999999696854502
8.090999901004074e-05,0.00011999999696854502
8.091999900997997e-05,0.00011999999696854502
8.092999900991919e-05,0.00011999999696854502
8.093999900985842e-05,0.00011999999696854502
8.094999900979764e-05,0.00011999999696854502
8.095999900973687e-05,0.00011999999696854502
8.09699990096761e-05,0.00011999999696854502
8.097999900961532e-05,0.00011999999696854502
8.098999900955454e-05,0.00011999999696854502
8.099999900949377e-05,0.00015999999595806003
8.1009999009433e-05,0.00011999999696854502
8.101999900937222e-05,0.00011999999696854502
8.102999900931145e-05,0.00011999999696854502
8.103999900925067e-05,0.00015999999595806003
8.10499990091899e-05,0.00011999999696854502
8.105999900912912e-05,0.00011999999696854502
8.106999900906835e-05,0.00011999999696854502
8.107999900900757e-05,0.00011999999696854502
8.10899990089468e-05,0.00011999999696854502
8.109999900888602e-05,0.00011999999696854502
8.110999900882525e-05,0.00011999999696854502
8.111999900876447e-05,0.00015999999595806003
8.11299990087037e-05,0.00011999999696854502
8.113999900864292e-05,0.00011999999696854502
8.114999900858215e-05,0.00011999999696854502
8.115999900852137e-05,0.00011999999696854502
8.11699990084606e-05,0.00011999999696854502
8.117999900839983e-05,0.00011999999696854502
8.118999900833905e-05,0.00011999999696854502
8.119999900827828e-05,0.00011999999696854502
8.12099990082175e-05,0.00011999999696854502
8.121999900815673e-05,0.00011999999696854502
8.122999900809595e-05,0.00011999999696854502
8.123999900803518e-05,0.00015999999595806003
8.12499990079744e-05,0.00011999999696854502
8.125999900791363e-05,0.00011999999696854502
8.126999900785285e-05,0.00011999999696854502
8.127999900779208e-05,0.00011999999696854502
8.12899990077313e-05,0.00011999999696854502
8.129999900767053e-05,0.00011999999696854502
8.130999900760975e-05,0.00011999999696854502
8.131999900754898e-05,0.00011999999696854502
8.13299990074882e-05,0.00011999999696854502
8.133999900742743e-05,0.00011999999696854502
8.134999900736666e-05,0.00011999999696854502
8.135999900730588e-05,0.00011999999696854502
8.13699990072451e-05,0.00011999999696854502
8.137999900718433e-05,0.00011999999696854502
8.138999900712356e-05,0.00011999999696854502
8.139999900706278e-05,0.00011999999696854502
8.1409999007002e-05,0.00011999999696854502
8.141999900694123e-05,0.00011999999696854502
8.142999900688046e-05,0.00011999999696854502
8.143999900681968e-05,0.00011999999696854502
8.144999900675891e-05,0.00011999999696854502
8.145999900669813e-05,0.00011999999696854502
8.146999900663736e-05,0.00011999999696854502
8.147999900657658e-05,0.00011999999696854502
8.148999900651581e-05,0.00011999999696854502
8.149999900645503e-05,0.00011999999696854502
8.150999900639426e-05,0.00011999999696854502
8.151999900633348e-05,0.00011999999696854502
8.152999900627271e-05,0.00015999999595806003
8.153999900621194e-05,0.00011999999696854502
8.154999900615116e-05,0.00011999999696854502
8.155999900609039e-05,0.00011999999696854502
8.156999900602961e-05,0.00011999999696854502
8.157999900596884e-05,0.00011999999696854502
8.158999900590806e-05,0.00011999999696854502
8.159999900584729e-05,0.00011999999696854502
8.160999900578651e-05,0.00011999999696854502
8.161999900572574e-05,0.00011999999696854502
8.162999900566496e-05,0.00011999999696854502
8.163999900560419e-05,0.00011999999696854502
8.164999900554341e-05,0.00011999999696854502
8.165999900548264e-05,0.00011999999696854502
8.166999900542186e-05,0.00011999999696854502
8.167999900536109e-05,0.00011999999696854502
8.168999900530031e-05,0.00011999999696854502
8.169999900523954e-05,0.00011999999696854502
8.170999900517877e-05,0.00011999999696854502
8.171999900511799e-05,0.00011999999696854502
8.172999900505722e-05,0.00011999999696854502
8.173999900499644e-05,0.00011999999696854502
8.174999900493567e-05,0.00011999999696854502
8.175999900487489e-05,0.00011999999696854502
8.176999900481412e-05,0.00011999999696854502
8.177999900475334e-05,0.00011999999696854502
8.178999900469257e-05,0.00011999999696854502
8.179999900463179e-05,0.00011999999696854502
8.180999900457102e-05,0.00011999999696854502
8.181999900451024e-05,0.00011999999696854502
8.182999900444947e-05,0.00015999999595806003
8.18399990043887e-05,-0.0032799999171402305
8.184999900432792e-05,-0.005119999870657921
