Time (s),Voltage (V)
-8.208e-05,0.00011999999696854502
-8.207000000006077e-05,7.999999797903001e-05
-8.206000000012155e-05,0.00011999999696854502
-8.205000000018232e-05,7.999999797903001e-05
-8.20400000002431e-05,0.00011999999696854502
-8.203000000030387e-05,0.00011999999696854502
-8.202000000036465e-05,7.999999797903001e-05
-8.201000000042542e-05,7.999999797903001e-05
-8.20000000004862e-05,0.00011999999696854502
-8.199000000054697e-05,0.00011999999696854502
-8.198000000060775e-05,7.999999797903001e-05
-8.197000000066852e-05,0.00011999999696854502
-8.19600000007293e-05,0.00011999999696854502
-8.195000000079007e-05,0.00011999999696854502
-8.194000000085085e-05,7.999999797903001e-05
-8.193000000091162e-05,7.999999797903001e-05
-8.19200000009724e-05,7.999999797903001e-05
-8.191000000103317e-05,0.00019999999494757503
-8.190000000109394e-05,0.00023999999393709004
-8.189000000115472e-05,-3.9999998989515007e-05
-8.18800000012155e-05,-3.9999998989515007e-05
-8.187000000127627e-05,0.00015999999595806003
-8.186000000133704e-05,0.00015999999595806003
-8.185000000139782e-05,0.00019999999494757503
-8.184000000145859e-05,0.00015999999595806003
-8.183000000151937e-05,3.9999998989515007e-05
-8.182000000158014e-05,3.9999998989515007e-05
-8.181000000164092e-05,0.00011999999696854502
-8.180000000170169e-05,0.00015999999595806003
-8.179000000176247e-05,0.00011999999696854502
-8.178000000182324e-05,3.9999998989515007e-05
-8.177000000188402e-05,7.999999797903001e-05
-8.176000000194479e-05,0.00015999999595806003
-8.175000000200557e-05,0.00011999999696854502
-8.174000000206634e-05,3.9999998989515007e-05
-8.173000000212712e-05,0.00011999999696854502
-8.172000000218789e-05,0.00015999999595806003
-8.171000000224866e-05,0.00011999999696854502
-8.170000000230944e-05,3.9999998989515007e-05
-8.169000000237021e-05,7.999999797903001e-05
-8.168000000243099e-05,0.00015999999595806003
-8.167000000249176e-05,0.00011999999696854502
-8.166000000255254e-05,3.9999998989515007e-05
-8.165000000261331e-05,7.999999797903001e-05
-8.164000000267409e-05,0.00011999999696854502
-8.163000000273486e-05,0.00015999999595806003
-8.162000000279564e-05,7.999999797903001e-05
-8.161000000285641e-05,7.999999797903001e-05
-8.160000000291719e-05,0.00011999999696854502
-8.159000000297796e-05,7.999999797903001e-05
-8.158000000303874e-05,7.999999797903001e-05
-8.157000000309951e-05,0.00011999999696854502
-8.156000000316029e-05,0.00011999999696854502
-8.155000000322106e-05,0.00011999999696854502
-8.154000000328183e-05,7.999999797903001e-05
-8.153000000334261e-05,7.999999797903001e-05
-8.152000000340338e-05,7.999999797903001e-05
-8.151000000346416e-05,0.00011999999696854502
-8.150000000352493e-05,0.00011999999696854502
-8.149000000358571e-05,7.999999797903001e-05
-8.148000000364648e-05,7.999999797903001e-05
-8.147000000370726e-05,7.999999797903001e-05
-8.146000000376803e-05,7.999999797903001e-05
-8.145000000382881e-05,7.999999797903001e-05
-8.144000000388958e-05,0.00011999999696854502
-8.143000000395036e-05,7.999999797903001e-05
-8.142000000401113e-05,7.999999797903001e-05
-8.14100000040719e-05,7.999999797903001e-05
-8.140000000413268e-05,0.00011999999696854502
-8.139000000419346e-05,7.999999797903001e-05
-8.138000000425423e-05,0.00011999999696854502
-8.1370000004315e-05,0.00011999999696854502
-8.136000000437578e-05,7.999999797903001e-05
-8.135000000443655e-05,7.999999797903001e-05
-8.134000000449733e-05,7.999999797903001e-05
-8.13300000045581e-05,0.00011999999696854502
-8.132000000461888e-05,0.00011999999696854502
-8.131000000467965e-05,0.00011999999696854502
-8.130000000474043e-05,7.999999797903001e-05
-8.12900000048012e-05,0.00011999999696854502
-8.128000000486198e-05,7.999999797903001e-05
-8.127000000492275e-05,7.999999797903001e-05
-8.126000000498353e-05,0.00011999999696854502
-8.12500000050443e-05,7.999999797903001e-05
-8.124000000510508e-05,0.00011999999696854502
-8.123000000516585e-05,7.999999797903001e-05
-8.122000000522663e-05,7.999999797903001e-05
-8.12100000052874e-05,0.00011999999696854502
-8.120000000534817e-05,0.00011999999696854502
-8.119000000540895e-05,7.999999797903001e-05
-8.118000000546972e-05,7.999999797903001e-05
-8.11700000055305e-05,7.999999797903001e-05
-8.116000000559127e-05,7.999999797903001e-05
-8.115000000565205e-05,7.999999797903001e-05
-8.114000000571282e-05,0.00011999999696854502
-8.11300000057736e-05,0.00011999999696854502
-8.112000000583437e-05,7.999999797903001e-05
-8.111000000589515e-05,7.999999797903001e-05
-8.110000000595592e-05,7.999999797903001e-05
-8.10900000060167e-05,7.999999797903001e-05
-8.108000000607747e-05,7.999999797903001e-05
-8.107000000613825e-05,0.00011999999696854502
-8.106000000619902e-05,0.00011999999696854502
-8.10500000062598e-05,7.999999797903001e-05
-8.104000000632057e-05,7.999999797903001e-05
-8.103000000638134e-05,7.999999797903001e-05
-8.102000000644212e-05,7.999999797903001e-05
-8.10100000065029e-05,7.999999797903001e-05
-8.100000000656367e-05,0.00011999999696854502
-8.099000000662444e-05,7.999999797903001e-05
-8.098000000668522e-05,7.999999797903001e-05
-8.097000000674599e-05,7.999999797903001e-05
-8.096000000680677e-05,7.999999797903001e-05
-8.095000000686754e-05,7.999999797903001e-05
-8.094000000692832e-05,7.999999797903001e-05
-8.093000000698909e-05,0.00011999999696854502
-8.092000000704987e-05,0.00011999999696854502
-8.091000000711064e-05,0.00011999999696854502
-8.090000000717142e-05,7.999999797903001e-05
-8.089000000723219e-05,7.999999797903001e-05
-8.088000000729297e-05,7.999999797903001e-05
-8.087000000735374e-05,0.00011999999696854502
-8.086000000741451e-05,0.00011999999696854502
-8.085000000747529e-05,0.00011999999696854502
-8.084000000753606e-05,7.999999797903001e-05
-8.083000000759684e-05,0.00011999999696854502
-8.082000000765761e-05,7.999999797903001e-05
-8.081000000771839e-05,7.999999797903001e-05
-8.080000000777916e-05,7.999999797903001e-05
-8.079000000783994e-05,0.00011999999696854502
-8.078000000790071e-05,0.00011999999696854502
-8.077000000796149e-05,7.999999797903001e-05
-8.076000000802226e-05,7.999999797903001e-05
-8.075000000808304e-05,0.00011999999696854502
-8.074000000814381e-05,0.00011999999696854502
-8.073000000820459e-05,7.999999797903001e-05
-8.072000000826536e-05,7.999999797903001e-05
-8.071000000832614e-05,7.999999797903001e-05
-8.070000000838691e-05,0.00011999999696854502
-8.069000000844768e-05,0.00011999999696854502
-8.068000000850846e-05,0.00011999999696854502
-8.067000000856923e-05,0.00011999999696854502
-8.066000000863001e-05,0.00011999999696854502
-8.065000000869078e-05,7.999999797903001e-05
-8.064000000875156e-05,0.00011999999696854502
-8.063000000881233e-05,7.999999797903001e-05
-8.062000000887311e-05,0.00011999999696854502
-8.061000000893388e-05,7.999999797903001e-05
-8.060000000899466e-05,7.999999797903001e-05
-8.059000000905543e-05,0.00011999999696854502
-8.05800000091162e-05,0.00011999999696854502
-8.057000000917698e-05,0.00011999999696854502
-8.056000000923776e-05,7.999999797903001e-05
-8.055000000929853e-05,7.999999797903001e-05
-8.05400000093593e-05,0.00011999999696854502
-8.053000000942008e-05,0.00011999999696854502
-8.052000000948085e-05,7.999999797903001e-05
-8.051000000954163e-05,0.00011999999696854502
-8.05000000096024e-05,7.999999797903001e-05
-8.049000000966318e-05,7.999999797903001e-05
-8.048000000972395e-05,7.999999797903001e-05
-8.047000000978473e-05,7.999999797903001e-05
-8.04600000098455e-05,0.00011999999696854502
-8.045000000990628e-05,0.00011999999696854502
-8.044000000996705e-05,7.999999797903001e-05
-8.043000001002783e-05,7.999999797903001e-05
-8.04200000100886e-05,0.00011999999696854502
-8.041000001014938e-05,0.00011999999696854502
-8.040000001021015e-05,0.00011999999696854502
-8.039000001027093e-05,0.00011999999696854502
-8.03800000103317e-05,0.00011999999696854502
-8.037000001039248e-05,0.00011999999696854502
-8.036000001045325e-05,0.00011999999696854502
-8.035000001051402e-05,0.00011999999696854502
-8.03400000105748e-05,7.999999797903001e-05
-8.033000001063557e-05,0.00011999999696854502
-8.032000001069635e-05,0.00011999999696854502
-8.031000001075712e-05,0.00011999999696854502
-8.03000000108179e-05,7.999999797903001e-05
-8.029000001087867e-05,0.00011999999696854502
-8.028000001093945e-05,0.00011999999696854502
-8.027000001100022e-05,7.999999797903001e-05
-8.0260000011061e-05,7.999999797903001e-05
-8.025000001112177e-05,7.999999797903001e-05
-8.024000001118255e-05,0.00011999999696854502
-8.023000001124332e-05,0.00011999999696854502
-8.02200000113041e-05,0.00011999999696854502
-8.021000001136487e-05,0.00011999999696854502
-8.020000001142565e-05,0.00011999999696854502
-8.019000001148642e-05,0.00011999999696854502
-8.01800000115472e-05,7.999999797903001e-05
-8.017000001160797e-05,0.00011999999696854502
-8.016000001166874e-05,0.00011999999696854502
-8.015000001172952e-05,7.999999797903001e-05
-8.01400000117903e-05,0.00011999999696854502
-8.013000001185107e-05,0.00011999999696854502
-8.012000001191184e-05,0.00011999999696854502
-8.011000001197262e-05,0.00011999999696854502
-8.010000001203339e-05,0.00011999999696854502
-8.009000001209417e-05,7.999999797903001e-05
-8.008000001215494e-05,0.00011999999696854502
-8.007000001221572e-05,0.00011999999696854502
-8.006000001227649e-05,7.999999797903001e-05
-8.005000001233727e-05,0.00011999999696854502
-8.004000001239804e-05,0.00011999999696854502
-8.003000001245882e-05,7.999999797903001e-05
-8.002000001251959e-05,0.00011999999696854502
-8.001000001258037e-05,0.00011999999696854502
-8.000000001264114e-05,0.00011999999696854502
-7.999000001270191e-05,0.00011999999696854502
-7.998000001276269e-05,7.999999797903001e-05
-7.997000001282346e-05,0.00011999999696854502
-7.996000001288424e-05,0.00011999999696854502
-7.995000001294501e-05,0.00011999999696854502
-7.994000001300579e-05,0.00011999999696854502
-7.993000001306656e-05,7.999999797903001e-05
-7.992000001312734e-05,7.999999797903001e-05
-7.991000001318811e-05,0.00011999999696854502
-7.990000001324889e-05,0.00011999999696854502
-7.989000001330966e-05,0.00011999999696854502
-7.988000001337044e-05,0.00011999999696854502
-7.987000001343121e-05,0.00011999999696854502
-7.986000001349199e-05,7.999999797903001e-05
-7.985000001355276e-05,0.00011999999696854502
-7.984000001361354e-05,0.00011999999696854502
-7.983000001367431e-05,0.00011999999696854502
-7.982000001373508e-05,0.00011999999696854502
-7.981000001379586e-05,0.00011999999696854502
-7.980000001385663e-05,0.00011999999696854502
-7.979000001391741e-05,0.00011999999696854502
-7.978000001397818e-05,0.00011999999696854502
-7.977000001403896e-05,0.00011999999696854502
-7.976000001409973e-05,0.00011999999696854502
-7.975000001416051e-05,0.00011999999696854502
-7.974000001422128e-05,0.00011999999696854502
-7.973000001428206e-05,0.00011999999696854502
-7.972000001434283e-05,0.00011999999696854502
-7.97100000144036e-05,0.00011999999696854502
-7.970000001446438e-05,0.00011999999696854502
-7.969000001452516e-05,0.00011999999696854502
-7.968000001458593e-05,0.00011999999696854502
-7.96700000146467e-05,7.999999797903001e-05
-7.966000001470748e-05,7.999999797903001e-05
-7.965000001476825e-05,0.00011999999696854502
-7.964000001482903e-05,0.00011999999696854502
-7.96300000148898e-05,0.00011999999696854502
-7.962000001495058e-05,0.00011999999696854502
-7.961000001501135e-05,0.00011999999696854502
-7.960000001507213e-05,0.00011999999696854502
-7.95900000151329e-05,0.00011999999696854502
-7.958000001519368e-05,0.00011999999696854502
-7.957000001525445e-05,0.00011999999696854502
-7.956000001531523e-05,0.00011999999696854502
-7.9550000015376e-05,0.00011999999696854502
-7.954000001543678e-05,0.00011999999696854502
-7.953000001549755e-05,0.00011999999696854502
-7.952000001555833e-05,0.00011999999696854502
-7.95100000156191e-05,0.00011999999696854502
-7.950000001567988e-05,0.00011999999696854502
-7.949000001574065e-05,0.00011999999696854502
-7.948000001580142e-05,0.00011999999696854502
-7.94700000158622e-05,0.00011999999696854502
-7.946000001592297e-05,0.00011999999696854502
-7.945000001598375e-05,0.00011999999696854502
-7.944000001604452e-05,0.00011999999696854502
-7.94300000161053e-05,0.00011999999696854502
-7.942000001616607e-05,0.00011999999696854502
-7.941000001622685e-05,0.00011999999696854502
-7.940000001628762e-05,0.00011999999696854502
-7.93900000163484e-05,0.00011999999696854502
-7.938000001640917e-05,0.00011999999696854502
-7.937000001646995e-05,0.00011999999696854502
-7.936000001653072e-05,0.00011999999696854502
-7.93500000165915e-05,0.00011999999696854502
-7.934000001665227e-05,0.00011999999696854502
-7.933000001671305e-05,0.00011999999696854502
-7.932000001677382e-05,0.00011999999696854502
-7.93100000168346e-05,0.00015999999595806003
-7.930000001689537e-05,0.00011999999696854502
-7.929000001695614e-05,0.00011999999696854502
-7.928000001701692e-05,0.00011999999696854502
-7.92700000170777e-05,0.00015999999595806003
-7.926000001713847e-05,0.00011999999696854502
-7.925000001719924e-05,0.00011999999696854502
-7.924000001726002e-05,0.00011999999696854502
-7.923000001732079e-05,0.00011999999696854502
-7.922000001738157e-05,0.00011999999696854502
-7.921000001744234e-05,0.00011999999696854502
-7.920000001750312e-05,0.00011999999696854502
-7.919000001756389e-05,0.00015999999595806003
-7.918000001762467e-05,0.00011999999696854502
-7.917000001768544e-05,0.00011999999696854502
-7.916000001774622e-05,0.00011999999696854502
-7.915000001780699e-05,0.00015999999595806003
-7.914000001786776e-05,0.00011999999696854502
-7.913000001792854e-05,0.00011999999696854502
-7.912000001798931e-05,0.00015999999595806003
-7.911000001805009e-05,0.00015999999595806003
-7.910000001811086e-05,0.00015999999595806003
-7.909000001817164e-05,0.00011999999696854502
-7.908000001823241e-05,0.00015999999595806003
-7.907000001829319e-05,0.00015999999595806003
-7.906000001835396e-05,0.00015999999595806003
-7.905000001841474e-05,0.00011999999696854502
-7.904000001847551e-05,0.00015999999595806003
-7.903000001853629e-05,0.00015999999595806003
-7.902000001859706e-05,0.00015999999595806003
-7.901000001865784e-05,0.00015999999595806003
-7.900000001871861e-05,0.00015999999595806003
-7.899000001877939e-05,0.00015999999595806003
-7.898000001884016e-05,0.00015999999595806003
-7.897000001890093e-05,0.00015999999595806003
-7.896000001896171e-05,0.00015999999595806003
-7.895000001902248e-05,0.00015999999595806003
-7.894000001908326e-05,0.00019999999494757503
-7.893000001914403e-05,0.00015999999595806003
-7.892000001920481e-05,0.00015999999595806003
-7.891000001926558e-05,0.00015999999595806003
-7.890000001932636e-05,0.00015999999595806003
-7.889000001938713e-05,0.00015999999595806003
-7.888000001944791e-05,0.00015999999595806003
-7.887000001950868e-05,0.00019999999494757503
-7.886000001956946e-05,0.00019999999494757503
-7.885000001963023e-05,0.00015999999595806003
-7.8840000019691e-05,0.00015999999595806003
-7.883000001975178e-05,0.00019999999494757503
-7.882000001981256e-05,0.00019999999494757503
-7.881000001987333e-05,0.00019999999494757503
-7.88000000199341e-05,0.00015999999595806003
-7.879000001999488e-05,0.00015999999595806003
-7.878000002005565e-05,0.00019999999494757503
-7.877000002011643e-05,0.00015999999595806003
-7.87600000201772e-05,0.00015999999595806003
-7.875000002023798e-05,0.00019999999494757503
-7.874000002029875e-05,0.00019999999494757503
-7.873000002035953e-05,0.00019999999494757503
-7.87200000204203e-05,0.00019999999494757503
-7.871000002048108e-05,0.00019999999494757503
-7.870000002054185e-05,0.00019999999494757503
-7.869000002060263e-05,0.00019999999494757503
-7.86800000206634e-05,0.00019999999494757503
-7.867000002072418e-05,0.00019999999494757503
-7.866000002078495e-05,0.00019999999494757503
-7.865000002084573e-05,0.00019999999494757503
-7.86400000209065e-05,0.00019999999494757503
-7.863000002096728e-05,0.00019999999494757503
-7.862000002102805e-05,0.00019999999494757503
-7.861000002108882e-05,0.00019999999494757503
-7.86000000211496e-05,0.00019999999494757503
-7.859000002121037e-05,0.00019999999494757503
-7.858000002127115e-05,0.00023999999393709004
-7.857000002133192e-05,0.00023999999393709004
-7.85600000213927e-05,0.00023999999393709004
-7.855000002145347e-05,0.00019999999494757503
-7.854000002151425e-05,0.00023999999393709004
-7.853000002157502e-05,0.00023999999393709004
-7.85200000216358e-05,0.00023999999393709004
-7.851000002169657e-05,0.00023999999393709004
-7.850000002175735e-05,0.00023999999393709004
-7.849000002181812e-05,0.00023999999393709004
-7.84800000218789e-05,0.00023999999393709004
-7.847000002193967e-05,0.00023999999393709004
-7.846000002200045e-05,0.00023999999393709004
-7.845000002206122e-05,0.00023999999393709004
-7.8440000022122e-05,0.00023999999393709004
-7.843000002218277e-05,0.00023999999393709004
-7.842000002224354e-05,0.00023999999393709004
-7.841000002230432e-05,0.00023999999393709004
-7.84000000223651e-05,0.00023999999393709004
-7.839000002242587e-05,0.00023999999393709004
-7.838000002248664e-05,0.00027999999292660505
-7.837000002254742e-05,0.00023999999393709004
-7.836000002260819e-05,0.00023999999393709004
-7.835000002266897e-05,0.00023999999393709004
-7.834000002272974e-05,0.00027999999292660505
-7.833000002279052e-05,0.00027999999292660505
-7.832000002285129e-05,0.00027999999292660505
-7.831000002291207e-05,0.00027999999292660505
-7.830000002297284e-05,0.00027999999292660505
-7.829000002303362e-05,0.00027999999292660505
-7.828000002309439e-05,0.00027999999292660505
-7.827000002315516e-05,0.00031999999191612005
-7.826000002321594e-05,0.00031999999191612005
-7.825000002327671e-05,0.00027999999292660505
-7.824000002333749e-05,0.00027999999292660505
-7.823000002339826e-05,0.00027999999292660505
-7.822000002345904e-05,0.00031999999191612005
-7.821000002351981e-05,0.00031999999191612005
-7.820000002358059e-05,0.00031999999191612005
-7.819000002364136e-05,0.00027999999292660505
-7.818000002370214e-05,0.00031999999191612005
-7.817000002376291e-05,0.00031999999191612005
-7.816000002382369e-05,0.00031999999191612005
-7.815000002388446e-05,0.00031999999191612005
-7.814000002394524e-05,0.00031999999191612005
-7.813000002400601e-05,0.00031999999191612005
-7.812000002406679e-05,0.00035999999090563506
-7.811000002412756e-05,0.00035999999090563506
-7.810000002418833e-05,0.00031999999191612005
-7.809000002424911e-05,0.00035999999090563506
-7.808000002430988e-05,0.00035999999090563506
-7.807000002437066e-05,0.00035999999090563506
-7.806000002443143e-05,0.00031999999191612005
-7.805000002449221e-05,0.00035999999090563506
-7.804000002455298e-05,0.00039999998989515007
-7.803000002461376e-05,0.00035999999090563506
-7.802000002467453e-05,0.00035999999090563506
-7.801000002473531e-05,0.00035999999090563506
-7.800000002479608e-05,0.00035999999090563506
-7.799000002485686e-05,0.00035999999090563506
-7.798000002491763e-05,0.00039999998989515007
-7.79700000249784e-05,0.00039999998989515007
-7.796000002503918e-05,0.00039999998989515007
-7.795000002509996e-05,0.00039999998989515007
-7.794000002516073e-05,0.00039999998989515007
-7.79300000252215e-05,0.00039999998989515007
-7.792000002528228e-05,0.00039999998989515007
-7.791000002534305e-05,0.00039999998989515007
-7.790000002540383e-05,0.00039999998989515007
-7.78900000254646e-05,0.00039999998989515007
-7.788000002552538e-05,0.00043999998888466507
-7.787000002558615e-05,0.00039999998989515007
-7.786000002564693e-05,0.00043999998888466507
-7.78500000257077e-05,0.00039999998989515007
-7.784000002576848e-05,0.00039999998989515007
-7.783000002582925e-05,0.00043999998888466507
-7.782000002589003e-05,0.00043999998888466507
-7.78100000259508e-05,0.0004799999878741801
-7.780000002601158e-05,0.00043999998888466507
-7.779000002607235e-05,0.00043999998888466507
-7.778000002613313e-05,0.0004799999878741801
-7.77700000261939e-05,0.0004799999878741801
-7.776000002625467e-05,0.0004799999878741801
-7.775000002631545e-05,0.0004799999878741801
-7.774000002637622e-05,0.0004799999878741801
-7.7730000026437e-05,0.0004799999878741801
-7.772000002649777e-05,0.0004799999878741801
-7.771000002655855e-05,0.0005199999868636951
-7.770000002661932e-05,0.0004799999878741801
-7.76900000266801e-05,0.0005199999868636951
-7.768000002674087e-05,0.0004799999878741801
-7.767000002680165e-05,0.0005199999868636951
-7.766000002686242e-05,0.0005199999868636951
-7.76500000269232e-05,0.0005199999868636951
-7.764000002698397e-05,0.0005199999868636951
-7.763000002704475e-05,0.0005199999868636951
-7.762000002710552e-05,0.0005199999868636951
-7.76100000271663e-05,0.0005199999868636951
-7.760000002722707e-05,0.0005599999858532101
-7.759000002728784e-05,0.0005599999858532101
-7.758000002734862e-05,0.0005599999858532101
-7.75700000274094e-05,0.0005599999858532101
-7.756000002747017e-05,0.0005599999858532101
-7.755000002753094e-05,0.0005599999858532101
-7.754000002759172e-05,0.0005599999858532101
-7.753000002765249e-05,0.0005599999858532101
-7.752000002771327e-05,0.0005599999858532101
-7.751000002777404e-05,0.0005599999858532101
-7.750000002783482e-05,0.0005999999848427251
-7.749000002789559e-05,0.0005999999848427251
-7.748000002795637e-05,0.0005999999848427251
-7.747000002801714e-05,0.0005999999848427251
-7.746000002807792e-05,0.0005999999848427251
-7.745000002813869e-05,0.0005999999848427251
-7.744000002819947e-05,0.0005999999848427251
-7.743000002826024e-05,0.0005999999848427251
-7.742000002832101e-05,0.0005999999848427251
-7.741000002838179e-05,0.0006399999838322401
-7.740000002844256e-05,0.0006399999838322401
-7.739000002850334e-05,0.0006399999838322401
-7.738000002856411e-05,0.0006399999838322401
-7.737000002862489e-05,0.0006399999838322401
-7.736000002868566e-05,0.0006399999838322401
-7.735000002874644e-05,0.0006399999838322401
-7.734000002880721e-05,0.0006399999838322401
-7.733000002886799e-05,0.0006799999828217551
-7.732000002892876e-05,0.0006799999828217551
-7.731000002898954e-05,0.0006799999828217551
-7.730000002905031e-05,0.0006799999828217551
-7.729000002911109e-05,0.0006799999828217551
-7.728000002917186e-05,0.0007199999818112701
-7.727000002923264e-05,0.0007199999818112701
-7.726000002929341e-05,0.0006799999828217551
-7.725000002935418e-05,0.0007199999818112701
-7.724000002941496e-05,0.0007199999818112701
-7.723000002947573e-05,0.0007199999818112701
-7.722000002953651e-05,0.0007199999818112701
-7.721000002959728e-05,0.0007199999818112701
-7.720000002965806e-05,0.0007599999808007851
-7.719000002971883e-05,0.0007599999808007851
-7.718000002977961e-05,0.0007599999808007851
-7.717000002984038e-05,0.0007199999818112701
-7.716000002990116e-05,0.0007599999808007851
-7.715000002996193e-05,0.0007599999808007851
-7.714000003002271e-05,0.0007599999808007851
-7.713000003008348e-05,0.0007999999797903001
-7.712000003014426e-05,0.0007999999797903001
-7.711000003020503e-05,0.0007999999797903001
-7.71000000302658e-05,0.0007999999797903001
-7.709000003032658e-05,0.0007999999797903001
-7.708000003038736e-05,0.0007999999797903001
-7.707000003044813e-05,0.0007999999797903001
-7.70600000305089e-05,0.0007999999797903001
-7.705000003056968e-05,0.0007999999797903001
-7.704000003063045e-05,0.0007999999797903001
-7.703000003069123e-05,0.0008399999787798151
-7.7020000030752e-05,0.0008399999787798151
-7.701000003081278e-05,0.0008399999787798151
-7.700000003087355e-05,0.0008399999787798151
-7.699000003093433e-05,0.0008399999787798151
-7.69800000309951e-05,0.0008399999787798151
-7.697000003105588e-05,0.0008799999777693301
-7.696000003111665e-05,0.0008799999777693301
-7.695000003117743e-05,0.0008799999777693301
-7.69400000312382e-05,0.0008799999777693301
-7.693000003129898e-05,0.0008799999777693301
-7.692000003135975e-05,0.0008799999777693301
-7.691000003142053e-05,0.0008799999777693301
-7.69000000314813e-05,0.0009199999767588452
-7.689000003154207e-05,0.0008799999777693301
-7.688000003160285e-05,0.0009199999767588452
-7.687000003166362e-05,0.0009199999767588452
-7.68600000317244e-05,0.0008799999777693301
-7.685000003178517e-05,0.0009199999767588452
-7.684000003184595e-05,0.0009199999767588452
-7.683000003190672e-05,0.0009199999767588452
-7.68200000319675e-05,0.0009199999767588452
-7.681000003202827e-05,0.0009199999767588452
-7.680000003208905e-05,0.0009599999757483602
-7.679000003214982e-05,0.0009599999757483602
-7.67800000322106e-05,0.0009599999757483602
-7.677000003227137e-05,0.0009599999757483602
-7.676000003233215e-05,0.0009599999757483602
-7.675000003239292e-05,0.0009599999757483602
-7.67400000324537e-05,0.0009599999757483602
-7.673000003251447e-05,0.0009999999747378752
-7.672000003257524e-05,0.0009999999747378752
-7.671000003263602e-05,0.0009999999747378752
-7.67000000326968e-05,0.0009999999747378752
-7.669000003275757e-05,0.0009999999747378752
-7.668000003281834e-05,0.0009999999747378752
-7.667000003287912e-05,0.0009999999747378752
-7.666000003293989e-05,0.0009999999747378752
-7.665000003300067e-05,0.0009999999747378752
-7.664000003306144e-05,0.0009999999747378752
-7.663000003312222e-05,0.0010399999737273902
-7.662000003318299e-05,0.0009999999747378752
-7.661000003324377e-05,0.0010399999737273902
-7.660000003330454e-05,0.0010399999737273902
-7.659000003336532e-05,0.0010799999727169052
-7.658000003342609e-05,0.0010399999737273902
-7.657000003348687e-05,0.0010399999737273902
-7.656000003354764e-05,0.0010399999737273902
-7.655000003360841e-05,0.0010399999737273902
-7.654000003366919e-05,0.0010799999727169052
-7.653000003372996e-05,0.0010799999727169052
-7.652000003379074e-05,0.0010399999737273902
-7.651000003385151e-05,0.0010799999727169052
-7.650000003391229e-05,0.0010799999727169052
-7.649000003397306e-05,0.0010799999727169052
-7.648000003403384e-05,0.0010799999727169052
-7.647000003409461e-05,0.0010799999727169052
-7.646000003415539e-05,0.0011199999717064202
-7.645000003421616e-05,0.0011199999717064202
-7.644000003427694e-05,0.0011199999717064202
-7.643000003433771e-05,0.0011199999717064202
-7.642000003439849e-05,0.0011199999717064202
-7.641000003445926e-05,0.0011199999717064202
-7.640000003452004e-05,0.0011199999717064202
-7.639000003458081e-05,0.0011199999717064202
-7.638000003464158e-05,0.0011199999717064202
-7.637000003470236e-05,0.0011599999706959352
-7.636000003476313e-05,0.0011199999717064202
-7.635000003482391e-05,0.0011599999706959352
-7.634000003488468e-05,0.0011599999706959352
-7.633000003494546e-05,0.0011599999706959352
-7.632000003500623e-05,0.0011599999706959352
-7.631000003506701e-05,0.0011599999706959352
-7.630000003512778e-05,0.0011599999706959352
-7.629000003518856e-05,0.0011599999706959352
-7.628000003524933e-05,0.0011599999706959352
-7.62700000353101e-05,0.0011599999706959352
-7.626000003537088e-05,0.0011999999696854502
-7.625000003543166e-05,0.0011999999696854502
-7.624000003549243e-05,0.0011599999706959352
-7.62300000355532e-05,0.0011599999706959352
-7.622000003561398e-05,0.0011999999696854502
-7.621000003567475e-05,0.0011999999696854502
-7.620000003573553e-05,0.0011999999696854502
-7.61900000357963e-05,0.0011999999696854502
-7.618000003585708e-05,0.0011999999696854502
-7.617000003591785e-05,0.0012399999686749652
-7.616000003597863e-05,0.0011999999696854502
-7.61500000360394e-05,0.0011999999696854502
-7.614000003610018e-05,0.0012399999686749652
-7.613000003616095e-05,0.0012399999686749652
-7.612000003622173e-05,0.0012399999686749652
-7.61100000362825e-05,0.0011999999696854502
-7.610000003634328e-05,0.0012399999686749652
-7.609000003640405e-05,0.0012399999686749652
-7.608000003646483e-05,0.0012399999686749652
-7.60700000365256e-05,0.0012399999686749652
-7.606000003658638e-05,0.0012399999686749652
-7.605000003664715e-05,0.0012399999686749652
-7.604000003670792e-05,0.0012399999686749652
-7.60300000367687e-05,0.0012399999686749652
-7.602000003682947e-05,0.0012799999676644802
-7.601000003689025e-05,0.0012799999676644802
-7.600000003695102e-05,0.0012799999676644802
-7.59900000370118e-05,0.0012799999676644802
-7.598000003707257e-05,0.0012799999676644802
-7.597000003713335e-05,0.0012799999676644802
-7.596000003719412e-05,0.0012799999676644802
-7.59500000372549e-05,0.0012799999676644802
-7.594000003731567e-05,0.0012799999676644802
-7.593000003737645e-05,0.0012799999676644802
-7.592000003743722e-05,0.0012799999676644802
-7.5910000037498e-05,0.0012799999676644802
-7.590000003755877e-05,0.0013199999666539952
-7.589000003761955e-05,0.0012799999676644802
-7.588000003768032e-05,0.0012799999676644802
-7.58700000377411e-05,0.0012799999676644802
-7.586000003780187e-05,0.0013199999666539952
-7.585000003786264e-05,0.0012799999676644802
-7.584000003792342e-05,0.0013199999666539952
-7.58300000379842e-05,0.0012799999676644802
-7.582000003804497e-05,0.0013199999666539952
-7.581000003810574e-05,0.0013199999666539952
-7.580000003816652e-05,0.0013199999666539952
-7.579000003822729e-05,0.0013199999666539952
-7.578000003828807e-05,0.0013199999666539952
-7.577000003834884e-05,0.0013199999666539952
-7.576000003840962e-05,0.0013199999666539952
-7.575000003847039e-05,0.0013199999666539952
-7.574000003853117e-05,0.0013199999666539952
-7.573000003859194e-05,0.0013199999666539952
-7.572000003865272e-05,0.0013199999666539952
-7.571000003871349e-05,0.0013199999666539952
-7.570000003877426e-05,0.0013599999656435102
-7.569000003883504e-05,0.0013599999656435102
-7.568000003889581e-05,0.0013199999666539952
-7.567000003895659e-05,0.0013199999666539952
-7.566000003901736e-05,0.0013199999666539952
-7.565000003907814e-05,0.0013199999666539952
-7.564000003913891e-05,0.0013599999656435102
-7.563000003919969e-05,0.0013199999666539952
-7.562000003926046e-05,0.0013199999666539952
-7.561000003932124e-05,0.0013599999656435102
-7.560000003938201e-05,0.0013599999656435102
-7.559000003944279e-05,0.0013599999656435102
-7.558000003950356e-05,0.0013599999656435102
-7.557000003956434e-05,0.0013599999656435102
-7.556000003962511e-05,0.0013599999656435102
-7.555000003968589e-05,0.0013599999656435102
-7.554000003974666e-05,0.0013599999656435102
-7.553000003980744e-05,0.0013599999656435102
-7.552000003986821e-05,0.0013599999656435102
-7.551000003992898e-05,0.0013599999656435102
-7.550000003998976e-05,0.0013599999656435102
-7.549000004005053e-05,0.0013599999656435102
-7.548000004011131e-05,0.0013599999656435102
-7.547000004017208e-05,0.0013599999656435102
-7.546000004023286e-05,0.0013599999656435102
-7.545000004029363e-05,0.0013599999656435102
-7.544000004035441e-05,0.0013599999656435102
-7.543000004041518e-05,0.0013599999656435102
-7.542000004047596e-05,0.0013599999656435102
-7.541000004053673e-05,0.0013599999656435102
-7.54000000405975e-05,0.0013599999656435102
-7.539000004065828e-05,0.0013599999656435102
-7.538000004071906e-05,0.0013599999656435102
-7.537000004077983e-05,0.0013599999656435102
-7.53600000408406e-05,0.0013599999656435102
-7.535000004090138e-05,0.0013599999656435102
-7.534000004096215e-05,0.0013999999646330252
-7.533000004102293e-05,0.0013999999646330252
-7.53200000410837e-05,0.0013599999656435102
-7.531000004114448e-05,0.0013599999656435102
-7.530000004120525e-05,0.0013599999656435102
-7.529000004126603e-05,0.0013599999656435102
-7.52800000413268e-05,0.0013999999646330252
-7.527000004138758e-05,0.0013599999656435102
-7.526000004144835e-05,0.0013599999656435102
-7.525000004150913e-05,0.0013599999656435102
-7.52400000415699e-05,0.0013999999646330252
-7.523000004163068e-05,0.0013599999656435102
-7.522000004169145e-05,0.0013599999656435102
-7.521000004175223e-05,0.0013599999656435102
-7.5200000041813e-05,0.0013999999646330252
-7.519000004187378e-05,0.0013999999646330252
-7.518000004193455e-05,0.0013999999646330252
-7.517000004199532e-05,0.0013599999656435102
-7.51600000420561e-05,0.0013599999656435102
-7.515000004211687e-05,0.0013599999656435102
-7.514000004217765e-05,0.0013599999656435102
-7.513000004223842e-05,0.0013599999656435102
-7.51200000422992e-05,0.0013599999656435102
-7.511000004235997e-05,0.0013999999646330252
-7.510000004242075e-05,0.0013599999656435102
-7.509000004248152e-05,0.0013599999656435102
-7.50800000425423e-05,0.0013599999656435102
-7.507000004260307e-05,0.0013599999656435102
-7.506000004266385e-05,0.0013599999656435102
-7.505000004272462e-05,0.0013599999656435102
-7.50400000427854e-05,0.0013999999646330252
-7.503000004284617e-05,0.0013599999656435102
-7.502000004290695e-05,0.0013599999656435102
-7.501000004296772e-05,0.0013599999656435102
-7.50000000430285e-05,0.0013599999656435102
-7.499000004308927e-05,0.0013599999656435102
-7.498000004315004e-05,0.0013999999646330252
-7.497000004321082e-05,0.0013599999656435102
-7.49600000432716e-05,0.0013599999656435102
-7.495000004333237e-05,0.0013599999656435102
-7.494000004339314e-05,0.0013599999656435102
-7.493000004345392e-05,0.0013999999646330252
-7.492000004351469e-05,0.0013599999656435102
-7.491000004357547e-05,0.0013599999656435102
-7.490000004363624e-05,0.0013599999656435102
-7.489000004369702e-05,0.0013599999656435102
-7.488000004375779e-05,0.0013599999656435102
-7.487000004381857e-05,0.0013599999656435102
-7.486000004387934e-05,0.0013599999656435102
-7.485000004394012e-05,0.0013599999656435102
-7.484000004400089e-05,0.0013599999656435102
-7.483000004406166e-05,0.0013599999656435102
-7.482000004412244e-05,0.0013599999656435102
-7.481000004418321e-05,0.0013599999656435102
-7.480000004424399e-05,0.0013599999656435102
-7.479000004430476e-05,0.0013599999656435102
-7.478000004436554e-05,0.0013599999656435102
-7.477000004442631e-05,0.0013599999656435102
-7.476000004448709e-05,0.0013599999656435102
-7.475000004454786e-05,0.0013599999656435102
-7.474000004460864e-05,0.0013199999666539952
-7.473000004466941e-05,0.0013599999656435102
-7.472000004473019e-05,0.0013599999656435102
-7.471000004479096e-05,0.0013599999656435102
-7.470000004485174e-05,0.0013599999656435102
-7.469000004491251e-05,0.0013199999666539952
-7.468000004497329e-05,0.0013199999666539952
-7.467000004503406e-05,0.0013199999666539952
-7.466000004509483e-05,0.0013599999656435102
-7.465000004515561e-05,0.0013199999666539952
-7.464000004521638e-05,0.0013199999666539952
-7.463000004527716e-05,0.0013599999656435102
-7.462000004533793e-05,0.0013199999666539952
-7.461000004539871e-05,0.0012799999676644802
-7.460000004545948e-05,0.0013199999666539952
-7.459000004552026e-05,0.0013199999666539952
-7.458000004558103e-05,0.0013599999656435102
-7.457000004564181e-05,0.0013199999666539952
-7.456000004570258e-05,0.0013199999666539952
-7.455000004576336e-05,0.0013199999666539952
-7.454000004582413e-05,0.0013199999666539952
-7.45300000458849e-05,0.0013199999666539952
-7.452000004594568e-05,0.0013199999666539952
-7.451000004600646e-05,0.0013199999666539952
-7.450000004606723e-05,0.0013199999666539952
-7.4490000046128e-05,0.0013199999666539952
-7.448000004618878e-05,0.0012799999676644802
-7.447000004624955e-05,0.0012799999676644802
-7.446000004631033e-05,0.0013199999666539952
-7.44500000463711e-05,0.0012799999676644802
-7.444000004643188e-05,0.0013199999666539952
-7.443000004649265e-05,0.0012799999676644802
-7.442000004655343e-05,0.0012799999676644802
-7.44100000466142e-05,0.0012799999676644802
-7.440000004667498e-05,0.0012799999676644802
-7.439000004673575e-05,0.0012799999676644802
-7.438000004679653e-05,0.0012799999676644802
-7.43700000468573e-05,0.0012799999676644802
-7.436000004691808e-05,0.0012799999676644802
-7.435000004697885e-05,0.0012799999676644802
-7.434000004703963e-05,0.0012799999676644802
-7.43300000471004e-05,0.0012799999676644802
-7.432000004716117e-05,0.0012799999676644802
-7.431000004722195e-05,0.0012799999676644802
-7.430000004728272e-05,0.0012799999676644802
-7.42900000473435e-05,0.0012399999686749652
-7.428000004740427e-05,0.0012399999686749652
-7.427000004746505e-05,0.0012399999686749652
-7.426000004752582e-05,0.0012399999686749652
-7.42500000475866e-05,0.0012399999686749652
-7.424000004764737e-05,0.0012399999686749652
-7.423000004770815e-05,0.0012399999686749652
-7.422000004776892e-05,0.0012399999686749652
-7.42100000478297e-05,0.0012399999686749652
-7.420000004789047e-05,0.0012399999686749652
-7.419000004795125e-05,0.0012399999686749652
-7.418000004801202e-05,0.0011999999696854502
-7.41700000480728e-05,0.0011999999696854502
-7.416000004813357e-05,0.0011999999696854502
-7.415000004819434e-05,0.0011999999696854502
-7.414000004825512e-05,0.0011999999696854502
-7.41300000483159e-05,0.0011999999696854502
-7.412000004837667e-05,0.0011999999696854502
-7.411000004843744e-05,0.0011999999696854502
-7.410000004849822e-05,0.0011999999696854502
-7.4090000048559e-05,0.0011999999696854502
-7.408000004861977e-05,0.0011999999696854502
-7.407000004868054e-05,0.0011999999696854502
-7.406000004874132e-05,0.0011599999706959352
-7.405000004880209e-05,0.0011599999706959352
-7.404000004886287e-05,0.0011599999706959352
-7.403000004892364e-05,0.0011599999706959352
-7.402000004898442e-05,0.0011599999706959352
-7.401000004904519e-05,0.0011599999706959352
-7.400000004910597e-05,0.0011599999706959352
-7.399000004916674e-05,0.0011599999706959352
-7.398000004922752e-05,0.0011599999706959352
-7.397000004928829e-05,0.0011199999717064202
-7.396000004934906e-05,0.0011199999717064202
-7.395000004940984e-05,0.0011199999717064202
-7.394000004947061e-05,0.0011199999717064202
-7.393000004953139e-05,0.0011199999717064202
-7.392000004959216e-05,0.0011199999717064202
-7.391000004965294e-05,0.0011199999717064202
-7.390000004971371e-05,0.0010799999727169052
-7.389000004977449e-05,0.0011199999717064202
-7.388000004983526e-05,0.0011199999717064202
-7.387000004989604e-05,0.0010799999727169052
-7.386000004995681e-05,0.0010799999727169052
-7.385000005001759e-05,0.0010799999727169052
-7.384000005007836e-05,0.0010799999727169052
-7.383000005013914e-05,0.0010799999727169052
-7.382000005019991e-05,0.0010799999727169052
-7.381000005026069e-05,0.0010799999727169052
-7.380000005032146e-05,0.0010799999727169052
-7.379000005038223e-05,0.0010799999727169052
-7.378000005044301e-05,0.0010799999727169052
-7.377000005050378e-05,0.0010799999727169052
-7.376000005056456e-05,0.0010399999737273902
-7.375000005062533e-05,0.0010399999737273902
-7.374000005068611e-05,0.0010399999737273902
-7.373000005074688e-05,0.0010399999737273902
-7.372000005080766e-05,0.0010399999737273902
-7.371000005086843e-05,0.0010399999737273902
-7.370000005092921e-05,0.0010399999737273902
-7.369000005098998e-05,0.0010399999737273902
-7.368000005105076e-05,0.0009999999747378752
-7.367000005111153e-05,0.0009999999747378752
-7.36600000511723e-05,0.0009999999747378752
-7.365000005123308e-05,0.0009999999747378752
-7.364000005129386e-05,0.0009999999747378752
-7.363000005135463e-05,0.0009999999747378752
-7.36200000514154e-05,0.0009999999747378752
-7.361000005147618e-05,0.0009999999747378752
-7.360000005153695e-05,0.0009999999747378752
-7.359000005159773e-05,0.0009599999757483602
-7.35800000516585e-05,0.0009599999757483602
-7.357000005171928e-05,0.0009599999757483602
-7.356000005178005e-05,0.0009599999757483602
-7.355000005184083e-05,0.0009599999757483602
-7.35400000519016e-05,0.0009199999767588452
-7.353000005196238e-05,0.0009199999767588452
-7.352000005202315e-05,0.0009599999757483602
-7.351000005208393e-05,0.0009199999767588452
-7.35000000521447e-05,0.0009199999767588452
-7.349000005220548e-05,0.0009199999767588452
-7.348000005226625e-05,0.0009199999767588452
-7.347000005232703e-05,0.0009199999767588452
-7.34600000523878e-05,0.0008799999777693301
-7.345000005244857e-05,0.0009199999767588452
-7.344000005250935e-05,0.0009199999767588452
-7.343000005257012e-05,0.0009199999767588452
-7.34200000526309e-05,0.0008799999777693301
-7.341000005269167e-05,0.0008799999777693301
-7.340000005275245e-05,0.0008799999777693301
-7.339000005281322e-05,0.0008799999777693301
-7.3380000052874e-05,0.0008799999777693301
-7.337000005293477e-05,0.0008399999787798151
-7.336000005299555e-05,0.0008399999787798151
-7.335000005305632e-05,0.0008399999787798151
-7.33400000531171e-05,0.0008399999787798151
-7.333000005317787e-05,0.0008399999787798151
-7.332000005323865e-05,0.0008399999787798151
-7.331000005329942e-05,0.0008399999787798151
-7.33000000533602e-05,0.0008399999787798151
-7.329000005342097e-05,0.0008399999787798151
-7.328000005348174e-05,0.0007999999797903001
-7.327000005354252e-05,0.0007999999797903001
-7.32600000536033e-05,0.0007999999797903001
-7.325000005366407e-05,0.0007999999797903001
-7.324000005372484e-05,0.0007999999797903001
-7.323000005378562e-05,0.0007599999808007851
-7.322000005384639e-05,0.0007999999797903001
-7.321000005390717e-05,0.0007999999797903001
-7.320000005396794e-05,0.0007599999808007851
-7.319000005402872e-05,0.0007599999808007851
-7.318000005408949e-05,0.0007599999808007851
-7.317000005415027e-05,0.0007599999808007851
-7.316000005421104e-05,0.0007599999808007851
-7.315000005427182e-05,0.0007599999808007851
-7.314000005433259e-05,0.0007199999818112701
-7.313000005439337e-05,0.0007199999818112701
-7.312000005445414e-05,0.0007199999818112701
-7.311000005451491e-05,0.0007199999818112701
-7.310000005457569e-05,0.0007199999818112701
-7.309000005463646e-05,0.0007199999818112701
-7.308000005469724e-05,0.0007199999818112701
-7.307000005475801e-05,0.0007199999818112701
-7.306000005481879e-05,0.0006799999828217551
-7.305000005487956e-05,0.0006799999828217551
-7.304000005494034e-05,0.0006799999828217551
-7.303000005500111e-05,0.0006799999828217551
-7.302000005506189e-05,0.0006399999838322401
-7.301000005512266e-05,0.0006799999828217551
-7.300000005518344e-05,0.0006799999828217551
-7.299000005524421e-05,0.0006799999828217551
-7.298000005530499e-05,0.0006399999838322401
-7.297000005536576e-05,0.0006399999838322401
-7.296000005542654e-05,0.0006399999838322401
-7.295000005548731e-05,0.0006399999838322401
-7.294000005554808e-05,0.0006399999838322401
-7.293000005560886e-05,0.0006399999838322401
-7.292000005566963e-05,0.0006399999838322401
-7.291000005573041e-05,0.0006399999838322401
-7.290000005579118e-05,0.0005999999848427251
-7.289000005585196e-05,0.0005999999848427251
-7.288000005591273e-05,0.0005999999848427251
-7.287000005597351e-05,0.0005999999848427251
-7.286000005603428e-05,0.0005999999848427251
-7.285000005609506e-05,0.0005999999848427251
-7.284000005615583e-05,0.0005999999848427251
-7.28300000562166e-05,0.0005999999848427251
-7.282000005627738e-05,0.0005599999858532101
-7.281000005633816e-05,0.0005599999858532101
-7.280000005639893e-05,0.0005599999858532101
-7.27900000564597e-05,0.0005599999858532101
-7.278000005652048e-05,0.0005599999858532101
-7.277000005658125e-05,0.0005199999868636951
-7.276000005664203e-05,0.0005599999858532101
-7.27500000567028e-05,0.0005599999858532101
-7.274000005676358e-05,0.0005599999858532101
-7.273000005682435e-05,0.0005199999868636951
-7.272000005688513e-05,0.0005199999868636951
-7.27100000569459e-05,0.0005199999868636951
-7.270000005700668e-05,0.0005199999868636951
-7.269000005706745e-05,0.0005199999868636951
-7.268000005712823e-05,0.0005199999868636951
-7.2670000057189e-05,0.0005199999868636951
-7.266000005724978e-05,0.0005199999868636951
-7.265000005731055e-05,0.0004799999878741801
-7.264000005737133e-05,0.0004799999878741801
-7.26300000574321e-05,0.0004799999878741801
-7.262000005749288e-05,0.0005199999868636951
-7.261000005755365e-05,0.0004799999878741801
-7.260000005761442e-05,0.0004799999878741801
-7.25900000576752e-05,0.0004799999878741801
-7.258000005773597e-05,0.00043999998888466507
-7.257000005779675e-05,0.0004799999878741801
-7.256000005785752e-05,0.0004799999878741801
-7.25500000579183e-05,0.00043999998888466507
-7.254000005797907e-05,0.00043999998888466507
-7.253000005803985e-05,0.00043999998888466507
-7.252000005810062e-05,0.00043999998888466507
-7.25100000581614e-05,0.00043999998888466507
-7.250000005822217e-05,0.00043999998888466507
-7.249000005828295e-05,0.00043999998888466507
-7.248000005834372e-05,0.00043999998888466507
-7.24700000584045e-05,0.00043999998888466507
-7.246000005846527e-05,0.00039999998989515007
-7.245000005852605e-05,0.00039999998989515007
-7.244000005858682e-05,0.00039999998989515007
-7.24300000586476e-05,0.00039999998989515007
-7.242000005870837e-05,0.00039999998989515007
-7.241000005876914e-05,0.00039999998989515007
-7.240000005882992e-05,0.00039999998989515007
-7.23900000588907e-05,0.00039999998989515007
-7.238000005895147e-05,0.00039999998989515007
-7.237000005901224e-05,0.00035999999090563506
-7.236000005907302e-05,0.00035999999090563506
-7.235000005913379e-05,0.00035999999090563506
-7.234000005919457e-05,0.00039999998989515007
-7.233000005925534e-05,0.00035999999090563506
-7.232000005931612e-05,0.00035999999090563506
-7.231000005937689e-05,0.00035999999090563506
-7.230000005943767e-05,0.00035999999090563506
-7.229000005949844e-05,0.00035999999090563506
-7.228000005955922e-05,0.00035999999090563506
-7.227000005961999e-05,0.00035999999090563506
-7.226000005968077e-05,0.00035999999090563506
-7.225000005974154e-05,0.00035999999090563506
-7.224000005980231e-05,0.00035999999090563506
-7.223000005986309e-05,0.00035999999090563506
-7.222000005992386e-05,0.00035999999090563506
-7.221000005998464e-05,0.00035999999090563506
-7.220000006004541e-05,0.00031999999191612005
-7.219000006010619e-05,0.00031999999191612005
-7.218000006016696e-05,0.00031999999191612005
-7.217000006022774e-05,0.00031999999191612005
-7.216000006028851e-05,0.00031999999191612005
-7.215000006034929e-05,0.00031999999191612005
-7.214000006041006e-05,0.00031999999191612005
-7.213000006047084e-05,0.00031999999191612005
-7.212000006053161e-05,0.00031999999191612005
-7.211000006059239e-05,0.00027999999292660505
-7.210000006065316e-05,0.00027999999292660505
-7.209000006071394e-05,0.00027999999292660505
-7.208000006077471e-05,0.00027999999292660505
-7.207000006083548e-05,0.00027999999292660505
-7.206000006089626e-05,0.00031999999191612005
-7.205000006095703e-05,0.00027999999292660505
-7.204000006101781e-05,0.00027999999292660505
-7.203000006107858e-05,0.00027999999292660505
-7.202000006113936e-05,0.00023999999393709004
-7.201000006120013e-05,0.00027999999292660505
-7.200000006126091e-05,0.00027999999292660505
-7.199000006132168e-05,0.00027999999292660505
-7.198000006138246e-05,0.00027999999292660505
-7.197000006144323e-05,0.00023999999393709004
-7.1960000061504e-05,0.00027999999292660505
-7.195000006156478e-05,0.00023999999393709004
-7.194000006162556e-05,0.00023999999393709004
-7.193000006168633e-05,0.00027999999292660505
-7.19200000617471e-05,0.00023999999393709004
-7.191000006180788e-05,0.00027999999292660505
-7.190000006186865e-05,0.00023999999393709004
-7.189000006192943e-05,0.00027999999292660505
-7.18800000619902e-05,0.00023999999393709004
-7.187000006205098e-05,0.00023999999393709004
-7.186000006211175e-05,0.00023999999393709004
-7.185000006217253e-05,0.00023999999393709004
-7.18400000622333e-05,0.00023999999393709004
-7.183000006229408e-05,0.00023999999393709004
-7.182000006235485e-05,0.00023999999393709004
-7.181000006241563e-05,0.00023999999393709004
-7.18000000624764e-05,0.00019999999494757503
-7.179000006253718e-05,0.00023999999393709004
-7.178000006259795e-05,0.00023999999393709004
-7.177000006265873e-05,0.00023999999393709004
-7.17600000627195e-05,0.00019999999494757503
-7.175000006278028e-05,0.00019999999494757503
-7.174000006284105e-05,0.00019999999494757503
-7.173000006290182e-05,0.00023999999393709004
-7.17200000629626e-05,0.00023999999393709004
-7.171000006302337e-05,0.00023999999393709004
-7.170000006308415e-05,0.00019999999494757503
-7.169000006314492e-05,0.00019999999494757503
-7.16800000632057e-05,0.00019999999494757503
-7.167000006326647e-05,0.00019999999494757503
-7.166000006332725e-05,0.00019999999494757503
-7.165000006338802e-05,0.00023999999393709004
-7.16400000634488e-05,0.00019999999494757503
-7.163000006350957e-05,0.00019999999494757503
-7.162000006357035e-05,0.00019999999494757503
-7.161000006363112e-05,0.00019999999494757503
-7.16000000636919e-05,0.00019999999494757503
-7.159000006375267e-05,0.00019999999494757503
-7.158000006381345e-05,0.00019999999494757503
-7.157000006387422e-05,0.00019999999494757503
-7.1560000063935e-05,0.00019999999494757503
-7.155000006399577e-05,0.00019999999494757503
-7.154000006405654e-05,0.00019999999494757503
-7.153000006411732e-05,0.00019999999494757503
-7.15200000641781e-05,0.00015999999595806003
-7.151000006423887e-05,0.00019999999494757503
-7.150000006429964e-05,0.00015999999595806003
-7.149000006436042e-05,0.00019999999494757503
-7.148000006442119e-05,0.00015999999595806003
-7.147000006448197e-05,0.00015999999595806003
-7.146000006454274e-05,0.00015999999595806003
-7.145000006460352e-05,0.00019999999494757503
-7.144000006466429e-05,0.00019999999494757503
-7.143000006472507e-05,0.00015999999595806003
-7.142000006478584e-05,0.00015999999595806003
-7.141000006484662e-05,0.00019999999494757503
-7.140000006490739e-05,0.00015999999595806003
-7.139000006496816e-05,0.00015999999595806003
-7.138000006502894e-05,0.00015999999595806003
-7.137000006508971e-05,0.00015999999595806003
-7.136000006515049e-05,0.00015999999595806003
-7.135000006521126e-05,0.00019999999494757503
-7.134000006527204e-05,0.00015999999595806003
-7.133000006533281e-05,0.00015999999595806003
-7.132000006539359e-05,0.00015999999595806003
-7.131000006545436e-05,0.00015999999595806003
-7.130000006551514e-05,0.00015999999595806003
-7.129000006557591e-05,0.00015999999595806003
-7.128000006563669e-05,0.00015999999595806003
-7.127000006569746e-05,0.00015999999595806003
-7.126000006575824e-05,0.00015999999595806003
-7.125000006581901e-05,0.00015999999595806003
-7.124000006587979e-05,0.00015999999595806003
-7.123000006594056e-05,0.00011999999696854502
-7.122000006600133e-05,0.00015999999595806003
-7.121000006606211e-05,0.00015999999595806003
-7.120000006612288e-05,0.00015999999595806003
-7.119000006618366e-05,0.00015999999595806003
-7.118000006624443e-05,0.00015999999595806003
-7.117000006630521e-05,0.00015999999595806003
-7.116000006636598e-05,0.00015999999595806003
-7.115000006642676e-05,0.00015999999595806003
-7.114000006648753e-05,0.00015999999595806003
-7.113000006654831e-05,0.00015999999595806003
-7.112000006660908e-05,0.00015999999595806003
-7.111000006666986e-05,0.00015999999595806003
-7.110000006673063e-05,0.00015999999595806003
-7.10900000667914e-05,0.00011999999696854502
-7.108000006685218e-05,0.00015999999595806003
-7.107000006691296e-05,0.00015999999595806003
-7.106000006697373e-05,0.00015999999595806003
-7.10500000670345e-05,0.00015999999595806003
-7.104000006709528e-05,0.00015999999595806003
-7.103000006715605e-05,0.00015999999595806003
-7.102000006721683e-05,0.00011999999696854502
-7.10100000672776e-05,0.00011999999696854502
-7.100000006733838e-05,0.00011999999696854502
-7.099000006739915e-05,0.00011999999696854502
-7.098000006745993e-05,0.00011999999696854502
-7.09700000675207e-05,0.00011999999696854502
-7.096000006758148e-05,0.00015999999595806003
-7.095000006764225e-05,0.00011999999696854502
-7.094000006770303e-05,0.00011999999696854502
-7.09300000677638e-05,0.00011999999696854502
-7.092000006782458e-05,0.00015999999595806003
-7.091000006788535e-05,0.00015999999595806003
-7.090000006794613e-05,0.00011999999696854502
-7.08900000680069e-05,0.00011999999696854502
-7.088000006806768e-05,0.00011999999696854502
-7.087000006812845e-05,0.00011999999696854502
-7.086000006818922e-05,0.00011999999696854502
-7.085000006825e-05,0.00011999999696854502
-7.084000006831077e-05,0.00015999999595806003
-7.083000006837155e-05,0.00011999999696854502
-7.082000006843232e-05,0.00011999999696854502
-7.08100000684931e-05,0.00011999999696854502
-7.080000006855387e-05,0.00011999999696854502
-7.079000006861465e-05,0.00015999999595806003
-7.078000006867542e-05,0.00011999999696854502
-7.07700000687362e-05,0.00011999999696854502
-7.076000006879697e-05,0.00011999999696854502
-7.075000006885775e-05,0.00011999999696854502
-7.074000006891852e-05,0.00011999999696854502
-7.07300000689793e-05,0.00011999999696854502
-7.072000006904007e-05,0.00011999999696854502
-7.071000006910085e-05,0.00011999999696854502
-7.070000006916162e-05,0.00011999999696854502
-7.06900000692224e-05,0.00011999999696854502
-7.068000006928317e-05,0.00011999999696854502
-7.067000006934394e-05,0.00011999999696854502
-7.066000006940472e-05,0.00011999999696854502
-7.06500000694655e-05,0.00011999999696854502
-7.064000006952627e-05,0.00011999999696854502
-7.063000006958704e-05,0.00011999999696854502
-7.062000006964782e-05,0.00011999999696854502
-7.061000006970859e-05,0.00011999999696854502
-7.060000006976937e-05,0.00011999999696854502
-7.059000006983014e-05,0.00011999999696854502
-7.058000006989092e-05,0.00011999999696854502
-7.057000006995169e-05,0.00011999999696854502
-7.056000007001247e-05,0.00011999999696854502
-7.055000007007324e-05,0.00011999999696854502
-7.054000007013402e-05,0.00011999999696854502
-7.053000007019479e-05,0.00011999999696854502
-7.052000007025556e-05,0.00011999999696854502
-7.051000007031634e-05,0.00011999999696854502
-7.050000007037711e-05,0.00011999999696854502
-7.049000007043789e-05,0.00011999999696854502
-7.048000007049866e-05,0.00011999999696854502
-7.047000007055944e-05,0.00011999999696854502
-7.046000007062021e-05,0.00011999999696854502
-7.045000007068099e-05,0.00011999999696854502
-7.044000007074176e-05,0.00011999999696854502
-7.043000007080254e-05,0.00011999999696854502
-7.042000007086331e-05,0.00011999999696854502
-7.041000007092409e-05,0.00011999999696854502
-7.040000007098486e-05,0.00011999999696854502
-7.039000007104564e-05,0.00011999999696854502
-7.038000007110641e-05,0.00011999999696854502
-7.037000007116719e-05,0.00011999999696854502
-7.036000007122796e-05,0.00011999999696854502
-7.035000007128873e-05,0.00011999999696854502
-7.034000007134951e-05,0.00011999999696854502
-7.033000007141028e-05,0.00011999999696854502
-7.032000007147106e-05,0.00011999999696854502
-7.031000007153183e-05,0.00011999999696854502
-7.030000007159261e-05,0.00011999999696854502
-7.029000007165338e-05,0.00011999999696854502
-7.028000007171416e-05,0.00011999999696854502
-7.027000007177493e-05,0.00011999999696854502
-7.026000007183571e-05,0.00011999999696854502
-7.025000007189648e-05,0.00011999999696854502
-7.024000007195726e-05,0.00011999999696854502
-7.023000007201803e-05,0.00011999999696854502
-7.02200000720788e-05,0.00011999999696854502
-7.021000007213958e-05,0.00011999999696854502
-7.020000007220036e-05,0.00011999999696854502
-7.019000007226113e-05,0.00011999999696854502
-7.01800000723219e-05,0.00011999999696854502
-7.017000007238268e-05,0.00011999999696854502
-7.016000007244345e-05,0.00011999999696854502
-7.015000007250423e-05,0.00011999999696854502
-7.0140000072565e-05,0.00011999999696854502
-7.013000007262578e-05,0.00011999999696854502
-7.012000007268655e-05,0.00011999999696854502
-7.011000007274733e-05,0.00011999999696854502
-7.01000000728081e-05,0.00011999999696854502
-7.009000007286888e-05,0.00011999999696854502
-7.008000007292965e-05,0.00011999999696854502
-7.007000007299043e-05,0.00011999999696854502
-7.00600000730512e-05,0.00011999999696854502
-7.005000007311198e-05,0.00011999999696854502
-7.004000007317275e-05,0.00011999999696854502
-7.003000007323353e-05,0.00011999999696854502
-7.00200000732943e-05,0.00011999999696854502
-7.001000007335507e-05,0.00011999999696854502
-7.000000007341585e-05,0.00011999999696854502
-6.999000007347662e-05,0.00011999999696854502
-6.99800000735374e-05,0.00011999999696854502
-6.997000007359817e-05,0.00011999999696854502
-6.996000007365895e-05,7.999999797903001e-05
-6.995000007371972e-05,0.00011999999696854502
-6.99400000737805e-05,0.00011999999696854502
-6.993000007384127e-05,0.00011999999696854502
-6.992000007390205e-05,0.00011999999696854502
-6.991000007396282e-05,0.00011999999696854502
-6.99000000740236e-05,0.00011999999696854502
-6.989000007408437e-05,0.00011999999696854502
-6.988000007414515e-05,0.00011999999696854502
-6.987000007420592e-05,0.00011999999696854502
-6.98600000742667e-05,0.00011999999696854502
-6.985000007432747e-05,0.00011999999696854502
-6.984000007438824e-05,7.999999797903001e-05
-6.983000007444902e-05,0.00011999999696854502
-6.98200000745098e-05,0.00011999999696854502
-6.981000007457057e-05,0.00011999999696854502
-6.980000007463134e-05,0.00011999999696854502
-6.979000007469212e-05,0.00011999999696854502
-6.978000007475289e-05,0.00011999999696854502
-6.977000007481367e-05,0.00011999999696854502
-6.976000007487444e-05,0.00011999999696854502
-6.975000007493522e-05,0.00011999999696854502
-6.974000007499599e-05,0.00011999999696854502
-6.973000007505677e-05,0.00011999999696854502
-6.972000007511754e-05,0.00011999999696854502
-6.971000007517832e-05,0.00011999999696854502
-6.970000007523909e-05,0.00011999999696854502
-6.969000007529987e-05,0.00011999999696854502
-6.968000007536064e-05,0.00011999999696854502
-6.967000007542141e-05,7.999999797903001e-05
-6.966000007548219e-05,0.00011999999696854502
-6.965000007554296e-05,0.00011999999696854502
-6.964000007560374e-05,0.00011999999696854502
-6.963000007566451e-05,0.00011999999696854502
-6.962000007572529e-05,0.00011999999696854502
-6.961000007578606e-05,0.00011999999696854502
-6.960000007584684e-05,0.00011999999696854502
-6.959000007590761e-05,0.00011999999696854502
-6.958000007596839e-05,0.00011999999696854502
-6.957000007602916e-05,0.00011999999696854502
-6.956000007608994e-05,0.00011999999696854502
-6.955000007615071e-05,0.00011999999696854502
-6.954000007621149e-05,0.00011999999696854502
-6.953000007627226e-05,0.00011999999696854502
-6.952000007633304e-05,7.999999797903001e-05
-6.951000007639381e-05,0.00011999999696854502
-6.950000007645458e-05,0.00011999999696854502
-6.949000007651536e-05,0.00011999999696854502
-6.948000007657613e-05,0.00011999999696854502
-6.947000007663691e-05,0.00011999999696854502
-6.946000007669768e-05,0.00011999999696854502
-6.945000007675846e-05,7.999999797903001e-05
-6.944000007681923e-05,0.00011999999696854502
-6.943000007688001e-05,0.00011999999696854502
-6.942000007694078e-05,0.00011999999696854502
-6.941000007700156e-05,0.00011999999696854502
-6.940000007706233e-05,0.00011999999696854502
-6.939000007712311e-05,0.00011999999696854502
-6.938000007718388e-05,0.00011999999696854502
-6.937000007724466e-05,0.00011999999696854502
-6.936000007730543e-05,0.00011999999696854502
-6.93500000773662e-05,0.00011999999696854502
-6.934000007742698e-05,0.00011999999696854502
-6.933000007748776e-05,0.00011999999696854502
-6.932000007754853e-05,0.00011999999696854502
-6.93100000776093e-05,0.00011999999696854502
-6.930000007767008e-05,0.00011999999696854502
-6.929000007773085e-05,0.00011999999696854502
-6.928000007779163e-05,0.00011999999696854502
-6.92700000778524e-05,0.00011999999696854502
-6.926000007791318e-05,0.00011999999696854502
-6.925000007797395e-05,0.00011999999696854502
-6.924000007803473e-05,0.00011999999696854502
-6.92300000780955e-05,0.00011999999696854502
-6.922000007815628e-05,0.00011999999696854502
-6.921000007821705e-05,0.00011999999696854502
-6.920000007827783e-05,0.00011999999696854502
-6.91900000783386e-05,0.00011999999696854502
-6.918000007839938e-05,0.00011999999696854502
-6.917000007846015e-05,0.00011999999696854502
-6.916000007852093e-05,0.00011999999696854502
-6.91500000785817e-05,0.00011999999696854502
-6.914000007864247e-05,0.00011999999696854502
-6.913000007870325e-05,0.00011999999696854502
-6.912000007876402e-05,0.00011999999696854502
-6.91100000788248e-05,0.00011999999696854502
-6.910000007888557e-05,0.00011999999696854502
-6.909000007894635e-05,0.00011999999696854502
-6.908000007900712e-05,0.00011999999696854502
-6.90700000790679e-05,0.00011999999696854502
-6.906000007912867e-05,0.00011999999696854502
-6.905000007918945e-05,0.00011999999696854502
-6.904000007925022e-05,0.00011999999696854502
-6.9030000079311e-05,7.999999797903001e-05
-6.902000007937177e-05,0.00011999999696854502
-6.901000007943255e-05,0.00011999999696854502
-6.900000007949332e-05,0.00011999999696854502
-6.89900000795541e-05,7.999999797903001e-05
-6.898000007961487e-05,0.00011999999696854502
-6.897000007967564e-05,0.00011999999696854502
-6.896000007973642e-05,0.00011999999696854502
-6.89500000797972e-05,0.00011999999696854502
-6.894000007985797e-05,0.00011999999696854502
-6.893000007991874e-05,0.00011999999696854502
-6.892000007997952e-05,0.00011999999696854502
-6.891000008004029e-05,0.00011999999696854502
-6.890000008010107e-05,0.00011999999696854502
-6.889000008016184e-05,0.00011999999696854502
-6.888000008022262e-05,0.00011999999696854502
-6.887000008028339e-05,0.00011999999696854502
-6.886000008034417e-05,0.00011999999696854502
-6.885000008040494e-05,0.00011999999696854502
-6.884000008046572e-05,0.00011999999696854502
-6.883000008052649e-05,0.00011999999696854502
-6.882000008058727e-05,0.00011999999696854502
-6.881000008064804e-05,0.00011999999696854502
-6.880000008070881e-05,0.00011999999696854502
-6.879000008076959e-05,0.00011999999696854502
-6.878000008083036e-05,0.00011999999696854502
-6.877000008089114e-05,0.00011999999696854502
-6.876000008095191e-05,0.00011999999696854502
-6.875000008101269e-05,7.999999797903001e-05
-6.874000008107346e-05,0.00011999999696854502
-6.873000008113424e-05,0.00011999999696854502
-6.872000008119501e-05,0.00011999999696854502
-6.871000008125579e-05,0.00011999999696854502
-6.870000008131656e-05,0.00011999999696854502
-6.869000008137734e-05,0.00011999999696854502
-6.868000008143811e-05,7.999999797903001e-05
-6.867000008149889e-05,7.999999797903001e-05
-6.866000008155966e-05,7.999999797903001e-05
-6.865000008162044e-05,0.00011999999696854502
-6.864000008168121e-05,0.00011999999696854502
-6.863000008174198e-05,0.00011999999696854502
-6.862000008180276e-05,0.00011999999696854502
-6.861000008186353e-05,0.00011999999696854502
-6.860000008192431e-05,0.00011999999696854502
-6.859000008198508e-05,0.00011999999696854502
-6.858000008204586e-05,0.00011999999696854502
-6.857000008210663e-05,0.00011999999696854502
-6.856000008216741e-05,0.00011999999696854502
-6.855000008222818e-05,0.00011999999696854502
-6.854000008228896e-05,7.999999797903001e-05
-6.853000008234973e-05,0.00011999999696854502
-6.85200000824105e-05,0.00011999999696854502
-6.851000008247128e-05,0.00011999999696854502
-6.850000008253206e-05,0.00011999999696854502
-6.849000008259283e-05,0.00011999999696854502
-6.84800000826536e-05,0.00011999999696854502
-6.847000008271438e-05,0.00011999999696854502
-6.846000008277515e-05,0.00011999999696854502
-6.845000008283593e-05,0.00011999999696854502
-6.84400000828967e-05,0.00011999999696854502
-6.843000008295748e-05,0.00011999999696854502
-6.842000008301825e-05,0.00011999999696854502
-6.841000008307903e-05,0.00011999999696854502
-6.84000000831398e-05,7.999999797903001e-05
-6.839000008320058e-05,0.00011999999696854502
-6.838000008326135e-05,0.00011999999696854502
-6.837000008332213e-05,0.00011999999696854502
-6.83600000833829e-05,0.00011999999696854502
-6.835000008344368e-05,0.00011999999696854502
-6.834000008350445e-05,0.00011999999696854502
-6.833000008356523e-05,0.00011999999696854502
-6.8320000083626e-05,7.999999797903001e-05
-6.831000008368678e-05,7.999999797903001e-05
-6.830000008374755e-05,7.999999797903001e-05
-6.829000008380832e-05,0.00011999999696854502
-6.82800000838691e-05,0.00011999999696854502
-6.827000008392987e-05,0.00011999999696854502
-6.826000008399065e-05,7.999999797903001e-05
-6.825000008405142e-05,0.00011999999696854502
-6.82400000841122e-05,0.00011999999696854502
-6.823000008417297e-05,0.00011999999696854502
-6.822000008423375e-05,0.00011999999696854502
-6.821000008429452e-05,0.00011999999696854502
-6.82000000843553e-05,0.00011999999696854502
-6.819000008441607e-05,0.00011999999696854502
-6.818000008447685e-05,0.00011999999696854502
-6.817000008453762e-05,0.00011999999696854502
-6.81600000845984e-05,0.00011999999696854502
-6.815000008465917e-05,0.00011999999696854502
-6.814000008471995e-05,0.00011999999696854502
-6.813000008478072e-05,0.00011999999696854502
-6.81200000848415e-05,7.999999797903001e-05
-6.811000008490227e-05,7.999999797903001e-05
-6.810000008496304e-05,7.999999797903001e-05
-6.809000008502382e-05,0.00011999999696854502
-6.80800000850846e-05,0.00011999999696854502
-6.807000008514537e-05,0.00011999999696854502
-6.806000008520614e-05,7.999999797903001e-05
-6.805000008526692e-05,0.00011999999696854502
-6.804000008532769e-05,0.00011999999696854502
-6.803000008538847e-05,0.00011999999696854502
-6.802000008544924e-05,0.00011999999696854502
-6.801000008551002e-05,0.00011999999696854502
-6.800000008557079e-05,0.00011999999696854502
-6.799000008563157e-05,0.00011999999696854502
-6.798000008569234e-05,0.00011999999696854502
-6.797000008575312e-05,0.00011999999696854502
-6.796000008581389e-05,0.00011999999696854502
-6.795000008587467e-05,0.00011999999696854502
-6.794000008593544e-05,0.00011999999696854502
-6.793000008599621e-05,7.999999797903001e-05
-6.792000008605699e-05,0.00011999999696854502
-6.791000008611776e-05,7.999999797903001e-05
-6.790000008617854e-05,0.00011999999696854502
-6.789000008623931e-05,7.999999797903001e-05
-6.788000008630009e-05,0.00011999999696854502
-6.787000008636086e-05,0.00011999999696854502
-6.786000008642164e-05,0.00011999999696854502
-6.785000008648241e-05,0.00011999999696854502
-6.784000008654319e-05,0.00011999999696854502
-6.783000008660396e-05,0.00011999999696854502
-6.782000008666474e-05,0.00011999999696854502
-6.781000008672551e-05,0.00011999999696854502
-6.780000008678629e-05,0.00011999999696854502
-6.779000008684706e-05,0.00011999999696854502
-6.778000008690784e-05,0.00011999999696854502
-6.777000008696861e-05,7.999999797903001e-05
-6.776000008702938e-05,7.999999797903001e-05
-6.775000008709016e-05,0.00011999999696854502
-6.774000008715093e-05,0.00011999999696854502
-6.773000008721171e-05,0.00011999999696854502
-6.772000008727248e-05,0.00011999999696854502
-6.771000008733326e-05,0.00011999999696854502
-6.770000008739403e-05,7.999999797903001e-05
-6.769000008745481e-05,7.999999797903001e-05
-6.768000008751558e-05,0.00011999999696854502
-6.767000008757636e-05,0.00011999999696854502
-6.766000008763713e-05,0.00011999999696854502
-6.76500000876979e-05,7.999999797903001e-05
-6.764000008775868e-05,0.00011999999696854502
-6.763000008781946e-05,7.999999797903001e-05
-6.762000008788023e-05,0.00011999999696854502
-6.7610000087941e-05,0.00011999999696854502
-6.760000008800178e-05,0.00011999999696854502
-6.759000008806255e-05,7.999999797903001e-05
-6.758000008812333e-05,7.999999797903001e-05
-6.75700000881841e-05,0.00011999999696854502
-6.756000008824488e-05,0.00011999999696854502
-6.755000008830565e-05,0.00011999999696854502
-6.754000008836643e-05,0.00011999999696854502
-6.75300000884272e-05,7.999999797903001e-05
-6.752000008848798e-05,7.999999797903001e-05
-6.751000008854875e-05,0.00011999999696854502
-6.750000008860953e-05,0.00011999999696854502
-6.74900000886703e-05,0.00011999999696854502
-6.748000008873108e-05,7.999999797903001e-05
-6.747000008879185e-05,0.00011999999696854502
-6.746000008885263e-05,0.00011999999696854502
-6.74500000889134e-05,0.00011999999696854502
-6.744000008897418e-05,0.00011999999696854502
-6.743000008903495e-05,0.00011999999696854502
-6.742000008909572e-05,0.00011999999696854502
-6.74100000891565e-05,0.00011999999696854502
-6.740000008921727e-05,7.999999797903001e-05
-6.739000008927805e-05,0.00011999999696854502
-6.738000008933882e-05,0.00011999999696854502
-6.73700000893996e-05,0.00011999999696854502
-6.736000008946037e-05,7.999999797903001e-05
-6.735000008952115e-05,7.999999797903001e-05
-6.734000008958192e-05,0.00011999999696854502
-6.73300000896427e-05,0.00011999999696854502
-6.732000008970347e-05,7.999999797903001e-05
-6.731000008976425e-05,0.00011999999696854502
-6.730000008982502e-05,0.00011999999696854502
-6.72900000898858e-05,0.00011999999696854502
-6.728000008994657e-05,0.00011999999696854502
-6.727000009000735e-05,0.00011999999696854502
-6.726000009006812e-05,0.00011999999696854502
-6.72500000901289e-05,0.00011999999696854502
-6.724000009018967e-05,0.00011999999696854502
-6.723000009025044e-05,0.00011999999696854502
-6.722000009031122e-05,0.00011999999696854502
-6.7210000090372e-05,0.00011999999696854502
-6.720000009043277e-05,0.00011999999696854502
-6.719000009049354e-05,7.999999797903001e-05
-6.718000009055432e-05,7.999999797903001e-05
-6.717000009061509e-05,0.00011999999696854502
-6.716000009067587e-05,0.00011999999696854502
-6.715000009073664e-05,0.00011999999696854502
-6.714000009079742e-05,0.00011999999696854502
-6.713000009085819e-05,7.999999797903001e-05
-6.712000009091897e-05,0.00011999999696854502
-6.711000009097974e-05,0.00011999999696854502
-6.710000009104052e-05,0.00011999999696854502
-6.709000009110129e-05,0.00011999999696854502
-6.708000009116206e-05,0.00011999999696854502
-6.707000009122284e-05,0.00011999999696854502
-6.706000009128361e-05,7.999999797903001e-05
-6.705000009134439e-05,7.999999797903001e-05
-6.704000009140516e-05,7.999999797903001e-05
-6.703000009146594e-05,0.00011999999696854502
-6.702000009152671e-05,0.00011999999696854502
-6.701000009158749e-05,0.00011999999696854502
-6.700000009164826e-05,7.999999797903001e-05
-6.699000009170904e-05,7.999999797903001e-05
-6.698000009176981e-05,0.00011999999696854502
-6.697000009183059e-05,0.00011999999696854502
-6.696000009189136e-05,7.999999797903001e-05
-6.695000009195214e-05,0.00011999999696854502
-6.694000009201291e-05,0.00011999999696854502
-6.693000009207369e-05,0.00011999999696854502
-6.692000009213446e-05,0.00011999999696854502
-6.691000009219523e-05,0.00011999999696854502
-6.690000009225601e-05,0.00011999999696854502
-6.689000009231678e-05,0.00011999999696854502
-6.688000009237756e-05,0.00011999999696854502
-6.687000009243833e-05,0.00011999999696854502
-6.686000009249911e-05,0.00011999999696854502
-6.685000009255988e-05,0.00011999999696854502
-6.684000009262066e-05,0.00011999999696854502
-6.683000009268143e-05,7.999999797903001e-05
-6.682000009274221e-05,0.00011999999696854502
-6.681000009280298e-05,0.00011999999696854502
-6.680000009286376e-05,0.00011999999696854502
-6.679000009292453e-05,0.00011999999696854502
-6.67800000929853e-05,0.00011999999696854502
-6.677000009304608e-05,0.00011999999696854502
-6.676000009310686e-05,0.00011999999696854502
-6.675000009316763e-05,0.00011999999696854502
-6.67400000932284e-05,0.00011999999696854502
-6.673000009328918e-05,0.00011999999696854502
-6.672000009334995e-05,7.999999797903001e-05
-6.671000009341073e-05,7.999999797903001e-05
-6.67000000934715e-05,0.00011999999696854502
-6.669000009353228e-05,0.00011999999696854502
-6.668000009359305e-05,0.00011999999696854502
-6.667000009365383e-05,0.00011999999696854502
-6.66600000937146e-05,0.00011999999696854502
-6.665000009377538e-05,0.00011999999696854502
-6.664000009383615e-05,0.00011999999696854502
-6.663000009389693e-05,0.00011999999696854502
-6.66200000939577e-05,0.00011999999696854502
-6.661000009401848e-05,7.999999797903001e-05
-6.660000009407925e-05,7.999999797903001e-05
-6.659000009414003e-05,0.00011999999696854502
-6.65800000942008e-05,7.999999797903001e-05
-6.657000009426157e-05,0.00011999999696854502
-6.656000009432235e-05,7.999999797903001e-05
-6.655000009438312e-05,7.999999797903001e-05
-6.65400000944439e-05,0.00011999999696854502
-6.653000009450467e-05,0.00011999999696854502
-6.652000009456545e-05,0.00011999999696854502
-6.651000009462622e-05,7.999999797903001e-05
-6.6500000094687e-05,0.00011999999696854502
-6.649000009474777e-05,0.00011999999696854502
-6.648000009480855e-05,0.00011999999696854502
-6.647000009486932e-05,0.00011999999696854502
-6.64600000949301e-05,0.00011999999696854502
-6.645000009499087e-05,0.00011999999696854502
-6.644000009505165e-05,0.00011999999696854502
-6.643000009511242e-05,0.00011999999696854502
-6.64200000951732e-05,7.999999797903001e-05
-6.641000009523397e-05,0.00011999999696854502
-6.640000009529475e-05,0.00011999999696854502
-6.639000009535552e-05,0.00011999999696854502
-6.63800000954163e-05,0.00011999999696854502
-6.637000009547707e-05,0.00011999999696854502
-6.636000009553784e-05,0.00011999999696854502
-6.635000009559862e-05,0.00011999999696854502
-6.63400000956594e-05,0.00011999999696854502
-6.633000009572017e-05,0.00011999999696854502
-6.632000009578094e-05,0.00011999999696854502
-6.631000009584172e-05,7.999999797903001e-05
-6.630000009590249e-05,7.999999797903001e-05
-6.629000009596327e-05,7.999999797903001e-05
-6.628000009602404e-05,0.00011999999696854502
-6.627000009608482e-05,0.00011999999696854502
-6.626000009614559e-05,0.00011999999696854502
-6.625000009620637e-05,0.00011999999696854502
-6.624000009626714e-05,7.999999797903001e-05
-6.623000009632792e-05,7.999999797903001e-05
-6.622000009638869e-05,0.00011999999696854502
-6.621000009644946e-05,0.00011999999696854502
-6.620000009651024e-05,7.999999797903001e-05
-6.619000009657101e-05,0.00011999999696854502
-6.618000009663179e-05,0.00011999999696854502
-6.617000009669256e-05,0.00011999999696854502
-6.616000009675334e-05,7.999999797903001e-05
-6.615000009681411e-05,0.00011999999696854502
-6.614000009687489e-05,7.999999797903001e-05
-6.613000009693566e-05,0.00011999999696854502
-6.612000009699644e-05,0.00011999999696854502
-6.611000009705721e-05,7.999999797903001e-05
-6.610000009711799e-05,7.999999797903001e-05
-6.609000009717876e-05,0.00011999999696854502
-6.608000009723954e-05,7.999999797903001e-05
-6.607000009730031e-05,0.00011999999696854502
-6.606000009736109e-05,0.00011999999696854502
-6.605000009742186e-05,0.00011999999696854502
-6.604000009748263e-05,0.00011999999696854502
-6.603000009754341e-05,0.00011999999696854502
-6.602000009760418e-05,7.999999797903001e-05
-6.601000009766496e-05,0.00011999999696854502
-6.600000009772573e-05,0.00011999999696854502
-6.599000009778651e-05,0.00011999999696854502
-6.598000009784728e-05,7.999999797903001e-05
-6.597000009790806e-05,7.999999797903001e-05
-6.596000009796883e-05,0.00011999999696854502
-6.595000009802961e-05,0.00011999999696854502
-6.594000009809038e-05,0.00011999999696854502
-6.593000009815116e-05,0.00011999999696854502
-6.592000009821193e-05,0.00011999999696854502
-6.59100000982727e-05,0.00011999999696854502
-6.590000009833348e-05,7.999999797903001e-05
-6.589000009839426e-05,0.00011999999696854502
-6.588000009845503e-05,0.00011999999696854502
-6.58700000985158e-05,0.00011999999696854502
-6.586000009857658e-05,7.999999797903001e-05
-6.585000009863735e-05,0.00011999999696854502
-6.584000009869813e-05,7.999999797903001e-05
-6.58300000987589e-05,7.999999797903001e-05
-6.582000009881968e-05,0.00011999999696854502
-6.581000009888045e-05,0.00011999999696854502
-6.580000009894123e-05,0.00011999999696854502
-6.5790000099002e-05,0.00011999999696854502
-6.578000009906278e-05,7.999999797903001e-05
-6.577000009912355e-05,0.00011999999696854502
-6.576000009918433e-05,7.999999797903001e-05
-6.57500000992451e-05,7.999999797903001e-05
-6.574000009930588e-05,0.00011999999696854502
-6.573000009936665e-05,7.999999797903001e-05
-6.572000009942743e-05,0.00011999999696854502
-6.57100000994882e-05,0.00011999999696854502
-6.570000009954897e-05,0.00011999999696854502
-6.569000009960975e-05,0.00011999999696854502
-6.568000009967052e-05,0.00011999999696854502
-6.56700000997313e-05,7.999999797903001e-05
-6.566000009979207e-05,0.00011999999696854502
-6.565000009985285e-05,0.00011999999696854502
-6.564000009991362e-05,0.00011999999696854502
-6.56300000999744e-05,0.00011999999696854502
-6.562000010003517e-05,0.00011999999696854502
-6.561000010009595e-05,0.00011999999696854502
-6.560000010015672e-05,0.00011999999696854502
-6.55900001002175e-05,0.00011999999696854502
-6.558000010027827e-05,0.00011999999696854502
-6.557000010033905e-05,7.999999797903001e-05
-6.556000010039982e-05,0.00011999999696854502
-6.55500001004606e-05,7.999999797903001e-05
-6.554000010052137e-05,0.00011999999696854502
-6.553000010058214e-05,7.999999797903001e-05
-6.552000010064292e-05,0.00011999999696854502
-6.55100001007037e-05,0.00011999999696854502
-6.550000010076447e-05,7.999999797903001e-05
-6.549000010082524e-05,7.999999797903001e-05
-6.548000010088602e-05,0.00011999999696854502
-6.547000010094679e-05,0.00011999999696854502
-6.546000010100757e-05,0.00011999999696854502
-6.545000010106834e-05,7.999999797903001e-05
-6.544000010112912e-05,0.00011999999696854502
-6.543000010118989e-05,0.00011999999696854502
-6.542000010125067e-05,7.999999797903001e-05
-6.541000010131144e-05,7.999999797903001e-05
-6.540000010137222e-05,7.999999797903001e-05
-6.539000010143299e-05,0.00011999999696854502
-6.538000010149377e-05,0.00011999999696854502
-6.537000010155454e-05,7.999999797903001e-05
-6.536000010161531e-05,7.999999797903001e-05
-6.535000010167609e-05,0.00011999999696854502
-6.534000010173686e-05,0.00011999999696854502
-6.533000010179764e-05,0.00011999999696854502
-6.532000010185841e-05,0.00011999999696854502
-6.531000010191919e-05,0.00011999999696854502
-6.530000010197996e-05,0.00011999999696854502
-6.529000010204074e-05,0.00011999999696854502
-6.528000010210151e-05,7.999999797903001e-05
-6.527000010216229e-05,0.00011999999696854502
-6.526000010222306e-05,0.00011999999696854502
-6.525000010228384e-05,7.999999797903001e-05
-6.524000010234461e-05,0.00011999999696854502
-6.523000010240539e-05,7.999999797903001e-05
-6.522000010246616e-05,0.00011999999696854502
-6.521000010252694e-05,0.00011999999696854502
-6.520000010258771e-05,0.00011999999696854502
-6.519000010264848e-05,0.00011999999696854502
-6.518000010270926e-05,0.00011999999696854502
-6.517000010277003e-05,0.00011999999696854502
-6.516000010283081e-05,0.00011999999696854502
-6.515000010289158e-05,0.00011999999696854502
-6.514000010295236e-05,0.00011999999696854502
-6.513000010301313e-05,0.00011999999696854502
-6.512000010307391e-05,7.999999797903001e-05
-6.511000010313468e-05,7.999999797903001e-05
-6.510000010319546e-05,0.00011999999696854502
-6.509000010325623e-05,0.00011999999696854502
-6.5080000103317e-05,0.00011999999696854502
-6.507000010337778e-05,0.00011999999696854502
-6.506000010343856e-05,7.999999797903001e-05
-6.505000010349933e-05,7.999999797903001e-05
-6.50400001035601e-05,0.00011999999696854502
-6.503000010362088e-05,0.00011999999696854502
-6.502000010368165e-05,0.00011999999696854502
-6.501000010374243e-05,0.00011999999696854502
-6.50000001038032e-05,0.00011999999696854502
-6.499000010386398e-05,7.999999797903001e-05
-6.498000010392475e-05,7.999999797903001e-05
-6.497000010398553e-05,0.00011999999696854502
-6.49600001040463e-05,0.00011999999696854502
-6.495000010410708e-05,0.00011999999696854502
-6.494000010416785e-05,7.999999797903001e-05
-6.493000010422863e-05,0.00011999999696854502
-6.49200001042894e-05,7.999999797903001e-05
-6.491000010435018e-05,0.00011999999696854502
-6.490000010441095e-05,7.999999797903001e-05
-6.489000010447173e-05,0.00011999999696854502
-6.48800001045325e-05,7.999999797903001e-05
-6.487000010459328e-05,7.999999797903001e-05
-6.486000010465405e-05,0.00011999999696854502
-6.485000010471483e-05,0.00011999999696854502
-6.48400001047756e-05,7.999999797903001e-05
-6.483000010483637e-05,0.00011999999696854502
-6.482000010489715e-05,0.00011999999696854502
-6.481000010495792e-05,0.00011999999696854502
-6.48000001050187e-05,0.00011999999696854502
-6.479000010507947e-05,7.999999797903001e-05
-6.478000010514025e-05,0.00011999999696854502
-6.477000010520102e-05,0.00011999999696854502
-6.47600001052618e-05,7.999999797903001e-05
-6.475000010532257e-05,7.999999797903001e-05
-6.474000010538335e-05,7.999999797903001e-05
-6.473000010544412e-05,0.00011999999696854502
-6.47200001055049e-05,0.00011999999696854502
-6.471000010556567e-05,0.00011999999696854502
-6.470000010562645e-05,0.00011999999696854502
-6.469000010568722e-05,0.00011999999696854502
-6.4680000105748e-05,7.999999797903001e-05
-6.467000010580877e-05,0.00011999999696854502
-6.466000010586954e-05,0.00011999999696854502
-6.465000010593032e-05,0.00011999999696854502
-6.46400001059911e-05,0.00011999999696854502
-6.463000010605187e-05,0.00011999999696854502
-6.462000010611264e-05,0.00011999999696854502
-6.461000010617342e-05,7.999999797903001e-05
-6.460000010623419e-05,0.00011999999696854502
-6.459000010629497e-05,0.00011999999696854502
-6.458000010635574e-05,0.00011999999696854502
-6.457000010641652e-05,0.00011999999696854502
-6.456000010647729e-05,7.999999797903001e-05
-6.455000010653807e-05,7.999999797903001e-05
-6.454000010659884e-05,0.00011999999696854502
-6.453000010665962e-05,0.00011999999696854502
-6.452000010672039e-05,0.00011999999696854502
-6.451000010678117e-05,7.999999797903001e-05
-6.450000010684194e-05,0.00011999999696854502
-6.449000010690271e-05,7.999999797903001e-05
-6.448000010696349e-05,7.999999797903001e-05
-6.447000010702426e-05,0.00011999999696854502
-6.446000010708504e-05,0.00011999999696854502
-6.445000010714581e-05,0.00011999999696854502
-6.444000010720659e-05,0.00011999999696854502
-6.443000010726736e-05,0.00011999999696854502
-6.442000010732814e-05,0.00011999999696854502
-6.441000010738891e-05,0.00011999999696854502
-6.440000010744969e-05,7.999999797903001e-05
-6.439000010751046e-05,7.999999797903001e-05
-6.438000010757124e-05,7.999999797903001e-05
-6.437000010763201e-05,0.00011999999696854502
-6.436000010769279e-05,0.00011999999696854502
-6.435000010775356e-05,7.999999797903001e-05
-6.434000010781434e-05,7.999999797903001e-05
-6.433000010787511e-05,0.00011999999696854502
-6.432000010793588e-05,0.00011999999696854502
-6.431000010799666e-05,7.999999797903001e-05
-6.430000010805743e-05,0.00011999999696854502
-6.429000010811821e-05,0.00011999999696854502
-6.428000010817898e-05,0.00011999999696854502
-6.427000010823976e-05,7.999999797903001e-05
-6.426000010830053e-05,7.999999797903001e-05
-6.425000010836131e-05,0.00011999999696854502
-6.424000010842208e-05,0.00011999999696854502
-6.423000010848286e-05,0.00011999999696854502
-6.422000010854363e-05,0.00011999999696854502
-6.42100001086044e-05,0.00011999999696854502
-6.420000010866518e-05,7.999999797903001e-05
-6.419000010872596e-05,7.999999797903001e-05
-6.418000010878673e-05,0.00011999999696854502
-6.41700001088475e-05,0.00011999999696854502
-6.416000010890828e-05,0.00011999999696854502
-6.415000010896905e-05,7.999999797903001e-05
-6.414000010902983e-05,0.00011999999696854502
-6.41300001090906e-05,0.00011999999696854502
-6.412000010915138e-05,0.00011999999696854502
-6.411000010921215e-05,0.00011999999696854502
-6.410000010927293e-05,7.999999797903001e-05
-6.40900001093337e-05,7.999999797903001e-05
-6.408000010939448e-05,0.00011999999696854502
-6.407000010945525e-05,0.00011999999696854502
-6.406000010951603e-05,7.999999797903001e-05
-6.40500001095768e-05,0.00011999999696854502
-6.404000010963758e-05,0.00011999999696854502
-6.403000010969835e-05,0.00011999999696854502
-6.402000010975913e-05,0.00011999999696854502
-6.40100001098199e-05,0.00011999999696854502
-6.400000010988068e-05,0.00011999999696854502
-6.399000010994145e-05,7.999999797903001e-05
-6.398000011000222e-05,7.999999797903001e-05
-6.3970000110063e-05,0.00011999999696854502
-6.396000011012377e-05,0.00011999999696854502
-6.395000011018455e-05,0.00011999999696854502
-6.394000011024532e-05,7.999999797903001e-05
-6.39300001103061e-05,7.999999797903001e-05
-6.392000011036687e-05,7.999999797903001e-05
-6.391000011042765e-05,0.00011999999696854502
-6.390000011048842e-05,7.999999797903001e-05
-6.38900001105492e-05,7.999999797903001e-05
-6.388000011060997e-05,0.00011999999696854502
-6.387000011067075e-05,0.00011999999696854502
-6.386000011073152e-05,0.00011999999696854502
-6.38500001107923e-05,0.00011999999696854502
-6.384000011085307e-05,0.00011999999696854502
-6.383000011091385e-05,0.00011999999696854502
-6.382000011097462e-05,7.999999797903001e-05
-6.38100001110354e-05,0.00011999999696854502
-6.380000011109617e-05,7.999999797903001e-05
-6.379000011115694e-05,7.999999797903001e-05
-6.378000011121772e-05,7.999999797903001e-05
-6.37700001112785e-05,7.999999797903001e-05
-6.376000011133927e-05,0.00011999999696854502
-6.375000011140004e-05,0.00011999999696854502
-6.374000011146082e-05,7.999999797903001e-05
-6.373000011152159e-05,0.00011999999696854502
-6.372000011158237e-05,7.999999797903001e-05
-6.371000011164314e-05,7.999999797903001e-05
-6.370000011170392e-05,7.999999797903001e-05
-6.369000011176469e-05,0.00011999999696854502
-6.368000011182547e-05,0.00011999999696854502
-6.367000011188624e-05,0.00011999999696854502
-6.366000011194702e-05,0.00011999999696854502
-6.365000011200779e-05,7.999999797903001e-05
-6.364000011206856e-05,0.00011999999696854502
-6.363000011212934e-05,0.00011999999696854502
-6.362000011219011e-05,0.00011999999696854502
-6.361000011225089e-05,7.999999797903001e-05
-6.360000011231166e-05,7.999999797903001e-05
-6.359000011237244e-05,7.999999797903001e-05
-6.358000011243321e-05,0.00011999999696854502
-6.357000011249399e-05,0.00011999999696854502
-6.356000011255476e-05,7.999999797903001e-05
-6.355000011261554e-05,7.999999797903001e-05
-6.354000011267631e-05,0.00011999999696854502
-6.353000011273709e-05,7.999999797903001e-05
-6.352000011279786e-05,0.00011999999696854502
-6.351000011285864e-05,7.999999797903001e-05
-6.350000011291941e-05,7.999999797903001e-05
-6.349000011298019e-05,7.999999797903001e-05
-6.348000011304096e-05,7.999999797903001e-05
-6.347000011310173e-05,0.00011999999696854502
-6.346000011316251e-05,7.999999797903001e-05
-6.345000011322328e-05,7.999999797903001e-05
-6.344000011328406e-05,7.999999797903001e-05
-6.343000011334483e-05,0.00011999999696854502
-6.342000011340561e-05,0.00011999999696854502
-6.341000011346638e-05,0.00011999999696854502
-6.340000011352716e-05,0.00011999999696854502
-6.339000011358793e-05,0.00011999999696854502
-6.338000011364871e-05,0.00011999999696854502
-6.337000011370948e-05,7.999999797903001e-05
-6.336000011377026e-05,0.00011999999696854502
-6.335000011383103e-05,0.00011999999696854502
-6.33400001138918e-05,7.999999797903001e-05
-6.333000011395258e-05,7.999999797903001e-05
-6.332000011401336e-05,0.00011999999696854502
-6.331000011407413e-05,7.999999797903001e-05
-6.33000001141349e-05,0.00011999999696854502
-6.329000011419568e-05,7.999999797903001e-05
-6.328000011425645e-05,0.00011999999696854502
-6.327000011431723e-05,7.999999797903001e-05
-6.3260000114378e-05,7.999999797903001e-05
-6.325000011443878e-05,7.999999797903001e-05
-6.324000011449955e-05,0.00011999999696854502
-6.323000011456033e-05,0.00011999999696854502
-6.32200001146211e-05,0.00011999999696854502
-6.321000011468188e-05,7.999999797903001e-05
-6.320000011474265e-05,7.999999797903001e-05
-6.319000011480343e-05,0.00011999999696854502
-6.31800001148642e-05,0.00011999999696854502
-6.317000011492498e-05,7.999999797903001e-05
-6.316000011498575e-05,7.999999797903001e-05
-6.315000011504653e-05,7.999999797903001e-05
-6.31400001151073e-05,0.00011999999696854502
-6.313000011516808e-05,7.999999797903001e-05
-6.312000011522885e-05,0.00011999999696854502
-6.311000011528962e-05,0.00011999999696854502
-6.31000001153504e-05,0.00011999999696854502
-6.309000011541117e-05,0.00011999999696854502
-6.308000011547195e-05,7.999999797903001e-05
-6.307000011553272e-05,0.00011999999696854502
-6.30600001155935e-05,0.00011999999696854502
-6.305000011565427e-05,0.00011999999696854502
-6.304000011571505e-05,7.999999797903001e-05
-6.303000011577582e-05,7.999999797903001e-05
-6.30200001158366e-05,0.00011999999696854502
-6.301000011589737e-05,0.00011999999696854502
-6.300000011595815e-05,7.999999797903001e-05
-6.299000011601892e-05,7.999999797903001e-05
-6.29800001160797e-05,0.00011999999696854502
-6.297000011614047e-05,7.999999797903001e-05
-6.296000011620125e-05,7.999999797903001e-05
-6.295000011626202e-05,7.999999797903001e-05
-6.29400001163228e-05,0.00011999999696854502
-6.293000011638357e-05,0.00011999999696854502
-6.292000011644434e-05,7.999999797903001e-05
-6.291000011650512e-05,0.00011999999696854502
-6.29000001165659e-05,0.00011999999696854502
-6.289000011662667e-05,0.00011999999696854502
-6.288000011668744e-05,7.999999797903001e-05
-6.287000011674822e-05,0.00011999999696854502
-6.286000011680899e-05,0.00011999999696854502
-6.285000011686977e-05,0.00011999999696854502
-6.284000011693054e-05,7.999999797903001e-05
-6.283000011699132e-05,7.999999797903001e-05
-6.282000011705209e-05,7.999999797903001e-05
-6.281000011711287e-05,7.999999797903001e-05
-6.280000011717364e-05,7.999999797903001e-05
-6.279000011723442e-05,0.00011999999696854502
-6.278000011729519e-05,7.999999797903001e-05
-6.277000011735596e-05,7.999999797903001e-05
-6.276000011741674e-05,7.999999797903001e-05
-6.275000011747751e-05,0.00011999999696854502
-6.274000011753829e-05,7.999999797903001e-05
-6.273000011759906e-05,7.999999797903001e-05
-6.272000011765984e-05,7.999999797903001e-05
-6.271000011772061e-05,7.999999797903001e-05
-6.270000011778139e-05,7.999999797903001e-05
-6.269000011784216e-05,0.00011999999696854502
-6.268000011790294e-05,7.999999797903001e-05
-6.267000011796371e-05,0.00011999999696854502
-6.266000011802449e-05,7.999999797903001e-05
-6.265000011808526e-05,0.00011999999696854502
-6.264000011814604e-05,7.999999797903001e-05
-6.263000011820681e-05,7.999999797903001e-05
-6.262000011826759e-05,0.00011999999696854502
-6.261000011832836e-05,7.999999797903001e-05
-6.260000011838913e-05,7.999999797903001e-05
-6.259000011844991e-05,7.999999797903001e-05
-6.258000011851068e-05,7.999999797903001e-05
-6.257000011857146e-05,0.00011999999696854502
-6.256000011863223e-05,7.999999797903001e-05
-6.255000011869301e-05,7.999999797903001e-05
-6.254000011875378e-05,7.999999797903001e-05
-6.253000011881456e-05,7.999999797903001e-05
-6.252000011887533e-05,7.999999797903001e-05
-6.251000011893611e-05,7.999999797903001e-05
-6.250000011899688e-05,0.00011999999696854502
-6.249000011905766e-05,0.00011999999696854502
-6.248000011911843e-05,7.999999797903001e-05
-6.24700001191792e-05,7.999999797903001e-05
-6.246000011923998e-05,7.999999797903001e-05
-6.245000011930076e-05,7.999999797903001e-05
-6.244000011936153e-05,0.00011999999696854502
-6.24300001194223e-05,0.00011999999696854502
-6.242000011948308e-05,7.999999797903001e-05
-6.241000011954385e-05,0.00011999999696854502
-6.240000011960463e-05,0.00011999999696854502
-6.23900001196654e-05,0.00011999999696854502
-6.238000011972618e-05,0.00011999999696854502
-6.237000011978695e-05,0.00011999999696854502
-6.236000011984773e-05,0.00011999999696854502
-6.23500001199085e-05,7.999999797903001e-05
-6.234000011996928e-05,0.00011999999696854502
-6.233000012003005e-05,0.00011999999696854502
-6.232000012009083e-05,7.999999797903001e-05
-6.23100001201516e-05,7.999999797903001e-05
-6.230000012021238e-05,7.999999797903001e-05
-6.229000012027315e-05,0.00011999999696854502
-6.228000012033393e-05,0.00011999999696854502
-6.22700001203947e-05,0.00011999999696854502
-6.226000012045547e-05,7.999999797903001e-05
-6.225000012051625e-05,7.999999797903001e-05
-6.224000012057702e-05,0.00011999999696854502
-6.22300001206378e-05,0.00011999999696854502
-6.222000012069857e-05,0.00011999999696854502
-6.221000012075935e-05,0.00011999999696854502
-6.220000012082012e-05,0.00011999999696854502
-6.21900001208809e-05,7.999999797903001e-05
-6.218000012094167e-05,0.00011999999696854502
-6.217000012100245e-05,7.999999797903001e-05
-6.216000012106322e-05,0.00011999999696854502
-6.2150000121124e-05,0.00011999999696854502
-6.214000012118477e-05,0.00011999999696854502
-6.213000012124555e-05,7.999999797903001e-05
-6.212000012130632e-05,0.00011999999696854502
-6.21100001213671e-05,7.999999797903001e-05
-6.210000012142787e-05,0.00011999999696854502
-6.209000012148864e-05,0.00011999999696854502
-6.208000012154942e-05,7.999999797903001e-05
-6.20700001216102e-05,0.00011999999696854502
-6.206000012167097e-05,7.999999797903001e-05
-6.205000012173174e-05,0.00011999999696854502
-6.204000012179252e-05,0.00011999999696854502
-6.203000012185329e-05,7.999999797903001e-05
-6.202000012191407e-05,7.999999797903001e-05
-6.201000012197484e-05,7.999999797903001e-05
-6.200000012203562e-05,7.999999797903001e-05
-6.199000012209639e-05,7.999999797903001e-05
-6.198000012215717e-05,7.999999797903001e-05
-6.197000012221794e-05,0.00011999999696854502
-6.196000012227872e-05,7.999999797903001e-05
-6.195000012233949e-05,7.999999797903001e-05
-6.194000012240027e-05,7.999999797903001e-05
-6.193000012246104e-05,7.999999797903001e-05
-6.192000012252181e-05,0.00011999999696854502
-6.191000012258259e-05,0.00011999999696854502
-6.190000012264336e-05,7.999999797903001e-05
-6.189000012270414e-05,7.999999797903001e-05
-6.188000012276491e-05,0.00011999999696854502
-6.187000012282569e-05,0.00011999999696854502
-6.186000012288646e-05,0.00011999999696854502
-6.185000012294724e-05,0.00011999999696854502
-6.184000012300801e-05,7.999999797903001e-05
-6.183000012306879e-05,7.999999797903001e-05
-6.182000012312956e-05,7.999999797903001e-05
-6.181000012319034e-05,0.00011999999696854502
-6.180000012325111e-05,0.00011999999696854502
-6.179000012331189e-05,0.00011999999696854502
-6.178000012337266e-05,7.999999797903001e-05
-6.177000012343344e-05,7.999999797903001e-05
-6.176000012349421e-05,0.00011999999696854502
-6.175000012355499e-05,0.00011999999696854502
-6.174000012361576e-05,7.999999797903001e-05
-6.173000012367653e-05,7.999999797903001e-05
-6.172000012373731e-05,7.999999797903001e-05
-6.171000012379808e-05,7.999999797903001e-05
-6.170000012385886e-05,0.00011999999696854502
-6.169000012391963e-05,7.999999797903001e-05
-6.168000012398041e-05,7.999999797903001e-05
-6.167000012404118e-05,7.999999797903001e-05
-6.166000012410196e-05,7.999999797903001e-05
-6.165000012416273e-05,0.00011999999696854502
-6.164000012422351e-05,0.00011999999696854502
-6.163000012428428e-05,0.00011999999696854502
-6.162000012434506e-05,7.999999797903001e-05
-6.161000012440583e-05,7.999999797903001e-05
-6.16000001244666e-05,0.00011999999696854502
-6.159000012452738e-05,0.00011999999696854502
-6.158000012458816e-05,7.999999797903001e-05
-6.157000012464893e-05,0.00011999999696854502
-6.15600001247097e-05,7.999999797903001e-05
-6.155000012477048e-05,0.00011999999696854502
-6.154000012483125e-05,7.999999797903001e-05
-6.153000012489203e-05,7.999999797903001e-05
-6.15200001249528e-05,7.999999797903001e-05
-6.151000012501358e-05,0.00011999999696854502
-6.150000012507435e-05,0.00011999999696854502
-6.149000012513513e-05,0.00011999999696854502
-6.14800001251959e-05,0.00011999999696854502
-6.147000012525668e-05,0.00011999999696854502
-6.146000012531745e-05,0.00011999999696854502
-6.145000012537823e-05,7.999999797903001e-05
-6.1440000125439e-05,3.9999998989515007e-05
-6.143000012549978e-05,0.00019999999494757503
-6.142000012556055e-05,0.00027999999292660505
-6.141000012562133e-05,-3.9999998989515007e-05
-6.14000001256821e-05,-3.9999998989515007e-05
-6.139000012574287e-05,0.00011999999696854502
-6.138000012580365e-05,0.00015999999595806003
-6.137000012586442e-05,0.00019999999494757503
-6.13600001259252e-05,0.00015999999595806003
-6.135000012598597e-05,3.9999998989515007e-05
-6.134000012604675e-05,3.9999998989515007e-05
-6.133000012610752e-05,0.00011999999696854502
-6.13200001261683e-05,0.00015999999595806003
-6.131000012622907e-05,0.00011999999696854502
-6.130000012628985e-05,7.999999797903001e-05
-6.129000012635062e-05,7.999999797903001e-05
-6.12800001264114e-05,0.00015999999595806003
-6.127000012647217e-05,0.00011999999696854502
-6.126000012653295e-05,7.999999797903001e-05
-6.125000012659372e-05,0.00011999999696854502
-6.12400001266545e-05,0.00011999999696854502
-6.123000012671527e-05,0.00011999999696854502
-6.122000012677604e-05,7.999999797903001e-05
-6.121000012683682e-05,7.999999797903001e-05
-6.12000001268976e-05,0.00015999999595806003
-6.119000012695837e-05,0.00011999999696854502
-6.118000012701914e-05,7.999999797903001e-05
-6.117000012707992e-05,7.999999797903001e-05
-6.116000012714069e-05,0.00011999999696854502
-6.115000012720147e-05,0.00015999999595806003
-6.114000012726224e-05,0.00011999999696854502
-6.113000012732302e-05,7.999999797903001e-05
-6.112000012738379e-05,7.999999797903001e-05
-6.111000012744457e-05,0.00011999999696854502
-6.110000012750534e-05,7.999999797903001e-05
-6.109000012756612e-05,7.999999797903001e-05
-6.108000012762689e-05,0.00011999999696854502
-6.107000012768767e-05,0.00011999999696854502
-6.106000012774844e-05,0.00011999999696854502
-6.105000012780921e-05,7.999999797903001e-05
-6.104000012786999e-05,7.999999797903001e-05
-6.1030000127930764e-05,0.00011999999696854502
-6.102000012799154e-05,0.00011999999696854502
-6.1010000128052314e-05,0.00011999999696854502
-6.100000012811309e-05,7.999999797903001e-05
-6.099000012817386e-05,7.999999797903001e-05
-6.098000012823464e-05,7.999999797903001e-05
-6.097000012829541e-05,7.999999797903001e-05
-6.096000012835619e-05,0.00011999999696854502
-6.095000012841696e-05,0.00011999999696854502
-6.0940000128477737e-05,0.00011999999696854502
-6.093000012853851e-05,7.999999797903001e-05
-6.0920000128599286e-05,7.999999797903001e-05
-6.091000012866006e-05,7.999999797903001e-05
-6.0900000128720835e-05,7.999999797903001e-05
-6.089000012878161e-05,0.00011999999696854502
-6.0880000128842385e-05,0.00011999999696854502
-6.087000012890316e-05,7.999999797903001e-05
-6.0860000128963934e-05,7.999999797903001e-05
-6.085000012902471e-05,7.999999797903001e-05
-6.0840000129085484e-05,0.00011999999696854502
-6.083000012914626e-05,7.999999797903001e-05
-6.082000012920703e-05,7.999999797903001e-05
-6.081000012926781e-05,0.00011999999696854502
-6.080000012932858e-05,7.999999797903001e-05
-6.079000012938936e-05,7.999999797903001e-05
-6.078000012945013e-05,7.999999797903001e-05
-6.0770000129510907e-05,7.999999797903001e-05
-6.076000012957168e-05,0.00011999999696854502
-6.0750000129632456e-05,7.999999797903001e-05
-6.074000012969323e-05,7.999999797903001e-05
-6.0730000129754005e-05,0.00011999999696854502
-6.072000012981478e-05,0.00011999999696854502
-6.0710000129875555e-05,7.999999797903001e-05
-6.070000012993633e-05,7.999999797903001e-05
-6.0690000129997104e-05,7.999999797903001e-05
-6.068000013005788e-05,7.999999797903001e-05
-6.0670000130118654e-05,7.999999797903001e-05
-6.066000013017943e-05,7.999999797903001e-05
-6.06500001302402e-05,7.999999797903001e-05
-6.064000013030098e-05,7.999999797903001e-05
-6.063000013036175e-05,7.999999797903001e-05
-6.062000013042253e-05,7.999999797903001e-05
-6.06100001304833e-05,7.999999797903001e-05
-6.060000013054408e-05,7.999999797903001e-05
-6.059000013060485e-05,7.999999797903001e-05
-6.0580000130665626e-05,0.00011999999696854502
-6.05700001307264e-05,7.999999797903001e-05
-6.0560000130787175e-05,7.999999797903001e-05
-6.055000013084795e-05,0.00011999999696854502
-6.0540000130908725e-05,0.00011999999696854502
-6.05300001309695e-05,0.00011999999696854502
-6.0520000131030274e-05,7.999999797903001e-05
-6.051000013109105e-05,7.999999797903001e-05
-6.0500000131151824e-05,0.00011999999696854502
-6.04900001312126e-05,0.00011999999696854502
-6.048000013127337e-05,7.999999797903001e-05
-6.047000013133415e-05,7.999999797903001e-05
-6.046000013139492e-05,0.00011999999696854502
-6.04500001314557e-05,7.999999797903001e-05
-6.044000013151647e-05,7.999999797903001e-05
-6.043000013157725e-05,7.999999797903001e-05
-6.042000013163802e-05,7.999999797903001e-05
-6.0410000131698796e-05,0.00011999999696854502
-6.040000013175957e-05,7.999999797903001e-05
-6.0390000131820346e-05,7.999999797903001e-05
-6.038000013188112e-05,0.00011999999696854502
-6.0370000131941895e-05,0.00011999999696854502
-6.036000013200267e-05,7.999999797903001e-05
-6.0350000132063444e-05,7.999999797903001e-05
-6.034000013212422e-05,7.999999797903001e-05
-6.0330000132184994e-05,0.00011999999696854502
-6.032000013224577e-05,7.999999797903001e-05
-6.031000013230654e-05,7.999999797903001e-05
-6.030000013236732e-05,0.00011999999696854502
-6.029000013242809e-05,0.00011999999696854502
-6.028000013248887e-05,0.00011999999696854502
-6.027000013254964e-05,7.999999797903001e-05
-6.026000013261042e-05,7.999999797903001e-05
-6.025000013267119e-05,7.999999797903001e-05
-6.0240000132731966e-05,7.999999797903001e-05
-6.023000013279274e-05,7.999999797903001e-05
-6.0220000132853516e-05,7.999999797903001e-05
-6.021000013291429e-05,7.999999797903001e-05
-6.0200000132975065e-05,0.00011999999696854502
-6.019000013303584e-05,7.999999797903001e-05
-6.0180000133096614e-05,7.999999797903001e-05
-6.017000013315739e-05,7.999999797903001e-05
-6.0160000133218164e-05,0.00011999999696854502
-6.015000013327894e-05,0.00011999999696854502
-6.014000013333971e-05,7.999999797903001e-05
-6.013000013340049e-05,0.00011999999696854502
-6.012000013346126e-05,7.999999797903001e-05
-6.011000013352204e-05,7.999999797903001e-05
-6.010000013358281e-05,7.999999797903001e-05
-6.009000013364359e-05,7.999999797903001e-05
-6.008000013370436e-05,0.00011999999696854502
-6.0070000133765136e-05,7.999999797903001e-05
-6.006000013382591e-05,0.00011999999696854502
-6.0050000133886686e-05,7.999999797903001e-05
-6.004000013394746e-05,7.999999797903001e-05
-6.0030000134008235e-05,7.999999797903001e-05
-6.002000013406901e-05,0.00011999999696854502
-6.0010000134129785e-05,0.00011999999696854502
-6.000000013419056e-05,0.00011999999696854502
-5.9990000134251334e-05,7.999999797903001e-05
-5.998000013431211e-05,0.00011999999696854502
-5.997000013437288e-05,0.00011999999696854502
-5.996000013443366e-05,0.00011999999696854502
-5.995000013449443e-05,7.999999797903001e-05
-5.994000013455521e-05,7.999999797903001e-05
-5.993000013461598e-05,0.00011999999696854502
-5.992000013467676e-05,7.999999797903001e-05
-5.991000013473753e-05,7.999999797903001e-05
-5.9900000134798306e-05,7.999999797903001e-05
-5.989000013485908e-05,0.00011999999696854502
-5.9880000134919856e-05,0.00011999999696854502
-5.987000013498063e-05,7.999999797903001e-05
-5.9860000135041405e-05,7.999999797903001e-05
-5.985000013510218e-05,7.999999797903001e-05
-5.9840000135162955e-05,0.00011999999696854502
-5.983000013522373e-05,7.999999797903001e-05
-5.9820000135284504e-05,7.999999797903001e-05
-5.981000013534528e-05,0.00011999999696854502
-5.9800000135406053e-05,0.00011999999696854502
-5.979000013546683e-05,0.00011999999696854502
-5.97800001355276e-05,7.999999797903001e-05
-5.977000013558838e-05,7.999999797903001e-05
-5.976000013564915e-05,0.00011999999696854502
-5.975000013570993e-05,7.999999797903001e-05
-5.97400001357707e-05,7.999999797903001e-05
-5.9730000135831476e-05,7.999999797903001e-05
-5.972000013589225e-05,0.00011999999696854502
-5.9710000135953026e-05,7.999999797903001e-05
-5.97000001360138e-05,0.00011999999696854502
-5.9690000136074575e-05,7.999999797903001e-05
-5.968000013613535e-05,7.999999797903001e-05
-5.9670000136196125e-05,0.00011999999696854502
-5.96600001362569e-05,0.00011999999696854502
-5.9650000136317674e-05,7.999999797903001e-05
-5.964000013637845e-05,7.999999797903001e-05
-5.9630000136439223e-05,7.999999797903001e-05
-5.96200001365e-05,7.999999797903001e-05
-5.961000013656077e-05,7.999999797903001e-05
-5.960000013662155e-05,7.999999797903001e-05
-5.959000013668232e-05,0.00011999999696854502
-5.95800001367431e-05,7.999999797903001e-05
-5.957000013680387e-05,0.00011999999696854502
-5.9560000136864646e-05,0.00011999999696854502
-5.955000013692542e-05,0.00011999999696854502
-5.9540000136986196e-05,7.999999797903001e-05
-5.953000013704697e-05,0.00011999999696854502
-5.9520000137107745e-05,7.999999797903001e-05
-5.951000013716852e-05,0.00011999999696854502
-5.9500000137229295e-05,0.00011999999696854502
-5.949000013729007e-05,0.00011999999696854502
-5.9480000137350844e-05,7.999999797903001e-05
-5.947000013741162e-05,7.999999797903001e-05
-5.9460000137472394e-05,7.999999797903001e-05
-5.945000013753317e-05,0.00011999999696854502
-5.944000013759394e-05,0.00011999999696854502
-5.943000013765472e-05,0.00011999999696854502
-5.942000013771549e-05,0.00011999999696854502
-5.941000013777627e-05,0.00011999999696854502
-5.940000013783704e-05,0.00011999999696854502
-5.9390000137897817e-05,7.999999797903001e-05
-5.938000013795859e-05,7.999999797903001e-05
-5.9370000138019366e-05,0.00011999999696854502
-5.936000013808014e-05,7.999999797903001e-05
-5.9350000138140915e-05,0.00011999999696854502
-5.934000013820169e-05,0.00011999999696854502
-5.9330000138262465e-05,0.00011999999696854502
-5.932000013832324e-05,0.00011999999696854502
-5.9310000138384014e-05,0.00011999999696854502
-5.930000013844479e-05,7.999999797903001e-05
-5.9290000138505564e-05,0.00011999999696854502
-5.928000013856634e-05,0.00011999999696854502
-5.927000013862711e-05,0.00011999999696854502
-5.926000013868789e-05,0.00011999999696854502
-5.925000013874866e-05,0.00011999999696854502
-5.924000013880944e-05,0.00011999999696854502
-5.923000013887021e-05,0.00011999999696854502
-5.9220000138930987e-05,7.999999797903001e-05
-5.921000013899176e-05,0.00011999999696854502
-5.9200000139052536e-05,0.00011999999696854502
-5.919000013911331e-05,0.00011999999696854502
-5.9180000139174085e-05,7.999999797903001e-05
-5.917000013923486e-05,7.999999797903001e-05
-5.9160000139295635e-05,0.00011999999696854502
-5.915000013935641e-05,0.00011999999696854502
-5.9140000139417184e-05,0.00011999999696854502
-5.913000013947796e-05,0.00011999999696854502
-5.9120000139538734e-05,0.00011999999696854502
-5.911000013959951e-05,0.00011999999696854502
-5.910000013966028e-05,0.00011999999696854502
-5.909000013972106e-05,0.00011999999696854502
-5.908000013978183e-05,0.00011999999696854502
-5.907000013984261e-05,0.00011999999696854502
-5.906000013990338e-05,0.00011999999696854502
-5.905000013996416e-05,0.00011999999696854502
-5.904000014002493e-05,0.00011999999696854502
-5.9030000140085706e-05,0.00011999999696854502
-5.902000014014648e-05,0.00011999999696854502
-5.9010000140207255e-05,0.00011999999696854502
-5.900000014026803e-05,0.00011999999696854502
-5.8990000140328805e-05,0.00011999999696854502
-5.898000014038958e-05,0.00011999999696854502
-5.8970000140450354e-05,0.00011999999696854502
-5.896000014051113e-05,0.00011999999696854502
-5.8950000140571904e-05,0.00011999999696854502
-5.894000014063268e-05,0.00011999999696854502
-5.893000014069345e-05,0.00011999999696854502
-5.892000014075423e-05,0.00011999999696854502
-5.8910000140815e-05,0.00011999999696854502
-5.890000014087578e-05,0.00011999999696854502
-5.889000014093655e-05,0.00011999999696854502
-5.888000014099733e-05,0.00011999999696854502
-5.88700001410581e-05,0.00011999999696854502
-5.8860000141118876e-05,0.00011999999696854502
-5.885000014117965e-05,0.00011999999696854502
-5.8840000141240426e-05,0.00011999999696854502
-5.88300001413012e-05,0.00011999999696854502
-5.8820000141361975e-05,0.00011999999696854502
-5.881000014142275e-05,0.00011999999696854502
-5.8800000141483524e-05,0.00011999999696854502
-5.87900001415443e-05,0.00011999999696854502
-5.8780000141605074e-05,0.00015999999595806003
-5.877000014166585e-05,0.00011999999696854502
-5.876000014172662e-05,0.00011999999696854502
-5.87500001417874e-05,0.00011999999696854502
-5.874000014184817e-05,0.00015999999595806003
-5.873000014190895e-05,0.00015999999595806003
-5.872000014196972e-05,0.00011999999696854502
-5.87100001420305e-05,0.00011999999696854502
-5.870000014209127e-05,0.00015999999595806003
-5.8690000142152046e-05,0.00011999999696854502
-5.868000014221282e-05,0.00011999999696854502
-5.8670000142273596e-05,0.00011999999696854502
-5.866000014233437e-05,0.00011999999696854502
-5.8650000142395145e-05,0.00011999999696854502
-5.864000014245592e-05,0.00011999999696854502
-5.8630000142516694e-05,0.00011999999696854502
-5.862000014257747e-05,0.00011999999696854502
-5.8610000142638244e-05,0.00011999999696854502
-5.860000014269902e-05,0.00015999999595806003
-5.859000014275979e-05,0.00015999999595806003
-5.858000014282057e-05,0.00015999999595806003
-5.857000014288134e-05,0.00015999999595806003
-5.856000014294212e-05,0.00011999999696854502
-5.855000014300289e-05,0.00015999999595806003
-5.854000014306367e-05,0.00015999999595806003
-5.853000014312444e-05,0.00015999999595806003
-5.8520000143185216e-05,0.00015999999595806003
-5.851000014324599e-05,0.00015999999595806003
-5.8500000143306766e-05,0.00015999999595806003
-5.849000014336754e-05,0.00015999999595806003
-5.8480000143428315e-05,0.00015999999595806003
-5.847000014348909e-05,0.00015999999595806003
-5.8460000143549865e-05,0.00015999999595806003
-5.845000014361064e-05,0.00015999999595806003
-5.8440000143671414e-05,0.00015999999595806003
-5.843000014373219e-05,0.00015999999595806003
-5.842000014379296e-05,0.00019999999494757503
-5.841000014385374e-05,0.00015999999595806003
-5.840000014391451e-05,0.00015999999595806003
-5.839000014397529e-05,0.00015999999595806003
-5.838000014403606e-05,0.00015999999595806003
-5.837000014409684e-05,0.00015999999595806003
-5.836000014415761e-05,0.00015999999595806003
-5.8350000144218386e-05,0.00015999999595806003
-5.834000014427916e-05,0.00015999999595806003
-5.8330000144339936e-05,0.00019999999494757503
-5.832000014440071e-05,0.00015999999595806003
-5.8310000144461485e-05,0.00015999999595806003
-5.830000014452226e-05,0.00015999999595806003
-5.8290000144583035e-05,0.00019999999494757503
-5.828000014464381e-05,0.00019999999494757503
-5.8270000144704584e-05,0.00015999999595806003
-5.826000014476536e-05,0.00019999999494757503
-5.8250000144826133e-05,0.00019999999494757503
-5.824000014488691e-05,0.00015999999595806003
-5.823000014494768e-05,0.00019999999494757503
-5.822000014500846e-05,0.00019999999494757503
-5.821000014506923e-05,0.00019999999494757503
-5.820000014513001e-05,0.00019999999494757503
-5.819000014519078e-05,0.00019999999494757503
-5.8180000145251556e-05,0.00019999999494757503
-5.817000014531233e-05,0.00019999999494757503
-5.8160000145373106e-05,0.00019999999494757503
-5.815000014543388e-05,0.00019999999494757503
-5.8140000145494655e-05,0.00019999999494757503
-5.813000014555543e-05,0.00019999999494757503
-5.8120000145616205e-05,0.00019999999494757503
-5.811000014567698e-05,0.00019999999494757503
-5.8100000145737754e-05,0.00019999999494757503
-5.809000014579853e-05,0.00019999999494757503
-5.8080000145859303e-05,0.00019999999494757503
-5.807000014592008e-05,0.00019999999494757503
-5.806000014598085e-05,0.00019999999494757503
-5.805000014604163e-05,0.00019999999494757503
-5.80400001461024e-05,0.00019999999494757503
-5.803000014616318e-05,0.00023999999393709004
-5.802000014622395e-05,0.00019999999494757503
-5.8010000146284726e-05,0.00019999999494757503
-5.80000001463455e-05,0.00023999999393709004
-5.7990000146406276e-05,0.00019999999494757503
-5.798000014646705e-05,0.00023999999393709004
-5.7970000146527825e-05,0.00023999999393709004
-5.79600001465886e-05,0.00023999999393709004
-5.7950000146649375e-05,0.00023999999393709004
-5.794000014671015e-05,0.00023999999393709004
-5.7930000146770924e-05,0.00027999999292660505
-5.79200001468317e-05,0.00023999999393709004
-5.7910000146892474e-05,0.00023999999393709004
-5.790000014695325e-05,0.00023999999393709004
-5.789000014701402e-05,0.00023999999393709004
-5.78800001470748e-05,0.00027999999292660505
-5.787000014713557e-05,0.00023999999393709004
-5.786000014719635e-05,0.00023999999393709004
-5.785000014725712e-05,0.00027999999292660505
-5.7840000147317897e-05,0.00027999999292660505
-5.783000014737867e-05,0.00023999999393709004
-5.7820000147439446e-05,0.00027999999292660505
-5.781000014750022e-05,0.00027999999292660505
-5.7800000147560995e-05,0.00027999999292660505
-5.779000014762177e-05,0.00027999999292660505
-5.7780000147682545e-05,0.00027999999292660505
-5.777000014774332e-05,0.00027999999292660505
-5.7760000147804094e-05,0.00027999999292660505
-5.775000014786487e-05,0.00027999999292660505
-5.7740000147925644e-05,0.00027999999292660505
-5.773000014798642e-05,0.00027999999292660505
-5.772000014804719e-05,0.00027999999292660505
-5.771000014810797e-05,0.00027999999292660505
-5.770000014816874e-05,0.00027999999292660505
-5.769000014822952e-05,0.00031999999191612005
-5.768000014829029e-05,0.00031999999191612005
-5.7670000148351067e-05,0.00031999999191612005
-5.766000014841184e-05,0.00031999999191612005
-5.7650000148472616e-05,0.00031999999191612005
-5.764000014853339e-05,0.00031999999191612005
-5.7630000148594165e-05,0.00031999999191612005
-5.762000014865494e-05,0.00031999999191612005
-5.7610000148715715e-05,0.00031999999191612005
-5.760000014877649e-05,0.00035999999090563506
-5.7590000148837264e-05,0.00035999999090563506
-5.758000014889804e-05,0.00031999999191612005
-5.7570000148958814e-05,0.00035999999090563506
-5.756000014901959e-05,0.00035999999090563506
-5.755000014908036e-05,0.00035999999090563506
-5.754000014914114e-05,0.00035999999090563506
-5.753000014920191e-05,0.00035999999090563506
-5.752000014926269e-05,0.00039999998989515007
-5.751000014932346e-05,0.00035999999090563506
-5.750000014938424e-05,0.00035999999090563506
-5.749000014944501e-05,0.00035999999090563506
-5.7480000149505786e-05,0.00039999998989515007
-5.747000014956656e-05,0.00039999998989515007
-5.7460000149627335e-05,0.00039999998989515007
-5.745000014968811e-05,0.00039999998989515007
-5.7440000149748885e-05,0.00039999998989515007
-5.743000014980966e-05,0.00039999998989515007
-5.7420000149870434e-05,0.00039999998989515007
-5.741000014993121e-05,0.00039999998989515007
-5.7400000149991984e-05,0.00039999998989515007
-5.739000015005276e-05,0.00039999998989515007
-5.738000015011353e-05,0.00039999998989515007
-5.737000015017431e-05,0.00039999998989515007
-5.736000015023508e-05,0.00043999998888466507
-5.735000015029586e-05,0.00043999998888466507
-5.734000015035663e-05,0.00043999998888466507
-5.733000015041741e-05,0.00043999998888466507
-5.732000015047818e-05,0.00043999998888466507
-5.7310000150538956e-05,0.00043999998888466507
-5.730000015059973e-05,0.00043999998888466507
-5.7290000150660506e-05,0.00043999998888466507
-5.728000015072128e-05,0.00043999998888466507
-5.7270000150782055e-05,0.00043999998888466507
-5.726000015084283e-05,0.0004799999878741801
-5.7250000150903604e-05,0.0004799999878741801
-5.724000015096438e-05,0.0004799999878741801
-5.7230000151025154e-05,0.0004799999878741801
-5.722000015108593e-05,0.0004799999878741801
-5.72100001511467e-05,0.0004799999878741801
-5.720000015120748e-05,0.0004799999878741801
-5.719000015126825e-05,0.0005199999868636951
-5.718000015132903e-05,0.0004799999878741801
-5.71700001513898e-05,0.0005199999868636951
-5.716000015145058e-05,0.0005199999868636951
-5.715000015151135e-05,0.0005199999868636951
-5.7140000151572126e-05,0.0005199999868636951
-5.71300001516329e-05,0.0005199999868636951
-5.7120000151693676e-05,0.0005199999868636951
-5.711000015175445e-05,0.0005199999868636951
-5.7100000151815225e-05,0.0005199999868636951
-5.7090000151876e-05,0.0005199999868636951
-5.7080000151936774e-05,0.0005599999858532101
-5.707000015199755e-05,0.0005599999858532101
-5.7060000152058324e-05,0.0005199999868636951
-5.70500001521191e-05,0.0005599999858532101
-5.704000015217987e-05,0.0005599999858532101
-5.703000015224065e-05,0.0005999999848427251
-5.702000015230142e-05,0.0005599999858532101
-5.70100001523622e-05,0.0005599999858532101
-5.700000015242297e-05,0.0005599999858532101
-5.699000015248375e-05,0.0005999999848427251
-5.698000015254452e-05,0.0005999999848427251
-5.6970000152605296e-05,0.0005999999848427251
-5.696000015266607e-05,0.0005999999848427251
-5.6950000152726846e-05,0.0005999999848427251
-5.694000015278762e-05,0.0005999999848427251
-5.6930000152848395e-05,0.0005999999848427251
-5.692000015290917e-05,0.0005999999848427251
-5.6910000152969945e-05,0.0006399999838322401
-5.690000015303072e-05,0.0006399999838322401
-5.6890000153091494e-05,0.0006399999838322401
-5.688000015315227e-05,0.0006399999838322401
-5.687000015321304e-05,0.0006399999838322401
-5.686000015327382e-05,0.0006399999838322401
-5.685000015333459e-05,0.0006399999838322401
-5.684000015339537e-05,0.0006399999838322401
-5.683000015345614e-05,0.0006799999828217551
-5.682000015351692e-05,0.0006799999828217551
-5.681000015357769e-05,0.0006799999828217551
-5.6800000153638466e-05,0.0006799999828217551
-5.679000015369924e-05,0.0006799999828217551
-5.6780000153760016e-05,0.0006799999828217551
-5.677000015382079e-05,0.0006799999828217551
-5.6760000153881565e-05,0.0007199999818112701
-5.675000015394234e-05,0.0007199999818112701
-5.6740000154003115e-05,0.0007199999818112701
-5.673000015406389e-05,0.0007199999818112701
-5.6720000154124664e-05,0.0007199999818112701
-5.671000015418544e-05,0.0007199999818112701
-5.6700000154246213e-05,0.0007599999808007851
-5.669000015430699e-05,0.0007199999818112701
-5.668000015436776e-05,0.0007599999808007851
-5.667000015442854e-05,0.0007599999808007851
-5.666000015448931e-05,0.0007599999808007851
-5.665000015455009e-05,0.0007599999808007851
-5.664000015461086e-05,0.0007599999808007851
-5.6630000154671636e-05,0.0007999999797903001
-5.662000015473241e-05,0.0007999999797903001
-5.6610000154793186e-05,0.0007599999808007851
-5.660000015485396e-05,0.0007999999797903001
-5.6590000154914735e-05,0.0007999999797903001
-5.658000015497551e-05,0.0007999999797903001
-5.6570000155036285e-05,0.0007999999797903001
-5.656000015509706e-05,0.0007999999797903001
-5.6550000155157834e-05,0.0007999999797903001
-5.654000015521861e-05,0.0008399999787798151
-5.6530000155279383e-05,0.0008399999787798151
-5.652000015534016e-05,0.0008399999787798151
-5.651000015540093e-05,0.0008399999787798151
-5.650000015546171e-05,0.0008399999787798151
-5.649000015552248e-05,0.0008799999777693301
-5.648000015558326e-05,0.0008799999777693301
-5.647000015564403e-05,0.0008399999787798151
-5.6460000155704806e-05,0.0008799999777693301
-5.645000015576558e-05,0.0008799999777693301
-5.6440000155826356e-05,0.0008799999777693301
-5.643000015588713e-05,0.0008799999777693301
-5.6420000155947905e-05,0.0008799999777693301
-5.641000015600868e-05,0.0008799999777693301
-5.6400000156069455e-05,0.0008799999777693301
-5.639000015613023e-05,0.0009199999767588452
-5.6380000156191004e-05,0.0009199999767588452
-5.637000015625178e-05,0.0009199999767588452
-5.6360000156312554e-05,0.0009199999767588452
-5.635000015637333e-05,0.0009199999767588452
-5.63400001564341e-05,0.0009199999767588452
-5.633000015649488e-05,0.0009599999757483602
-5.632000015655565e-05,0.0009199999767588452
-5.631000015661643e-05,0.0009599999757483602
-5.63000001566772e-05,0.0009199999767588452
-5.6290000156737977e-05,0.0009599999757483602
-5.628000015679875e-05,0.0009599999757483602
-5.6270000156859526e-05,0.0009599999757483602
-5.62600001569203e-05,0.0009599999757483602
-5.6250000156981075e-05,0.0009599999757483602
-5.624000015704185e-05,0.0009599999757483602
-5.6230000157102625e-05,0.0009999999747378752
-5.62200001571634e-05,0.0009599999757483602
-5.6210000157224174e-05,0.0009599999757483602
-5.620000015728495e-05,0.0009999999747378752
-5.6190000157345724e-05,0.0009999999747378752
-5.61800001574065e-05,0.0009999999747378752
-5.617000015746727e-05,0.0009999999747378752
-5.616000015752805e-05,0.0009999999747378752
-5.615000015758882e-05,0.0009999999747378752
-5.61400001576496e-05,0.0010399999737273902
-5.613000015771037e-05,0.0010399999737273902
-5.6120000157771147e-05,0.0009999999747378752
-5.611000015783192e-05,0.0010399999737273902
-5.6100000157892696e-05,0.0010399999737273902
-5.609000015795347e-05,0.0010799999727169052
-5.6080000158014245e-05,0.0010399999737273902
-5.607000015807502e-05,0.0010399999737273902
-5.6060000158135795e-05,0.0010399999737273902
-5.605000015819657e-05,0.0010799999727169052
-5.6040000158257344e-05,0.0010799999727169052
-5.603000015831812e-05,0.0010399999737273902
-5.6020000158378894e-05,0.0010799999727169052
-5.601000015843967e-05,0.0010799999727169052
-5.600000015850044e-05,0.0010799999727169052
-5.599000015856122e-05,0.0010799999727169052
-5.598000015862199e-05,0.0010799999727169052
-5.597000015868277e-05,0.0010799999727169052
-5.596000015874354e-05,0.0010799999727169052
-5.595000015880432e-05,0.0011199999717064202
-5.594000015886509e-05,0.0011199999717064202
-5.5930000158925866e-05,0.0011199999717064202
-5.592000015898664e-05,0.0011199999717064202
-5.5910000159047415e-05,0.0011199999717064202
-5.590000015910819e-05,0.0011199999717064202
-5.5890000159168965e-05,0.0011199999717064202
-5.588000015922974e-05,0.0011199999717064202
-5.5870000159290514e-05,0.0011199999717064202
-5.586000015935129e-05,0.0011199999717064202
-5.5850000159412064e-05,0.0011599999706959352
-5.584000015947284e-05,0.0011599999706959352
-5.583000015953361e-05,0.0011599999706959352
-5.582000015959439e-05,0.0011599999706959352
-5.581000015965516e-05,0.0011599999706959352
-5.580000015971594e-05,0.0011599999706959352
-5.579000015977671e-05,0.0011599999706959352
-5.578000015983749e-05,0.0011599999706959352
-5.577000015989826e-05,0.0011599999706959352
-5.5760000159959036e-05,0.0011599999706959352
-5.575000016001981e-05,0.0011599999706959352
-5.5740000160080586e-05,0.0011599999706959352
-5.573000016014136e-05,0.0011999999696854502
-5.5720000160202135e-05,0.0011999999696854502
-5.571000016026291e-05,0.0011999999696854502
-5.5700000160323684e-05,0.0011999999696854502
-5.569000016038446e-05,0.0011999999696854502
-5.5680000160445234e-05,0.0011999999696854502
-5.567000016050601e-05,0.0011999999696854502
-5.566000016056678e-05,0.0011999999696854502
-5.565000016062756e-05,0.0011999999696854502
-5.564000016068833e-05,0.0012399999686749652
-5.563000016074911e-05,0.0012399999686749652
-5.562000016080988e-05,0.0012399999686749652
-5.561000016087066e-05,0.0012399999686749652
-5.560000016093143e-05,0.0011999999696854502
-5.5590000160992206e-05,0.0012399999686749652
-5.558000016105298e-05,0.0012399999686749652
-5.5570000161113756e-05,0.0012399999686749652
-5.556000016117453e-05,0.0012399999686749652
-5.5550000161235305e-05,0.0012399999686749652
-5.554000016129608e-05,0.0012399999686749652
-5.5530000161356854e-05,0.0012399999686749652
-5.552000016141763e-05,0.0012399999686749652
-5.5510000161478404e-05,0.0012399999686749652
-5.550000016153918e-05,0.0012399999686749652
-5.549000016159995e-05,0.0012799999676644802
-5.548000016166073e-05,0.0012799999676644802
-5.54700001617215e-05,0.0012799999676644802
-5.546000016178228e-05,0.0012799999676644802
-5.545000016184305e-05,0.0012799999676644802
-5.544000016190383e-05,0.0012799999676644802
-5.54300001619646e-05,0.0012799999676644802
-5.5420000162025376e-05,0.0012799999676644802
-5.541000016208615e-05,0.0012799999676644802
-5.5400000162146926e-05,0.0012799999676644802
-5.53900001622077e-05,0.0012799999676644802
-5.5380000162268475e-05,0.0012799999676644802
-5.537000016232925e-05,0.0012799999676644802
-5.5360000162390025e-05,0.0012799999676644802
-5.53500001624508e-05,0.0012799999676644802
-5.5340000162511574e-05,0.0012799999676644802
-5.533000016257235e-05,0.0012799999676644802
-5.532000016263312e-05,0.0013199999666539952
-5.53100001626939e-05,0.0013199999666539952
-5.530000016275467e-05,0.0013199999666539952
-5.529000016281545e-05,0.0013199999666539952
-5.528000016287622e-05,0.0013199999666539952
-5.5270000162937e-05,0.0013199999666539952
-5.526000016299777e-05,0.0013199999666539952
-5.5250000163058546e-05,0.0013199999666539952
-5.524000016311932e-05,0.0013199999666539952
-5.5230000163180096e-05,0.0013199999666539952
-5.522000016324087e-05,0.0013199999666539952
-5.5210000163301645e-05,0.0013199999666539952
-5.520000016336242e-05,0.0013199999666539952
-5.5190000163423195e-05,0.0013199999666539952
-5.518000016348397e-05,0.0013199999666539952
-5.5170000163544744e-05,0.0013199999666539952
-5.516000016360552e-05,0.0013199999666539952
-5.5150000163666293e-05,0.0013199999666539952
-5.514000016372707e-05,0.0013599999656435102
-5.513000016378784e-05,0.0013199999666539952
-5.512000016384862e-05,0.0013599999656435102
-5.511000016390939e-05,0.0013599999656435102
-5.510000016397017e-05,0.0013599999656435102
-5.509000016403094e-05,0.0013599999656435102
-5.5080000164091716e-05,0.0013599999656435102
-5.507000016415249e-05,0.0013199999666539952
-5.5060000164213266e-05,0.0013599999656435102
-5.505000016427404e-05,0.0013599999656435102
-5.5040000164334815e-05,0.0013599999656435102
-5.503000016439559e-05,0.0013599999656435102
-5.5020000164456365e-05,0.0013599999656435102
-5.501000016451714e-05,0.0013599999656435102
-5.5000000164577914e-05,0.0013599999656435102
-5.499000016463869e-05,0.0013599999656435102
-5.4980000164699463e-05,0.0013599999656435102
-5.497000016476024e-05,0.0013599999656435102
-5.496000016482101e-05,0.0013599999656435102
-5.495000016488179e-05,0.0013599999656435102
-5.494000016494256e-05,0.0013599999656435102
-5.493000016500334e-05,0.0013599999656435102
-5.492000016506411e-05,0.0013599999656435102
-5.4910000165124886e-05,0.0013599999656435102
-5.490000016518566e-05,0.0013599999656435102
-5.4890000165246436e-05,0.0013599999656435102
-5.488000016530721e-05,0.0013599999656435102
-5.4870000165367985e-05,0.0013599999656435102
-5.486000016542876e-05,0.0013599999656435102
-5.4850000165489535e-05,0.0013599999656435102
-5.484000016555031e-05,0.0013599999656435102
-5.4830000165611084e-05,0.0013599999656435102
-5.482000016567186e-05,0.0013599999656435102
-5.4810000165732634e-05,0.0013599999656435102
-5.480000016579341e-05,0.0013599999656435102
-5.479000016585418e-05,0.0013599999656435102
-5.478000016591496e-05,0.0013599999656435102
-5.477000016597573e-05,0.0013599999656435102
-5.476000016603651e-05,0.0013599999656435102
-5.475000016609728e-05,0.0013599999656435102
-5.4740000166158057e-05,0.0013599999656435102
-5.473000016621883e-05,0.0013599999656435102
-5.4720000166279606e-05,0.0013599999656435102
-5.471000016634038e-05,0.0013599999656435102
-5.4700000166401155e-05,0.0013599999656435102
-5.469000016646193e-05,0.0013599999656435102
-5.4680000166522705e-05,0.0013599999656435102
-5.467000016658348e-05,0.0013599999656435102
-5.4660000166644254e-05,0.0013599999656435102
-5.465000016670503e-05,0.0013599999656435102
-5.4640000166765804e-05,0.0013599999656435102
-5.463000016682658e-05,0.0013599999656435102
-5.462000016688735e-05,0.0013599999656435102
-5.461000016694813e-05,0.0013599999656435102
-5.46000001670089e-05,0.0013599999656435102
-5.459000016706968e-05,0.0013999999646330252
-5.458000016713045e-05,0.0013999999646330252
-5.4570000167191227e-05,0.0013599999656435102
-5.4560000167252e-05,0.0013599999656435102
-5.4550000167312776e-05,0.0013599999656435102
-5.454000016737355e-05,0.0013599999656435102
-5.4530000167434325e-05,0.0013599999656435102
-5.45200001674951e-05,0.0013599999656435102
-5.4510000167555875e-05,0.0013599999656435102
-5.450000016761665e-05,0.0013599999656435102
-5.4490000167677424e-05,0.0013599999656435102
-5.44800001677382e-05,0.0013599999656435102
-5.4470000167798974e-05,0.0013599999656435102
-5.446000016785975e-05,0.0013599999656435102
-5.445000016792052e-05,0.0013599999656435102
-5.44400001679813e-05,0.0013599999656435102
-5.443000016804207e-05,0.0013599999656435102
-5.442000016810285e-05,0.0013599999656435102
-5.441000016816362e-05,0.0013599999656435102
-5.44000001682244e-05,0.0013599999656435102
-5.439000016828517e-05,0.0013599999656435102
-5.4380000168345946e-05,0.0013599999656435102
-5.437000016840672e-05,0.0013599999656435102
-5.4360000168467495e-05,0.0013599999656435102
-5.435000016852827e-05,0.0013599999656435102
-5.4340000168589045e-05,0.0013599999656435102
-5.433000016864982e-05,0.0013599999656435102
-5.4320000168710594e-05,0.0013599999656435102
-5.431000016877137e-05,0.0013599999656435102
-5.4300000168832144e-05,0.0013599999656435102
-5.429000016889292e-05,0.0013599999656435102
-5.428000016895369e-05,0.0013599999656435102
-5.427000016901447e-05,0.0013599999656435102
-5.426000016907524e-05,0.0013599999656435102
-5.425000016913602e-05,0.0013199999666539952
-5.424000016919679e-05,0.0013599999656435102
-5.423000016925757e-05,0.0013599999656435102
-5.422000016931834e-05,0.0013199999666539952
-5.4210000169379116e-05,0.0013199999666539952
-5.420000016943989e-05,0.0013199999666539952
-5.4190000169500666e-05,0.0013199999666539952
-5.418000016956144e-05,0.0013199999666539952
-5.4170000169622215e-05,0.0013199999666539952
-5.416000016968299e-05,0.0013199999666539952
-5.4150000169743764e-05,0.0013199999666539952
-5.414000016980454e-05,0.0013199999666539952
-5.4130000169865314e-05,0.0013199999666539952
-5.412000016992609e-05,0.0013199999666539952
-5.411000016998686e-05,0.0013199999666539952
-5.410000017004764e-05,0.0013199999666539952
-5.409000017010841e-05,0.0013199999666539952
-5.408000017016919e-05,0.0012799999676644802
-5.407000017022996e-05,0.0013199999666539952
-5.406000017029074e-05,0.0012799999676644802
-5.405000017035151e-05,0.0013199999666539952
-5.4040000170412286e-05,0.0012799999676644802
-5.403000017047306e-05,0.0013199999666539952
-5.4020000170533836e-05,0.0013199999666539952
-5.401000017059461e-05,0.0012799999676644802
-5.4000000170655385e-05,0.0012799999676644802
-5.399000017071616e-05,0.0013199999666539952
-5.3980000170776934e-05,0.0012799999676644802
-5.397000017083771e-05,0.0013199999666539952
-5.3960000170898484e-05,0.0012799999676644802
-5.395000017095926e-05,0.0012799999676644802
-5.394000017102003e-05,0.0012799999676644802
-5.393000017108081e-05,0.0012799999676644802
-5.392000017114158e-05,0.0012799999676644802
-5.391000017120236e-05,0.0012799999676644802
-5.390000017126313e-05,0.0012799999676644802
-5.389000017132391e-05,0.0012399999686749652
-5.388000017138468e-05,0.0012399999686749652
-5.3870000171445456e-05,0.0012399999686749652
-5.386000017150623e-05,0.0012799999676644802
-5.3850000171567006e-05,0.0012399999686749652
-5.384000017162778e-05,0.0012399999686749652
-5.3830000171688555e-05,0.0012399999686749652
-5.382000017174933e-05,0.0012399999686749652
-5.3810000171810105e-05,0.0012399999686749652
-5.380000017187088e-05,0.0012399999686749652
-5.3790000171931654e-05,0.0012399999686749652
-5.378000017199243e-05,0.0011999999696854502
-5.37700001720532e-05,0.0012399999686749652
-5.376000017211398e-05,0.0012399999686749652
-5.375000017217475e-05,0.0012399999686749652
-5.374000017223553e-05,0.0012399999686749652
-5.37300001722963e-05,0.0011999999696854502
-5.372000017235708e-05,0.0012399999686749652
-5.371000017241785e-05,0.0011999999696854502
-5.3700000172478626e-05,0.0011999999696854502
-5.36900001725394e-05,0.0011999999696854502
-5.3680000172600176e-05,0.0011999999696854502
-5.367000017266095e-05,0.0011999999696854502
-5.3660000172721725e-05,0.0011999999696854502
-5.36500001727825e-05,0.0011999999696854502
-5.3640000172843275e-05,0.0011999999696854502
-5.363000017290405e-05,0.0011999999696854502
-5.3620000172964824e-05,0.0011599999706959352
-5.36100001730256e-05,0.0011599999706959352
-5.3600000173086373e-05,0.0011599999706959352
-5.359000017314715e-05,0.0011599999706959352
-5.358000017320792e-05,0.0011599999706959352
-5.35700001732687e-05,0.0011599999706959352
-5.356000017332947e-05,0.0011599999706959352
-5.355000017339025e-05,0.0011599999706959352
-5.354000017345102e-05,0.0011599999706959352
-5.3530000173511796e-05,0.0011599999706959352
-5.352000017357257e-05,0.0011199999717064202
-5.3510000173633346e-05,0.0011199999717064202
-5.350000017369412e-05,0.0011199999717064202
-5.3490000173754895e-05,0.0011199999717064202
-5.348000017381567e-05,0.0011199999717064202
-5.3470000173876445e-05,0.0011199999717064202
-5.346000017393722e-05,0.0011199999717064202
-5.3450000173997994e-05,0.0011199999717064202
-5.344000017405877e-05,0.0010799999727169052
-5.3430000174119543e-05,0.0011199999717064202
-5.342000017418032e-05,0.0011199999717064202
-5.341000017424109e-05,0.0010799999727169052
-5.340000017430187e-05,0.0010799999727169052
-5.339000017436264e-05,0.0010799999727169052
-5.338000017442342e-05,0.0010799999727169052
-5.337000017448419e-05,0.0010799999727169052
-5.3360000174544966e-05,0.0010799999727169052
-5.335000017460574e-05,0.0010799999727169052
-5.3340000174666516e-05,0.0010799999727169052
-5.333000017472729e-05,0.0010799999727169052
-5.3320000174788065e-05,0.0010799999727169052
-5.331000017484884e-05,0.0010399999737273902
-5.3300000174909615e-05,0.0010399999737273902
-5.329000017497039e-05,0.0010399999737273902
-5.3280000175031164e-05,0.0010399999737273902
-5.327000017509194e-05,0.0010399999737273902
-5.3260000175152714e-05,0.0010399999737273902
-5.325000017521349e-05,0.0010399999737273902
-5.324000017527426e-05,0.0009999999747378752
-5.323000017533504e-05,0.0010399999737273902
-5.322000017539581e-05,0.0009999999747378752
-5.321000017545659e-05,0.0009999999747378752
-5.320000017551736e-05,0.0009999999747378752
-5.3190000175578137e-05,0.0009999999747378752
-5.318000017563891e-05,0.0009999999747378752
-5.3170000175699686e-05,0.0009999999747378752
-5.316000017576046e-05,0.0009999999747378752
-5.3150000175821235e-05,0.0009599999757483602
-5.314000017588201e-05,0.0009599999757483602
-5.3130000175942785e-05,0.0009599999757483602
-5.312000017600356e-05,0.0009599999757483602
-5.3110000176064334e-05,0.0009599999757483602
-5.310000017612511e-05,0.0009599999757483602
-5.3090000176185884e-05,0.0009199999767588452
-5.308000017624666e-05,0.0009599999757483602
-5.307000017630743e-05,0.0009599999757483602
-5.306000017636821e-05,0.0009199999767588452
-5.305000017642898e-05,0.0009599999757483602
-5.304000017648976e-05,0.0009199999767588452
-5.303000017655053e-05,0.0009199999767588452
-5.3020000176611307e-05,0.0009199999767588452
-5.301000017667208e-05,0.0009199999767588452
-5.3000000176732856e-05,0.0009199999767588452
-5.299000017679363e-05,0.0008799999777693301
-5.2980000176854405e-05,0.0008799999777693301
-5.297000017691518e-05,0.0008799999777693301
-5.2960000176975955e-05,0.0009199999767588452
-5.295000017703673e-05,0.0008799999777693301
-5.2940000177097504e-05,0.0008799999777693301
-5.293000017715828e-05,0.0008799999777693301
-5.2920000177219054e-05,0.0008799999777693301
-5.291000017727983e-05,0.0008399999787798151
-5.29000001773406e-05,0.0008399999787798151
-5.289000017740138e-05,0.0008799999777693301
-5.288000017746215e-05,0.0008399999787798151
-5.287000017752293e-05,0.0008399999787798151
-5.28600001775837e-05,0.0007999999797903001
-5.285000017764448e-05,0.0008399999787798151
-5.284000017770525e-05,0.0008399999787798151
-5.2830000177766026e-05,0.0008399999787798151
-5.28200001778268e-05,0.0007999999797903001
-5.2810000177887576e-05,0.0007999999797903001
-5.280000017794835e-05,0.0007999999797903001
-5.2790000178009125e-05,0.0007999999797903001
-5.27800001780699e-05,0.0007599999808007851
-5.2770000178130674e-05,0.0007599999808007851
-5.276000017819145e-05,0.0007999999797903001
-5.2750000178252224e-05,0.0007599999808007851
-5.2740000178313e-05,0.0007599999808007851
-5.273000017837377e-05,0.0007599999808007851
-5.272000017843455e-05,0.0007599999808007851
-5.271000017849532e-05,0.0007599999808007851
-5.27000001785561e-05,0.0007599999808007851
-5.269000017861687e-05,0.0007199999818112701
-5.268000017867765e-05,0.0007199999818112701
-5.267000017873842e-05,0.0007599999808007851
-5.2660000178799196e-05,0.0007199999818112701
-5.265000017885997e-05,0.0007199999818112701
-5.2640000178920746e-05,0.0007199999818112701
-5.263000017898152e-05,0.0007199999818112701
-5.2620000179042295e-05,0.0007199999818112701
-5.261000017910307e-05,0.0006799999828217551
-5.2600000179163844e-05,0.0006799999828217551
-5.259000017922462e-05,0.0006799999828217551
-5.2580000179285394e-05,0.0006799999828217551
-5.257000017934617e-05,0.0006799999828217551
-5.256000017940694e-05,0.0006799999828217551
-5.255000017946772e-05,0.0006799999828217551
-5.254000017952849e-05,0.0006799999828217551
-5.253000017958927e-05,0.0006399999838322401
-5.252000017965004e-05,0.0006399999838322401
-5.251000017971082e-05,0.0006799999828217551
-5.250000017977159e-05,0.0006399999838322401
-5.2490000179832366e-05,0.0006399999838322401
-5.248000017989314e-05,0.0006399999838322401
-5.2470000179953916e-05,0.0006399999838322401
-5.246000018001469e-05,0.0005999999848427251
-5.2450000180075465e-05,0.0005999999848427251
-5.244000018013624e-05,0.0005999999848427251
-5.2430000180197014e-05,0.0005999999848427251
-5.242000018025779e-05,0.0005999999848427251
-5.2410000180318564e-05,0.0005999999848427251
-5.240000018037934e-05,0.0005999999848427251
-5.239000018044011e-05,0.0005999999848427251
-5.238000018050089e-05,0.0005599999858532101
-5.237000018056166e-05,0.0005599999858532101
-5.236000018062244e-05,0.0005599999858532101
-5.235000018068321e-05,0.0005599999858532101
-5.234000018074399e-05,0.0005599999858532101
-5.233000018080476e-05,0.0005599999858532101
-5.2320000180865536e-05,0.0005599999858532101
-5.231000018092631e-05,0.0005599999858532101
-5.2300000180987086e-05,0.0005599999858532101
-5.229000018104786e-05,0.0005199999868636951
-5.2280000181108635e-05,0.0005199999868636951
-5.227000018116941e-05,0.0005199999868636951
-5.2260000181230185e-05,0.0005199999868636951
-5.225000018129096e-05,0.0005199999868636951
-5.2240000181351734e-05,0.0005199999868636951
-5.223000018141251e-05,0.0005199999868636951
-5.222000018147328e-05,0.0005199999868636951
-5.221000018153406e-05,0.0005199999868636951
-5.220000018159483e-05,0.0005199999868636951
-5.219000018165561e-05,0.0004799999878741801
-5.218000018171638e-05,0.0005199999868636951
-5.217000018177716e-05,0.0004799999878741801
-5.216000018183793e-05,0.0004799999878741801
-5.2150000181898706e-05,0.0004799999878741801
-5.214000018195948e-05,0.0004799999878741801
-5.2130000182020256e-05,0.00043999998888466507
-5.212000018208103e-05,0.00043999998888466507
-5.2110000182141805e-05,0.0004799999878741801
-5.210000018220258e-05,0.00043999998888466507
-5.2090000182263355e-05,0.00043999998888466507
-5.208000018232413e-05,0.00043999998888466507
-5.2070000182384904e-05,0.00043999998888466507
-5.206000018244568e-05,0.00043999998888466507
-5.2050000182506453e-05,0.00043999998888466507
-5.204000018256723e-05,0.00043999998888466507
-5.2030000182628e-05,0.00043999998888466507
-5.202000018268878e-05,0.00043999998888466507
-5.201000018274955e-05,0.00039999998989515007
-5.200000018281033e-05,0.00039999998989515007
-5.19900001828711e-05,0.00039999998989515007
-5.1980000182931876e-05,0.00039999998989515007
-5.197000018299265e-05,0.00039999998989515007
-5.1960000183053426e-05,0.00039999998989515007
-5.19500001831142e-05,0.00039999998989515007
-5.1940000183174975e-05,0.00039999998989515007
-5.193000018323575e-05,0.00039999998989515007
-5.1920000183296525e-05,0.00039999998989515007
-5.19100001833573e-05,0.00039999998989515007
-5.1900000183418074e-05,0.00039999998989515007
-5.189000018347885e-05,0.00035999999090563506
-5.1880000183539624e-05,0.00035999999090563506
-5.18700001836004e-05,0.00035999999090563506
-5.186000018366117e-05,0.00039999998989515007
-5.185000018372195e-05,0.00039999998989515007
-5.184000018378272e-05,0.00035999999090563506
-5.18300001838435e-05,0.00035999999090563506
-5.182000018390427e-05,0.00035999999090563506
-5.1810000183965046e-05,0.00035999999090563506
-5.180000018402582e-05,0.00035999999090563506
-5.1790000184086596e-05,0.00031999999191612005
-5.178000018414737e-05,0.00035999999090563506
-5.1770000184208145e-05,0.00035999999090563506
-5.176000018426892e-05,0.00031999999191612005
-5.1750000184329695e-05,0.00031999999191612005
-5.174000018439047e-05,0.00031999999191612005
-5.1730000184451244e-05,0.00031999999191612005
-5.172000018451202e-05,0.00035999999090563506
-5.1710000184572794e-05,0.00031999999191612005
-5.170000018463357e-05,0.00027999999292660505
-5.169000018469434e-05,0.00027999999292660505
-5.168000018475512e-05,0.00031999999191612005
-5.167000018481589e-05,0.00031999999191612005
-5.166000018487667e-05,0.00027999999292660505
-5.165000018493744e-05,0.00027999999292660505
-5.1640000184998217e-05,0.00027999999292660505
-5.163000018505899e-05,0.00027999999292660505
-5.1620000185119766e-05,0.00031999999191612005
-5.161000018518054e-05,0.00027999999292660505
-5.1600000185241315e-05,0.00027999999292660505
-5.159000018530209e-05,0.00027999999292660505
-5.1580000185362865e-05,0.00027999999292660505
-5.157000018542364e-05,0.00027999999292660505
-5.1560000185484414e-05,0.00027999999292660505
-5.155000018554519e-05,0.00027999999292660505
-5.1540000185605964e-05,0.00023999999393709004
-5.153000018566674e-05,0.00027999999292660505
-5.152000018572751e-05,0.00027999999292660505
-5.151000018578829e-05,0.00027999999292660505
-5.150000018584906e-05,0.00027999999292660505
-5.149000018590984e-05,0.00023999999393709004
-5.148000018597061e-05,0.00023999999393709004
-5.1470000186031387e-05,0.00023999999393709004
-5.146000018609216e-05,0.00027999999292660505
-5.1450000186152936e-05,0.00023999999393709004
-5.144000018621371e-05,0.00023999999393709004
-5.1430000186274485e-05,0.00023999999393709004
-5.142000018633526e-05,0.00023999999393709004
-5.1410000186396035e-05,0.00023999999393709004
-5.140000018645681e-05,0.00023999999393709004
-5.1390000186517584e-05,0.00023999999393709004
-5.138000018657836e-05,0.00023999999393709004
-5.1370000186639134e-05,0.00023999999393709004
-5.136000018669991e-05,0.00023999999393709004
-5.135000018676068e-05,0.00023999999393709004
-5.134000018682146e-05,0.00023999999393709004
-5.133000018688223e-05,0.00023999999393709004
-5.132000018694301e-05,0.00019999999494757503
-5.131000018700378e-05,0.00019999999494757503
-5.130000018706456e-05,0.00019999999494757503
-5.129000018712533e-05,0.00023999999393709004
-5.1280000187186106e-05,0.00023999999393709004
-5.127000018724688e-05,0.00019999999494757503
-5.1260000187307656e-05,0.00019999999494757503
-5.125000018736843e-05,0.00023999999393709004
-5.1240000187429205e-05,0.00023999999393709004
-5.123000018748998e-05,0.00019999999494757503
-5.1220000187550754e-05,0.00019999999494757503
-5.121000018761153e-05,0.00019999999494757503
-5.1200000187672304e-05,0.00019999999494757503
-5.119000018773308e-05,0.00019999999494757503
-5.118000018779385e-05,0.00019999999494757503
-5.117000018785463e-05,0.00019999999494757503
-5.11600001879154e-05,0.00019999999494757503
-5.115000018797618e-05,0.00019999999494757503
-5.114000018803695e-05,0.00015999999595806003
-5.113000018809773e-05,0.00019999999494757503
-5.11200001881585e-05,0.00019999999494757503
-5.1110000188219276e-05,0.00019999999494757503
-5.110000018828005e-05,0.00019999999494757503
-5.1090000188340826e-05,0.00015999999595806003
-5.10800001884016e-05,0.00019999999494757503
-5.1070000188462375e-05,0.00015999999595806003
-5.106000018852315e-05,0.00015999999595806003
-5.1050000188583924e-05,0.00019999999494757503
-5.10400001886447e-05,0.00019999999494757503
-5.1030000188705474e-05,0.00019999999494757503
-5.102000018876625e-05,0.00015999999595806003
-5.101000018882702e-05,0.00015999999595806003
-5.10000001888878e-05,0.00019999999494757503
-5.099000018894857e-05,0.00015999999595806003
-5.098000018900935e-05,0.00015999999595806003
-5.097000018907012e-05,0.00015999999595806003
-5.09600001891309e-05,0.00015999999595806003
-5.095000018919167e-05,0.00015999999595806003
-5.0940000189252446e-05,0.00015999999595806003
-5.093000018931322e-05,0.00015999999595806003
-5.0920000189373996e-05,0.00015999999595806003
-5.091000018943477e-05,0.00015999999595806003
-5.0900000189495545e-05,0.00015999999595806003
-5.089000018955632e-05,0.00015999999595806003
-5.0880000189617094e-05,0.00015999999595806003
-5.087000018967787e-05,0.00015999999595806003
-5.0860000189738644e-05,0.00015999999595806003
-5.085000018979942e-05,0.00015999999595806003
-5.084000018986019e-05,0.00015999999595806003
-5.083000018992097e-05,0.00015999999595806003
-5.082000018998174e-05,0.00015999999595806003
-5.081000019004252e-05,0.00015999999595806003
-5.080000019010329e-05,0.00015999999595806003
-5.079000019016407e-05,0.00015999999595806003
-5.078000019022484e-05,0.00015999999595806003
-5.0770000190285616e-05,0.00015999999595806003
-5.076000019034639e-05,0.00015999999595806003
-5.0750000190407166e-05,0.00015999999595806003
-5.074000019046794e-05,0.00011999999696854502
-5.0730000190528715e-05,0.00015999999595806003
-5.072000019058949e-05,0.00015999999595806003
-5.0710000190650265e-05,0.00015999999595806003
-5.070000019071104e-05,0.00011999999696854502
-5.0690000190771814e-05,0.00015999999595806003
-5.068000019083259e-05,0.00015999999595806003
-5.067000019089336e-05,0.00015999999595806003
-5.066000019095414e-05,0.00015999999595806003
-5.065000019101491e-05,0.00011999999696854502
-5.064000019107569e-05,0.00011999999696854502
-5.063000019113646e-05,0.00015999999595806003
-5.062000019119724e-05,0.00011999999696854502
-5.061000019125801e-05,0.00011999999696854502
-5.0600000191318786e-05,0.00015999999595806003
-5.059000019137956e-05,0.00015999999595806003
-5.0580000191440336e-05,0.00011999999696854502
-5.057000019150111e-05,0.00011999999696854502
-5.0560000191561885e-05,0.00011999999696854502
-5.055000019162266e-05,0.00015999999595806003
-5.0540000191683435e-05,0.00011999999696854502
-5.053000019174421e-05,0.00011999999696854502
-5.0520000191804984e-05,0.00011999999696854502
-5.051000019186576e-05,0.00015999999595806003
-5.0500000191926533e-05,0.00015999999595806003
-5.049000019198731e-05,0.00011999999696854502
-5.048000019204808e-05,0.00011999999696854502
-5.047000019210886e-05,0.00011999999696854502
-5.046000019216963e-05,0.00011999999696854502
-5.045000019223041e-05,0.00011999999696854502
-5.044000019229118e-05,0.00011999999696854502
-5.0430000192351956e-05,0.00011999999696854502
-5.042000019241273e-05,0.00011999999696854502
-5.0410000192473506e-05,0.00011999999696854502
-5.040000019253428e-05,0.00011999999696854502
-5.0390000192595055e-05,0.00011999999696854502
-5.038000019265583e-05,0.00011999999696854502
-5.0370000192716605e-05,0.00011999999696854502
-5.036000019277738e-05,0.00011999999696854502
-5.0350000192838154e-05,0.00015999999595806003
-5.034000019289893e-05,0.00011999999696854502
-5.0330000192959704e-05,0.00011999999696854502
-5.032000019302048e-05,0.00011999999696854502
-5.031000019308125e-05,0.00011999999696854502
-5.030000019314203e-05,0.00011999999696854502
-5.02900001932028e-05,0.00011999999696854502
-5.028000019326358e-05,0.00011999999696854502
-5.027000019332435e-05,0.00011999999696854502
-5.0260000193385126e-05,0.00011999999696854502
-5.02500001934459e-05,0.00011999999696854502
-5.0240000193506676e-05,0.00011999999696854502
-5.023000019356745e-05,0.00011999999696854502
-5.0220000193628225e-05,0.00011999999696854502
-5.0210000193689e-05,0.00011999999696854502
-5.0200000193749775e-05,0.00011999999696854502
-5.019000019381055e-05,0.00011999999696854502
-5.0180000193871324e-05,0.00011999999696854502
-5.01700001939321e-05,0.00011999999696854502
-5.0160000193992874e-05,0.00011999999696854502
-5.015000019405365e-05,0.00011999999696854502
-5.014000019411442e-05,0.00011999999696854502
-5.01300001941752e-05,0.00011999999696854502
-5.012000019423597e-05,0.00011999999696854502
-5.011000019429675e-05,0.00011999999696854502
-5.010000019435752e-05,0.00011999999696854502
-5.0090000194418297e-05,0.00011999999696854502
-5.008000019447907e-05,0.00011999999696854502
-5.0070000194539846e-05,0.00011999999696854502
-5.006000019460062e-05,0.00011999999696854502
-5.0050000194661395e-05,0.00011999999696854502
-5.004000019472217e-05,0.00011999999696854502
-5.0030000194782945e-05,0.00011999999696854502
-5.002000019484372e-05,0.00011999999696854502
-5.0010000194904494e-05,7.999999797903001e-05
-5.000000019496527e-05,0.00011999999696854502
-4.9990000195026044e-05,0.00011999999696854502
-4.998000019508682e-05,0.00011999999696854502
-4.997000019514759e-05,0.00011999999696854502
-4.996000019520837e-05,0.00011999999696854502
-4.995000019526914e-05,0.00011999999696854502
-4.994000019532992e-05,0.00011999999696854502
-4.993000019539069e-05,0.00011999999696854502
-4.9920000195451467e-05,0.00011999999696854502
-4.991000019551224e-05,0.00011999999696854502
-4.9900000195573016e-05,0.00011999999696854502
-4.989000019563379e-05,7.999999797903001e-05
-4.9880000195694565e-05,0.00011999999696854502
-4.987000019575534e-05,0.00011999999696854502
-4.9860000195816115e-05,0.00011999999696854502
-4.985000019587689e-05,0.00011999999696854502
-4.9840000195937664e-05,7.999999797903001e-05
-4.983000019599844e-05,0.00011999999696854502
-4.9820000196059214e-05,0.00011999999696854502
-4.981000019611999e-05,0.00011999999696854502
-4.980000019618076e-05,0.00011999999696854502
-4.979000019624154e-05,0.00011999999696854502
-4.978000019630231e-05,0.00011999999696854502
-4.977000019636309e-05,0.00011999999696854502
-4.976000019642386e-05,0.00011999999696854502
-4.975000019648464e-05,0.00011999999696854502
-4.974000019654541e-05,0.00011999999696854502
-4.9730000196606186e-05,0.00011999999696854502
-4.972000019666696e-05,0.00011999999696854502
-4.9710000196727736e-05,0.00011999999696854502
-4.970000019678851e-05,0.00011999999696854502
-4.9690000196849285e-05,0.00011999999696854502
-4.968000019691006e-05,0.00011999999696854502
-4.9670000196970834e-05,0.00011999999696854502
-4.966000019703161e-05,0.00011999999696854502
-4.9650000197092384e-05,7.999999797903001e-05
-4.964000019715316e-05,0.00011999999696854502
-4.963000019721393e-05,0.00011999999696854502
-4.962000019727471e-05,0.00011999999696854502
-4.961000019733548e-05,0.00011999999696854502
-4.960000019739626e-05,0.00011999999696854502
-4.959000019745703e-05,0.00011999999696854502
-4.958000019751781e-05,0.00011999999696854502
-4.957000019757858e-05,0.00011999999696854502
-4.9560000197639356e-05,0.00011999999696854502
-4.955000019770013e-05,0.00011999999696854502
-4.9540000197760906e-05,7.999999797903001e-05
-4.953000019782168e-05,0.00011999999696854502
-4.9520000197882455e-05,0.00011999999696854502
-4.951000019794323e-05,0.00011999999696854502
-4.9500000198004004e-05,0.00011999999696854502
-4.949000019806478e-05,0.00011999999696854502
-4.9480000198125554e-05,7.999999797903001e-05
-4.947000019818633e-05,0.00011999999696854502
-4.94600001982471e-05,7.999999797903001e-05
-4.945000019830788e-05,0.00011999999696854502
-4.944000019836865e-05,0.00011999999696854502
-4.943000019842943e-05,0.00011999999696854502
-4.94200001984902e-05,0.00011999999696854502
-4.941000019855098e-05,0.00011999999696854502
-4.940000019861175e-05,7.999999797903001e-05
-4.9390000198672526e-05,0.00011999999696854502
-4.93800001987333e-05,0.00011999999696854502
-4.9370000198794076e-05,0.00011999999696854502
-4.936000019885485e-05,0.00011999999696854502
-4.9350000198915625e-05,0.00011999999696854502
-4.93400001989764e-05,0.00011999999696854502
-4.9330000199037174e-05,0.00011999999696854502
-4.932000019909795e-05,0.00011999999696854502
-4.9310000199158724e-05,0.00011999999696854502
-4.93000001992195e-05,0.00011999999696854502
-4.929000019928027e-05,0.00011999999696854502
-4.928000019934105e-05,7.999999797903001e-05
-4.927000019940182e-05,0.00011999999696854502
-4.92600001994626e-05,0.00011999999696854502
-4.925000019952337e-05,0.00011999999696854502
-4.924000019958415e-05,0.00011999999696854502
-4.923000019964492e-05,0.00011999999696854502
-4.9220000199705696e-05,0.00011999999696854502
-4.921000019976647e-05,0.00011999999696854502
-4.9200000199827246e-05,0.00011999999696854502
-4.919000019988802e-05,0.00011999999696854502
-4.9180000199948795e-05,0.00011999999696854502
-4.917000020000957e-05,0.00011999999696854502
-4.9160000200070345e-05,7.999999797903001e-05
-4.915000020013112e-05,0.00011999999696854502
-4.9140000200191894e-05,0.00011999999696854502
-4.913000020025267e-05,0.00011999999696854502
-4.912000020031344e-05,0.00011999999696854502
-4.911000020037422e-05,0.00011999999696854502
-4.910000020043499e-05,0.00011999999696854502
-4.909000020049577e-05,0.00011999999696854502
-4.908000020055654e-05,0.00011999999696854502
-4.907000020061732e-05,0.00011999999696854502
-4.906000020067809e-05,7.999999797903001e-05
-4.9050000200738866e-05,0.00011999999696854502
-4.904000020079964e-05,7.999999797903001e-05
-4.9030000200860416e-05,0.00011999999696854502
-4.902000020092119e-05,0.00011999999696854502
-4.9010000200981965e-05,0.00011999999696854502
-4.900000020104274e-05,0.00011999999696854502
-4.8990000201103515e-05,0.00011999999696854502
-4.898000020116429e-05,0.00011999999696854502
-4.8970000201225064e-05,0.00011999999696854502
-4.896000020128584e-05,0.00011999999696854502
-4.8950000201346613e-05,7.999999797903001e-05
-4.894000020140739e-05,0.00011999999696854502
-4.893000020146816e-05,0.00011999999696854502
-4.892000020152894e-05,0.00011999999696854502
-4.891000020158971e-05,0.00011999999696854502
-4.890000020165049e-05,0.00011999999696854502
-4.889000020171126e-05,0.00011999999696854502
-4.8880000201772036e-05,0.00011999999696854502
-4.887000020183281e-05,7.999999797903001e-05
-4.8860000201893586e-05,0.00011999999696854502
-4.885000020195436e-05,0.00011999999696854502
-4.8840000202015135e-05,0.00011999999696854502
-4.883000020207591e-05,0.00011999999696854502
-4.8820000202136685e-05,0.00011999999696854502
-4.881000020219746e-05,0.00011999999696854502
-4.8800000202258234e-05,0.00011999999696854502
-4.879000020231901e-05,7.999999797903001e-05
-4.8780000202379784e-05,0.00011999999696854502
-4.877000020244056e-05,0.00011999999696854502
-4.876000020250133e-05,0.00011999999696854502
-4.875000020256211e-05,0.00011999999696854502
-4.874000020262288e-05,7.999999797903001e-05
-4.873000020268366e-05,0.00011999999696854502
-4.872000020274443e-05,0.00011999999696854502
-4.8710000202805206e-05,0.00011999999696854502
-4.870000020286598e-05,0.00011999999696854502
-4.8690000202926756e-05,0.00011999999696854502
-4.868000020298753e-05,0.00011999999696854502
-4.8670000203048305e-05,0.00011999999696854502
-4.866000020310908e-05,0.00011999999696854502
-4.8650000203169855e-05,0.00011999999696854502
-4.864000020323063e-05,0.00011999999696854502
-4.8630000203291404e-05,0.00011999999696854502
-4.862000020335218e-05,0.00011999999696854502
-4.8610000203412954e-05,0.00011999999696854502
-4.860000020347373e-05,0.00011999999696854502
-4.85900002035345e-05,0.00011999999696854502
-4.858000020359528e-05,0.00011999999696854502
-4.857000020365605e-05,0.00011999999696854502
-4.856000020371683e-05,0.00011999999696854502
-4.85500002037776e-05,0.00011999999696854502
-4.8540000203838377e-05,0.00011999999696854502
-4.853000020389915e-05,0.00011999999696854502
-4.8520000203959926e-05,0.00011999999696854502
-4.85100002040207e-05,7.999999797903001e-05
-4.8500000204081475e-05,0.00011999999696854502
-4.849000020414225e-05,0.00011999999696854502
-4.8480000204203025e-05,0.00011999999696854502
-4.84700002042638e-05,0.00011999999696854502
-4.8460000204324574e-05,7.999999797903001e-05
-4.845000020438535e-05,0.00011999999696854502
-4.8440000204446124e-05,7.999999797903001e-05
-4.84300002045069e-05,0.00011999999696854502
-4.842000020456767e-05,0.00011999999696854502
-4.841000020462845e-05,0.00011999999696854502
-4.840000020468922e-05,0.00011999999696854502
-4.839000020475e-05,0.00011999999696854502
-4.838000020481077e-05,0.00011999999696854502
-4.8370000204871547e-05,0.00011999999696854502
-4.836000020493232e-05,0.00011999999696854502
-4.8350000204993096e-05,0.00011999999696854502
-4.834000020505387e-05,0.00011999999696854502
-4.8330000205114645e-05,0.00011999999696854502
-4.832000020517542e-05,0.00011999999696854502
-4.8310000205236195e-05,0.00011999999696854502
-4.830000020529697e-05,0.00011999999696854502
-4.8290000205357744e-05,0.00011999999696854502
-4.828000020541852e-05,0.00011999999696854502
-4.8270000205479294e-05,0.00011999999696854502
-4.826000020554007e-05,0.00011999999696854502
-4.825000020560084e-05,0.00011999999696854502
-4.824000020566162e-05,0.00011999999696854502
-4.823000020572239e-05,0.00011999999696854502
-4.822000020578317e-05,0.00011999999696854502
-4.821000020584394e-05,0.00011999999696854502
-4.820000020590472e-05,0.00011999999696854502
-4.819000020596549e-05,0.00011999999696854502
-4.8180000206026266e-05,0.00011999999696854502
-4.817000020608704e-05,0.00011999999696854502
-4.8160000206147816e-05,0.00011999999696854502
-4.815000020620859e-05,0.00011999999696854502
-4.8140000206269365e-05,0.00011999999696854502
-4.813000020633014e-05,0.00011999999696854502
-4.8120000206390914e-05,0.00011999999696854502
-4.811000020645169e-05,0.00011999999696854502
-4.8100000206512464e-05,0.00011999999696854502
-4.809000020657324e-05,0.00011999999696854502
-4.808000020663401e-05,0.00011999999696854502
-4.807000020669479e-05,0.00011999999696854502
-4.806000020675556e-05,0.00011999999696854502
-4.805000020681634e-05,0.00011999999696854502
-4.804000020687711e-05,0.00011999999696854502
-4.803000020693789e-05,0.00011999999696854502
-4.802000020699866e-05,0.00011999999696854502
-4.8010000207059436e-05,0.00011999999696854502
-4.800000020712021e-05,0.00011999999696854502
-4.7990000207180986e-05,0.00011999999696854502
-4.798000020724176e-05,7.999999797903001e-05
-4.7970000207302535e-05,0.00011999999696854502
-4.796000020736331e-05,0.00011999999696854502
-4.7950000207424084e-05,0.00011999999696854502
-4.794000020748486e-05,0.00011999999696854502
-4.7930000207545634e-05,7.999999797903001e-05
-4.792000020760641e-05,0.00011999999696854502
-4.791000020766718e-05,0.00011999999696854502
-4.790000020772796e-05,0.00011999999696854502
-4.789000020778873e-05,0.00011999999696854502
-4.788000020784951e-05,0.00011999999696854502
-4.787000020791028e-05,0.00011999999696854502
-4.786000020797106e-05,0.00011999999696854502
-4.785000020803183e-05,0.00011999999696854502
-4.7840000208092606e-05,0.00011999999696854502
-4.783000020815338e-05,0.00011999999696854502
-4.7820000208214156e-05,0.00011999999696854502
-4.781000020827493e-05,7.999999797903001e-05
-4.7800000208335705e-05,0.00011999999696854502
-4.779000020839648e-05,0.00011999999696854502
-4.7780000208457254e-05,0.00011999999696854502
-4.777000020851803e-05,0.00011999999696854502
-4.7760000208578804e-05,0.00011999999696854502
-4.775000020863958e-05,0.00011999999696854502
-4.774000020870035e-05,0.00011999999696854502
-4.773000020876113e-05,7.999999797903001e-05
-4.77200002088219e-05,0.00011999999696854502
-4.771000020888268e-05,0.00011999999696854502
-4.770000020894345e-05,0.00011999999696854502
-4.769000020900423e-05,7.999999797903001e-05
-4.7680000209065e-05,0.00011999999696854502
-4.7670000209125776e-05,0.00011999999696854502
-4.766000020918655e-05,0.00011999999696854502
-4.7650000209247326e-05,0.00011999999696854502
-4.76400002093081e-05,0.00011999999696854502
-4.7630000209368875e-05,0.00011999999696854502
-4.762000020942965e-05,0.00011999999696854502
-4.7610000209490425e-05,0.00011999999696854502
-4.76000002095512e-05,0.00011999999696854502
-4.7590000209611974e-05,0.00011999999696854502
-4.758000020967275e-05,0.00011999999696854502
-4.7570000209733523e-05,0.00011999999696854502
-4.75600002097943e-05,0.00011999999696854502
-4.755000020985507e-05,0.00011999999696854502
-4.754000020991585e-05,0.00011999999696854502
-4.753000020997662e-05,0.00011999999696854502
-4.75200002100374e-05,0.00011999999696854502
-4.751000021009817e-05,0.00011999999696854502
-4.7500000210158946e-05,0.00011999999696854502
-4.749000021021972e-05,0.00011999999696854502
-4.7480000210280496e-05,0.00011999999696854502
-4.747000021034127e-05,0.00011999999696854502
-4.7460000210402045e-05,0.00011999999696854502
-4.745000021046282e-05,0.00011999999696854502
-4.7440000210523595e-05,0.00011999999696854502
-4.743000021058437e-05,0.00011999999696854502
-4.7420000210645144e-05,7.999999797903001e-05
-4.741000021070592e-05,0.00011999999696854502
-4.7400000210766693e-05,0.00011999999696854502
-4.739000021082747e-05,0.00011999999696854502
-4.738000021088824e-05,0.00011999999696854502
-4.737000021094902e-05,0.00011999999696854502
-4.736000021100979e-05,0.00011999999696854502
-4.735000021107057e-05,0.00011999999696854502
-4.734000021113134e-05,0.00011999999696854502
-4.7330000211192116e-05,0.00011999999696854502
-4.732000021125289e-05,7.999999797903001e-05
-4.7310000211313666e-05,0.00011999999696854502
-4.730000021137444e-05,0.00011999999696854502
-4.7290000211435215e-05,0.00011999999696854502
-4.728000021149599e-05,0.00011999999696854502
-4.7270000211556765e-05,0.00011999999696854502
-4.726000021161754e-05,7.999999797903001e-05
-4.7250000211678314e-05,0.00011999999696854502
-4.724000021173909e-05,0.00011999999696854502
-4.7230000211799864e-05,0.00011999999696854502
-4.722000021186064e-05,0.00011999999696854502
-4.721000021192141e-05,0.00011999999696854502
-4.720000021198219e-05,0.00011999999696854502
-4.719000021204296e-05,0.00011999999696854502
-4.718000021210374e-05,0.00011999999696854502
-4.717000021216451e-05,0.00011999999696854502
-4.7160000212225286e-05,7.999999797903001e-05
-4.715000021228606e-05,0.00011999999696854502
-4.7140000212346836e-05,0.00011999999696854502
-4.713000021240761e-05,0.00011999999696854502
-4.7120000212468385e-05,0.00011999999696854502
-4.711000021252916e-05,0.00011999999696854502
-4.7100000212589935e-05,0.00011999999696854502
-4.709000021265071e-05,0.00011999999696854502
-4.7080000212711484e-05,0.00011999999696854502
-4.707000021277226e-05,0.00011999999696854502
-4.7060000212833034e-05,0.00011999999696854502
-4.705000021289381e-05,0.00011999999696854502
-4.704000021295458e-05,0.00011999999696854502
-4.703000021301536e-05,7.999999797903001e-05
-4.702000021307613e-05,0.00011999999696854502
-4.701000021313691e-05,0.00011999999696854502
-4.700000021319768e-05,7.999999797903001e-05
-4.6990000213258457e-05,0.00011999999696854502
-4.698000021331923e-05,0.00011999999696854502
-4.6970000213380006e-05,0.00011999999696854502
-4.696000021344078e-05,0.00011999999696854502
-4.6950000213501555e-05,7.999999797903001e-05
-4.694000021356233e-05,0.00011999999696854502
-4.6930000213623105e-05,0.00011999999696854502
-4.692000021368388e-05,0.00011999999696854502
-4.6910000213744654e-05,7.999999797903001e-05
-4.690000021380543e-05,0.00011999999696854502
-4.6890000213866204e-05,0.00011999999696854502
-4.688000021392698e-05,0.00011999999696854502
-4.687000021398775e-05,0.00011999999696854502
-4.686000021404853e-05,0.00011999999696854502
-4.68500002141093e-05,0.00011999999696854502
-4.684000021417008e-05,0.00011999999696854502
-4.683000021423085e-05,7.999999797903001e-05
-4.682000021429163e-05,0.00011999999696854502
-4.68100002143524e-05,0.00011999999696854502
-4.6800000214413176e-05,0.00011999999696854502
-4.679000021447395e-05,0.00011999999696854502
-4.6780000214534725e-05,0.00011999999696854502
-4.67700002145955e-05,0.00011999999696854502
-4.6760000214656275e-05,0.00011999999696854502
-4.675000021471705e-05,0.00011999999696854502
-4.6740000214777824e-05,0.00011999999696854502
-4.67300002148386e-05,0.00011999999696854502
-4.6720000214899374e-05,0.00011999999696854502
-4.671000021496015e-05,0.00011999999696854502
-4.670000021502092e-05,0.00011999999696854502
-4.66900002150817e-05,0.00011999999696854502
-4.668000021514247e-05,0.00011999999696854502
-4.667000021520325e-05,7.999999797903001e-05
-4.666000021526402e-05,0.00011999999696854502
-4.66500002153248e-05,0.00011999999696854502
-4.664000021538557e-05,0.00011999999696854502
-4.6630000215446346e-05,0.00011999999696854502
-4.662000021550712e-05,0.00011999999696854502
-4.6610000215567896e-05,0.00011999999696854502
-4.660000021562867e-05,0.00011999999696854502
-4.6590000215689445e-05,0.00011999999696854502
-4.658000021575022e-05,0.00011999999696854502
-4.6570000215810994e-05,0.00011999999696854502
-4.656000021587177e-05,0.00011999999696854502
-4.6550000215932544e-05,0.00011999999696854502
-4.654000021599332e-05,7.999999797903001e-05
-4.653000021605409e-05,0.00011999999696854502
-4.652000021611487e-05,0.00011999999696854502
-4.651000021617564e-05,0.00011999999696854502
-4.650000021623642e-05,0.00011999999696854502
-4.649000021629719e-05,0.00011999999696854502
-4.648000021635797e-05,0.00011999999696854502
-4.647000021641874e-05,7.999999797903001e-05
-4.6460000216479516e-05,7.999999797903001e-05
-4.645000021654029e-05,0.00011999999696854502
-4.6440000216601066e-05,0.00011999999696854502
-4.643000021666184e-05,0.00011999999696854502
-4.6420000216722615e-05,7.999999797903001e-05
-4.641000021678339e-05,0.00011999999696854502
-4.6400000216844164e-05,0.00011999999696854502
-4.639000021690494e-05,0.00011999999696854502
-4.6380000216965714e-05,0.00011999999696854502
-4.637000021702649e-05,7.999999797903001e-05
-4.636000021708726e-05,0.00011999999696854502
-4.635000021714804e-05,0.00011999999696854502
-4.634000021720881e-05,0.00011999999696854502
-4.633000021726959e-05,0.00011999999696854502
-4.632000021733036e-05,0.00011999999696854502
-4.631000021739114e-05,7.999999797903001e-05
-4.630000021745191e-05,0.00011999999696854502
-4.6290000217512686e-05,0.00011999999696854502
-4.628000021757346e-05,0.00011999999696854502
-4.6270000217634236e-05,0.00011999999696854502
-4.626000021769501e-05,0.00011999999696854502
-4.6250000217755785e-05,0.00011999999696854502
-4.624000021781656e-05,7.999999797903001e-05
-4.6230000217877334e-05,0.00011999999696854502
-4.622000021793811e-05,0.00011999999696854502
-4.6210000217998884e-05,0.00011999999696854502
-4.620000021805966e-05,0.00011999999696854502
-4.619000021812043e-05,0.00011999999696854502
-4.618000021818121e-05,0.00011999999696854502
-4.617000021824198e-05,0.00011999999696854502
-4.616000021830276e-05,0.00011999999696854502
-4.615000021836353e-05,0.00011999999696854502
-4.614000021842431e-05,0.00011999999696854502
-4.613000021848508e-05,0.00011999999696854502
-4.6120000218545856e-05,0.00011999999696854502
-4.611000021860663e-05,0.00011999999696854502
-4.6100000218667406e-05,0.00011999999696854502
-4.609000021872818e-05,0.00011999999696854502
-4.6080000218788955e-05,0.00011999999696854502
-4.607000021884973e-05,0.00011999999696854502
-4.6060000218910505e-05,0.00011999999696854502
-4.605000021897128e-05,0.00011999999696854502
-4.6040000219032054e-05,0.00011999999696854502
-4.603000021909283e-05,0.00011999999696854502
-4.6020000219153603e-05,7.999999797903001e-05
-4.601000021921438e-05,0.00011999999696854502
-4.600000021927515e-05,7.999999797903001e-05
-4.599000021933593e-05,0.00011999999696854502
-4.59800002193967e-05,0.00011999999696854502
-4.597000021945748e-05,0.00011999999696854502
-4.596000021951825e-05,0.00011999999696854502
-4.5950000219579026e-05,0.00011999999696854502
-4.59400002196398e-05,0.00011999999696854502
-4.5930000219700576e-05,0.00011999999696854502
-4.592000021976135e-05,0.00011999999696854502
-4.5910000219822125e-05,0.00011999999696854502
-4.59000002198829e-05,0.00011999999696854502
-4.5890000219943675e-05,0.00011999999696854502
-4.588000022000445e-05,0.00011999999696854502
-4.5870000220065224e-05,0.00011999999696854502
-4.5860000220126e-05,0.00011999999696854502
-4.5850000220186773e-05,0.00011999999696854502
-4.584000022024755e-05,0.00011999999696854502
-4.583000022030832e-05,0.00011999999696854502
-4.58200002203691e-05,0.00011999999696854502
-4.581000022042987e-05,0.00011999999696854502
-4.580000022049065e-05,0.00011999999696854502
-4.579000022055142e-05,0.00011999999696854502
-4.5780000220612196e-05,0.00011999999696854502
-4.577000022067297e-05,0.00011999999696854502
-4.5760000220733746e-05,0.00011999999696854502
-4.575000022079452e-05,0.00011999999696854502
-4.5740000220855295e-05,0.00011999999696854502
-4.573000022091607e-05,0.00011999999696854502
-4.5720000220976845e-05,0.00011999999696854502
-4.571000022103762e-05,0.00011999999696854502
-4.5700000221098394e-05,0.00011999999696854502
-4.569000022115917e-05,0.00011999999696854502
-4.5680000221219944e-05,0.00011999999696854502
-4.567000022128072e-05,0.00011999999696854502
-4.566000022134149e-05,0.00011999999696854502
-4.565000022140227e-05,0.00011999999696854502
-4.564000022146304e-05,0.00011999999696854502
-4.563000022152382e-05,0.00011999999696854502
-4.562000022158459e-05,0.00011999999696854502
-4.5610000221645366e-05,0.00011999999696854502
-4.560000022170614e-05,0.00011999999696854502
-4.5590000221766916e-05,0.00011999999696854502
-4.558000022182769e-05,0.00011999999696854502
-4.5570000221888465e-05,0.00011999999696854502
-4.556000022194924e-05,0.00011999999696854502
-4.5550000222010015e-05,0.00011999999696854502
-4.554000022207079e-05,0.00011999999696854502
-4.5530000222131564e-05,0.00011999999696854502
-4.552000022219234e-05,0.00011999999696854502
-4.5510000222253114e-05,0.00011999999696854502
-4.550000022231389e-05,0.00011999999696854502
-4.549000022237466e-05,0.00011999999696854502
-4.548000022243544e-05,0.00011999999696854502
-4.547000022249621e-05,7.999999797903001e-05
-4.546000022255699e-05,0.00011999999696854502
-4.545000022261776e-05,0.00011999999696854502
-4.5440000222678537e-05,0.00011999999696854502
-4.543000022273931e-05,0.00011999999696854502
-4.5420000222800086e-05,0.00011999999696854502
-4.541000022286086e-05,0.00011999999696854502
-4.5400000222921635e-05,0.00011999999696854502
-4.539000022298241e-05,0.00011999999696854502
-4.5380000223043185e-05,0.00011999999696854502
-4.537000022310396e-05,0.00011999999696854502
-4.5360000223164734e-05,0.00011999999696854502
-4.535000022322551e-05,0.00011999999696854502
-4.5340000223286284e-05,0.00011999999696854502
-4.533000022334706e-05,0.00011999999696854502
-4.532000022340783e-05,0.00011999999696854502
-4.531000022346861e-05,0.00011999999696854502
-4.530000022352938e-05,0.00011999999696854502
-4.529000022359016e-05,0.00011999999696854502
-4.528000022365093e-05,0.00011999999696854502
-4.527000022371171e-05,0.00011999999696854502
-4.526000022377248e-05,0.00011999999696854502
-4.5250000223833256e-05,0.00011999999696854502
-4.524000022389403e-05,0.00011999999696854502
-4.5230000223954805e-05,0.00011999999696854502
-4.522000022401558e-05,0.00011999999696854502
-4.5210000224076355e-05,0.00011999999696854502
-4.520000022413713e-05,0.00011999999696854502
-4.5190000224197904e-05,0.00011999999696854502
-4.518000022425868e-05,0.00011999999696854502
-4.5170000224319454e-05,0.00011999999696854502
-4.516000022438023e-05,0.00011999999696854502
-4.5150000224441e-05,0.00011999999696854502
-4.514000022450178e-05,0.00011999999696854502
-4.513000022456255e-05,0.00011999999696854502
-4.512000022462333e-05,0.00011999999696854502
-4.51100002246841e-05,0.00011999999696854502
-4.510000022474488e-05,0.00011999999696854502
-4.509000022480565e-05,0.00011999999696854502
-4.5080000224866426e-05,0.00011999999696854502
-4.50700002249272e-05,0.00011999999696854502
-4.5060000224987976e-05,0.00011999999696854502
-4.505000022504875e-05,0.00011999999696854502
-4.5040000225109525e-05,0.00011999999696854502
-4.50300002251703e-05,0.00011999999696854502
-4.5020000225231074e-05,0.00011999999696854502
-4.501000022529185e-05,0.00011999999696854502
-4.5000000225352624e-05,0.00011999999696854502
-4.49900002254134e-05,0.00011999999696854502
-4.498000022547417e-05,0.00011999999696854502
-4.497000022553495e-05,0.00011999999696854502
-4.496000022559572e-05,0.00011999999696854502
-4.49500002256565e-05,0.00011999999696854502
-4.494000022571727e-05,0.00011999999696854502
-4.493000022577805e-05,0.00011999999696854502
-4.492000022583882e-05,0.00011999999696854502
-4.4910000225899596e-05,0.00011999999696854502
-4.490000022596037e-05,0.00011999999696854502
-4.4890000226021146e-05,0.00011999999696854502
-4.488000022608192e-05,0.00011999999696854502
-4.4870000226142695e-05,0.00011999999696854502
-4.486000022620347e-05,0.00011999999696854502
-4.4850000226264244e-05,0.00011999999696854502
-4.484000022632502e-05,0.00011999999696854502
-4.4830000226385794e-05,0.00011999999696854502
-4.482000022644657e-05,0.00011999999696854502
-4.481000022650734e-05,0.00011999999696854502
-4.480000022656812e-05,7.999999797903001e-05
-4.479000022662889e-05,0.00011999999696854502
-4.478000022668967e-05,0.00011999999696854502
-4.477000022675044e-05,0.00011999999696854502
-4.476000022681122e-05,0.00011999999696854502
-4.475000022687199e-05,0.00011999999696854502
-4.4740000226932766e-05,0.00011999999696854502
-4.473000022699354e-05,0.00011999999696854502
-4.4720000227054316e-05,0.00011999999696854502
-4.471000022711509e-05,0.00011999999696854502
-4.4700000227175865e-05,0.00011999999696854502
-4.469000022723664e-05,0.00011999999696854502
-4.4680000227297414e-05,0.00011999999696854502
-4.467000022735819e-05,0.00011999999696854502
-4.4660000227418964e-05,0.00011999999696854502
-4.465000022747974e-05,0.00011999999696854502
-4.464000022754051e-05,0.00011999999696854502
-4.463000022760129e-05,0.00011999999696854502
-4.462000022766206e-05,0.00011999999696854502
-4.461000022772284e-05,0.00011999999696854502
-4.460000022778361e-05,0.00011999999696854502
-4.459000022784439e-05,0.00011999999696854502
-4.458000022790516e-05,0.00011999999696854502
-4.4570000227965936e-05,0.00011999999696854502
-4.456000022802671e-05,0.00011999999696854502
-4.4550000228087486e-05,0.00011999999696854502
-4.454000022814826e-05,0.00011999999696854502
-4.4530000228209035e-05,0.00011999999696854502
-4.452000022826981e-05,0.00011999999696854502
-4.4510000228330585e-05,7.999999797903001e-05
-4.450000022839136e-05,0.00011999999696854502
-4.4490000228452134e-05,0.00011999999696854502
-4.448000022851291e-05,0.00011999999696854502
-4.4470000228573683e-05,0.00011999999696854502
-4.446000022863446e-05,0.00011999999696854502
-4.445000022869523e-05,0.00011999999696854502
-4.444000022875601e-05,0.00011999999696854502
-4.443000022881678e-05,0.00011999999696854502
-4.442000022887756e-05,0.00011999999696854502
-4.441000022893833e-05,0.00011999999696854502
-4.4400000228999106e-05,0.00011999999696854502
-4.439000022905988e-05,0.00011999999696854502
-4.4380000229120656e-05,0.00011999999696854502
-4.437000022918143e-05,0.00011999999696854502
-4.4360000229242205e-05,0.00011999999696854502
-4.435000022930298e-05,0.00011999999696854502
-4.4340000229363755e-05,0.00011999999696854502
-4.433000022942453e-05,0.00011999999696854502
-4.4320000229485304e-05,0.00011999999696854502
-4.431000022954608e-05,0.00011999999696854502
-4.4300000229606853e-05,0.00011999999696854502
-4.429000022966763e-05,0.00011999999696854502
-4.42800002297284e-05,0.00011999999696854502
-4.427000022978918e-05,0.00011999999696854502
-4.426000022984995e-05,0.00011999999696854502
-4.425000022991073e-05,0.00011999999696854502
-4.42400002299715e-05,0.00011999999696854502
-4.4230000230032276e-05,0.00011999999696854502
-4.422000023009305e-05,0.00011999999696854502
-4.4210000230153826e-05,0.00011999999696854502
-4.42000002302146e-05,0.00011999999696854502
-4.4190000230275375e-05,7.999999797903001e-05
-4.418000023033615e-05,0.00011999999696854502
-4.4170000230396925e-05,0.00011999999696854502
-4.41600002304577e-05,0.00011999999696854502
-4.4150000230518474e-05,7.999999797903001e-05
-4.414000023057925e-05,7.999999797903001e-05
-4.4130000230640024e-05,0.00011999999696854502
-4.41200002307008e-05,0.00011999999696854502
-4.411000023076157e-05,0.00011999999696854502
-4.410000023082235e-05,7.999999797903001e-05
-4.409000023088312e-05,0.00011999999696854502
-4.40800002309439e-05,0.00011999999696854502
-4.407000023100467e-05,0.00011999999696854502
-4.4060000231065446e-05,0.00011999999696854502
-4.405000023112622e-05,0.00011999999696854502
-4.4040000231186996e-05,0.00011999999696854502
-4.403000023124777e-05,0.00011999999696854502
-4.4020000231308545e-05,0.00011999999696854502
-4.401000023136932e-05,0.00011999999696854502
-4.4000000231430095e-05,0.00011999999696854502
-4.399000023149087e-05,0.00011999999696854502
-4.3980000231551644e-05,0.00011999999696854502
-4.397000023161242e-05,0.00011999999696854502
-4.3960000231673194e-05,0.00011999999696854502
-4.395000023173397e-05,0.00011999999696854502
-4.394000023179474e-05,0.00011999999696854502
-4.393000023185552e-05,0.00011999999696854502
-4.392000023191629e-05,0.00011999999696854502
-4.391000023197707e-05,0.00011999999696854502
-4.390000023203784e-05,0.00011999999696854502
-4.3890000232098617e-05,0.00011999999696854502
-4.388000023215939e-05,0.00011999999696854502
-4.3870000232220166e-05,0.00011999999696854502
-4.386000023228094e-05,0.00011999999696854502
-4.3850000232341715e-05,0.00011999999696854502
-4.384000023240249e-05,7.999999797903001e-05
-4.3830000232463265e-05,0.00011999999696854502
-4.382000023252404e-05,0.00011999999696854502
-4.3810000232584814e-05,0.00011999999696854502
-4.380000023264559e-05,0.00011999999696854502
-4.3790000232706364e-05,0.00011999999696854502
-4.378000023276714e-05,0.00011999999696854502
-4.377000023282791e-05,0.00011999999696854502
-4.376000023288869e-05,7.999999797903001e-05
-4.375000023294946e-05,0.00011999999696854502
-4.374000023301024e-05,0.00011999999696854502
-4.373000023307101e-05,0.00011999999696854502
-4.372000023313179e-05,0.00011999999696854502
-4.371000023319256e-05,0.00011999999696854502
-4.3700000233253336e-05,0.00011999999696854502
-4.369000023331411e-05,0.00011999999696854502
-4.3680000233374885e-05,0.00011999999696854502
-4.367000023343566e-05,0.00011999999696854502
-4.3660000233496435e-05,0.00011999999696854502
-4.365000023355721e-05,0.00011999999696854502
-4.3640000233617984e-05,0.00011999999696854502
-4.363000023367876e-05,0.00011999999696854502
-4.3620000233739534e-05,0.00011999999696854502
-4.361000023380031e-05,0.00011999999696854502
-4.360000023386108e-05,0.00011999999696854502
-4.359000023392186e-05,0.00011999999696854502
-4.358000023398263e-05,0.00011999999696854502
-4.357000023404341e-05,0.00011999999696854502
-4.356000023410418e-05,0.00011999999696854502
-4.355000023416496e-05,0.00011999999696854502
-4.354000023422573e-05,0.00011999999696854502
-4.3530000234286506e-05,0.00011999999696854502
-4.352000023434728e-05,0.00011999999696854502
-4.3510000234408056e-05,0.00011999999696854502
-4.350000023446883e-05,0.00011999999696854502
-4.3490000234529605e-05,0.00011999999696854502
-4.348000023459038e-05,0.00011999999696854502
-4.3470000234651154e-05,0.00011999999696854502
-4.346000023471193e-05,0.00011999999696854502
-4.3450000234772704e-05,0.00011999999696854502
-4.344000023483348e-05,0.00011999999696854502
-4.343000023489425e-05,0.00011999999696854502
-4.342000023495503e-05,0.00011999999696854502
-4.34100002350158e-05,0.00011999999696854502
-4.340000023507658e-05,0.00011999999696854502
-4.339000023513735e-05,0.00011999999696854502
-4.338000023519813e-05,0.00011999999696854502
-4.33700002352589e-05,0.00011999999696854502
-4.3360000235319676e-05,0.00011999999696854502
-4.335000023538045e-05,0.00011999999696854502
-4.3340000235441226e-05,0.00011999999696854502
-4.3330000235502e-05,0.00011999999696854502
-4.3320000235562775e-05,0.00011999999696854502
-4.331000023562355e-05,0.00011999999696854502
-4.3300000235684324e-05,0.00011999999696854502
-4.32900002357451e-05,0.00011999999696854502
-4.3280000235805874e-05,0.00011999999696854502
-4.327000023586665e-05,0.00011999999696854502
-4.326000023592742e-05,0.00011999999696854502
-4.32500002359882e-05,0.00011999999696854502
-4.324000023604897e-05,7.999999797903001e-05
-4.323000023610975e-05,0.00011999999696854502
-4.322000023617052e-05,0.00011999999696854502
-4.32100002362313e-05,0.00011999999696854502
-4.320000023629207e-05,0.00011999999696854502
-4.3190000236352846e-05,0.00011999999696854502
-4.318000023641362e-05,0.00011999999696854502
-4.3170000236474396e-05,0.00011999999696854502
-4.316000023653517e-05,7.999999797903001e-05
-4.3150000236595945e-05,0.00011999999696854502
-4.314000023665672e-05,0.00011999999696854502
-4.3130000236717494e-05,0.00011999999696854502
-4.312000023677827e-05,0.00011999999696854502
-4.3110000236839044e-05,0.00011999999696854502
-4.310000023689982e-05,0.00011999999696854502
-4.309000023696059e-05,0.00011999999696854502
-4.308000023702137e-05,0.00011999999696854502
-4.307000023708214e-05,0.00011999999696854502
-4.306000023714292e-05,0.00011999999696854502
-4.305000023720369e-05,0.00011999999696854502
-4.304000023726447e-05,0.00011999999696854502
-4.303000023732524e-05,0.00011999999696854502
-4.3020000237386016e-05,0.00011999999696854502
-4.301000023744679e-05,0.00011999999696854502
-4.3000000237507566e-05,0.00011999999696854502
-4.299000023756834e-05,0.00011999999696854502
-4.2980000237629115e-05,0.00011999999696854502
-4.297000023768989e-05,0.00011999999696854502
-4.2960000237750665e-05,0.00011999999696854502
-4.295000023781144e-05,0.00011999999696854502
-4.2940000237872214e-05,7.999999797903001e-05
-4.293000023793299e-05,0.00011999999696854502
-4.2920000237993763e-05,0.00011999999696854502
-4.291000023805454e-05,0.00011999999696854502
-4.290000023811531e-05,0.00011999999696854502
-4.289000023817609e-05,7.999999797903001e-05
-4.288000023823686e-05,0.00011999999696854502
-4.287000023829764e-05,0.00011999999696854502
-4.286000023835841e-05,0.00011999999696854502
-4.2850000238419186e-05,0.00011999999696854502
-4.284000023847996e-05,0.00011999999696854502
-4.2830000238540736e-05,0.00011999999696854502
-4.282000023860151e-05,0.00011999999696854502
-4.2810000238662285e-05,7.999999797903001e-05
-4.280000023872306e-05,0.00011999999696854502
-4.2790000238783835e-05,7.999999797903001e-05
-4.278000023884461e-05,0.00011999999696854502
-4.2770000238905384e-05,0.00011999999696854502
-4.276000023896616e-05,0.00011999999696854502
-4.2750000239026933e-05,0.00011999999696854502
-4.274000023908771e-05,0.00011999999696854502
-4.273000023914848e-05,0.00011999999696854502
-4.272000023920926e-05,0.00011999999696854502
-4.271000023927003e-05,0.00011999999696854502
-4.270000023933081e-05,0.00011999999696854502
-4.269000023939158e-05,0.00011999999696854502
-4.2680000239452356e-05,0.00011999999696854502
-4.267000023951313e-05,0.00011999999696854502
-4.2660000239573906e-05,0.00011999999696854502
-4.265000023963468e-05,0.00011999999696854502
-4.2640000239695455e-05,7.999999797903001e-05
-4.263000023975623e-05,7.999999797903001e-05
-4.2620000239817005e-05,0.00011999999696854502
-4.261000023987778e-05,0.00011999999696854502
-4.2600000239938554e-05,7.999999797903001e-05
-4.259000023999933e-05,0.00011999999696854502
-4.2580000240060104e-05,0.00011999999696854502
-4.257000024012088e-05,0.00011999999696854502
-4.256000024018165e-05,0.00011999999696854502
-4.255000024024243e-05,0.00011999999696854502
-4.25400002403032e-05,0.00011999999696854502
-4.253000024036398e-05,0.00011999999696854502
-4.252000024042475e-05,0.00011999999696854502
-4.2510000240485527e-05,0.00011999999696854502
-4.25000002405463e-05,0.00011999999696854502
-4.2490000240607076e-05,0.00011999999696854502
-4.248000024066785e-05,7.999999797903001e-05
-4.2470000240728625e-05,0.00011999999696854502
-4.24600002407894e-05,0.00011999999696854502
-4.2450000240850175e-05,0.00011999999696854502
-4.244000024091095e-05,7.999999797903001e-05
-4.2430000240971724e-05,7.999999797903001e-05
-4.24200002410325e-05,0.00011999999696854502
-4.2410000241093274e-05,0.00011999999696854502
-4.240000024115405e-05,0.00011999999696854502
-4.239000024121482e-05,0.00011999999696854502
-4.23800002412756e-05,0.00011999999696854502
-4.237000024133637e-05,0.00011999999696854502
-4.236000024139715e-05,0.00011999999696854502
-4.235000024145792e-05,0.00011999999696854502
-4.2340000241518697e-05,0.00011999999696854502
-4.233000024157947e-05,0.00011999999696854502
-4.2320000241640246e-05,0.00011999999696854502
-4.231000024170102e-05,0.00011999999696854502
-4.2300000241761795e-05,0.00011999999696854502
-4.229000024182257e-05,0.00011999999696854502
-4.2280000241883345e-05,0.00011999999696854502
-4.227000024194412e-05,0.00011999999696854502
-4.2260000242004894e-05,0.00011999999696854502
-4.225000024206567e-05,0.00011999999696854502
-4.2240000242126444e-05,0.00011999999696854502
-4.223000024218722e-05,0.00011999999696854502
-4.222000024224799e-05,0.00011999999696854502
-4.221000024230877e-05,0.00011999999696854502
-4.220000024236954e-05,0.00011999999696854502
-4.219000024243032e-05,0.00011999999696854502
-4.218000024249109e-05,0.00011999999696854502
-4.217000024255187e-05,0.00011999999696854502
-4.216000024261264e-05,0.00011999999696854502
-4.2150000242673416e-05,0.00011999999696854502
-4.214000024273419e-05,0.00011999999696854502
-4.2130000242794965e-05,0.00011999999696854502
-4.212000024285574e-05,0.00011999999696854502
-4.2110000242916515e-05,7.999999797903001e-05
-4.210000024297729e-05,0.00011999999696854502
-4.2090000243038064e-05,0.00011999999696854502
-4.208000024309884e-05,0.00011999999696854502
-4.2070000243159614e-05,0.00011999999696854502
-4.206000024322039e-05,0.00011999999696854502
-4.205000024328116e-05,0.00011999999696854502
-4.204000024334194e-05,0.00011999999696854502
-4.203000024340271e-05,0.00011999999696854502
-4.202000024346349e-05,0.00011999999696854502
-4.201000024352426e-05,0.00011999999696854502
-4.200000024358504e-05,0.00011999999696854502
-4.199000024364581e-05,0.00011999999696854502
-4.1980000243706586e-05,7.999999797903001e-05
-4.197000024376736e-05,0.00011999999696854502
-4.1960000243828136e-05,0.00011999999696854502
-4.195000024388891e-05,0.00011999999696854502
-4.1940000243949685e-05,0.00011999999696854502
-4.193000024401046e-05,0.00011999999696854502
-4.1920000244071234e-05,0.00011999999696854502
-4.191000024413201e-05,0.00011999999696854502
-4.1900000244192784e-05,0.00011999999696854502
-4.189000024425356e-05,0.00011999999696854502
-4.188000024431433e-05,0.00011999999696854502
-4.187000024437511e-05,0.00011999999696854502
-4.186000024443588e-05,0.00011999999696854502
-4.185000024449666e-05,0.00011999999696854502
-4.184000024455743e-05,0.00011999999696854502
-4.183000024461821e-05,0.00011999999696854502
-4.182000024467898e-05,7.999999797903001e-05
-4.1810000244739756e-05,0.00011999999696854502
-4.180000024480053e-05,0.00011999999696854502
-4.1790000244861306e-05,0.00011999999696854502
-4.178000024492208e-05,0.00011999999696854502
-4.1770000244982855e-05,7.999999797903001e-05
-4.176000024504363e-05,0.00011999999696854502
-4.1750000245104404e-05,0.00011999999696854502
-4.174000024516518e-05,0.00011999999696854502
-4.1730000245225954e-05,0.00011999999696854502
-4.172000024528673e-05,0.00011999999696854502
-4.17100002453475e-05,0.00011999999696854502
-4.170000024540828e-05,0.00011999999696854502
-4.169000024546905e-05,0.00011999999696854502
-4.168000024552983e-05,7.999999797903001e-05
-4.16700002455906e-05,0.00011999999696854502
-4.166000024565138e-05,0.00011999999696854502
-4.165000024571215e-05,0.00011999999696854502
-4.1640000245772926e-05,0.00011999999696854502
-4.16300002458337e-05,0.00011999999696854502
-4.1620000245894476e-05,0.00011999999696854502
-4.161000024595525e-05,0.00011999999696854502
-4.1600000246016025e-05,0.00011999999696854502
-4.15900002460768e-05,7.999999797903001e-05
-4.1580000246137575e-05,0.00011999999696854502
-4.157000024619835e-05,0.00011999999696854502
-4.1560000246259124e-05,0.00011999999696854502
-4.15500002463199e-05,0.00011999999696854502
-4.154000024638067e-05,0.00011999999696854502
-4.153000024644145e-05,0.00011999999696854502
-4.152000024650222e-05,0.00011999999696854502
-4.1510000246563e-05,0.00011999999696854502
-4.150000024662377e-05,7.999999797903001e-05
-4.149000024668455e-05,0.00011999999696854502
-4.148000024674532e-05,0.00011999999696854502
-4.1470000246806096e-05,0.00011999999696854502
-4.146000024686687e-05,0.00011999999696854502
-4.1450000246927646e-05,0.00011999999696854502
-4.144000024698842e-05,7.999999797903001e-05
-4.1430000247049195e-05,0.00011999999696854502
-4.142000024710997e-05,0.00011999999696854502
-4.1410000247170745e-05,0.00011999999696854502
-4.140000024723152e-05,0.00011999999696854502
-4.1390000247292294e-05,0.00011999999696854502
-4.138000024735307e-05,7.999999797903001e-05
-4.1370000247413843e-05,7.999999797903001e-05
-4.136000024747462e-05,0.00011999999696854502
-4.135000024753539e-05,0.00011999999696854502
-4.134000024759617e-05,0.00011999999696854502
-4.133000024765694e-05,0.00011999999696854502
-4.132000024771772e-05,0.00011999999696854502
-4.131000024777849e-05,0.00011999999696854502
-4.1300000247839266e-05,0.00011999999696854502
-4.129000024790004e-05,0.00011999999696854502
-4.1280000247960816e-05,0.00011999999696854502
-4.127000024802159e-05,0.00011999999696854502
-4.1260000248082365e-05,0.00011999999696854502
-4.125000024814314e-05,7.999999797903001e-05
-4.1240000248203915e-05,7.999999797903001e-05
-4.123000024826469e-05,0.00011999999696854502
-4.1220000248325464e-05,0.00011999999696854502
-4.121000024838624e-05,0.00011999999696854502
-4.1200000248447013e-05,0.00011999999696854502
-4.119000024850779e-05,0.00011999999696854502
-4.118000024856856e-05,0.00011999999696854502
-4.117000024862934e-05,7.999999797903001e-05
-4.116000024869011e-05,0.00011999999696854502
-4.115000024875089e-05,0.00011999999696854502
-4.114000024881166e-05,0.00011999999696854502
-4.1130000248872436e-05,0.00011999999696854502
-4.112000024893321e-05,0.00011999999696854502
-4.1110000248993986e-05,0.00011999999696854502
-4.110000024905476e-05,0.00011999999696854502
-4.1090000249115535e-05,0.00011999999696854502
-4.108000024917631e-05,0.00011999999696854502
-4.1070000249237085e-05,0.00011999999696854502
-4.106000024929786e-05,0.00011999999696854502
-4.1050000249358634e-05,0.00011999999696854502
-4.104000024941941e-05,0.00011999999696854502
-4.1030000249480184e-05,0.00011999999696854502
-4.102000024954096e-05,0.00011999999696854502
-4.101000024960173e-05,0.00011999999696854502
-4.100000024966251e-05,0.00011999999696854502
-4.099000024972328e-05,0.00011999999696854502
-4.098000024978406e-05,7.999999797903001e-05
-4.097000024984483e-05,0.00011999999696854502
-4.0960000249905607e-05,7.999999797903001e-05
-4.095000024996638e-05,0.00019999999494757503
-4.0940000250027156e-05,0.00027999999292660505
-4.093000025008793e-05,0.0
-4.0920000250148705e-05,-3.9999998989515007e-05
-4.091000025020948e-05,0.00011999999696854502
-4.0900000250270255e-05,0.00015999999595806003
-4.089000025033103e-05,0.00023999999393709004
-4.0880000250391804e-05,0.00015999999595806003
-4.087000025045258e-05,3.9999998989515007e-05
-4.0860000250513354e-05,3.9999998989515007e-05
-4.085000025057413e-05,0.00011999999696854502
-4.08400002506349e-05,0.00015999999595806003
-4.083000025069568e-05,0.00015999999595806003
-4.082000025075645e-05,7.999999797903001e-05
-4.081000025081723e-05,7.999999797903001e-05
-4.0800000250878e-05,0.00015999999595806003
-4.0790000250938777e-05,0.00011999999696854502
-4.078000025099955e-05,7.999999797903001e-05
-4.0770000251060326e-05,0.00011999999696854502
-4.07600002511211e-05,0.00011999999696854502
-4.0750000251181875e-05,0.00015999999595806003
-4.074000025124265e-05,7.999999797903001e-05
-4.0730000251303425e-05,7.999999797903001e-05
-4.07200002513642e-05,0.00015999999595806003
-4.0710000251424974e-05,0.00015999999595806003
-4.070000025148575e-05,7.999999797903001e-05
-4.0690000251546524e-05,7.999999797903001e-05
-4.06800002516073e-05,0.00011999999696854502
-4.067000025166807e-05,0.00015999999595806003
-4.066000025172885e-05,0.00011999999696854502
-4.065000025178962e-05,7.999999797903001e-05
-4.06400002518504e-05,0.00011999999696854502
-4.063000025191117e-05,0.00011999999696854502
-4.062000025197195e-05,0.00011999999696854502
-4.061000025203272e-05,0.00011999999696854502
-4.0600000252093496e-05,0.00011999999696854502
-4.059000025215427e-05,0.00015999999595806003
-4.0580000252215045e-05,0.00011999999696854502
-4.057000025227582e-05,7.999999797903001e-05
-4.0560000252336595e-05,7.999999797903001e-05
-4.055000025239737e-05,0.00011999999696854502
-4.0540000252458144e-05,0.00011999999696854502
-4.053000025251892e-05,0.00011999999696854502
-4.0520000252579694e-05,0.00011999999696854502
-4.051000025264047e-05,7.999999797903001e-05
-4.050000025270124e-05,0.00011999999696854502
-4.049000025276202e-05,0.00011999999696854502
-4.048000025282279e-05,0.00011999999696854502
-4.047000025288357e-05,0.00011999999696854502
-4.046000025294434e-05,7.999999797903001e-05
-4.045000025300512e-05,0.00011999999696854502
-4.044000025306589e-05,7.999999797903001e-05
-4.0430000253126666e-05,0.00011999999696854502
-4.042000025318744e-05,0.00011999999696854502
-4.0410000253248216e-05,0.00011999999696854502
-4.040000025330899e-05,0.00011999999696854502
-4.0390000253369765e-05,7.999999797903001e-05
-4.038000025343054e-05,7.999999797903001e-05
-4.0370000253491314e-05,0.00011999999696854502
-4.036000025355209e-05,0.00011999999696854502
-4.0350000253612864e-05,7.999999797903001e-05
-4.034000025367364e-05,7.999999797903001e-05
-4.033000025373441e-05,0.00011999999696854502
-4.032000025379519e-05,0.00011999999696854502
-4.031000025385596e-05,0.00011999999696854502
-4.030000025391674e-05,0.00011999999696854502
-4.029000025397751e-05,0.00011999999696854502
-4.028000025403829e-05,0.00011999999696854502
-4.027000025409906e-05,0.00011999999696854502
-4.0260000254159836e-05,7.999999797903001e-05
-4.025000025422061e-05,0.00011999999696854502
-4.0240000254281386e-05,0.00011999999696854502
-4.023000025434216e-05,0.00011999999696854502
-4.0220000254402935e-05,0.00011999999696854502
-4.021000025446371e-05,0.00011999999696854502
-4.0200000254524484e-05,0.00011999999696854502
-4.019000025458526e-05,0.00011999999696854502
-4.0180000254646034e-05,0.00011999999696854502
-4.017000025470681e-05,0.00011999999696854502
-4.016000025476758e-05,0.00011999999696854502
-4.015000025482836e-05,0.00011999999696854502
-4.014000025488913e-05,0.00011999999696854502
-4.013000025494991e-05,0.00011999999696854502
-4.012000025501068e-05,0.00011999999696854502
-4.011000025507146e-05,0.00011999999696854502
-4.010000025513223e-05,0.00011999999696854502
-4.0090000255193006e-05,0.00011999999696854502
-4.008000025525378e-05,0.00011999999696854502
-4.0070000255314556e-05,0.00011999999696854502
-4.006000025537533e-05,0.00011999999696854502
-4.0050000255436105e-05,0.00011999999696854502
-4.004000025549688e-05,0.00011999999696854502
-4.0030000255557655e-05,7.999999797903001e-05
-4.002000025561843e-05,0.00011999999696854502
-4.0010000255679204e-05,0.00011999999696854502
-4.000000025573998e-05,0.00011999999696854502
-3.999000025580075e-05,7.999999797903001e-05
-3.998000025586153e-05,0.00011999999696854502
-3.99700002559223e-05,0.00011999999696854502
-3.996000025598308e-05,0.00011999999696854502
-3.995000025604385e-05,0.00011999999696854502
-3.994000025610463e-05,0.00011999999696854502
-3.99300002561654e-05,0.00011999999696854502
-3.9920000256226176e-05,7.999999797903001e-05
-3.991000025628695e-05,7.999999797903001e-05
-3.9900000256347726e-05,0.00011999999696854502
-3.98900002564085e-05,0.00011999999696854502
-3.9880000256469275e-05,0.00011999999696854502
-3.987000025653005e-05,0.00011999999696854502
-3.9860000256590825e-05,0.00011999999696854502
-3.98500002566516e-05,0.00011999999696854502
-3.9840000256712374e-05,0.00011999999696854502
-3.983000025677315e-05,0.00011999999696854502
-3.9820000256833923e-05,0.00011999999696854502
-3.98100002568947e-05,0.00011999999696854502
-3.980000025695547e-05,0.00011999999696854502
-3.979000025701625e-05,0.00011999999696854502
-3.978000025707702e-05,0.00011999999696854502
-3.97700002571378e-05,0.00011999999696854502
-3.976000025719857e-05,0.00011999999696854502
-3.9750000257259346e-05,0.00011999999696854502
-3.974000025732012e-05,0.00011999999696854502
-3.9730000257380896e-05,0.00011999999696854502
-3.972000025744167e-05,0.00011999999696854502
-3.9710000257502445e-05,0.00011999999696854502
-3.970000025756322e-05,0.00011999999696854502
-3.9690000257623995e-05,0.00011999999696854502
-3.968000025768477e-05,0.00011999999696854502
-3.9670000257745544e-05,7.999999797903001e-05
-3.966000025780632e-05,0.00011999999696854502
-3.9650000257867093e-05,0.00011999999696854502
-3.964000025792787e-05,0.00011999999696854502
-3.963000025798864e-05,0.00011999999696854502
-3.962000025804942e-05,7.999999797903001e-05
-3.961000025811019e-05,0.00011999999696854502
-3.960000025817097e-05,0.00011999999696854502
-3.959000025823174e-05,0.00011999999696854502
-3.9580000258292516e-05,0.00011999999696854502
-3.957000025835329e-05,0.00011999999696854502
-3.9560000258414066e-05,0.00011999999696854502
-3.955000025847484e-05,0.00011999999696854502
-3.9540000258535615e-05,0.00011999999696854502
-3.953000025859639e-05,0.00011999999696854502
-3.9520000258657165e-05,0.00011999999696854502
-3.951000025871794e-05,0.00011999999696854502
-3.9500000258778714e-05,7.999999797903001e-05
-3.949000025883949e-05,0.00011999999696854502
-3.9480000258900264e-05,0.00011999999696854502
-3.947000025896104e-05,0.00011999999696854502
-3.946000025902181e-05,7.999999797903001e-05
-3.945000025908259e-05,0.00011999999696854502
-3.944000025914336e-05,0.00011999999696854502
-3.943000025920414e-05,0.00011999999696854502
-3.942000025926491e-05,0.00011999999696854502
-3.9410000259325687e-05,0.00011999999696854502
-3.940000025938646e-05,7.999999797903001e-05
-3.9390000259447236e-05,7.999999797903001e-05
-3.938000025950801e-05,7.999999797903001e-05
-3.9370000259568785e-05,0.00011999999696854502
-3.936000025962956e-05,0.00011999999696854502
-3.9350000259690335e-05,0.00011999999696854502
-3.934000025975111e-05,7.999999797903001e-05
-3.9330000259811884e-05,0.00011999999696854502
-3.932000025987266e-05,0.00011999999696854502
-3.9310000259933434e-05,0.00011999999696854502
-3.930000025999421e-05,0.00011999999696854502
-3.929000026005498e-05,0.00011999999696854502
-3.928000026011576e-05,0.00011999999696854502
-3.927000026017653e-05,7.999999797903001e-05
-3.926000026023731e-05,7.999999797903001e-05
-3.925000026029808e-05,0.00011999999696854502
-3.9240000260358857e-05,0.00011999999696854502
-3.923000026041963e-05,0.00011999999696854502
-3.9220000260480406e-05,0.00011999999696854502
-3.921000026054118e-05,0.00011999999696854502
-3.9200000260601955e-05,0.00011999999696854502
-3.919000026066273e-05,0.00011999999696854502
-3.9180000260723505e-05,0.00011999999696854502
-3.917000026078428e-05,7.999999797903001e-05
-3.9160000260845054e-05,0.00011999999696854502
-3.915000026090583e-05,0.00011999999696854502
-3.9140000260966604e-05,0.00011999999696854502
-3.913000026102738e-05,0.00011999999696854502
-3.912000026108815e-05,0.00011999999696854502
-3.911000026114893e-05,0.00011999999696854502
-3.91000002612097e-05,0.00011999999696854502
-3.909000026127048e-05,0.00011999999696854502
-3.908000026133125e-05,0.00011999999696854502
-3.907000026139203e-05,0.00011999999696854502
-3.90600002614528e-05,0.00011999999696854502
-3.9050000261513576e-05,0.00011999999696854502
-3.904000026157435e-05,0.00011999999696854502
-3.9030000261635125e-05,0.00011999999696854502
-3.90200002616959e-05,0.00011999999696854502
-3.9010000261756675e-05,0.00011999999696854502
-3.900000026181745e-05,0.00011999999696854502
-3.8990000261878224e-05,0.00011999999696854502
-3.8980000261939e-05,0.00011999999696854502
-3.8970000261999774e-05,0.00011999999696854502
-3.896000026206055e-05,0.00011999999696854502
-3.895000026212132e-05,0.00011999999696854502
-3.89400002621821e-05,0.00011999999696854502
-3.893000026224287e-05,0.00011999999696854502
-3.892000026230365e-05,0.00011999999696854502
-3.891000026236442e-05,0.00011999999696854502
-3.89000002624252e-05,0.00011999999696854502
-3.889000026248597e-05,0.00011999999696854502
-3.8880000262546746e-05,0.00011999999696854502
-3.887000026260752e-05,0.00011999999696854502
-3.8860000262668296e-05,0.00011999999696854502
-3.885000026272907e-05,0.00011999999696854502
-3.8840000262789845e-05,0.00011999999696854502
-3.883000026285062e-05,0.00011999999696854502
-3.8820000262911394e-05,0.00011999999696854502
-3.881000026297217e-05,0.00011999999696854502
-3.8800000263032944e-05,0.00011999999696854502
-3.879000026309372e-05,0.00011999999696854502
-3.878000026315449e-05,0.00011999999696854502
-3.877000026321527e-05,0.00011999999696854502
-3.876000026327604e-05,0.00011999999696854502
-3.875000026333682e-05,0.00011999999696854502
-3.874000026339759e-05,0.00011999999696854502
-3.873000026345837e-05,0.00011999999696854502
-3.872000026351914e-05,0.00011999999696854502
-3.8710000263579916e-05,0.00011999999696854502
-3.870000026364069e-05,0.00011999999696854502
-3.8690000263701466e-05,0.00011999999696854502
-3.868000026376224e-05,0.00011999999696854502
-3.8670000263823015e-05,0.00011999999696854502
-3.866000026388379e-05,0.00015999999595806003
-3.8650000263944564e-05,0.00011999999696854502
-3.864000026400534e-05,0.00011999999696854502
-3.8630000264066114e-05,0.00011999999696854502
-3.862000026412689e-05,0.00011999999696854502
-3.861000026418766e-05,0.00011999999696854502
-3.860000026424844e-05,0.00011999999696854502
-3.859000026430921e-05,0.00011999999696854502
-3.858000026436999e-05,0.00011999999696854502
-3.857000026443076e-05,0.00011999999696854502
-3.856000026449154e-05,0.00011999999696854502
-3.855000026455231e-05,0.00011999999696854502
-3.8540000264613086e-05,0.00011999999696854502
-3.853000026467386e-05,0.00015999999595806003
-3.8520000264734636e-05,0.00011999999696854502
-3.851000026479541e-05,0.00011999999696854502
-3.8500000264856185e-05,0.00011999999696854502
-3.849000026491696e-05,0.00011999999696854502
-3.8480000264977735e-05,0.00011999999696854502
-3.847000026503851e-05,0.00011999999696854502
-3.8460000265099284e-05,0.00015999999595806003
-3.845000026516006e-05,0.00011999999696854502
-3.844000026522083e-05,0.00011999999696854502
-3.843000026528161e-05,0.00011999999696854502
-3.842000026534238e-05,0.00011999999696854502
-3.841000026540316e-05,0.00015999999595806003
-3.840000026546393e-05,0.00011999999696854502
-3.839000026552471e-05,0.00011999999696854502
-3.838000026558548e-05,0.00015999999595806003
-3.8370000265646256e-05,0.00011999999696854502
-3.836000026570703e-05,0.00011999999696854502
-3.8350000265767806e-05,0.00011999999696854502
-3.834000026582858e-05,0.00015999999595806003
-3.8330000265889355e-05,0.00015999999595806003
-3.832000026595013e-05,0.00011999999696854502
-3.8310000266010905e-05,0.00015999999595806003
-3.830000026607168e-05,0.00011999999696854502
-3.8290000266132454e-05,0.00011999999696854502
-3.828000026619323e-05,0.00015999999595806003
-3.8270000266254003e-05,0.00015999999595806003
-3.826000026631478e-05,0.00015999999595806003
-3.825000026637555e-05,0.00015999999595806003
-3.824000026643633e-05,0.00011999999696854502
-3.82300002664971e-05,0.00015999999595806003
-3.822000026655788e-05,0.00015999999595806003
-3.821000026661865e-05,0.00015999999595806003
-3.8200000266679426e-05,0.00015999999595806003
-3.81900002667402e-05,0.00015999999595806003
-3.8180000266800976e-05,0.00015999999595806003
-3.817000026686175e-05,0.00015999999595806003
-3.8160000266922525e-05,0.00015999999595806003
-3.81500002669833e-05,0.00015999999595806003
-3.8140000267044075e-05,0.00015999999595806003
-3.813000026710485e-05,0.00015999999595806003
-3.8120000267165624e-05,0.00015999999595806003
-3.81100002672264e-05,0.00015999999595806003
-3.8100000267287173e-05,0.00015999999595806003
-3.809000026734795e-05,0.00015999999595806003
-3.808000026740872e-05,0.00015999999595806003
-3.80700002674695e-05,0.00015999999595806003
-3.806000026753027e-05,0.00015999999595806003
-3.805000026759105e-05,0.00015999999595806003
-3.804000026765182e-05,0.00015999999595806003
-3.8030000267712596e-05,0.00015999999595806003
-3.802000026777337e-05,0.00015999999595806003
-3.8010000267834146e-05,0.00015999999595806003
-3.800000026789492e-05,0.00019999999494757503
-3.7990000267955695e-05,0.00015999999595806003
-3.798000026801647e-05,0.00015999999595806003
-3.7970000268077245e-05,0.00015999999595806003
-3.796000026813802e-05,0.00015999999595806003
-3.7950000268198794e-05,0.00015999999595806003
-3.794000026825957e-05,0.00015999999595806003
-3.7930000268320344e-05,0.00019999999494757503
-3.792000026838112e-05,0.00015999999595806003
-3.791000026844189e-05,0.00015999999595806003
-3.790000026850267e-05,0.00015999999595806003
-3.789000026856344e-05,0.00015999999595806003
-3.788000026862422e-05,0.00019999999494757503
-3.787000026868499e-05,0.00019999999494757503
-3.7860000268745767e-05,0.00015999999595806003
-3.785000026880654e-05,0.00019999999494757503
-3.7840000268867316e-05,0.00019999999494757503
-3.783000026892809e-05,0.00019999999494757503
-3.7820000268988865e-05,0.00019999999494757503
-3.781000026904964e-05,0.00019999999494757503
-3.7800000269110415e-05,0.00019999999494757503
-3.779000026917119e-05,0.00019999999494757503
-3.7780000269231964e-05,0.00019999999494757503
-3.777000026929274e-05,0.00019999999494757503
-3.7760000269353514e-05,0.00019999999494757503
-3.775000026941429e-05,0.00019999999494757503
-3.774000026947506e-05,0.00019999999494757503
-3.773000026953584e-05,0.00019999999494757503
-3.772000026959661e-05,0.00019999999494757503
-3.771000026965739e-05,0.00019999999494757503
-3.770000026971816e-05,0.00023999999393709004
-3.7690000269778937e-05,0.00023999999393709004
-3.768000026983971e-05,0.00019999999494757503
-3.7670000269900486e-05,0.00019999999494757503
-3.766000026996126e-05,0.00019999999494757503
-3.7650000270022035e-05,0.00023999999393709004
-3.764000027008281e-05,0.00023999999393709004
-3.7630000270143585e-05,0.00019999999494757503
-3.762000027020436e-05,0.00019999999494757503
-3.7610000270265134e-05,0.00019999999494757503
-3.760000027032591e-05,0.00019999999494757503
-3.7590000270386684e-05,0.00023999999393709004
-3.758000027044746e-05,0.00023999999393709004
-3.757000027050823e-05,0.00023999999393709004
-3.756000027056901e-05,0.00023999999393709004
-3.755000027062978e-05,0.00019999999494757503
-3.754000027069056e-05,0.00023999999393709004
-3.753000027075133e-05,0.00023999999393709004
-3.752000027081211e-05,0.00023999999393709004
-3.751000027087288e-05,0.00023999999393709004
-3.7500000270933656e-05,0.00023999999393709004
-3.749000027099443e-05,0.00023999999393709004
-3.7480000271055205e-05,0.00023999999393709004
-3.747000027111598e-05,0.00023999999393709004
-3.7460000271176755e-05,0.00027999999292660505
-3.745000027123753e-05,0.00023999999393709004
-3.7440000271298304e-05,0.00023999999393709004
-3.743000027135908e-05,0.00023999999393709004
-3.7420000271419854e-05,0.00023999999393709004
-3.741000027148063e-05,0.00027999999292660505
-3.74000002715414e-05,0.00023999999393709004
-3.739000027160218e-05,0.00027999999292660505
-3.738000027166295e-05,0.00027999999292660505
-3.737000027172373e-05,0.00027999999292660505
-3.73600002717845e-05,0.00027999999292660505
-3.735000027184528e-05,0.00027999999292660505
-3.734000027190605e-05,0.00027999999292660505
-3.7330000271966826e-05,0.00027999999292660505
-3.73200002720276e-05,0.00027999999292660505
-3.7310000272088376e-05,0.00027999999292660505
-3.730000027214915e-05,0.00027999999292660505
-3.7290000272209925e-05,0.00031999999191612005
-3.72800002722707e-05,0.00031999999191612005
-3.7270000272331474e-05,0.00027999999292660505
-3.726000027239225e-05,0.00027999999292660505
-3.7250000272453024e-05,0.00027999999292660505
-3.72400002725138e-05,0.00031999999191612005
-3.723000027257457e-05,0.00031999999191612005
-3.722000027263535e-05,0.00031999999191612005
-3.721000027269612e-05,0.00031999999191612005
-3.72000002727569e-05,0.00031999999191612005
-3.719000027281767e-05,0.00031999999191612005
-3.718000027287845e-05,0.00031999999191612005
-3.717000027293922e-05,0.00031999999191612005
-3.7160000272999996e-05,0.00031999999191612005
-3.715000027306077e-05,0.00035999999090563506
-3.7140000273121546e-05,0.00031999999191612005
-3.713000027318232e-05,0.00035999999090563506
-3.7120000273243095e-05,0.00035999999090563506
-3.711000027330387e-05,0.00035999999090563506
-3.7100000273364644e-05,0.00035999999090563506
-3.709000027342542e-05,0.00035999999090563506
-3.7080000273486194e-05,0.00035999999090563506
-3.707000027354697e-05,0.00035999999090563506
-3.706000027360774e-05,0.00035999999090563506
-3.705000027366852e-05,0.00035999999090563506
-3.704000027372929e-05,0.00035999999090563506
-3.703000027379007e-05,0.00039999998989515007
-3.702000027385084e-05,0.00039999998989515007
-3.701000027391162e-05,0.00039999998989515007
-3.700000027397239e-05,0.00039999998989515007
-3.6990000274033166e-05,0.00039999998989515007
-3.698000027409394e-05,0.00039999998989515007
-3.6970000274154716e-05,0.00039999998989515007
-3.696000027421549e-05,0.00039999998989515007
-3.6950000274276265e-05,0.00039999998989515007
-3.694000027433704e-05,0.00039999998989515007
-3.6930000274397815e-05,0.00039999998989515007
-3.692000027445859e-05,0.00039999998989515007
-3.6910000274519364e-05,0.00043999998888466507
-3.690000027458014e-05,0.00039999998989515007
-3.689000027464091e-05,0.00043999998888466507
-3.688000027470169e-05,0.00043999998888466507
-3.687000027476246e-05,0.00043999998888466507
-3.686000027482324e-05,0.00043999998888466507
-3.685000027488401e-05,0.00043999998888466507
-3.684000027494479e-05,0.00043999998888466507
-3.683000027500556e-05,0.00043999998888466507
-3.6820000275066336e-05,0.0004799999878741801
-3.681000027512711e-05,0.00043999998888466507
-3.6800000275187886e-05,0.00043999998888466507
-3.679000027524866e-05,0.0004799999878741801
-3.6780000275309435e-05,0.0004799999878741801
-3.677000027537021e-05,0.0004799999878741801
-3.6760000275430985e-05,0.0004799999878741801
-3.675000027549176e-05,0.0004799999878741801
-3.6740000275552534e-05,0.0004799999878741801
-3.673000027561331e-05,0.0004799999878741801
-3.6720000275674083e-05,0.0005199999868636951
-3.671000027573486e-05,0.0005199999868636951
-3.670000027579563e-05,0.0005199999868636951
-3.669000027585641e-05,0.0004799999878741801
-3.668000027591718e-05,0.0005199999868636951
-3.667000027597796e-05,0.0005199999868636951
-3.666000027603873e-05,0.0005599999858532101
-3.6650000276099506e-05,0.0005199999868636951
-3.664000027616028e-05,0.0005199999868636951
-3.6630000276221056e-05,0.0005199999868636951
-3.662000027628183e-05,0.0005599999858532101
-3.6610000276342605e-05,0.0005599999858532101
-3.660000027640338e-05,0.0005599999858532101
-3.6590000276464155e-05,0.0005599999858532101
-3.658000027652493e-05,0.0005599999858532101
-3.6570000276585704e-05,0.0005599999858532101
-3.656000027664648e-05,0.0005599999858532101
-3.6550000276707253e-05,0.0005599999858532101
-3.654000027676803e-05,0.0005999999848427251
-3.65300002768288e-05,0.0005599999858532101
-3.652000027688958e-05,0.0005999999848427251
-3.651000027695035e-05,0.0005999999848427251
-3.650000027701113e-05,0.0005999999848427251
-3.64900002770719e-05,0.0006399999838322401
-3.6480000277132676e-05,0.0005999999848427251
-3.647000027719345e-05,0.0005999999848427251
-3.6460000277254226e-05,0.0005999999848427251
-3.6450000277315e-05,0.0006399999838322401
-3.6440000277375775e-05,0.0006399999838322401
-3.643000027743655e-05,0.0006399999838322401
-3.6420000277497325e-05,0.0006399999838322401
-3.64100002775581e-05,0.0006399999838322401
-3.6400000277618874e-05,0.0006399999838322401
-3.639000027767965e-05,0.0006399999838322401
-3.6380000277740424e-05,0.0006399999838322401
-3.63700002778012e-05,0.0006399999838322401
-3.636000027786197e-05,0.0006799999828217551
-3.635000027792275e-05,0.0006799999828217551
-3.634000027798352e-05,0.0006799999828217551
-3.63300002780443e-05,0.0006799999828217551
-3.632000027810507e-05,0.0006799999828217551
-3.6310000278165847e-05,0.0006799999828217551
-3.630000027822662e-05,0.0006799999828217551
-3.6290000278287396e-05,0.0006799999828217551
-3.628000027834817e-05,0.0007199999818112701
-3.6270000278408945e-05,0.0007199999818112701
-3.626000027846972e-05,0.0007199999818112701
-3.6250000278530495e-05,0.0007199999818112701
-3.624000027859127e-05,0.0007199999818112701
-3.6230000278652044e-05,0.0007599999808007851
-3.622000027871282e-05,0.0007599999808007851
-3.6210000278773594e-05,0.0007599999808007851
-3.620000027883437e-05,0.0007599999808007851
-3.619000027889514e-05,0.0007599999808007851
-3.618000027895592e-05,0.0007999999797903001
-3.617000027901669e-05,0.0007999999797903001
-3.616000027907747e-05,0.0007999999797903001
-3.615000027913824e-05,0.0007999999797903001
-3.6140000279199017e-05,0.0007999999797903001
-3.613000027925979e-05,0.0007999999797903001
-3.6120000279320566e-05,0.0007999999797903001
-3.611000027938134e-05,0.0007999999797903001
-3.6100000279442115e-05,0.0007999999797903001
-3.609000027950289e-05,0.0007999999797903001
-3.6080000279563665e-05,0.0008399999787798151
-3.607000027962444e-05,0.0008399999787798151
-3.6060000279685214e-05,0.0008399999787798151
-3.605000027974599e-05,0.0008399999787798151
-3.6040000279806764e-05,0.0008399999787798151
-3.603000027986754e-05,0.0008399999787798151
-3.602000027992831e-05,0.0008799999777693301
-3.601000027998909e-05,0.0008799999777693301
-3.600000028004986e-05,0.0008399999787798151
-3.599000028011064e-05,0.0008799999777693301
-3.598000028017141e-05,0.0008799999777693301
-3.597000028023219e-05,0.0008799999777693301
-3.596000028029296e-05,0.0008799999777693301
-3.5950000280353736e-05,0.0008799999777693301
-3.594000028041451e-05,0.0008799999777693301
-3.5930000280475285e-05,0.0008799999777693301
-3.592000028053606e-05,0.0008799999777693301
-3.5910000280596835e-05,0.0009199999767588452
-3.590000028065761e-05,0.0009199999767588452
-3.5890000280718384e-05,0.0009199999767588452
-3.588000028077916e-05,0.0009199999767588452
-3.5870000280839934e-05,0.0009199999767588452
-3.586000028090071e-05,0.0009199999767588452
-3.585000028096148e-05,0.0009199999767588452
-3.584000028102226e-05,0.0009199999767588452
-3.583000028108303e-05,0.0009599999757483602
-3.582000028114381e-05,0.0009599999757483602
-3.581000028120458e-05,0.0009599999757483602
-3.580000028126536e-05,0.0009599999757483602
-3.579000028132613e-05,0.0009599999757483602
-3.5780000281386906e-05,0.0009599999757483602
-3.577000028144768e-05,0.0009599999757483602
-3.5760000281508456e-05,0.0009599999757483602
-3.575000028156923e-05,0.0009999999747378752
-3.5740000281630005e-05,0.0009599999757483602
-3.573000028169078e-05,0.0009999999747378752
-3.5720000281751554e-05,0.0009999999747378752
-3.571000028181233e-05,0.0009999999747378752
-3.5700000281873104e-05,0.0009999999747378752
-3.569000028193388e-05,0.0009999999747378752
-3.568000028199465e-05,0.0009999999747378752
-3.567000028205543e-05,0.0009999999747378752
-3.56600002821162e-05,0.0010399999737273902
-3.565000028217698e-05,0.0010399999737273902
-3.564000028223775e-05,0.0010399999737273902
-3.563000028229853e-05,0.0010399999737273902
-3.56200002823593e-05,0.0010399999737273902
-3.5610000282420076e-05,0.0010799999727169052
-3.560000028248085e-05,0.0010799999727169052
-3.5590000282541626e-05,0.0010399999737273902
-3.55800002826024e-05,0.0010399999737273902
-3.5570000282663175e-05,0.0010799999727169052
-3.556000028272395e-05,0.0010799999727169052
-3.5550000282784724e-05,0.0010799999727169052
-3.55400002828455e-05,0.0010799999727169052
-3.5530000282906274e-05,0.0010799999727169052
-3.552000028296705e-05,0.0010799999727169052
-3.551000028302782e-05,0.0010799999727169052
-3.55000002830886e-05,0.0011199999717064202
-3.549000028314937e-05,0.0011199999717064202
-3.548000028321015e-05,0.0011199999717064202
-3.547000028327092e-05,0.0011199999717064202
-3.54600002833317e-05,0.0011199999717064202
-3.545000028339247e-05,0.0011199999717064202
-3.5440000283453246e-05,0.0011199999717064202
-3.543000028351402e-05,0.0011199999717064202
-3.5420000283574796e-05,0.0011199999717064202
-3.541000028363557e-05,0.0011199999717064202
-3.5400000283696345e-05,0.0011199999717064202
-3.539000028375712e-05,0.0011599999706959352
-3.5380000283817895e-05,0.0011599999706959352
-3.537000028387867e-05,0.0011599999706959352
-3.5360000283939444e-05,0.0011599999706959352
-3.535000028400022e-05,0.0011599999706959352
-3.534000028406099e-05,0.0011599999706959352
-3.533000028412177e-05,0.0011599999706959352
-3.532000028418254e-05,0.0011599999706959352
-3.531000028424332e-05,0.0011599999706959352
-3.530000028430409e-05,0.0011599999706959352
-3.529000028436487e-05,0.0011599999706959352
-3.528000028442564e-05,0.0011999999696854502
-3.5270000284486416e-05,0.0011999999696854502
-3.526000028454719e-05,0.0011999999696854502
-3.5250000284607966e-05,0.0011599999706959352
-3.524000028466874e-05,0.0011999999696854502
-3.5230000284729515e-05,0.0011999999696854502
-3.522000028479029e-05,0.0011999999696854502
-3.5210000284851065e-05,0.0011999999696854502
-3.520000028491184e-05,0.0012399999686749652
-3.5190000284972614e-05,0.0011999999696854502
-3.518000028503339e-05,0.0011999999696854502
-3.5170000285094163e-05,0.0012399999686749652
-3.516000028515494e-05,0.0012399999686749652
-3.515000028521571e-05,0.0012399999686749652
-3.514000028527649e-05,0.0012399999686749652
-3.513000028533726e-05,0.0012399999686749652
-3.512000028539804e-05,0.0012399999686749652
-3.511000028545881e-05,0.0012399999686749652
-3.5100000285519586e-05,0.0012399999686749652
-3.509000028558036e-05,0.0012399999686749652
-3.5080000285641136e-05,0.0012399999686749652
-3.507000028570191e-05,0.0012399999686749652
-3.5060000285762685e-05,0.0012399999686749652
-3.505000028582346e-05,0.0012399999686749652
-3.5040000285884235e-05,0.0012799999676644802
-3.503000028594501e-05,0.0012799999676644802
-3.5020000286005784e-05,0.0012799999676644802
-3.501000028606656e-05,0.0012799999676644802
-3.5000000286127333e-05,0.0012799999676644802
-3.499000028618811e-05,0.0012799999676644802
-3.498000028624888e-05,0.0012799999676644802
-3.497000028630966e-05,0.0012799999676644802
-3.496000028637043e-05,0.0012799999676644802
-3.495000028643121e-05,0.0012799999676644802
-3.494000028649198e-05,0.0012799999676644802
-3.4930000286552756e-05,0.0012799999676644802
-3.492000028661353e-05,0.0012799999676644802
-3.4910000286674306e-05,0.0012799999676644802
-3.490000028673508e-05,0.0012799999676644802
-3.4890000286795855e-05,0.0012799999676644802
-3.488000028685663e-05,0.0012799999676644802
-3.4870000286917405e-05,0.0012799999676644802
-3.486000028697818e-05,0.0013199999666539952
-3.4850000287038954e-05,0.0012799999676644802
-3.484000028709973e-05,0.0012799999676644802
-3.4830000287160504e-05,0.0013199999666539952
-3.482000028722128e-05,0.0012799999676644802
-3.481000028728205e-05,0.0013199999666539952
-3.480000028734283e-05,0.0013199999666539952
-3.47900002874036e-05,0.0013199999666539952
-3.478000028746438e-05,0.0013199999666539952
-3.477000028752515e-05,0.0013199999666539952
-3.4760000287585927e-05,0.0013199999666539952
-3.47500002876467e-05,0.0013199999666539952
-3.4740000287707476e-05,0.0013199999666539952
-3.473000028776825e-05,0.0013199999666539952
-3.4720000287829025e-05,0.0013199999666539952
-3.47100002878898e-05,0.0013199999666539952
-3.4700000287950575e-05,0.0013199999666539952
-3.469000028801135e-05,0.0013199999666539952
-3.4680000288072124e-05,0.0013599999656435102
-3.46700002881329e-05,0.0013199999666539952
-3.4660000288193674e-05,0.0013599999656435102
-3.465000028825445e-05,0.0013599999656435102
-3.464000028831522e-05,0.0013599999656435102
-3.4630000288376e-05,0.0013599999656435102
-3.462000028843677e-05,0.0013599999656435102
-3.461000028849755e-05,0.0013199999666539952
-3.460000028855832e-05,0.0013599999656435102
-3.4590000288619097e-05,0.0013599999656435102
-3.458000028867987e-05,0.0013599999656435102
-3.4570000288740646e-05,0.0013599999656435102
-3.456000028880142e-05,0.0013599999656435102
-3.4550000288862195e-05,0.0013599999656435102
-3.454000028892297e-05,0.0013599999656435102
-3.4530000288983745e-05,0.0013599999656435102
-3.452000028904452e-05,0.0013599999656435102
-3.4510000289105294e-05,0.0013599999656435102
-3.450000028916607e-05,0.0013599999656435102
-3.4490000289226844e-05,0.0013599999656435102
-3.448000028928762e-05,0.0013599999656435102
-3.447000028934839e-05,0.0013599999656435102
-3.446000028940917e-05,0.0013599999656435102
-3.445000028946994e-05,0.0013599999656435102
-3.444000028953072e-05,0.0013599999656435102
-3.443000028959149e-05,0.0013599999656435102
-3.442000028965227e-05,0.0013599999656435102
-3.441000028971304e-05,0.0013599999656435102
-3.4400000289773816e-05,0.0013599999656435102
-3.439000028983459e-05,0.0013599999656435102
-3.4380000289895365e-05,0.0013599999656435102
-3.437000028995614e-05,0.0013599999656435102
-3.4360000290016915e-05,0.0013599999656435102
-3.435000029007769e-05,0.0013599999656435102
-3.4340000290138464e-05,0.0013599999656435102
-3.433000029019924e-05,0.0013599999656435102
-3.4320000290260014e-05,0.0013599999656435102
-3.431000029032079e-05,0.0013599999656435102
-3.430000029038156e-05,0.0013599999656435102
-3.429000029044234e-05,0.0013599999656435102
-3.428000029050311e-05,0.0013599999656435102
-3.427000029056389e-05,0.0013599999656435102
-3.426000029062466e-05,0.0013599999656435102
-3.425000029068544e-05,0.0013599999656435102
-3.424000029074621e-05,0.0013599999656435102
-3.4230000290806986e-05,0.0013599999656435102
-3.422000029086776e-05,0.0013599999656435102
-3.4210000290928536e-05,0.0013599999656435102
-3.420000029098931e-05,0.0013599999656435102
-3.4190000291050085e-05,0.0013599999656435102
-3.418000029111086e-05,0.0013599999656435102
-3.4170000291171634e-05,0.0013599999656435102
-3.416000029123241e-05,0.0013599999656435102
-3.4150000291293184e-05,0.0013599999656435102
-3.414000029135396e-05,0.0013599999656435102
-3.413000029141473e-05,0.0013599999656435102
-3.412000029147551e-05,0.0013599999656435102
-3.411000029153628e-05,0.0013599999656435102
-3.410000029159706e-05,0.0013599999656435102
-3.409000029165783e-05,0.0013599999656435102
-3.408000029171861e-05,0.0013599999656435102
-3.407000029177938e-05,0.0013599999656435102
-3.4060000291840156e-05,0.0013599999656435102
-3.405000029190093e-05,0.0013599999656435102
-3.4040000291961706e-05,0.0013599999656435102
-3.403000029202248e-05,0.0013599999656435102
-3.4020000292083255e-05,0.0013599999656435102
-3.401000029214403e-05,0.0013599999656435102
-3.4000000292204804e-05,0.0013599999656435102
-3.399000029226558e-05,0.0013599999656435102
-3.3980000292326354e-05,0.0013599999656435102
-3.397000029238713e-05,0.0013599999656435102
-3.39600002924479e-05,0.0013599999656435102
-3.395000029250868e-05,0.0013599999656435102
-3.394000029256945e-05,0.0013599999656435102
-3.393000029263023e-05,0.0013599999656435102
-3.3920000292691e-05,0.0013599999656435102
-3.391000029275178e-05,0.0013599999656435102
-3.390000029281255e-05,0.0013599999656435102
-3.3890000292873326e-05,0.0013599999656435102
-3.38800002929341e-05,0.0013599999656435102
-3.3870000292994876e-05,0.0013599999656435102
-3.386000029305565e-05,0.0013599999656435102
-3.3850000293116425e-05,0.0013199999666539952
-3.38400002931772e-05,0.0013599999656435102
-3.3830000293237975e-05,0.0013599999656435102
-3.382000029329875e-05,0.0013599999656435102
-3.3810000293359524e-05,0.0013199999666539952
-3.38000002934203e-05,0.0013199999666539952
-3.379000029348107e-05,0.0013199999666539952
-3.378000029354185e-05,0.0013599999656435102
-3.377000029360262e-05,0.0013199999666539952
-3.37600002936634e-05,0.0013599999656435102
-3.375000029372417e-05,0.0013599999656435102
-3.374000029378495e-05,0.0013199999666539952
-3.373000029384572e-05,0.0013199999666539952
-3.3720000293906496e-05,0.0013199999666539952
-3.371000029396727e-05,0.0013199999666539952
-3.3700000294028046e-05,0.0013199999666539952
-3.369000029408882e-05,0.0013199999666539952
-3.3680000294149595e-05,0.0013199999666539952
-3.367000029421037e-05,0.0013199999666539952
-3.3660000294271145e-05,0.0013199999666539952
-3.365000029433192e-05,0.0013199999666539952
-3.3640000294392694e-05,0.0013199999666539952
-3.363000029445347e-05,0.0013199999666539952
-3.3620000294514243e-05,0.0013199999666539952
-3.361000029457502e-05,0.0013199999666539952
-3.360000029463579e-05,0.0013199999666539952
-3.359000029469657e-05,0.0013199999666539952
-3.358000029475734e-05,0.0013199999666539952
-3.357000029481812e-05,0.0013199999666539952
-3.356000029487889e-05,0.0013199999666539952
-3.3550000294939666e-05,0.0012799999676644802
-3.354000029500044e-05,0.0012799999676644802
-3.3530000295061216e-05,0.0012799999676644802
-3.352000029512199e-05,0.0012799999676644802
-3.3510000295182765e-05,0.0012799999676644802
-3.350000029524354e-05,0.0012799999676644802
-3.3490000295304315e-05,0.0012799999676644802
-3.348000029536509e-05,0.0012799999676644802
-3.3470000295425864e-05,0.0012799999676644802
-3.346000029548664e-05,0.0012799999676644802
-3.3450000295547413e-05,0.0012799999676644802
-3.344000029560819e-05,0.0012799999676644802
-3.343000029566896e-05,0.0012399999686749652
-3.342000029572974e-05,0.0012399999686749652
-3.341000029579051e-05,0.0012799999676644802
-3.340000029585129e-05,0.0012799999676644802
-3.339000029591206e-05,0.0012399999686749652
-3.3380000295972836e-05,0.0012399999686749652
-3.337000029603361e-05,0.0012399999686749652
-3.3360000296094386e-05,0.0012399999686749652
-3.335000029615516e-05,0.0012399999686749652
-3.3340000296215935e-05,0.0012399999686749652
-3.333000029627671e-05,0.0012399999686749652
-3.3320000296337485e-05,0.0012399999686749652
-3.331000029639826e-05,0.0012399999686749652
-3.3300000296459034e-05,0.0012399999686749652
-3.329000029651981e-05,0.0012399999686749652
-3.3280000296580584e-05,0.0012399999686749652
-3.327000029664136e-05,0.0012399999686749652
-3.326000029670213e-05,0.0012399999686749652
-3.325000029676291e-05,0.0012399999686749652
-3.324000029682368e-05,0.0011999999696854502
-3.323000029688446e-05,0.0011999999696854502
-3.322000029694523e-05,0.0011999999696854502
-3.3210000297006007e-05,0.0011999999696854502
-3.320000029706678e-05,0.0011999999696854502
-3.3190000297127556e-05,0.0011999999696854502
-3.318000029718833e-05,0.0011999999696854502
-3.3170000297249105e-05,0.0011999999696854502
-3.316000029730988e-05,0.0011599999706959352
-3.3150000297370655e-05,0.0011599999706959352
-3.314000029743143e-05,0.0011999999696854502
-3.3130000297492204e-05,0.0011599999706959352
-3.312000029755298e-05,0.0011599999706959352
-3.3110000297613754e-05,0.0011599999706959352
-3.310000029767453e-05,0.0011599999706959352
-3.30900002977353e-05,0.0011599999706959352
-3.308000029779608e-05,0.0011599999706959352
-3.307000029785685e-05,0.0011599999706959352
-3.306000029791763e-05,0.0011599999706959352
-3.30500002979784e-05,0.0011599999706959352
-3.3040000298039177e-05,0.0011599999706959352
-3.303000029809995e-05,0.0011199999717064202
-3.3020000298160726e-05,0.0011199999717064202
-3.30100002982215e-05,0.0011199999717064202
-3.3000000298282275e-05,0.0011199999717064202
-3.299000029834305e-05,0.0011199999717064202
-3.2980000298403825e-05,0.0011199999717064202
-3.29700002984646e-05,0.0011199999717064202
-3.2960000298525374e-05,0.0011199999717064202
-3.295000029858615e-05,0.0010799999727169052
-3.2940000298646924e-05,0.0010799999727169052
-3.29300002987077e-05,0.0010799999727169052
-3.292000029876847e-05,0.0010799999727169052
-3.291000029882925e-05,0.0010799999727169052
-3.290000029889002e-05,0.0010799999727169052
-3.28900002989508e-05,0.0010799999727169052
-3.288000029901157e-05,0.0010799999727169052
-3.287000029907235e-05,0.0010799999727169052
-3.286000029913312e-05,0.0010399999737273902
-3.2850000299193896e-05,0.0010799999727169052
-3.284000029925467e-05,0.0010799999727169052
-3.2830000299315445e-05,0.0010399999737273902
-3.282000029937622e-05,0.0010399999737273902
-3.2810000299436995e-05,0.0010399999737273902
-3.280000029949777e-05,0.0010399999737273902
-3.2790000299558544e-05,0.0010399999737273902
-3.278000029961932e-05,0.0010399999737273902
-3.2770000299680094e-05,0.0010399999737273902
-3.276000029974087e-05,0.0009999999747378752
-3.275000029980164e-05,0.0009999999747378752
-3.274000029986242e-05,0.0009999999747378752
-3.273000029992319e-05,0.0009999999747378752
-3.272000029998397e-05,0.0009999999747378752
-3.271000030004474e-05,0.0009999999747378752
-3.270000030010552e-05,0.0009999999747378752
-3.269000030016629e-05,0.0009999999747378752
-3.2680000300227066e-05,0.0009599999757483602
-3.267000030028784e-05,0.0009599999757483602
-3.2660000300348616e-05,0.0009599999757483602
-3.265000030040939e-05,0.0009599999757483602
-3.2640000300470165e-05,0.0009599999757483602
-3.263000030053094e-05,0.0009599999757483602
-3.2620000300591714e-05,0.0009599999757483602
-3.261000030065249e-05,0.0009199999767588452
-3.2600000300713264e-05,0.0009199999767588452
-3.259000030077404e-05,0.0009199999767588452
-3.258000030083481e-05,0.0009199999767588452
-3.257000030089559e-05,0.0009199999767588452
-3.256000030095636e-05,0.0009199999767588452
-3.255000030101714e-05,0.0009199999767588452
-3.254000030107791e-05,0.0008799999777693301
-3.253000030113869e-05,0.0009199999767588452
-3.252000030119946e-05,0.0009199999767588452
-3.2510000301260236e-05,0.0009199999767588452
-3.250000030132101e-05,0.0008799999777693301
-3.2490000301381786e-05,0.0008799999777693301
-3.248000030144256e-05,0.0008799999777693301
-3.2470000301503335e-05,0.0008799999777693301
-3.246000030156411e-05,0.0008799999777693301
-3.2450000301624884e-05,0.0008799999777693301
-3.244000030168566e-05,0.0008399999787798151
-3.2430000301746434e-05,0.0008399999787798151
-3.242000030180721e-05,0.0008799999777693301
-3.241000030186798e-05,0.0008399999787798151
-3.240000030192876e-05,0.0008399999787798151
-3.239000030198953e-05,0.0007999999797903001
-3.238000030205031e-05,0.0008399999787798151
-3.237000030211108e-05,0.0008399999787798151
-3.236000030217186e-05,0.0007999999797903001
-3.235000030223263e-05,0.0008399999787798151
-3.2340000302293406e-05,0.0007999999797903001
-3.233000030235418e-05,0.0007999999797903001
-3.2320000302414956e-05,0.0007999999797903001
-3.231000030247573e-05,0.0007999999797903001
-3.2300000302536505e-05,0.0007999999797903001
-3.229000030259728e-05,0.0007999999797903001
-3.2280000302658055e-05,0.0007999999797903001
-3.227000030271883e-05,0.0007599999808007851
-3.2260000302779604e-05,0.0007599999808007851
-3.225000030284038e-05,0.0007599999808007851
-3.224000030290115e-05,0.0007599999808007851
-3.223000030296193e-05,0.0007599999808007851
-3.22200003030227e-05,0.0007199999818112701
-3.221000030308348e-05,0.0007199999818112701
-3.220000030314425e-05,0.0007199999818112701
-3.219000030320503e-05,0.0007199999818112701
-3.21800003032658e-05,0.0007199999818112701
-3.2170000303326576e-05,0.0007199999818112701
-3.216000030338735e-05,0.0007199999818112701
-3.2150000303448126e-05,0.0007199999818112701
-3.21400003035089e-05,0.0007199999818112701
-3.2130000303569675e-05,0.0006799999828217551
-3.212000030363045e-05,0.0006799999828217551
-3.2110000303691225e-05,0.0006799999828217551
-3.2100000303752e-05,0.0006799999828217551
-3.2090000303812774e-05,0.0006799999828217551
-3.208000030387355e-05,0.0006799999828217551
-3.2070000303934323e-05,0.0006799999828217551
-3.20600003039951e-05,0.0006399999838322401
-3.205000030405587e-05,0.0006399999838322401
-3.204000030411665e-05,0.0006399999838322401
-3.203000030417742e-05,0.0006399999838322401
-3.20200003042382e-05,0.0006399999838322401
-3.201000030429897e-05,0.0006399999838322401
-3.2000000304359746e-05,0.0006399999838322401
-3.199000030442052e-05,0.0005999999848427251
-3.1980000304481296e-05,0.0006399999838322401
-3.197000030454207e-05,0.0005999999848427251
-3.1960000304602845e-05,0.0005999999848427251
-3.195000030466362e-05,0.0005999999848427251
-3.1940000304724395e-05,0.0005999999848427251
-3.193000030478517e-05,0.0005999999848427251
-3.1920000304845944e-05,0.0005999999848427251
-3.191000030490672e-05,0.0005599999858532101
-3.1900000304967494e-05,0.0005599999858532101
-3.189000030502827e-05,0.0005599999858532101
-3.188000030508904e-05,0.0005599999858532101
-3.187000030514982e-05,0.0005599999858532101
-3.186000030521059e-05,0.0005599999858532101
-3.185000030527137e-05,0.0005599999858532101
-3.184000030533214e-05,0.0005599999858532101
-3.1830000305392916e-05,0.0005199999868636951
-3.182000030545369e-05,0.0005199999868636951
-3.1810000305514466e-05,0.0005199999868636951
-3.180000030557524e-05,0.0005599999858532101
-3.1790000305636015e-05,0.0005199999868636951
-3.178000030569679e-05,0.0005199999868636951
-3.1770000305757565e-05,0.0005199999868636951
-3.176000030581834e-05,0.0005199999868636951
-3.1750000305879114e-05,0.0005199999868636951
-3.174000030593989e-05,0.0005199999868636951
-3.1730000306000664e-05,0.0004799999878741801
-3.172000030606144e-05,0.0004799999878741801
-3.171000030612221e-05,0.0004799999878741801
-3.170000030618299e-05,0.0004799999878741801
-3.169000030624376e-05,0.0004799999878741801
-3.168000030630454e-05,0.0004799999878741801
-3.167000030636531e-05,0.0004799999878741801
-3.1660000306426087e-05,0.0004799999878741801
-3.165000030648686e-05,0.0004799999878741801
-3.1640000306547636e-05,0.0004799999878741801
-3.163000030660841e-05,0.00043999998888466507
-3.1620000306669185e-05,0.0004799999878741801
-3.161000030672996e-05,0.0004799999878741801
-3.1600000306790735e-05,0.00043999998888466507
-3.159000030685151e-05,0.00043999998888466507
-3.1580000306912284e-05,0.00043999998888466507
-3.157000030697306e-05,0.00043999998888466507
-3.1560000307033834e-05,0.00039999998989515007
-3.155000030709461e-05,0.00043999998888466507
-3.154000030715538e-05,0.00039999998989515007
-3.153000030721616e-05,0.00043999998888466507
-3.152000030727693e-05,0.00039999998989515007
-3.151000030733771e-05,0.00039999998989515007
-3.150000030739848e-05,0.00039999998989515007
-3.1490000307459257e-05,0.00039999998989515007
-3.148000030752003e-05,0.00039999998989515007
-3.1470000307580806e-05,0.00039999998989515007
-3.146000030764158e-05,0.00039999998989515007
-3.1450000307702355e-05,0.00039999998989515007
-3.144000030776313e-05,0.00039999998989515007
-3.1430000307823905e-05,0.00035999999090563506
-3.142000030788468e-05,0.00039999998989515007
-3.1410000307945454e-05,0.00035999999090563506
-3.140000030800623e-05,0.00035999999090563506
-3.1390000308067004e-05,0.00035999999090563506
-3.138000030812778e-05,0.00035999999090563506
-3.137000030818855e-05,0.00035999999090563506
-3.136000030824933e-05,0.00035999999090563506
-3.13500003083101e-05,0.00035999999090563506
-3.134000030837088e-05,0.00035999999090563506
-3.133000030843165e-05,0.00035999999090563506
-3.132000030849243e-05,0.00035999999090563506
-3.13100003085532e-05,0.00031999999191612005
-3.1300000308613976e-05,0.00031999999191612005
-3.129000030867475e-05,0.00031999999191612005
-3.1280000308735526e-05,0.00031999999191612005
-3.12700003087963e-05,0.00031999999191612005
-3.1260000308857075e-05,0.00031999999191612005
-3.125000030891785e-05,0.00031999999191612005
-3.1240000308978624e-05,0.00031999999191612005
-3.12300003090394e-05,0.00031999999191612005
-3.1220000309100174e-05,0.00031999999191612005
-3.121000030916095e-05,0.00031999999191612005
-3.120000030922172e-05,0.00027999999292660505
-3.11900003092825e-05,0.00031999999191612005
-3.118000030934327e-05,0.00031999999191612005
-3.117000030940405e-05,0.00027999999292660505
-3.116000030946482e-05,0.00027999999292660505
-3.11500003095256e-05,0.00027999999292660505
-3.114000030958637e-05,0.00027999999292660505
-3.1130000309647146e-05,0.00027999999292660505
-3.112000030970792e-05,0.00027999999292660505
-3.1110000309768696e-05,0.00027999999292660505
-3.110000030982947e-05,0.00027999999292660505
-3.1090000309890245e-05,0.00027999999292660505
-3.108000030995102e-05,0.00027999999292660505
-3.1070000310011794e-05,0.00027999999292660505
-3.106000031007257e-05,0.00027999999292660505
-3.1050000310133344e-05,0.00027999999292660505
-3.104000031019412e-05,0.00023999999393709004
-3.103000031025489e-05,0.00023999999393709004
-3.102000031031567e-05,0.00023999999393709004
-3.101000031037644e-05,0.00023999999393709004
-3.100000031043722e-05,0.00023999999393709004
-3.099000031049799e-05,0.00023999999393709004
-3.098000031055877e-05,0.00023999999393709004
-3.097000031061954e-05,0.00023999999393709004
-3.0960000310680316e-05,0.00023999999393709004
-3.095000031074109e-05,0.00023999999393709004
-3.0940000310801866e-05,0.00023999999393709004
-3.093000031086264e-05,0.00023999999393709004
-3.0920000310923415e-05,0.00023999999393709004
-3.091000031098419e-05,0.00023999999393709004
-3.0900000311044964e-05,0.00023999999393709004
-3.089000031110574e-05,0.00019999999494757503
-3.0880000311166514e-05,0.00023999999393709004
-3.087000031122729e-05,0.00019999999494757503
-3.086000031128806e-05,0.00019999999494757503
-3.085000031134884e-05,0.00019999999494757503
-3.084000031140961e-05,0.00019999999494757503
-3.083000031147039e-05,0.00019999999494757503
-3.082000031153116e-05,0.00019999999494757503
-3.081000031159194e-05,0.00019999999494757503
-3.080000031165271e-05,0.00019999999494757503
-3.0790000311713486e-05,0.00019999999494757503
-3.078000031177426e-05,0.00019999999494757503
-3.0770000311835036e-05,0.00019999999494757503
-3.076000031189581e-05,0.00019999999494757503
-3.0750000311956585e-05,0.00019999999494757503
-3.074000031201736e-05,0.00019999999494757503
-3.0730000312078135e-05,0.00019999999494757503
-3.072000031213891e-05,0.00019999999494757503
-3.0710000312199684e-05,0.00019999999494757503
-3.070000031226046e-05,0.00019999999494757503
-3.069000031232123e-05,0.00019999999494757503
-3.068000031238201e-05,0.00019999999494757503
-3.067000031244278e-05,0.00019999999494757503
-3.066000031250356e-05,0.00019999999494757503
-3.065000031256433e-05,0.00019999999494757503
-3.064000031262511e-05,0.00019999999494757503
-3.063000031268588e-05,0.00015999999595806003
-3.0620000312746656e-05,0.00019999999494757503
-3.061000031280743e-05,0.00015999999595806003
-3.0600000312868206e-05,0.00015999999595806003
-3.059000031292898e-05,0.00019999999494757503
-3.0580000312989755e-05,0.00015999999595806003
-3.057000031305053e-05,0.00015999999595806003
-3.0560000313111305e-05,0.00015999999595806003
-3.055000031317208e-05,0.00015999999595806003
-3.0540000313232854e-05,0.00015999999595806003
-3.053000031329363e-05,0.00015999999595806003
-3.0520000313354403e-05,0.00015999999595806003
-3.0510000313415178e-05,0.00015999999595806003
-3.0500000313475953e-05,0.00015999999595806003
-3.0490000313536728e-05,0.00015999999595806003
-3.0480000313597502e-05,0.00015999999595806003
-3.0470000313658277e-05,0.00015999999595806003
-3.0460000313719052e-05,0.00015999999595806003
-3.0450000313779826e-05,0.00015999999595806003
-3.04400003138406e-05,0.00015999999595806003
-3.0430000313901376e-05,0.00015999999595806003
-3.042000031396215e-05,0.00015999999595806003
-3.0410000314022925e-05,0.00015999999595806003
-3.04000003140837e-05,0.00015999999595806003
-3.0390000314144475e-05,0.00015999999595806003
-3.038000031420525e-05,0.00015999999595806003
-3.0370000314266024e-05,0.00015999999595806003
-3.03600003143268e-05,0.00015999999595806003
-3.0350000314387574e-05,0.00011999999696854502
-3.0340000314448348e-05,0.00015999999595806003
-3.0330000314509123e-05,0.00015999999595806003
-3.0320000314569898e-05,0.00015999999595806003
-3.0310000314630672e-05,0.00015999999595806003
-3.0300000314691447e-05,0.00011999999696854502
-3.0290000314752222e-05,0.00015999999595806003
-3.0280000314812996e-05,0.00015999999595806003
-3.027000031487377e-05,0.00015999999595806003
-3.0260000314934546e-05,0.00015999999595806003
-3.025000031499532e-05,0.00011999999696854502
-3.0240000315056095e-05,0.00011999999696854502
-3.023000031511687e-05,0.00011999999696854502
-3.0220000315177645e-05,0.00011999999696854502
-3.021000031523842e-05,0.00015999999595806003
-3.0200000315299194e-05,0.00011999999696854502
-3.019000031535997e-05,0.00011999999696854502
-3.0180000315420744e-05,0.00011999999696854502
-3.0170000315481518e-05,0.00011999999696854502
-3.0160000315542293e-05,0.00015999999595806003
-3.0150000315603068e-05,0.00011999999696854502
-3.0140000315663842e-05,0.00011999999696854502
-3.0130000315724617e-05,0.00011999999696854502
-3.0120000315785392e-05,0.00011999999696854502
-3.0110000315846167e-05,0.00011999999696854502
-3.010000031590694e-05,0.00015999999595806003
-3.0090000315967716e-05,0.00011999999696854502
-3.008000031602849e-05,0.00011999999696854502
-3.0070000316089265e-05,0.00011999999696854502
-3.006000031615004e-05,0.00011999999696854502
-3.0050000316210815e-05,0.00011999999696854502
-3.004000031627159e-05,0.00011999999696854502
-3.0030000316332364e-05,0.00015999999595806003
-3.002000031639314e-05,0.00011999999696854502
-3.0010000316453914e-05,0.00011999999696854502
-3.000000031651469e-05,0.00011999999696854502
-2.9990000316575463e-05,0.00011999999696854502
-2.9980000316636238e-05,0.00011999999696854502
-2.9970000316697012e-05,0.00011999999696854502
-2.9960000316757787e-05,0.00011999999696854502
-2.9950000316818562e-05,0.00011999999696854502
-2.9940000316879337e-05,0.00011999999696854502
-2.993000031694011e-05,0.00011999999696854502
-2.9920000317000886e-05,0.00011999999696854502
-2.991000031706166e-05,0.00011999999696854502
-2.9900000317122435e-05,0.00011999999696854502
-2.989000031718321e-05,0.00011999999696854502
-2.9880000317243985e-05,0.00011999999696854502
-2.987000031730476e-05,0.00011999999696854502
-2.9860000317365534e-05,0.00011999999696854502
-2.985000031742631e-05,0.00011999999696854502
-2.9840000317487084e-05,0.00011999999696854502
-2.983000031754786e-05,0.00011999999696854502
-2.9820000317608633e-05,0.00011999999696854502
-2.9810000317669408e-05,0.00011999999696854502
-2.9800000317730183e-05,0.00011999999696854502
-2.9790000317790957e-05,0.00011999999696854502
-2.9780000317851732e-05,7.999999797903001e-05
-2.9770000317912507e-05,0.00011999999696854502
-2.976000031797328e-05,0.00011999999696854502
-2.9750000318034056e-05,0.00011999999696854502
-2.974000031809483e-05,0.00011999999696854502
-2.9730000318155606e-05,0.00011999999696854502
-2.972000031821638e-05,0.00011999999696854502
-2.9710000318277155e-05,0.00011999999696854502
-2.970000031833793e-05,0.00011999999696854502
-2.9690000318398704e-05,0.00011999999696854502
-2.968000031845948e-05,0.00011999999696854502
-2.9670000318520254e-05,0.00011999999696854502
-2.966000031858103e-05,0.00011999999696854502
-2.9650000318641803e-05,0.00011999999696854502
-2.9640000318702578e-05,0.00011999999696854502
-2.9630000318763353e-05,0.00011999999696854502
-2.9620000318824127e-05,7.999999797903001e-05
-2.9610000318884902e-05,0.00011999999696854502
-2.9600000318945677e-05,0.00011999999696854502
-2.959000031900645e-05,0.00011999999696854502
-2.9580000319067226e-05,0.00011999999696854502
-2.9570000319128e-05,7.999999797903001e-05
-2.9560000319188776e-05,0.00011999999696854502
-2.955000031924955e-05,7.999999797903001e-05
-2.9540000319310325e-05,0.00011999999696854502
-2.95300003193711e-05,0.00011999999696854502
-2.9520000319431874e-05,0.00011999999696854502
-2.951000031949265e-05,0.00011999999696854502
-2.9500000319553424e-05,7.999999797903001e-05
-2.94900003196142e-05,7.999999797903001e-05
-2.9480000319674973e-05,0.00011999999696854502
-2.9470000319735748e-05,7.999999797903001e-05
-2.9460000319796523e-05,0.00011999999696854502
-2.9450000319857297e-05,0.00011999999696854502
-2.9440000319918072e-05,7.999999797903001e-05
-2.9430000319978847e-05,0.00011999999696854502
-2.942000032003962e-05,0.00011999999696854502
-2.9410000320100396e-05,0.00011999999696854502
-2.940000032016117e-05,7.999999797903001e-05
-2.9390000320221946e-05,7.999999797903001e-05
-2.938000032028272e-05,7.999999797903001e-05
-2.9370000320343495e-05,0.00011999999696854502
-2.936000032040427e-05,0.00011999999696854502
-2.9350000320465044e-05,0.00011999999696854502
-2.934000032052582e-05,0.00011999999696854502
-2.9330000320586594e-05,7.999999797903001e-05
-2.932000032064737e-05,7.999999797903001e-05
-2.9310000320708143e-05,0.00011999999696854502
-2.9300000320768918e-05,0.00011999999696854502
-2.9290000320829693e-05,7.999999797903001e-05
-2.9280000320890467e-05,0.00011999999696854502
-2.9270000320951242e-05,7.999999797903001e-05
-2.9260000321012017e-05,7.999999797903001e-05
-2.925000032107279e-05,7.999999797903001e-05
-2.9240000321133566e-05,7.999999797903001e-05
-2.923000032119434e-05,0.00011999999696854502
-2.9220000321255116e-05,0.00011999999696854502
-2.921000032131589e-05,7.999999797903001e-05
-2.9200000321376665e-05,0.00011999999696854502
-2.919000032143744e-05,7.999999797903001e-05
-2.9180000321498215e-05,7.999999797903001e-05
-2.917000032155899e-05,7.999999797903001e-05
-2.9160000321619764e-05,7.999999797903001e-05
-2.915000032168054e-05,7.999999797903001e-05
-2.9140000321741313e-05,0.00011999999696854502
-2.9130000321802088e-05,0.00011999999696854502
-2.9120000321862863e-05,7.999999797903001e-05
-2.9110000321923638e-05,7.999999797903001e-05
-2.9100000321984412e-05,0.00011999999696854502
-2.9090000322045187e-05,0.00011999999696854502
-2.908000032210596e-05,7.999999797903001e-05
-2.9070000322166736e-05,0.00011999999696854502
-2.906000032222751e-05,7.999999797903001e-05
-2.9050000322288286e-05,7.999999797903001e-05
-2.904000032234906e-05,7.999999797903001e-05
-2.9030000322409835e-05,0.00011999999696854502
-2.902000032247061e-05,0.00011999999696854502
-2.9010000322531385e-05,7.999999797903001e-05
-2.900000032259216e-05,7.999999797903001e-05
-2.8990000322652934e-05,7.999999797903001e-05
-2.898000032271371e-05,7.999999797903001e-05
-2.8970000322774483e-05,0.00011999999696854502
-2.8960000322835258e-05,0.00011999999696854502
-2.8950000322896033e-05,7.999999797903001e-05
-2.8940000322956808e-05,7.999999797903001e-05
-2.8930000323017582e-05,0.00011999999696854502
-2.8920000323078357e-05,7.999999797903001e-05
-2.8910000323139132e-05,7.999999797903001e-05
-2.8900000323199906e-05,7.999999797903001e-05
-2.889000032326068e-05,0.00011999999696854502
-2.8880000323321456e-05,7.999999797903001e-05
-2.887000032338223e-05,7.999999797903001e-05
-2.8860000323443005e-05,7.999999797903001e-05
-2.885000032350378e-05,0.00011999999696854502
-2.8840000323564555e-05,0.00011999999696854502
-2.883000032362533e-05,7.999999797903001e-05
-2.8820000323686104e-05,7.999999797903001e-05
-2.881000032374688e-05,0.00011999999696854502
-2.8800000323807654e-05,7.999999797903001e-05
-2.8790000323868428e-05,7.999999797903001e-05
-2.8780000323929203e-05,0.00011999999696854502
-2.8770000323989978e-05,7.999999797903001e-05
-2.8760000324050752e-05,7.999999797903001e-05
-2.8750000324111527e-05,7.999999797903001e-05
-2.8740000324172302e-05,7.999999797903001e-05
-2.8730000324233076e-05,7.999999797903001e-05
-2.872000032429385e-05,7.999999797903001e-05
-2.8710000324354626e-05,7.999999797903001e-05
-2.87000003244154e-05,0.00011999999696854502
-2.8690000324476175e-05,7.999999797903001e-05
-2.868000032453695e-05,7.999999797903001e-05
-2.8670000324597725e-05,7.999999797903001e-05
-2.86600003246585e-05,7.999999797903001e-05
-2.8650000324719274e-05,7.999999797903001e-05
-2.864000032478005e-05,7.999999797903001e-05
-2.8630000324840824e-05,7.999999797903001e-05
-2.8620000324901598e-05,7.999999797903001e-05
-2.8610000324962373e-05,7.999999797903001e-05
-2.8600000325023148e-05,7.999999797903001e-05
-2.8590000325083922e-05,7.999999797903001e-05
-2.8580000325144697e-05,7.999999797903001e-05
-2.8570000325205472e-05,7.999999797903001e-05
-2.8560000325266247e-05,7.999999797903001e-05
-2.855000032532702e-05,7.999999797903001e-05
-2.8540000325387796e-05,7.999999797903001e-05
-2.853000032544857e-05,7.999999797903001e-05
-2.8520000325509345e-05,7.999999797903001e-05
-2.851000032557012e-05,7.999999797903001e-05
-2.8500000325630895e-05,0.00011999999696854502
-2.849000032569167e-05,7.999999797903001e-05
-2.8480000325752444e-05,7.999999797903001e-05
-2.847000032581322e-05,7.999999797903001e-05
-2.8460000325873994e-05,7.999999797903001e-05
-2.845000032593477e-05,7.999999797903001e-05
-2.8440000325995543e-05,7.999999797903001e-05
-2.8430000326056318e-05,7.999999797903001e-05
-2.8420000326117092e-05,7.999999797903001e-05
-2.8410000326177867e-05,7.999999797903001e-05
-2.8400000326238642e-05,7.999999797903001e-05
-2.8390000326299417e-05,7.999999797903001e-05
-2.838000032636019e-05,7.999999797903001e-05
-2.8370000326420966e-05,7.999999797903001e-05
-2.836000032648174e-05,7.999999797903001e-05
-2.8350000326542515e-05,7.999999797903001e-05
-2.834000032660329e-05,7.999999797903001e-05
-2.8330000326664065e-05,7.999999797903001e-05
-2.832000032672484e-05,7.999999797903001e-05
-2.8310000326785614e-05,7.999999797903001e-05
-2.830000032684639e-05,0.00011999999696854502
-2.8290000326907164e-05,0.00011999999696854502
-2.828000032696794e-05,7.999999797903001e-05
-2.8270000327028713e-05,7.999999797903001e-05
-2.8260000327089488e-05,7.999999797903001e-05
-2.8250000327150263e-05,7.999999797903001e-05
-2.8240000327211037e-05,7.999999797903001e-05
-2.8230000327271812e-05,0.00011999999696854502
-2.8220000327332587e-05,7.999999797903001e-05
-2.821000032739336e-05,7.999999797903001e-05
-2.8200000327454136e-05,7.999999797903001e-05
-2.819000032751491e-05,7.999999797903001e-05
-2.8180000327575686e-05,7.999999797903001e-05
-2.817000032763646e-05,0.00011999999696854502
-2.8160000327697235e-05,0.00011999999696854502
-2.815000032775801e-05,7.999999797903001e-05
-2.8140000327818784e-05,7.999999797903001e-05
-2.813000032787956e-05,0.00011999999696854502
-2.8120000327940334e-05,7.999999797903001e-05
-2.811000032800111e-05,7.999999797903001e-05
-2.8100000328061883e-05,0.00011999999696854502
-2.8090000328122658e-05,0.00011999999696854502
-2.8080000328183433e-05,0.00011999999696854502
-2.8070000328244207e-05,7.999999797903001e-05
-2.8060000328304982e-05,7.999999797903001e-05
-2.8050000328365757e-05,0.00011999999696854502
-2.804000032842653e-05,7.999999797903001e-05
-2.8030000328487306e-05,7.999999797903001e-05
-2.802000032854808e-05,7.999999797903001e-05
-2.8010000328608856e-05,7.999999797903001e-05
-2.800000032866963e-05,7.999999797903001e-05
-2.7990000328730405e-05,0.00011999999696854502
-2.798000032879118e-05,7.999999797903001e-05
-2.7970000328851954e-05,0.00011999999696854502
-2.796000032891273e-05,7.999999797903001e-05
-2.7950000328973504e-05,7.999999797903001e-05
-2.794000032903428e-05,7.999999797903001e-05
-2.7930000329095053e-05,7.999999797903001e-05
-2.7920000329155828e-05,0.00011999999696854502
-2.7910000329216603e-05,7.999999797903001e-05
-2.7900000329277377e-05,0.00011999999696854502
-2.7890000329338152e-05,7.999999797903001e-05
-2.7880000329398927e-05,7.999999797903001e-05
-2.78700003294597e-05,0.00011999999696854502
-2.7860000329520476e-05,7.999999797903001e-05
-2.785000032958125e-05,7.999999797903001e-05
-2.7840000329642026e-05,7.999999797903001e-05
-2.78300003297028e-05,0.00011999999696854502
-2.7820000329763575e-05,0.00011999999696854502
-2.781000032982435e-05,7.999999797903001e-05
-2.7800000329885124e-05,7.999999797903001e-05
-2.77900003299459e-05,7.999999797903001e-05
-2.7780000330006674e-05,7.999999797903001e-05
-2.777000033006745e-05,7.999999797903001e-05
-2.7760000330128223e-05,0.00011999999696854502
-2.7750000330188998e-05,7.999999797903001e-05
-2.7740000330249773e-05,0.00011999999696854502
-2.7730000330310547e-05,7.999999797903001e-05
-2.7720000330371322e-05,7.999999797903001e-05
-2.7710000330432097e-05,7.999999797903001e-05
-2.770000033049287e-05,7.999999797903001e-05
-2.7690000330553646e-05,7.999999797903001e-05
-2.768000033061442e-05,7.999999797903001e-05
-2.7670000330675196e-05,0.00011999999696854502
-2.766000033073597e-05,0.00011999999696854502
-2.7650000330796745e-05,7.999999797903001e-05
-2.764000033085752e-05,7.999999797903001e-05
-2.7630000330918295e-05,0.00011999999696854502
-2.762000033097907e-05,7.999999797903001e-05
-2.7610000331039844e-05,7.999999797903001e-05
-2.760000033110062e-05,7.999999797903001e-05
-2.7590000331161393e-05,7.999999797903001e-05
-2.7580000331222168e-05,7.999999797903001e-05
-2.7570000331282943e-05,7.999999797903001e-05
-2.7560000331343718e-05,7.999999797903001e-05
-2.7550000331404492e-05,0.00011999999696854502
-2.7540000331465267e-05,0.00011999999696854502
-2.753000033152604e-05,7.999999797903001e-05
-2.7520000331586816e-05,7.999999797903001e-05
-2.751000033164759e-05,7.999999797903001e-05
-2.7500000331708366e-05,0.00011999999696854502
-2.749000033176914e-05,0.00011999999696854502
-2.7480000331829915e-05,7.999999797903001e-05
-2.747000033189069e-05,7.999999797903001e-05
-2.7460000331951465e-05,7.999999797903001e-05
-2.745000033201224e-05,7.999999797903001e-05
-2.7440000332073014e-05,7.999999797903001e-05
-2.743000033213379e-05,7.999999797903001e-05
-2.7420000332194563e-05,7.999999797903001e-05
-2.7410000332255338e-05,7.999999797903001e-05
-2.7400000332316113e-05,7.999999797903001e-05
-2.7390000332376888e-05,7.999999797903001e-05
-2.7380000332437662e-05,0.00011999999696854502
-2.7370000332498437e-05,0.00011999999696854502
-2.7360000332559212e-05,7.999999797903001e-05
-2.7350000332619986e-05,0.00011999999696854502
-2.734000033268076e-05,7.999999797903001e-05
-2.7330000332741536e-05,0.00011999999696854502
-2.732000033280231e-05,7.999999797903001e-05
-2.7310000332863085e-05,0.00011999999696854502
-2.730000033292386e-05,7.999999797903001e-05
-2.7290000332984635e-05,0.00011999999696854502
-2.728000033304541e-05,7.999999797903001e-05
-2.7270000333106184e-05,7.999999797903001e-05
-2.726000033316696e-05,7.999999797903001e-05
-2.7250000333227734e-05,7.999999797903001e-05
-2.7240000333288508e-05,7.999999797903001e-05
-2.7230000333349283e-05,7.999999797903001e-05
-2.7220000333410058e-05,7.999999797903001e-05
-2.7210000333470832e-05,0.00011999999696854502
-2.7200000333531607e-05,7.999999797903001e-05
-2.7190000333592382e-05,7.999999797903001e-05
-2.7180000333653156e-05,7.999999797903001e-05
-2.717000033371393e-05,7.999999797903001e-05
-2.7160000333774706e-05,7.999999797903001e-05
-2.715000033383548e-05,7.999999797903001e-05
-2.7140000333896255e-05,7.999999797903001e-05
-2.713000033395703e-05,7.999999797903001e-05
-2.7120000334017805e-05,7.999999797903001e-05
-2.711000033407858e-05,7.999999797903001e-05
-2.7100000334139354e-05,7.999999797903001e-05
-2.709000033420013e-05,0.00011999999696854502
-2.7080000334260904e-05,7.999999797903001e-05
-2.7070000334321678e-05,0.00011999999696854502
-2.7060000334382453e-05,0.00011999999696854502
-2.7050000334443228e-05,7.999999797903001e-05
-2.7040000334504002e-05,7.999999797903001e-05
-2.7030000334564777e-05,7.999999797903001e-05
-2.7020000334625552e-05,7.999999797903001e-05
-2.7010000334686327e-05,7.999999797903001e-05
-2.70000003347471e-05,7.999999797903001e-05
-2.6990000334807876e-05,7.999999797903001e-05
-2.698000033486865e-05,7.999999797903001e-05
-2.6970000334929425e-05,7.999999797903001e-05
-2.69600003349902e-05,7.999999797903001e-05
-2.6950000335050975e-05,7.999999797903001e-05
-2.694000033511175e-05,7.999999797903001e-05
-2.6930000335172524e-05,0.00011999999696854502
-2.69200003352333e-05,7.999999797903001e-05
-2.6910000335294074e-05,0.00011999999696854502
-2.690000033535485e-05,7.999999797903001e-05
-2.6890000335415623e-05,7.999999797903001e-05
-2.6880000335476398e-05,0.00011999999696854502
-2.6870000335537172e-05,7.999999797903001e-05
-2.6860000335597947e-05,7.999999797903001e-05
-2.6850000335658722e-05,7.999999797903001e-05
-2.6840000335719497e-05,7.999999797903001e-05
-2.683000033578027e-05,7.999999797903001e-05
-2.6820000335841046e-05,7.999999797903001e-05
-2.681000033590182e-05,7.999999797903001e-05
-2.6800000335962595e-05,7.999999797903001e-05
-2.679000033602337e-05,7.999999797903001e-05
-2.6780000336084145e-05,0.00011999999696854502
-2.677000033614492e-05,0.00011999999696854502
-2.6760000336205694e-05,0.00011999999696854502
-2.675000033626647e-05,7.999999797903001e-05
-2.6740000336327244e-05,7.999999797903001e-05
-2.673000033638802e-05,7.999999797903001e-05
-2.6720000336448793e-05,0.00011999999696854502
-2.6710000336509568e-05,7.999999797903001e-05
-2.6700000336570343e-05,7.999999797903001e-05
-2.6690000336631117e-05,0.00011999999696854502
-2.6680000336691892e-05,0.00011999999696854502
-2.6670000336752667e-05,7.999999797903001e-05
-2.666000033681344e-05,7.999999797903001e-05
-2.6650000336874216e-05,7.999999797903001e-05
-2.664000033693499e-05,0.00011999999696854502
-2.6630000336995766e-05,7.999999797903001e-05
-2.662000033705654e-05,7.999999797903001e-05
-2.6610000337117315e-05,0.00011999999696854502
-2.660000033717809e-05,0.00011999999696854502
-2.6590000337238864e-05,7.999999797903001e-05
-2.658000033729964e-05,0.00011999999696854502
-2.6570000337360414e-05,7.999999797903001e-05
-2.656000033742119e-05,0.00011999999696854502
-2.6550000337481963e-05,7.999999797903001e-05
-2.6540000337542738e-05,7.999999797903001e-05
-2.6530000337603513e-05,7.999999797903001e-05
-2.6520000337664287e-05,7.999999797903001e-05
-2.6510000337725062e-05,7.999999797903001e-05
-2.6500000337785837e-05,0.00011999999696854502
-2.649000033784661e-05,7.999999797903001e-05
-2.6480000337907386e-05,7.999999797903001e-05
-2.647000033796816e-05,7.999999797903001e-05
-2.6460000338028936e-05,7.999999797903001e-05
-2.645000033808971e-05,7.999999797903001e-05
-2.6440000338150485e-05,7.999999797903001e-05
-2.643000033821126e-05,7.999999797903001e-05
-2.6420000338272034e-05,7.999999797903001e-05
-2.641000033833281e-05,7.999999797903001e-05
-2.6400000338393584e-05,7.999999797903001e-05
-2.639000033845436e-05,7.999999797903001e-05
-2.6380000338515133e-05,7.999999797903001e-05
-2.6370000338575908e-05,0.00011999999696854502
-2.6360000338636683e-05,7.999999797903001e-05
-2.6350000338697457e-05,7.999999797903001e-05
-2.6340000338758232e-05,0.00011999999696854502
-2.6330000338819007e-05,7.999999797903001e-05
-2.632000033887978e-05,0.00011999999696854502
-2.6310000338940556e-05,7.999999797903001e-05
-2.630000033900133e-05,7.999999797903001e-05
-2.6290000339062106e-05,7.999999797903001e-05
-2.628000033912288e-05,7.999999797903001e-05
-2.6270000339183655e-05,7.999999797903001e-05
-2.626000033924443e-05,7.999999797903001e-05
-2.6250000339305204e-05,0.00011999999696854502
-2.624000033936598e-05,0.00011999999696854502
-2.6230000339426754e-05,0.00011999999696854502
-2.622000033948753e-05,7.999999797903001e-05
-2.6210000339548303e-05,0.00011999999696854502
-2.6200000339609078e-05,0.00011999999696854502
-2.6190000339669853e-05,7.999999797903001e-05
-2.6180000339730627e-05,7.999999797903001e-05
-2.6170000339791402e-05,7.999999797903001e-05
-2.6160000339852177e-05,7.999999797903001e-05
-2.615000033991295e-05,0.00011999999696854502
-2.6140000339973726e-05,7.999999797903001e-05
-2.61300003400345e-05,7.999999797903001e-05
-2.6120000340095276e-05,7.999999797903001e-05
-2.611000034015605e-05,7.999999797903001e-05
-2.6100000340216825e-05,7.999999797903001e-05
-2.60900003402776e-05,7.999999797903001e-05
-2.6080000340338375e-05,7.999999797903001e-05
-2.607000034039915e-05,0.00011999999696854502
-2.6060000340459924e-05,7.999999797903001e-05
-2.60500003405207e-05,7.999999797903001e-05
-2.6040000340581473e-05,7.999999797903001e-05
-2.6030000340642248e-05,7.999999797903001e-05
-2.6020000340703023e-05,0.00011999999696854502
-2.6010000340763798e-05,7.999999797903001e-05
-2.6000000340824572e-05,0.00011999999696854502
-2.5990000340885347e-05,0.00011999999696854502
-2.598000034094612e-05,7.999999797903001e-05
-2.5970000341006896e-05,0.00011999999696854502
-2.596000034106767e-05,7.999999797903001e-05
-2.5950000341128446e-05,0.00011999999696854502
-2.594000034118922e-05,7.999999797903001e-05
-2.5930000341249995e-05,7.999999797903001e-05
-2.592000034131077e-05,7.999999797903001e-05
-2.5910000341371545e-05,7.999999797903001e-05
-2.590000034143232e-05,7.999999797903001e-05
-2.5890000341493094e-05,7.999999797903001e-05
-2.588000034155387e-05,7.999999797903001e-05
-2.5870000341614643e-05,7.999999797903001e-05
-2.5860000341675418e-05,7.999999797903001e-05
-2.5850000341736193e-05,7.999999797903001e-05
-2.5840000341796968e-05,0.00011999999696854502
-2.5830000341857742e-05,0.00011999999696854502
-2.5820000341918517e-05,0.00011999999696854502
-2.5810000341979292e-05,0.00011999999696854502
-2.5800000342040066e-05,7.999999797903001e-05
-2.579000034210084e-05,0.00011999999696854502
-2.5780000342161616e-05,0.00011999999696854502
-2.577000034222239e-05,0.00011999999696854502
-2.5760000342283165e-05,0.00011999999696854502
-2.575000034234394e-05,0.00011999999696854502
-2.5740000342404715e-05,7.999999797903001e-05
-2.573000034246549e-05,7.999999797903001e-05
-2.5720000342526264e-05,7.999999797903001e-05
-2.571000034258704e-05,7.999999797903001e-05
-2.5700000342647814e-05,7.999999797903001e-05
-2.5690000342708588e-05,7.999999797903001e-05
-2.5680000342769363e-05,7.999999797903001e-05
-2.5670000342830138e-05,7.999999797903001e-05
-2.5660000342890912e-05,0.00011999999696854502
-2.5650000342951687e-05,7.999999797903001e-05
-2.5640000343012462e-05,0.00011999999696854502
-2.5630000343073236e-05,7.999999797903001e-05
-2.562000034313401e-05,7.999999797903001e-05
-2.5610000343194786e-05,7.999999797903001e-05
-2.560000034325556e-05,0.00011999999696854502
-2.5590000343316335e-05,0.00011999999696854502
-2.558000034337711e-05,0.00011999999696854502
-2.5570000343437885e-05,7.999999797903001e-05
-2.556000034349866e-05,0.00011999999696854502
-2.5550000343559434e-05,7.999999797903001e-05
-2.554000034362021e-05,0.00011999999696854502
-2.5530000343680984e-05,7.999999797903001e-05
-2.5520000343741758e-05,7.999999797903001e-05
-2.5510000343802533e-05,0.00011999999696854502
-2.5500000343863308e-05,0.00011999999696854502
-2.5490000343924082e-05,7.999999797903001e-05
-2.5480000343984857e-05,0.00011999999696854502
-2.5470000344045632e-05,0.00011999999696854502
-2.5460000344106407e-05,0.00011999999696854502
-2.545000034416718e-05,7.999999797903001e-05
-2.5440000344227956e-05,7.999999797903001e-05
-2.543000034428873e-05,7.999999797903001e-05
-2.5420000344349505e-05,7.999999797903001e-05
-2.541000034441028e-05,7.999999797903001e-05
-2.5400000344471055e-05,7.999999797903001e-05
-2.539000034453183e-05,0.00011999999696854502
-2.5380000344592604e-05,0.00011999999696854502
-2.537000034465338e-05,0.00011999999696854502
-2.5360000344714154e-05,7.999999797903001e-05
-2.535000034477493e-05,7.999999797903001e-05
-2.5340000344835703e-05,0.00011999999696854502
-2.5330000344896478e-05,0.00011999999696854502
-2.5320000344957252e-05,0.00011999999696854502
-2.5310000345018027e-05,7.999999797903001e-05
-2.5300000345078802e-05,7.999999797903001e-05
-2.5290000345139577e-05,0.00011999999696854502
-2.528000034520035e-05,7.999999797903001e-05
-2.5270000345261126e-05,7.999999797903001e-05
-2.52600003453219e-05,7.999999797903001e-05
-2.5250000345382675e-05,0.00011999999696854502
-2.524000034544345e-05,7.999999797903001e-05
-2.5230000345504225e-05,7.999999797903001e-05
-2.5220000345565e-05,7.999999797903001e-05
-2.5210000345625774e-05,7.999999797903001e-05
-2.520000034568655e-05,0.00011999999696854502
-2.5190000345747324e-05,7.999999797903001e-05
-2.51800003458081e-05,7.999999797903001e-05
-2.5170000345868873e-05,7.999999797903001e-05
-2.5160000345929648e-05,7.999999797903001e-05
-2.5150000345990423e-05,7.999999797903001e-05
-2.5140000346051197e-05,7.999999797903001e-05
-2.5130000346111972e-05,7.999999797903001e-05
-2.5120000346172747e-05,7.999999797903001e-05
-2.511000034623352e-05,7.999999797903001e-05
-2.5100000346294296e-05,7.999999797903001e-05
-2.509000034635507e-05,0.00011999999696854502
-2.5080000346415846e-05,0.00011999999696854502
-2.507000034647662e-05,7.999999797903001e-05
-2.5060000346537395e-05,0.00011999999696854502
-2.505000034659817e-05,7.999999797903001e-05
-2.5040000346658944e-05,7.999999797903001e-05
-2.503000034671972e-05,7.999999797903001e-05
-2.5020000346780494e-05,0.00011999999696854502
-2.501000034684127e-05,7.999999797903001e-05
-2.5000000346902043e-05,7.999999797903001e-05
-2.4990000346962818e-05,0.00011999999696854502
-2.4980000347023593e-05,0.00011999999696854502
-2.4970000347084367e-05,0.00011999999696854502
-2.4960000347145142e-05,7.999999797903001e-05
-2.4950000347205917e-05,7.999999797903001e-05
-2.494000034726669e-05,7.999999797903001e-05
-2.4930000347327466e-05,0.00011999999696854502
-2.492000034738824e-05,7.999999797903001e-05
-2.4910000347449016e-05,0.00011999999696854502
-2.490000034750979e-05,7.999999797903001e-05
-2.4890000347570565e-05,0.00011999999696854502
-2.488000034763134e-05,7.999999797903001e-05
-2.4870000347692114e-05,0.00011999999696854502
-2.486000034775289e-05,7.999999797903001e-05
-2.4850000347813664e-05,7.999999797903001e-05
-2.484000034787444e-05,7.999999797903001e-05
-2.4830000347935213e-05,7.999999797903001e-05
-2.4820000347995988e-05,7.999999797903001e-05
-2.4810000348056763e-05,0.00011999999696854502
-2.4800000348117537e-05,7.999999797903001e-05
-2.4790000348178312e-05,7.999999797903001e-05
-2.4780000348239087e-05,0.00011999999696854502
-2.477000034829986e-05,7.999999797903001e-05
-2.4760000348360636e-05,7.999999797903001e-05
-2.475000034842141e-05,7.999999797903001e-05
-2.4740000348482186e-05,7.999999797903001e-05
-2.473000034854296e-05,7.999999797903001e-05
-2.4720000348603735e-05,0.00011999999696854502
-2.471000034866451e-05,0.00011999999696854502
-2.4700000348725284e-05,7.999999797903001e-05
-2.469000034878606e-05,7.999999797903001e-05
-2.4680000348846834e-05,0.00011999999696854502
-2.467000034890761e-05,7.999999797903001e-05
-2.4660000348968383e-05,0.00011999999696854502
-2.4650000349029158e-05,7.999999797903001e-05
-2.4640000349089933e-05,7.999999797903001e-05
-2.4630000349150707e-05,7.999999797903001e-05
-2.4620000349211482e-05,7.999999797903001e-05
-2.4610000349272257e-05,7.999999797903001e-05
-2.460000034933303e-05,7.999999797903001e-05
-2.4590000349393806e-05,0.00011999999696854502
-2.458000034945458e-05,0.00011999999696854502
-2.4570000349515356e-05,7.999999797903001e-05
-2.456000034957613e-05,7.999999797903001e-05
-2.4550000349636905e-05,7.999999797903001e-05
-2.454000034969768e-05,0.00011999999696854502
-2.4530000349758455e-05,0.00011999999696854502
-2.452000034981923e-05,7.999999797903001e-05
-2.4510000349880004e-05,7.999999797903001e-05
-2.450000034994078e-05,7.999999797903001e-05
-2.4490000350001553e-05,0.00011999999696854502
-2.4480000350062328e-05,7.999999797903001e-05
-2.4470000350123103e-05,7.999999797903001e-05
-2.4460000350183878e-05,7.999999797903001e-05
-2.4450000350244652e-05,0.00011999999696854502
-2.4440000350305427e-05,0.00011999999696854502
-2.44300003503662e-05,7.999999797903001e-05
-2.4420000350426976e-05,7.999999797903001e-05
-2.441000035048775e-05,7.999999797903001e-05
-2.4400000350548526e-05,7.999999797903001e-05
-2.43900003506093e-05,7.999999797903001e-05
-2.4380000350670075e-05,7.999999797903001e-05
-2.437000035073085e-05,7.999999797903001e-05
-2.4360000350791625e-05,7.999999797903001e-05
-2.43500003508524e-05,7.999999797903001e-05
-2.4340000350913174e-05,7.999999797903001e-05
-2.433000035097395e-05,0.00011999999696854502
-2.4320000351034723e-05,0.00011999999696854502
-2.4310000351095498e-05,7.999999797903001e-05
-2.4300000351156273e-05,0.00011999999696854502
-2.4290000351217048e-05,0.00011999999696854502
-2.4280000351277822e-05,0.00011999999696854502
-2.4270000351338597e-05,7.999999797903001e-05
-2.4260000351399372e-05,7.999999797903001e-05
-2.4250000351460146e-05,7.999999797903001e-05
-2.424000035152092e-05,7.999999797903001e-05
-2.4230000351581696e-05,7.999999797903001e-05
-2.422000035164247e-05,7.999999797903001e-05
-2.4210000351703245e-05,0.00011999999696854502
-2.420000035176402e-05,0.00011999999696854502
-2.4190000351824795e-05,7.999999797903001e-05
-2.418000035188557e-05,7.999999797903001e-05
-2.4170000351946344e-05,7.999999797903001e-05
-2.416000035200712e-05,0.00011999999696854502
-2.4150000352067894e-05,7.999999797903001e-05
-2.4140000352128668e-05,7.999999797903001e-05
-2.4130000352189443e-05,7.999999797903001e-05
-2.4120000352250218e-05,0.00011999999696854502
-2.4110000352310992e-05,7.999999797903001e-05
-2.4100000352371767e-05,0.00011999999696854502
-2.4090000352432542e-05,7.999999797903001e-05
-2.4080000352493316e-05,0.00011999999696854502
-2.407000035255409e-05,0.00011999999696854502
-2.4060000352614866e-05,0.00011999999696854502
-2.405000035267564e-05,7.999999797903001e-05
-2.4040000352736415e-05,0.00011999999696854502
-2.403000035279719e-05,0.00011999999696854502
-2.4020000352857965e-05,7.999999797903001e-05
-2.401000035291874e-05,0.00011999999696854502
-2.4000000352979514e-05,7.999999797903001e-05
-2.399000035304029e-05,7.999999797903001e-05
-2.3980000353101064e-05,0.00011999999696854502
-2.3970000353161838e-05,7.999999797903001e-05
-2.3960000353222613e-05,0.00011999999696854502
-2.3950000353283388e-05,0.00011999999696854502
-2.3940000353344162e-05,7.999999797903001e-05
-2.3930000353404937e-05,0.00011999999696854502
-2.3920000353465712e-05,0.00011999999696854502
-2.3910000353526487e-05,0.00011999999696854502
-2.390000035358726e-05,7.999999797903001e-05
-2.3890000353648036e-05,7.999999797903001e-05
-2.388000035370881e-05,0.00011999999696854502
-2.3870000353769585e-05,7.999999797903001e-05
-2.386000035383036e-05,7.999999797903001e-05
-2.3850000353891135e-05,7.999999797903001e-05
-2.384000035395191e-05,0.00011999999696854502
-2.3830000354012684e-05,0.00011999999696854502
-2.382000035407346e-05,0.00011999999696854502
-2.3810000354134234e-05,0.00011999999696854502
-2.380000035419501e-05,0.00011999999696854502
-2.3790000354255783e-05,0.00011999999696854502
-2.3780000354316558e-05,7.999999797903001e-05
-2.3770000354377332e-05,0.00011999999696854502
-2.3760000354438107e-05,0.00011999999696854502
-2.3750000354498882e-05,0.00011999999696854502
-2.3740000354559657e-05,7.999999797903001e-05
-2.373000035462043e-05,0.00011999999696854502
-2.3720000354681206e-05,0.00011999999696854502
-2.371000035474198e-05,0.00011999999696854502
-2.3700000354802755e-05,7.999999797903001e-05
-2.369000035486353e-05,7.999999797903001e-05
-2.3680000354924305e-05,0.00011999999696854502
-2.367000035498508e-05,0.00011999999696854502
-2.3660000355045854e-05,0.00011999999696854502
-2.365000035510663e-05,7.999999797903001e-05
-2.3640000355167404e-05,0.00011999999696854502
-2.363000035522818e-05,7.999999797903001e-05
-2.3620000355288953e-05,0.00011999999696854502
-2.3610000355349728e-05,0.00011999999696854502
-2.3600000355410503e-05,0.00011999999696854502
-2.3590000355471277e-05,0.00011999999696854502
-2.3580000355532052e-05,0.00011999999696854502
-2.3570000355592827e-05,7.999999797903001e-05
-2.35600003556536e-05,7.999999797903001e-05
-2.3550000355714376e-05,7.999999797903001e-05
-2.354000035577515e-05,0.00011999999696854502
-2.3530000355835926e-05,7.999999797903001e-05
-2.35200003558967e-05,0.00011999999696854502
-2.3510000355957475e-05,7.999999797903001e-05
-2.350000035601825e-05,0.00011999999696854502
-2.3490000356079024e-05,7.999999797903001e-05
-2.34800003561398e-05,7.999999797903001e-05
-2.3470000356200574e-05,7.999999797903001e-05
-2.346000035626135e-05,7.999999797903001e-05
-2.3450000356322123e-05,7.999999797903001e-05
-2.3440000356382898e-05,7.999999797903001e-05
-2.3430000356443673e-05,7.999999797903001e-05
-2.3420000356504447e-05,0.00011999999696854502
-2.3410000356565222e-05,0.00011999999696854502
-2.3400000356625997e-05,7.999999797903001e-05
-2.339000035668677e-05,7.999999797903001e-05
-2.3380000356747546e-05,7.999999797903001e-05
-2.337000035680832e-05,7.999999797903001e-05
-2.3360000356869096e-05,0.00011999999696854502
-2.335000035692987e-05,7.999999797903001e-05
-2.3340000356990645e-05,0.00011999999696854502
-2.333000035705142e-05,7.999999797903001e-05
-2.3320000357112194e-05,7.999999797903001e-05
-2.331000035717297e-05,7.999999797903001e-05
-2.3300000357233744e-05,0.00011999999696854502
-2.329000035729452e-05,0.00011999999696854502
-2.3280000357355293e-05,0.00011999999696854502
-2.3270000357416068e-05,0.00011999999696854502
-2.3260000357476843e-05,7.999999797903001e-05
-2.3250000357537617e-05,7.999999797903001e-05
-2.3240000357598392e-05,0.00011999999696854502
-2.3230000357659167e-05,7.999999797903001e-05
-2.322000035771994e-05,7.999999797903001e-05
-2.3210000357780716e-05,7.999999797903001e-05
-2.320000035784149e-05,0.00011999999696854502
-2.3190000357902266e-05,0.00011999999696854502
-2.318000035796304e-05,7.999999797903001e-05
-2.3170000358023815e-05,7.999999797903001e-05
-2.316000035808459e-05,0.00011999999696854502
-2.3150000358145364e-05,0.00011999999696854502
-2.314000035820614e-05,0.00011999999696854502
-2.3130000358266914e-05,7.999999797903001e-05
-2.312000035832769e-05,0.00011999999696854502
-2.3110000358388463e-05,7.999999797903001e-05
-2.3100000358449238e-05,7.999999797903001e-05
-2.3090000358510013e-05,0.00011999999696854502
-2.3080000358570787e-05,7.999999797903001e-05
-2.3070000358631562e-05,0.00011999999696854502
-2.3060000358692337e-05,7.999999797903001e-05
-2.305000035875311e-05,7.999999797903001e-05
-2.3040000358813886e-05,0.00011999999696854502
-2.303000035887466e-05,0.00011999999696854502
-2.3020000358935436e-05,0.00011999999696854502
-2.301000035899621e-05,7.999999797903001e-05
-2.3000000359056985e-05,7.999999797903001e-05
-2.299000035911776e-05,7.999999797903001e-05
-2.2980000359178535e-05,0.00011999999696854502
-2.297000035923931e-05,7.999999797903001e-05
-2.2960000359300084e-05,7.999999797903001e-05
-2.295000035936086e-05,0.00011999999696854502
-2.2940000359421633e-05,0.00011999999696854502
-2.2930000359482408e-05,0.00011999999696854502
-2.2920000359543183e-05,0.00011999999696854502
-2.2910000359603958e-05,0.00011999999696854502
-2.2900000359664732e-05,0.00011999999696854502
-2.2890000359725507e-05,7.999999797903001e-05
-2.288000035978628e-05,0.00011999999696854502
-2.2870000359847056e-05,0.00011999999696854502
-2.286000035990783e-05,0.00011999999696854502
-2.2850000359968606e-05,7.999999797903001e-05
-2.284000036002938e-05,0.00011999999696854502
-2.2830000360090155e-05,0.00011999999696854502
-2.282000036015093e-05,7.999999797903001e-05
-2.2810000360211705e-05,7.999999797903001e-05
-2.280000036027248e-05,7.999999797903001e-05
-2.2790000360333254e-05,7.999999797903001e-05
-2.278000036039403e-05,7.999999797903001e-05
-2.2770000360454803e-05,7.999999797903001e-05
-2.2760000360515578e-05,0.00011999999696854502
-2.2750000360576353e-05,0.00011999999696854502
-2.2740000360637128e-05,0.00011999999696854502
-2.2730000360697902e-05,0.00011999999696854502
-2.2720000360758677e-05,7.999999797903001e-05
-2.2710000360819452e-05,0.00011999999696854502
-2.2700000360880226e-05,0.00011999999696854502
-2.2690000360941e-05,0.00011999999696854502
-2.2680000361001776e-05,0.00011999999696854502
-2.267000036106255e-05,7.999999797903001e-05
-2.2660000361123325e-05,7.999999797903001e-05
-2.26500003611841e-05,7.999999797903001e-05
-2.2640000361244875e-05,7.999999797903001e-05
-2.263000036130565e-05,7.999999797903001e-05
-2.2620000361366424e-05,0.00011999999696854502
-2.26100003614272e-05,0.00011999999696854502
-2.2600000361487974e-05,7.999999797903001e-05
-2.2590000361548748e-05,0.00011999999696854502
-2.2580000361609523e-05,0.00011999999696854502
-2.2570000361670298e-05,0.00011999999696854502
-2.2560000361731072e-05,0.00011999999696854502
-2.2550000361791847e-05,0.00011999999696854502
-2.2540000361852622e-05,0.00011999999696854502
-2.2530000361913397e-05,0.00011999999696854502
-2.252000036197417e-05,7.999999797903001e-05
-2.2510000362034946e-05,7.999999797903001e-05
-2.250000036209572e-05,0.00011999999696854502
-2.2490000362156495e-05,0.00011999999696854502
-2.248000036221727e-05,7.999999797903001e-05
-2.2470000362278045e-05,0.00011999999696854502
-2.246000036233882e-05,0.00011999999696854502
-2.2450000362399594e-05,0.00011999999696854502
-2.244000036246037e-05,0.00011999999696854502
-2.2430000362521144e-05,7.999999797903001e-05
-2.242000036258192e-05,7.999999797903001e-05
-2.2410000362642693e-05,0.00011999999696854502
-2.2400000362703468e-05,7.999999797903001e-05
-2.2390000362764242e-05,0.00011999999696854502
-2.2380000362825017e-05,0.00011999999696854502
-2.2370000362885792e-05,0.00011999999696854502
-2.2360000362946567e-05,0.00011999999696854502
-2.235000036300734e-05,7.999999797903001e-05
-2.2340000363068116e-05,7.999999797903001e-05
-2.233000036312889e-05,0.00011999999696854502
-2.2320000363189665e-05,0.00011999999696854502
-2.231000036325044e-05,7.999999797903001e-05
-2.2300000363311215e-05,7.999999797903001e-05
-2.229000036337199e-05,0.00011999999696854502
-2.2280000363432764e-05,7.999999797903001e-05
-2.227000036349354e-05,0.00011999999696854502
-2.2260000363554314e-05,7.999999797903001e-05
-2.225000036361509e-05,0.00011999999696854502
-2.2240000363675863e-05,0.00011999999696854502
-2.2230000363736638e-05,7.999999797903001e-05
-2.2220000363797413e-05,7.999999797903001e-05
-2.2210000363858187e-05,0.00011999999696854502
-2.2200000363918962e-05,0.00011999999696854502
-2.2190000363979737e-05,7.999999797903001e-05
-2.218000036404051e-05,7.999999797903001e-05
-2.2170000364101286e-05,0.00011999999696854502
-2.216000036416206e-05,0.00011999999696854502
-2.2150000364222835e-05,7.999999797903001e-05
-2.214000036428361e-05,0.00011999999696854502
-2.2130000364344385e-05,0.00011999999696854502
-2.212000036440516e-05,0.00011999999696854502
-2.2110000364465934e-05,7.999999797903001e-05
-2.210000036452671e-05,0.00011999999696854502
-2.2090000364587484e-05,0.00011999999696854502
-2.208000036464826e-05,0.00011999999696854502
-2.2070000364709033e-05,0.00011999999696854502
-2.2060000364769808e-05,7.999999797903001e-05
-2.2050000364830583e-05,0.00011999999696854502
-2.2040000364891357e-05,7.999999797903001e-05
-2.2030000364952132e-05,0.00011999999696854502
-2.2020000365012907e-05,0.00011999999696854502
-2.201000036507368e-05,0.00011999999696854502
-2.2000000365134456e-05,0.00011999999696854502
-2.199000036519523e-05,7.999999797903001e-05
-2.1980000365256006e-05,7.999999797903001e-05
-2.197000036531678e-05,0.00011999999696854502
-2.1960000365377555e-05,0.00011999999696854502
-2.195000036543833e-05,0.00011999999696854502
-2.1940000365499104e-05,0.00011999999696854502
-2.193000036555988e-05,0.00011999999696854502
-2.1920000365620654e-05,0.00011999999696854502
-2.191000036568143e-05,0.00011999999696854502
-2.1900000365742203e-05,0.00011999999696854502
-2.1890000365802978e-05,0.00011999999696854502
-2.1880000365863753e-05,0.00011999999696854502
-2.1870000365924527e-05,0.00011999999696854502
-2.1860000365985302e-05,0.00011999999696854502
-2.1850000366046077e-05,0.00011999999696854502
-2.184000036610685e-05,7.999999797903001e-05
-2.1830000366167626e-05,0.00011999999696854502
-2.18200003662284e-05,7.999999797903001e-05
-2.1810000366289176e-05,0.00011999999696854502
-2.180000036634995e-05,0.00011999999696854502
-2.1790000366410725e-05,7.999999797903001e-05
-2.17800003664715e-05,7.999999797903001e-05
-2.1770000366532274e-05,7.999999797903001e-05
-2.176000036659305e-05,7.999999797903001e-05
-2.1750000366653824e-05,0.00011999999696854502
-2.17400003667146e-05,7.999999797903001e-05
-2.1730000366775373e-05,7.999999797903001e-05
-2.1720000366836148e-05,7.999999797903001e-05
-2.1710000366896923e-05,7.999999797903001e-05
-2.1700000366957697e-05,0.00011999999696854502
-2.1690000367018472e-05,0.00011999999696854502
-2.1680000367079247e-05,0.00011999999696854502
-2.167000036714002e-05,0.00011999999696854502
-2.1660000367200796e-05,7.999999797903001e-05
-2.165000036726157e-05,7.999999797903001e-05
-2.1640000367322346e-05,0.00011999999696854502
-2.163000036738312e-05,7.999999797903001e-05
-2.1620000367443895e-05,0.00011999999696854502
-2.161000036750467e-05,0.00011999999696854502
-2.1600000367565445e-05,7.999999797903001e-05
-2.159000036762622e-05,7.999999797903001e-05
-2.1580000367686994e-05,7.999999797903001e-05
-2.157000036774777e-05,7.999999797903001e-05
-2.1560000367808543e-05,7.999999797903001e-05
-2.1550000367869318e-05,7.999999797903001e-05
-2.1540000367930093e-05,0.00011999999696854502
-2.1530000367990867e-05,0.00011999999696854502
-2.1520000368051642e-05,0.00011999999696854502
-2.1510000368112417e-05,0.00011999999696854502
-2.150000036817319e-05,7.999999797903001e-05
-2.1490000368233966e-05,0.00011999999696854502
-2.148000036829474e-05,0.00011999999696854502
-2.1470000368355516e-05,0.00011999999696854502
-2.146000036841629e-05,7.999999797903001e-05
-2.1450000368477065e-05,0.00011999999696854502
-2.144000036853784e-05,0.00011999999696854502
-2.1430000368598615e-05,0.00011999999696854502
-2.142000036865939e-05,7.999999797903001e-05
-2.1410000368720164e-05,0.00011999999696854502
-2.140000036878094e-05,0.00011999999696854502
-2.1390000368841713e-05,0.00011999999696854502
-2.1380000368902488e-05,0.00011999999696854502
-2.1370000368963263e-05,0.00011999999696854502
-2.1360000369024038e-05,7.999999797903001e-05
-2.1350000369084812e-05,0.00011999999696854502
-2.1340000369145587e-05,7.999999797903001e-05
-2.133000036920636e-05,0.00011999999696854502
-2.1320000369267136e-05,7.999999797903001e-05
-2.131000036932791e-05,7.999999797903001e-05
-2.1300000369388686e-05,7.999999797903001e-05
-2.129000036944946e-05,0.00011999999696854502
-2.1280000369510235e-05,0.00011999999696854502
-2.127000036957101e-05,7.999999797903001e-05
-2.1260000369631785e-05,7.999999797903001e-05
-2.125000036969256e-05,0.00011999999696854502
-2.1240000369753334e-05,7.999999797903001e-05
-2.123000036981411e-05,7.999999797903001e-05
-2.1220000369874883e-05,7.999999797903001e-05
-2.1210000369935658e-05,0.00011999999696854502
-2.1200000369996433e-05,0.00011999999696854502
-2.1190000370057208e-05,0.00011999999696854502
-2.1180000370117982e-05,0.00011999999696854502
-2.1170000370178757e-05,0.00011999999696854502
-2.1160000370239532e-05,0.00011999999696854502
-2.1150000370300306e-05,7.999999797903001e-05
-2.114000037036108e-05,7.999999797903001e-05
-2.1130000370421856e-05,0.00011999999696854502
-2.112000037048263e-05,0.00011999999696854502
-2.1110000370543405e-05,0.00011999999696854502
-2.110000037060418e-05,7.999999797903001e-05
-2.1090000370664955e-05,7.999999797903001e-05
-2.108000037072573e-05,0.00011999999696854502
-2.1070000370786504e-05,0.00011999999696854502
-2.106000037084728e-05,7.999999797903001e-05
-2.1050000370908054e-05,0.00011999999696854502
-2.1040000370968828e-05,7.999999797903001e-05
-2.1030000371029603e-05,0.00011999999696854502
-2.1020000371090378e-05,7.999999797903001e-05
-2.1010000371151152e-05,7.999999797903001e-05
-2.1000000371211927e-05,0.00011999999696854502
-2.0990000371272702e-05,0.00011999999696854502
-2.0980000371333477e-05,7.999999797903001e-05
-2.097000037139425e-05,7.999999797903001e-05
-2.0960000371455026e-05,7.999999797903001e-05
-2.09500003715158e-05,0.00011999999696854502
-2.0940000371576575e-05,0.00011999999696854502
-2.093000037163735e-05,7.999999797903001e-05
-2.0920000371698125e-05,7.999999797903001e-05
-2.09100003717589e-05,7.999999797903001e-05
-2.0900000371819674e-05,0.00011999999696854502
-2.089000037188045e-05,0.00011999999696854502
-2.0880000371941224e-05,7.999999797903001e-05
-2.0870000372002e-05,0.00011999999696854502
-2.0860000372062773e-05,0.00011999999696854502
-2.0850000372123548e-05,0.00011999999696854502
-2.0840000372184322e-05,0.00011999999696854502
-2.0830000372245097e-05,0.00011999999696854502
-2.0820000372305872e-05,7.999999797903001e-05
-2.0810000372366647e-05,7.999999797903001e-05
-2.080000037242742e-05,7.999999797903001e-05
-2.0790000372488196e-05,0.00011999999696854502
-2.078000037254897e-05,0.00011999999696854502
-2.0770000372609745e-05,0.00011999999696854502
-2.076000037267052e-05,7.999999797903001e-05
-2.0750000372731295e-05,7.999999797903001e-05
-2.074000037279207e-05,7.999999797903001e-05
-2.0730000372852844e-05,0.00011999999696854502
-2.072000037291362e-05,0.00011999999696854502
-2.0710000372974394e-05,0.00011999999696854502
-2.070000037303517e-05,7.999999797903001e-05
-2.0690000373095943e-05,7.999999797903001e-05
-2.0680000373156718e-05,7.999999797903001e-05
-2.0670000373217493e-05,0.00011999999696854502
-2.0660000373278267e-05,0.00011999999696854502
-2.0650000373339042e-05,7.999999797903001e-05
-2.0640000373399817e-05,7.999999797903001e-05
-2.063000037346059e-05,0.00011999999696854502
-2.0620000373521366e-05,0.00011999999696854502
-2.061000037358214e-05,0.00011999999696854502
-2.0600000373642915e-05,7.999999797903001e-05
-2.059000037370369e-05,0.00011999999696854502
-2.0580000373764465e-05,0.00011999999696854502
-2.057000037382524e-05,0.00011999999696854502
-2.0560000373886014e-05,7.999999797903001e-05
-2.055000037394679e-05,7.999999797903001e-05
-2.0540000374007564e-05,0.00011999999696854502
-2.053000037406834e-05,0.00011999999696854502
-2.0520000374129113e-05,7.999999797903001e-05
-2.0510000374189888e-05,7.999999797903001e-05
-2.0500000374250663e-05,0.00011999999696854502
-2.0490000374311437e-05,7.999999797903001e-05
-2.0480000374372212e-05,7.999999797903001e-05
-2.0470000374432987e-05,0.00015999999595806003
-2.046000037449376e-05,0.00027999999292660505
-2.0450000374554536e-05,0.0
-2.044000037461531e-05,-7.999999797903001e-05
-2.0430000374676086e-05,0.00011999999696854502
-2.042000037473686e-05,0.00015999999595806003
-2.0410000374797635e-05,0.00019999999494757503
-2.040000037485841e-05,0.00015999999595806003
-2.0390000374919184e-05,3.9999998989515007e-05
-2.038000037497996e-05,3.9999998989515007e-05
-2.0370000375040734e-05,0.00011999999696854502
-2.036000037510151e-05,0.00015999999595806003
-2.0350000375162283e-05,0.00011999999696854502
-2.0340000375223058e-05,7.999999797903001e-05
-2.0330000375283833e-05,7.999999797903001e-05
-2.0320000375344607e-05,0.00015999999595806003
-2.0310000375405382e-05,0.00011999999696854502
-2.0300000375466157e-05,7.999999797903001e-05
-2.029000037552693e-05,0.00011999999696854502
-2.0280000375587706e-05,0.00011999999696854502
-2.027000037564848e-05,0.00011999999696854502
-2.0260000375709256e-05,7.999999797903001e-05
-2.025000037577003e-05,7.999999797903001e-05
-2.0240000375830805e-05,0.00015999999595806003
-2.023000037589158e-05,0.00015999999595806003
-2.0220000375952354e-05,7.999999797903001e-05
-2.021000037601313e-05,7.999999797903001e-05
-2.0200000376073904e-05,0.00011999999696854502
-2.019000037613468e-05,0.00015999999595806003
-2.0180000376195453e-05,0.00011999999696854502
-2.0170000376256228e-05,7.999999797903001e-05
-2.0160000376317003e-05,7.999999797903001e-05
-2.0150000376377777e-05,0.00011999999696854502
-2.0140000376438552e-05,7.999999797903001e-05
-2.0130000376499327e-05,0.00011999999696854502
-2.01200003765601e-05,0.00011999999696854502
-2.0110000376620876e-05,0.00011999999696854502
-2.010000037668165e-05,7.999999797903001e-05
-2.0090000376742426e-05,7.999999797903001e-05
-2.00800003768032e-05,7.999999797903001e-05
-2.0070000376863975e-05,0.00011999999696854502
-2.006000037692475e-05,0.00011999999696854502
-2.0050000376985525e-05,0.00011999999696854502
-2.00400003770463e-05,0.00011999999696854502
-2.0030000377107074e-05,7.999999797903001e-05
-2.002000037716785e-05,0.00011999999696854502
-2.0010000377228623e-05,0.00011999999696854502
-2.0000000377289398e-05,0.00011999999696854502
-1.9990000377350173e-05,0.00011999999696854502
-1.9980000377410947e-05,7.999999797903001e-05
-1.9970000377471722e-05,0.00011999999696854502
-1.9960000377532497e-05,0.00011999999696854502
-1.995000037759327e-05,7.999999797903001e-05
-1.9940000377654046e-05,0.00011999999696854502
-1.993000037771482e-05,0.00011999999696854502
-1.9920000377775596e-05,0.00011999999696854502
-1.991000037783637e-05,7.999999797903001e-05
-1.9900000377897145e-05,7.999999797903001e-05
-1.989000037795792e-05,0.00011999999696854502
-1.9880000378018695e-05,0.00011999999696854502
-1.987000037807947e-05,7.999999797903001e-05
-1.9860000378140244e-05,0.00011999999696854502
-1.985000037820102e-05,0.00011999999696854502
-1.9840000378261793e-05,0.00011999999696854502
-1.9830000378322568e-05,7.999999797903001e-05
-1.9820000378383343e-05,7.999999797903001e-05
-1.9810000378444118e-05,0.00011999999696854502
-1.9800000378504892e-05,0.00011999999696854502
-1.9790000378565667e-05,7.999999797903001e-05
-1.978000037862644e-05,7.999999797903001e-05
-1.9770000378687216e-05,0.00011999999696854502
-1.976000037874799e-05,0.00011999999696854502
-1.9750000378808766e-05,0.00011999999696854502
-1.974000037886954e-05,0.00011999999696854502
-1.9730000378930315e-05,7.999999797903001e-05
-1.972000037899109e-05,7.999999797903001e-05
-1.9710000379051865e-05,7.999999797903001e-05
-1.970000037911264e-05,0.00011999999696854502
-1.9690000379173414e-05,0.00011999999696854502
-1.968000037923419e-05,0.00011999999696854502
-1.9670000379294963e-05,0.00011999999696854502
-1.9660000379355738e-05,0.00011999999696854502
-1.9650000379416513e-05,0.00011999999696854502
-1.9640000379477288e-05,0.00011999999696854502
-1.9630000379538062e-05,0.00011999999696854502
-1.9620000379598837e-05,0.00011999999696854502
-1.9610000379659612e-05,0.00011999999696854502
-1.9600000379720386e-05,0.00011999999696854502
-1.959000037978116e-05,0.00011999999696854502
-1.9580000379841936e-05,0.00011999999696854502
-1.957000037990271e-05,0.00011999999696854502
-1.9560000379963485e-05,0.00011999999696854502
-1.955000038002426e-05,0.00011999999696854502
-1.9540000380085035e-05,0.00011999999696854502
-1.953000038014581e-05,0.00011999999696854502
-1.9520000380206584e-05,7.999999797903001e-05
-1.951000038026736e-05,7.999999797903001e-05
-1.9500000380328134e-05,0.00011999999696854502
-1.9490000380388908e-05,0.00011999999696854502
-1.9480000380449683e-05,0.00011999999696854502
-1.9470000380510458e-05,7.999999797903001e-05
-1.9460000380571232e-05,7.999999797903001e-05
-1.9450000380632007e-05,0.00011999999696854502
-1.9440000380692782e-05,0.00011999999696854502
-1.9430000380753557e-05,0.00011999999696854502
-1.942000038081433e-05,0.00011999999696854502
-1.9410000380875106e-05,7.999999797903001e-05
-1.940000038093588e-05,7.999999797903001e-05
-1.9390000380996655e-05,7.999999797903001e-05
-1.938000038105743e-05,0.00011999999696854502
-1.9370000381118205e-05,0.00011999999696854502
-1.936000038117898e-05,7.999999797903001e-05
-1.9350000381239754e-05,0.00011999999696854502
-1.934000038130053e-05,7.999999797903001e-05
-1.9330000381361304e-05,0.00011999999696854502
-1.932000038142208e-05,0.00011999999696854502
-1.9310000381482853e-05,7.999999797903001e-05
-1.9300000381543628e-05,7.999999797903001e-05
-1.9290000381604402e-05,0.00011999999696854502
-1.9280000381665177e-05,0.00011999999696854502
-1.9270000381725952e-05,0.00011999999696854502
-1.9260000381786727e-05,0.00011999999696854502
-1.92500003818475e-05,0.00011999999696854502
-1.9240000381908276e-05,7.999999797903001e-05
-1.923000038196905e-05,0.00011999999696854502
-1.9220000382029825e-05,0.00011999999696854502
-1.92100003820906e-05,0.00011999999696854502
-1.9200000382151375e-05,0.00011999999696854502
-1.919000038221215e-05,0.00011999999696854502
-1.9180000382272924e-05,7.999999797903001e-05
-1.91700003823337e-05,7.999999797903001e-05
-1.9160000382394474e-05,0.00011999999696854502
-1.915000038245525e-05,0.00011999999696854502
-1.9140000382516023e-05,0.00011999999696854502
-1.9130000382576798e-05,0.00011999999696854502
-1.9120000382637573e-05,7.999999797903001e-05
-1.9110000382698347e-05,7.999999797903001e-05
-1.9100000382759122e-05,0.00011999999696854502
-1.9090000382819897e-05,0.00011999999696854502
-1.908000038288067e-05,7.999999797903001e-05
-1.9070000382941446e-05,0.00011999999696854502
-1.906000038300222e-05,7.999999797903001e-05
-1.9050000383062995e-05,0.00011999999696854502
-1.904000038312377e-05,0.00011999999696854502
-1.9030000383184545e-05,0.00011999999696854502
-1.902000038324532e-05,0.00011999999696854502
-1.9010000383306094e-05,7.999999797903001e-05
-1.900000038336687e-05,0.00011999999696854502
-1.8990000383427644e-05,0.00011999999696854502
-1.898000038348842e-05,0.00011999999696854502
-1.8970000383549193e-05,0.00011999999696854502
-1.8960000383609968e-05,0.00011999999696854502
-1.8950000383670743e-05,7.999999797903001e-05
-1.8940000383731517e-05,7.999999797903001e-05
-1.8930000383792292e-05,7.999999797903001e-05
-1.8920000383853067e-05,0.00011999999696854502
-1.891000038391384e-05,0.00011999999696854502
-1.8900000383974616e-05,0.00011999999696854502
-1.889000038403539e-05,7.999999797903001e-05
-1.8880000384096166e-05,0.00011999999696854502
-1.887000038415694e-05,0.00011999999696854502
-1.8860000384217715e-05,0.00011999999696854502
-1.885000038427849e-05,0.00011999999696854502
-1.8840000384339264e-05,0.00011999999696854502
-1.883000038440004e-05,0.00011999999696854502
-1.8820000384460814e-05,0.00011999999696854502
-1.881000038452159e-05,7.999999797903001e-05
-1.8800000384582363e-05,0.00011999999696854502
-1.8790000384643138e-05,0.00011999999696854502
-1.8780000384703913e-05,0.00011999999696854502
-1.8770000384764687e-05,7.999999797903001e-05
-1.8760000384825462e-05,0.00011999999696854502
-1.8750000384886237e-05,0.00011999999696854502
-1.874000038494701e-05,0.00011999999696854502
-1.8730000385007786e-05,0.00011999999696854502
-1.872000038506856e-05,0.00011999999696854502
-1.8710000385129336e-05,7.999999797903001e-05
-1.870000038519011e-05,0.00011999999696854502
-1.8690000385250885e-05,0.00011999999696854502
-1.868000038531166e-05,0.00011999999696854502
-1.8670000385372434e-05,0.00011999999696854502
-1.866000038543321e-05,0.00011999999696854502
-1.8650000385493984e-05,7.999999797903001e-05
-1.864000038555476e-05,0.00011999999696854502
-1.8630000385615533e-05,0.00011999999696854502
-1.8620000385676308e-05,0.00011999999696854502
-1.8610000385737083e-05,0.00011999999696854502
-1.8600000385797857e-05,0.00011999999696854502
-1.8590000385858632e-05,0.00011999999696854502
-1.8580000385919407e-05,0.00011999999696854502
-1.857000038598018e-05,0.00011999999696854502
-1.8560000386040956e-05,0.00011999999696854502
-1.855000038610173e-05,0.00011999999696854502
-1.8540000386162506e-05,0.00011999999696854502
-1.853000038622328e-05,0.00011999999696854502
-1.8520000386284055e-05,7.999999797903001e-05
-1.851000038634483e-05,0.00011999999696854502
-1.8500000386405605e-05,0.00011999999696854502
-1.849000038646638e-05,7.999999797903001e-05
-1.8480000386527154e-05,0.00011999999696854502
-1.847000038658793e-05,0.00011999999696854502
-1.8460000386648703e-05,0.00011999999696854502
-1.8450000386709478e-05,0.00011999999696854502
-1.8440000386770253e-05,0.00011999999696854502
-1.8430000386831027e-05,0.00011999999696854502
-1.8420000386891802e-05,0.00011999999696854502
-1.8410000386952577e-05,7.999999797903001e-05
-1.840000038701335e-05,0.00011999999696854502
-1.8390000387074126e-05,0.00011999999696854502
-1.83800003871349e-05,0.00011999999696854502
-1.8370000387195676e-05,0.00011999999696854502
-1.836000038725645e-05,0.00011999999696854502
-1.8350000387317225e-05,0.00011999999696854502
-1.8340000387378e-05,0.00011999999696854502
-1.8330000387438775e-05,0.00011999999696854502
-1.832000038749955e-05,0.00011999999696854502
-1.8310000387560324e-05,0.00011999999696854502
-1.83000003876211e-05,0.00011999999696854502
-1.8290000387681873e-05,0.00011999999696854502
-1.8280000387742648e-05,0.00011999999696854502
-1.8270000387803423e-05,0.00011999999696854502
-1.8260000387864198e-05,0.00011999999696854502
-1.8250000387924972e-05,0.00011999999696854502
-1.8240000387985747e-05,0.00011999999696854502
-1.823000038804652e-05,0.00011999999696854502
-1.8220000388107296e-05,0.00015999999595806003
-1.821000038816807e-05,0.00011999999696854502
-1.8200000388228846e-05,0.00011999999696854502
-1.819000038828962e-05,0.00011999999696854502
-1.8180000388350395e-05,0.00011999999696854502
-1.817000038841117e-05,0.00011999999696854502
-1.8160000388471945e-05,0.00011999999696854502
-1.815000038853272e-05,0.00011999999696854502
-1.8140000388593494e-05,0.00011999999696854502
-1.813000038865427e-05,0.00011999999696854502
-1.8120000388715043e-05,0.00011999999696854502
-1.8110000388775818e-05,0.00011999999696854502
-1.8100000388836593e-05,0.00011999999696854502
-1.8090000388897368e-05,0.00011999999696854502
-1.8080000388958142e-05,0.00015999999595806003
-1.8070000389018917e-05,0.00011999999696854502
-1.8060000389079692e-05,0.00011999999696854502
-1.8050000389140466e-05,0.00011999999696854502
-1.804000038920124e-05,0.00011999999696854502
-1.8030000389262016e-05,0.00011999999696854502
-1.802000038932279e-05,0.00011999999696854502
-1.8010000389383565e-05,0.00011999999696854502
-1.800000038944434e-05,0.00011999999696854502
-1.7990000389505115e-05,0.00011999999696854502
-1.798000038956589e-05,0.00011999999696854502
-1.7970000389626664e-05,0.00011999999696854502
-1.796000038968744e-05,0.00015999999595806003
-1.7950000389748214e-05,0.00015999999595806003
-1.7940000389808988e-05,0.00011999999696854502
-1.7930000389869763e-05,0.00011999999696854502
-1.7920000389930538e-05,0.00011999999696854502
-1.7910000389991312e-05,0.00011999999696854502
-1.7900000390052087e-05,0.00015999999595806003
-1.7890000390112862e-05,0.00015999999595806003
-1.7880000390173637e-05,0.00011999999696854502
-1.787000039023441e-05,0.00011999999696854502
-1.7860000390295186e-05,0.00011999999696854502
-1.785000039035596e-05,0.00011999999696854502
-1.7840000390416735e-05,0.00015999999595806003
-1.783000039047751e-05,0.00011999999696854502
-1.7820000390538285e-05,0.00015999999595806003
-1.781000039059906e-05,0.00015999999595806003
-1.7800000390659834e-05,0.00015999999595806003
-1.779000039072061e-05,0.00015999999595806003
-1.7780000390781384e-05,0.00015999999595806003
-1.777000039084216e-05,0.00015999999595806003
-1.7760000390902933e-05,0.00015999999595806003
-1.7750000390963708e-05,0.00011999999696854502
-1.7740000391024482e-05,0.00015999999595806003
-1.7730000391085257e-05,0.00015999999595806003
-1.7720000391146032e-05,0.00015999999595806003
-1.7710000391206807e-05,0.00011999999696854502
-1.770000039126758e-05,0.00015999999595806003
-1.7690000391328356e-05,0.00015999999595806003
-1.768000039138913e-05,0.00011999999696854502
-1.7670000391449905e-05,0.00011999999696854502
-1.766000039151068e-05,0.00015999999595806003
-1.7650000391571455e-05,0.00015999999595806003
-1.764000039163223e-05,0.00015999999595806003
-1.7630000391693004e-05,0.00011999999696854502
-1.762000039175378e-05,0.00015999999595806003
-1.7610000391814554e-05,0.00015999999595806003
-1.760000039187533e-05,0.00015999999595806003
-1.7590000391936103e-05,0.00015999999595806003
-1.7580000391996878e-05,0.00015999999595806003
-1.7570000392057653e-05,0.00015999999595806003
-1.7560000392118427e-05,0.00015999999595806003
-1.7550000392179202e-05,0.00015999999595806003
-1.7540000392239977e-05,0.00015999999595806003
-1.753000039230075e-05,0.00015999999595806003
-1.7520000392361526e-05,0.00019999999494757503
-1.75100003924223e-05,0.00015999999595806003
-1.7500000392483075e-05,0.00015999999595806003
-1.749000039254385e-05,0.00015999999595806003
-1.7480000392604625e-05,0.00019999999494757503
-1.74700003926654e-05,0.00019999999494757503
-1.7460000392726174e-05,0.00015999999595806003
-1.745000039278695e-05,0.00019999999494757503
-1.7440000392847724e-05,0.00015999999595806003
-1.74300003929085e-05,0.00019999999494757503
-1.7420000392969273e-05,0.00015999999595806003
-1.7410000393030048e-05,0.00015999999595806003
-1.7400000393090823e-05,0.00019999999494757503
-1.7390000393151597e-05,0.00019999999494757503
-1.7380000393212372e-05,0.00019999999494757503
-1.7370000393273147e-05,0.00015999999595806003
-1.736000039333392e-05,0.00019999999494757503
-1.7350000393394696e-05,0.00019999999494757503
-1.734000039345547e-05,0.00019999999494757503
-1.7330000393516246e-05,0.00019999999494757503
-1.732000039357702e-05,0.00019999999494757503
-1.7310000393637795e-05,0.00019999999494757503
-1.730000039369857e-05,0.00019999999494757503
-1.7290000393759344e-05,0.00019999999494757503
-1.728000039382012e-05,0.00019999999494757503
-1.7270000393880894e-05,0.00019999999494757503
-1.726000039394167e-05,0.00019999999494757503
-1.7250000394002443e-05,0.00019999999494757503
-1.7240000394063218e-05,0.00019999999494757503
-1.7230000394123993e-05,0.00019999999494757503
-1.7220000394184767e-05,0.00019999999494757503
-1.7210000394245542e-05,0.00019999999494757503
-1.7200000394306317e-05,0.00019999999494757503
-1.719000039436709e-05,0.00023999999393709004
-1.7180000394427866e-05,0.00019999999494757503
-1.717000039448864e-05,0.00019999999494757503
-1.7160000394549416e-05,0.00023999999393709004
-1.715000039461019e-05,0.00023999999393709004
-1.7140000394670965e-05,0.00019999999494757503
-1.713000039473174e-05,0.00023999999393709004
-1.7120000394792514e-05,0.00023999999393709004
-1.711000039485329e-05,0.00023999999393709004
-1.7100000394914064e-05,0.00023999999393709004
-1.709000039497484e-05,0.00023999999393709004
-1.7080000395035613e-05,0.00023999999393709004
-1.7070000395096388e-05,0.00023999999393709004
-1.7060000395157163e-05,0.00023999999393709004
-1.7050000395217937e-05,0.00023999999393709004
-1.7040000395278712e-05,0.00023999999393709004
-1.7030000395339487e-05,0.00023999999393709004
-1.702000039540026e-05,0.00023999999393709004
-1.7010000395461036e-05,0.00023999999393709004
-1.700000039552181e-05,0.00023999999393709004
-1.6990000395582586e-05,0.00023999999393709004
-1.698000039564336e-05,0.00023999999393709004
-1.6970000395704135e-05,0.00023999999393709004
-1.696000039576491e-05,0.00023999999393709004
-1.6950000395825685e-05,0.00027999999292660505
-1.694000039588646e-05,0.00023999999393709004
-1.6930000395947234e-05,0.00027999999292660505
-1.692000039600801e-05,0.00027999999292660505
-1.6910000396068783e-05,0.00027999999292660505
-1.6900000396129558e-05,0.00023999999393709004
-1.6890000396190333e-05,0.00027999999292660505
-1.6880000396251107e-05,0.00027999999292660505
-1.6870000396311882e-05,0.00027999999292660505
-1.6860000396372657e-05,0.00027999999292660505
-1.685000039643343e-05,0.00027999999292660505
-1.6840000396494206e-05,0.00027999999292660505
-1.683000039655498e-05,0.00031999999191612005
-1.6820000396615756e-05,0.00031999999191612005
-1.681000039667653e-05,0.00027999999292660505
-1.6800000396737305e-05,0.00031999999191612005
-1.679000039679808e-05,0.00031999999191612005
-1.6780000396858855e-05,0.00027999999292660505
-1.677000039691963e-05,0.00031999999191612005
-1.6760000396980404e-05,0.00031999999191612005
-1.675000039704118e-05,0.00031999999191612005
-1.6740000397101953e-05,0.00031999999191612005
-1.6730000397162728e-05,0.00031999999191612005
-1.6720000397223503e-05,0.00031999999191612005
-1.6710000397284278e-05,0.00031999999191612005
-1.6700000397345052e-05,0.00035999999090563506
-1.6690000397405827e-05,0.00031999999191612005
-1.66800003974666e-05,0.00031999999191612005
-1.6670000397527376e-05,0.00031999999191612005
-1.666000039758815e-05,0.00035999999090563506
-1.6650000397648926e-05,0.00031999999191612005
-1.66400003977097e-05,0.00035999999090563506
-1.6630000397770475e-05,0.00035999999090563506
-1.662000039783125e-05,0.00035999999090563506
-1.6610000397892025e-05,0.00035999999090563506
-1.66000003979528e-05,0.00035999999090563506
-1.6590000398013574e-05,0.00035999999090563506
-1.658000039807435e-05,0.00039999998989515007
-1.6570000398135123e-05,0.00035999999090563506
-1.6560000398195898e-05,0.00035999999090563506
-1.6550000398256673e-05,0.00035999999090563506
-1.6540000398317448e-05,0.00039999998989515007
-1.6530000398378222e-05,0.00039999998989515007
-1.6520000398438997e-05,0.00039999998989515007
-1.6510000398499772e-05,0.00035999999090563506
-1.6500000398560546e-05,0.00039999998989515007
-1.649000039862132e-05,0.00039999998989515007
-1.6480000398682096e-05,0.00039999998989515007
-1.647000039874287e-05,0.00039999998989515007
-1.6460000398803645e-05,0.00043999998888466507
-1.645000039886442e-05,0.00039999998989515007
-1.6440000398925195e-05,0.00039999998989515007
-1.643000039898597e-05,0.00039999998989515007
-1.6420000399046744e-05,0.00043999998888466507
-1.641000039910752e-05,0.00043999998888466507
-1.6400000399168294e-05,0.00043999998888466507
-1.6390000399229068e-05,0.00043999998888466507
-1.6380000399289843e-05,0.00043999998888466507
-1.6370000399350618e-05,0.0004799999878741801
-1.6360000399411392e-05,0.00043999998888466507
-1.6350000399472167e-05,0.0004799999878741801
-1.6340000399532942e-05,0.00043999998888466507
-1.6330000399593717e-05,0.0004799999878741801
-1.632000039965449e-05,0.0004799999878741801
-1.6310000399715266e-05,0.0004799999878741801
-1.630000039977604e-05,0.0004799999878741801
-1.6290000399836815e-05,0.0004799999878741801
-1.628000039989759e-05,0.0004799999878741801
-1.6270000399958365e-05,0.0004799999878741801
-1.626000040001914e-05,0.0005199999868636951
-1.6250000400079914e-05,0.0005199999868636951
-1.624000040014069e-05,0.0005199999868636951
-1.6230000400201464e-05,0.0005199999868636951
-1.622000040026224e-05,0.0005199999868636951
-1.6210000400323013e-05,0.0005199999868636951
-1.6200000400383788e-05,0.0005199999868636951
-1.6190000400444562e-05,0.0005599999858532101
-1.6180000400505337e-05,0.0005599999858532101
-1.6170000400566112e-05,0.0005199999868636951
-1.6160000400626887e-05,0.0005199999868636951
-1.615000040068766e-05,0.0005599999858532101
-1.6140000400748436e-05,0.0005599999858532101
-1.613000040080921e-05,0.0005599999858532101
-1.6120000400869985e-05,0.0005599999858532101
-1.611000040093076e-05,0.0005599999858532101
-1.6100000400991535e-05,0.0005599999858532101
-1.609000040105231e-05,0.0005999999848427251
-1.6080000401113084e-05,0.0005599999858532101
-1.607000040117386e-05,0.0005999999848427251
-1.6060000401234634e-05,0.0005999999848427251
-1.605000040129541e-05,0.0005999999848427251
-1.6040000401356183e-05,0.0005999999848427251
-1.6030000401416958e-05,0.0005999999848427251
-1.6020000401477733e-05,0.0006399999838322401
-1.6010000401538507e-05,0.0005999999848427251
-1.6000000401599282e-05,0.0005999999848427251
-1.5990000401660057e-05,0.0005999999848427251
-1.598000040172083e-05,0.0006399999838322401
-1.5970000401781606e-05,0.0006399999838322401
-1.596000040184238e-05,0.0006399999838322401
-1.5950000401903155e-05,0.0006399999838322401
-1.594000040196393e-05,0.0006399999838322401
-1.5930000402024705e-05,0.0006799999828217551
-1.592000040208548e-05,0.0006799999828217551
-1.5910000402146254e-05,0.0006799999828217551
-1.590000040220703e-05,0.0006799999828217551
-1.5890000402267804e-05,0.0006799999828217551
-1.588000040232858e-05,0.0006799999828217551
-1.5870000402389353e-05,0.0006799999828217551
-1.5860000402450128e-05,0.0006799999828217551
-1.5850000402510903e-05,0.0006799999828217551
-1.5840000402571677e-05,0.0007199999818112701
-1.5830000402632452e-05,0.0007199999818112701
-1.5820000402693227e-05,0.0006799999828217551
-1.5810000402754e-05,0.0007199999818112701
-1.5800000402814776e-05,0.0007199999818112701
-1.579000040287555e-05,0.0007199999818112701
-1.5780000402936326e-05,0.0007599999808007851
-1.57700004029971e-05,0.0007599999808007851
-1.5760000403057875e-05,0.0007199999818112701
-1.575000040311865e-05,0.0007599999808007851
-1.5740000403179424e-05,0.0007599999808007851
-1.57300004032402e-05,0.0007599999808007851
-1.5720000403300974e-05,0.0007599999808007851
-1.571000040336175e-05,0.0007599999808007851
-1.5700000403422523e-05,0.0007599999808007851
-1.5690000403483298e-05,0.0007999999797903001
-1.5680000403544073e-05,0.0007999999797903001
-1.5670000403604847e-05,0.0007999999797903001
-1.5660000403665622e-05,0.0007999999797903001
-1.5650000403726397e-05,0.0007999999797903001
-1.564000040378717e-05,0.0007999999797903001
-1.5630000403847946e-05,0.0007999999797903001
-1.562000040390872e-05,0.0008399999787798151
-1.5610000403969496e-05,0.0008399999787798151
-1.560000040403027e-05,0.0008399999787798151
-1.5590000404091045e-05,0.0008399999787798151
-1.558000040415182e-05,0.0008399999787798151
-1.5570000404212594e-05,0.0008399999787798151
-1.556000040427337e-05,0.0008399999787798151
-1.5550000404334144e-05,0.0008399999787798151
-1.554000040439492e-05,0.0008799999777693301
-1.5530000404455693e-05,0.0008799999777693301
-1.5520000404516468e-05,0.0008799999777693301
-1.5510000404577243e-05,0.0008399999787798151
-1.5500000404638017e-05,0.0008799999777693301
-1.5490000404698792e-05,0.0008799999777693301
-1.5480000404759567e-05,0.0008799999777693301
-1.547000040482034e-05,0.0008799999777693301
-1.5460000404881116e-05,0.0008799999777693301
-1.545000040494189e-05,0.0009199999767588452
-1.5440000405002666e-05,0.0008799999777693301
-1.543000040506344e-05,0.0009199999767588452
-1.5420000405124215e-05,0.0009199999767588452
-1.541000040518499e-05,0.0009199999767588452
-1.5400000405245765e-05,0.0009599999757483602
-1.539000040530654e-05,0.0009199999767588452
-1.5380000405367314e-05,0.0009599999757483602
-1.537000040542809e-05,0.0009599999757483602
-1.5360000405488863e-05,0.0009599999757483602
-1.5350000405549638e-05,0.0009599999757483602
-1.5340000405610413e-05,0.0009599999757483602
-1.5330000405671187e-05,0.0009999999747378752
-1.5320000405731962e-05,0.0009599999757483602
-1.5310000405792737e-05,0.0009999999747378752
-1.530000040585351e-05,0.0009599999757483602
-1.5290000405914286e-05,0.0009599999757483602
-1.528000040597506e-05,0.0009999999747378752
-1.5270000406035836e-05,0.0009999999747378752
-1.526000040609661e-05,0.0009999999747378752
-1.5250000406157385e-05,0.0009999999747378752
-1.524000040621816e-05,0.0009999999747378752
-1.5230000406278935e-05,0.0009999999747378752
-1.522000040633971e-05,0.0009999999747378752
-1.5210000406400484e-05,0.0010399999737273902
-1.5200000406461259e-05,0.0010399999737273902
-1.5190000406522033e-05,0.0010399999737273902
-1.5180000406582808e-05,0.0010399999737273902
-1.5170000406643583e-05,0.0010399999737273902
-1.5160000406704358e-05,0.0010399999737273902
-1.5150000406765132e-05,0.0010399999737273902
-1.5140000406825907e-05,0.0010399999737273902
-1.5130000406886682e-05,0.0010799999727169052
-1.5120000406947456e-05,0.0010799999727169052
-1.5110000407008231e-05,0.0010799999727169052
-1.5100000407069006e-05,0.0010399999737273902
-1.509000040712978e-05,0.0010799999727169052
-1.5080000407190555e-05,0.0010799999727169052
-1.507000040725133e-05,0.0010799999727169052
-1.5060000407312105e-05,0.0010799999727169052
-1.505000040737288e-05,0.0010799999727169052
-1.5040000407433654e-05,0.0011199999717064202
-1.5030000407494429e-05,0.0011199999717064202
-1.5020000407555203e-05,0.0011199999717064202
-1.5010000407615978e-05,0.0011199999717064202
-1.5000000407676753e-05,0.0011199999717064202
-1.4990000407737528e-05,0.0011199999717064202
-1.4980000407798302e-05,0.0011199999717064202
-1.4970000407859077e-05,0.0011199999717064202
-1.4960000407919852e-05,0.0011199999717064202
-1.4950000407980626e-05,0.0011199999717064202
-1.4940000408041401e-05,0.0011199999717064202
-1.4930000408102176e-05,0.0011599999706959352
-1.492000040816295e-05,0.0011599999706959352
-1.4910000408223725e-05,0.0011599999706959352
-1.49000004082845e-05,0.0011599999706959352
-1.4890000408345275e-05,0.0011599999706959352
-1.488000040840605e-05,0.0011599999706959352
-1.4870000408466824e-05,0.0011599999706959352
-1.4860000408527599e-05,0.0011599999706959352
-1.4850000408588374e-05,0.0011599999706959352
-1.4840000408649148e-05,0.0011599999706959352
-1.4830000408709923e-05,0.0011999999696854502
-1.4820000408770698e-05,0.0011999999696854502
-1.4810000408831472e-05,0.0011999999696854502
-1.4800000408892247e-05,0.0011999999696854502
-1.4790000408953022e-05,0.0011999999696854502
-1.4780000409013797e-05,0.0011999999696854502
-1.4770000409074571e-05,0.0011999999696854502
-1.4760000409135346e-05,0.0011999999696854502
-1.475000040919612e-05,0.0011999999696854502
-1.4740000409256895e-05,0.0011999999696854502
-1.473000040931767e-05,0.0011999999696854502
-1.4720000409378445e-05,0.0012399999686749652
-1.471000040943922e-05,0.0012399999686749652
-1.4700000409499994e-05,0.0012399999686749652
-1.4690000409560769e-05,0.0012399999686749652
-1.4680000409621544e-05,0.0011999999696854502
-1.4670000409682318e-05,0.0012399999686749652
-1.4660000409743093e-05,0.0012399999686749652
-1.4650000409803868e-05,0.0012399999686749652
-1.4640000409864642e-05,0.0012399999686749652
-1.4630000409925417e-05,0.0012399999686749652
-1.4620000409986192e-05,0.0012399999686749652
-1.4610000410046967e-05,0.0012799999676644802
-1.4600000410107741e-05,0.0012399999686749652
-1.4590000410168516e-05,0.0012799999676644802
-1.458000041022929e-05,0.0012799999676644802
-1.4570000410290065e-05,0.0012799999676644802
-1.456000041035084e-05,0.0012799999676644802
-1.4550000410411615e-05,0.0012799999676644802
-1.454000041047239e-05,0.0012799999676644802
-1.4530000410533164e-05,0.0012799999676644802
-1.4520000410593939e-05,0.0012799999676644802
-1.4510000410654714e-05,0.0012799999676644802
-1.4500000410715488e-05,0.0013199999666539952
-1.4490000410776263e-05,0.0012799999676644802
-1.4480000410837038e-05,0.0012799999676644802
-1.4470000410897813e-05,0.0012799999676644802
-1.4460000410958587e-05,0.0012799999676644802
-1.4450000411019362e-05,0.0013199999666539952
-1.4440000411080137e-05,0.0013199999666539952
-1.4430000411140911e-05,0.0013199999666539952
-1.4420000411201686e-05,0.0013199999666539952
-1.441000041126246e-05,0.0013199999666539952
-1.4400000411323235e-05,0.0013199999666539952
-1.439000041138401e-05,0.0013199999666539952
-1.4380000411444785e-05,0.0013199999666539952
-1.437000041150556e-05,0.0013199999666539952
-1.4360000411566334e-05,0.0013199999666539952
-1.4350000411627109e-05,0.0013199999666539952
-1.4340000411687884e-05,0.0013199999666539952
-1.4330000411748658e-05,0.0013599999656435102
-1.4320000411809433e-05,0.0013199999666539952
-1.4310000411870208e-05,0.0013199999666539952
-1.4300000411930983e-05,0.0013199999666539952
-1.4290000411991757e-05,0.0013199999666539952
-1.4280000412052532e-05,0.0013599999656435102
-1.4270000412113307e-05,0.0013599999656435102
-1.4260000412174081e-05,0.0013199999666539952
-1.4250000412234856e-05,0.0013199999666539952
-1.4240000412295631e-05,0.0013199999666539952
-1.4230000412356406e-05,0.0013599999656435102
-1.422000041241718e-05,0.0013599999656435102
-1.4210000412477955e-05,0.0013599999656435102
-1.420000041253873e-05,0.0013599999656435102
-1.4190000412599504e-05,0.0013199999666539952
-1.4180000412660279e-05,0.0013199999666539952
-1.4170000412721054e-05,0.0013599999656435102
-1.4160000412781829e-05,0.0013599999656435102
-1.4150000412842603e-05,0.0013599999656435102
-1.4140000412903378e-05,0.0013599999656435102
-1.4130000412964153e-05,0.0013599999656435102
-1.4120000413024927e-05,0.0013599999656435102
-1.4110000413085702e-05,0.0013599999656435102
-1.4100000413146477e-05,0.0013599999656435102
-1.4090000413207251e-05,0.0013599999656435102
-1.4080000413268026e-05,0.0013599999656435102
-1.4070000413328801e-05,0.0013599999656435102
-1.4060000413389576e-05,0.0013599999656435102
-1.405000041345035e-05,0.0013599999656435102
-1.4040000413511125e-05,0.0013599999656435102
-1.40300004135719e-05,0.0013599999656435102
-1.4020000413632674e-05,0.0013599999656435102
-1.401000041369345e-05,0.0013599999656435102
-1.4000000413754224e-05,0.0013599999656435102
-1.3990000413814999e-05,0.0013999999646330252
-1.3980000413875773e-05,0.0013999999646330252
-1.3970000413936548e-05,0.0013599999656435102
-1.3960000413997323e-05,0.0013599999656435102
-1.3950000414058097e-05,0.0013599999656435102
-1.3940000414118872e-05,0.0013999999646330252
-1.3930000414179647e-05,0.0013999999646330252
-1.3920000414240422e-05,0.0013999999646330252
-1.3910000414301196e-05,0.0013599999656435102
-1.3900000414361971e-05,0.0013599999656435102
-1.3890000414422746e-05,0.0013599999656435102
-1.388000041448352e-05,0.0013999999646330252
-1.3870000414544295e-05,0.0013999999646330252
-1.386000041460507e-05,0.0013999999646330252
-1.3850000414665845e-05,0.0013599999656435102
-1.384000041472662e-05,0.0013999999646330252
-1.3830000414787394e-05,0.0013999999646330252
-1.3820000414848169e-05,0.0013999999646330252
-1.3810000414908943e-05,0.0013599999656435102
-1.3800000414969718e-05,0.0013599999656435102
-1.3790000415030493e-05,0.0013599999656435102
-1.3780000415091267e-05,0.0013599999656435102
-1.3770000415152042e-05,0.0013999999646330252
-1.3760000415212817e-05,0.0013999999646330252
-1.3750000415273592e-05,0.0013599999656435102
-1.3740000415334366e-05,0.0013599999656435102
-1.3730000415395141e-05,0.0013599999656435102
-1.3720000415455916e-05,0.0013599999656435102
-1.371000041551669e-05,0.0013999999646330252
-1.3700000415577465e-05,0.0013599999656435102
-1.369000041563824e-05,0.0013999999646330252
-1.3680000415699015e-05,0.0013599999656435102
-1.367000041575979e-05,0.0013999999646330252
-1.3660000415820564e-05,0.0013999999646330252
-1.3650000415881339e-05,0.0013999999646330252
-1.3640000415942113e-05,0.0013599999656435102
-1.3630000416002888e-05,0.0013999999646330252
-1.3620000416063663e-05,0.0013999999646330252
-1.3610000416124438e-05,0.0013999999646330252
-1.3600000416185212e-05,0.0013599999656435102
-1.3590000416245987e-05,0.0013599999656435102
-1.3580000416306762e-05,0.0013599999656435102
-1.3570000416367536e-05,0.0013999999646330252
-1.3560000416428311e-05,0.0013999999646330252
-1.3550000416489086e-05,0.0013999999646330252
-1.354000041654986e-05,0.0013999999646330252
-1.3530000416610635e-05,0.0013599999656435102
-1.352000041667141e-05,0.0013599999656435102
-1.3510000416732185e-05,0.0013599999656435102
-1.350000041679296e-05,0.0013599999656435102
-1.3490000416853734e-05,0.0013599999656435102
-1.3480000416914509e-05,0.0013599999656435102
-1.3470000416975283e-05,0.0013599999656435102
-1.3460000417036058e-05,0.0013599999656435102
-1.3450000417096833e-05,0.0013999999646330252
-1.3440000417157608e-05,0.0013599999656435102
-1.3430000417218382e-05,0.0013599999656435102
-1.3420000417279157e-05,0.0013599999656435102
-1.3410000417339932e-05,0.0013599999656435102
-1.3400000417400706e-05,0.0013999999646330252
-1.3390000417461481e-05,0.0013599999656435102
-1.3380000417522256e-05,0.0013599999656435102
-1.337000041758303e-05,0.0013599999656435102
-1.3360000417643805e-05,0.0013599999656435102
-1.335000041770458e-05,0.0013599999656435102
-1.3340000417765355e-05,0.0013599999656435102
-1.333000041782613e-05,0.0013599999656435102
-1.3320000417886904e-05,0.0013599999656435102
-1.3310000417947679e-05,0.0013599999656435102
-1.3300000418008454e-05,0.0013599999656435102
-1.3290000418069228e-05,0.0013599999656435102
-1.3280000418130003e-05,0.0013599999656435102
-1.3270000418190778e-05,0.0013599999656435102
-1.3260000418251552e-05,0.0013599999656435102
-1.3250000418312327e-05,0.0013599999656435102
-1.3240000418373102e-05,0.0013199999666539952
-1.3230000418433877e-05,0.0013199999666539952
-1.3220000418494651e-05,0.0013599999656435102
-1.3210000418555426e-05,0.0013599999656435102
-1.32000004186162e-05,0.0013199999666539952
-1.3190000418676975e-05,0.0013199999666539952
-1.318000041873775e-05,0.0013199999666539952
-1.3170000418798525e-05,0.0013599999656435102
-1.31600004188593e-05,0.0013199999666539952
-1.3150000418920074e-05,0.0013199999666539952
-1.3140000418980849e-05,0.0013199999666539952
-1.3130000419041624e-05,0.0013199999666539952
-1.3120000419102398e-05,0.0013199999666539952
-1.3110000419163173e-05,0.0013199999666539952
-1.3100000419223948e-05,0.0013199999666539952
-1.3090000419284722e-05,0.0013199999666539952
-1.3080000419345497e-05,0.0013199999666539952
-1.3070000419406272e-05,0.0013199999666539952
-1.3060000419467047e-05,0.0013199999666539952
-1.3050000419527821e-05,0.0013199999666539952
-1.3040000419588596e-05,0.0012799999676644802
-1.303000041964937e-05,0.0012799999676644802
-1.3020000419710145e-05,0.0012799999676644802
-1.301000041977092e-05,0.0013199999666539952
-1.3000000419831695e-05,0.0012799999676644802
-1.299000041989247e-05,0.0013199999666539952
-1.2980000419953244e-05,0.0012799999676644802
-1.2970000420014019e-05,0.0012799999676644802
-1.2960000420074794e-05,0.0012799999676644802
-1.2950000420135568e-05,0.0012799999676644802
-1.2940000420196343e-05,0.0012799999676644802
-1.2930000420257118e-05,0.0012799999676644802
-1.2920000420317893e-05,0.0012799999676644802
-1.2910000420378667e-05,0.0012799999676644802
-1.2900000420439442e-05,0.0012799999676644802
-1.2890000420500217e-05,0.0012799999676644802
-1.2880000420560991e-05,0.0012399999686749652
-1.2870000420621766e-05,0.0012799999676644802
-1.286000042068254e-05,0.0012399999686749652
-1.2850000420743315e-05,0.0012399999686749652
-1.284000042080409e-05,0.0012399999686749652
-1.2830000420864865e-05,0.0012799999676644802
-1.282000042092564e-05,0.0012399999686749652
-1.2810000420986414e-05,0.0012399999686749652
-1.2800000421047189e-05,0.0012399999686749652
-1.2790000421107964e-05,0.0012399999686749652
-1.2780000421168738e-05,0.0012399999686749652
-1.2770000421229513e-05,0.0012399999686749652
-1.2760000421290288e-05,0.0012399999686749652
-1.2750000421351063e-05,0.0012399999686749652
-1.2740000421411837e-05,0.0012399999686749652
-1.2730000421472612e-05,0.0011999999696854502
-1.2720000421533387e-05,0.0011999999696854502
-1.2710000421594161e-05,0.0011999999696854502
-1.2700000421654936e-05,0.0011999999696854502
-1.2690000421715711e-05,0.0011999999696854502
-1.2680000421776486e-05,0.0011999999696854502
-1.267000042183726e-05,0.0011999999696854502
-1.2660000421898035e-05,0.0011999999696854502
-1.265000042195881e-05,0.0011999999696854502
-1.2640000422019584e-05,0.0011999999696854502
-1.2630000422080359e-05,0.0011599999706959352
-1.2620000422141134e-05,0.0011599999706959352
-1.2610000422201909e-05,0.0011599999706959352
-1.2600000422262683e-05,0.0011599999706959352
-1.2590000422323458e-05,0.0011599999706959352
-1.2580000422384233e-05,0.0011599999706959352
-1.2570000422445007e-05,0.0011599999706959352
-1.2560000422505782e-05,0.0011599999706959352
-1.2550000422566557e-05,0.0011599999706959352
-1.2540000422627332e-05,0.0011599999706959352
-1.2530000422688106e-05,0.0011199999717064202
-1.2520000422748881e-05,0.0011599999706959352
-1.2510000422809656e-05,0.0011199999717064202
-1.250000042287043e-05,0.0011599999706959352
-1.2490000422931205e-05,0.0011199999717064202
-1.248000042299198e-05,0.0011199999717064202
-1.2470000423052754e-05,0.0011199999717064202
-1.246000042311353e-05,0.0011199999717064202
-1.2450000423174304e-05,0.0011199999717064202
-1.2440000423235079e-05,0.0010799999727169052
-1.2430000423295853e-05,0.0010799999727169052
-1.2420000423356628e-05,0.0010799999727169052
-1.2410000423417403e-05,0.0010799999727169052
-1.2400000423478177e-05,0.0010799999727169052
-1.2390000423538952e-05,0.0010799999727169052
-1.2380000423599727e-05,0.0010799999727169052
-1.2370000423660502e-05,0.0010799999727169052
-1.2360000423721276e-05,0.0010799999727169052
-1.2350000423782051e-05,0.0010399999737273902
-1.2340000423842826e-05,0.0010799999727169052
-1.23300004239036e-05,0.0010799999727169052
-1.2320000423964375e-05,0.0010399999737273902
-1.231000042402515e-05,0.0010399999737273902
-1.2300000424085925e-05,0.0010399999737273902
-1.22900004241467e-05,0.0010399999737273902
-1.2280000424207474e-05,0.0010399999737273902
-1.2270000424268249e-05,0.0010399999737273902
-1.2260000424329023e-05,0.0010399999737273902
-1.2250000424389798e-05,0.0009999999747378752
-1.2240000424450573e-05,0.0009999999747378752
-1.2230000424511348e-05,0.0010399999737273902
-1.2220000424572122e-05,0.0009999999747378752
-1.2210000424632897e-05,0.0009999999747378752
-1.2200000424693672e-05,0.0009999999747378752
-1.2190000424754446e-05,0.0009999999747378752
-1.2180000424815221e-05,0.0009999999747378752
-1.2170000424875996e-05,0.0009599999757483602
-1.216000042493677e-05,0.0009599999757483602
-1.2150000424997545e-05,0.0009599999757483602
-1.214000042505832e-05,0.0009599999757483602
-1.2130000425119095e-05,0.0009599999757483602
-1.212000042517987e-05,0.0009599999757483602
-1.2110000425240644e-05,0.0009599999757483602
-1.2100000425301419e-05,0.0009599999757483602
-1.2090000425362193e-05,0.0009199999767588452
-1.2080000425422968e-05,0.0009199999767588452
-1.2070000425483743e-05,0.0009599999757483602
-1.2060000425544518e-05,0.0009199999767588452
-1.2050000425605292e-05,0.0009199999767588452
-1.2040000425666067e-05,0.0009199999767588452
-1.2030000425726842e-05,0.0009199999767588452
-1.2020000425787616e-05,0.0009199999767588452
-1.2010000425848391e-05,0.0008799999777693301
-1.2000000425909166e-05,0.0008799999777693301
-1.199000042596994e-05,0.0008799999777693301
-1.1980000426030715e-05,0.0008799999777693301
-1.197000042609149e-05,0.0008799999777693301
-1.1960000426152265e-05,0.0008799999777693301
-1.195000042621304e-05,0.0008799999777693301
-1.1940000426273814e-05,0.0008799999777693301
-1.1930000426334589e-05,0.0008399999787798151
-1.1920000426395364e-05,0.0008799999777693301
-1.1910000426456138e-05,0.0008399999787798151
-1.1900000426516913e-05,0.0008399999787798151
-1.1890000426577688e-05,0.0008399999787798151
-1.1880000426638462e-05,0.0008399999787798151
-1.1870000426699237e-05,0.0008399999787798151
-1.1860000426760012e-05,0.0008399999787798151
-1.1850000426820786e-05,0.0007999999797903001
-1.1840000426881561e-05,0.0007999999797903001
-1.1830000426942336e-05,0.0007999999797903001
-1.182000042700311e-05,0.0007999999797903001
-1.1810000427063885e-05,0.0007999999797903001
-1.180000042712466e-05,0.0007999999797903001
-1.1790000427185435e-05,0.0007999999797903001
-1.178000042724621e-05,0.0007999999797903001
-1.1770000427306984e-05,0.0007599999808007851
-1.1760000427367759e-05,0.0007599999808007851
-1.1750000427428534e-05,0.0007599999808007851
-1.1740000427489308e-05,0.0007599999808007851
-1.1730000427550083e-05,0.0007199999818112701
-1.1720000427610858e-05,0.0007199999818112701
-1.1710000427671632e-05,0.0007599999808007851
-1.1700000427732407e-05,0.0007199999818112701
-1.1690000427793182e-05,0.0007199999818112701
-1.1680000427853957e-05,0.0007199999818112701
-1.1670000427914731e-05,0.0007199999818112701
-1.1660000427975506e-05,0.0007199999818112701
-1.165000042803628e-05,0.0007199999818112701
-1.1640000428097055e-05,0.0007199999818112701
-1.163000042815783e-05,0.0006799999828217551
-1.1620000428218605e-05,0.0006799999828217551
-1.161000042827938e-05,0.0007199999818112701
-1.1600000428340154e-05,0.0006799999828217551
-1.1590000428400929e-05,0.0006799999828217551
-1.1580000428461704e-05,0.0006799999828217551
-1.1570000428522478e-05,0.0006799999828217551
-1.1560000428583253e-05,0.0006799999828217551
-1.1550000428644028e-05,0.0006399999838322401
-1.1540000428704802e-05,0.0006399999838322401
-1.1530000428765577e-05,0.0006399999838322401
-1.1520000428826352e-05,0.0006399999838322401
-1.1510000428887127e-05,0.0006399999838322401
-1.1500000428947901e-05,0.0006399999838322401
-1.1490000429008676e-05,0.0006399999838322401
-1.148000042906945e-05,0.0005999999848427251
-1.1470000429130225e-05,0.0005999999848427251
-1.1460000429191e-05,0.0005999999848427251
-1.1450000429251775e-05,0.0005999999848427251
-1.144000042931255e-05,0.0005999999848427251
-1.1430000429373324e-05,0.0005999999848427251
-1.1420000429434099e-05,0.0005999999848427251
-1.1410000429494874e-05,0.0005999999848427251
-1.1400000429555648e-05,0.0005599999858532101
-1.1390000429616423e-05,0.0005599999858532101
-1.1380000429677198e-05,0.0005599999858532101
-1.1370000429737973e-05,0.0005999999848427251
-1.1360000429798747e-05,0.0005599999858532101
-1.1350000429859522e-05,0.0005599999858532101
-1.1340000429920297e-05,0.0005599999858532101
-1.1330000429981071e-05,0.0005599999858532101
-1.1320000430041846e-05,0.0005599999858532101
-1.131000043010262e-05,0.0005599999858532101
-1.1300000430163396e-05,0.0005599999858532101
-1.129000043022417e-05,0.0005599999858532101
-1.1280000430284945e-05,0.0005199999868636951
-1.127000043034572e-05,0.0005199999868636951
-1.1260000430406494e-05,0.0005199999868636951
-1.1250000430467269e-05,0.0005199999868636951
-1.1240000430528044e-05,0.0005199999868636951
-1.1230000430588818e-05,0.0005199999868636951
-1.1220000430649593e-05,0.0004799999878741801
-1.1210000430710368e-05,0.0004799999878741801
-1.1200000430771143e-05,0.0004799999878741801
-1.1190000430831917e-05,0.0004799999878741801
-1.1180000430892692e-05,0.0004799999878741801
-1.1170000430953467e-05,0.0004799999878741801
-1.1160000431014241e-05,0.0004799999878741801
-1.1150000431075016e-05,0.0004799999878741801
-1.1140000431135791e-05,0.0004799999878741801
-1.1130000431196566e-05,0.00043999998888466507
-1.112000043125734e-05,0.0004799999878741801
-1.1110000431318115e-05,0.00043999998888466507
-1.110000043137889e-05,0.00043999998888466507
-1.1090000431439664e-05,0.00043999998888466507
-1.1080000431500439e-05,0.00043999998888466507
-1.1070000431561214e-05,0.00043999998888466507
-1.1060000431621989e-05,0.00043999998888466507
-1.1050000431682763e-05,0.00043999998888466507
-1.1040000431743538e-05,0.00043999998888466507
-1.1030000431804313e-05,0.00039999998989515007
-1.1020000431865087e-05,0.00039999998989515007
-1.1010000431925862e-05,0.00039999998989515007
-1.1000000431986637e-05,0.00039999998989515007
-1.0990000432047412e-05,0.00039999998989515007
-1.0980000432108186e-05,0.00039999998989515007
-1.0970000432168961e-05,0.00039999998989515007
-1.0960000432229736e-05,0.00039999998989515007
-1.095000043229051e-05,0.00039999998989515007
-1.0940000432351285e-05,0.00039999998989515007
-1.093000043241206e-05,0.00039999998989515007
-1.0920000432472834e-05,0.00039999998989515007
-1.091000043253361e-05,0.00035999999090563506
-1.0900000432594384e-05,0.00035999999090563506
-1.0890000432655159e-05,0.00035999999090563506
-1.0880000432715933e-05,0.00039999998989515007
-1.0870000432776708e-05,0.00035999999090563506
-1.0860000432837483e-05,0.00035999999090563506
-1.0850000432898257e-05,0.00035999999090563506
-1.0840000432959032e-05,0.00035999999090563506
-1.0830000433019807e-05,0.00035999999090563506
-1.0820000433080582e-05,0.00031999999191612005
-1.0810000433141356e-05,0.00035999999090563506
-1.0800000433202131e-05,0.00035999999090563506
-1.0790000433262906e-05,0.00035999999090563506
-1.078000043332368e-05,0.00035999999090563506
-1.0770000433384455e-05,0.00031999999191612005
-1.076000043344523e-05,0.00031999999191612005
-1.0750000433506005e-05,0.00031999999191612005
-1.074000043356678e-05,0.00031999999191612005
-1.0730000433627554e-05,0.00031999999191612005
-1.0720000433688329e-05,0.00031999999191612005
-1.0710000433749103e-05,0.00031999999191612005
-1.0700000433809878e-05,0.00031999999191612005
-1.0690000433870653e-05,0.00031999999191612005
-1.0680000433931428e-05,0.00031999999191612005
-1.0670000433992202e-05,0.00031999999191612005
-1.0660000434052977e-05,0.00027999999292660505
-1.0650000434113752e-05,0.00031999999191612005
-1.0640000434174526e-05,0.00027999999292660505
-1.0630000434235301e-05,0.00027999999292660505
-1.0620000434296076e-05,0.00027999999292660505
-1.061000043435685e-05,0.00027999999292660505
-1.0600000434417625e-05,0.00027999999292660505
-1.05900004344784e-05,0.00027999999292660505
-1.0580000434539175e-05,0.00027999999292660505
-1.057000043459995e-05,0.00023999999393709004
-1.0560000434660724e-05,0.00027999999292660505
-1.0550000434721499e-05,0.00023999999393709004
-1.0540000434782273e-05,0.00027999999292660505
-1.0530000434843048e-05,0.00027999999292660505
-1.0520000434903823e-05,0.00023999999393709004
-1.0510000434964598e-05,0.00023999999393709004
-1.0500000435025372e-05,0.00027999999292660505
-1.0490000435086147e-05,0.00023999999393709004
-1.0480000435146922e-05,0.00027999999292660505
-1.0470000435207696e-05,0.00027999999292660505
-1.0460000435268471e-05,0.00023999999393709004
-1.0450000435329246e-05,0.00023999999393709004
-1.044000043539002e-05,0.00023999999393709004
-1.0430000435450795e-05,0.00023999999393709004
-1.042000043551157e-05,0.00023999999393709004
-1.0410000435572345e-05,0.00023999999393709004
-1.040000043563312e-05,0.00023999999393709004
-1.0390000435693894e-05,0.00023999999393709004
-1.0380000435754669e-05,0.00023999999393709004
-1.0370000435815444e-05,0.00023999999393709004
-1.0360000435876218e-05,0.00023999999393709004
-1.0350000435936993e-05,0.00023999999393709004
-1.0340000435997768e-05,0.00019999999494757503
-1.0330000436058542e-05,0.00019999999494757503
-1.0320000436119317e-05,0.00019999999494757503
-1.0310000436180092e-05,0.00023999999393709004
-1.0300000436240866e-05,0.00019999999494757503
-1.0290000436301641e-05,0.00019999999494757503
-1.0280000436362416e-05,0.00019999999494757503
-1.027000043642319e-05,0.00019999999494757503
-1.0260000436483965e-05,0.00019999999494757503
-1.025000043654474e-05,0.00023999999393709004
-1.0240000436605515e-05,0.00019999999494757503
-1.023000043666629e-05,0.00023999999393709004
-1.0220000436727064e-05,0.00019999999494757503
-1.0210000436787839e-05,0.00019999999494757503
-1.0200000436848614e-05,0.00019999999494757503
-1.0190000436909388e-05,0.00019999999494757503
-1.0180000436970163e-05,0.00019999999494757503
-1.0170000437030938e-05,0.00019999999494757503
-1.0160000437091712e-05,0.00019999999494757503
-1.0150000437152487e-05,0.00019999999494757503
-1.0140000437213262e-05,0.00019999999494757503
-1.0130000437274037e-05,0.00019999999494757503
-1.0120000437334811e-05,0.00015999999595806003
-1.0110000437395586e-05,0.00019999999494757503
-1.010000043745636e-05,0.00015999999595806003
-1.0090000437517135e-05,0.00019999999494757503
-1.008000043757791e-05,0.00019999999494757503
-1.0070000437638685e-05,0.00019999999494757503
-1.006000043769946e-05,0.00015999999595806003
-1.0050000437760234e-05,0.00015999999595806003
-1.0040000437821009e-05,0.00015999999595806003
-1.0030000437881784e-05,0.00015999999595806003
-1.0020000437942558e-05,0.00015999999595806003
-1.0010000438003333e-05,0.00015999999595806003
-1.0000000438064108e-05,0.00015999999595806003
-9.990000438124882e-06,0.00015999999595806003
-9.980000438185657e-06,0.00015999999595806003
-9.970000438246432e-06,0.00015999999595806003
-9.960000438307207e-06,0.00015999999595806003
-9.950000438367981e-06,0.00015999999595806003
-9.940000438428756e-06,0.00015999999595806003
-9.93000043848953e-06,0.00015999999595806003
-9.920000438550305e-06,0.00015999999595806003
-9.91000043861108e-06,0.00015999999595806003
-9.900000438671855e-06,0.00015999999595806003
-9.89000043873263e-06,0.00015999999595806003
-9.880000438793404e-06,0.00015999999595806003
-9.870000438854179e-06,0.00015999999595806003
-9.860000438914954e-06,0.00015999999595806003
-9.850000438975728e-06,0.00015999999595806003
-9.840000439036503e-06,0.00015999999595806003
-9.830000439097278e-06,0.00015999999595806003
-9.820000439158053e-06,0.00015999999595806003
-9.810000439218827e-06,0.00015999999595806003
-9.800000439279602e-06,0.00015999999595806003
-9.790000439340377e-06,0.00015999999595806003
-9.780000439401151e-06,0.00015999999595806003
-9.770000439461926e-06,0.00011999999696854502
-9.7600004395227e-06,0.00015999999595806003
-9.750000439583476e-06,0.00015999999595806003
-9.74000043964425e-06,0.00015999999595806003
-9.730000439705025e-06,0.00015999999595806003
-9.7200004397658e-06,0.00015999999595806003
-9.710000439826574e-06,0.00015999999595806003
-9.700000439887349e-06,0.00015999999595806003
-9.690000439948124e-06,0.00011999999696854502
-9.680000440008898e-06,0.00011999999696854502
-9.670000440069673e-06,0.00015999999595806003
-9.660000440130448e-06,0.00011999999696854502
-9.650000440191223e-06,0.00011999999696854502
-9.640000440251997e-06,0.00011999999696854502
-9.630000440312772e-06,0.00015999999595806003
-9.620000440373547e-06,0.00015999999595806003
-9.610000440434321e-06,0.00011999999696854502
-9.600000440495096e-06,0.00011999999696854502
-9.590000440555871e-06,0.00011999999696854502
-9.580000440616646e-06,0.00015999999595806003
-9.57000044067742e-06,0.00011999999696854502
-9.560000440738195e-06,0.00015999999595806003
-9.55000044079897e-06,0.00011999999696854502
-9.540000440859744e-06,0.00015999999595806003
-9.530000440920519e-06,0.00011999999696854502
-9.520000440981294e-06,0.00011999999696854502
-9.510000441042069e-06,0.00015999999595806003
-9.500000441102843e-06,0.00011999999696854502
-9.490000441163618e-06,0.00011999999696854502
-9.480000441224393e-06,0.00011999999696854502
-9.470000441285167e-06,0.00011999999696854502
-9.460000441345942e-06,0.00011999999696854502
-9.450000441406717e-06,0.00011999999696854502
-9.440000441467492e-06,0.00011999999696854502
-9.430000441528266e-06,0.00011999999696854502
-9.420000441589041e-06,0.00015999999595806003
-9.410000441649816e-06,0.00011999999696854502
-9.40000044171059e-06,0.00011999999696854502
-9.390000441771365e-06,0.00011999999696854502
-9.38000044183214e-06,0.00011999999696854502
-9.370000441892914e-06,0.00011999999696854502
-9.36000044195369e-06,0.00011999999696854502
-9.350000442014464e-06,0.00011999999696854502
-9.340000442075239e-06,0.00011999999696854502
-9.330000442136013e-06,0.00011999999696854502
-9.320000442196788e-06,0.00011999999696854502
-9.310000442257563e-06,0.00011999999696854502
-9.300000442318337e-06,0.00011999999696854502
-9.290000442379112e-06,0.00011999999696854502
-9.280000442439887e-06,0.00011999999696854502
-9.270000442500662e-06,0.00011999999696854502
-9.260000442561436e-06,0.00011999999696854502
-9.250000442622211e-06,0.00011999999696854502
-9.240000442682986e-06,7.999999797903001e-05
-9.23000044274376e-06,0.00011999999696854502
-9.220000442804535e-06,0.00011999999696854502
-9.21000044286531e-06,0.00011999999696854502
-9.200000442926085e-06,0.00011999999696854502
-9.19000044298686e-06,0.00011999999696854502
-9.180000443047634e-06,0.00011999999696854502
-9.170000443108409e-06,0.00011999999696854502
-9.160000443169183e-06,0.00011999999696854502
-9.150000443229958e-06,0.00011999999696854502
-9.140000443290733e-06,0.00011999999696854502
-9.130000443351508e-06,0.00011999999696854502
-9.120000443412282e-06,0.00011999999696854502
-9.110000443473057e-06,0.00011999999696854502
-9.100000443533832e-06,0.00011999999696854502
-9.090000443594606e-06,0.00011999999696854502
-9.080000443655381e-06,0.00011999999696854502
-9.070000443716156e-06,7.999999797903001e-05
-9.06000044377693e-06,0.00011999999696854502
-9.050000443837705e-06,0.00011999999696854502
-9.04000044389848e-06,7.999999797903001e-05
-9.030000443959255e-06,0.00011999999696854502
-9.02000044402003e-06,0.00011999999696854502
-9.010000444080804e-06,0.00011999999696854502
-9.000000444141579e-06,7.999999797903001e-05
-8.990000444202353e-06,0.00011999999696854502
-8.980000444263128e-06,0.00011999999696854502
-8.970000444323903e-06,0.00011999999696854502
-8.960000444384678e-06,0.00011999999696854502
-8.950000444445452e-06,0.00011999999696854502
-8.940000444506227e-06,7.999999797903001e-05
-8.930000444567002e-06,0.00011999999696854502
-8.920000444627776e-06,0.00011999999696854502
-8.910000444688551e-06,0.00011999999696854502
-8.900000444749326e-06,0.00011999999696854502
-8.8900004448101e-06,0.00011999999696854502
-8.880000444870875e-06,0.00011999999696854502
-8.87000044493165e-06,0.00011999999696854502
-8.860000444992425e-06,0.00011999999696854502
-8.8500004450532e-06,0.00011999999696854502
-8.840000445113974e-06,0.00011999999696854502
-8.830000445174749e-06,7.999999797903001e-05
-8.820000445235524e-06,0.00011999999696854502
-8.810000445296298e-06,0.00011999999696854502
-8.800000445357073e-06,0.00011999999696854502
-8.790000445417848e-06,0.00011999999696854502
-8.780000445478622e-06,0.00011999999696854502
-8.770000445539397e-06,0.00011999999696854502
-8.760000445600172e-06,0.00011999999696854502
-8.750000445660946e-06,0.00011999999696854502
-8.740000445721721e-06,0.00011999999696854502
-8.730000445782496e-06,0.00011999999696854502
-8.72000044584327e-06,0.00011999999696854502
-8.710000445904045e-06,0.00011999999696854502
-8.70000044596482e-06,0.00011999999696854502
-8.690000446025595e-06,0.00011999999696854502
-8.68000044608637e-06,0.00011999999696854502
-8.670000446147144e-06,0.00011999999696854502
-8.660000446207919e-06,0.00011999999696854502
-8.650000446268694e-06,0.00011999999696854502
-8.640000446329468e-06,0.00011999999696854502
-8.630000446390243e-06,0.00011999999696854502
-8.620000446451018e-06,0.00011999999696854502
-8.610000446511792e-06,0.00011999999696854502
-8.600000446572567e-06,0.00011999999696854502
-8.590000446633342e-06,0.00011999999696854502
-8.580000446694117e-06,0.00011999999696854502
-8.570000446754891e-06,0.00011999999696854502
-8.560000446815666e-06,7.999999797903001e-05
-8.55000044687644e-06,0.00011999999696854502
-8.540000446937215e-06,0.00011999999696854502
-8.53000044699799e-06,0.00011999999696854502
-8.520000447058765e-06,0.00011999999696854502
-8.51000044711954e-06,0.00011999999696854502
-8.500000447180314e-06,7.999999797903001e-05
-8.490000447241089e-06,7.999999797903001e-05
-8.480000447301864e-06,0.00011999999696854502
-8.470000447362638e-06,7.999999797903001e-05
-8.460000447423413e-06,7.999999797903001e-05
-8.450000447484188e-06,0.00011999999696854502
-8.440000447544962e-06,7.999999797903001e-05
-8.430000447605737e-06,0.00011999999696854502
-8.420000447666512e-06,0.00011999999696854502
-8.410000447727287e-06,0.00011999999696854502
-8.400000447788061e-06,7.999999797903001e-05
-8.390000447848836e-06,7.999999797903001e-05
-8.38000044790961e-06,0.00011999999696854502
-8.370000447970385e-06,0.00011999999696854502
-8.36000044803116e-06,0.00011999999696854502
-8.350000448091935e-06,7.999999797903001e-05
-8.34000044815271e-06,7.999999797903001e-05
-8.330000448213484e-06,0.00011999999696854502
-8.320000448274259e-06,7.999999797903001e-05
-8.310000448335034e-06,0.00011999999696854502
-8.300000448395808e-06,0.00011999999696854502
-8.290000448456583e-06,0.00011999999696854502
-8.280000448517358e-06,0.00011999999696854502
-8.270000448578133e-06,7.999999797903001e-05
-8.260000448638907e-06,0.00011999999696854502
-8.250000448699682e-06,0.00011999999696854502
-8.240000448760457e-06,0.00011999999696854502
-8.230000448821231e-06,0.00011999999696854502
-8.220000448882006e-06,7.999999797903001e-05
-8.21000044894278e-06,7.999999797903001e-05
-8.200000449003556e-06,0.00011999999696854502
-8.19000044906433e-06,0.00011999999696854502
-8.180000449125105e-06,0.00011999999696854502
-8.17000044918588e-06,7.999999797903001e-05
-8.160000449246654e-06,0.00011999999696854502
-8.150000449307429e-06,0.00011999999696854502
-8.140000449368204e-06,0.00011999999696854502
-8.130000449428978e-06,0.00011999999696854502
-8.120000449489753e-06,0.00011999999696854502
-8.110000449550528e-06,0.00011999999696854502
-8.100000449611303e-06,7.999999797903001e-05
-8.090000449672077e-06,0.00011999999696854502
-8.080000449732852e-06,0.00011999999696854502
-8.070000449793627e-06,0.00011999999696854502
-8.060000449854401e-06,0.00011999999696854502
-8.050000449915176e-06,0.00011999999696854502
-8.040000449975951e-06,7.999999797903001e-05
-8.030000450036726e-06,7.999999797903001e-05
-8.0200004500975e-06,0.00011999999696854502
-8.010000450158275e-06,0.00011999999696854502
-8.00000045021905e-06,7.999999797903001e-05
-7.990000450279824e-06,0.00011999999696854502
-7.980000450340599e-06,7.999999797903001e-05
-7.970000450401374e-06,0.00011999999696854502
-7.960000450462149e-06,7.999999797903001e-05
-7.950000450522923e-06,7.999999797903001e-05
-7.940000450583698e-06,0.00011999999696854502
-7.930000450644473e-06,0.00011999999696854502
-7.920000450705247e-06,0.00011999999696854502
-7.910000450766022e-06,7.999999797903001e-05
-7.900000450826797e-06,0.00011999999696854502
-7.890000450887572e-06,0.00011999999696854502
-7.880000450948346e-06,0.00011999999696854502
-7.870000451009121e-06,0.00011999999696854502
-7.860000451069896e-06,0.00011999999696854502
-7.85000045113067e-06,0.00011999999696854502
-7.840000451191445e-06,7.999999797903001e-05
-7.83000045125222e-06,7.999999797903001e-05
-7.820000451312994e-06,0.00011999999696854502
-7.81000045137377e-06,0.00011999999696854502
-7.800000451434544e-06,0.00011999999696854502
-7.790000451495319e-06,0.00011999999696854502
-7.780000451556093e-06,0.00011999999696854502
-7.770000451616868e-06,7.999999797903001e-05
-7.760000451677643e-06,0.00011999999696854502
-7.750000451738417e-06,0.00011999999696854502
-7.740000451799192e-06,0.00011999999696854502
-7.730000451859967e-06,7.999999797903001e-05
-7.720000451920742e-06,7.999999797903001e-05
-7.710000451981516e-06,7.999999797903001e-05
-7.700000452042291e-06,0.00011999999696854502
-7.690000452103066e-06,7.999999797903001e-05
-7.68000045216384e-06,0.00011999999696854502
-7.670000452224615e-06,0.00011999999696854502
-7.66000045228539e-06,7.999999797903001e-05
-7.650000452346165e-06,7.999999797903001e-05
-7.64000045240694e-06,0.00011999999696854502
-7.630000452467714e-06,0.00011999999696854502
-7.620000452528489e-06,7.999999797903001e-05
-7.610000452589263e-06,7.999999797903001e-05
-7.600000452650038e-06,7.999999797903001e-05
-7.590000452710813e-06,0.00011999999696854502
-7.5800004527715875e-06,0.00011999999696854502
-7.570000452832362e-06,0.00011999999696854502
-7.560000452893137e-06,0.00011999999696854502
-7.550000452953912e-06,0.00011999999696854502
-7.540000453014686e-06,7.999999797903001e-05
-7.530000453075461e-06,7.999999797903001e-05
-7.520000453136236e-06,0.00011999999696854502
-7.5100004531970105e-06,0.00011999999696854502
-7.500000453257785e-06,0.00011999999696854502
-7.49000045331856e-06,7.999999797903001e-05
-7.480000453379335e-06,0.00011999999696854502
-7.470000453440109e-06,0.00011999999696854502
-7.460000453500884e-06,0.00011999999696854502
-7.450000453561659e-06,0.00011999999696854502
-7.4400004536224335e-06,0.00011999999696854502
-7.430000453683208e-06,0.00011999999696854502
-7.420000453743983e-06,0.00011999999696854502
-7.410000453804758e-06,7.999999797903001e-05
-7.400000453865532e-06,7.999999797903001e-05
-7.390000453926307e-06,0.00011999999696854502
-7.380000453987082e-06,7.999999797903001e-05
-7.370000454047856e-06,0.00011999999696854502
-7.360000454108631e-06,0.00011999999696854502
-7.350000454169406e-06,0.00011999999696854502
-7.3400004542301805e-06,7.999999797903001e-05
-7.330000454290955e-06,0.00011999999696854502
-7.32000045435173e-06,0.00011999999696854502
-7.310000454412505e-06,0.00011999999696854502
-7.300000454473279e-06,7.999999797903001e-05
-7.290000454534054e-06,7.999999797903001e-05
-7.280000454594829e-06,7.999999797903001e-05
-7.2700004546556035e-06,0.00011999999696854502
-7.260000454716378e-06,7.999999797903001e-05
-7.250000454777153e-06,0.00011999999696854502
-7.240000454837928e-06,0.00011999999696854502
-7.230000454898702e-06,0.00011999999696854502
-7.220000454959477e-06,7.999999797903001e-05
-7.210000455020252e-06,7.999999797903001e-05
-7.2000004550810265e-06,0.00011999999696854502
-7.190000455141801e-06,0.00011999999696854502
-7.180000455202576e-06,0.00011999999696854502
-7.170000455263351e-06,7.999999797903001e-05
-7.160000455324125e-06,7.999999797903001e-05
-7.1500004553849e-06,0.00011999999696854502
-7.140000455445675e-06,0.00011999999696854502
-7.1300004555064495e-06,0.00011999999696854502
-7.120000455567224e-06,7.999999797903001e-05
-7.110000455627999e-06,0.00011999999696854502
-7.100000455688774e-06,0.00011999999696854502
-7.090000455749548e-06,0.00011999999696854502
-7.080000455810323e-06,0.00011999999696854502
-7.070000455871098e-06,0.00011999999696854502
-7.060000455931872e-06,0.00011999999696854502
-7.050000455992647e-06,7.999999797903001e-05
-7.040000456053422e-06,0.00011999999696854502
-7.0300004561141965e-06,0.00011999999696854502
-7.020000456174971e-06,0.00011999999696854502
-7.010000456235746e-06,0.00011999999696854502
-7.000000456296521e-06,7.999999797903001e-05
-6.990000456357295e-06,7.999999797903001e-05
-6.98000045641807e-06,0.00011999999696854502
-6.970000456478845e-06,0.00011999999696854502
-6.9600004565396195e-06,7.999999797903001e-05
-6.950000456600394e-06,7.999999797903001e-05
-6.940000456661169e-06,7.999999797903001e-05
-6.930000456721944e-06,0.00011999999696854502
-6.920000456782718e-06,0.00011999999696854502
-6.910000456843493e-06,0.00011999999696854502
-6.900000456904268e-06,7.999999797903001e-05
-6.8900004569650425e-06,7.999999797903001e-05
-6.880000457025817e-06,7.999999797903001e-05
-6.870000457086592e-06,7.999999797903001e-05
-6.860000457147367e-06,0.00011999999696854502
-6.850000457208141e-06,0.00011999999696854502
-6.840000457268916e-06,7.999999797903001e-05
-6.830000457329691e-06,7.999999797903001e-05
-6.8200004573904655e-06,0.00011999999696854502
-6.81000045745124e-06,0.00011999999696854502
-6.800000457512015e-06,0.00011999999696854502
-6.79000045757279e-06,7.999999797903001e-05
-6.780000457633564e-06,7.999999797903001e-05
-6.770000457694339e-06,0.00011999999696854502
-6.760000457755114e-06,0.00011999999696854502
-6.750000457815888e-06,7.999999797903001e-05
-6.740000457876663e-06,7.999999797903001e-05
-6.730000457937438e-06,7.999999797903001e-05
-6.7200004579982126e-06,0.00011999999696854502
-6.710000458058987e-06,7.999999797903001e-05
-6.700000458119762e-06,0.00011999999696854502
-6.690000458180537e-06,0.00011999999696854502
-6.680000458241311e-06,0.00011999999696854502
-6.670000458302086e-06,0.00011999999696854502
-6.660000458362861e-06,7.999999797903001e-05
-6.6500004584236355e-06,7.999999797903001e-05
-6.64000045848441e-06,0.00011999999696854502
-6.630000458545185e-06,7.999999797903001e-05
-6.62000045860596e-06,0.00011999999696854502
-6.610000458666734e-06,7.999999797903001e-05
-6.600000458727509e-06,0.00011999999696854502
-6.590000458788284e-06,0.00011999999696854502
-6.5800004588490585e-06,0.00011999999696854502
-6.570000458909833e-06,0.00011999999696854502
-6.560000458970608e-06,7.999999797903001e-05
-6.550000459031383e-06,7.999999797903001e-05
-6.540000459092157e-06,0.00011999999696854502
-6.530000459152932e-06,0.00011999999696854502
-6.520000459213707e-06,7.999999797903001e-05
-6.5100004592744815e-06,7.999999797903001e-05
-6.500000459335256e-06,7.999999797903001e-05
-6.490000459396031e-06,7.999999797903001e-05
-6.480000459456806e-06,0.00011999999696854502
-6.47000045951758e-06,0.00011999999696854502
-6.460000459578355e-06,0.00011999999696854502
-6.45000045963913e-06,0.00011999999696854502
-6.440000459699904e-06,7.999999797903001e-05
-6.430000459760679e-06,7.999999797903001e-05
-6.420000459821454e-06,0.00011999999696854502
-6.4100004598822286e-06,0.00011999999696854502
-6.400000459943003e-06,7.999999797903001e-05
-6.390000460003778e-06,0.00011999999696854502
-6.380000460064553e-06,0.00011999999696854502
-6.370000460125327e-06,0.00011999999696854502
-6.360000460186102e-06,0.00011999999696854502
-6.350000460246877e-06,0.00011999999696854502
-6.3400004603076515e-06,0.00011999999696854502
-6.330000460368426e-06,0.00011999999696854502
-6.320000460429201e-06,7.999999797903001e-05
-6.310000460489976e-06,7.999999797903001e-05
-6.30000046055075e-06,0.00011999999696854502
-6.290000460611525e-06,0.00011999999696854502
-6.2800004606723e-06,0.00011999999696854502
-6.2700004607330745e-06,7.999999797903001e-05
-6.260000460793849e-06,0.00011999999696854502
-6.250000460854624e-06,0.00011999999696854502
-6.240000460915399e-06,7.999999797903001e-05
-6.230000460976173e-06,0.00011999999696854502
-6.220000461036948e-06,0.00011999999696854502
-6.210000461097723e-06,0.00011999999696854502
-6.2000004611584975e-06,0.00011999999696854502
-6.190000461219272e-06,7.999999797903001e-05
-6.180000461280047e-06,7.999999797903001e-05
-6.170000461340822e-06,7.999999797903001e-05
-6.160000461401596e-06,0.00011999999696854502
-6.150000461462371e-06,0.00011999999696854502
-6.140000461523146e-06,7.999999797903001e-05
-6.1300004615839204e-06,7.999999797903001e-05
-6.120000461644695e-06,0.00011999999696854502
-6.11000046170547e-06,0.00011999999696854502
-6.1000004617662446e-06,7.999999797903001e-05
-6.090000461827019e-06,0.00011999999696854502
-6.080000461887794e-06,0.00011999999696854502
-6.070000461948569e-06,0.00011999999696854502
-6.060000462009343e-06,7.999999797903001e-05
-6.050000462070118e-06,0.00011999999696854502
-6.040000462130893e-06,0.00011999999696854502
-6.0300004621916675e-06,0.00011999999696854502
-6.020000462252442e-06,0.00011999999696854502
-6.010000462313217e-06,7.999999797903001e-05
-6.000000462373992e-06,0.00011999999696854502
-5.990000462434766e-06,7.999999797903001e-05
-5.980000462495541e-06,7.999999797903001e-05
-5.970000462556316e-06,0.00011999999696854502
-5.9600004626170905e-06,7.999999797903001e-05
-5.950000462677865e-06,0.00011999999696854502
-5.94000046273864e-06,0.00011999999696854502
-5.930000462799415e-06,0.00011999999696854502
-5.920000462860189e-06,7.999999797903001e-05
-5.910000462920964e-06,0.00011999999696854502
-5.900000462981739e-06,0.00011999999696854502
-5.8900004630425135e-06,0.00011999999696854502
-5.880000463103288e-06,0.00011999999696854502
-5.870000463164063e-06,0.00011999999696854502
-5.860000463224838e-06,7.999999797903001e-05
-5.850000463285612e-06,0.00011999999696854502
-5.840000463346387e-06,7.999999797903001e-05
-5.830000463407162e-06,0.00011999999696854502
-5.8200004634679364e-06,0.00011999999696854502
-5.810000463528711e-06,0.00011999999696854502
-5.800000463589486e-06,7.999999797903001e-05
-5.7900004636502606e-06,7.999999797903001e-05
-5.780000463711035e-06,0.00011999999696854502
-5.77000046377181e-06,0.00011999999696854502
-5.760000463832585e-06,0.00011999999696854502
-5.750000463893359e-06,0.00011999999696854502
-5.740000463954134e-06,7.999999797903001e-05
-5.730000464014909e-06,7.999999797903001e-05
-5.7200004640756835e-06,0.00011999999696854502
-5.710000464136458e-06,7.999999797903001e-05
-5.700000464197233e-06,0.00011999999696854502
-5.690000464258008e-06,7.999999797903001e-05
-5.680000464318782e-06,7.999999797903001e-05
-5.670000464379557e-06,0.00011999999696854502
-5.660000464440332e-06,0.00011999999696854502
-5.6500004645011065e-06,7.999999797903001e-05
-5.640000464561881e-06,0.00011999999696854502
-5.630000464622656e-06,0.00011999999696854502
-5.620000464683431e-06,7.999999797903001e-05
-5.610000464744205e-06,7.999999797903001e-05
-5.60000046480498e-06,7.999999797903001e-05
-5.590000464865755e-06,7.999999797903001e-05
-5.5800004649265295e-06,7.999999797903001e-05
-5.570000464987304e-06,0.00011999999696854502
-5.560000465048079e-06,7.999999797903001e-05
-5.550000465108854e-06,0.00011999999696854502
-5.540000465169628e-06,0.00011999999696854502
-5.530000465230403e-06,7.999999797903001e-05
-5.520000465291178e-06,7.999999797903001e-05
-5.5100004653519524e-06,0.00011999999696854502
-5.500000465412727e-06,7.999999797903001e-05
-5.490000465473502e-06,7.999999797903001e-05
-5.4800004655342766e-06,0.00011999999696854502
-5.470000465595051e-06,0.00011999999696854502
-5.460000465655826e-06,0.00011999999696854502
-5.450000465716601e-06,7.999999797903001e-05
-5.440000465777375e-06,7.999999797903001e-05
-5.43000046583815e-06,0.00011999999696854502
-5.420000465898925e-06,0.00011999999696854502
-5.4100004659596995e-06,0.00011999999696854502
-5.400000466020474e-06,7.999999797903001e-05
-5.390000466081249e-06,0.00011999999696854502
-5.380000466142024e-06,0.00011999999696854502
-5.370000466202798e-06,0.00011999999696854502
-5.360000466263573e-06,7.999999797903001e-05
-5.350000466324348e-06,7.999999797903001e-05
-5.3400004663851225e-06,0.00011999999696854502
-5.330000466445897e-06,0.00011999999696854502
-5.320000466506672e-06,0.00011999999696854502
-5.310000466567447e-06,0.00011999999696854502
-5.300000466628221e-06,0.00011999999696854502
-5.290000466688996e-06,0.00011999999696854502
-5.280000466749771e-06,7.999999797903001e-05
-5.2700004668105455e-06,0.00011999999696854502
-5.26000046687132e-06,7.999999797903001e-05
-5.250000466932095e-06,0.00011999999696854502
-5.24000046699287e-06,7.999999797903001e-05
-5.230000467053644e-06,7.999999797903001e-05
-5.220000467114419e-06,0.00011999999696854502
-5.210000467175194e-06,0.00011999999696854502
-5.2000004672359684e-06,7.999999797903001e-05
-5.190000467296743e-06,0.00011999999696854502
-5.180000467357518e-06,7.999999797903001e-05
-5.1700004674182926e-06,7.999999797903001e-05
-5.160000467479067e-06,0.00011999999696854502
-5.150000467539842e-06,0.00011999999696854502
-5.140000467600617e-06,7.999999797903001e-05
-5.130000467661391e-06,0.00011999999696854502
-5.120000467722166e-06,0.00011999999696854502
-5.110000467782941e-06,0.00011999999696854502
-5.1000004678437155e-06,0.00011999999696854502
-5.09000046790449e-06,7.999999797903001e-05
-5.080000467965265e-06,7.999999797903001e-05
-5.07000046802604e-06,0.00011999999696854502
-5.060000468086814e-06,0.00011999999696854502
-5.050000468147589e-06,0.00011999999696854502
-5.040000468208364e-06,0.00011999999696854502
-5.0300004682691385e-06,7.999999797903001e-05
-5.020000468329913e-06,0.00011999999696854502
-5.010000468390688e-06,7.999999797903001e-05
-5.000000468451463e-06,7.999999797903001e-05
-4.990000468512237e-06,0.00011999999696854502
-4.980000468573012e-06,7.999999797903001e-05
-4.970000468633787e-06,0.00011999999696854502
-4.9600004686945615e-06,0.00011999999696854502
-4.950000468755336e-06,0.00011999999696854502
-4.940000468816111e-06,0.00011999999696854502
-4.930000468876886e-06,0.00011999999696854502
-4.92000046893766e-06,7.999999797903001e-05
-4.910000468998435e-06,7.999999797903001e-05
-4.90000046905921e-06,0.00011999999696854502
-4.8900004691199844e-06,0.00011999999696854502
-4.880000469180759e-06,0.00011999999696854502
-4.870000469241534e-06,0.00011999999696854502
-4.8600004693023086e-06,7.999999797903001e-05
-4.850000469363083e-06,7.999999797903001e-05
-4.840000469423858e-06,0.00011999999696854502
-4.830000469484633e-06,0.00011999999696854502
-4.820000469545407e-06,0.00011999999696854502
-4.810000469606182e-06,0.00011999999696854502
-4.800000469666957e-06,0.00011999999696854502
-4.7900004697277315e-06,7.999999797903001e-05
-4.780000469788506e-06,0.00011999999696854502
-4.770000469849281e-06,0.00011999999696854502
-4.760000469910056e-06,0.00011999999696854502
-4.75000046997083e-06,7.999999797903001e-05
-4.740000470031605e-06,7.999999797903001e-05
-4.73000047009238e-06,0.00011999999696854502
-4.7200004701531545e-06,0.00011999999696854502
-4.710000470213929e-06,0.00011999999696854502
-4.700000470274704e-06,7.999999797903001e-05
-4.690000470335479e-06,0.00011999999696854502
-4.680000470396253e-06,0.00011999999696854502
-4.670000470457028e-06,0.00011999999696854502
-4.660000470517803e-06,7.999999797903001e-05
-4.6500004705785775e-06,0.00011999999696854502
-4.640000470639352e-06,7.999999797903001e-05
-4.630000470700127e-06,7.999999797903001e-05
-4.620000470760902e-06,7.999999797903001e-05
-4.610000470821676e-06,0.00011999999696854502
-4.600000470882451e-06,0.00011999999696854502
-4.590000470943226e-06,7.999999797903001e-05
-4.5800004710040004e-06,7.999999797903001e-05
-4.570000471064775e-06,7.999999797903001e-05
-4.56000047112555e-06,7.999999797903001e-05
-4.5500004711863246e-06,0.00011999999696854502
-4.540000471247099e-06,7.999999797903001e-05
-4.530000471307874e-06,0.00011999999696854502
-4.520000471368649e-06,7.999999797903001e-05
-4.510000471429423e-06,7.999999797903001e-05
-4.500000471490198e-06,0.00011999999696854502
-4.490000471550973e-06,0.00011999999696854502
-4.4800004716117475e-06,7.999999797903001e-05
-4.470000471672522e-06,7.999999797903001e-05
-4.460000471733297e-06,7.999999797903001e-05
-4.450000471794072e-06,0.00011999999696854502
-4.440000471854846e-06,0.00011999999696854502
-4.430000471915621e-06,7.999999797903001e-05
-4.420000471976396e-06,7.999999797903001e-05
-4.4100004720371705e-06,7.999999797903001e-05
-4.400000472097945e-06,7.999999797903001e-05
-4.39000047215872e-06,0.00011999999696854502
-4.380000472219495e-06,0.00011999999696854502
-4.370000472280269e-06,0.00011999999696854502
-4.360000472341044e-06,7.999999797903001e-05
-4.350000472401819e-06,7.999999797903001e-05
-4.3400004724625935e-06,7.999999797903001e-05
-4.330000472523368e-06,0.00011999999696854502
-4.320000472584143e-06,0.00011999999696854502
-4.310000472644918e-06,0.00011999999696854502
-4.300000472705692e-06,7.999999797903001e-05
-4.290000472766467e-06,7.999999797903001e-05
-4.280000472827242e-06,0.00011999999696854502
-4.2700004728880164e-06,0.00011999999696854502
-4.260000472948791e-06,0.00011999999696854502
-4.250000473009566e-06,7.999999797903001e-05
-4.2400004730703406e-06,7.999999797903001e-05
-4.230000473131115e-06,7.999999797903001e-05
-4.22000047319189e-06,0.00011999999696854502
-4.210000473252665e-06,0.00011999999696854502
-4.200000473313439e-06,7.999999797903001e-05
-4.190000473374214e-06,0.00011999999696854502
-4.180000473434989e-06,7.999999797903001e-05
-4.1700004734957635e-06,0.00011999999696854502
-4.160000473556538e-06,7.999999797903001e-05
-4.150000473617313e-06,0.00011999999696854502
-4.140000473678088e-06,7.999999797903001e-05
-4.130000473738862e-06,7.999999797903001e-05
-4.120000473799637e-06,0.00011999999696854502
-4.110000473860412e-06,7.999999797903001e-05
-4.1000004739211865e-06,7.999999797903001e-05
-4.090000473981961e-06,0.00011999999696854502
-4.080000474042736e-06,7.999999797903001e-05
-4.070000474103511e-06,7.999999797903001e-05
-4.060000474164285e-06,7.999999797903001e-05
-4.05000047422506e-06,7.999999797903001e-05
-4.040000474285835e-06,0.00011999999696854502
-4.0300004743466095e-06,0.00011999999696854502
-4.020000474407384e-06,7.999999797903001e-05
-4.010000474468159e-06,7.999999797903001e-05
-4.000000474528934e-06,0.00011999999696854502
-3.990000474589708e-06,0.00011999999696854502
-3.980000474650483e-06,7.999999797903001e-05
-3.970000474711258e-06,0.00011999999696854502
-3.9600004747720324e-06,7.999999797903001e-05
-3.950000474832807e-06,7.999999797903001e-05
-3.940000474893582e-06,7.999999797903001e-05
-3.9300004749543566e-06,0.00011999999696854502
-3.920000475015131e-06,7.999999797903001e-05
-3.910000475075906e-06,0.00011999999696854502
-3.900000475136681e-06,7.999999797903001e-05
-3.890000475197455e-06,7.999999797903001e-05
-3.88000047525823e-06,7.999999797903001e-05
-3.870000475319005e-06,7.999999797903001e-05
-3.8600004753797795e-06,7.999999797903001e-05
-3.850000475440554e-06,7.999999797903001e-05
-3.840000475501329e-06,7.999999797903001e-05
-3.830000475562104e-06,7.999999797903001e-05
-3.820000475622878e-06,7.999999797903001e-05
-3.810000475683653e-06,7.999999797903001e-05
-3.8000004757444278e-06,7.999999797903001e-05
-3.7900004758052025e-06,7.999999797903001e-05
-3.780000475865977e-06,7.999999797903001e-05
-3.770000475926752e-06,0.00011999999696854502
-3.7600004759875266e-06,0.00011999999696854502
-3.7500004760483013e-06,7.999999797903001e-05
-3.740000476109076e-06,7.999999797903001e-05
-3.7300004761698508e-06,7.999999797903001e-05
-3.7200004762306255e-06,7.999999797903001e-05
-3.7100004762914e-06,0.00011999999696854502
-3.700000476352175e-06,7.999999797903001e-05
-3.6900004764129496e-06,7.999999797903001e-05
-3.6800004764737243e-06,7.999999797903001e-05
-3.670000476534499e-06,7.999999797903001e-05
-3.6600004765952737e-06,7.999999797903001e-05
-3.6500004766560484e-06,7.999999797903001e-05
-3.640000476716823e-06,0.00011999999696854502
-3.630000476777598e-06,7.999999797903001e-05
-3.6200004768383726e-06,7.999999797903001e-05
-3.6100004768991473e-06,7.999999797903001e-05
-3.600000476959922e-06,0.00011999999696854502
-3.5900004770206967e-06,0.00011999999696854502
-3.5800004770814714e-06,0.00011999999696854502
-3.570000477142246e-06,7.999999797903001e-05
-3.560000477203021e-06,7.999999797903001e-05
-3.5500004772637955e-06,7.999999797903001e-05
-3.5400004773245702e-06,7.999999797903001e-05
-3.530000477385345e-06,7.999999797903001e-05
-3.5200004774461197e-06,7.999999797903001e-05
-3.5100004775068944e-06,7.999999797903001e-05
-3.500000477567669e-06,0.00011999999696854502
-3.4900004776284438e-06,0.00011999999696854502
-3.4800004776892185e-06,0.00011999999696854502
-3.470000477749993e-06,7.999999797903001e-05
-3.460000477810768e-06,7.999999797903001e-05
-3.4500004778715426e-06,0.00011999999696854502
-3.4400004779323173e-06,0.00011999999696854502
-3.430000477993092e-06,0.00011999999696854502
-3.4200004780538668e-06,0.00011999999696854502
-3.4100004781146415e-06,7.999999797903001e-05
-3.400000478175416e-06,7.999999797903001e-05
-3.390000478236191e-06,7.999999797903001e-05
-3.3800004782969656e-06,0.00011999999696854502
-3.3700004783577403e-06,0.00011999999696854502
-3.360000478418515e-06,0.00011999999696854502
-3.3500004784792897e-06,0.00011999999696854502
-3.3400004785400644e-06,7.999999797903001e-05
-3.330000478600839e-06,7.999999797903001e-05
-3.320000478661614e-06,0.00011999999696854502
-3.3100004787223886e-06,0.00011999999696854502
-3.3000004787831633e-06,7.999999797903001e-05
-3.290000478843938e-06,7.999999797903001e-05
-3.2800004789047127e-06,7.999999797903001e-05
-3.2700004789654874e-06,0.00011999999696854502
-3.260000479026262e-06,0.00011999999696854502
-3.250000479087037e-06,7.999999797903001e-05
-3.2400004791478115e-06,7.999999797903001e-05
-3.2300004792085862e-06,7.999999797903001e-05
-3.220000479269361e-06,0.00011999999696854502
-3.2100004793301357e-06,0.00011999999696854502
-3.2000004793909104e-06,0.00011999999696854502
-3.190000479451685e-06,7.999999797903001e-05
-3.1800004795124598e-06,7.999999797903001e-05
-3.1700004795732345e-06,7.999999797903001e-05
-3.160000479634009e-06,0.00011999999696854502
-3.150000479694784e-06,0.00011999999696854502
-3.1400004797555586e-06,0.00011999999696854502
-3.1300004798163333e-06,7.999999797903001e-05
-3.120000479877108e-06,7.999999797903001e-05
-3.1100004799378828e-06,0.00011999999696854502
-3.1000004799986575e-06,0.00011999999696854502
-3.090000480059432e-06,7.999999797903001e-05
-3.080000480120207e-06,0.00011999999696854502
-3.0700004801809816e-06,0.00011999999696854502
-3.0600004802417563e-06,7.999999797903001e-05
-3.050000480302531e-06,7.999999797903001e-05
-3.0400004803633057e-06,7.999999797903001e-05
-3.0300004804240804e-06,0.00011999999696854502
-3.020000480484855e-06,7.999999797903001e-05
-3.01000048054563e-06,7.999999797903001e-05
-3.0000004806064046e-06,7.999999797903001e-05
-2.9900004806671793e-06,0.00011999999696854502
-2.980000480727954e-06,0.00011999999696854502
-2.9700004807887287e-06,0.00011999999696854502
-2.9600004808495034e-06,7.999999797903001e-05
-2.950000480910278e-06,7.999999797903001e-05
-2.940000480971053e-06,7.999999797903001e-05
-2.9300004810318275e-06,7.999999797903001e-05
-2.9200004810926022e-06,0.00011999999696854502
-2.910000481153377e-06,0.00011999999696854502
-2.9000004812141517e-06,0.00011999999696854502
-2.8900004812749264e-06,7.999999797903001e-05
-2.880000481335701e-06,7.999999797903001e-05
-2.870000481396476e-06,0.00011999999696854502
-2.8600004814572505e-06,0.00011999999696854502
-2.850000481518025e-06,0.00011999999696854502
-2.8400004815788e-06,7.999999797903001e-05
-2.8300004816395746e-06,0.00011999999696854502
-2.8200004817003493e-06,7.999999797903001e-05
-2.810000481761124e-06,7.999999797903001e-05
-2.8000004818218988e-06,7.999999797903001e-05
-2.7900004818826735e-06,0.00011999999696854502
-2.780000481943448e-06,0.00011999999696854502
-2.770000482004223e-06,7.999999797903001e-05
-2.7600004820649976e-06,7.999999797903001e-05
-2.7500004821257723e-06,0.00011999999696854502
-2.740000482186547e-06,7.999999797903001e-05
-2.7300004822473217e-06,7.999999797903001e-05
-2.7200004823080964e-06,0.00011999999696854502
-2.710000482368871e-06,7.999999797903001e-05
-2.700000482429646e-06,0.00011999999696854502
-2.6900004824904206e-06,7.999999797903001e-05
-2.6800004825511953e-06,7.999999797903001e-05
-2.67000048261197e-06,7.999999797903001e-05
-2.6600004826727447e-06,7.999999797903001e-05
-2.6500004827335194e-06,0.00011999999696854502
-2.640000482794294e-06,7.999999797903001e-05
-2.630000482855069e-06,7.999999797903001e-05
-2.6200004829158435e-06,7.999999797903001e-05
-2.6100004829766182e-06,7.999999797903001e-05
-2.600000483037393e-06,7.999999797903001e-05
-2.5900004830981677e-06,0.00011999999696854502
-2.5800004831589424e-06,7.999999797903001e-05
-2.570000483219717e-06,0.00011999999696854502
-2.560000483280492e-06,7.999999797903001e-05
-2.5500004833412665e-06,7.999999797903001e-05
-2.540000483402041e-06,7.999999797903001e-05
-2.530000483462816e-06,7.999999797903001e-05
-2.5200004835235906e-06,7.999999797903001e-05
-2.5100004835843653e-06,0.00011999999696854502
-2.50000048364514e-06,7.999999797903001e-05
-2.4900004837059148e-06,7.999999797903001e-05
-2.4800004837666895e-06,7.999999797903001e-05
-2.470000483827464e-06,7.999999797903001e-05
-2.460000483888239e-06,0.00011999999696854502
-2.4500004839490136e-06,0.00011999999696854502
-2.4400004840097883e-06,7.999999797903001e-05
-2.430000484070563e-06,7.999999797903001e-05
-2.4200004841313377e-06,7.999999797903001e-05
-2.4100004841921124e-06,0.00011999999696854502
-2.400000484252887e-06,7.999999797903001e-05
-2.390000484313662e-06,0.00011999999696854502
-2.3800004843744366e-06,7.999999797903001e-05
-2.3700004844352113e-06,0.00011999999696854502
-2.360000484495986e-06,7.999999797903001e-05
-2.3500004845567607e-06,7.999999797903001e-05
-2.3400004846175354e-06,0.00011999999696854502
-2.33000048467831e-06,0.00011999999696854502
-2.320000484739085e-06,7.999999797903001e-05
-2.3100004847998595e-06,7.999999797903001e-05
-2.3000004848606342e-06,7.999999797903001e-05
-2.290000484921409e-06,0.00011999999696854502
-2.2800004849821837e-06,7.999999797903001e-05
-2.2700004850429584e-06,7.999999797903001e-05
-2.260000485103733e-06,0.00011999999696854502
-2.250000485164508e-06,0.00011999999696854502
-2.2400004852252825e-06,0.00011999999696854502
-2.230000485286057e-06,7.999999797903001e-05
-2.220000485346832e-06,0.00011999999696854502
-2.2100004854076066e-06,7.999999797903001e-05
-2.2000004854683813e-06,0.00011999999696854502
-2.190000485529156e-06,7.999999797903001e-05
-2.1800004855899308e-06,7.999999797903001e-05
-2.1700004856507055e-06,0.00011999999696854502
-2.16000048571148e-06,7.999999797903001e-05
-2.150000485772255e-06,7.999999797903001e-05
-2.1400004858330296e-06,7.999999797903001e-05
-2.1300004858938043e-06,7.999999797903001e-05
-2.120000485954579e-06,0.00011999999696854502
-2.1100004860153537e-06,7.999999797903001e-05
-2.1000004860761284e-06,7.999999797903001e-05
-2.090000486136903e-06,7.999999797903001e-05
-2.080000486197678e-06,0.00011999999696854502
-2.0700004862584526e-06,7.999999797903001e-05
-2.0600004863192273e-06,7.999999797903001e-05
-2.050000486380002e-06,0.00011999999696854502
-2.0400004864407767e-06,0.00011999999696854502
-2.0300004865015514e-06,0.00011999999696854502
-2.020000486562326e-06,7.999999797903001e-05
-2.010000486623101e-06,7.999999797903001e-05
-2.0000004866838755e-06,0.00011999999696854502
-1.9900004867446502e-06,7.999999797903001e-05
-1.980000486805425e-06,7.999999797903001e-05
-1.9700004868661997e-06,7.999999797903001e-05
-1.9600004869269744e-06,0.00011999999696854502
-1.950000486987749e-06,7.999999797903001e-05
-1.940000487048524e-06,7.999999797903001e-05
-1.9300004871092985e-06,7.999999797903001e-05
-1.920000487170073e-06,0.00011999999696854502
-1.910000487230848e-06,0.00011999999696854502
-1.9000004872916226e-06,7.999999797903001e-05
-1.8900004873523973e-06,7.999999797903001e-05
-1.880000487413172e-06,0.00011999999696854502
-1.8700004874739468e-06,0.00011999999696854502
-1.8600004875347215e-06,0.00011999999696854502
-1.8500004875954962e-06,7.999999797903001e-05
-1.8400004876562709e-06,0.00011999999696854502
-1.8300004877170456e-06,0.00011999999696854502
-1.8200004877778203e-06,0.00011999999696854502
-1.810000487838595e-06,7.999999797903001e-05
-1.8000004878993697e-06,0.00011999999696854502
-1.7900004879601444e-06,0.00011999999696854502
-1.7800004880209191e-06,0.00011999999696854502
-1.7700004880816939e-06,0.00011999999696854502
-1.7600004881424686e-06,7.999999797903001e-05
-1.7500004882032433e-06,7.999999797903001e-05
-1.740000488264018e-06,7.999999797903001e-05
-1.7300004883247927e-06,7.999999797903001e-05
-1.7200004883855674e-06,7.999999797903001e-05
-1.7100004884463421e-06,0.00011999999696854502
-1.7000004885071168e-06,0.00011999999696854502
-1.6900004885678915e-06,0.00011999999696854502
-1.6800004886286662e-06,0.00011999999696854502
-1.670000488689441e-06,7.999999797903001e-05
-1.6600004887502157e-06,7.999999797903001e-05
-1.6500004888109904e-06,7.999999797903001e-05
-1.640000488871765e-06,0.00011999999696854502
-1.6300004889325398e-06,0.00011999999696854502
-1.6200004889933145e-06,7.999999797903001e-05
-1.6100004890540892e-06,0.00011999999696854502
-1.600000489114864e-06,7.999999797903001e-05
-1.5900004891756386e-06,7.999999797903001e-05
-1.5800004892364133e-06,7.999999797903001e-05
-1.570000489297188e-06,7.999999797903001e-05
-1.5600004893579628e-06,0.00011999999696854502
-1.5500004894187375e-06,0.00011999999696854502
-1.5400004894795122e-06,7.999999797903001e-05
-1.5300004895402869e-06,0.00011999999696854502
-1.5200004896010616e-06,0.00011999999696854502
-1.5100004896618363e-06,0.00011999999696854502
-1.500000489722611e-06,7.999999797903001e-05
-1.4900004897833857e-06,0.00011999999696854502
-1.4800004898441604e-06,0.00011999999696854502
-1.4700004899049351e-06,0.00011999999696854502
-1.4600004899657099e-06,7.999999797903001e-05
-1.4500004900264846e-06,7.999999797903001e-05
-1.4400004900872593e-06,0.00011999999696854502
-1.430000490148034e-06,0.00011999999696854502
-1.4200004902088087e-06,7.999999797903001e-05
-1.4100004902695834e-06,0.00011999999696854502
-1.4000004903303581e-06,0.00011999999696854502
-1.3900004903911328e-06,0.00011999999696854502
-1.3800004904519075e-06,7.999999797903001e-05
-1.3700004905126822e-06,7.999999797903001e-05
-1.360000490573457e-06,7.999999797903001e-05
-1.3500004906342317e-06,7.999999797903001e-05
-1.3400004906950064e-06,7.999999797903001e-05
-1.330000490755781e-06,7.999999797903001e-05
-1.3200004908165558e-06,7.999999797903001e-05
-1.3100004908773305e-06,7.999999797903001e-05
-1.3000004909381052e-06,0.00011999999696854502
-1.29000049099888e-06,7.999999797903001e-05
-1.2800004910596546e-06,7.999999797903001e-05
-1.2700004911204293e-06,0.00011999999696854502
-1.260000491181204e-06,0.00011999999696854502
-1.2500004912419788e-06,0.00011999999696854502
-1.2400004913027535e-06,0.00011999999696854502
-1.2300004913635282e-06,7.999999797903001e-05
-1.2200004914243029e-06,7.999999797903001e-05
-1.2100004914850776e-06,7.999999797903001e-05
-1.2000004915458523e-06,7.999999797903001e-05
-1.190000491606627e-06,7.999999797903001e-05
-1.1800004916674017e-06,7.999999797903001e-05
-1.1700004917281764e-06,7.999999797903001e-05
-1.1600004917889511e-06,7.999999797903001e-05
-1.1500004918497259e-06,0.00011999999696854502
-1.1400004919105006e-06,7.999999797903001e-05
-1.1300004919712753e-06,7.999999797903001e-05
-1.12000049203205e-06,7.999999797903001e-05
-1.1100004920928247e-06,7.999999797903001e-05
-1.1000004921535994e-06,0.00011999999696854502
-1.0900004922143741e-06,0.00011999999696854502
-1.0800004922751488e-06,0.00011999999696854502
-1.0700004923359235e-06,7.999999797903001e-05
-1.0600004923966982e-06,7.999999797903001e-05
-1.050000492457473e-06,7.999999797903001e-05
-1.0400004925182477e-06,7.999999797903001e-05
-1.0300004925790224e-06,0.00011999999696854502
-1.020000492639797e-06,0.00011999999696854502
-1.0100004927005718e-06,7.999999797903001e-05
-1.0000004927613465e-06,7.999999797903001e-05
-9.900004928221212e-07,7.999999797903001e-05
-9.80000492882896e-07,7.999999797903001e-05
-9.700004929436706e-07,7.999999797903001e-05
-9.600004930044453e-07,7.999999797903001e-05
-9.500004930652201e-07,7.999999797903001e-05
-9.400004931259948e-07,7.999999797903001e-05
-9.300004931867695e-07,0.00011999999696854502
-9.200004932475442e-07,7.999999797903001e-05
-9.100004933083189e-07,7.999999797903001e-05
-9.000004933690936e-07,0.00011999999696854502
-8.900004934298683e-07,0.00011999999696854502
-8.80000493490643e-07,7.999999797903001e-05
-8.700004935514177e-07,7.999999797903001e-05
-8.600004936121924e-07,0.00011999999696854502
-8.500004936729672e-07,7.999999797903001e-05
-8.400004937337419e-07,7.999999797903001e-05
-8.300004937945166e-07,7.999999797903001e-05
-8.200004938552913e-07,0.00011999999696854502
-8.10000493916066e-07,0.00011999999696854502
-8.000004939768407e-07,7.999999797903001e-05
-7.900004940376154e-07,0.00011999999696854502
-7.800004940983901e-07,0.00011999999696854502
-7.700004941591648e-07,0.00011999999696854502
-7.600004942199395e-07,0.00011999999696854502
-7.500004942807142e-07,7.999999797903001e-05
-7.40000494341489e-07,0.00011999999696854502
-7.300004944022637e-07,7.999999797903001e-05
-7.200004944630384e-07,7.999999797903001e-05
-7.100004945238131e-07,0.00011999999696854502
-7.000004945845878e-07,0.00011999999696854502
-6.900004946453625e-07,7.999999797903001e-05
-6.800004947061372e-07,7.999999797903001e-05
-6.700004947669119e-07,0.00011999999696854502
-6.600004948276866e-07,0.00011999999696854502
-6.500004948884613e-07,7.999999797903001e-05
-6.400004949492361e-07,7.999999797903001e-05
-6.300004950100108e-07,7.999999797903001e-05
-6.200004950707855e-07,0.00011999999696854502
-6.100004951315602e-07,0.00011999999696854502
-6.000004951923349e-07,7.999999797903001e-05
-5.900004952531096e-07,7.999999797903001e-05
-5.800004953138843e-07,7.999999797903001e-05
-5.70000495374659e-07,0.00011999999696854502
-5.600004954354337e-07,7.999999797903001e-05
-5.500004954962084e-07,7.999999797903001e-05
-5.400004955569832e-07,0.00011999999696854502
-5.300004956177579e-07,7.999999797903001e-05
-5.200004956785326e-07,7.999999797903001e-05
-5.100004957393073e-07,7.999999797903001e-05
-5.00000495800082e-07,7.999999797903001e-05
-4.900004958608567e-07,7.999999797903001e-05
-4.800004959216314e-07,0.00011999999696854502
-4.700004959824061e-07,7.999999797903001e-05
-4.6000049604318083e-07,7.999999797903001e-05
-4.5000049610395554e-07,7.999999797903001e-05
-4.4000049616473025e-07,7.999999797903001e-05
-4.3000049622550496e-07,7.999999797903001e-05
-4.2000049628627967e-07,0.00011999999696854502
-4.100004963470544e-07,0.00011999999696854502
-4.000004964078291e-07,7.999999797903001e-05
-3.900004964686038e-07,7.999999797903001e-05
-3.800004965293785e-07,7.999999797903001e-05
-3.700004965901532e-07,7.999999797903001e-05
-3.600004966509279e-07,0.00011999999696854502
-3.5000049671170264e-07,0.00011999999696854502
-3.4000049677247735e-07,7.999999797903001e-05
-3.3000049683325205e-07,0.00011999999696854502
-3.2000049689402676e-07,0.00011999999696854502
-3.100004969548015e-07,7.999999797903001e-05
-3.000004970155762e-07,7.999999797903001e-05
-2.900004970763509e-07,0.00011999999696854502
-2.800004971371256e-07,7.999999797903001e-05
-2.700004971979003e-07,7.999999797903001e-05
-2.60000497258675e-07,7.999999797903001e-05
-2.5000049731944973e-07,0.00011999999696854502
-2.4000049738022444e-07,7.999999797903001e-05
-2.3000049744099915e-07,7.999999797903001e-05
-2.2000049750177386e-07,0.00011999999696854502
-2.1000049756254857e-07,0.00011999999696854502
-2.0000049762332328e-07,0.00011999999696854502
-1.90000497684098e-07,0.00011999999696854502
-1.800004977448727e-07,7.999999797903001e-05
-1.700004978056474e-07,7.999999797903001e-05
-1.6000049786642212e-07,7.999999797903001e-05
-1.5000049792719683e-07,7.999999797903001e-05
-1.4000049798797154e-07,7.999999797903001e-05
-1.3000049804874625e-07,7.999999797903001e-05
-1.2000049810952096e-07,0.00011999999696854502
-1.1000049817029567e-07,7.999999797903001e-05
-1.0000049823107038e-07,7.999999797903001e-05
-9.000049829184509e-08,0.00011999999696854502
-8.00004983526198e-08,0.00011999999696854502
-7.000049841339451e-08,0.00011999999696854502
-6.000049847416922e-08,7.999999797903001e-05
-5.000049853494393e-08,7.999999797903001e-05
-4.0000498595718637e-08,0.00011999999696854502
-3.0000498656493346e-08,7.999999797903001e-05
-2.0000498717268056e-08,7.999999797903001e-05
-1.0000498778042766e-08,7.999999797903001e-05
-4.988388174753666e-13,3.9999998989515007e-05
9.999501100407815e-09,0.00011999999696854502
1.9999501039633105e-08,0.00027999999292660505
2.9999500978858396e-08,3.9999998989515007e-05
3.9999500918083686e-08,-7.999999797903001e-05
4.9999500857308976e-08,0.00011999999696854502
5.999950079653427e-08,0.00015999999595806003
6.999950073575956e-08,0.00019999999494757503
7.999950067498485e-08,0.00015999999595806003
8.999950061421014e-08,3.9999998989515007e-05
9.999950055343543e-08,3.9999998989515007e-05
1.0999950049266072e-07,0.00011999999696854502
1.19999500431886e-07,0.00015999999595806003
1.299995003711113e-07,0.00011999999696854502
1.399995003103366e-07,3.9999998989515007e-05
1.4999950024956188e-07,7.999999797903001e-05
1.5999950018878717e-07,0.00015999999595806003
1.6999950012801246e-07,0.00011999999696854502
1.7999950006723775e-07,3.9999998989515007e-05
1.8999950000646304e-07,0.00011999999696854502
1.9999949994568833e-07,0.00011999999696854502
2.0999949988491362e-07,0.00011999999696854502
2.199994998241389e-07,7.999999797903001e-05
2.299994997633642e-07,3.9999998989515007e-05
2.399994997025895e-07,0.00015999999595806003
2.499994996418148e-07,0.00011999999696854502
2.5999949958104007e-07,7.999999797903001e-05
2.6999949952026536e-07,7.999999797903001e-05
2.7999949945949065e-07,0.00011999999696854502
2.8999949939871594e-07,0.00011999999696854502
2.9999949933794123e-07,7.999999797903001e-05
3.099994992771665e-07,7.999999797903001e-05
3.199994992163918e-07,0.00011999999696854502
3.299994991556171e-07,7.999999797903001e-05
3.399994990948424e-07,7.999999797903001e-05
3.499994990340677e-07,7.999999797903001e-05
3.59999498973293e-07,0.00011999999696854502
3.6999949891251827e-07,0.00011999999696854502
3.7999949885174356e-07,7.999999797903001e-05
3.8999949879096885e-07,7.999999797903001e-05
3.9999949873019414e-07,7.999999797903001e-05
4.0999949866941943e-07,0.00011999999696854502
4.199994986086447e-07,0.00011999999696854502
4.2999949854787e-07,0.00011999999696854502
4.399994984870953e-07,7.999999797903001e-05
4.499994984263206e-07,7.999999797903001e-05
4.599994983655459e-07,7.999999797903001e-05
4.6999949830477117e-07,7.999999797903001e-05
4.799994982439965e-07,7.999999797903001e-05
4.899994981832217e-07,7.999999797903001e-05
4.99999498122447e-07,7.999999797903001e-05
5.099994980616723e-07,0.00011999999696854502
5.199994980008976e-07,7.999999797903001e-05
5.299994979401229e-07,0.00011999999696854502
5.399994978793482e-07,7.999999797903001e-05
5.499994978185735e-07,0.00011999999696854502
5.599994977577988e-07,7.999999797903001e-05
5.699994976970241e-07,7.999999797903001e-05
5.799994976362494e-07,7.999999797903001e-05
5.899994975754747e-07,0.00011999999696854502
5.999994975146999e-07,0.00011999999696854502
6.099994974539252e-07,0.00011999999696854502
6.199994973931505e-07,7.999999797903001e-05
6.299994973323758e-07,7.999999797903001e-05
6.399994972716011e-07,0.00011999999696854502
6.499994972108264e-07,0.00011999999696854502
6.599994971500517e-07,7.999999797903001e-05
6.69999497089277e-07,7.999999797903001e-05
6.799994970285023e-07,7.999999797903001e-05
6.899994969677276e-07,7.999999797903001e-05
6.999994969069528e-07,7.999999797903001e-05
7.099994968461781e-07,0.00011999999696854502
7.199994967854034e-07,0.00011999999696854502
7.299994967246287e-07,7.999999797903001e-05
7.39999496663854e-07,7.999999797903001e-05
7.499994966030793e-07,7.999999797903001e-05
7.599994965423046e-07,7.999999797903001e-05
7.699994964815299e-07,0.00011999999696854502
7.799994964207552e-07,7.999999797903001e-05
7.899994963599805e-07,7.999999797903001e-05
7.999994962992057e-07,7.999999797903001e-05
8.09999496238431e-07,7.999999797903001e-05
8.199994961776563e-07,7.999999797903001e-05
8.299994961168816e-07,7.999999797903001e-05
8.399994960561069e-07,7.999999797903001e-05
8.499994959953322e-07,7.999999797903001e-05
8.599994959345575e-07,7.999999797903001e-05
8.699994958737828e-07,7.999999797903001e-05
8.799994958130081e-07,7.999999797903001e-05
8.899994957522334e-07,0.00011999999696854502
8.999994956914587e-07,0.00011999999696854502
9.099994956306839e-07,7.999999797903001e-05
9.199994955699092e-07,7.999999797903001e-05
9.299994955091345e-07,7.999999797903001e-05
9.399994954483598e-07,7.999999797903001e-05
9.499994953875851e-07,7.999999797903001e-05
9.599994953268104e-07,7.999999797903001e-05
9.699994952660357e-07,0.00011999999696854502
9.79999495205261e-07,0.00011999999696854502
9.899994951444863e-07,7.999999797903001e-05
9.999994950837116e-07,7.999999797903001e-05
1.0099994950229368e-06,7.999999797903001e-05
1.0199994949621621e-06,7.999999797903001e-05
1.0299994949013874e-06,7.999999797903001e-05
1.0399994948406127e-06,0.00011999999696854502
1.049999494779838e-06,0.00011999999696854502
1.0599994947190633e-06,0.00011999999696854502
1.0699994946582886e-06,7.999999797903001e-05
1.0799994945975139e-06,7.999999797903001e-05
1.0899994945367392e-06,0.00011999999696854502
1.0999994944759645e-06,0.00011999999696854502
1.1099994944151897e-06,0.00011999999696854502
1.119999494354415e-06,7.999999797903001e-05
1.1299994942936403e-06,0.00011999999696854502
1.1399994942328656e-06,0.00011999999696854502
1.149999494172091e-06,7.999999797903001e-05
1.1599994941113162e-06,0.00011999999696854502
1.1699994940505415e-06,7.999999797903001e-05
1.1799994939897668e-06,7.999999797903001e-05
1.189999493928992e-06,7.999999797903001e-05
1.1999994938682174e-06,7.999999797903001e-05
1.2099994938074426e-06,7.999999797903001e-05
1.219999493746668e-06,7.999999797903001e-05
1.2299994936858932e-06,7.999999797903001e-05
1.2399994936251185e-06,0.00011999999696854502
1.2499994935643438e-06,0.00011999999696854502
1.259999493503569e-06,0.00011999999696854502
1.2699994934427944e-06,0.00011999999696854502
1.2799994933820197e-06,7.999999797903001e-05
1.289999493321245e-06,7.999999797903001e-05
1.2999994932604703e-06,7.999999797903001e-05
1.3099994931996956e-06,7.999999797903001e-05
1.3199994931389208e-06,7.999999797903001e-05
1.3299994930781461e-06,0.00011999999696854502
1.3399994930173714e-06,0.00011999999696854502
1.3499994929565967e-06,7.999999797903001e-05
1.359999492895822e-06,7.999999797903001e-05
1.3699994928350473e-06,7.999999797903001e-05
1.3799994927742726e-06,0.00011999999696854502
1.3899994927134979e-06,0.00011999999696854502
1.3999994926527232e-06,7.999999797903001e-05
1.4099994925919485e-06,0.00011999999696854502
1.4199994925311737e-06,0.00011999999696854502
1.429999492470399e-06,0.00011999999696854502
1.4399994924096243e-06,0.00011999999696854502
1.4499994923488496e-06,7.999999797903001e-05
1.459999492288075e-06,7.999999797903001e-05
1.4699994922273002e-06,0.00011999999696854502
1.4799994921665255e-06,7.999999797903001e-05
1.4899994921057508e-06,7.999999797903001e-05
1.499999492044976e-06,0.00011999999696854502
1.5099994919842014e-06,0.00011999999696854502
1.5199994919234266e-06,0.00011999999696854502
1.529999491862652e-06,7.999999797903001e-05
1.5399994918018772e-06,7.999999797903001e-05
1.5499994917411025e-06,7.999999797903001e-05
1.5599994916803278e-06,7.999999797903001e-05
1.569999491619553e-06,0.00011999999696854502
1.5799994915587784e-06,7.999999797903001e-05
1.5899994914980037e-06,0.00011999999696854502
1.599999491437229e-06,7.999999797903001e-05
1.6099994913764543e-06,0.00011999999696854502
1.6199994913156796e-06,0.00011999999696854502
1.6299994912549048e-06,0.00011999999696854502
1.6399994911941301e-06,0.00011999999696854502
1.6499994911333554e-06,7.999999797903001e-05
1.6599994910725807e-06,7.999999797903001e-05
1.669999491011806e-06,7.999999797903001e-05
1.6799994909510313e-06,7.999999797903001e-05
1.6899994908902566e-06,7.999999797903001e-05
1.6999994908294819e-06,7.999999797903001e-05
1.7099994907687072e-06,0.00011999999696854502
1.7199994907079325e-06,0.00011999999696854502
1.7299994906471577e-06,0.00011999999696854502
1.739999490586383e-06,0.00011999999696854502
1.7499994905256083e-06,0.00011999999696854502
1.7599994904648336e-06,7.999999797903001e-05
1.769999490404059e-06,0.00011999999696854502
1.7799994903432842e-06,0.00011999999696854502
1.7899994902825095e-06,0.00011999999696854502
1.7999994902217348e-06,7.999999797903001e-05
1.80999949016096e-06,7.999999797903001e-05
1.8199994901001854e-06,7.999999797903001e-05
1.8299994900394106e-06,0.00011999999696854502
1.839999489978636e-06,0.00011999999696854502
1.8499994899178612e-06,0.00011999999696854502
1.8599994898570865e-06,0.00011999999696854502
1.8699994897963118e-06,7.999999797903001e-05
1.879999489735537e-06,7.999999797903001e-05
1.8899994896747624e-06,7.999999797903001e-05
1.8999994896139877e-06,0.00011999999696854502
1.909999489553213e-06,0.00011999999696854502
1.9199994894924383e-06,7.999999797903001e-05
1.9299994894316636e-06,0.00011999999696854502
1.939999489370889e-06,0.00011999999696854502
1.949999489310114e-06,0.00011999999696854502
1.9599994892493394e-06,7.999999797903001e-05
1.9699994891885647e-06,7.999999797903001e-05
1.97999948912779e-06,0.00011999999696854502
1.9899994890670153e-06,7.999999797903001e-05
1.9999994890062406e-06,0.00011999999696854502
2.009999488945466e-06,0.00011999999696854502
2.019999488884691e-06,0.00011999999696854502
2.0299994888239165e-06,0.00011999999696854502
2.0399994887631417e-06,7.999999797903001e-05
2.049999488702367e-06,0.00011999999696854502
2.0599994886415923e-06,0.00011999999696854502
2.0699994885808176e-06,0.00011999999696854502
2.079999488520043e-06,0.00011999999696854502
2.089999488459268e-06,7.999999797903001e-05
2.0999994883984935e-06,0.00011999999696854502
2.1099994883377188e-06,0.00011999999696854502
2.119999488276944e-06,0.00011999999696854502
2.1299994882161694e-06,0.00011999999696854502
2.1399994881553946e-06,0.00011999999696854502
2.14999948809462e-06,0.00011999999696854502
2.1599994880338452e-06,7.999999797903001e-05
2.1699994879730705e-06,0.00011999999696854502
2.179999487912296e-06,0.00011999999696854502
2.189999487851521e-06,0.00011999999696854502
2.1999994877907464e-06,7.999999797903001e-05
2.2099994877299717e-06,0.00011999999696854502
2.219999487669197e-06,0.00011999999696854502
2.2299994876084223e-06,0.00011999999696854502
2.2399994875476475e-06,0.00011999999696854502
2.249999487486873e-06,0.00011999999696854502
2.259999487426098e-06,0.00011999999696854502
2.2699994873653234e-06,7.999999797903001e-05
2.2799994873045487e-06,0.00011999999696854502
2.289999487243774e-06,0.00011999999696854502
2.2999994871829993e-06,0.00011999999696854502
2.3099994871222246e-06,0.00011999999696854502
2.31999948706145e-06,0.00011999999696854502
2.329999487000675e-06,0.00011999999696854502
2.3399994869399005e-06,0.00011999999696854502
2.3499994868791257e-06,0.00011999999696854502
2.359999486818351e-06,0.00011999999696854502
2.3699994867575763e-06,0.00011999999696854502
2.3799994866968016e-06,0.00011999999696854502
2.389999486636027e-06,0.00011999999696854502
2.399999486575252e-06,0.00011999999696854502
2.4099994865144775e-06,0.00011999999696854502
2.4199994864537028e-06,0.00011999999696854502
2.429999486392928e-06,0.00011999999696854502
2.4399994863321534e-06,0.00011999999696854502
2.4499994862713786e-06,0.00011999999696854502
2.459999486210604e-06,0.00011999999696854502
2.4699994861498292e-06,0.00011999999696854502
2.4799994860890545e-06,0.00011999999696854502
2.48999948602828e-06,0.00011999999696854502
2.499999485967505e-06,0.00011999999696854502
2.5099994859067304e-06,0.00015999999595806003
2.5199994858459557e-06,0.00011999999696854502
2.529999485785181e-06,0.00011999999696854502
2.5399994857244063e-06,0.00011999999696854502
2.5499994856636315e-06,0.00011999999696854502
2.559999485602857e-06,0.00011999999696854502
2.569999485542082e-06,0.00011999999696854502
2.5799994854813074e-06,0.00011999999696854502
2.5899994854205327e-06,0.00011999999696854502
2.599999485359758e-06,0.00011999999696854502
2.6099994852989833e-06,0.00011999999696854502
2.6199994852382086e-06,0.00011999999696854502
2.629999485177434e-06,0.00011999999696854502
2.639999485116659e-06,0.00015999999595806003
2.6499994850558845e-06,0.00011999999696854502
2.6599994849951097e-06,0.00011999999696854502
2.669999484934335e-06,0.00011999999696854502
2.6799994848735603e-06,0.00015999999595806003
2.6899994848127856e-06,0.00011999999696854502
2.699999484752011e-06,0.00011999999696854502
2.709999484691236e-06,0.00011999999696854502
2.7199994846304615e-06,0.00011999999696854502
2.7299994845696868e-06,0.00015999999595806003
2.739999484508912e-06,0.00011999999696854502
2.7499994844481374e-06,0.00011999999696854502
2.7599994843873626e-06,0.00015999999595806003
2.769999484326588e-06,0.00011999999696854502
2.7799994842658132e-06,0.00015999999595806003
2.7899994842050385e-06,0.00015999999595806003
2.799999484144264e-06,0.00015999999595806003
2.809999484083489e-06,0.00011999999696854502
2.8199994840227144e-06,0.00015999999595806003
2.8299994839619397e-06,0.00011999999696854502
2.839999483901165e-06,0.00015999999595806003
2.8499994838403903e-06,0.00015999999595806003
2.8599994837796155e-06,0.00015999999595806003
2.869999483718841e-06,0.00011999999696854502
2.879999483658066e-06,0.00015999999595806003
2.8899994835972914e-06,0.00015999999595806003
2.8999994835365167e-06,0.00015999999595806003
2.909999483475742e-06,0.00015999999595806003
2.9199994834149673e-06,0.00015999999595806003
2.9299994833541926e-06,0.00015999999595806003
2.939999483293418e-06,0.00015999999595806003
2.949999483232643e-06,0.00015999999595806003
2.9599994831718685e-06,0.00015999999595806003
2.9699994831110937e-06,0.00015999999595806003
2.979999483050319e-06,0.00015999999595806003
2.9899994829895443e-06,0.00015999999595806003
2.9999994829287696e-06,0.00015999999595806003
3.009999482867995e-06,0.00015999999595806003
3.01999948280722e-06,0.00015999999595806003
3.0299994827464455e-06,0.00015999999595806003
3.0399994826856708e-06,0.00015999999595806003
3.049999482624896e-06,0.00015999999595806003
3.0599994825641214e-06,0.00015999999595806003
3.0699994825033466e-06,0.00015999999595806003
3.079999482442572e-06,0.00015999999595806003
3.0899994823817972e-06,0.00015999999595806003
3.0999994823210225e-06,0.00015999999595806003
3.109999482260248e-06,0.00019999999494757503
3.119999482199473e-06,0.00015999999595806003
3.1299994821386984e-06,0.00015999999595806003
3.1399994820779237e-06,0.00015999999595806003
3.149999482017149e-06,0.00019999999494757503
3.1599994819563743e-06,0.00019999999494757503
3.1699994818955995e-06,0.00015999999595806003
3.179999481834825e-06,0.00015999999595806003
3.18999948177405e-06,0.00019999999494757503
3.1999994817132754e-06,0.00019999999494757503
3.2099994816525007e-06,0.00019999999494757503
3.219999481591726e-06,0.00015999999595806003
3.2299994815309513e-06,0.00019999999494757503
3.2399994814701766e-06,0.00019999999494757503
3.249999481409402e-06,0.00019999999494757503
3.259999481348627e-06,0.00019999999494757503
3.2699994812878524e-06,0.00019999999494757503
3.2799994812270777e-06,0.00019999999494757503
3.289999481166303e-06,0.00019999999494757503
3.2999994811055283e-06,0.00019999999494757503
3.3099994810447536e-06,0.00019999999494757503
3.319999480983979e-06,0.00019999999494757503
3.329999480923204e-06,0.00019999999494757503
3.3399994808624295e-06,0.00023999999393709004
3.3499994808016548e-06,0.00019999999494757503
3.35999948074088e-06,0.00019999999494757503
3.3699994806801054e-06,0.00019999999494757503
3.3799994806193306e-06,0.00019999999494757503
3.389999480558556e-06,0.00019999999494757503
3.3999994804977812e-06,0.00023999999393709004
3.4099994804370065e-06,0.00023999999393709004
3.419999480376232e-06,0.00023999999393709004
3.429999480315457e-06,0.00019999999494757503
3.4399994802546824e-06,0.00023999999393709004
3.4499994801939077e-06,0.00023999999393709004
3.459999480133133e-06,0.00023999999393709004
3.4699994800723583e-06,0.00023999999393709004
3.4799994800115835e-06,0.00023999999393709004
3.489999479950809e-06,0.00023999999393709004
3.499999479890034e-06,0.00023999999393709004
3.5099994798292594e-06,0.00023999999393709004
3.5199994797684847e-06,0.00023999999393709004
3.52999947970771e-06,0.00023999999393709004
3.5399994796469353e-06,0.00023999999393709004
3.5499994795861606e-06,0.00023999999393709004
3.559999479525386e-06,0.00023999999393709004
3.569999479464611e-06,0.00027999999292660505
3.5799994794038364e-06,0.00027999999292660505
3.5899994793430617e-06,0.00027999999292660505
3.599999479282287e-06,0.00027999999292660505
3.6099994792215123e-06,0.00027999999292660505
3.6199994791607376e-06,0.00027999999292660505
3.629999479099963e-06,0.00027999999292660505
3.639999479039188e-06,0.00027999999292660505
3.6499994789784135e-06,0.00027999999292660505
3.6599994789176388e-06,0.00027999999292660505
3.669999478856864e-06,0.00027999999292660505
3.6799994787960894e-06,0.00027999999292660505
3.6899994787353146e-06,0.00027999999292660505
3.69999947867454e-06,0.00031999999191612005
3.7099994786137652e-06,0.00031999999191612005
3.7199994785529905e-06,0.00027999999292660505
3.729999478492216e-06,0.00031999999191612005
3.739999478431441e-06,0.00031999999191612005
3.7499994783706664e-06,0.00027999999292660505
3.7599994783098917e-06,0.00031999999191612005
3.769999478249117e-06,0.00031999999191612005
3.7799994781883423e-06,0.00031999999191612005
3.7899994781275675e-06,0.00031999999191612005
3.799999478066793e-06,0.00031999999191612005
3.809999478006018e-06,0.00031999999191612005
3.819999477945243e-06,0.00031999999191612005
3.829999477884469e-06,0.00035999999090563506
3.839999477823694e-06,0.00035999999090563506
3.849999477762919e-06,0.00035999999090563506
3.859999477702145e-06,0.00035999999090563506
3.86999947764137e-06,0.00031999999191612005
3.879999477580595e-06,0.00035999999090563506
3.8899994775198204e-06,0.00035999999090563506
3.899999477459046e-06,0.00035999999090563506
3.909999477398271e-06,0.00035999999090563506
3.919999477337496e-06,0.00035999999090563506
3.929999477276722e-06,0.00035999999090563506
3.939999477215947e-06,0.00035999999090563506
3.949999477155172e-06,0.00035999999090563506
3.9599994770943975e-06,0.00039999998989515007
3.969999477033623e-06,0.00039999998989515007
3.979999476972848e-06,0.00039999998989515007
3.989999476912073e-06,0.00035999999090563506
3.999999476851299e-06,0.00039999998989515007
4.009999476790524e-06,0.00039999998989515007
4.019999476729749e-06,0.00039999998989515007
4.0299994766689745e-06,0.00039999998989515007
4.0399994766082e-06,0.00039999998989515007
4.049999476547425e-06,0.00039999998989515007
4.05999947648665e-06,0.00039999998989515007
4.069999476425876e-06,0.00039999998989515007
4.079999476365101e-06,0.00043999998888466507
4.089999476304326e-06,0.00043999998888466507
4.0999994762435515e-06,0.00043999998888466507
4.109999476182777e-06,0.00043999998888466507
4.119999476122002e-06,0.00043999998888466507
4.129999476061227e-06,0.00043999998888466507
4.139999476000453e-06,0.00043999998888466507
4.149999475939678e-06,0.00043999998888466507
4.159999475878903e-06,0.0004799999878741801
4.1699994758181286e-06,0.00043999998888466507
4.179999475757354e-06,0.00043999998888466507
4.189999475696579e-06,0.0004799999878741801
4.1999994756358044e-06,0.0004799999878741801
4.20999947557503e-06,0.0004799999878741801
4.219999475514255e-06,0.0004799999878741801
4.22999947545348e-06,0.0004799999878741801
4.239999475392706e-06,0.0004799999878741801
4.249999475331931e-06,0.0005199999868636951
4.259999475271156e-06,0.0005199999868636951
4.2699994752103815e-06,0.0005199999868636951
4.279999475149607e-06,0.0005199999868636951
4.289999475088832e-06,0.0005199999868636951
4.299999475028057e-06,0.0005199999868636951
4.309999474967283e-06,0.0005199999868636951
4.319999474906508e-06,0.0005199999868636951
4.329999474845733e-06,0.0005199999868636951
4.3399994747849585e-06,0.0005199999868636951
4.349999474724184e-06,0.0005199999868636951
4.359999474663409e-06,0.0005599999858532101
4.369999474602634e-06,0.0005599999858532101
4.37999947454186e-06,0.0005599999858532101
4.389999474481085e-06,0.0005599999858532101
4.39999947442031e-06,0.0005599999858532101
4.4099994743595355e-06,0.0005599999858532101
4.419999474298761e-06,0.0005599999858532101
4.429999474237986e-06,0.0005599999858532101
4.439999474177211e-06,0.0005599999858532101
4.449999474116437e-06,0.0005999999848427251
4.459999474055662e-06,0.0005999999848427251
4.469999473994887e-06,0.0005999999848427251
4.4799994739341126e-06,0.0005999999848427251
4.489999473873338e-06,0.0005999999848427251
4.499999473812563e-06,0.0005999999848427251
4.5099994737517884e-06,0.0006399999838322401
4.519999473691014e-06,0.0005999999848427251
4.529999473630239e-06,0.0006399999838322401
4.539999473569464e-06,0.0006399999838322401
4.54999947350869e-06,0.0006399999838322401
4.559999473447915e-06,0.0006399999838322401
4.56999947338714e-06,0.0006399999838322401
4.5799994733263655e-06,0.0006799999828217551
4.589999473265591e-06,0.0006399999838322401
4.599999473204816e-06,0.0006399999838322401
4.609999473144041e-06,0.0006799999828217551
4.619999473083267e-06,0.0006799999828217551
4.629999473022492e-06,0.0006799999828217551
4.639999472961717e-06,0.0006799999828217551
4.6499994729009425e-06,0.0006799999828217551
4.659999472840168e-06,0.0007199999818112701
4.669999472779393e-06,0.0006799999828217551
4.679999472718618e-06,0.0006799999828217551
4.689999472657844e-06,0.0007199999818112701
4.699999472597069e-06,0.0007199999818112701
4.709999472536294e-06,0.0007199999818112701
4.7199994724755195e-06,0.0007199999818112701
4.729999472414745e-06,0.0007199999818112701
4.73999947235397e-06,0.0007599999808007851
4.749999472293195e-06,0.0007599999808007851
4.759999472232421e-06,0.0007199999818112701
4.769999472171646e-06,0.0007599999808007851
4.779999472110871e-06,0.0007599999808007851
4.7899994720500966e-06,0.0007599999808007851
4.799999471989322e-06,0.0007599999808007851
4.809999471928547e-06,0.0007599999808007851
4.8199994718677724e-06,0.0007999999797903001
4.829999471806998e-06,0.0007999999797903001
4.839999471746223e-06,0.0007999999797903001
4.849999471685448e-06,0.0007999999797903001
4.859999471624674e-06,0.0007999999797903001
4.869999471563899e-06,0.0007999999797903001
4.879999471503124e-06,0.0007999999797903001
4.8899994714423495e-06,0.0007999999797903001
4.899999471381575e-06,0.0008399999787798151
4.9099994713208e-06,0.0008399999787798151
4.919999471260025e-06,0.0008399999787798151
4.929999471199251e-06,0.0008399999787798151
4.939999471138476e-06,0.0008399999787798151
4.949999471077701e-06,0.0008399999787798151
4.9599994710169265e-06,0.0008399999787798151
4.969999470956152e-06,0.0008399999787798151
4.979999470895377e-06,0.0008799999777693301
4.989999470834602e-06,0.0008799999777693301
4.999999470773828e-06,0.0008799999777693301
5.009999470713053e-06,0.0008799999777693301
5.019999470652278e-06,0.0008799999777693301
5.0299994705915035e-06,0.0008799999777693301
5.039999470530729e-06,0.0008799999777693301
5.049999470469954e-06,0.0009199999767588452
5.059999470409179e-06,0.0009199999767588452
5.069999470348405e-06,0.0009199999767588452
5.07999947028763e-06,0.0009199999767588452
5.089999470226855e-06,0.0009199999767588452
5.0999994701660806e-06,0.0009199999767588452
5.109999470105306e-06,0.0009199999767588452
5.119999470044531e-06,0.0009199999767588452
5.1299994699837564e-06,0.0009199999767588452
5.139999469922982e-06,0.0009599999757483602
5.149999469862207e-06,0.0009599999757483602
5.159999469801432e-06,0.0009599999757483602
5.169999469740658e-06,0.0009599999757483602
5.179999469679883e-06,0.0009599999757483602
5.189999469619108e-06,0.0009599999757483602
5.1999994695583335e-06,0.0009599999757483602
5.209999469497559e-06,0.0009999999747378752
5.219999469436784e-06,0.0009999999747378752
5.229999469376009e-06,0.0009999999747378752
5.239999469315235e-06,0.0009999999747378752
5.24999946925446e-06,0.0009999999747378752
5.259999469193685e-06,0.0009999999747378752
5.2699994691329105e-06,0.0009999999747378752
5.279999469072136e-06,0.0009999999747378752
5.289999469011361e-06,0.0009999999747378752
5.299999468950586e-06,0.0010399999737273902
5.309999468889812e-06,0.0010399999737273902
5.319999468829037e-06,0.0010399999737273902
5.329999468768262e-06,0.0010399999737273902
5.3399994687074875e-06,0.0010399999737273902
5.349999468646713e-06,0.0010399999737273902
5.359999468585938e-06,0.0010399999737273902
5.369999468525163e-06,0.0010399999737273902
5.379999468464389e-06,0.0010399999737273902
5.389999468403614e-06,0.0010799999727169052
5.399999468342839e-06,0.0010799999727169052
5.4099994682820646e-06,0.0010799999727169052
5.41999946822129e-06,0.0010799999727169052
5.429999468160515e-06,0.0010799999727169052
5.4399994680997404e-06,0.0010799999727169052
5.449999468038966e-06,0.0010799999727169052
5.459999467978191e-06,0.0010799999727169052
5.469999467917416e-06,0.0011199999717064202
5.479999467856642e-06,0.0011199999717064202
5.489999467795867e-06,0.0010799999727169052
5.499999467735092e-06,0.0011199999717064202
5.5099994676743175e-06,0.0011199999717064202
5.519999467613543e-06,0.0011199999717064202
5.529999467552768e-06,0.0011199999717064202
5.539999467491993e-06,0.0011199999717064202
5.549999467431219e-06,0.0011199999717064202
5.559999467370444e-06,0.0011199999717064202
5.569999467309669e-06,0.0011199999717064202
5.5799994672488945e-06,0.0011199999717064202
5.58999946718812e-06,0.0011599999706959352
5.599999467127345e-06,0.0011599999706959352
5.60999946706657e-06,0.0011599999706959352
5.619999467005796e-06,0.0011199999717064202
5.629999466945021e-06,0.0011599999706959352
5.639999466884246e-06,0.0011599999706959352
5.6499994668234715e-06,0.0011599999706959352
5.659999466762697e-06,0.0011599999706959352
5.669999466701922e-06,0.0011599999706959352
5.679999466641147e-06,0.0011599999706959352
5.689999466580373e-06,0.0011599999706959352
5.699999466519598e-06,0.0011999999696854502
5.709999466458823e-06,0.0011999999696854502
5.7199994663980486e-06,0.0011999999696854502
5.729999466337274e-06,0.0011999999696854502
5.739999466276499e-06,0.0011999999696854502
5.7499994662157244e-06,0.0011999999696854502
5.75999946615495e-06,0.0011999999696854502
5.769999466094175e-06,0.0011999999696854502
5.7799994660334e-06,0.0011999999696854502
5.789999465972626e-06,0.0011999999696854502
5.799999465911851e-06,0.0012399999686749652
5.809999465851076e-06,0.0012399999686749652
5.8199994657903015e-06,0.0012399999686749652
5.829999465729527e-06,0.0012399999686749652
5.839999465668752e-06,0.0012399999686749652
5.849999465607977e-06,0.0012399999686749652
5.859999465547203e-06,0.0012399999686749652
5.869999465486428e-06,0.0012399999686749652
5.879999465425653e-06,0.0012399999686749652
5.8899994653648785e-06,0.0012399999686749652
5.899999465304104e-06,0.0012399999686749652
5.909999465243329e-06,0.0012799999676644802
5.919999465182554e-06,0.0012399999686749652
5.92999946512178e-06,0.0012399999686749652
5.939999465061005e-06,0.0012399999686749652
5.94999946500023e-06,0.0012799999676644802
5.9599994649394555e-06,0.0012799999676644802
5.969999464878681e-06,0.0012799999676644802
5.979999464817906e-06,0.0012799999676644802
5.989999464757131e-06,0.0012799999676644802
5.999999464696357e-06,0.0012799999676644802
6.009999464635582e-06,0.0012799999676644802
6.019999464574807e-06,0.0012799999676644802
6.0299994645140326e-06,0.0012799999676644802
6.039999464453258e-06,0.0012799999676644802
6.049999464392483e-06,0.0012799999676644802
6.0599994643317084e-06,0.0012799999676644802
6.069999464270934e-06,0.0012799999676644802
6.079999464210159e-06,0.0013199999666539952
6.089999464149384e-06,0.0013199999666539952
6.09999946408861e-06,0.0012799999676644802
6.109999464027835e-06,0.0012799999676644802
6.11999946396706e-06,0.0013199999666539952
6.1299994639062855e-06,0.0013199999666539952
6.139999463845511e-06,0.0013199999666539952
6.149999463784736e-06,0.0013199999666539952
6.159999463723961e-06,0.0013199999666539952
6.169999463663187e-06,0.0013199999666539952
6.179999463602412e-06,0.0013199999666539952
6.189999463541637e-06,0.0013199999666539952
6.1999994634808625e-06,0.0013199999666539952
6.209999463420088e-06,0.0013199999666539952
6.219999463359313e-06,0.0013199999666539952
6.229999463298538e-06,0.0013199999666539952
6.239999463237764e-06,0.0013199999666539952
6.249999463176989e-06,0.0013199999666539952
6.259999463116214e-06,0.0013199999666539952
6.2699994630554395e-06,0.0013199999666539952
6.279999462994665e-06,0.0013199999666539952
6.28999946293389e-06,0.0013199999666539952
6.299999462873115e-06,0.0013199999666539952
6.309999462812341e-06,0.0013199999666539952
6.319999462751566e-06,0.0013199999666539952
6.329999462690791e-06,0.0013599999656435102
6.3399994626300166e-06,0.0013599999656435102
6.349999462569242e-06,0.0013199999666539952
6.359999462508467e-06,0.0013199999666539952
6.3699994624476924e-06,0.0013599999656435102
6.379999462386918e-06,0.0013599999656435102
6.389999462326143e-06,0.0013599999656435102
6.399999462265368e-06,0.0013199999666539952
6.409999462204594e-06,0.0013599999656435102
6.419999462143819e-06,0.0013599999656435102
6.429999462083044e-06,0.0013599999656435102
6.4399994620222695e-06,0.0013599999656435102
6.449999461961495e-06,0.0013599999656435102
6.45999946190072e-06,0.0013599999656435102
6.469999461839945e-06,0.0013599999656435102
6.479999461779171e-06,0.0013599999656435102
6.489999461718396e-06,0.0013599999656435102
6.499999461657621e-06,0.0013599999656435102
6.5099994615968465e-06,0.0013599999656435102
6.519999461536072e-06,0.0013599999656435102
6.529999461475297e-06,0.0013599999656435102
6.539999461414522e-06,0.0013599999656435102
6.549999461353748e-06,0.0013599999656435102
6.559999461292973e-06,0.0013599999656435102
6.569999461232198e-06,0.0013599999656435102
6.5799994611714235e-06,0.0013599999656435102
6.589999461110649e-06,0.0013599999656435102
6.599999461049874e-06,0.0013599999656435102
6.609999460989099e-06,0.0013599999656435102
6.619999460928325e-06,0.0013599999656435102
6.62999946086755e-06,0.0013599999656435102
6.639999460806775e-06,0.0013599999656435102
6.6499994607460006e-06,0.0013599999656435102
6.659999460685226e-06,0.0013599999656435102
6.669999460624451e-06,0.0013599999656435102
6.6799994605636764e-06,0.0013599999656435102
6.689999460502902e-06,0.0013599999656435102
6.699999460442127e-06,0.0013599999656435102
6.709999460381352e-06,0.0013599999656435102
6.719999460320578e-06,0.0013599999656435102
6.729999460259803e-06,0.0013599999656435102
6.739999460199028e-06,0.0013999999646330252
6.7499994601382535e-06,0.0013599999656435102
6.759999460077479e-06,0.0013599999656435102
6.769999460016704e-06,0.0013599999656435102
6.779999459955929e-06,0.0013599999656435102
6.789999459895155e-06,0.0013599999656435102
6.79999945983438e-06,0.0013599999656435102
6.809999459773605e-06,0.0013599999656435102
6.8199994597128305e-06,0.0013599999656435102
6.829999459652056e-06,0.0013599999656435102
6.839999459591281e-06,0.0013599999656435102
6.849999459530506e-06,0.0013599999656435102
6.859999459469732e-06,0.0013599999656435102
6.869999459408957e-06,0.0013599999656435102
6.879999459348182e-06,0.0013599999656435102
6.8899994592874075e-06,0.0013599999656435102
6.899999459226633e-06,0.0013599999656435102
6.909999459165858e-06,0.0013599999656435102
6.919999459105083e-06,0.0013599999656435102
6.929999459044309e-06,0.0013599999656435102
6.939999458983534e-06,0.0013599999656435102
6.949999458922759e-06,0.0013599999656435102
6.9599994588619846e-06,0.0013599999656435102
6.96999945880121e-06,0.0013599999656435102
6.979999458740435e-06,0.0013599999656435102
6.9899994586796604e-06,0.0013599999656435102
6.999999458618886e-06,0.0013599999656435102
7.009999458558111e-06,0.0013599999656435102
7.019999458497336e-06,0.0013599999656435102
7.029999458436562e-06,0.0013599999656435102
7.039999458375787e-06,0.0013599999656435102
7.049999458315012e-06,0.0013599999656435102
7.0599994582542375e-06,0.0013599999656435102
7.069999458193463e-06,0.0013599999656435102
7.079999458132688e-06,0.0013599999656435102
7.089999458071913e-06,0.0013599999656435102
7.099999458011139e-06,0.0013599999656435102
7.109999457950364e-06,0.0013599999656435102
7.119999457889589e-06,0.0013599999656435102
7.1299994578288145e-06,0.0013599999656435102
7.13999945776804e-06,0.0013599999656435102
7.149999457707265e-06,0.0013599999656435102
7.15999945764649e-06,0.0013599999656435102
7.169999457585716e-06,0.0013599999656435102
7.179999457524941e-06,0.0013599999656435102
7.189999457464166e-06,0.0013199999666539952
7.1999994574033915e-06,0.0013599999656435102
7.209999457342617e-06,0.0013599999656435102
7.219999457281842e-06,0.0013599999656435102
7.229999457221067e-06,0.0013599999656435102
7.239999457160293e-06,0.0013199999666539952
7.249999457099518e-06,0.0013199999666539952
7.259999457038743e-06,0.0013199999666539952
7.2699994569779686e-06,0.0013199999666539952
7.279999456917194e-06,0.0013199999666539952
7.289999456856419e-06,0.0013199999666539952
7.2999994567956444e-06,0.0013199999666539952
7.30999945673487e-06,0.0013199999666539952
7.319999456674095e-06,0.0013199999666539952
7.32999945661332e-06,0.0013199999666539952
7.339999456552546e-06,0.0013199999666539952
7.349999456491771e-06,0.0013199999666539952
7.359999456430996e-06,0.0013199999666539952
7.3699994563702215e-06,0.0013199999666539952
7.379999456309447e-06,0.0013199999666539952
7.389999456248672e-06,0.0013199999666539952
7.399999456187897e-06,0.0012799999676644802
7.409999456127123e-06,0.0013199999666539952
7.419999456066348e-06,0.0013199999666539952
7.429999456005573e-06,0.0013199999666539952
7.4399994559447985e-06,0.0012799999676644802
7.449999455884024e-06,0.0012799999676644802
7.459999455823249e-06,0.0013199999666539952
7.469999455762474e-06,0.0013199999666539952
7.4799994557017e-06,0.0012799999676644802
7.489999455640925e-06,0.0012799999676644802
7.49999945558015e-06,0.0012799999676644802
7.5099994555193755e-06,0.0012799999676644802
7.519999455458601e-06,0.0012799999676644802
7.529999455397826e-06,0.0012799999676644802
7.539999455337051e-06,0.0012799999676644802
7.549999455276277e-06,0.0012799999676644802
7.559999455215502e-06,0.0012799999676644802
7.569999455154727e-06,0.0012399999686749652
7.5799994550939526e-06,0.0012799999676644802
7.589999455033178e-06,0.0012399999686749652
7.599999454972403e-06,0.0012399999686749652
7.6099994549116284e-06,0.0012399999686749652
7.619999454850854e-06,0.0012399999686749652
7.629999454790079e-06,0.0012399999686749652
7.639999454729304e-06,0.0012399999686749652
7.64999945466853e-06,0.0012399999686749652
7.659999454607755e-06,0.0012399999686749652
7.66999945454698e-06,0.0012399999686749652
7.679999454486205e-06,0.0012399999686749652
7.68999945442543e-06,0.0012399999686749652
7.699999454364656e-06,0.0012399999686749652
7.709999454303881e-06,0.0012399999686749652
7.719999454243107e-06,0.0011999999696854502
7.729999454182332e-06,0.0011999999696854502
7.739999454121557e-06,0.0011999999696854502
7.749999454060782e-06,0.0011999999696854502
7.759999454000008e-06,0.0011999999696854502
7.769999453939233e-06,0.0011999999696854502
7.779999453878458e-06,0.0011999999696854502
7.789999453817684e-06,0.0011999999696854502
7.799999453756909e-06,0.0011999999696854502
7.809999453696134e-06,0.0011999999696854502
7.81999945363536e-06,0.0011599999706959352
7.829999453574585e-06,0.0011599999706959352
7.83999945351381e-06,0.0011999999696854502
7.849999453453035e-06,0.0011599999706959352
7.85999945339226e-06,0.0011599999706959352
7.869999453331486e-06,0.0011599999706959352
7.879999453270711e-06,0.0011599999706959352
7.889999453209937e-06,0.0011599999706959352
7.899999453149162e-06,0.0011599999706959352
7.909999453088387e-06,0.0011599999706959352
7.919999453027612e-06,0.0011599999706959352
7.929999452966838e-06,0.0011599999706959352
7.939999452906063e-06,0.0011199999717064202
7.949999452845288e-06,0.0011199999717064202
7.959999452784514e-06,0.0011199999717064202
7.969999452723739e-06,0.0011199999717064202
7.979999452662964e-06,0.0011199999717064202
7.98999945260219e-06,0.0011199999717064202
7.999999452541415e-06,0.0011199999717064202
8.00999945248064e-06,0.0011199999717064202
8.019999452419865e-06,0.0010799999727169052
8.02999945235909e-06,0.0011199999717064202
8.039999452298316e-06,0.0010799999727169052
8.049999452237541e-06,0.0010799999727169052
8.059999452176766e-06,0.0010799999727169052
8.069999452115992e-06,0.0010799999727169052
8.079999452055217e-06,0.0010799999727169052
8.089999451994442e-06,0.0010799999727169052
8.099999451933668e-06,0.0010399999737273902
8.109999451872893e-06,0.0010399999737273902
8.119999451812118e-06,0.0010399999737273902
8.129999451751344e-06,0.0010399999737273902
8.139999451690569e-06,0.0010399999737273902
8.149999451629794e-06,0.0010399999737273902
8.15999945156902e-06,0.0010799999727169052
8.169999451508245e-06,0.0010399999737273902
8.17999945144747e-06,0.0009999999747378752
8.189999451386695e-06,0.0010399999737273902
8.19999945132592e-06,0.0010399999737273902
8.209999451265146e-06,0.0010399999737273902
8.219999451204371e-06,0.0009999999747378752
8.229999451143596e-06,0.0009999999747378752
8.239999451082822e-06,0.0009999999747378752
8.249999451022047e-06,0.0009999999747378752
8.259999450961272e-06,0.0009999999747378752
8.269999450900498e-06,0.0009999999747378752
8.279999450839723e-06,0.0009999999747378752
8.289999450778948e-06,0.0009999999747378752
8.299999450718173e-06,0.0009599999757483602
8.309999450657399e-06,0.0009599999757483602
8.319999450596624e-06,0.0009599999757483602
8.32999945053585e-06,0.0009599999757483602
8.339999450475075e-06,0.0009599999757483602
8.3499994504143e-06,0.0009599999757483602
8.359999450353525e-06,0.0009599999757483602
8.36999945029275e-06,0.0009599999757483602
8.379999450231976e-06,0.0009199999767588452
8.389999450171201e-06,0.0009199999767588452
8.399999450110426e-06,0.0009199999767588452
8.409999450049652e-06,0.0009199999767588452
8.419999449988877e-06,0.0009199999767588452
8.429999449928102e-06,0.0009199999767588452
8.439999449867328e-06,0.0009199999767588452
8.449999449806553e-06,0.0009199999767588452
8.459999449745778e-06,0.0008799999777693301
8.469999449685003e-06,0.0009199999767588452
8.479999449624229e-06,0.0008799999777693301
8.489999449563454e-06,0.0008799999777693301
8.49999944950268e-06,0.0008799999777693301
8.509999449441905e-06,0.0008799999777693301
8.51999944938113e-06,0.0008799999777693301
8.529999449320355e-06,0.0008799999777693301
8.53999944925958e-06,0.0008799999777693301
8.549999449198806e-06,0.0008399999787798151
8.559999449138031e-06,0.0008399999787798151
8.569999449077256e-06,0.0008399999787798151
8.579999449016482e-06,0.0008399999787798151
8.589999448955707e-06,0.0008399999787798151
8.599999448894932e-06,0.0008399999787798151
8.609999448834157e-06,0.0007999999797903001
8.619999448773383e-06,0.0007999999797903001
8.629999448712608e-06,0.0008399999787798151
8.639999448651833e-06,0.0007999999797903001
8.649999448591059e-06,0.0007999999797903001
8.659999448530284e-06,0.0007999999797903001
8.66999944846951e-06,0.0007999999797903001
8.679999448408734e-06,0.0007999999797903001
8.68999944834796e-06,0.0007999999797903001
8.699999448287185e-06,0.0007999999797903001
8.70999944822641e-06,0.0007599999808007851
8.719999448165636e-06,0.0007599999808007851
8.729999448104861e-06,0.0007599999808007851
8.739999448044086e-06,0.0007599999808007851
8.749999447983312e-06,0.0007599999808007851
8.759999447922537e-06,0.0007599999808007851
8.769999447861762e-06,0.0007199999818112701
8.779999447800987e-06,0.0007199999818112701
8.789999447740213e-06,0.0007199999818112701
8.799999447679438e-06,0.0007199999818112701
8.809999447618663e-06,0.0007199999818112701
8.819999447557889e-06,0.0007199999818112701
8.829999447497114e-06,0.0007199999818112701
8.839999447436339e-06,0.0007199999818112701
8.849999447375564e-06,0.0006799999828217551
8.85999944731479e-06,0.0006799999828217551
8.869999447254015e-06,0.0006799999828217551
8.87999944719324e-06,0.0006799999828217551
8.889999447132466e-06,0.0006799999828217551
8.899999447071691e-06,0.0006799999828217551
8.909999447010916e-06,0.0006399999838322401
8.919999446950141e-06,0.0006799999828217551
8.929999446889367e-06,0.0006399999838322401
8.939999446828592e-06,0.0006399999838322401
8.949999446767817e-06,0.0006399999838322401
8.959999446707043e-06,0.0006399999838322401
8.969999446646268e-06,0.0006399999838322401
8.979999446585493e-06,0.0006399999838322401
8.989999446524718e-06,0.0006399999838322401
8.999999446463944e-06,0.0006399999838322401
9.009999446403169e-06,0.0005999999848427251
9.019999446342394e-06,0.0006399999838322401
9.02999944628162e-06,0.0005999999848427251
9.039999446220845e-06,0.0005999999848427251
9.04999944616007e-06,0.0005999999848427251
9.059999446099296e-06,0.0005999999848427251
9.06999944603852e-06,0.0005999999848427251
9.079999445977746e-06,0.0005599999858532101
9.089999445916971e-06,0.0005599999858532101
9.099999445856197e-06,0.0005599999858532101
9.109999445795422e-06,0.0005599999858532101
9.119999445734647e-06,0.0005599999858532101
9.129999445673873e-06,0.0005599999858532101
9.139999445613098e-06,0.0005599999858532101
9.149999445552323e-06,0.0005599999858532101
9.159999445491548e-06,0.0005599999858532101
9.169999445430774e-06,0.0005199999868636951
9.179999445369999e-06,0.0005199999868636951
9.189999445309224e-06,0.0005199999868636951
9.19999944524845e-06,0.0005199999868636951
9.209999445187675e-06,0.0005199999868636951
9.2199994451269e-06,0.0005199999868636951
9.229999445066125e-06,0.0005199999868636951
9.23999944500535e-06,0.0005199999868636951
9.249999444944576e-06,0.0004799999878741801
9.259999444883801e-06,0.0004799999878741801
9.269999444823027e-06,0.0004799999878741801
9.279999444762252e-06,0.0004799999878741801
9.289999444701477e-06,0.0004799999878741801
9.299999444640702e-06,0.0004799999878741801
9.309999444579928e-06,0.0004799999878741801
9.319999444519153e-06,0.0004799999878741801
9.329999444458378e-06,0.00043999998888466507
9.339999444397604e-06,0.0004799999878741801
9.349999444336829e-06,0.00043999998888466507
9.359999444276054e-06,0.00043999998888466507
9.36999944421528e-06,0.00043999998888466507
9.379999444154505e-06,0.00043999998888466507
9.38999944409373e-06,0.00043999998888466507
9.399999444032955e-06,0.00043999998888466507
9.40999944397218e-06,0.00039999998989515007
9.419999443911406e-06,0.00043999998888466507
9.429999443850631e-06,0.00043999998888466507
9.439999443789857e-06,0.00039999998989515007
9.449999443729082e-06,0.00039999998989515007
9.459999443668307e-06,0.00039999998989515007
9.469999443607532e-06,0.00039999998989515007
9.479999443546758e-06,0.00039999998989515007
9.489999443485983e-06,0.00039999998989515007
9.499999443425208e-06,0.00039999998989515007
9.509999443364434e-06,0.00039999998989515007
9.519999443303659e-06,0.00039999998989515007
9.529999443242884e-06,0.00035999999090563506
9.53999944318211e-06,0.00035999999090563506
9.549999443121335e-06,0.00039999998989515007
9.55999944306056e-06,0.00039999998989515007
9.569999442999785e-06,0.00035999999090563506
9.57999944293901e-06,0.00035999999090563506
9.589999442878236e-06,0.00035999999090563506
9.599999442817461e-06,0.00035999999090563506
9.609999442756686e-06,0.00035999999090563506
9.619999442695912e-06,0.00035999999090563506
9.629999442635137e-06,0.00035999999090563506
9.639999442574362e-06,0.00035999999090563506
9.649999442513588e-06,0.00031999999191612005
9.659999442452813e-06,0.00031999999191612005
9.669999442392038e-06,0.00031999999191612005
9.679999442331264e-06,0.00031999999191612005
9.689999442270489e-06,0.00031999999191612005
9.699999442209714e-06,0.00031999999191612005
9.70999944214894e-06,0.00031999999191612005
9.719999442088165e-06,0.00031999999191612005
9.72999944202739e-06,0.00031999999191612005
9.739999441966615e-06,0.00031999999191612005
9.74999944190584e-06,0.00031999999191612005
9.759999441845066e-06,0.00031999999191612005
9.769999441784291e-06,0.00031999999191612005
9.779999441723516e-06,0.00027999999292660505
9.789999441662742e-06,0.00027999999292660505
9.799999441601967e-06,0.00031999999191612005
9.809999441541192e-06,0.00027999999292660505
9.819999441480418e-06,0.00027999999292660505
9.829999441419643e-06,0.00027999999292660505
9.839999441358868e-06,0.00027999999292660505
9.849999441298093e-06,0.00027999999292660505
9.859999441237319e-06,0.00027999999292660505
9.869999441176544e-06,0.00027999999292660505
9.87999944111577e-06,0.00027999999292660505
9.889999441054995e-06,0.00027999999292660505
9.89999944099422e-06,0.00027999999292660505
9.909999440933445e-06,0.00027999999292660505
9.91999944087267e-06,0.00023999999393709004
9.929999440811896e-06,0.00027999999292660505
9.939999440751121e-06,0.00027999999292660505
9.949999440690346e-06,0.00023999999393709004
9.959999440629572e-06,0.00027999999292660505
9.969999440568797e-06,0.00023999999393709004
9.979999440508022e-06,0.00023999999393709004
9.989999440447248e-06,0.00023999999393709004
9.999999440386473e-06,0.00023999999393709004
1.0009999440325698e-05,0.00023999999393709004
1.0019999440264923e-05,0.00023999999393709004
1.0029999440204149e-05,0.00023999999393709004
1.0039999440143374e-05,0.00023999999393709004
1.00499994400826e-05,0.00027999999292660505
1.0059999440021825e-05,0.00023999999393709004
1.006999943996105e-05,0.00023999999393709004
1.0079999439900275e-05,0.00023999999393709004
1.00899994398395e-05,0.00019999999494757503
1.0099999439778726e-05,0.00023999999393709004
1.0109999439717951e-05,0.00023999999393709004
1.0119999439657176e-05,0.00023999999393709004
1.0129999439596402e-05,0.00023999999393709004
1.0139999439535627e-05,0.00023999999393709004
1.0149999439474852e-05,0.00019999999494757503
1.0159999439414077e-05,0.00019999999494757503
1.0169999439353303e-05,0.00023999999393709004
1.0179999439292528e-05,0.00023999999393709004
1.0189999439231753e-05,0.00019999999494757503
1.0199999439170979e-05,0.00019999999494757503
1.0209999439110204e-05,0.00023999999393709004
1.021999943904943e-05,0.00019999999494757503
1.0229999438988654e-05,0.00019999999494757503
1.023999943892788e-05,0.00019999999494757503
1.0249999438867105e-05,0.00019999999494757503
1.025999943880633e-05,0.00019999999494757503
1.0269999438745556e-05,0.00019999999494757503
1.0279999438684781e-05,0.00019999999494757503
1.0289999438624006e-05,0.00019999999494757503
1.0299999438563232e-05,0.00019999999494757503
1.0309999438502457e-05,0.00019999999494757503
1.0319999438441682e-05,0.00019999999494757503
1.0329999438380907e-05,0.00019999999494757503
1.0339999438320133e-05,0.00019999999494757503
1.0349999438259358e-05,0.00015999999595806003
1.0359999438198583e-05,0.00019999999494757503
1.0369999438137809e-05,0.00015999999595806003
1.0379999438077034e-05,0.00019999999494757503
1.0389999438016259e-05,0.00019999999494757503
1.0399999437955484e-05,0.00015999999595806003
1.040999943789471e-05,0.00019999999494757503
1.0419999437833935e-05,0.00019999999494757503
1.042999943777316e-05,0.00015999999595806003
1.0439999437712386e-05,0.00015999999595806003
1.0449999437651611e-05,0.00015999999595806003
1.0459999437590836e-05,0.00015999999595806003
1.0469999437530061e-05,0.00015999999595806003
1.0479999437469287e-05,0.00015999999595806003
1.0489999437408512e-05,0.00019999999494757503
1.0499999437347737e-05,0.00015999999595806003
1.0509999437286963e-05,0.00015999999595806003
1.0519999437226188e-05,0.00015999999595806003
1.0529999437165413e-05,0.00019999999494757503
1.0539999437104638e-05,0.00015999999595806003
1.0549999437043864e-05,0.00015999999595806003
1.0559999436983089e-05,0.00015999999595806003
1.0569999436922314e-05,0.00015999999595806003
1.057999943686154e-05,0.00015999999595806003
1.0589999436800765e-05,0.00015999999595806003
1.059999943673999e-05,0.00015999999595806003
1.0609999436679216e-05,0.00015999999595806003
1.061999943661844e-05,0.00015999999595806003
1.0629999436557666e-05,0.00015999999595806003
1.0639999436496891e-05,0.00015999999595806003
1.0649999436436117e-05,0.00015999999595806003
1.0659999436375342e-05,0.00015999999595806003
1.0669999436314567e-05,0.00015999999595806003
1.0679999436253793e-05,0.00015999999595806003
1.0689999436193018e-05,0.00015999999595806003
1.0699999436132243e-05,0.00015999999595806003
1.0709999436071468e-05,0.00015999999595806003
1.0719999436010694e-05,0.00015999999595806003
1.0729999435949919e-05,0.00011999999696854502
1.0739999435889144e-05,0.00015999999595806003
1.074999943582837e-05,0.00015999999595806003
1.0759999435767595e-05,0.00015999999595806003
1.076999943570682e-05,0.00015999999595806003
1.0779999435646045e-05,0.00015999999595806003
1.078999943558527e-05,0.00011999999696854502
1.0799999435524496e-05,0.00011999999696854502
1.0809999435463721e-05,0.00011999999696854502
1.0819999435402947e-05,0.00011999999696854502
1.0829999435342172e-05,0.00015999999595806003
1.0839999435281397e-05,0.00011999999696854502
1.0849999435220622e-05,0.00015999999595806003
1.0859999435159848e-05,0.00015999999595806003
1.0869999435099073e-05,0.00011999999696854502
1.0879999435038298e-05,0.00011999999696854502
1.0889999434977524e-05,0.00011999999696854502
1.0899999434916749e-05,0.00011999999696854502
1.0909999434855974e-05,0.00015999999595806003
1.09199994347952e-05,0.00015999999595806003
1.0929999434734425e-05,0.00015999999595806003
1.093999943467365e-05,0.00011999999696854502
1.0949999434612875e-05,0.00011999999696854502
1.09599994345521e-05,0.00011999999696854502
1.0969999434491326e-05,0.00015999999595806003
1.0979999434430551e-05,0.00011999999696854502
1.0989999434369777e-05,0.00015999999595806003
1.0999999434309002e-05,0.00011999999696854502
1.1009999434248227e-05,0.00015999999595806003
1.1019999434187452e-05,0.00011999999696854502
1.1029999434126678e-05,0.00011999999696854502
1.1039999434065903e-05,0.00011999999696854502
1.1049999434005128e-05,0.00011999999696854502
1.1059999433944354e-05,0.00011999999696854502
1.1069999433883579e-05,0.00011999999696854502
1.1079999433822804e-05,0.00011999999696854502
1.108999943376203e-05,0.00011999999696854502
1.1099999433701255e-05,0.00011999999696854502
1.110999943364048e-05,0.00011999999696854502
1.1119999433579705e-05,0.00011999999696854502
1.112999943351893e-05,0.00011999999696854502
1.1139999433458156e-05,0.00011999999696854502
1.1149999433397381e-05,0.00011999999696854502
1.1159999433336606e-05,0.00011999999696854502
1.1169999433275832e-05,0.00011999999696854502
1.1179999433215057e-05,0.00011999999696854502
1.1189999433154282e-05,0.00011999999696854502
1.1199999433093508e-05,0.00011999999696854502
1.1209999433032733e-05,0.00011999999696854502
1.1219999432971958e-05,0.00011999999696854502
1.1229999432911184e-05,0.00011999999696854502
1.1239999432850409e-05,0.00011999999696854502
1.1249999432789634e-05,0.00011999999696854502
1.125999943272886e-05,0.00011999999696854502
1.1269999432668085e-05,0.00011999999696854502
1.127999943260731e-05,0.00011999999696854502
1.1289999432546535e-05,0.00011999999696854502
1.129999943248576e-05,0.00011999999696854502
1.1309999432424986e-05,0.00011999999696854502
1.1319999432364211e-05,0.00011999999696854502
1.1329999432303436e-05,0.00011999999696854502
1.1339999432242662e-05,0.00011999999696854502
1.1349999432181887e-05,0.00011999999696854502
1.1359999432121112e-05,0.00011999999696854502
1.1369999432060338e-05,7.999999797903001e-05
1.1379999431999563e-05,0.00011999999696854502
1.1389999431938788e-05,0.00011999999696854502
1.1399999431878013e-05,0.00011999999696854502
1.1409999431817239e-05,0.00011999999696854502
1.1419999431756464e-05,0.00011999999696854502
1.142999943169569e-05,7.999999797903001e-05
1.1439999431634915e-05,0.00011999999696854502
1.144999943157414e-05,0.00011999999696854502
1.1459999431513365e-05,0.00011999999696854502
1.146999943145259e-05,0.00011999999696854502
1.1479999431391816e-05,0.00011999999696854502
1.1489999431331041e-05,0.00011999999696854502
1.1499999431270266e-05,0.00011999999696854502
1.1509999431209492e-05,0.00011999999696854502
1.1519999431148717e-05,0.00011999999696854502
1.1529999431087942e-05,7.999999797903001e-05
1.1539999431027168e-05,0.00011999999696854502
1.1549999430966393e-05,0.00011999999696854502
1.1559999430905618e-05,0.00011999999696854502
1.1569999430844843e-05,0.00011999999696854502
1.1579999430784069e-05,0.00011999999696854502
1.1589999430723294e-05,0.00011999999696854502
1.159999943066252e-05,0.00011999999696854502
1.1609999430601745e-05,0.00011999999696854502
1.161999943054097e-05,0.00011999999696854502
1.1629999430480195e-05,0.00011999999696854502
1.163999943041942e-05,0.00011999999696854502
1.1649999430358646e-05,0.00011999999696854502
1.1659999430297871e-05,0.00011999999696854502
1.1669999430237096e-05,0.00011999999696854502
1.1679999430176322e-05,0.00011999999696854502
1.1689999430115547e-05,7.999999797903001e-05
1.1699999430054772e-05,0.00011999999696854502
1.1709999429993997e-05,0.00011999999696854502
1.1719999429933223e-05,0.00011999999696854502
1.1729999429872448e-05,0.00011999999696854502
1.1739999429811673e-05,0.00011999999696854502
1.1749999429750899e-05,0.00011999999696854502
1.1759999429690124e-05,0.00011999999696854502
1.176999942962935e-05,0.00011999999696854502
1.1779999429568574e-05,7.999999797903001e-05
1.17899994295078e-05,0.00011999999696854502
1.1799999429447025e-05,0.00011999999696854502
1.180999942938625e-05,0.00011999999696854502
1.1819999429325476e-05,7.999999797903001e-05
1.1829999429264701e-05,0.00011999999696854502
1.1839999429203926e-05,0.00011999999696854502
1.1849999429143152e-05,0.00011999999696854502
1.1859999429082377e-05,0.00011999999696854502
1.1869999429021602e-05,0.00011999999696854502
1.1879999428960827e-05,0.00011999999696854502
1.1889999428900053e-05,0.00011999999696854502
1.1899999428839278e-05,0.00011999999696854502
1.1909999428778503e-05,0.00011999999696854502
1.1919999428717729e-05,0.00011999999696854502
1.1929999428656954e-05,0.00011999999696854502
1.1939999428596179e-05,0.00011999999696854502
1.1949999428535404e-05,0.00011999999696854502
1.195999942847463e-05,0.00011999999696854502
1.1969999428413855e-05,7.999999797903001e-05
1.197999942835308e-05,0.00011999999696854502
1.1989999428292306e-05,0.00011999999696854502
1.1999999428231531e-05,0.00011999999696854502
1.2009999428170756e-05,7.999999797903001e-05
1.2019999428109981e-05,0.00011999999696854502
1.2029999428049207e-05,0.00011999999696854502
1.2039999427988432e-05,7.999999797903001e-05
1.2049999427927657e-05,0.00011999999696854502
1.2059999427866883e-05,0.00011999999696854502
1.2069999427806108e-05,0.00011999999696854502
1.2079999427745333e-05,0.00011999999696854502
1.2089999427684558e-05,0.00011999999696854502
1.2099999427623784e-05,0.00011999999696854502
1.2109999427563009e-05,0.00011999999696854502
1.2119999427502234e-05,0.00011999999696854502
1.212999942744146e-05,0.00011999999696854502
1.2139999427380685e-05,7.999999797903001e-05
1.214999942731991e-05,0.00011999999696854502
1.2159999427259136e-05,0.00011999999696854502
1.216999942719836e-05,0.00011999999696854502
1.2179999427137586e-05,7.999999797903001e-05
1.2189999427076811e-05,0.00011999999696854502
1.2199999427016037e-05,0.00011999999696854502
1.2209999426955262e-05,0.00011999999696854502
1.2219999426894487e-05,7.999999797903001e-05
1.2229999426833713e-05,0.00011999999696854502
1.2239999426772938e-05,0.00011999999696854502
1.2249999426712163e-05,0.00011999999696854502
1.2259999426651388e-05,7.999999797903001e-05
1.2269999426590614e-05,7.999999797903001e-05
1.2279999426529839e-05,0.00011999999696854502
1.2289999426469064e-05,0.00011999999696854502
1.229999942640829e-05,7.999999797903001e-05
1.2309999426347515e-05,0.00011999999696854502
1.231999942628674e-05,0.00011999999696854502
1.2329999426225965e-05,0.00011999999696854502
1.233999942616519e-05,0.00011999999696854502
1.2349999426104416e-05,0.00011999999696854502
1.2359999426043641e-05,0.00011999999696854502
1.2369999425982867e-05,0.00011999999696854502
1.2379999425922092e-05,0.00011999999696854502
1.2389999425861317e-05,0.00011999999696854502
1.2399999425800542e-05,0.00011999999696854502
1.2409999425739768e-05,0.00011999999696854502
1.2419999425678993e-05,0.00011999999696854502
1.2429999425618218e-05,0.00011999999696854502
1.2439999425557444e-05,0.00011999999696854502
1.2449999425496669e-05,0.00011999999696854502
1.2459999425435894e-05,0.00011999999696854502
1.246999942537512e-05,7.999999797903001e-05
1.2479999425314345e-05,0.00011999999696854502
1.248999942525357e-05,0.00011999999696854502
1.2499999425192795e-05,0.00011999999696854502
1.250999942513202e-05,7.999999797903001e-05
1.2519999425071246e-05,0.00011999999696854502
1.2529999425010471e-05,0.00011999999696854502
1.2539999424949697e-05,0.00011999999696854502
1.2549999424888922e-05,0.00011999999696854502
1.2559999424828147e-05,0.00011999999696854502
1.2569999424767372e-05,0.00011999999696854502
1.2579999424706598e-05,0.00011999999696854502
1.2589999424645823e-05,7.999999797903001e-05
1.2599999424585048e-05,7.999999797903001e-05
1.2609999424524274e-05,7.999999797903001e-05
1.2619999424463499e-05,0.00011999999696854502
1.2629999424402724e-05,0.00011999999696854502
1.263999942434195e-05,0.00011999999696854502
1.2649999424281175e-05,0.00011999999696854502
1.26599994242204e-05,7.999999797903001e-05
1.2669999424159625e-05,0.00011999999696854502
1.267999942409885e-05,0.00011999999696854502
1.2689999424038076e-05,0.00011999999696854502
1.2699999423977301e-05,0.00011999999696854502
1.2709999423916526e-05,0.00011999999696854502
1.2719999423855752e-05,7.999999797903001e-05
1.2729999423794977e-05,7.999999797903001e-05
1.2739999423734202e-05,0.00011999999696854502
1.2749999423673428e-05,0.00011999999696854502
1.2759999423612653e-05,0.00011999999696854502
1.2769999423551878e-05,0.00011999999696854502
1.2779999423491104e-05,0.00011999999696854502
1.2789999423430329e-05,0.00011999999696854502
1.2799999423369554e-05,0.00011999999696854502
1.280999942330878e-05,7.999999797903001e-05
1.2819999423248005e-05,0.00011999999696854502
1.282999942318723e-05,7.999999797903001e-05
1.2839999423126455e-05,0.00011999999696854502
1.284999942306568e-05,0.00011999999696854502
1.2859999423004906e-05,0.00011999999696854502
1.2869999422944131e-05,0.00011999999696854502
1.2879999422883356e-05,7.999999797903001e-05
1.2889999422822582e-05,0.00011999999696854502
1.2899999422761807e-05,0.00011999999696854502
1.2909999422701032e-05,0.00011999999696854502
1.2919999422640258e-05,0.00011999999696854502
1.2929999422579483e-05,0.00011999999696854502
1.2939999422518708e-05,0.00011999999696854502
1.2949999422457933e-05,0.00011999999696854502
1.2959999422397159e-05,0.00011999999696854502
1.2969999422336384e-05,0.00011999999696854502
1.297999942227561e-05,0.00011999999696854502
1.2989999422214835e-05,7.999999797903001e-05
1.299999942215406e-05,7.999999797903001e-05
1.3009999422093285e-05,0.00011999999696854502
1.301999942203251e-05,0.00011999999696854502
1.3029999421971736e-05,0.00011999999696854502
1.3039999421910961e-05,0.00011999999696854502
1.3049999421850186e-05,7.999999797903001e-05
1.3059999421789412e-05,0.00011999999696854502
1.3069999421728637e-05,7.999999797903001e-05
1.3079999421667862e-05,0.00011999999696854502
1.3089999421607088e-05,0.00011999999696854502
1.3099999421546313e-05,0.00011999999696854502
1.3109999421485538e-05,7.999999797903001e-05
1.3119999421424763e-05,7.999999797903001e-05
1.3129999421363989e-05,7.999999797903001e-05
1.3139999421303214e-05,0.00011999999696854502
1.314999942124244e-05,0.00011999999696854502
1.3159999421181665e-05,0.00011999999696854502
1.316999942112089e-05,0.00011999999696854502
1.3179999421060115e-05,7.999999797903001e-05
1.318999942099934e-05,0.00011999999696854502
1.3199999420938566e-05,0.00011999999696854502
1.3209999420877791e-05,0.00011999999696854502
1.3219999420817016e-05,0.00011999999696854502
1.3229999420756242e-05,7.999999797903001e-05
1.3239999420695467e-05,0.00011999999696854502
1.3249999420634692e-05,0.00011999999696854502
1.3259999420573917e-05,0.00011999999696854502
1.3269999420513143e-05,0.00011999999696854502
1.3279999420452368e-05,7.999999797903001e-05
1.3289999420391593e-05,7.999999797903001e-05
1.3299999420330819e-05,0.00011999999696854502
1.3309999420270044e-05,0.00011999999696854502
1.331999942020927e-05,0.00011999999696854502
1.3329999420148494e-05,0.00011999999696854502
1.333999942008772e-05,7.999999797903001e-05
1.3349999420026945e-05,0.00011999999696854502
1.335999941996617e-05,0.00011999999696854502
1.3369999419905396e-05,0.00011999999696854502
1.3379999419844621e-05,0.00011999999696854502
1.3389999419783846e-05,0.00011999999696854502
1.3399999419723072e-05,0.00011999999696854502
1.3409999419662297e-05,0.00011999999696854502
1.3419999419601522e-05,7.999999797903001e-05
1.3429999419540747e-05,0.00011999999696854502
1.3439999419479973e-05,7.999999797903001e-05
1.3449999419419198e-05,7.999999797903001e-05
1.3459999419358423e-05,0.00011999999696854502
1.3469999419297649e-05,0.00011999999696854502
1.3479999419236874e-05,0.00011999999696854502
1.3489999419176099e-05,0.00011999999696854502
1.3499999419115324e-05,0.00011999999696854502
1.350999941905455e-05,7.999999797903001e-05
1.3519999418993775e-05,0.00011999999696854502
1.3529999418933e-05,0.00011999999696854502
1.3539999418872226e-05,0.00011999999696854502
1.3549999418811451e-05,0.00011999999696854502
1.3559999418750676e-05,7.999999797903001e-05
1.3569999418689901e-05,7.999999797903001e-05
1.3579999418629127e-05,0.00011999999696854502
1.3589999418568352e-05,0.00011999999696854502
1.3599999418507577e-05,0.00011999999696854502
1.3609999418446803e-05,0.00011999999696854502
1.3619999418386028e-05,0.00011999999696854502
1.3629999418325253e-05,0.00011999999696854502
1.3639999418264478e-05,0.00011999999696854502
1.3649999418203704e-05,0.00011999999696854502
1.3659999418142929e-05,0.00011999999696854502
1.3669999418082154e-05,0.00011999999696854502
1.367999941802138e-05,0.00011999999696854502
1.3689999417960605e-05,7.999999797903001e-05
1.369999941789983e-05,7.999999797903001e-05
1.3709999417839056e-05,0.00011999999696854502
1.371999941777828e-05,0.00011999999696854502
1.3729999417717506e-05,0.00011999999696854502
1.3739999417656731e-05,0.00011999999696854502
1.3749999417595957e-05,7.999999797903001e-05
1.3759999417535182e-05,0.00011999999696854502
1.3769999417474407e-05,0.00011999999696854502
1.3779999417413633e-05,0.00011999999696854502
1.3789999417352858e-05,0.00011999999696854502
1.3799999417292083e-05,0.00011999999696854502
1.3809999417231308e-05,0.00011999999696854502
1.3819999417170534e-05,0.00011999999696854502
1.3829999417109759e-05,0.00011999999696854502
1.3839999417048984e-05,0.00011999999696854502
1.384999941698821e-05,7.999999797903001e-05
1.3859999416927435e-05,0.00011999999696854502
1.386999941686666e-05,0.00011999999696854502
1.3879999416805885e-05,0.00011999999696854502
1.388999941674511e-05,0.00011999999696854502
1.3899999416684336e-05,0.00011999999696854502
1.3909999416623561e-05,0.00011999999696854502
1.3919999416562787e-05,0.00011999999696854502
1.3929999416502012e-05,0.00011999999696854502
1.3939999416441237e-05,7.999999797903001e-05
1.3949999416380462e-05,0.00011999999696854502
1.3959999416319688e-05,0.00011999999696854502
1.3969999416258913e-05,0.00011999999696854502
1.3979999416198138e-05,0.00011999999696854502
1.3989999416137364e-05,0.00011999999696854502
1.3999999416076589e-05,0.00011999999696854502
1.4009999416015814e-05,7.999999797903001e-05
1.401999941595504e-05,0.00011999999696854502
1.4029999415894265e-05,0.00011999999696854502
1.403999941583349e-05,0.00011999999696854502
1.4049999415772715e-05,0.00011999999696854502
1.405999941571194e-05,7.999999797903001e-05
1.4069999415651166e-05,0.00011999999696854502
1.4079999415590391e-05,0.00011999999696854502
1.4089999415529617e-05,0.00011999999696854502
1.4099999415468842e-05,0.00011999999696854502
1.4109999415408067e-05,0.00011999999696854502
1.4119999415347292e-05,0.00011999999696854502
1.4129999415286518e-05,0.00011999999696854502
1.4139999415225743e-05,7.999999797903001e-05
1.4149999415164968e-05,0.00011999999696854502
1.4159999415104194e-05,0.00011999999696854502
1.4169999415043419e-05,0.00011999999696854502
1.4179999414982644e-05,0.00011999999696854502
1.418999941492187e-05,0.00011999999696854502
1.4199999414861095e-05,0.00011999999696854502
1.420999941480032e-05,0.00011999999696854502
1.4219999414739545e-05,7.999999797903001e-05
1.422999941467877e-05,0.00011999999696854502
1.4239999414617996e-05,0.00011999999696854502
1.4249999414557221e-05,0.00011999999696854502
1.4259999414496446e-05,0.00011999999696854502
1.4269999414435672e-05,7.999999797903001e-05
1.4279999414374897e-05,0.00011999999696854502
1.4289999414314122e-05,0.00011999999696854502
1.4299999414253348e-05,7.999999797903001e-05
1.4309999414192573e-05,7.999999797903001e-05
1.4319999414131798e-05,0.00011999999696854502
1.4329999414071024e-05,0.00011999999696854502
1.4339999414010249e-05,0.00011999999696854502
1.4349999413949474e-05,0.00011999999696854502
1.43599994138887e-05,0.00011999999696854502
1.4369999413827925e-05,0.00011999999696854502
1.437999941376715e-05,0.00011999999696854502
1.4389999413706375e-05,0.00011999999696854502
1.43999994136456e-05,0.00011999999696854502
1.4409999413584826e-05,0.00011999999696854502
1.4419999413524051e-05,7.999999797903001e-05
1.4429999413463276e-05,0.00011999999696854502
1.4439999413402502e-05,0.00011999999696854502
1.4449999413341727e-05,0.00011999999696854502
1.4459999413280952e-05,0.00011999999696854502
1.4469999413220178e-05,0.00011999999696854502
1.4479999413159403e-05,0.00011999999696854502
1.4489999413098628e-05,0.00011999999696854502
1.4499999413037853e-05,0.00011999999696854502
1.4509999412977079e-05,0.00011999999696854502
1.4519999412916304e-05,0.00011999999696854502
1.452999941285553e-05,0.00011999999696854502
1.4539999412794755e-05,7.999999797903001e-05
1.454999941273398e-05,0.00011999999696854502
1.4559999412673205e-05,0.00011999999696854502
1.456999941261243e-05,0.00011999999696854502
1.4579999412551656e-05,0.00011999999696854502
1.4589999412490881e-05,0.00011999999696854502
1.4599999412430106e-05,0.00011999999696854502
1.4609999412369332e-05,7.999999797903001e-05
1.4619999412308557e-05,7.999999797903001e-05
1.4629999412247782e-05,0.00011999999696854502
1.4639999412187008e-05,0.00011999999696854502
1.4649999412126233e-05,0.00011999999696854502
1.4659999412065458e-05,7.999999797903001e-05
1.4669999412004683e-05,7.999999797903001e-05
1.4679999411943909e-05,0.00011999999696854502
1.4689999411883134e-05,0.00011999999696854502
1.469999941182236e-05,0.00011999999696854502
1.4709999411761585e-05,0.00011999999696854502
1.471999941170081e-05,0.00011999999696854502
1.4729999411640035e-05,0.00011999999696854502
1.473999941157926e-05,0.00011999999696854502
1.4749999411518486e-05,0.00011999999696854502
1.4759999411457711e-05,0.00011999999696854502
1.4769999411396936e-05,0.00011999999696854502
1.4779999411336162e-05,0.00011999999696854502
1.4789999411275387e-05,7.999999797903001e-05
1.4799999411214612e-05,0.00011999999696854502
1.4809999411153837e-05,0.00011999999696854502
1.4819999411093063e-05,0.00011999999696854502
1.4829999411032288e-05,7.999999797903001e-05
1.4839999410971513e-05,0.00011999999696854502
1.4849999410910739e-05,0.00011999999696854502
1.4859999410849964e-05,0.00011999999696854502
1.486999941078919e-05,0.00011999999696854502
1.4879999410728414e-05,0.00011999999696854502
1.488999941066764e-05,0.00011999999696854502
1.4899999410606865e-05,0.00011999999696854502
1.490999941054609e-05,0.00011999999696854502
1.4919999410485316e-05,0.00011999999696854502
1.4929999410424541e-05,0.00011999999696854502
1.4939999410363766e-05,0.00011999999696854502
1.4949999410302992e-05,7.999999797903001e-05
1.4959999410242217e-05,0.00011999999696854502
1.4969999410181442e-05,0.00011999999696854502
1.4979999410120667e-05,0.00011999999696854502
1.4989999410059893e-05,0.00011999999696854502
1.4999999409999118e-05,0.00011999999696854502
1.5009999409938343e-05,0.00011999999696854502
1.5019999409877569e-05,7.999999797903001e-05
1.5029999409816794e-05,0.00011999999696854502
1.5039999409756019e-05,0.00011999999696854502
1.5049999409695244e-05,0.00011999999696854502
1.505999940963447e-05,0.00011999999696854502
1.5069999409573695e-05,0.00011999999696854502
1.507999940951292e-05,0.00011999999696854502
1.5089999409452146e-05,0.00011999999696854502
1.5099999409391371e-05,0.00011999999696854502
1.5109999409330596e-05,7.999999797903001e-05
1.5119999409269821e-05,0.00011999999696854502
1.5129999409209047e-05,7.999999797903001e-05
1.5139999409148272e-05,7.999999797903001e-05
1.5149999409087497e-05,0.00011999999696854502
1.5159999409026723e-05,0.00011999999696854502
1.5169999408965948e-05,0.00011999999696854502
1.5179999408905173e-05,0.00011999999696854502
1.5189999408844398e-05,0.00011999999696854502
1.5199999408783624e-05,7.999999797903001e-05
1.5209999408722849e-05,0.00011999999696854502
1.5219999408662074e-05,0.00011999999696854502
1.52299994086013e-05,0.00011999999696854502
1.5239999408540525e-05,0.00011999999696854502
1.524999940847975e-05,0.00011999999696854502
1.5259999408418976e-05,0.00011999999696854502
1.52699994083582e-05,0.00011999999696854502
1.5279999408297426e-05,0.00011999999696854502
1.528999940823665e-05,0.00011999999696854502
1.5299999408175877e-05,7.999999797903001e-05
1.5309999408115102e-05,0.00011999999696854502
1.5319999408054327e-05,0.00011999999696854502
1.5329999407993553e-05,0.00011999999696854502
1.5339999407932778e-05,0.00011999999696854502
1.5349999407872003e-05,0.00011999999696854502
1.535999940781123e-05,7.999999797903001e-05
1.5369999407750454e-05,0.00011999999696854502
1.537999940768968e-05,0.00011999999696854502
1.5389999407628904e-05,0.00011999999696854502
1.539999940756813e-05,0.00011999999696854502
1.5409999407507355e-05,0.00011999999696854502
1.541999940744658e-05,7.999999797903001e-05
1.5429999407385805e-05,0.00011999999696854502
1.543999940732503e-05,0.00011999999696854502
1.5449999407264256e-05,0.00011999999696854502
1.545999940720348e-05,0.00011999999696854502
1.5469999407142707e-05,7.999999797903001e-05
1.5479999407081932e-05,7.999999797903001e-05
1.5489999407021157e-05,0.00011999999696854502
1.5499999406960382e-05,0.00011999999696854502
1.5509999406899608e-05,7.999999797903001e-05
1.5519999406838833e-05,0.00011999999696854502
1.552999940677806e-05,0.00011999999696854502
1.5539999406717284e-05,0.00011999999696854502
1.554999940665651e-05,0.00011999999696854502
1.5559999406595734e-05,7.999999797903001e-05
1.556999940653496e-05,0.00011999999696854502
1.5579999406474185e-05,0.00011999999696854502
1.558999940641341e-05,0.00011999999696854502
1.5599999406352635e-05,7.999999797903001e-05
1.560999940629186e-05,0.00011999999696854502
1.5619999406231086e-05,0.00011999999696854502
1.562999940617031e-05,0.00011999999696854502
1.5639999406109537e-05,0.00011999999696854502
1.5649999406048762e-05,0.00011999999696854502
1.5659999405987987e-05,0.00011999999696854502
1.5669999405927212e-05,0.00011999999696854502
1.5679999405866438e-05,7.999999797903001e-05
1.5689999405805663e-05,0.00011999999696854502
1.5699999405744888e-05,0.00011999999696854502
1.5709999405684114e-05,0.00011999999696854502
1.571999940562334e-05,0.00011999999696854502
1.5729999405562564e-05,7.999999797903001e-05
1.573999940550179e-05,0.00011999999696854502
1.5749999405441015e-05,0.00011999999696854502
1.575999940538024e-05,0.00011999999696854502
1.5769999405319465e-05,0.00011999999696854502
1.577999940525869e-05,0.00011999999696854502
1.5789999405197916e-05,0.00011999999696854502
1.579999940513714e-05,0.00011999999696854502
1.5809999405076366e-05,0.00011999999696854502
1.5819999405015592e-05,0.00011999999696854502
1.5829999404954817e-05,0.00011999999696854502
1.5839999404894042e-05,0.00011999999696854502
1.5849999404833268e-05,7.999999797903001e-05
1.5859999404772493e-05,0.00011999999696854502
1.5869999404711718e-05,0.00011999999696854502
1.5879999404650944e-05,0.00011999999696854502
1.588999940459017e-05,0.00011999999696854502
1.5899999404529394e-05,0.00011999999696854502
1.590999940446862e-05,0.00011999999696854502
1.5919999404407845e-05,0.00011999999696854502
1.592999940434707e-05,0.00011999999696854502
1.5939999404286295e-05,0.00011999999696854502
1.594999940422552e-05,0.00011999999696854502
1.5959999404164746e-05,7.999999797903001e-05
1.596999940410397e-05,7.999999797903001e-05
1.5979999404043196e-05,0.00011999999696854502
1.5989999403982422e-05,0.00011999999696854502
1.5999999403921647e-05,0.00011999999696854502
1.6009999403860872e-05,0.00011999999696854502
1.6019999403800098e-05,0.00011999999696854502
1.6029999403739323e-05,0.00011999999696854502
1.6039999403678548e-05,0.00011999999696854502
1.6049999403617773e-05,7.999999797903001e-05
1.6059999403557e-05,0.00011999999696854502
1.6069999403496224e-05,0.00011999999696854502
1.607999940343545e-05,0.00011999999696854502
1.6089999403374675e-05,0.00011999999696854502
1.60999994033139e-05,0.00011999999696854502
1.6109999403253125e-05,7.999999797903001e-05
1.611999940319235e-05,0.00011999999696854502
1.6129999403131576e-05,0.00011999999696854502
1.61399994030708e-05,0.00011999999696854502
1.6149999403010026e-05,0.00011999999696854502
1.615999940294925e-05,0.00011999999696854502
1.6169999402888477e-05,7.999999797903001e-05
1.6179999402827702e-05,0.00011999999696854502
1.6189999402766928e-05,0.00011999999696854502
1.6199999402706153e-05,0.00011999999696854502
1.6209999402645378e-05,0.00011999999696854502
1.6219999402584603e-05,7.999999797903001e-05
1.622999940252383e-05,0.00011999999696854502
1.6239999402463054e-05,0.00011999999696854502
1.624999940240228e-05,0.00011999999696854502
1.6259999402341505e-05,0.00011999999696854502
1.626999940228073e-05,0.00011999999696854502
1.6279999402219955e-05,7.999999797903001e-05
1.628999940215918e-05,7.999999797903001e-05
1.6299999402098406e-05,0.00011999999696854502
1.630999940203763e-05,0.00011999999696854502
1.6319999401976856e-05,0.00011999999696854502
1.632999940191608e-05,0.00011999999696854502
1.6339999401855307e-05,0.00011999999696854502
1.6349999401794532e-05,0.00011999999696854502
1.6359999401733757e-05,0.00011999999696854502
1.6369999401672983e-05,0.00011999999696854502
1.6379999401612208e-05,0.00011999999696854502
1.6389999401551433e-05,0.00011999999696854502
1.639999940149066e-05,7.999999797903001e-05
1.6409999401429884e-05,0.00011999999696854502
1.641999940136911e-05,0.00011999999696854502
1.6429999401308334e-05,0.00011999999696854502
1.643999940124756e-05,0.00011999999696854502
1.6449999401186785e-05,7.999999797903001e-05
1.645999940112601e-05,0.00011999999696854502
1.6469999401065236e-05,0.00011999999696854502
1.647999940100446e-05,0.00011999999696854502
1.6489999400943686e-05,0.00011999999696854502
1.649999940088291e-05,0.00011999999696854502
1.6509999400822137e-05,0.00011999999696854502
1.6519999400761362e-05,0.00011999999696854502
1.6529999400700587e-05,0.00011999999696854502
1.6539999400639813e-05,7.999999797903001e-05
1.6549999400579038e-05,7.999999797903001e-05
1.6559999400518263e-05,0.00011999999696854502
1.656999940045749e-05,0.00011999999696854502
1.6579999400396714e-05,0.00011999999696854502
1.658999940033594e-05,0.00011999999696854502
1.6599999400275164e-05,0.00011999999696854502
1.660999940021439e-05,0.00011999999696854502
1.6619999400153615e-05,7.999999797903001e-05
1.662999940009284e-05,7.999999797903001e-05
1.6639999400032066e-05,0.00011999999696854502
1.664999939997129e-05,0.00011999999696854502
1.6659999399910516e-05,7.999999797903001e-05
1.666999939984974e-05,7.999999797903001e-05
1.6679999399788967e-05,0.00011999999696854502
1.6689999399728192e-05,0.00011999999696854502
1.6699999399667417e-05,0.00011999999696854502
1.6709999399606643e-05,0.00011999999696854502
1.6719999399545868e-05,7.999999797903001e-05
1.6729999399485093e-05,0.00011999999696854502
1.673999939942432e-05,0.00011999999696854502
1.6749999399363544e-05,7.999999797903001e-05
1.675999939930277e-05,0.00011999999696854502
1.6769999399241994e-05,0.00011999999696854502
1.677999939918122e-05,0.00011999999696854502
1.6789999399120445e-05,0.00011999999696854502
1.679999939905967e-05,0.00011999999696854502
1.6809999398998896e-05,0.00011999999696854502
1.681999939893812e-05,0.00011999999696854502
1.6829999398877346e-05,0.00011999999696854502
1.683999939881657e-05,0.00011999999696854502
1.6849999398755797e-05,7.999999797903001e-05
1.6859999398695022e-05,0.00011999999696854502
1.6869999398634247e-05,0.00011999999696854502
1.6879999398573473e-05,0.00011999999696854502
1.6889999398512698e-05,0.00011999999696854502
1.6899999398451923e-05,7.999999797903001e-05
1.690999939839115e-05,0.00011999999696854502
1.6919999398330374e-05,0.00011999999696854502
1.69299993982696e-05,7.999999797903001e-05
1.6939999398208824e-05,0.00011999999696854502
1.694999939814805e-05,0.00011999999696854502
1.6959999398087275e-05,0.00011999999696854502
1.69699993980265e-05,0.00011999999696854502
1.6979999397965725e-05,7.999999797903001e-05
1.698999939790495e-05,0.00011999999696854502
1.6999999397844176e-05,0.00011999999696854502
1.70099993977834e-05,7.999999797903001e-05
1.7019999397722627e-05,7.999999797903001e-05
1.7029999397661852e-05,0.00011999999696854502
1.7039999397601077e-05,0.00011999999696854502
1.7049999397540302e-05,0.00011999999696854502
1.7059999397479528e-05,7.999999797903001e-05
1.7069999397418753e-05,0.00011999999696854502
1.707999939735798e-05,0.00011999999696854502
1.7089999397297204e-05,0.00011999999696854502
1.709999939723643e-05,0.00011999999696854502
1.7109999397175654e-05,0.00011999999696854502
1.711999939711488e-05,0.00011999999696854502
1.7129999397054105e-05,0.00011999999696854502
1.713999939699333e-05,0.00011999999696854502
1.7149999396932555e-05,7.999999797903001e-05
1.715999939687178e-05,0.00011999999696854502
1.7169999396811006e-05,0.00011999999696854502
1.717999939675023e-05,0.00011999999696854502
1.7189999396689457e-05,7.999999797903001e-05
1.7199999396628682e-05,0.00011999999696854502
1.7209999396567907e-05,0.00011999999696854502
1.7219999396507132e-05,0.00011999999696854502
1.7229999396446358e-05,0.00011999999696854502
1.7239999396385583e-05,0.00011999999696854502
1.7249999396324808e-05,0.00011999999696854502
1.7259999396264034e-05,0.00011999999696854502
1.726999939620326e-05,0.00011999999696854502
1.7279999396142484e-05,0.00011999999696854502
1.728999939608171e-05,0.00011999999696854502
1.7299999396020935e-05,0.00011999999696854502
1.730999939596016e-05,0.00011999999696854502
1.7319999395899385e-05,7.999999797903001e-05
1.732999939583861e-05,0.00011999999696854502
1.7339999395777836e-05,0.00011999999696854502
1.734999939571706e-05,0.00011999999696854502
1.7359999395656286e-05,0.00011999999696854502
1.7369999395595512e-05,7.999999797903001e-05
1.7379999395534737e-05,0.00011999999696854502
1.7389999395473962e-05,0.00011999999696854502
1.7399999395413188e-05,0.00011999999696854502
1.7409999395352413e-05,7.999999797903001e-05
1.7419999395291638e-05,7.999999797903001e-05
1.7429999395230864e-05,7.999999797903001e-05
1.743999939517009e-05,0.00011999999696854502
1.7449999395109314e-05,0.00011999999696854502
1.745999939504854e-05,0.00011999999696854502
1.7469999394987765e-05,0.00011999999696854502
1.747999939492699e-05,0.00011999999696854502
1.7489999394866215e-05,0.00011999999696854502
1.749999939480544e-05,0.00011999999696854502
1.7509999394744666e-05,7.999999797903001e-05
1.751999939468389e-05,0.00011999999696854502
1.7529999394623116e-05,0.00011999999696854502
1.7539999394562342e-05,0.00011999999696854502
1.7549999394501567e-05,0.00011999999696854502
1.7559999394440792e-05,0.00011999999696854502
1.7569999394380018e-05,0.00011999999696854502
1.7579999394319243e-05,0.00011999999696854502
1.7589999394258468e-05,0.00011999999696854502
1.7599999394197693e-05,7.999999797903001e-05
1.760999939413692e-05,0.00011999999696854502
1.7619999394076144e-05,0.00011999999696854502
1.762999939401537e-05,0.00011999999696854502
1.7639999393954595e-05,0.00011999999696854502
1.764999939389382e-05,7.999999797903001e-05
1.7659999393833045e-05,0.00011999999696854502
1.766999939377227e-05,0.00011999999696854502
1.7679999393711496e-05,0.00011999999696854502
1.768999939365072e-05,0.00011999999696854502
1.7699999393589946e-05,7.999999797903001e-05
1.770999939352917e-05,0.00011999999696854502
1.7719999393468397e-05,0.00011999999696854502
1.7729999393407622e-05,0.00011999999696854502
1.7739999393346848e-05,0.00011999999696854502
1.7749999393286073e-05,0.00011999999696854502
1.7759999393225298e-05,0.00011999999696854502
1.7769999393164523e-05,7.999999797903001e-05
1.777999939310375e-05,0.00011999999696854502
1.7789999393042974e-05,0.00011999999696854502
1.77999993929822e-05,0.00011999999696854502
1.7809999392921425e-05,0.00011999999696854502
1.781999939286065e-05,0.00011999999696854502
1.7829999392799875e-05,0.00011999999696854502
1.78399993927391e-05,0.00011999999696854502
1.7849999392678326e-05,0.00011999999696854502
1.785999939261755e-05,0.00011999999696854502
1.7869999392556776e-05,0.00011999999696854502
1.7879999392496e-05,0.00011999999696854502
1.7889999392435227e-05,0.00011999999696854502
1.7899999392374452e-05,0.00011999999696854502
1.7909999392313677e-05,0.00011999999696854502
1.7919999392252903e-05,0.00011999999696854502
1.7929999392192128e-05,0.00011999999696854502
1.7939999392131353e-05,0.00011999999696854502
1.794999939207058e-05,0.00011999999696854502
1.7959999392009804e-05,0.00011999999696854502
1.796999939194903e-05,7.999999797903001e-05
1.7979999391888254e-05,7.999999797903001e-05
1.798999939182748e-05,0.00011999999696854502
1.7999999391766705e-05,0.00011999999696854502
1.800999939170593e-05,0.00011999999696854502
1.8019999391645156e-05,0.00011999999696854502
1.802999939158438e-05,0.00011999999696854502
1.8039999391523606e-05,7.999999797903001e-05
1.804999939146283e-05,7.999999797903001e-05
1.8059999391402057e-05,0.00011999999696854502
1.8069999391341282e-05,0.00011999999696854502
1.8079999391280507e-05,0.00011999999696854502
1.8089999391219733e-05,7.999999797903001e-05
1.8099999391158958e-05,0.00011999999696854502
1.8109999391098183e-05,0.00011999999696854502
1.811999939103741e-05,0.00011999999696854502
1.8129999390976634e-05,0.00011999999696854502
1.813999939091586e-05,0.00011999999696854502
1.8149999390855084e-05,0.00011999999696854502
1.815999939079431e-05,7.999999797903001e-05
1.8169999390733535e-05,0.00011999999696854502
1.817999939067276e-05,0.00011999999696854502
1.8189999390611986e-05,0.00011999999696854502
1.819999939055121e-05,0.00011999999696854502
1.8209999390490436e-05,7.999999797903001e-05
1.821999939042966e-05,7.999999797903001e-05
1.8229999390368887e-05,0.00011999999696854502
1.8239999390308112e-05,0.00011999999696854502
1.8249999390247337e-05,0.00011999999696854502
1.8259999390186563e-05,0.00011999999696854502
1.8269999390125788e-05,0.00011999999696854502
1.8279999390065013e-05,0.00011999999696854502
1.828999939000424e-05,0.00011999999696854502
1.8299999389943464e-05,0.00011999999696854502
1.830999938988269e-05,0.00011999999696854502
1.8319999389821914e-05,0.00011999999696854502
1.832999938976114e-05,0.00011999999696854502
1.8339999389700365e-05,0.00011999999696854502
1.834999938963959e-05,7.999999797903001e-05
1.8359999389578815e-05,0.00011999999696854502
1.836999938951804e-05,0.00011999999696854502
1.8379999389457266e-05,7.999999797903001e-05
1.838999938939649e-05,7.999999797903001e-05
1.8399999389335717e-05,7.999999797903001e-05
1.8409999389274942e-05,0.00011999999696854502
1.8419999389214167e-05,0.00011999999696854502
1.8429999389153393e-05,0.00011999999696854502
1.8439999389092618e-05,0.00011999999696854502
1.8449999389031843e-05,0.00011999999696854502
1.845999938897107e-05,0.00011999999696854502
1.8469999388910294e-05,0.00011999999696854502
1.847999938884952e-05,0.00011999999696854502
1.8489999388788744e-05,0.00011999999696854502
1.849999938872797e-05,7.999999797903001e-05
1.8509999388667195e-05,7.999999797903001e-05
1.851999938860642e-05,0.00011999999696854502
1.8529999388545645e-05,0.00011999999696854502
1.853999938848487e-05,7.999999797903001e-05
1.8549999388424096e-05,7.999999797903001e-05
1.855999938836332e-05,7.999999797903001e-05
1.8569999388302547e-05,7.999999797903001e-05
1.8579999388241772e-05,7.999999797903001e-05
1.8589999388180997e-05,0.00011999999696854502
1.8599999388120222e-05,0.00011999999696854502
1.8609999388059448e-05,0.00011999999696854502
1.8619999387998673e-05,0.00011999999696854502
1.86299993879379e-05,0.00011999999696854502
1.8639999387877124e-05,7.999999797903001e-05
1.864999938781635e-05,0.00011999999696854502
1.8659999387755574e-05,7.999999797903001e-05
1.86699993876948e-05,0.00011999999696854502
1.8679999387634025e-05,0.00011999999696854502
1.868999938757325e-05,0.00011999999696854502
1.8699999387512475e-05,7.999999797903001e-05
1.87099993874517e-05,0.00011999999696854502
1.8719999387390926e-05,0.00011999999696854502
1.872999938733015e-05,0.00011999999696854502
1.8739999387269377e-05,0.00011999999696854502
1.8749999387208602e-05,0.00011999999696854502
1.8759999387147827e-05,0.00011999999696854502
1.8769999387087052e-05,7.999999797903001e-05
1.8779999387026278e-05,0.00011999999696854502
1.8789999386965503e-05,0.00011999999696854502
1.8799999386904728e-05,0.00011999999696854502
1.8809999386843954e-05,0.00011999999696854502
1.881999938678318e-05,7.999999797903001e-05
1.8829999386722404e-05,0.00011999999696854502
1.883999938666163e-05,0.00011999999696854502
1.8849999386600855e-05,0.00011999999696854502
1.885999938654008e-05,7.999999797903001e-05
1.8869999386479305e-05,7.999999797903001e-05
1.887999938641853e-05,7.999999797903001e-05
1.8889999386357756e-05,0.00011999999696854502
1.889999938629698e-05,7.999999797903001e-05
1.8909999386236206e-05,0.00011999999696854502
1.8919999386175432e-05,7.999999797903001e-05
1.8929999386114657e-05,0.00011999999696854502
1.8939999386053882e-05,7.999999797903001e-05
1.8949999385993108e-05,7.999999797903001e-05
1.8959999385932333e-05,0.00011999999696854502
1.8969999385871558e-05,0.00011999999696854502
1.8979999385810783e-05,7.999999797903001e-05
1.898999938575001e-05,7.999999797903001e-05
1.8999999385689234e-05,0.00011999999696854502
1.900999938562846e-05,0.00011999999696854502
1.9019999385567685e-05,0.00011999999696854502
1.902999938550691e-05,0.00011999999696854502
1.9039999385446135e-05,0.00011999999696854502
1.904999938538536e-05,0.00011999999696854502
1.9059999385324586e-05,0.00011999999696854502
1.906999938526381e-05,0.00011999999696854502
1.9079999385203036e-05,0.00011999999696854502
1.908999938514226e-05,7.999999797903001e-05
1.9099999385081487e-05,7.999999797903001e-05
1.9109999385020712e-05,0.00011999999696854502
1.9119999384959938e-05,0.00011999999696854502
1.9129999384899163e-05,0.00011999999696854502
1.9139999384838388e-05,0.00011999999696854502
1.9149999384777613e-05,0.00011999999696854502
1.915999938471684e-05,0.00011999999696854502
1.9169999384656064e-05,0.00011999999696854502
1.917999938459529e-05,7.999999797903001e-05
1.9189999384534515e-05,0.00011999999696854502
1.919999938447374e-05,0.00011999999696854502
1.9209999384412965e-05,0.00011999999696854502
1.921999938435219e-05,7.999999797903001e-05
1.9229999384291416e-05,7.999999797903001e-05
1.923999938423064e-05,0.00011999999696854502
1.9249999384169866e-05,0.00011999999696854502
1.925999938410909e-05,0.00011999999696854502
1.9269999384048317e-05,0.00011999999696854502
1.9279999383987542e-05,0.00011999999696854502
1.9289999383926767e-05,0.00011999999696854502
1.9299999383865993e-05,0.00011999999696854502
1.9309999383805218e-05,0.00011999999696854502
1.9319999383744443e-05,0.00011999999696854502
1.932999938368367e-05,0.00011999999696854502
1.9339999383622894e-05,7.999999797903001e-05
1.934999938356212e-05,0.00011999999696854502
1.9359999383501345e-05,0.00011999999696854502
1.936999938344057e-05,7.999999797903001e-05
1.9379999383379795e-05,7.999999797903001e-05
1.938999938331902e-05,7.999999797903001e-05
1.9399999383258246e-05,0.00011999999696854502
1.940999938319747e-05,0.00011999999696854502
1.9419999383136696e-05,0.00011999999696854502
1.942999938307592e-05,0.00011999999696854502
1.9439999383015147e-05,7.999999797903001e-05
1.9449999382954372e-05,7.999999797903001e-05
1.9459999382893597e-05,0.00011999999696854502
1.9469999382832823e-05,0.00011999999696854502
1.9479999382772048e-05,0.00011999999696854502
1.9489999382711273e-05,0.00011999999696854502
1.94999993826505e-05,0.00011999999696854502
1.9509999382589724e-05,0.00011999999696854502
1.951999938252895e-05,0.00011999999696854502
1.9529999382468174e-05,7.999999797903001e-05
1.95399993824074e-05,7.999999797903001e-05
1.9549999382346625e-05,0.00011999999696854502
1.955999938228585e-05,0.00011999999696854502
1.9569999382225076e-05,7.999999797903001e-05
1.95799993821643e-05,7.999999797903001e-05
1.9589999382103526e-05,0.00011999999696854502
1.959999938204275e-05,7.999999797903001e-05
1.9609999381981977e-05,0.00011999999696854502
1.9619999381921202e-05,7.999999797903001e-05
1.9629999381860427e-05,7.999999797903001e-05
1.9639999381799653e-05,0.00011999999696854502
1.9649999381738878e-05,0.00011999999696854502
1.9659999381678103e-05,0.00011999999696854502
1.966999938161733e-05,0.00011999999696854502
1.9679999381556554e-05,7.999999797903001e-05
1.968999938149578e-05,7.999999797903001e-05
1.9699999381435004e-05,0.00011999999696854502
1.970999938137423e-05,7.999999797903001e-05
1.9719999381313455e-05,7.999999797903001e-05
1.972999938125268e-05,7.999999797903001e-05
1.9739999381191906e-05,7.999999797903001e-05
1.974999938113113e-05,7.999999797903001e-05
1.9759999381070356e-05,7.999999797903001e-05
1.976999938100958e-05,7.999999797903001e-05
1.9779999380948807e-05,0.00011999999696854502
1.9789999380888032e-05,7.999999797903001e-05
1.9799999380827257e-05,7.999999797903001e-05
1.9809999380766483e-05,7.999999797903001e-05
1.9819999380705708e-05,7.999999797903001e-05
1.9829999380644933e-05,7.999999797903001e-05
1.983999938058416e-05,0.00011999999696854502
1.9849999380523384e-05,0.00011999999696854502
1.985999938046261e-05,0.00011999999696854502
1.9869999380401834e-05,0.00011999999696854502
1.987999938034106e-05,7.999999797903001e-05
1.9889999380280285e-05,7.999999797903001e-05
1.989999938021951e-05,0.00011999999696854502
1.9909999380158735e-05,0.00011999999696854502
1.991999938009796e-05,0.00011999999696854502
1.9929999380037186e-05,7.999999797903001e-05
1.993999937997641e-05,7.999999797903001e-05
1.9949999379915637e-05,0.00011999999696854502
1.9959999379854862e-05,0.00011999999696854502
1.9969999379794087e-05,7.999999797903001e-05
1.9979999379733313e-05,7.999999797903001e-05
1.9989999379672538e-05,0.00011999999696854502
1.9999999379611763e-05,7.999999797903001e-05
2.000999937955099e-05,0.00011999999696854502
2.0019999379490214e-05,0.00011999999696854502
2.002999937942944e-05,0.00011999999696854502
2.0039999379368664e-05,0.00011999999696854502
2.004999937930789e-05,7.999999797903001e-05
2.0059999379247115e-05,0.00011999999696854502
2.006999937918634e-05,0.00011999999696854502
2.0079999379125565e-05,7.999999797903001e-05
2.008999937906479e-05,7.999999797903001e-05
2.0099999379004016e-05,0.00011999999696854502
2.010999937894324e-05,0.00011999999696854502
2.0119999378882467e-05,0.00011999999696854502
2.0129999378821692e-05,0.00011999999696854502
2.0139999378760917e-05,0.00011999999696854502
2.0149999378700142e-05,0.00011999999696854502
2.0159999378639368e-05,0.00011999999696854502
2.0169999378578593e-05,7.999999797903001e-05
2.017999937851782e-05,7.999999797903001e-05
2.0189999378457044e-05,0.00011999999696854502
2.019999937839627e-05,0.00011999999696854502
2.0209999378335494e-05,0.00011999999696854502
2.021999937827472e-05,0.00011999999696854502
2.0229999378213945e-05,0.00011999999696854502
2.023999937815317e-05,7.999999797903001e-05
2.0249999378092395e-05,7.999999797903001e-05
2.025999937803162e-05,0.00011999999696854502
2.0269999377970846e-05,7.999999797903001e-05
2.027999937791007e-05,7.999999797903001e-05
2.0289999377849297e-05,7.999999797903001e-05
2.0299999377788522e-05,0.00011999999696854502
2.0309999377727747e-05,0.00011999999696854502
2.0319999377666972e-05,0.00011999999696854502
2.0329999377606198e-05,7.999999797903001e-05
2.0339999377545423e-05,7.999999797903001e-05
2.0349999377484648e-05,0.00011999999696854502
2.0359999377423874e-05,7.999999797903001e-05
2.03699993773631e-05,7.999999797903001e-05
2.0379999377302324e-05,0.00011999999696854502
2.038999937724155e-05,0.00011999999696854502
2.0399999377180775e-05,0.00011999999696854502
2.040999937712e-05,7.999999797903001e-05
2.0419999377059225e-05,0.00011999999696854502
2.042999937699845e-05,0.00011999999696854502
2.0439999376937676e-05,0.00011999999696854502
2.04499993768769e-05,0.00011999999696854502
2.0459999376816126e-05,0.00011999999696854502
2.0469999376755352e-05,7.999999797903001e-05
2.0479999376694577e-05,7.999999797903001e-05
2.0489999376633802e-05,0.00011999999696854502
2.0499999376573028e-05,0.00027999999292660505
2.0509999376512253e-05,3.9999998989515007e-05
2.0519999376451478e-05,-7.999999797903001e-05
2.0529999376390703e-05,0.00011999999696854502
2.053999937632993e-05,0.00015999999595806003
2.0549999376269154e-05,0.00019999999494757503
2.055999937620838e-05,0.00019999999494757503
2.0569999376147605e-05,3.9999998989515007e-05
2.057999937608683e-05,3.9999998989515007e-05
2.0589999376026055e-05,0.00011999999696854502
2.059999937596528e-05,0.00015999999595806003
2.0609999375904506e-05,0.00015999999595806003
2.061999937584373e-05,7.999999797903001e-05
2.0629999375782956e-05,7.999999797903001e-05
2.063999937572218e-05,0.00015999999595806003
2.0649999375661407e-05,0.00011999999696854502
2.0659999375600632e-05,3.9999998989515007e-05
2.0669999375539858e-05,0.00011999999696854502
2.0679999375479083e-05,0.00015999999595806003
2.0689999375418308e-05,0.00011999999696854502
2.0699999375357533e-05,7.999999797903001e-05
2.070999937529676e-05,3.9999998989515007e-05
2.0719999375235984e-05,0.00015999999595806003
2.072999937517521e-05,0.00015999999595806003
2.0739999375114435e-05,7.999999797903001e-05
2.074999937505366e-05,7.999999797903001e-05
2.0759999374992885e-05,0.00011999999696854502
2.076999937493211e-05,0.00015999999595806003
2.0779999374871336e-05,0.00011999999696854502
2.078999937481056e-05,7.999999797903001e-05
2.0799999374749786e-05,7.999999797903001e-05
2.080999937468901e-05,0.00011999999696854502
2.0819999374628237e-05,7.999999797903001e-05
2.0829999374567462e-05,7.999999797903001e-05
2.0839999374506687e-05,0.00011999999696854502
2.0849999374445913e-05,0.00011999999696854502
2.0859999374385138e-05,7.999999797903001e-05
2.0869999374324363e-05,7.999999797903001e-05
2.087999937426359e-05,7.999999797903001e-05
2.0889999374202814e-05,7.999999797903001e-05
2.089999937414204e-05,0.00011999999696854502
2.0909999374081265e-05,0.00011999999696854502
2.091999937402049e-05,0.00011999999696854502
2.0929999373959715e-05,7.999999797903001e-05
2.093999937389894e-05,7.999999797903001e-05
2.0949999373838166e-05,7.999999797903001e-05
2.095999937377739e-05,0.00011999999696854502
2.0969999373716616e-05,7.999999797903001e-05
2.097999937365584e-05,7.999999797903001e-05
2.0989999373595067e-05,7.999999797903001e-05
2.0999999373534292e-05,0.00011999999696854502
2.1009999373473517e-05,0.00011999999696854502
2.1019999373412743e-05,7.999999797903001e-05
2.1029999373351968e-05,0.00011999999696854502
2.1039999373291193e-05,7.999999797903001e-05
2.104999937323042e-05,7.999999797903001e-05
2.1059999373169644e-05,0.00011999999696854502
2.106999937310887e-05,0.00011999999696854502
2.1079999373048094e-05,0.00011999999696854502
2.108999937298732e-05,7.999999797903001e-05
2.1099999372926545e-05,7.999999797903001e-05
2.110999937286577e-05,0.00011999999696854502
2.1119999372804996e-05,0.00011999999696854502
2.112999937274422e-05,0.00011999999696854502
2.1139999372683446e-05,0.00011999999696854502
2.114999937262267e-05,0.00011999999696854502
2.1159999372561897e-05,0.00011999999696854502
2.1169999372501122e-05,7.999999797903001e-05
2.1179999372440347e-05,0.00011999999696854502
2.1189999372379573e-05,7.999999797903001e-05
2.1199999372318798e-05,0.00011999999696854502
2.1209999372258023e-05,0.00011999999696854502
2.121999937219725e-05,7.999999797903001e-05
2.1229999372136474e-05,7.999999797903001e-05
2.12399993720757e-05,0.00011999999696854502
2.1249999372014924e-05,0.00011999999696854502
2.125999937195415e-05,0.00011999999696854502
2.1269999371893375e-05,0.00011999999696854502
2.12799993718326e-05,0.00011999999696854502
2.1289999371771826e-05,0.00011999999696854502
2.129999937171105e-05,0.00011999999696854502
2.1309999371650276e-05,7.999999797903001e-05
2.13199993715895e-05,7.999999797903001e-05
2.1329999371528727e-05,0.00011999999696854502
2.1339999371467952e-05,0.00011999999696854502
2.1349999371407177e-05,7.999999797903001e-05
2.1359999371346403e-05,0.00011999999696854502
2.1369999371285628e-05,0.00011999999696854502
2.1379999371224853e-05,0.00011999999696854502
2.138999937116408e-05,7.999999797903001e-05
2.1399999371103304e-05,0.00011999999696854502
2.140999937104253e-05,0.00011999999696854502
2.1419999370981754e-05,0.00011999999696854502
2.142999937092098e-05,0.00011999999696854502
2.1439999370860205e-05,0.00011999999696854502
2.144999937079943e-05,0.00011999999696854502
2.1459999370738655e-05,0.00011999999696854502
2.146999937067788e-05,7.999999797903001e-05
2.1479999370617106e-05,0.00011999999696854502
2.148999937055633e-05,0.00011999999696854502
2.1499999370495557e-05,7.999999797903001e-05
2.1509999370434782e-05,7.999999797903001e-05
2.1519999370374007e-05,7.999999797903001e-05
2.1529999370313233e-05,7.999999797903001e-05
2.1539999370252458e-05,0.00011999999696854502
2.1549999370191683e-05,7.999999797903001e-05
2.155999937013091e-05,0.00011999999696854502
2.1569999370070134e-05,7.999999797903001e-05
2.157999937000936e-05,7.999999797903001e-05
2.1589999369948584e-05,7.999999797903001e-05
2.159999936988781e-05,7.999999797903001e-05
2.1609999369827035e-05,0.00011999999696854502
2.161999936976626e-05,0.00011999999696854502
2.1629999369705485e-05,0.00011999999696854502
2.163999936964471e-05,7.999999797903001e-05
2.1649999369583936e-05,7.999999797903001e-05
2.165999936952316e-05,0.00011999999696854502
2.1669999369462387e-05,7.999999797903001e-05
2.1679999369401612e-05,0.00011999999696854502
2.1689999369340837e-05,7.999999797903001e-05
2.1699999369280062e-05,0.00011999999696854502
2.1709999369219288e-05,7.999999797903001e-05
2.1719999369158513e-05,7.999999797903001e-05
2.172999936909774e-05,0.00011999999696854502
2.1739999369036964e-05,7.999999797903001e-05
2.174999936897619e-05,0.00011999999696854502
2.1759999368915414e-05,7.999999797903001e-05
2.176999936885464e-05,7.999999797903001e-05
2.1779999368793865e-05,0.00011999999696854502
2.178999936873309e-05,0.00011999999696854502
2.1799999368672315e-05,7.999999797903001e-05
2.180999936861154e-05,0.00011999999696854502
2.1819999368550766e-05,0.00011999999696854502
2.182999936848999e-05,7.999999797903001e-05
2.1839999368429217e-05,0.00011999999696854502
2.1849999368368442e-05,0.00011999999696854502
2.1859999368307667e-05,0.00011999999696854502
2.1869999368246892e-05,0.00011999999696854502
2.1879999368186118e-05,7.999999797903001e-05
2.1889999368125343e-05,7.999999797903001e-05
2.1899999368064568e-05,7.999999797903001e-05
2.1909999368003794e-05,0.00011999999696854502
2.191999936794302e-05,0.00011999999696854502
2.1929999367882244e-05,0.00011999999696854502
2.193999936782147e-05,0.00011999999696854502
2.1949999367760695e-05,7.999999797903001e-05
2.195999936769992e-05,0.00011999999696854502
2.1969999367639145e-05,0.00011999999696854502
2.197999936757837e-05,0.00011999999696854502
2.1989999367517596e-05,0.00011999999696854502
2.199999936745682e-05,7.999999797903001e-05
2.2009999367396046e-05,7.999999797903001e-05
2.2019999367335272e-05,0.00011999999696854502
2.2029999367274497e-05,0.00011999999696854502
2.2039999367213722e-05,7.999999797903001e-05
2.2049999367152948e-05,7.999999797903001e-05
2.2059999367092173e-05,0.00011999999696854502
2.2069999367031398e-05,0.00011999999696854502
2.2079999366970623e-05,0.00011999999696854502
2.208999936690985e-05,0.00011999999696854502
2.2099999366849074e-05,7.999999797903001e-05
2.21099993667883e-05,7.999999797903001e-05
2.2119999366727525e-05,7.999999797903001e-05
2.212999936666675e-05,0.00011999999696854502
2.2139999366605975e-05,0.00011999999696854502
2.21499993665452e-05,0.00011999999696854502
2.2159999366484426e-05,0.00011999999696854502
2.216999936642365e-05,7.999999797903001e-05
2.2179999366362876e-05,0.00011999999696854502
2.21899993663021e-05,7.999999797903001e-05
2.2199999366241327e-05,7.999999797903001e-05
2.2209999366180552e-05,0.00011999999696854502
2.2219999366119778e-05,0.00011999999696854502
2.2229999366059003e-05,7.999999797903001e-05
2.2239999365998228e-05,0.00011999999696854502
2.2249999365937453e-05,0.00011999999696854502
2.225999936587668e-05,0.00011999999696854502
2.2269999365815904e-05,0.00011999999696854502
2.227999936575513e-05,0.00011999999696854502
2.2289999365694355e-05,7.999999797903001e-05
2.229999936563358e-05,0.00011999999696854502
2.2309999365572805e-05,0.00011999999696854502
2.231999936551203e-05,7.999999797903001e-05
2.2329999365451256e-05,0.00011999999696854502
2.233999936539048e-05,7.999999797903001e-05
2.2349999365329706e-05,0.00011999999696854502
2.235999936526893e-05,0.00011999999696854502
2.2369999365208157e-05,7.999999797903001e-05
2.2379999365147382e-05,0.00011999999696854502
2.2389999365086607e-05,0.00011999999696854502
2.2399999365025833e-05,0.00011999999696854502
2.2409999364965058e-05,7.999999797903001e-05
2.2419999364904283e-05,0.00011999999696854502
2.242999936484351e-05,0.00011999999696854502
2.2439999364782734e-05,7.999999797903001e-05
2.244999936472196e-05,0.00011999999696854502
2.2459999364661185e-05,0.00011999999696854502
2.246999936460041e-05,0.00011999999696854502
2.2479999364539635e-05,0.00011999999696854502
2.248999936447886e-05,7.999999797903001e-05
2.2499999364418086e-05,7.999999797903001e-05
2.250999936435731e-05,0.00011999999696854502
2.2519999364296536e-05,0.00011999999696854502
2.252999936423576e-05,0.00011999999696854502
2.2539999364174987e-05,0.00011999999696854502
2.2549999364114212e-05,0.00011999999696854502
2.2559999364053437e-05,0.00011999999696854502
2.2569999363992663e-05,0.00011999999696854502
2.2579999363931888e-05,0.00011999999696854502
2.2589999363871113e-05,0.00011999999696854502
2.259999936381034e-05,0.00011999999696854502
2.2609999363749564e-05,7.999999797903001e-05
2.261999936368879e-05,0.00011999999696854502
2.2629999363628014e-05,0.00011999999696854502
2.263999936356724e-05,0.00011999999696854502
2.2649999363506465e-05,0.00011999999696854502
2.265999936344569e-05,0.00011999999696854502
2.2669999363384916e-05,0.00011999999696854502
2.267999936332414e-05,0.00011999999696854502
2.2689999363263366e-05,0.00011999999696854502
2.269999936320259e-05,0.00011999999696854502
2.2709999363141817e-05,0.00011999999696854502
2.2719999363081042e-05,0.00011999999696854502
2.2729999363020267e-05,0.00011999999696854502
2.2739999362959493e-05,0.00011999999696854502
2.2749999362898718e-05,0.00011999999696854502
2.2759999362837943e-05,0.00011999999696854502
2.276999936277717e-05,7.999999797903001e-05
2.2779999362716394e-05,0.00011999999696854502
2.278999936265562e-05,0.00011999999696854502
2.2799999362594844e-05,0.00011999999696854502
2.280999936253407e-05,0.00011999999696854502
2.2819999362473295e-05,0.00011999999696854502
2.282999936241252e-05,0.00011999999696854502
2.2839999362351746e-05,0.00011999999696854502
2.284999936229097e-05,0.00011999999696854502
2.2859999362230196e-05,0.00011999999696854502
2.286999936216942e-05,0.00011999999696854502
2.2879999362108647e-05,0.00011999999696854502
2.2889999362047872e-05,0.00011999999696854502
2.2899999361987097e-05,0.00011999999696854502
2.2909999361926323e-05,0.00011999999696854502
2.2919999361865548e-05,0.00011999999696854502
2.2929999361804773e-05,0.00011999999696854502
2.2939999361744e-05,0.00011999999696854502
2.2949999361683224e-05,0.00011999999696854502
2.295999936162245e-05,0.00011999999696854502
2.2969999361561674e-05,0.00011999999696854502
2.29799993615009e-05,0.00011999999696854502
2.2989999361440125e-05,0.00011999999696854502
2.299999936137935e-05,0.00015999999595806003
2.3009999361318575e-05,0.00011999999696854502
2.30199993612578e-05,0.00011999999696854502
2.3029999361197026e-05,0.00011999999696854502
2.303999936113625e-05,0.00011999999696854502
2.3049999361075477e-05,0.00011999999696854502
2.3059999361014702e-05,0.00011999999696854502
2.3069999360953927e-05,0.00015999999595806003
2.3079999360893153e-05,0.00011999999696854502
2.3089999360832378e-05,0.00011999999696854502
2.3099999360771603e-05,0.00015999999595806003
2.310999936071083e-05,0.00011999999696854502
2.3119999360650054e-05,0.00011999999696854502
2.312999936058928e-05,0.00011999999696854502
2.3139999360528504e-05,0.00011999999696854502
2.314999936046773e-05,0.00011999999696854502
2.3159999360406955e-05,0.00011999999696854502
2.316999936034618e-05,0.00011999999696854502
2.3179999360285405e-05,0.00011999999696854502
2.318999936022463e-05,0.00015999999595806003
2.3199999360163856e-05,0.00015999999595806003
2.320999936010308e-05,0.00015999999595806003
2.3219999360042307e-05,0.00011999999696854502
2.3229999359981532e-05,0.00011999999696854502
2.3239999359920757e-05,0.00011999999696854502
2.3249999359859982e-05,0.00015999999595806003
2.3259999359799208e-05,0.00011999999696854502
2.3269999359738433e-05,0.00015999999595806003
2.327999935967766e-05,0.00015999999595806003
2.3289999359616884e-05,0.00011999999696854502
2.329999935955611e-05,0.00015999999595806003
2.3309999359495334e-05,0.00015999999595806003
2.331999935943456e-05,0.00015999999595806003
2.3329999359373785e-05,0.00015999999595806003
2.333999935931301e-05,0.00011999999696854502
2.3349999359252235e-05,0.00011999999696854502
2.335999935919146e-05,0.00015999999595806003
2.3369999359130686e-05,0.00015999999595806003
2.337999935906991e-05,0.00015999999595806003
2.3389999359009137e-05,0.00015999999595806003
2.3399999358948362e-05,0.00015999999595806003
2.3409999358887587e-05,0.00015999999595806003
2.3419999358826812e-05,0.00015999999595806003
2.3429999358766038e-05,0.00015999999595806003
2.3439999358705263e-05,0.00015999999595806003
2.3449999358644488e-05,0.00015999999595806003
2.3459999358583714e-05,0.00015999999595806003
2.346999935852294e-05,0.00015999999595806003
2.3479999358462164e-05,0.00015999999595806003
2.348999935840139e-05,0.00015999999595806003
2.3499999358340615e-05,0.00015999999595806003
2.350999935827984e-05,0.00015999999595806003
2.3519999358219065e-05,0.00015999999595806003
2.352999935815829e-05,0.00015999999595806003
2.3539999358097516e-05,0.00015999999595806003
2.354999935803674e-05,0.00015999999595806003
2.3559999357975966e-05,0.00019999999494757503
2.3569999357915192e-05,0.00015999999595806003
2.3579999357854417e-05,0.00015999999595806003
2.3589999357793642e-05,0.00015999999595806003
2.3599999357732868e-05,0.00019999999494757503
2.3609999357672093e-05,0.00015999999595806003
2.3619999357611318e-05,0.00019999999494757503
2.3629999357550543e-05,0.00019999999494757503
2.363999935748977e-05,0.00019999999494757503
2.3649999357428994e-05,0.00019999999494757503
2.365999935736822e-05,0.00019999999494757503
2.3669999357307445e-05,0.00019999999494757503
2.367999935724667e-05,0.00019999999494757503
2.3689999357185895e-05,0.00019999999494757503
2.369999935712512e-05,0.00019999999494757503
2.3709999357064346e-05,0.00019999999494757503
2.371999935700357e-05,0.00019999999494757503
2.3729999356942796e-05,0.00019999999494757503
2.373999935688202e-05,0.00023999999393709004
2.3749999356821247e-05,0.00019999999494757503
2.3759999356760472e-05,0.00019999999494757503
2.3769999356699698e-05,0.00019999999494757503
2.3779999356638923e-05,0.00019999999494757503
2.3789999356578148e-05,0.00019999999494757503
2.3799999356517373e-05,0.00019999999494757503
2.38099993564566e-05,0.00019999999494757503
2.3819999356395824e-05,0.00019999999494757503
2.382999935633505e-05,0.00019999999494757503
2.3839999356274275e-05,0.00019999999494757503
2.38499993562135e-05,0.00019999999494757503
2.3859999356152725e-05,0.00023999999393709004
2.386999935609195e-05,0.00019999999494757503
2.3879999356031176e-05,0.00019999999494757503
2.38899993559704e-05,0.00023999999393709004
2.3899999355909626e-05,0.00023999999393709004
2.390999935584885e-05,0.00023999999393709004
2.3919999355788077e-05,0.00023999999393709004
2.3929999355727302e-05,0.00023999999393709004
2.3939999355666527e-05,0.00023999999393709004
2.3949999355605753e-05,0.00023999999393709004
2.3959999355544978e-05,0.00023999999393709004
2.3969999355484203e-05,0.00023999999393709004
2.397999935542343e-05,0.00023999999393709004
2.3989999355362654e-05,0.00023999999393709004
2.399999935530188e-05,0.00023999999393709004
2.4009999355241105e-05,0.00023999999393709004
2.401999935518033e-05,0.00027999999292660505
2.4029999355119555e-05,0.00023999999393709004
2.403999935505878e-05,0.00023999999393709004
2.4049999354998006e-05,0.00027999999292660505
2.405999935493723e-05,0.00027999999292660505
2.4069999354876456e-05,0.00027999999292660505
2.407999935481568e-05,0.00027999999292660505
2.4089999354754907e-05,0.00027999999292660505
2.4099999354694132e-05,0.00027999999292660505
2.4109999354633357e-05,0.00027999999292660505
2.4119999354572583e-05,0.00027999999292660505
2.4129999354511808e-05,0.00027999999292660505
2.4139999354451033e-05,0.00027999999292660505
2.414999935439026e-05,0.00027999999292660505
2.4159999354329484e-05,0.00031999999191612005
2.416999935426871e-05,0.00031999999191612005
2.4179999354207934e-05,0.00027999999292660505
2.418999935414716e-05,0.00031999999191612005
2.4199999354086385e-05,0.00031999999191612005
2.420999935402561e-05,0.00031999999191612005
2.4219999353964836e-05,0.00031999999191612005
2.422999935390406e-05,0.00031999999191612005
2.4239999353843286e-05,0.00031999999191612005
2.424999935378251e-05,0.00031999999191612005
2.4259999353721737e-05,0.00031999999191612005
2.4269999353660962e-05,0.00031999999191612005
2.4279999353600187e-05,0.00031999999191612005
2.4289999353539413e-05,0.00031999999191612005
2.4299999353478638e-05,0.00031999999191612005
2.4309999353417863e-05,0.00031999999191612005
2.431999935335709e-05,0.00031999999191612005
2.4329999353296314e-05,0.00031999999191612005
2.433999935323554e-05,0.00035999999090563506
2.4349999353174764e-05,0.00035999999090563506
2.435999935311399e-05,0.00035999999090563506
2.4369999353053215e-05,0.00035999999090563506
2.437999935299244e-05,0.00035999999090563506
2.4389999352931666e-05,0.00035999999090563506
2.439999935287089e-05,0.00035999999090563506
2.4409999352810116e-05,0.00035999999090563506
2.441999935274934e-05,0.00039999998989515007
2.4429999352688567e-05,0.00039999998989515007
2.4439999352627792e-05,0.00039999998989515007
2.4449999352567017e-05,0.00039999998989515007
2.4459999352506243e-05,0.00039999998989515007
2.4469999352445468e-05,0.00039999998989515007
2.4479999352384693e-05,0.00039999998989515007
2.448999935232392e-05,0.00039999998989515007
2.4499999352263144e-05,0.00039999998989515007
2.450999935220237e-05,0.00039999998989515007
2.4519999352141594e-05,0.00039999998989515007
2.452999935208082e-05,0.00039999998989515007
2.4539999352020045e-05,0.00039999998989515007
2.454999935195927e-05,0.00043999998888466507
2.4559999351898495e-05,0.00043999998888466507
2.456999935183772e-05,0.00043999998888466507
2.4579999351776946e-05,0.00043999998888466507
2.458999935171617e-05,0.00043999998888466507
2.4599999351655397e-05,0.00043999998888466507
2.4609999351594622e-05,0.00043999998888466507
2.4619999351533847e-05,0.00043999998888466507
2.4629999351473073e-05,0.00043999998888466507
2.4639999351412298e-05,0.00043999998888466507
2.4649999351351523e-05,0.0004799999878741801
2.465999935129075e-05,0.0004799999878741801
2.4669999351229974e-05,0.0004799999878741801
2.46799993511692e-05,0.0004799999878741801
2.4689999351108424e-05,0.0004799999878741801
2.469999935104765e-05,0.0004799999878741801
2.4709999350986875e-05,0.0004799999878741801
2.47199993509261e-05,0.0005199999868636951
2.4729999350865325e-05,0.0004799999878741801
2.473999935080455e-05,0.0005199999868636951
2.4749999350743776e-05,0.0004799999878741801
2.4759999350683e-05,0.0005199999868636951
2.4769999350622227e-05,0.0005199999868636951
2.4779999350561452e-05,0.0005199999868636951
2.4789999350500677e-05,0.0005199999868636951
2.4799999350439902e-05,0.0005199999868636951
2.4809999350379128e-05,0.0005599999858532101
2.4819999350318353e-05,0.0005599999858532101
2.482999935025758e-05,0.0005199999868636951
2.4839999350196804e-05,0.0005599999858532101
2.484999935013603e-05,0.0005599999858532101
2.4859999350075254e-05,0.0005599999858532101
2.486999935001448e-05,0.0005599999858532101
2.4879999349953705e-05,0.0005599999858532101
2.488999934989293e-05,0.0005599999858532101
2.4899999349832155e-05,0.0005599999858532101
2.490999934977138e-05,0.0005999999848427251
2.4919999349710606e-05,0.0005999999848427251
2.492999934964983e-05,0.0005999999848427251
2.4939999349589057e-05,0.0005999999848427251
2.4949999349528282e-05,0.0005999999848427251
2.4959999349467507e-05,0.0005999999848427251
2.4969999349406732e-05,0.0005999999848427251
2.4979999349345958e-05,0.0006399999838322401
2.4989999349285183e-05,0.0006399999838322401
2.4999999349224408e-05,0.0005999999848427251
2.5009999349163634e-05,0.0006399999838322401
2.501999934910286e-05,0.0006399999838322401
2.5029999349042084e-05,0.0006399999838322401
2.503999934898131e-05,0.0006399999838322401
2.5049999348920535e-05,0.0006399999838322401
2.505999934885976e-05,0.0006399999838322401
2.5069999348798985e-05,0.0006799999828217551
2.507999934873821e-05,0.0006799999828217551
2.5089999348677436e-05,0.0006799999828217551
2.509999934861666e-05,0.0006799999828217551
2.5109999348555886e-05,0.0006799999828217551
2.5119999348495112e-05,0.0006799999828217551
2.5129999348434337e-05,0.0006799999828217551
2.5139999348373562e-05,0.0007199999818112701
2.5149999348312788e-05,0.0007199999818112701
2.5159999348252013e-05,0.0007199999818112701
2.5169999348191238e-05,0.0007199999818112701
2.5179999348130463e-05,0.0007199999818112701
2.518999934806969e-05,0.0007199999818112701
2.5199999348008914e-05,0.0007199999818112701
2.520999934794814e-05,0.0007199999818112701
2.5219999347887365e-05,0.0007199999818112701
2.522999934782659e-05,0.0007599999808007851
2.5239999347765815e-05,0.0007599999808007851
2.524999934770504e-05,0.0007599999808007851
2.5259999347644266e-05,0.0007599999808007851
2.526999934758349e-05,0.0007599999808007851
2.5279999347522716e-05,0.0007599999808007851
2.528999934746194e-05,0.0007999999797903001
2.5299999347401167e-05,0.0007599999808007851
2.5309999347340392e-05,0.0007999999797903001
2.5319999347279618e-05,0.0007999999797903001
2.5329999347218843e-05,0.0007999999797903001
2.5339999347158068e-05,0.0007999999797903001
2.5349999347097293e-05,0.0007999999797903001
2.535999934703652e-05,0.0007999999797903001
2.5369999346975744e-05,0.0007999999797903001
2.537999934691497e-05,0.0008399999787798151
2.5389999346854195e-05,0.0008399999787798151
2.539999934679342e-05,0.0008399999787798151
2.5409999346732645e-05,0.0008399999787798151
2.541999934667187e-05,0.0008399999787798151
2.5429999346611096e-05,0.0008399999787798151
2.543999934655032e-05,0.0008399999787798151
2.5449999346489546e-05,0.0008799999777693301
2.545999934642877e-05,0.0008799999777693301
2.5469999346367997e-05,0.0008799999777693301
2.5479999346307222e-05,0.0008799999777693301
2.5489999346246447e-05,0.0008799999777693301
2.5499999346185673e-05,0.0008799999777693301
2.5509999346124898e-05,0.0008799999777693301
2.5519999346064123e-05,0.0008799999777693301
2.552999934600335e-05,0.0009199999767588452
2.5539999345942574e-05,0.0008799999777693301
2.55499993458818e-05,0.0009199999767588452
2.5559999345821025e-05,0.0009199999767588452
2.556999934576025e-05,0.0009199999767588452
2.5579999345699475e-05,0.0009199999767588452
2.55899993456387e-05,0.0009199999767588452
2.5599999345577926e-05,0.0009199999767588452
2.560999934551715e-05,0.0009199999767588452
2.5619999345456376e-05,0.0009599999757483602
2.56299993453956e-05,0.0009599999757483602
2.5639999345334827e-05,0.0009599999757483602
2.5649999345274052e-05,0.0009599999757483602
2.5659999345213277e-05,0.0009599999757483602
2.5669999345152503e-05,0.0009599999757483602
2.5679999345091728e-05,0.0009599999757483602
2.5689999345030953e-05,0.0009599999757483602
2.569999934497018e-05,0.0009599999757483602
2.5709999344909404e-05,0.0009999999747378752
2.571999934484863e-05,0.0009999999747378752
2.5729999344787854e-05,0.0009999999747378752
2.573999934472708e-05,0.0009999999747378752
2.5749999344666305e-05,0.0009999999747378752
2.575999934460553e-05,0.0009999999747378752
2.5769999344544756e-05,0.0009999999747378752
2.577999934448398e-05,0.0010399999737273902
2.5789999344423206e-05,0.0009999999747378752
2.579999934436243e-05,0.0010399999737273902
2.5809999344301657e-05,0.0010399999737273902
2.5819999344240882e-05,0.0010399999737273902
2.5829999344180107e-05,0.0010399999737273902
2.5839999344119333e-05,0.0010399999737273902
2.5849999344058558e-05,0.0010399999737273902
2.5859999343997783e-05,0.0010399999737273902
2.586999934393701e-05,0.0010799999727169052
2.5879999343876234e-05,0.0010799999727169052
2.588999934381546e-05,0.0010799999727169052
2.5899999343754684e-05,0.0010399999737273902
2.590999934369391e-05,0.0010799999727169052
2.5919999343633135e-05,0.0010799999727169052
2.592999934357236e-05,0.0010799999727169052
2.5939999343511586e-05,0.0010799999727169052
2.594999934345081e-05,0.0010799999727169052
2.5959999343390036e-05,0.0010799999727169052
2.596999934332926e-05,0.0010799999727169052
2.5979999343268487e-05,0.0011199999717064202
2.5989999343207712e-05,0.0011199999717064202
2.5999999343146937e-05,0.0011199999717064202
2.6009999343086163e-05,0.0011199999717064202
2.6019999343025388e-05,0.0011199999717064202
2.6029999342964613e-05,0.0011199999717064202
2.603999934290384e-05,0.0011199999717064202
2.6049999342843064e-05,0.0011199999717064202
2.605999934278229e-05,0.0011599999706959352
2.6069999342721514e-05,0.0011599999706959352
2.607999934266074e-05,0.0011599999706959352
2.6089999342599965e-05,0.0011599999706959352
2.609999934253919e-05,0.0011599999706959352
2.6109999342478415e-05,0.0011599999706959352
2.611999934241764e-05,0.0011599999706959352
2.6129999342356866e-05,0.0011599999706959352
2.613999934229609e-05,0.0011599999706959352
2.6149999342235317e-05,0.0011599999706959352
2.6159999342174542e-05,0.0011999999696854502
2.6169999342113767e-05,0.0011999999696854502
2.6179999342052993e-05,0.0011999999696854502
2.6189999341992218e-05,0.0011999999696854502
2.6199999341931443e-05,0.0011999999696854502
2.620999934187067e-05,0.0011999999696854502
2.6219999341809894e-05,0.0011999999696854502
2.622999934174912e-05,0.0011999999696854502
2.6239999341688344e-05,0.0011999999696854502
2.624999934162757e-05,0.0011999999696854502
2.6259999341566795e-05,0.0011999999696854502
2.626999934150602e-05,0.0011999999696854502
2.6279999341445245e-05,0.0012399999686749652
2.628999934138447e-05,0.0012399999686749652
2.6299999341323696e-05,0.0012399999686749652
2.630999934126292e-05,0.0012399999686749652
2.6319999341202147e-05,0.0012399999686749652
2.6329999341141372e-05,0.0012399999686749652
2.6339999341080597e-05,0.0012399999686749652
2.6349999341019822e-05,0.0012399999686749652
2.6359999340959048e-05,0.0012399999686749652
2.6369999340898273e-05,0.0012399999686749652
2.63799993408375e-05,0.0012399999686749652
2.6389999340776724e-05,0.0012399999686749652
2.639999934071595e-05,0.0012399999686749652
2.6409999340655174e-05,0.0012799999676644802
2.64199993405944e-05,0.0012799999676644802
2.6429999340533625e-05,0.0012799999676644802
2.643999934047285e-05,0.0012799999676644802
2.6449999340412075e-05,0.0012799999676644802
2.64599993403513e-05,0.0012799999676644802
2.6469999340290526e-05,0.0012799999676644802
2.647999934022975e-05,0.0012799999676644802
2.6489999340168977e-05,0.0012799999676644802
2.6499999340108202e-05,0.0012799999676644802
2.6509999340047427e-05,0.0012799999676644802
2.6519999339986652e-05,0.0012799999676644802
2.6529999339925878e-05,0.0012799999676644802
2.6539999339865103e-05,0.0012799999676644802
2.6549999339804328e-05,0.0012799999676644802
2.6559999339743554e-05,0.0012799999676644802
2.656999933968278e-05,0.0013199999666539952
2.6579999339622004e-05,0.0013199999666539952
2.658999933956123e-05,0.0012799999676644802
2.6599999339500455e-05,0.0012799999676644802
2.660999933943968e-05,0.0013199999666539952
2.6619999339378905e-05,0.0013199999666539952
2.662999933931813e-05,0.0013199999666539952
2.6639999339257356e-05,0.0013199999666539952
2.664999933919658e-05,0.0013199999666539952
2.6659999339135806e-05,0.0013199999666539952
2.6669999339075032e-05,0.0013199999666539952
2.6679999339014257e-05,0.0013199999666539952
2.6689999338953482e-05,0.0013199999666539952
2.6699999338892708e-05,0.0013199999666539952
2.6709999338831933e-05,0.0013199999666539952
2.6719999338771158e-05,0.0013199999666539952
2.6729999338710383e-05,0.0013199999666539952
2.673999933864961e-05,0.0013199999666539952
2.6749999338588834e-05,0.0013199999666539952
2.675999933852806e-05,0.0013199999666539952
2.6769999338467285e-05,0.0013599999656435102
2.677999933840651e-05,0.0013199999666539952
2.6789999338345735e-05,0.0013199999666539952
2.679999933828496e-05,0.0013599999656435102
2.6809999338224186e-05,0.0013599999656435102
2.681999933816341e-05,0.0013599999656435102
2.6829999338102636e-05,0.0013199999666539952
2.683999933804186e-05,0.0013199999666539952
2.6849999337981087e-05,0.0013599999656435102
2.6859999337920312e-05,0.0013599999656435102
2.6869999337859538e-05,0.0013599999656435102
2.6879999337798763e-05,0.0013599999656435102
2.6889999337737988e-05,0.0013599999656435102
2.6899999337677213e-05,0.0013599999656435102
2.690999933761644e-05,0.0013599999656435102
2.6919999337555664e-05,0.0013599999656435102
2.692999933749489e-05,0.0013599999656435102
2.6939999337434115e-05,0.0013599999656435102
2.694999933737334e-05,0.0013599999656435102
2.6959999337312565e-05,0.0013599999656435102
2.696999933725179e-05,0.0013599999656435102
2.6979999337191016e-05,0.0013599999656435102
2.698999933713024e-05,0.0013599999656435102
2.6999999337069466e-05,0.0013599999656435102
2.700999933700869e-05,0.0013599999656435102
2.7019999336947917e-05,0.0013599999656435102
2.7029999336887142e-05,0.0013599999656435102
2.7039999336826367e-05,0.0013599999656435102
2.7049999336765593e-05,0.0013599999656435102
2.7059999336704818e-05,0.0013599999656435102
2.7069999336644043e-05,0.0013599999656435102
2.707999933658327e-05,0.0013599999656435102
2.7089999336522494e-05,0.0013599999656435102
2.709999933646172e-05,0.0013599999656435102
2.7109999336400945e-05,0.0013599999656435102
2.711999933634017e-05,0.0013599999656435102
2.7129999336279395e-05,0.0013599999656435102
2.713999933621862e-05,0.0013599999656435102
2.7149999336157846e-05,0.0013599999656435102
2.715999933609707e-05,0.0013599999656435102
2.7169999336036296e-05,0.0013999999646330252
2.717999933597552e-05,0.0013999999646330252
2.7189999335914747e-05,0.0013599999656435102
2.7199999335853972e-05,0.0013599999656435102
2.7209999335793197e-05,0.0013599999656435102
2.7219999335732423e-05,0.0013999999646330252
2.7229999335671648e-05,0.0013999999646330252
2.7239999335610873e-05,0.0013599999656435102
2.72499993355501e-05,0.0013599999656435102
2.7259999335489324e-05,0.0013599999656435102
2.726999933542855e-05,0.0013599999656435102
2.7279999335367774e-05,0.0013599999656435102
2.7289999335307e-05,0.0013599999656435102
2.7299999335246225e-05,0.0013599999656435102
2.730999933518545e-05,0.0013599999656435102
2.7319999335124676e-05,0.0013599999656435102
2.73299993350639e-05,0.0013599999656435102
2.7339999335003126e-05,0.0013599999656435102
2.734999933494235e-05,0.0013999999646330252
2.7359999334881577e-05,0.0013599999656435102
2.7369999334820802e-05,0.0013599999656435102
2.7379999334760027e-05,0.0013599999656435102
2.7389999334699253e-05,0.0013599999656435102
2.7399999334638478e-05,0.0013599999656435102
2.7409999334577703e-05,0.0013599999656435102
2.741999933451693e-05,0.0013599999656435102
2.7429999334456154e-05,0.0013599999656435102
2.743999933439538e-05,0.0013599999656435102
2.7449999334334604e-05,0.0013599999656435102
2.745999933427383e-05,0.0013599999656435102
2.7469999334213055e-05,0.0013599999656435102
2.747999933415228e-05,0.0013599999656435102
2.7489999334091506e-05,0.0013599999656435102
2.749999933403073e-05,0.0013599999656435102
2.7509999333969956e-05,0.0013599999656435102
2.751999933390918e-05,0.0013599999656435102
2.7529999333848407e-05,0.0013599999656435102
2.7539999333787632e-05,0.0013599999656435102
2.7549999333726857e-05,0.0013599999656435102
2.7559999333666083e-05,0.0013599999656435102
2.7569999333605308e-05,0.0013599999656435102
2.7579999333544533e-05,0.0013599999656435102
2.758999933348376e-05,0.0013599999656435102
2.7599999333422984e-05,0.0013199999666539952
2.760999933336221e-05,0.0013599999656435102
2.7619999333301434e-05,0.0013599999656435102
2.762999933324066e-05,0.0013599999656435102
2.7639999333179885e-05,0.0013599999656435102
2.764999933311911e-05,0.0013199999666539952
2.7659999333058335e-05,0.0013599999656435102
2.766999933299756e-05,0.0013599999656435102
2.7679999332936786e-05,0.0013199999666539952
2.768999933287601e-05,0.0013199999666539952
2.7699999332815237e-05,0.0013599999656435102
2.7709999332754462e-05,0.0013199999666539952
2.7719999332693687e-05,0.0013199999666539952
2.7729999332632913e-05,0.0013199999666539952
2.7739999332572138e-05,0.0013199999666539952
2.7749999332511363e-05,0.0013599999656435102
2.775999933245059e-05,0.0013199999666539952
2.7769999332389814e-05,0.0013199999666539952
2.777999933232904e-05,0.0013199999666539952
2.7789999332268264e-05,0.0013199999666539952
2.779999933220749e-05,0.0013199999666539952
2.7809999332146715e-05,0.0013199999666539952
2.781999933208594e-05,0.0013199999666539952
2.7829999332025165e-05,0.0013199999666539952
2.783999933196439e-05,0.0013199999666539952
2.7849999331903616e-05,0.0013199999666539952
2.785999933184284e-05,0.0013199999666539952
2.7869999331782067e-05,0.0012799999676644802
2.7879999331721292e-05,0.0013199999666539952
2.7889999331660517e-05,0.0012799999676644802
2.7899999331599742e-05,0.0012799999676644802
2.7909999331538968e-05,0.0013199999666539952
2.7919999331478193e-05,0.0012799999676644802
2.792999933141742e-05,0.0012799999676644802
2.7939999331356644e-05,0.0012799999676644802
2.794999933129587e-05,0.0012799999676644802
2.7959999331235094e-05,0.0012799999676644802
2.796999933117432e-05,0.0012799999676644802
2.7979999331113545e-05,0.0012799999676644802
2.798999933105277e-05,0.0012799999676644802
2.7999999330991995e-05,0.0012799999676644802
2.800999933093122e-05,0.0012799999676644802
2.8019999330870446e-05,0.0012799999676644802
2.802999933080967e-05,0.0012799999676644802
2.8039999330748896e-05,0.0012799999676644802
2.8049999330688122e-05,0.0012799999676644802
2.8059999330627347e-05,0.0012399999686749652
2.8069999330566572e-05,0.0012799999676644802
2.8079999330505798e-05,0.0012399999686749652
2.8089999330445023e-05,0.0012399999686749652
2.8099999330384248e-05,0.0012399999686749652
2.8109999330323474e-05,0.0012399999686749652
2.81199993302627e-05,0.0012399999686749652
2.8129999330201924e-05,0.0012399999686749652
2.813999933014115e-05,0.0012399999686749652
2.8149999330080375e-05,0.0012399999686749652
2.81599993300196e-05,0.0012399999686749652
2.8169999329958825e-05,0.0012399999686749652
2.817999932989805e-05,0.0012399999686749652
2.8189999329837276e-05,0.0012399999686749652
2.81999993297765e-05,0.0011999999696854502
2.8209999329715726e-05,0.0011999999696854502
2.8219999329654952e-05,0.0011999999696854502
2.8229999329594177e-05,0.0011999999696854502
2.8239999329533402e-05,0.0011999999696854502
2.8249999329472628e-05,0.0011999999696854502
2.8259999329411853e-05,0.0011999999696854502
2.8269999329351078e-05,0.0011999999696854502
2.8279999329290303e-05,0.0011999999696854502
2.828999932922953e-05,0.0011599999706959352
2.8299999329168754e-05,0.0011599999706959352
2.830999932910798e-05,0.0011599999706959352
2.8319999329047205e-05,0.0011599999706959352
2.832999932898643e-05,0.0011599999706959352
2.8339999328925655e-05,0.0011599999706959352
2.834999932886488e-05,0.0011599999706959352
2.8359999328804106e-05,0.0011599999706959352
2.836999932874333e-05,0.0011599999706959352
2.8379999328682556e-05,0.0011599999706959352
2.838999932862178e-05,0.0011599999706959352
2.8399999328561007e-05,0.0011599999706959352
2.8409999328500232e-05,0.0011199999717064202
2.8419999328439458e-05,0.0011199999717064202
2.8429999328378683e-05,0.0011199999717064202
2.8439999328317908e-05,0.0011199999717064202
2.8449999328257133e-05,0.0011199999717064202
2.845999932819636e-05,0.0011199999717064202
2.8469999328135584e-05,0.0011199999717064202
2.847999932807481e-05,0.0011199999717064202
2.8489999328014035e-05,0.0010799999727169052
2.849999932795326e-05,0.0010799999727169052
2.8509999327892485e-05,0.0010799999727169052
2.851999932783171e-05,0.0010799999727169052
2.8529999327770936e-05,0.0010799999727169052
2.853999932771016e-05,0.0010799999727169052
2.8549999327649386e-05,0.0010799999727169052
2.855999932758861e-05,0.0010799999727169052
2.8569999327527837e-05,0.0010799999727169052
2.8579999327467062e-05,0.0010799999727169052
2.8589999327406287e-05,0.0010799999727169052
2.8599999327345513e-05,0.0010399999737273902
2.8609999327284738e-05,0.0010399999737273902
2.8619999327223963e-05,0.0010399999737273902
2.862999932716319e-05,0.0010399999737273902
2.8639999327102414e-05,0.0010399999737273902
2.864999932704164e-05,0.0010399999737273902
2.8659999326980864e-05,0.0010399999737273902
2.866999932692009e-05,0.0009999999747378752
2.8679999326859315e-05,0.0010399999737273902
2.868999932679854e-05,0.0009999999747378752
2.8699999326737766e-05,0.0009999999747378752
2.870999932667699e-05,0.0009999999747378752
2.8719999326616216e-05,0.0009999999747378752
2.872999932655544e-05,0.0009999999747378752
2.8739999326494667e-05,0.0009999999747378752
2.8749999326433892e-05,0.0009999999747378752
2.8759999326373117e-05,0.0009999999747378752
2.8769999326312343e-05,0.0009999999747378752
2.8779999326251568e-05,0.0009599999757483602
2.8789999326190793e-05,0.0009599999757483602
2.879999932613002e-05,0.0009999999747378752
2.8809999326069244e-05,0.0009599999757483602
2.881999932600847e-05,0.0009599999757483602
2.8829999325947694e-05,0.0009599999757483602
2.883999932588692e-05,0.0009599999757483602
2.8849999325826145e-05,0.0009599999757483602
2.885999932576537e-05,0.0009599999757483602
2.8869999325704596e-05,0.0009599999757483602
2.887999932564382e-05,0.0009199999767588452
2.8889999325583046e-05,0.0009199999767588452
2.889999932552227e-05,0.0009199999767588452
2.8909999325461497e-05,0.0009199999767588452
2.8919999325400722e-05,0.0009199999767588452
2.8929999325339947e-05,0.0009199999767588452
2.8939999325279173e-05,0.0008799999777693301
2.8949999325218398e-05,0.0008799999777693301
2.8959999325157623e-05,0.0008799999777693301
2.896999932509685e-05,0.0008799999777693301
2.8979999325036074e-05,0.0008799999777693301
2.89899993249753e-05,0.0008799999777693301
2.8999999324914524e-05,0.0008399999787798151
2.900999932485375e-05,0.0008399999787798151
2.9019999324792975e-05,0.0008399999787798151
2.90299993247322e-05,0.0008399999787798151
2.9039999324671426e-05,0.0008399999787798151
2.904999932461065e-05,0.0008399999787798151
2.9059999324549876e-05,0.0008399999787798151
2.90699993244891e-05,0.0007999999797903001
2.9079999324428327e-05,0.0007999999797903001
2.9089999324367552e-05,0.0007999999797903001
2.9099999324306777e-05,0.0007999999797903001
2.9109999324246003e-05,0.0007999999797903001
2.9119999324185228e-05,0.0007999999797903001
2.9129999324124453e-05,0.0007999999797903001
2.913999932406368e-05,0.0007999999797903001
2.9149999324002904e-05,0.0007999999797903001
2.915999932394213e-05,0.0007999999797903001
2.9169999323881354e-05,0.0007599999808007851
2.917999932382058e-05,0.0007599999808007851
2.9189999323759805e-05,0.0007599999808007851
2.919999932369903e-05,0.0007599999808007851
2.9209999323638255e-05,0.0007599999808007851
2.921999932357748e-05,0.0007599999808007851
2.9229999323516706e-05,0.0007199999818112701
2.923999932345593e-05,0.0007199999818112701
2.9249999323395157e-05,0.0007199999818112701
2.9259999323334382e-05,0.0007199999818112701
2.9269999323273607e-05,0.0007199999818112701
2.9279999323212832e-05,0.0007199999818112701
2.9289999323152058e-05,0.0006799999828217551
2.9299999323091283e-05,0.0007199999818112701
2.930999932303051e-05,0.0006799999828217551
2.9319999322969734e-05,0.0006799999828217551
2.932999932290896e-05,0.0006799999828217551
2.9339999322848184e-05,0.0006799999828217551
2.934999932278741e-05,0.0006799999828217551
2.9359999322726635e-05,0.0006799999828217551
2.936999932266586e-05,0.0006799999828217551
2.9379999322605085e-05,0.0006799999828217551
2.938999932254431e-05,0.0006399999838322401
2.9399999322483536e-05,0.0006399999838322401
2.940999932242276e-05,0.0006399999838322401
2.9419999322361987e-05,0.0006399999838322401
2.9429999322301212e-05,0.0006399999838322401
2.9439999322240437e-05,0.0006399999838322401
2.9449999322179662e-05,0.0005999999848427251
2.9459999322118888e-05,0.0006399999838322401
2.9469999322058113e-05,0.0005999999848427251
2.9479999321997338e-05,0.0005999999848427251
2.9489999321936564e-05,0.0005999999848427251
2.949999932187579e-05,0.0005999999848427251
2.9509999321815014e-05,0.0005999999848427251
2.951999932175424e-05,0.0005999999848427251
2.9529999321693465e-05,0.0005999999848427251
2.953999932163269e-05,0.0005999999848427251
2.9549999321571915e-05,0.0005599999858532101
2.955999932151114e-05,0.0005999999848427251
2.9569999321450366e-05,0.0005599999858532101
2.957999932138959e-05,0.0005599999858532101
2.9589999321328816e-05,0.0005599999858532101
2.9599999321268042e-05,0.0005599999858532101
2.9609999321207267e-05,0.0005199999868636951
2.9619999321146492e-05,0.0005199999868636951
2.9629999321085718e-05,0.0005599999858532101
2.9639999321024943e-05,0.0005199999868636951
2.9649999320964168e-05,0.0005199999868636951
2.9659999320903394e-05,0.0005199999868636951
2.966999932084262e-05,0.0005199999868636951
2.9679999320781844e-05,0.0005199999868636951
2.968999932072107e-05,0.0005199999868636951
2.9699999320660295e-05,0.0005199999868636951
2.970999932059952e-05,0.0005199999868636951
2.9719999320538745e-05,0.0004799999878741801
2.972999932047797e-05,0.0004799999878741801
2.9739999320417196e-05,0.0004799999878741801
2.974999932035642e-05,0.0004799999878741801
2.9759999320295646e-05,0.0004799999878741801
2.9769999320234872e-05,0.0004799999878741801
2.9779999320174097e-05,0.0004799999878741801
2.9789999320113322e-05,0.0004799999878741801
2.9799999320052548e-05,0.0004799999878741801
2.9809999319991773e-05,0.0004799999878741801
2.9819999319930998e-05,0.0004799999878741801
2.9829999319870223e-05,0.00043999998888466507
2.983999931980945e-05,0.00043999998888466507
2.9849999319748674e-05,0.0004799999878741801
2.98599993196879e-05,0.00043999998888466507
2.9869999319627125e-05,0.00043999998888466507
2.987999931956635e-05,0.00043999998888466507
2.9889999319505575e-05,0.00039999998989515007
2.98999993194448e-05,0.00039999998989515007
2.9909999319384026e-05,0.00039999998989515007
2.991999931932325e-05,0.00039999998989515007
2.9929999319262476e-05,0.00039999998989515007
2.99399993192017e-05,0.00039999998989515007
2.9949999319140927e-05,0.00039999998989515007
2.9959999319080152e-05,0.00039999998989515007
2.9969999319019378e-05,0.00039999998989515007
2.9979999318958603e-05,0.00039999998989515007
2.9989999318897828e-05,0.00039999998989515007
2.9999999318837053e-05,0.00035999999090563506
3.000999931877628e-05,0.00035999999090563506
3.0019999318715504e-05,0.00035999999090563506
3.002999931865473e-05,0.00035999999090563506
3.0039999318593955e-05,0.00035999999090563506
3.004999931853318e-05,0.00035999999090563506
3.0059999318472405e-05,0.00035999999090563506
3.006999931841163e-05,0.00035999999090563506
3.0079999318350856e-05,0.00035999999090563506
3.008999931829008e-05,0.00035999999090563506
3.0099999318229306e-05,0.00031999999191612005
3.010999931816853e-05,0.00035999999090563506
3.0119999318107757e-05,0.00031999999191612005
3.0129999318046982e-05,0.00031999999191612005
3.0139999317986207e-05,0.00035999999090563506
3.0149999317925433e-05,0.00035999999090563506
3.0159999317864658e-05,0.00031999999191612005
3.0169999317803883e-05,0.00031999999191612005
3.017999931774311e-05,0.00031999999191612005
3.0189999317682334e-05,0.00031999999191612005
3.019999931762156e-05,0.00031999999191612005
3.0209999317560784e-05,0.00031999999191612005
3.021999931750001e-05,0.00031999999191612005
3.0229999317439235e-05,0.00027999999292660505
3.023999931737846e-05,0.00031999999191612005
3.0249999317317686e-05,0.00031999999191612005
3.025999931725691e-05,0.00031999999191612005
3.0269999317196136e-05,0.00027999999292660505
3.027999931713536e-05,0.00027999999292660505
3.0289999317074587e-05,0.00027999999292660505
3.0299999317013812e-05,0.00027999999292660505
3.0309999316953037e-05,0.00027999999292660505
3.0319999316892263e-05,0.00027999999292660505
3.0329999316831488e-05,0.00027999999292660505
3.0339999316770713e-05,0.00027999999292660505
3.034999931670994e-05,0.00027999999292660505
3.0359999316649164e-05,0.00027999999292660505
3.036999931658839e-05,0.00023999999393709004
3.0379999316527614e-05,0.00027999999292660505
3.038999931646684e-05,0.00027999999292660505
3.0399999316406065e-05,0.00027999999292660505
3.040999931634529e-05,0.00027999999292660505
3.0419999316284516e-05,0.00023999999393709004
3.042999931622374e-05,0.00023999999393709004
3.0439999316162966e-05,0.00023999999393709004
3.044999931610219e-05,0.00023999999393709004
3.0459999316041417e-05,0.00023999999393709004
3.0469999315980642e-05,0.00023999999393709004
3.0479999315919867e-05,0.00023999999393709004
3.0489999315859093e-05,0.00027999999292660505
3.0499999315798318e-05,0.00023999999393709004
3.0509999315737543e-05,0.00023999999393709004
3.051999931567677e-05,0.00023999999393709004
3.0529999315615994e-05,0.00023999999393709004
3.053999931555522e-05,0.00023999999393709004
3.0549999315494444e-05,0.00023999999393709004
3.055999931543367e-05,0.00023999999393709004
3.0569999315372895e-05,0.00023999999393709004
3.057999931531212e-05,0.00023999999393709004
3.0589999315251346e-05,0.00023999999393709004
3.059999931519057e-05,0.00023999999393709004
3.0609999315129796e-05,0.00019999999494757503
3.061999931506902e-05,0.00019999999494757503
3.062999931500825e-05,0.00019999999494757503
3.063999931494747e-05,0.00019999999494757503
3.06499993148867e-05,0.00019999999494757503
3.065999931482592e-05,0.00023999999393709004
3.066999931476515e-05,0.00019999999494757503
3.067999931470437e-05,0.00019999999494757503
3.06899993146436e-05,0.00019999999494757503
3.0699999314582824e-05,0.00019999999494757503
3.070999931452205e-05,0.00019999999494757503
3.0719999314461274e-05,0.00019999999494757503
3.07299993144005e-05,0.00019999999494757503
3.0739999314339725e-05,0.00019999999494757503
3.074999931427895e-05,0.00019999999494757503
3.0759999314218175e-05,0.00019999999494757503
3.07699993141574e-05,0.00019999999494757503
3.0779999314096626e-05,0.00019999999494757503
3.078999931403585e-05,0.00019999999494757503
3.079999931397508e-05,0.00019999999494757503
3.08099993139143e-05,0.00019999999494757503
3.081999931385353e-05,0.00015999999595806003
3.082999931379275e-05,0.00019999999494757503
3.083999931373198e-05,0.00019999999494757503
3.08499993136712e-05,0.00019999999494757503
3.085999931361043e-05,0.00019999999494757503
3.0869999313549654e-05,0.00015999999595806003
3.087999931348888e-05,0.00015999999595806003
3.0889999313428104e-05,0.00015999999595806003
3.089999931336733e-05,0.00015999999595806003
3.0909999313306555e-05,0.00015999999595806003
3.091999931324578e-05,0.00015999999595806003
3.0929999313185005e-05,0.00015999999595806003
3.093999931312423e-05,0.00015999999595806003
3.0949999313063456e-05,0.00015999999595806003
3.095999931300268e-05,0.00015999999595806003
3.0969999312941907e-05,0.00015999999595806003
3.097999931288113e-05,0.00015999999595806003
3.098999931282036e-05,0.00015999999595806003
3.099999931275958e-05,0.00015999999595806003
3.100999931269881e-05,0.00015999999595806003
3.101999931263803e-05,0.00015999999595806003
3.102999931257726e-05,0.00015999999595806003
3.1039999312516484e-05,0.00015999999595806003
3.104999931245571e-05,0.00011999999696854502
3.1059999312394934e-05,0.00015999999595806003
3.106999931233416e-05,0.00015999999595806003
3.1079999312273385e-05,0.00015999999595806003
3.108999931221261e-05,0.00015999999595806003
3.1099999312151835e-05,0.00015999999595806003
3.110999931209106e-05,0.00015999999595806003
3.1119999312030286e-05,0.00015999999595806003
3.112999931196951e-05,0.00015999999595806003
3.1139999311908736e-05,0.00015999999595806003
3.114999931184796e-05,0.00015999999595806003
3.115999931178719e-05,0.00015999999595806003
3.116999931172641e-05,0.00011999999696854502
3.117999931166564e-05,0.00011999999696854502
3.118999931160486e-05,0.00015999999595806003
3.119999931154409e-05,0.00015999999595806003
3.1209999311483314e-05,0.00011999999696854502
3.121999931142254e-05,0.00015999999595806003
3.1229999311361764e-05,0.00011999999696854502
3.123999931130099e-05,0.00011999999696854502
3.1249999311240215e-05,0.00011999999696854502
3.125999931117944e-05,0.00011999999696854502
3.1269999311118665e-05,0.00015999999595806003
3.127999931105789e-05,0.00015999999595806003
3.1289999310997116e-05,0.00011999999696854502
3.129999931093634e-05,0.00011999999696854502
3.1309999310875566e-05,0.00011999999696854502
3.131999931081479e-05,0.00011999999696854502
3.132999931075402e-05,0.00011999999696854502
3.133999931069324e-05,0.00011999999696854502
3.134999931063247e-05,0.00011999999696854502
3.135999931057169e-05,0.00011999999696854502
3.136999931051092e-05,0.00011999999696854502
3.1379999310450143e-05,0.00011999999696854502
3.138999931038937e-05,0.00011999999696854502
3.1399999310328594e-05,0.00011999999696854502
3.140999931026782e-05,0.00011999999696854502
3.1419999310207045e-05,0.00011999999696854502
3.142999931014627e-05,0.00011999999696854502
3.1439999310085495e-05,0.00011999999696854502
3.144999931002472e-05,0.00011999999696854502
3.1459999309963946e-05,0.00011999999696854502
3.146999930990317e-05,0.00015999999595806003
3.1479999309842396e-05,0.00011999999696854502
3.148999930978162e-05,0.00011999999696854502
3.149999930972085e-05,0.00011999999696854502
3.150999930966007e-05,0.00011999999696854502
3.15199993095993e-05,0.00015999999595806003
3.152999930953852e-05,0.00011999999696854502
3.153999930947775e-05,0.00011999999696854502
3.1549999309416973e-05,0.00011999999696854502
3.15599993093562e-05,0.00011999999696854502
3.1569999309295424e-05,0.00011999999696854502
3.157999930923465e-05,0.00011999999696854502
3.1589999309173875e-05,0.00011999999696854502
3.15999993091131e-05,0.00015999999595806003
3.1609999309052325e-05,0.00011999999696854502
3.161999930899155e-05,0.00011999999696854502
3.1629999308930776e-05,0.00011999999696854502
3.163999930887e-05,0.00015999999595806003
3.1649999308809226e-05,0.00011999999696854502
3.165999930874845e-05,0.00011999999696854502
3.166999930868768e-05,0.00011999999696854502
3.16799993086269e-05,0.00011999999696854502
3.168999930856613e-05,0.00011999999696854502
3.169999930850535e-05,0.00011999999696854502
3.170999930844458e-05,0.00011999999696854502
3.17199993083838e-05,0.00011999999696854502
3.172999930832303e-05,0.00011999999696854502
3.1739999308262254e-05,0.00011999999696854502
3.174999930820148e-05,0.00011999999696854502
3.1759999308140704e-05,0.00011999999696854502
3.176999930807993e-05,7.999999797903001e-05
3.1779999308019155e-05,0.00011999999696854502
3.178999930795838e-05,0.00011999999696854502
3.1799999307897606e-05,0.00011999999696854502
3.180999930783683e-05,0.00011999999696854502
3.1819999307776056e-05,0.00011999999696854502
3.182999930771528e-05,0.00011999999696854502
3.183999930765451e-05,0.00011999999696854502
3.184999930759373e-05,7.999999797903001e-05
3.185999930753296e-05,0.00011999999696854502
3.186999930747218e-05,0.00011999999696854502
3.187999930741141e-05,0.00011999999696854502
3.188999930735063e-05,0.00011999999696854502
3.189999930728986e-05,0.00011999999696854502
3.1909999307229084e-05,0.00011999999696854502
3.191999930716831e-05,0.00011999999696854502
3.1929999307107534e-05,0.00011999999696854502
3.193999930704676e-05,0.00011999999696854502
3.1949999306985985e-05,0.00011999999696854502
3.195999930692521e-05,0.00011999999696854502
3.1969999306864436e-05,0.00011999999696854502
3.197999930680366e-05,0.00011999999696854502
3.1989999306742886e-05,0.00011999999696854502
3.199999930668211e-05,0.00011999999696854502
3.200999930662134e-05,0.00011999999696854502
3.201999930656056e-05,0.00011999999696854502
3.202999930649979e-05,0.00011999999696854502
3.203999930643901e-05,0.00011999999696854502
3.204999930637824e-05,0.00011999999696854502
3.205999930631746e-05,0.00011999999696854502
3.206999930625669e-05,0.00011999999696854502
3.2079999306195914e-05,0.00011999999696854502
3.208999930613514e-05,0.00011999999696854502
3.2099999306074364e-05,0.00011999999696854502
3.210999930601359e-05,0.00011999999696854502
3.2119999305952815e-05,0.00011999999696854502
3.212999930589204e-05,0.00011999999696854502
3.2139999305831266e-05,0.00011999999696854502
3.214999930577049e-05,0.00011999999696854502
3.2159999305709716e-05,7.999999797903001e-05
3.216999930564894e-05,0.00011999999696854502
3.217999930558817e-05,7.999999797903001e-05
3.218999930552739e-05,0.00011999999696854502
3.219999930546662e-05,7.999999797903001e-05
3.220999930540584e-05,7.999999797903001e-05
3.221999930534507e-05,7.999999797903001e-05
3.222999930528429e-05,0.00011999999696854502
3.223999930522352e-05,0.00011999999696854502
3.2249999305162744e-05,0.00011999999696854502
3.225999930510197e-05,7.999999797903001e-05
3.2269999305041194e-05,0.00011999999696854502
3.227999930498042e-05,0.00011999999696854502
3.2289999304919645e-05,0.00011999999696854502
3.229999930485887e-05,0.00011999999696854502
3.2309999304798095e-05,7.999999797903001e-05
3.231999930473732e-05,0.00011999999696854502
3.2329999304676546e-05,0.00011999999696854502
3.233999930461577e-05,7.999999797903001e-05
3.2349999304555e-05,0.00011999999696854502
3.235999930449422e-05,0.00011999999696854502
3.236999930443345e-05,0.00011999999696854502
3.237999930437267e-05,0.00011999999696854502
3.23899993043119e-05,0.00011999999696854502
3.239999930425112e-05,0.00011999999696854502
3.240999930419035e-05,7.999999797903001e-05
3.2419999304129574e-05,0.00011999999696854502
3.24299993040688e-05,7.999999797903001e-05
3.2439999304008024e-05,7.999999797903001e-05
3.244999930394725e-05,0.00011999999696854502
3.2459999303886475e-05,0.00011999999696854502
3.24699993038257e-05,7.999999797903001e-05
3.2479999303764925e-05,0.00011999999696854502
3.248999930370415e-05,0.00011999999696854502
3.2499999303643376e-05,7.999999797903001e-05
3.25099993035826e-05,7.999999797903001e-05
3.2519999303521827e-05,0.00011999999696854502
3.252999930346105e-05,0.00011999999696854502
3.253999930340028e-05,0.00011999999696854502
3.25499993033395e-05,0.00011999999696854502
3.255999930327873e-05,0.00011999999696854502
3.256999930321795e-05,0.00011999999696854502
3.257999930315718e-05,7.999999797903001e-05
3.2589999303096404e-05,7.999999797903001e-05
3.259999930303563e-05,0.00011999999696854502
3.2609999302974854e-05,0.00011999999696854502
3.261999930291408e-05,7.999999797903001e-05
3.2629999302853305e-05,7.999999797903001e-05
3.263999930279253e-05,0.00011999999696854502
3.2649999302731755e-05,7.999999797903001e-05
3.265999930267098e-05,0.00011999999696854502
3.2669999302610206e-05,7.999999797903001e-05
3.267999930254943e-05,0.00011999999696854502
3.2689999302488656e-05,7.999999797903001e-05
3.269999930242788e-05,0.00011999999696854502
3.270999930236711e-05,7.999999797903001e-05
3.271999930230633e-05,0.00011999999696854502
3.272999930224556e-05,0.00011999999696854502
3.273999930218478e-05,0.00011999999696854502
3.274999930212401e-05,7.999999797903001e-05
3.2759999302063234e-05,0.00011999999696854502
3.276999930200246e-05,7.999999797903001e-05
3.2779999301941684e-05,7.999999797903001e-05
3.278999930188091e-05,7.999999797903001e-05
3.2799999301820135e-05,0.00011999999696854502
3.280999930175936e-05,0.00011999999696854502
3.2819999301698585e-05,7.999999797903001e-05
3.282999930163781e-05,0.00011999999696854502
3.2839999301577036e-05,0.00011999999696854502
3.284999930151626e-05,0.00011999999696854502
3.2859999301455486e-05,0.00011999999696854502
3.286999930139471e-05,7.999999797903001e-05
3.287999930133394e-05,7.999999797903001e-05
3.288999930127316e-05,7.999999797903001e-05
3.289999930121239e-05,0.00011999999696854502
3.290999930115161e-05,7.999999797903001e-05
3.291999930109084e-05,7.999999797903001e-05
3.2929999301030063e-05,0.00011999999696854502
3.293999930096929e-05,0.00011999999696854502
3.2949999300908514e-05,0.00011999999696854502
3.295999930084774e-05,7.999999797903001e-05
3.2969999300786965e-05,7.999999797903001e-05
3.297999930072619e-05,0.00011999999696854502
3.2989999300665415e-05,0.00011999999696854502
3.299999930060464e-05,7.999999797903001e-05
3.3009999300543866e-05,7.999999797903001e-05
3.301999930048309e-05,7.999999797903001e-05
3.3029999300422316e-05,7.999999797903001e-05
3.303999930036154e-05,7.999999797903001e-05
3.304999930030077e-05,0.00011999999696854502
3.305999930023999e-05,7.999999797903001e-05
3.306999930017922e-05,0.00011999999696854502
3.307999930011844e-05,0.00011999999696854502
3.308999930005767e-05,7.999999797903001e-05
3.309999929999689e-05,0.00011999999696854502
3.310999929993612e-05,0.00011999999696854502
3.3119999299875344e-05,7.999999797903001e-05
3.312999929981457e-05,7.999999797903001e-05
3.3139999299753795e-05,7.999999797903001e-05
3.314999929969302e-05,7.999999797903001e-05
3.3159999299632245e-05,7.999999797903001e-05
3.316999929957147e-05,0.00011999999696854502
3.3179999299510696e-05,7.999999797903001e-05
3.318999929944992e-05,0.00011999999696854502
3.3199999299389146e-05,7.999999797903001e-05
3.320999929932837e-05,0.00011999999696854502
3.32199992992676e-05,0.00011999999696854502
3.322999929920682e-05,0.00011999999696854502
3.323999929914605e-05,7.999999797903001e-05
3.324999929908527e-05,7.999999797903001e-05
3.32599992990245e-05,7.999999797903001e-05
3.326999929896372e-05,7.999999797903001e-05
3.327999929890295e-05,7.999999797903001e-05
3.3289999298842174e-05,0.00011999999696854502
3.32999992987814e-05,7.999999797903001e-05
3.3309999298720624e-05,0.00011999999696854502
3.331999929865985e-05,0.00011999999696854502
3.3329999298599075e-05,0.00011999999696854502
3.33399992985383e-05,7.999999797903001e-05
3.3349999298477526e-05,7.999999797903001e-05
3.335999929841675e-05,7.999999797903001e-05
3.3369999298355976e-05,0.00011999999696854502
3.33799992982952e-05,0.00011999999696854502
3.338999929823443e-05,0.00011999999696854502
3.339999929817365e-05,7.999999797903001e-05
3.340999929811288e-05,7.999999797903001e-05
3.34199992980521e-05,7.999999797903001e-05
3.342999929799133e-05,0.00011999999696854502
3.343999929793055e-05,7.999999797903001e-05
3.344999929786978e-05,7.999999797903001e-05
3.3459999297809004e-05,7.999999797903001e-05
3.346999929774823e-05,7.999999797903001e-05
3.3479999297687454e-05,7.999999797903001e-05
3.348999929762668e-05,7.999999797903001e-05
3.3499999297565905e-05,7.999999797903001e-05
3.350999929750513e-05,0.00011999999696854502
3.3519999297444356e-05,0.00011999999696854502
3.352999929738358e-05,0.00011999999696854502
3.3539999297322806e-05,7.999999797903001e-05
3.354999929726203e-05,7.999999797903001e-05
3.355999929720126e-05,0.00011999999696854502
3.356999929714048e-05,0.00011999999696854502
3.357999929707971e-05,0.00011999999696854502
3.358999929701893e-05,0.00011999999696854502
3.359999929695816e-05,0.00011999999696854502
3.360999929689738e-05,7.999999797903001e-05
3.361999929683661e-05,7.999999797903001e-05
3.3629999296775834e-05,0.00011999999696854502
3.363999929671506e-05,7.999999797903001e-05
3.3649999296654284e-05,7.999999797903001e-05
3.365999929659351e-05,0.00011999999696854502
3.3669999296532735e-05,0.00011999999696854502
3.367999929647196e-05,7.999999797903001e-05
3.3689999296411186e-05,0.00011999999696854502
3.369999929635041e-05,0.00011999999696854502
3.3709999296289636e-05,7.999999797903001e-05
3.371999929622886e-05,7.999999797903001e-05
3.372999929616809e-05,7.999999797903001e-05
3.373999929610731e-05,7.999999797903001e-05
3.374999929604654e-05,0.00011999999696854502
3.375999929598576e-05,0.00011999999696854502
3.376999929592499e-05,7.999999797903001e-05
3.377999929586421e-05,0.00011999999696854502
3.378999929580344e-05,0.00011999999696854502
3.3799999295742664e-05,0.00011999999696854502
3.380999929568189e-05,7.999999797903001e-05
3.3819999295621114e-05,0.00011999999696854502
3.382999929556034e-05,0.00011999999696854502
3.3839999295499565e-05,0.00011999999696854502
3.384999929543879e-05,7.999999797903001e-05
3.3859999295378015e-05,7.999999797903001e-05
3.386999929531724e-05,7.999999797903001e-05
3.3879999295256466e-05,0.00011999999696854502
3.388999929519569e-05,0.00011999999696854502
3.3899999295134917e-05,0.00011999999696854502
3.390999929507414e-05,7.999999797903001e-05
3.391999929501337e-05,0.00011999999696854502
3.392999929495259e-05,7.999999797903001e-05
3.393999929489182e-05,7.999999797903001e-05
3.394999929483104e-05,7.999999797903001e-05
3.395999929477027e-05,0.00011999999696854502
3.3969999294709494e-05,0.00011999999696854502
3.397999929464872e-05,7.999999797903001e-05
3.3989999294587944e-05,7.999999797903001e-05
3.399999929452717e-05,0.00011999999696854502
3.4009999294466395e-05,0.00011999999696854502
3.401999929440562e-05,0.00011999999696854502
3.4029999294344845e-05,0.00011999999696854502
3.403999929428407e-05,0.00011999999696854502
3.4049999294223296e-05,7.999999797903001e-05
3.405999929416252e-05,0.00011999999696854502
3.4069999294101747e-05,7.999999797903001e-05
3.407999929404097e-05,7.999999797903001e-05
3.40899992939802e-05,7.999999797903001e-05
3.409999929391942e-05,7.999999797903001e-05
3.410999929385865e-05,0.00011999999696854502
3.411999929379787e-05,7.999999797903001e-05
3.41299992937371e-05,7.999999797903001e-05
3.4139999293676324e-05,7.999999797903001e-05
3.414999929361555e-05,0.00011999999696854502
3.4159999293554774e-05,0.00011999999696854502
3.4169999293494e-05,0.00011999999696854502
3.4179999293433225e-05,7.999999797903001e-05
3.418999929337245e-05,7.999999797903001e-05
3.4199999293311675e-05,0.00011999999696854502
3.42099992932509e-05,0.00011999999696854502
3.4219999293190126e-05,7.999999797903001e-05
3.422999929312935e-05,7.999999797903001e-05
3.4239999293068576e-05,7.999999797903001e-05
3.42499992930078e-05,7.999999797903001e-05
3.425999929294703e-05,7.999999797903001e-05
3.426999929288625e-05,7.999999797903001e-05
3.427999929282548e-05,0.00011999999696854502
3.42899992927647e-05,0.00011999999696854502
3.429999929270393e-05,0.00011999999696854502
3.4309999292643154e-05,0.00011999999696854502
3.431999929258238e-05,7.999999797903001e-05
3.4329999292521604e-05,7.999999797903001e-05
3.433999929246083e-05,0.00011999999696854502
3.4349999292400055e-05,0.00011999999696854502
3.435999929233928e-05,7.999999797903001e-05
3.4369999292278505e-05,7.999999797903001e-05
3.437999929221773e-05,0.00011999999696854502
3.4389999292156956e-05,0.00011999999696854502
3.439999929209618e-05,7.999999797903001e-05
3.4409999292035406e-05,0.00011999999696854502
3.441999929197463e-05,7.999999797903001e-05
3.442999929191386e-05,0.00011999999696854502
3.443999929185308e-05,0.00011999999696854502
3.444999929179231e-05,0.00011999999696854502
3.445999929173153e-05,0.00011999999696854502
3.446999929167076e-05,0.00011999999696854502
3.4479999291609983e-05,7.999999797903001e-05
3.448999929154921e-05,7.999999797903001e-05
3.4499999291488434e-05,7.999999797903001e-05
3.450999929142766e-05,0.00011999999696854502
3.4519999291366885e-05,0.00011999999696854502
3.452999929130611e-05,0.00011999999696854502
3.4539999291245335e-05,0.00011999999696854502
3.454999929118456e-05,0.00011999999696854502
3.4559999291123786e-05,7.999999797903001e-05
3.456999929106301e-05,0.00011999999696854502
3.4579999291002236e-05,0.00011999999696854502
3.458999929094146e-05,0.00011999999696854502
3.459999929088069e-05,7.999999797903001e-05
3.460999929081991e-05,0.00011999999696854502
3.461999929075914e-05,7.999999797903001e-05
3.462999929069836e-05,0.00011999999696854502
3.463999929063759e-05,0.00011999999696854502
3.464999929057681e-05,0.00011999999696854502
3.465999929051604e-05,0.00011999999696854502
3.4669999290455264e-05,0.00011999999696854502
3.467999929039449e-05,0.00011999999696854502
3.4689999290333715e-05,0.00011999999696854502
3.469999929027294e-05,0.00011999999696854502
3.4709999290212165e-05,0.00011999999696854502
3.471999929015139e-05,7.999999797903001e-05
3.4729999290090616e-05,7.999999797903001e-05
3.473999929002984e-05,0.00011999999696854502
3.4749999289969066e-05,7.999999797903001e-05
3.475999928990829e-05,7.999999797903001e-05
3.476999928984752e-05,7.999999797903001e-05
3.477999928978674e-05,0.00011999999696854502
3.478999928972597e-05,7.999999797903001e-05
3.479999928966519e-05,7.999999797903001e-05
3.480999928960442e-05,7.999999797903001e-05
3.481999928954364e-05,0.00011999999696854502
3.482999928948287e-05,7.999999797903001e-05
3.4839999289422094e-05,0.00011999999696854502
3.484999928936132e-05,7.999999797903001e-05
3.4859999289300544e-05,7.999999797903001e-05
3.486999928923977e-05,7.999999797903001e-05
3.4879999289178995e-05,7.999999797903001e-05
3.488999928911822e-05,0.00011999999696854502
3.4899999289057446e-05,7.999999797903001e-05
3.490999928899667e-05,0.00011999999696854502
3.4919999288935896e-05,7.999999797903001e-05
3.492999928887512e-05,7.999999797903001e-05
3.493999928881435e-05,7.999999797903001e-05
3.494999928875357e-05,7.999999797903001e-05
3.49599992886928e-05,0.00011999999696854502
3.496999928863202e-05,7.999999797903001e-05
3.497999928857125e-05,0.00011999999696854502
3.498999928851047e-05,7.999999797903001e-05
3.49999992884497e-05,7.999999797903001e-05
3.5009999288388924e-05,7.999999797903001e-05
3.501999928832815e-05,7.999999797903001e-05
3.5029999288267374e-05,7.999999797903001e-05
3.50399992882066e-05,0.00011999999696854502
3.5049999288145825e-05,7.999999797903001e-05
3.505999928808505e-05,7.999999797903001e-05
3.5069999288024276e-05,0.00011999999696854502
3.50799992879635e-05,0.00011999999696854502
3.5089999287902726e-05,0.00011999999696854502
3.509999928784195e-05,0.00011999999696854502
3.510999928778118e-05,7.999999797903001e-05
3.51199992877204e-05,0.00011999999696854502
3.512999928765963e-05,0.00011999999696854502
3.513999928759885e-05,0.00011999999696854502
3.514999928753808e-05,0.00011999999696854502
3.51599992874773e-05,7.999999797903001e-05
3.516999928741653e-05,0.00011999999696854502
3.5179999287355754e-05,7.999999797903001e-05
3.518999928729498e-05,0.00011999999696854502
3.5199999287234204e-05,0.00011999999696854502
3.520999928717343e-05,0.00011999999696854502
3.5219999287112655e-05,0.00011999999696854502
3.522999928705188e-05,0.00011999999696854502
3.5239999286991106e-05,7.999999797903001e-05
3.524999928693033e-05,0.00011999999696854502
3.5259999286869556e-05,0.00011999999696854502
3.526999928680878e-05,0.00011999999696854502
3.527999928674801e-05,0.00011999999696854502
3.528999928668723e-05,0.00011999999696854502
3.529999928662646e-05,0.00011999999696854502
3.530999928656568e-05,0.00011999999696854502
3.531999928650491e-05,7.999999797903001e-05
3.532999928644413e-05,0.00011999999696854502
3.533999928638336e-05,7.999999797903001e-05
3.5349999286322584e-05,0.00011999999696854502
3.535999928626181e-05,7.999999797903001e-05
3.5369999286201034e-05,7.999999797903001e-05
3.537999928614026e-05,7.999999797903001e-05
3.5389999286079485e-05,7.999999797903001e-05
3.539999928601871e-05,0.00011999999696854502
3.5409999285957935e-05,7.999999797903001e-05
3.541999928589716e-05,7.999999797903001e-05
3.5429999285836386e-05,0.00011999999696854502
3.543999928577561e-05,7.999999797903001e-05
3.5449999285714837e-05,0.00011999999696854502
3.545999928565406e-05,0.00011999999696854502
3.546999928559329e-05,7.999999797903001e-05
3.547999928553251e-05,7.999999797903001e-05
3.548999928547174e-05,7.999999797903001e-05
3.549999928541096e-05,0.00011999999696854502
3.550999928535019e-05,0.00011999999696854502
3.5519999285289414e-05,7.999999797903001e-05
3.552999928522864e-05,7.999999797903001e-05
3.5539999285167864e-05,7.999999797903001e-05
3.554999928510709e-05,7.999999797903001e-05
3.5559999285046315e-05,0.00011999999696854502
3.556999928498554e-05,0.00011999999696854502
3.5579999284924765e-05,0.00011999999696854502
3.558999928486399e-05,0.00011999999696854502
3.5599999284803216e-05,7.999999797903001e-05
3.560999928474244e-05,0.00011999999696854502
3.5619999284681667e-05,0.00011999999696854502
3.562999928462089e-05,0.00011999999696854502
3.563999928456012e-05,0.00011999999696854502
3.564999928449934e-05,0.00011999999696854502
3.565999928443857e-05,0.00011999999696854502
3.566999928437779e-05,0.00011999999696854502
3.567999928431702e-05,0.00011999999696854502
3.5689999284256244e-05,7.999999797903001e-05
3.569999928419547e-05,0.00011999999696854502
3.5709999284134694e-05,0.00011999999696854502
3.571999928407392e-05,0.00011999999696854502
3.5729999284013145e-05,7.999999797903001e-05
3.573999928395237e-05,0.00011999999696854502
3.5749999283891595e-05,0.00011999999696854502
3.575999928383082e-05,7.999999797903001e-05
3.5769999283770046e-05,0.00011999999696854502
3.577999928370927e-05,7.999999797903001e-05
3.5789999283648496e-05,7.999999797903001e-05
3.579999928358772e-05,7.999999797903001e-05
3.580999928352695e-05,7.999999797903001e-05
3.581999928346617e-05,0.00011999999696854502
3.58299992834054e-05,0.00011999999696854502
3.583999928334462e-05,7.999999797903001e-05
3.584999928328385e-05,0.00011999999696854502
3.5859999283223074e-05,0.00011999999696854502
3.58699992831623e-05,0.00011999999696854502
3.5879999283101524e-05,7.999999797903001e-05
3.588999928304075e-05,7.999999797903001e-05
3.5899999282979975e-05,0.00011999999696854502
3.59099992829192e-05,0.00011999999696854502
3.5919999282858425e-05,0.00011999999696854502
3.592999928279765e-05,7.999999797903001e-05
3.5939999282736876e-05,0.00011999999696854502
3.59499992826761e-05,7.999999797903001e-05
3.5959999282615326e-05,0.00011999999696854502
3.596999928255455e-05,7.999999797903001e-05
3.597999928249378e-05,0.00011999999696854502
3.5989999282433e-05,0.00011999999696854502
3.599999928237223e-05,7.999999797903001e-05
3.600999928231145e-05,7.999999797903001e-05
3.601999928225068e-05,0.00011999999696854502
3.6029999282189903e-05,7.999999797903001e-05
3.603999928212913e-05,0.00011999999696854502
3.6049999282068354e-05,7.999999797903001e-05
3.605999928200758e-05,7.999999797903001e-05
3.6069999281946805e-05,7.999999797903001e-05
3.607999928188603e-05,0.00011999999696854502
3.6089999281825255e-05,0.00011999999696854502
3.609999928176448e-05,0.00011999999696854502
3.6109999281703706e-05,0.00011999999696854502
3.611999928164293e-05,7.999999797903001e-05
3.6129999281582156e-05,7.999999797903001e-05
3.613999928152138e-05,0.00011999999696854502
3.614999928146061e-05,0.00011999999696854502
3.615999928139983e-05,0.00011999999696854502
3.616999928133906e-05,7.999999797903001e-05
3.617999928127828e-05,0.00011999999696854502
3.618999928121751e-05,0.00011999999696854502
3.619999928115673e-05,7.999999797903001e-05
3.620999928109596e-05,0.00011999999696854502
3.6219999281035184e-05,7.999999797903001e-05
3.622999928097441e-05,0.00011999999696854502
3.6239999280913635e-05,0.00011999999696854502
3.624999928085286e-05,7.999999797903001e-05
3.6259999280792085e-05,0.00011999999696854502
3.626999928073131e-05,7.999999797903001e-05
3.6279999280670536e-05,7.999999797903001e-05
3.628999928060976e-05,0.00011999999696854502
3.6299999280548986e-05,0.00011999999696854502
3.630999928048821e-05,0.00011999999696854502
3.631999928042744e-05,0.00011999999696854502
3.632999928036666e-05,7.999999797903001e-05
3.633999928030589e-05,7.999999797903001e-05
3.634999928024511e-05,7.999999797903001e-05
3.635999928018434e-05,0.00011999999696854502
3.636999928012356e-05,0.00011999999696854502
3.637999928006279e-05,0.00011999999696854502
3.6389999280002014e-05,0.00011999999696854502
3.639999927994124e-05,7.999999797903001e-05
3.6409999279880464e-05,7.999999797903001e-05
3.641999927981969e-05,0.00011999999696854502
3.6429999279758915e-05,0.00011999999696854502
3.643999927969814e-05,0.00011999999696854502
3.6449999279637366e-05,0.00011999999696854502
3.645999927957659e-05,0.00011999999696854502
3.6469999279515816e-05,0.00011999999696854502
3.647999927945504e-05,7.999999797903001e-05
3.648999927939427e-05,0.00011999999696854502
3.649999927933349e-05,0.00011999999696854502
3.650999927927272e-05,0.00011999999696854502
3.651999927921194e-05,0.00011999999696854502
3.652999927915117e-05,0.00011999999696854502
3.653999927909039e-05,7.999999797903001e-05
3.654999927902962e-05,0.00011999999696854502
3.6559999278968844e-05,7.999999797903001e-05
3.656999927890807e-05,7.999999797903001e-05
3.6579999278847294e-05,0.00011999999696854502
3.658999927878652e-05,0.00011999999696854502
3.6599999278725745e-05,0.00011999999696854502
3.660999927866497e-05,0.00011999999696854502
3.6619999278604196e-05,7.999999797903001e-05
3.662999927854342e-05,7.999999797903001e-05
3.6639999278482646e-05,0.00011999999696854502
3.664999927842187e-05,0.00011999999696854502
3.66599992783611e-05,0.00011999999696854502
3.666999927830032e-05,0.00011999999696854502
3.667999927823955e-05,0.00011999999696854502
3.668999927817877e-05,0.00011999999696854502
3.6699999278118e-05,7.999999797903001e-05
3.670999927805722e-05,0.00011999999696854502
3.671999927799645e-05,7.999999797903001e-05
3.6729999277935674e-05,0.00011999999696854502
3.67399992778749e-05,7.999999797903001e-05
3.6749999277814124e-05,0.00011999999696854502
3.675999927775335e-05,7.999999797903001e-05
3.6769999277692575e-05,0.00011999999696854502
3.67799992776318e-05,7.999999797903001e-05
3.6789999277571026e-05,0.00011999999696854502
3.679999927751025e-05,7.999999797903001e-05
3.6809999277449476e-05,7.999999797903001e-05
3.68199992773887e-05,0.00011999999696854502
3.682999927732793e-05,0.00011999999696854502
3.683999927726715e-05,7.999999797903001e-05
3.684999927720638e-05,7.999999797903001e-05
3.68599992771456e-05,7.999999797903001e-05
3.686999927708483e-05,0.00011999999696854502
3.687999927702405e-05,0.00011999999696854502
3.688999927696328e-05,7.999999797903001e-05
3.6899999276902504e-05,7.999999797903001e-05
3.690999927684173e-05,7.999999797903001e-05
3.6919999276780954e-05,7.999999797903001e-05
3.692999927672018e-05,0.00011999999696854502
3.6939999276659405e-05,7.999999797903001e-05
3.694999927659863e-05,7.999999797903001e-05
3.6959999276537855e-05,0.00011999999696854502
3.696999927647708e-05,0.00011999999696854502
3.6979999276416306e-05,0.00011999999696854502
3.698999927635553e-05,7.999999797903001e-05
3.6999999276294757e-05,7.999999797903001e-05
3.700999927623398e-05,0.00011999999696854502
3.701999927617321e-05,0.00011999999696854502
3.702999927611243e-05,7.999999797903001e-05
3.703999927605166e-05,0.00011999999696854502
3.704999927599088e-05,0.00011999999696854502
3.705999927593011e-05,0.00011999999696854502
3.7069999275869334e-05,7.999999797903001e-05
3.707999927580856e-05,0.00011999999696854502
3.7089999275747784e-05,0.00011999999696854502
3.709999927568701e-05,7.999999797903001e-05
3.7109999275626235e-05,0.00011999999696854502
3.711999927556546e-05,0.00011999999696854502
3.7129999275504685e-05,0.00011999999696854502
3.713999927544391e-05,0.00011999999696854502
3.7149999275383136e-05,0.00011999999696854502
3.715999927532236e-05,0.00011999999696854502
3.7169999275261587e-05,0.00011999999696854502
3.717999927520081e-05,0.00011999999696854502
3.718999927514004e-05,7.999999797903001e-05
3.719999927507926e-05,7.999999797903001e-05
3.720999927501849e-05,7.999999797903001e-05
3.721999927495771e-05,7.999999797903001e-05
3.722999927489694e-05,0.00011999999696854502
3.7239999274836164e-05,0.00011999999696854502
3.724999927477539e-05,0.00011999999696854502
3.7259999274714614e-05,0.00011999999696854502
3.726999927465384e-05,0.00011999999696854502
3.7279999274593065e-05,7.999999797903001e-05
3.728999927453229e-05,7.999999797903001e-05
3.7299999274471515e-05,0.00011999999696854502
3.730999927441074e-05,7.999999797903001e-05
3.7319999274349966e-05,0.00011999999696854502
3.732999927428919e-05,0.00011999999696854502
3.7339999274228416e-05,0.00011999999696854502
3.734999927416764e-05,7.999999797903001e-05
3.735999927410687e-05,7.999999797903001e-05
3.736999927404609e-05,0.00011999999696854502
3.737999927398532e-05,0.00011999999696854502
3.738999927392454e-05,0.00011999999696854502
3.739999927386377e-05,0.00011999999696854502
3.7409999273802994e-05,0.00011999999696854502
3.741999927374222e-05,0.00011999999696854502
3.7429999273681444e-05,0.00011999999696854502
3.743999927362067e-05,0.00011999999696854502
3.7449999273559895e-05,0.00011999999696854502
3.745999927349912e-05,7.999999797903001e-05
3.7469999273438345e-05,0.00011999999696854502
3.747999927337757e-05,7.999999797903001e-05
3.7489999273316796e-05,0.00011999999696854502
3.749999927325602e-05,7.999999797903001e-05
3.7509999273195246e-05,0.00011999999696854502
3.751999927313447e-05,7.999999797903001e-05
3.75299992730737e-05,7.999999797903001e-05
3.753999927301292e-05,0.00011999999696854502
3.754999927295215e-05,7.999999797903001e-05
3.755999927289137e-05,0.00011999999696854502
3.75699992728306e-05,0.00011999999696854502
3.7579999272769823e-05,7.999999797903001e-05
3.758999927270905e-05,0.00011999999696854502
3.7599999272648274e-05,7.999999797903001e-05
3.76099992725875e-05,0.00011999999696854502
3.7619999272526725e-05,7.999999797903001e-05
3.762999927246595e-05,7.999999797903001e-05
3.7639999272405175e-05,7.999999797903001e-05
3.76499992723444e-05,7.999999797903001e-05
3.7659999272283626e-05,0.00011999999696854502
3.766999927222285e-05,0.00011999999696854502
3.7679999272162076e-05,0.00011999999696854502
3.76899992721013e-05,7.999999797903001e-05
3.769999927204053e-05,7.999999797903001e-05
3.770999927197975e-05,0.00011999999696854502
3.771999927191898e-05,0.00011999999696854502
3.77299992718582e-05,0.00011999999696854502
3.773999927179743e-05,7.999999797903001e-05
3.774999927173665e-05,7.999999797903001e-05
3.775999927167588e-05,7.999999797903001e-05
3.7769999271615104e-05,0.00011999999696854502
3.777999927155433e-05,0.00011999999696854502
3.7789999271493555e-05,0.00011999999696854502
3.779999927143278e-05,0.00011999999696854502
3.7809999271372005e-05,0.00011999999696854502
3.781999927131123e-05,7.999999797903001e-05
3.7829999271250456e-05,7.999999797903001e-05
3.783999927118968e-05,0.00011999999696854502
3.7849999271128906e-05,0.00011999999696854502
3.785999927106813e-05,0.00011999999696854502
3.786999927100736e-05,7.999999797903001e-05
3.787999927094658e-05,0.00011999999696854502
3.788999927088581e-05,0.00011999999696854502
3.789999927082503e-05,0.00011999999696854502
3.790999927076426e-05,7.999999797903001e-05
3.791999927070348e-05,7.999999797903001e-05
3.792999927064271e-05,0.00011999999696854502
3.7939999270581934e-05,0.00011999999696854502
3.794999927052116e-05,0.00011999999696854502
3.7959999270460384e-05,7.999999797903001e-05
3.796999927039961e-05,7.999999797903001e-05
3.7979999270338835e-05,0.00011999999696854502
3.798999927027806e-05,0.00011999999696854502
3.7999999270217286e-05,7.999999797903001e-05
3.800999927015651e-05,7.999999797903001e-05
3.8019999270095736e-05,0.00011999999696854502
3.802999927003496e-05,0.00011999999696854502
3.803999926997419e-05,0.00011999999696854502
3.804999926991341e-05,7.999999797903001e-05
3.805999926985264e-05,0.00011999999696854502
3.806999926979186e-05,0.00011999999696854502
3.807999926973109e-05,0.00011999999696854502
3.808999926967031e-05,7.999999797903001e-05
3.809999926960954e-05,7.999999797903001e-05
3.8109999269548764e-05,0.00011999999696854502
3.811999926948799e-05,0.00011999999696854502
3.8129999269427214e-05,7.999999797903001e-05
3.813999926936644e-05,0.00011999999696854502
3.8149999269305665e-05,7.999999797903001e-05
3.815999926924489e-05,0.00011999999696854502
3.8169999269184116e-05,7.999999797903001e-05
3.817999926912334e-05,7.999999797903001e-05
3.8189999269062566e-05,0.00011999999696854502
3.819999926900179e-05,0.00011999999696854502
3.820999926894102e-05,0.00011999999696854502
3.821999926888024e-05,0.00011999999696854502
3.822999926881947e-05,7.999999797903001e-05
3.823999926875869e-05,0.00011999999696854502
3.824999926869792e-05,0.00011999999696854502
3.825999926863714e-05,0.00011999999696854502
3.826999926857637e-05,0.00011999999696854502
3.8279999268515594e-05,0.00011999999696854502
3.828999926845482e-05,7.999999797903001e-05
3.8299999268394044e-05,0.00011999999696854502
3.830999926833327e-05,7.999999797903001e-05
3.8319999268272495e-05,7.999999797903001e-05
3.832999926821172e-05,0.00011999999696854502
3.8339999268150945e-05,0.00011999999696854502
3.834999926809017e-05,0.00011999999696854502
3.8359999268029396e-05,0.00011999999696854502
3.836999926796862e-05,0.00011999999696854502
3.837999926790785e-05,0.00011999999696854502
3.838999926784707e-05,7.999999797903001e-05
3.83999992677863e-05,7.999999797903001e-05
3.840999926772552e-05,7.999999797903001e-05
3.841999926766475e-05,7.999999797903001e-05
3.842999926760397e-05,0.00011999999696854502
3.84399992675432e-05,0.00011999999696854502
3.8449999267482424e-05,0.00011999999696854502
3.845999926742165e-05,0.00011999999696854502
3.8469999267360874e-05,7.999999797903001e-05
3.84799992673001e-05,0.00011999999696854502
3.8489999267239325e-05,0.00011999999696854502
3.849999926717855e-05,0.00011999999696854502
3.8509999267117775e-05,0.00011999999696854502
3.8519999267057e-05,7.999999797903001e-05
3.8529999266996226e-05,7.999999797903001e-05
3.853999926693545e-05,7.999999797903001e-05
3.8549999266874677e-05,0.00011999999696854502
3.85599992668139e-05,7.999999797903001e-05
3.856999926675313e-05,7.999999797903001e-05
3.857999926669235e-05,7.999999797903001e-05
3.858999926663158e-05,0.00011999999696854502
3.85999992665708e-05,0.00011999999696854502
3.860999926651003e-05,0.00011999999696854502
3.8619999266449254e-05,0.00011999999696854502
3.862999926638848e-05,0.00011999999696854502
3.8639999266327704e-05,7.999999797903001e-05
3.864999926626693e-05,7.999999797903001e-05
3.8659999266206155e-05,0.00011999999696854502
3.866999926614538e-05,0.00011999999696854502
3.8679999266084605e-05,7.999999797903001e-05
3.868999926602383e-05,7.999999797903001e-05
3.8699999265963056e-05,7.999999797903001e-05
3.870999926590228e-05,7.999999797903001e-05
3.8719999265841507e-05,7.999999797903001e-05
3.872999926578073e-05,0.00011999999696854502
3.873999926571996e-05,0.00011999999696854502
3.874999926565918e-05,0.00011999999696854502
3.875999926559841e-05,7.999999797903001e-05
3.876999926553763e-05,0.00011999999696854502
3.877999926547686e-05,0.00011999999696854502
3.8789999265416084e-05,0.00011999999696854502
3.879999926535531e-05,0.00011999999696854502
3.8809999265294534e-05,0.00011999999696854502
3.881999926523376e-05,7.999999797903001e-05
3.8829999265172985e-05,0.00011999999696854502
3.883999926511221e-05,7.999999797903001e-05
3.8849999265051435e-05,0.00011999999696854502
3.885999926499066e-05,0.00011999999696854502
3.8869999264929886e-05,0.00011999999696854502
3.887999926486911e-05,7.999999797903001e-05
3.8889999264808336e-05,7.999999797903001e-05
3.889999926474756e-05,0.00011999999696854502
3.890999926468679e-05,0.00011999999696854502
3.891999926462601e-05,0.00011999999696854502
3.892999926456524e-05,7.999999797903001e-05
3.893999926450446e-05,7.999999797903001e-05
3.894999926444369e-05,7.999999797903001e-05
3.8959999264382913e-05,0.00011999999696854502
3.896999926432214e-05,7.999999797903001e-05
3.8979999264261364e-05,7.999999797903001e-05
3.898999926420059e-05,7.999999797903001e-05
3.8999999264139815e-05,7.999999797903001e-05
3.900999926407904e-05,7.999999797903001e-05
3.9019999264018265e-05,7.999999797903001e-05
3.902999926395749e-05,0.00011999999696854502
3.9039999263896716e-05,0.00011999999696854502
3.904999926383594e-05,7.999999797903001e-05
3.9059999263775166e-05,7.999999797903001e-05
3.906999926371439e-05,0.00011999999696854502
3.907999926365362e-05,0.00011999999696854502
3.908999926359284e-05,0.00011999999696854502
3.909999926353207e-05,7.999999797903001e-05
3.910999926347129e-05,7.999999797903001e-05
3.911999926341052e-05,0.00011999999696854502
3.9129999263349743e-05,0.00011999999696854502
3.913999926328897e-05,0.00011999999696854502
3.9149999263228194e-05,7.999999797903001e-05
3.915999926316742e-05,0.00011999999696854502
3.9169999263106645e-05,7.999999797903001e-05
3.917999926304587e-05,0.00011999999696854502
3.9189999262985095e-05,0.00011999999696854502
3.919999926292432e-05,0.00011999999696854502
3.9209999262863546e-05,0.00011999999696854502
3.921999926280277e-05,7.999999797903001e-05
3.9229999262741996e-05,0.00011999999696854502
3.923999926268122e-05,0.00011999999696854502
3.924999926262045e-05,0.00011999999696854502
3.925999926255967e-05,0.00011999999696854502
3.92699992624989e-05,0.00011999999696854502
3.927999926243812e-05,0.00011999999696854502
3.928999926237735e-05,7.999999797903001e-05
3.929999926231657e-05,7.999999797903001e-05
3.93099992622558e-05,7.999999797903001e-05
3.9319999262195024e-05,7.999999797903001e-05
3.932999926213425e-05,0.00011999999696854502
3.9339999262073475e-05,0.00011999999696854502
3.93499992620127e-05,0.00011999999696854502
3.9359999261951925e-05,7.999999797903001e-05
3.936999926189115e-05,7.999999797903001e-05
3.9379999261830376e-05,0.00011999999696854502
3.93899992617696e-05,7.999999797903001e-05
3.9399999261708826e-05,0.00011999999696854502
3.940999926164805e-05,7.999999797903001e-05
3.941999926158728e-05,0.00011999999696854502
3.94299992615265e-05,7.999999797903001e-05
3.943999926146573e-05,0.00011999999696854502
3.944999926140495e-05,7.999999797903001e-05
3.945999926134418e-05,7.999999797903001e-05
3.94699992612834e-05,7.999999797903001e-05
3.947999926122263e-05,0.00011999999696854502
3.9489999261161854e-05,0.00011999999696854502
3.949999926110108e-05,0.00011999999696854502
3.9509999261040304e-05,0.00011999999696854502
3.951999926097953e-05,0.00011999999696854502
3.9529999260918755e-05,0.00011999999696854502
3.953999926085798e-05,0.00011999999696854502
3.9549999260797206e-05,0.00011999999696854502
3.955999926073643e-05,0.00011999999696854502
3.9569999260675656e-05,0.00011999999696854502
3.957999926061488e-05,0.00011999999696854502
3.958999926055411e-05,7.999999797903001e-05
3.959999926049333e-05,7.999999797903001e-05
3.960999926043256e-05,0.00011999999696854502
3.961999926037178e-05,0.00011999999696854502
3.962999926031101e-05,0.00011999999696854502
3.963999926025023e-05,0.00011999999696854502
3.964999926018946e-05,0.00011999999696854502
3.9659999260128684e-05,7.999999797903001e-05
3.966999926006791e-05,7.999999797903001e-05
3.9679999260007134e-05,0.00011999999696854502
3.968999925994636e-05,0.00011999999696854502
3.9699999259885585e-05,7.999999797903001e-05
3.970999925982481e-05,0.00011999999696854502
3.9719999259764036e-05,0.00011999999696854502
3.972999925970326e-05,7.999999797903001e-05
3.9739999259642486e-05,0.00011999999696854502
3.974999925958171e-05,0.00011999999696854502
3.975999925952094e-05,0.00011999999696854502
3.976999925946016e-05,0.00011999999696854502
3.977999925939939e-05,0.00011999999696854502
3.978999925933861e-05,0.00011999999696854502
3.979999925927784e-05,0.00011999999696854502
3.980999925921706e-05,0.00011999999696854502
3.981999925915629e-05,7.999999797903001e-05
3.9829999259095514e-05,0.00011999999696854502
3.983999925903474e-05,0.00011999999696854502
3.9849999258973964e-05,0.00011999999696854502
3.985999925891319e-05,0.00011999999696854502
3.9869999258852415e-05,7.999999797903001e-05
3.987999925879164e-05,0.00011999999696854502
3.9889999258730865e-05,0.00011999999696854502
3.989999925867009e-05,0.00011999999696854502
3.9909999258609316e-05,0.00011999999696854502
3.991999925854854e-05,0.00011999999696854502
3.992999925848777e-05,0.00011999999696854502
3.993999925842699e-05,7.999999797903001e-05
3.994999925836622e-05,7.999999797903001e-05
3.995999925830544e-05,0.00011999999696854502
3.996999925824467e-05,0.00011999999696854502
3.997999925818389e-05,0.00011999999696854502
3.998999925812312e-05,0.00011999999696854502
3.9999999258062344e-05,7.999999797903001e-05
4.000999925800157e-05,0.00011999999696854502
4.0019999257940794e-05,0.00011999999696854502
4.002999925788002e-05,0.00011999999696854502
4.0039999257819245e-05,0.00011999999696854502
4.004999925775847e-05,0.00011999999696854502
4.0059999257697695e-05,0.00011999999696854502
4.006999925763692e-05,0.00011999999696854502
4.0079999257576146e-05,7.999999797903001e-05
4.008999925751537e-05,0.00011999999696854502
4.0099999257454597e-05,0.00011999999696854502
4.010999925739382e-05,0.00011999999696854502
4.011999925733305e-05,7.999999797903001e-05
4.012999925727227e-05,0.00011999999696854502
4.01399992572115e-05,0.00011999999696854502
4.014999925715072e-05,0.00011999999696854502
4.015999925708995e-05,0.00011999999696854502
4.0169999257029174e-05,0.00011999999696854502
4.01799992569684e-05,7.999999797903001e-05
4.0189999256907624e-05,7.999999797903001e-05
4.019999925684685e-05,0.00011999999696854502
4.0209999256786075e-05,0.00011999999696854502
4.02199992567253e-05,0.00011999999696854502
4.0229999256664525e-05,7.999999797903001e-05
4.023999925660375e-05,7.999999797903001e-05
4.0249999256542976e-05,7.999999797903001e-05
4.02599992564822e-05,0.00011999999696854502
4.0269999256421427e-05,0.00011999999696854502
4.027999925636065e-05,0.00011999999696854502
4.028999925629988e-05,7.999999797903001e-05
4.02999992562391e-05,7.999999797903001e-05
4.030999925617833e-05,0.00011999999696854502
4.031999925611755e-05,7.999999797903001e-05
4.032999925605678e-05,7.999999797903001e-05
4.0339999255996004e-05,0.00011999999696854502
4.034999925593523e-05,7.999999797903001e-05
4.0359999255874454e-05,7.999999797903001e-05
4.036999925581368e-05,7.999999797903001e-05
4.0379999255752905e-05,0.00011999999696854502
4.038999925569213e-05,0.00011999999696854502
4.0399999255631355e-05,0.00011999999696854502
4.040999925557058e-05,7.999999797903001e-05
4.0419999255509806e-05,7.999999797903001e-05
4.042999925544903e-05,0.00011999999696854502
4.0439999255388256e-05,0.00011999999696854502
4.044999925532748e-05,0.00011999999696854502
4.045999925526671e-05,0.00011999999696854502
4.046999925520593e-05,7.999999797903001e-05
4.047999925514516e-05,7.999999797903001e-05
4.048999925508438e-05,7.999999797903001e-05
4.049999925502361e-05,0.00011999999696854502
4.0509999254962833e-05,0.00011999999696854502
4.051999925490206e-05,0.00011999999696854502
4.0529999254841284e-05,7.999999797903001e-05
4.053999925478051e-05,0.00011999999696854502
4.0549999254719735e-05,0.00011999999696854502
4.055999925465896e-05,7.999999797903001e-05
4.0569999254598185e-05,7.999999797903001e-05
4.057999925453741e-05,0.00011999999696854502
4.0589999254476636e-05,0.00011999999696854502
4.059999925441586e-05,7.999999797903001e-05
4.0609999254355086e-05,0.00011999999696854502
4.061999925429431e-05,0.00011999999696854502
4.062999925423354e-05,0.00011999999696854502
4.063999925417276e-05,7.999999797903001e-05
4.064999925411199e-05,7.999999797903001e-05
4.065999925405121e-05,0.00011999999696854502
4.066999925399044e-05,0.00011999999696854502
4.0679999253929663e-05,0.00011999999696854502
4.068999925386889e-05,0.00011999999696854502
4.0699999253808114e-05,7.999999797903001e-05
4.070999925374734e-05,0.00011999999696854502
4.0719999253686565e-05,7.999999797903001e-05
4.072999925362579e-05,7.999999797903001e-05
4.0739999253565015e-05,0.00011999999696854502
4.074999925350424e-05,0.00011999999696854502
4.0759999253443466e-05,0.00011999999696854502
4.076999925338269e-05,7.999999797903001e-05
4.0779999253321916e-05,0.00011999999696854502
4.078999925326114e-05,0.00011999999696854502
4.079999925320037e-05,0.00011999999696854502
4.080999925313959e-05,7.999999797903001e-05
4.081999925307882e-05,0.00011999999696854502
4.082999925301804e-05,7.999999797903001e-05
4.083999925295727e-05,0.00011999999696854502
4.084999925289649e-05,7.999999797903001e-05
4.085999925283572e-05,7.999999797903001e-05
4.0869999252774944e-05,0.00011999999696854502
4.087999925271417e-05,7.999999797903001e-05
4.0889999252653395e-05,7.999999797903001e-05
4.089999925259262e-05,0.00011999999696854502
4.0909999252531845e-05,0.00011999999696854502
4.091999925247107e-05,0.00011999999696854502
4.0929999252410296e-05,0.00011999999696854502
4.093999925234952e-05,7.999999797903001e-05
4.0949999252288746e-05,7.999999797903001e-05
4.095999925222797e-05,7.999999797903001e-05
4.09699992521672e-05,0.00011999999696854502
4.097999925210642e-05,0.00027999999292660505
4.098999925204565e-05,7.999999797903001e-05
4.099999925198487e-05,-7.999999797903001e-05
4.10099992519241e-05,0.00011999999696854502
4.101999925186332e-05,0.00015999999595806003
4.102999925180255e-05,0.00019999999494757503
4.1039999251741774e-05,0.00019999999494757503
4.1049999251681e-05,3.9999998989515007e-05
4.1059999251620224e-05,3.9999998989515007e-05
4.106999925155945e-05,0.00011999999696854502
4.1079999251498675e-05,0.00015999999595806003
4.10899992514379e-05,0.00015999999595806003
4.1099999251377126e-05,3.9999998989515007e-05
4.110999925131635e-05,7.999999797903001e-05
4.1119999251255576e-05,0.00015999999595806003
4.11299992511948e-05,0.00011999999696854502
4.113999925113403e-05,7.999999797903001e-05
4.114999925107325e-05,0.00011999999696854502
4.115999925101248e-05,0.00011999999696854502
4.11699992509517e-05,0.00011999999696854502
4.117999925089093e-05,7.999999797903001e-05
4.118999925083015e-05,7.999999797903001e-05
4.119999925076938e-05,0.00015999999595806003
4.1209999250708604e-05,0.00015999999595806003
4.121999925064783e-05,7.999999797903001e-05
4.1229999250587054e-05,7.999999797903001e-05
4.123999925052628e-05,0.00011999999696854502
4.1249999250465505e-05,0.00015999999595806003
4.125999925040473e-05,0.00011999999696854502
4.1269999250343956e-05,7.999999797903001e-05
4.127999925028318e-05,0.00011999999696854502
4.1289999250222406e-05,0.00011999999696854502
4.129999925016163e-05,7.999999797903001e-05
4.130999925010086e-05,0.00011999999696854502
4.131999925004008e-05,0.00011999999696854502
4.132999924997931e-05,0.00015999999595806003
4.133999924991853e-05,0.00011999999696854502
4.134999924985776e-05,7.999999797903001e-05
4.135999924979698e-05,7.999999797903001e-05
4.136999924973621e-05,0.00011999999696854502
4.1379999249675434e-05,0.00011999999696854502
4.138999924961466e-05,0.00011999999696854502
4.1399999249553884e-05,0.00011999999696854502
4.140999924949311e-05,7.999999797903001e-05
4.1419999249432335e-05,7.999999797903001e-05
4.142999924937156e-05,0.00011999999696854502
4.1439999249310785e-05,0.00011999999696854502
4.144999924925001e-05,0.00011999999696854502
4.1459999249189236e-05,7.999999797903001e-05
4.146999924912846e-05,7.999999797903001e-05
4.147999924906769e-05,0.00011999999696854502
4.148999924900691e-05,7.999999797903001e-05
4.149999924894614e-05,7.999999797903001e-05
4.150999924888536e-05,0.00011999999696854502
4.151999924882459e-05,0.00011999999696854502
4.152999924876381e-05,0.00011999999696854502
4.153999924870304e-05,7.999999797903001e-05
4.1549999248642264e-05,0.00011999999696854502
4.155999924858149e-05,0.00011999999696854502
4.1569999248520714e-05,0.00011999999696854502
4.157999924845994e-05,7.999999797903001e-05
4.1589999248399165e-05,0.00011999999696854502
4.159999924833839e-05,0.00011999999696854502
4.1609999248277615e-05,0.00011999999696854502
4.161999924821684e-05,0.00011999999696854502
4.1629999248156066e-05,0.00011999999696854502
4.163999924809529e-05,0.00011999999696854502
4.1649999248034517e-05,7.999999797903001e-05
4.165999924797374e-05,0.00011999999696854502
4.166999924791297e-05,0.00011999999696854502
4.167999924785219e-05,0.00011999999696854502
4.168999924779142e-05,0.00011999999696854502
4.169999924773064e-05,0.00011999999696854502
4.170999924766987e-05,7.999999797903001e-05
4.1719999247609094e-05,0.00011999999696854502
4.172999924754832e-05,0.00011999999696854502
4.1739999247487544e-05,0.00011999999696854502
4.174999924742677e-05,7.999999797903001e-05
4.1759999247365995e-05,7.999999797903001e-05
4.176999924730522e-05,7.999999797903001e-05
4.1779999247244445e-05,0.00011999999696854502
4.178999924718367e-05,0.00011999999696854502
4.1799999247122896e-05,0.00011999999696854502
4.180999924706212e-05,0.00011999999696854502
4.1819999247001347e-05,0.00011999999696854502
4.182999924694057e-05,0.00011999999696854502
4.18399992468798e-05,7.999999797903001e-05
4.184999924681902e-05,0.00011999999696854502
4.185999924675825e-05,0.00011999999696854502
4.186999924669747e-05,0.00011999999696854502
4.18799992466367e-05,7.999999797903001e-05
4.1889999246575924e-05,0.00011999999696854502
4.189999924651515e-05,0.00011999999696854502
4.1909999246454374e-05,0.00011999999696854502
4.19199992463936e-05,0.00011999999696854502
4.1929999246332825e-05,7.999999797903001e-05
4.193999924627205e-05,7.999999797903001e-05
4.1949999246211275e-05,0.00011999999696854502
4.19599992461505e-05,0.00011999999696854502
4.1969999246089726e-05,0.00011999999696854502
4.197999924602895e-05,0.00011999999696854502
4.1989999245968176e-05,0.00011999999696854502
4.19999992459074e-05,0.00011999999696854502
4.200999924584663e-05,7.999999797903001e-05
4.201999924578585e-05,0.00011999999696854502
4.202999924572508e-05,0.00011999999696854502
4.20399992456643e-05,0.00011999999696854502
4.204999924560353e-05,0.00011999999696854502
4.2059999245542753e-05,7.999999797903001e-05
4.206999924548198e-05,7.999999797903001e-05
4.2079999245421204e-05,0.00011999999696854502
4.208999924536043e-05,0.00011999999696854502
4.2099999245299655e-05,0.00011999999696854502
4.210999924523888e-05,0.00011999999696854502
4.2119999245178105e-05,0.00011999999696854502
4.212999924511733e-05,7.999999797903001e-05
4.2139999245056556e-05,7.999999797903001e-05
4.214999924499578e-05,0.00011999999696854502
4.2159999244935006e-05,0.00011999999696854502
4.216999924487423e-05,0.00011999999696854502
4.217999924481346e-05,0.00011999999696854502
4.218999924475268e-05,0.00011999999696854502
4.219999924469191e-05,0.00011999999696854502
4.220999924463113e-05,0.00011999999696854502
4.221999924457036e-05,0.00011999999696854502
4.2229999244509583e-05,0.00011999999696854502
4.223999924444881e-05,7.999999797903001e-05
4.2249999244388034e-05,0.00011999999696854502
4.225999924432726e-05,0.00011999999696854502
4.2269999244266485e-05,7.999999797903001e-05
4.227999924420571e-05,0.00011999999696854502
4.2289999244144935e-05,0.00011999999696854502
4.229999924408416e-05,0.00011999999696854502
4.2309999244023386e-05,0.00011999999696854502
4.231999924396261e-05,7.999999797903001e-05
4.2329999243901836e-05,0.00011999999696854502
4.233999924384106e-05,7.999999797903001e-05
4.234999924378029e-05,0.00011999999696854502
4.235999924371951e-05,0.00011999999696854502
4.236999924365874e-05,0.00011999999696854502
4.237999924359796e-05,0.00011999999696854502
4.238999924353719e-05,0.00011999999696854502
4.239999924347641e-05,7.999999797903001e-05
4.240999924341564e-05,0.00011999999696854502
4.2419999243354864e-05,0.00011999999696854502
4.242999924329409e-05,0.00011999999696854502
4.2439999243233315e-05,7.999999797903001e-05
4.244999924317254e-05,0.00011999999696854502
4.2459999243111765e-05,0.00011999999696854502
4.246999924305099e-05,0.00011999999696854502
4.2479999242990216e-05,0.00011999999696854502
4.248999924292944e-05,7.999999797903001e-05
4.2499999242868666e-05,7.999999797903001e-05
4.250999924280789e-05,0.00011999999696854502
4.251999924274712e-05,0.00011999999696854502
4.252999924268634e-05,0.00011999999696854502
4.253999924262557e-05,0.00011999999696854502
4.254999924256479e-05,7.999999797903001e-05
4.255999924250402e-05,0.00011999999696854502
4.256999924244324e-05,0.00011999999696854502
4.257999924238247e-05,0.00011999999696854502
4.2589999242321694e-05,0.00011999999696854502
4.259999924226092e-05,0.00011999999696854502
4.2609999242200144e-05,7.999999797903001e-05
4.261999924213937e-05,0.00011999999696854502
4.2629999242078595e-05,0.00011999999696854502
4.263999924201782e-05,0.00011999999696854502
4.2649999241957046e-05,7.999999797903001e-05
4.265999924189627e-05,0.00011999999696854502
4.2669999241835496e-05,0.00011999999696854502
4.267999924177472e-05,7.999999797903001e-05
4.268999924171395e-05,0.00011999999696854502
4.269999924165317e-05,0.00011999999696854502
4.27099992415924e-05,0.00011999999696854502
4.271999924153162e-05,0.00011999999696854502
4.272999924147085e-05,7.999999797903001e-05
4.273999924141007e-05,0.00011999999696854502
4.27499992413493e-05,0.00011999999696854502
4.2759999241288524e-05,0.00011999999696854502
4.276999924122775e-05,7.999999797903001e-05
4.2779999241166974e-05,7.999999797903001e-05
4.27899992411062e-05,0.00011999999696854502
4.2799999241045425e-05,0.00011999999696854502
4.280999924098465e-05,0.00011999999696854502
4.2819999240923876e-05,0.00011999999696854502
4.28299992408631e-05,0.00011999999696854502
4.2839999240802326e-05,0.00011999999696854502
4.284999924074155e-05,0.00011999999696854502
4.285999924068078e-05,0.00011999999696854502
4.286999924062e-05,0.00011999999696854502
4.287999924055923e-05,0.00011999999696854502
4.288999924049845e-05,0.00011999999696854502
4.289999924043768e-05,0.00011999999696854502
4.29099992403769e-05,0.00011999999696854502
4.291999924031613e-05,0.00011999999696854502
4.2929999240255354e-05,0.00011999999696854502
4.293999924019458e-05,0.00011999999696854502
4.2949999240133804e-05,7.999999797903001e-05
4.295999924007303e-05,0.00011999999696854502
4.2969999240012255e-05,0.00011999999696854502
4.297999923995148e-05,0.00011999999696854502
4.2989999239890705e-05,0.00011999999696854502
4.299999923982993e-05,0.00011999999696854502
4.3009999239769156e-05,0.00011999999696854502
4.301999923970838e-05,0.00011999999696854502
4.302999923964761e-05,0.00011999999696854502
4.303999923958683e-05,0.00011999999696854502
4.304999923952606e-05,0.00011999999696854502
4.305999923946528e-05,0.00011999999696854502
4.306999923940451e-05,0.00011999999696854502
4.307999923934373e-05,0.00011999999696854502
4.308999923928296e-05,0.00011999999696854502
4.3099999239222184e-05,0.00011999999696854502
4.310999923916141e-05,0.00011999999696854502
4.3119999239100634e-05,0.00011999999696854502
4.312999923903986e-05,0.00011999999696854502
4.3139999238979085e-05,0.00011999999696854502
4.314999923891831e-05,0.00011999999696854502
4.3159999238857535e-05,0.00011999999696854502
4.316999923879676e-05,0.00011999999696854502
4.3179999238735986e-05,0.00011999999696854502
4.318999923867521e-05,0.00011999999696854502
4.3199999238614437e-05,0.00011999999696854502
4.320999923855366e-05,0.00011999999696854502
4.321999923849289e-05,0.00011999999696854502
4.322999923843211e-05,0.00011999999696854502
4.323999923837134e-05,0.00011999999696854502
4.324999923831056e-05,0.00011999999696854502
4.325999923824979e-05,0.00011999999696854502
4.3269999238189014e-05,0.00011999999696854502
4.327999923812824e-05,0.00011999999696854502
4.3289999238067464e-05,0.00011999999696854502
4.329999923800669e-05,0.00011999999696854502
4.3309999237945915e-05,0.00011999999696854502
4.331999923788514e-05,0.00011999999696854502
4.3329999237824365e-05,0.00011999999696854502
4.333999923776359e-05,0.00011999999696854502
4.3349999237702816e-05,0.00011999999696854502
4.335999923764204e-05,0.00011999999696854502
4.3369999237581267e-05,0.00011999999696854502
4.337999923752049e-05,0.00011999999696854502
4.338999923745972e-05,0.00011999999696854502
4.339999923739894e-05,0.00011999999696854502
4.340999923733817e-05,0.00011999999696854502
4.341999923727739e-05,0.00011999999696854502
4.342999923721662e-05,0.00011999999696854502
4.3439999237155844e-05,0.00011999999696854502
4.344999923709507e-05,0.00015999999595806003
4.3459999237034294e-05,0.00011999999696854502
4.346999923697352e-05,0.00011999999696854502
4.3479999236912745e-05,0.00011999999696854502
4.348999923685197e-05,0.00011999999696854502
4.3499999236791195e-05,0.00011999999696854502
4.350999923673042e-05,0.00011999999696854502
4.3519999236669646e-05,0.00011999999696854502
4.352999923660887e-05,0.00011999999696854502
4.3539999236548096e-05,0.00015999999595806003
4.354999923648732e-05,0.00011999999696854502
4.355999923642655e-05,0.00011999999696854502
4.356999923636577e-05,0.00015999999595806003
4.3579999236305e-05,0.00011999999696854502
4.358999923624422e-05,0.00011999999696854502
4.359999923618345e-05,0.00011999999696854502
4.3609999236122673e-05,0.00015999999595806003
4.36199992360619e-05,0.00015999999595806003
4.3629999236001124e-05,0.00015999999595806003
4.363999923594035e-05,0.00015999999595806003
4.3649999235879575e-05,0.00011999999696854502
4.36599992358188e-05,0.00011999999696854502
4.3669999235758025e-05,0.00011999999696854502
4.367999923569725e-05,0.00015999999595806003
4.3689999235636476e-05,0.00015999999595806003
4.36999992355757e-05,0.00011999999696854502
4.3709999235514926e-05,0.00011999999696854502
4.371999923545415e-05,0.00011999999696854502
4.372999923539338e-05,0.00015999999595806003
4.37399992353326e-05,0.00015999999595806003
4.374999923527183e-05,0.00015999999595806003
4.375999923521105e-05,0.00015999999595806003
4.376999923515028e-05,0.00015999999595806003
4.3779999235089503e-05,0.00011999999696854502
4.378999923502873e-05,0.00015999999595806003
4.3799999234967954e-05,0.00015999999595806003
4.380999923490718e-05,0.00015999999595806003
4.3819999234846405e-05,0.00015999999595806003
4.382999923478563e-05,0.00015999999595806003
4.3839999234724855e-05,0.00015999999595806003
4.384999923466408e-05,0.00015999999595806003
4.3859999234603306e-05,0.00015999999595806003
4.386999923454253e-05,0.00015999999595806003
4.3879999234481756e-05,0.00015999999595806003
4.388999923442098e-05,0.00015999999595806003
4.389999923436021e-05,0.00015999999595806003
4.390999923429943e-05,0.00015999999595806003
4.391999923423866e-05,0.00015999999595806003
4.392999923417788e-05,0.00015999999595806003
4.393999923411711e-05,0.00015999999595806003
4.394999923405633e-05,0.00015999999595806003
4.395999923399556e-05,0.00019999999494757503
4.3969999233934784e-05,0.00015999999595806003
4.397999923387401e-05,0.00015999999595806003
4.3989999233813235e-05,0.00015999999595806003
4.399999923375246e-05,0.00015999999595806003
4.4009999233691685e-05,0.00019999999494757503
4.401999923363091e-05,0.00015999999595806003
4.4029999233570136e-05,0.00019999999494757503
4.403999923350936e-05,0.00015999999595806003
4.4049999233448586e-05,0.00015999999595806003
4.405999923338781e-05,0.00015999999595806003
4.406999923332704e-05,0.00019999999494757503
4.407999923326626e-05,0.00019999999494757503
4.408999923320549e-05,0.00019999999494757503
4.409999923314471e-05,0.00019999999494757503
4.410999923308394e-05,0.00019999999494757503
4.411999923302316e-05,0.00019999999494757503
4.412999923296239e-05,0.00019999999494757503
4.4139999232901614e-05,0.00019999999494757503
4.414999923284084e-05,0.00019999999494757503
4.4159999232780064e-05,0.00019999999494757503
4.416999923271929e-05,0.00019999999494757503
4.4179999232658515e-05,0.00019999999494757503
4.418999923259774e-05,0.00019999999494757503
4.4199999232536966e-05,0.00019999999494757503
4.420999923247619e-05,0.00019999999494757503
4.4219999232415416e-05,0.00019999999494757503
4.422999923235464e-05,0.00019999999494757503
4.423999923229387e-05,0.00019999999494757503
4.424999923223309e-05,0.00019999999494757503
4.425999923217232e-05,0.00019999999494757503
4.426999923211154e-05,0.00019999999494757503
4.427999923205077e-05,0.00019999999494757503
4.428999923198999e-05,0.00019999999494757503
4.429999923192922e-05,0.00019999999494757503
4.4309999231868444e-05,0.00023999999393709004
4.431999923180767e-05,0.00019999999494757503
4.4329999231746894e-05,0.00023999999393709004
4.433999923168612e-05,0.00023999999393709004
4.4349999231625345e-05,0.00023999999393709004
4.435999923156457e-05,0.00023999999393709004
4.4369999231503796e-05,0.00023999999393709004
4.437999923144302e-05,0.00023999999393709004
4.4389999231382246e-05,0.00023999999393709004
4.439999923132147e-05,0.00023999999393709004
4.44099992312607e-05,0.00023999999393709004
4.441999923119992e-05,0.00023999999393709004
4.442999923113915e-05,0.00023999999393709004
4.443999923107837e-05,0.00023999999393709004
4.44499992310176e-05,0.00023999999393709004
4.445999923095682e-05,0.00023999999393709004
4.446999923089605e-05,0.00023999999393709004
4.4479999230835274e-05,0.00023999999393709004
4.44899992307745e-05,0.00023999999393709004
4.4499999230713724e-05,0.00023999999393709004
4.450999923065295e-05,0.00023999999393709004
4.4519999230592175e-05,0.00027999999292660505
4.45299992305314e-05,0.00027999999292660505
4.4539999230470625e-05,0.00027999999292660505
4.454999923040985e-05,0.00023999999393709004
4.4559999230349076e-05,0.00027999999292660505
4.45699992302883e-05,0.00027999999292660505
4.457999923022753e-05,0.00027999999292660505
4.458999923016675e-05,0.00027999999292660505
4.459999923010598e-05,0.00027999999292660505
4.46099992300452e-05,0.00027999999292660505
4.461999922998443e-05,0.00027999999292660505
4.462999922992365e-05,0.00027999999292660505
4.463999922986288e-05,0.00027999999292660505
4.4649999229802104e-05,0.00031999999191612005
4.465999922974133e-05,0.00027999999292660505
4.4669999229680554e-05,0.00027999999292660505
4.467999922961978e-05,0.00027999999292660505
4.4689999229559005e-05,0.00031999999191612005
4.469999922949823e-05,0.00031999999191612005
4.4709999229437455e-05,0.00031999999191612005
4.471999922937668e-05,0.00031999999191612005
4.4729999229315906e-05,0.00031999999191612005
4.473999922925513e-05,0.00031999999191612005
4.4749999229194357e-05,0.00035999999090563506
4.475999922913358e-05,0.00031999999191612005
4.476999922907281e-05,0.00031999999191612005
4.477999922901203e-05,0.00031999999191612005
4.478999922895126e-05,0.00035999999090563506
4.479999922889048e-05,0.00035999999090563506
4.480999922882971e-05,0.00035999999090563506
4.4819999228768934e-05,0.00035999999090563506
4.482999922870816e-05,0.00035999999090563506
4.4839999228647384e-05,0.00035999999090563506
4.484999922858661e-05,0.00035999999090563506
4.4859999228525835e-05,0.00035999999090563506
4.486999922846506e-05,0.00035999999090563506
4.4879999228404285e-05,0.00035999999090563506
4.488999922834351e-05,0.00035999999090563506
4.4899999228282736e-05,0.00039999998989515007
4.490999922822196e-05,0.00035999999090563506
4.4919999228161187e-05,0.00039999998989515007
4.492999922810041e-05,0.00039999998989515007
4.493999922803964e-05,0.00039999998989515007
4.494999922797886e-05,0.00039999998989515007
4.495999922791809e-05,0.00039999998989515007
4.496999922785731e-05,0.00043999998888466507
4.497999922779654e-05,0.00039999998989515007
4.4989999227735764e-05,0.00039999998989515007
4.499999922767499e-05,0.00039999998989515007
4.5009999227614214e-05,0.00039999998989515007
4.501999922755344e-05,0.00043999998888466507
4.5029999227492665e-05,0.00043999998888466507
4.503999922743189e-05,0.00043999998888466507
4.5049999227371115e-05,0.00043999998888466507
4.505999922731034e-05,0.00043999998888466507
4.5069999227249566e-05,0.00043999998888466507
4.507999922718879e-05,0.0004799999878741801
4.5089999227128016e-05,0.00043999998888466507
4.509999922706724e-05,0.0004799999878741801
4.510999922700647e-05,0.0004799999878741801
4.511999922694569e-05,0.00043999998888466507
4.512999922688492e-05,0.00043999998888466507
4.513999922682414e-05,0.0004799999878741801
4.514999922676337e-05,0.0004799999878741801
4.5159999226702593e-05,0.0005199999868636951
4.516999922664182e-05,0.0004799999878741801
4.5179999226581044e-05,0.0004799999878741801
4.518999922652027e-05,0.0004799999878741801
4.5199999226459495e-05,0.0005199999868636951
4.520999922639872e-05,0.0005199999868636951
4.5219999226337945e-05,0.0005199999868636951
4.522999922627717e-05,0.0005199999868636951
4.5239999226216396e-05,0.0005199999868636951
4.524999922615562e-05,0.0005199999868636951
4.5259999226094846e-05,0.0005199999868636951
4.526999922603407e-05,0.0005599999858532101
4.52799992259733e-05,0.0005599999858532101
4.528999922591252e-05,0.0005199999868636951
4.529999922585175e-05,0.0005599999858532101
4.530999922579097e-05,0.0005199999868636951
4.53199992257302e-05,0.0005599999858532101
4.5329999225669423e-05,0.0005599999858532101
4.533999922560865e-05,0.0005599999858532101
4.5349999225547874e-05,0.0005599999858532101
4.53599992254871e-05,0.0005599999858532101
4.5369999225426325e-05,0.0005599999858532101
4.537999922536555e-05,0.0005999999848427251
4.5389999225304775e-05,0.0005999999848427251
4.5399999225244e-05,0.0005999999848427251
4.5409999225183226e-05,0.0005999999848427251
4.541999922512245e-05,0.0005999999848427251
4.5429999225061676e-05,0.0005999999848427251
4.54399992250009e-05,0.0006399999838322401
4.544999922494013e-05,0.0006399999838322401
4.545999922487935e-05,0.0005999999848427251
4.546999922481858e-05,0.0006399999838322401
4.54799992247578e-05,0.0006399999838322401
4.548999922469703e-05,0.0006399999838322401
4.549999922463625e-05,0.0006399999838322401
4.550999922457548e-05,0.0006399999838322401
4.5519999224514704e-05,0.0006399999838322401
4.552999922445393e-05,0.0006399999838322401
4.5539999224393155e-05,0.0006399999838322401
4.554999922433238e-05,0.0006799999828217551
4.5559999224271605e-05,0.0006799999828217551
4.556999922421083e-05,0.0006799999828217551
4.5579999224150056e-05,0.0006799999828217551
4.558999922408928e-05,0.0006799999828217551
4.5599999224028506e-05,0.0006799999828217551
4.560999922396773e-05,0.0006799999828217551
4.561999922390696e-05,0.0006799999828217551
4.562999922384618e-05,0.0007199999818112701
4.563999922378541e-05,0.0007199999818112701
4.564999922372463e-05,0.0007199999818112701
4.565999922366386e-05,0.0007199999818112701
4.566999922360308e-05,0.0007199999818112701
4.567999922354231e-05,0.0007199999818112701
4.5689999223481534e-05,0.0007199999818112701
4.569999922342076e-05,0.0007199999818112701
4.5709999223359984e-05,0.0007599999808007851
4.571999922329921e-05,0.0007599999808007851
4.5729999223238435e-05,0.0007599999808007851
4.573999922317766e-05,0.0007599999808007851
4.5749999223116886e-05,0.0007599999808007851
4.575999922305611e-05,0.0007999999797903001
4.5769999222995336e-05,0.0007599999808007851
4.577999922293456e-05,0.0007599999808007851
4.578999922287379e-05,0.0007999999797903001
4.579999922281301e-05,0.0007999999797903001
4.580999922275224e-05,0.0007999999797903001
4.581999922269146e-05,0.0007999999797903001
4.582999922263069e-05,0.0007999999797903001
4.583999922256991e-05,0.0007999999797903001
4.584999922250914e-05,0.0007999999797903001
4.5859999222448364e-05,0.0008399999787798151
4.586999922238759e-05,0.0008399999787798151
4.5879999222326814e-05,0.0008399999787798151
4.588999922226604e-05,0.0008399999787798151
4.5899999222205265e-05,0.0008399999787798151
4.590999922214449e-05,0.0008799999777693301
4.5919999222083716e-05,0.0008799999777693301
4.592999922202294e-05,0.0008399999787798151
4.5939999221962166e-05,0.0008799999777693301
4.594999922190139e-05,0.0008799999777693301
4.595999922184062e-05,0.0008799999777693301
4.596999922177984e-05,0.0008799999777693301
4.597999922171907e-05,0.0008799999777693301
4.598999922165829e-05,0.0009199999767588452
4.599999922159752e-05,0.0009199999767588452
4.600999922153674e-05,0.0009199999767588452
4.601999922147597e-05,0.0009199999767588452
4.6029999221415194e-05,0.0009199999767588452
4.603999922135442e-05,0.0009199999767588452
4.6049999221293644e-05,0.0009199999767588452
4.605999922123287e-05,0.0009199999767588452
4.6069999221172095e-05,0.0009199999767588452
4.607999922111132e-05,0.0009599999757483602
4.6089999221050545e-05,0.0009599999757483602
4.609999922098977e-05,0.0009599999757483602
4.6109999220928996e-05,0.0009599999757483602
4.611999922086822e-05,0.0009599999757483602
4.612999922080745e-05,0.0009599999757483602
4.613999922074667e-05,0.0009599999757483602
4.61499992206859e-05,0.0009599999757483602
4.615999922062512e-05,0.0009999999747378752
4.616999922056435e-05,0.0009999999747378752
4.617999922050357e-05,0.0009999999747378752
4.61899992204428e-05,0.0009999999747378752
4.6199999220382024e-05,0.0009999999747378752
4.620999922032125e-05,0.0009999999747378752
4.6219999220260474e-05,0.0009999999747378752
4.62299992201997e-05,0.0009999999747378752
4.6239999220138925e-05,0.0010399999737273902
4.624999922007815e-05,0.0009999999747378752
4.6259999220017375e-05,0.0010399999737273902
4.62699992199566e-05,0.0010399999737273902
4.6279999219895826e-05,0.0010399999737273902
4.628999921983505e-05,0.0010399999737273902
4.6299999219774277e-05,0.0010399999737273902
4.63099992197135e-05,0.0010399999737273902
4.631999921965273e-05,0.0010799999727169052
4.632999921959195e-05,0.0010399999737273902
4.633999921953118e-05,0.0010799999727169052
4.63499992194704e-05,0.0010799999727169052
4.635999921940963e-05,0.0010799999727169052
4.6369999219348854e-05,0.0010799999727169052
4.637999921928808e-05,0.0010799999727169052
4.6389999219227304e-05,0.0010799999727169052
4.639999921916653e-05,0.0011199999717064202
4.6409999219105755e-05,0.0011199999717064202
4.641999921904498e-05,0.0010799999727169052
4.6429999218984205e-05,0.0010799999727169052
4.643999921892343e-05,0.0011199999717064202
4.6449999218862656e-05,0.0011199999717064202
4.645999921880188e-05,0.0011199999717064202
4.6469999218741107e-05,0.0011199999717064202
4.647999921868033e-05,0.0011199999717064202
4.648999921861956e-05,0.0011199999717064202
4.649999921855878e-05,0.0011599999706959352
4.650999921849801e-05,0.0011199999717064202
4.651999921843723e-05,0.0011199999717064202
4.652999921837646e-05,0.0011599999706959352
4.6539999218315684e-05,0.0011599999706959352
4.654999921825491e-05,0.0011599999706959352
4.6559999218194134e-05,0.0011599999706959352
4.656999921813336e-05,0.0011599999706959352
4.6579999218072585e-05,0.0011599999706959352
4.658999921801181e-05,0.0011599999706959352
4.6599999217951035e-05,0.0011599999706959352
4.660999921789026e-05,0.0011999999696854502
4.6619999217829486e-05,0.0011999999696854502
4.662999921776871e-05,0.0011999999696854502
4.6639999217707936e-05,0.0011999999696854502
4.664999921764716e-05,0.0011999999696854502
4.665999921758639e-05,0.0011999999696854502
4.666999921752561e-05,0.0011999999696854502
4.667999921746484e-05,0.0011999999696854502
4.668999921740406e-05,0.0012399999686749652
4.669999921734329e-05,0.0011999999696854502
4.6709999217282513e-05,0.0011999999696854502
4.671999921722174e-05,0.0011999999696854502
4.6729999217160964e-05,0.0011999999696854502
4.673999921710019e-05,0.0011999999696854502
4.6749999217039415e-05,0.0012399999686749652
4.675999921697864e-05,0.0012399999686749652
4.6769999216917865e-05,0.0012399999686749652
4.677999921685709e-05,0.0012399999686749652
4.6789999216796316e-05,0.0012399999686749652
4.679999921673554e-05,0.0012399999686749652
4.6809999216674766e-05,0.0012399999686749652
4.681999921661399e-05,0.0012399999686749652
4.682999921655322e-05,0.0012399999686749652
4.683999921649244e-05,0.0012399999686749652
4.684999921643167e-05,0.0012399999686749652
4.685999921637089e-05,0.0012399999686749652
4.686999921631012e-05,0.0012399999686749652
4.6879999216249343e-05,0.0012799999676644802
4.688999921618857e-05,0.0012399999686749652
4.6899999216127794e-05,0.0012799999676644802
4.690999921606702e-05,0.0012799999676644802
4.6919999216006245e-05,0.0012799999676644802
4.692999921594547e-05,0.0012799999676644802
4.6939999215884695e-05,0.0012799999676644802
4.694999921582392e-05,0.0012799999676644802
4.6959999215763146e-05,0.0013199999666539952
4.696999921570237e-05,0.0012799999676644802
4.6979999215641596e-05,0.0013199999666539952
4.698999921558082e-05,0.0012799999676644802
4.699999921552005e-05,0.0012799999676644802
4.700999921545927e-05,0.0013199999666539952
4.70199992153985e-05,0.0013199999666539952
4.702999921533772e-05,0.0012799999676644802
4.703999921527695e-05,0.0012799999676644802
4.704999921521617e-05,0.0013199999666539952
4.70599992151554e-05,0.0013199999666539952
4.7069999215094624e-05,0.0013199999666539952
4.707999921503385e-05,0.0013199999666539952
4.7089999214973075e-05,0.0013199999666539952
4.70999992149123e-05,0.0013199999666539952
4.7109999214851525e-05,0.0013199999666539952
4.711999921479075e-05,0.0013199999666539952
4.7129999214729976e-05,0.0013199999666539952
4.71399992146692e-05,0.0013199999666539952
4.7149999214608426e-05,0.0013199999666539952
4.715999921454765e-05,0.0013199999666539952
4.716999921448688e-05,0.0013199999666539952
4.71799992144261e-05,0.0013199999666539952
4.718999921436533e-05,0.0013199999666539952
4.719999921430455e-05,0.0013199999666539952
4.720999921424378e-05,0.0013199999666539952
4.7219999214183e-05,0.0013199999666539952
4.722999921412223e-05,0.0013599999656435102
4.7239999214061454e-05,0.0013199999666539952
4.724999921400068e-05,0.0013599999656435102
4.7259999213939904e-05,0.0013599999656435102
4.726999921387913e-05,0.0013599999656435102
4.7279999213818355e-05,0.0013599999656435102
4.728999921375758e-05,0.0013599999656435102
4.7299999213696806e-05,0.0013599999656435102
4.730999921363603e-05,0.0013599999656435102
4.7319999213575256e-05,0.0013599999656435102
4.732999921351448e-05,0.0013599999656435102
4.733999921345371e-05,0.0013599999656435102
4.734999921339293e-05,0.0013599999656435102
4.735999921333216e-05,0.0013599999656435102
4.736999921327138e-05,0.0013599999656435102
4.737999921321061e-05,0.0013599999656435102
4.738999921314983e-05,0.0013599999656435102
4.739999921308906e-05,0.0013599999656435102
4.7409999213028284e-05,0.0013599999656435102
4.741999921296751e-05,0.0013599999656435102
4.7429999212906734e-05,0.0013599999656435102
4.743999921284596e-05,0.0013599999656435102
4.7449999212785185e-05,0.0013599999656435102
4.745999921272441e-05,0.0013599999656435102
4.7469999212663636e-05,0.0013599999656435102
4.747999921260286e-05,0.0013599999656435102
4.7489999212542086e-05,0.0013599999656435102
4.749999921248131e-05,0.0013599999656435102
4.750999921242054e-05,0.0013599999656435102
4.751999921235976e-05,0.0013599999656435102
4.752999921229899e-05,0.0013599999656435102
4.753999921223821e-05,0.0013599999656435102
4.754999921217744e-05,0.0013999999646330252
4.755999921211666e-05,0.0013599999656435102
4.756999921205589e-05,0.0013599999656435102
4.7579999211995114e-05,0.0013599999656435102
4.758999921193434e-05,0.0013999999646330252
4.7599999211873564e-05,0.0013599999656435102
4.760999921181279e-05,0.0013599999656435102
4.7619999211752015e-05,0.0013599999656435102
4.762999921169124e-05,0.0013599999656435102
4.7639999211630465e-05,0.0013599999656435102
4.764999921156969e-05,0.0013599999656435102
4.7659999211508916e-05,0.0013599999656435102
4.766999921144814e-05,0.0013999999646330252
4.767999921138737e-05,0.0013999999646330252
4.768999921132659e-05,0.0013599999656435102
4.769999921126582e-05,0.0013999999646330252
4.770999921120504e-05,0.0013599999656435102
4.771999921114427e-05,0.0013599999656435102
4.772999921108349e-05,0.0013599999656435102
4.773999921102272e-05,0.0013599999656435102
4.7749999210961944e-05,0.0013999999646330252
4.775999921090117e-05,0.0013599999656435102
4.7769999210840394e-05,0.0013599999656435102
4.777999921077962e-05,0.0013599999656435102
4.7789999210718845e-05,0.0013999999646330252
4.779999921065807e-05,0.0013999999646330252
4.7809999210597295e-05,0.0013599999656435102
4.781999921053652e-05,0.0013599999656435102
4.7829999210475746e-05,0.0013599999656435102
4.783999921041497e-05,0.0013599999656435102
4.7849999210354197e-05,0.0013599999656435102
4.785999921029342e-05,0.0013599999656435102
4.786999921023265e-05,0.0013999999646330252
4.787999921017187e-05,0.0013599999656435102
4.78899992101111e-05,0.0013599999656435102
4.789999921005032e-05,0.0013599999656435102
4.790999920998955e-05,0.0013599999656435102
4.7919999209928774e-05,0.0013599999656435102
4.7929999209868e-05,0.0013999999646330252
4.7939999209807224e-05,0.0013599999656435102
4.794999920974645e-05,0.0013599999656435102
4.7959999209685675e-05,0.0013599999656435102
4.79699992096249e-05,0.0013599999656435102
4.7979999209564125e-05,0.0013599999656435102
4.798999920950335e-05,0.0013599999656435102
4.7999999209442576e-05,0.0013599999656435102
4.80099992093818e-05,0.0013599999656435102
4.8019999209321027e-05,0.0013599999656435102
4.802999920926025e-05,0.0013599999656435102
4.803999920919948e-05,0.0013599999656435102
4.80499992091387e-05,0.0013599999656435102
4.805999920907793e-05,0.0013599999656435102
4.806999920901715e-05,0.0013599999656435102
4.807999920895638e-05,0.0013599999656435102
4.8089999208895604e-05,0.0013599999656435102
4.809999920883483e-05,0.0013199999666539952
4.8109999208774054e-05,0.0013599999656435102
4.811999920871328e-05,0.0013599999656435102
4.8129999208652505e-05,0.0013599999656435102
4.813999920859173e-05,0.0013599999656435102
4.8149999208530955e-05,0.0013599999656435102
4.815999920847018e-05,0.0013599999656435102
4.8169999208409406e-05,0.0013599999656435102
4.817999920834863e-05,0.0013199999666539952
4.8189999208287856e-05,0.0013599999656435102
4.819999920822708e-05,0.0013199999666539952
4.820999920816631e-05,0.0013199999666539952
4.821999920810553e-05,0.0013199999666539952
4.822999920804476e-05,0.0013199999666539952
4.823999920798398e-05,0.0013599999656435102
4.824999920792321e-05,0.0013199999666539952
4.8259999207862433e-05,0.0013199999666539952
4.826999920780166e-05,0.0013199999666539952
4.8279999207740884e-05,0.0013199999666539952
4.828999920768011e-05,0.0013199999666539952
4.8299999207619335e-05,0.0013199999666539952
4.830999920755856e-05,0.0013199999666539952
4.8319999207497785e-05,0.0013199999666539952
4.832999920743701e-05,0.0013199999666539952
4.8339999207376236e-05,0.0013199999666539952
4.834999920731546e-05,0.0013199999666539952
4.8359999207254686e-05,0.0013199999666539952
4.836999920719391e-05,0.0012799999676644802
4.837999920713314e-05,0.0013199999666539952
4.838999920707236e-05,0.0013199999666539952
4.839999920701159e-05,0.0012799999676644802
4.840999920695081e-05,0.0013199999666539952
4.841999920689004e-05,0.0012799999676644802
4.8429999206829263e-05,0.0012799999676644802
4.843999920676849e-05,0.0012799999676644802
4.8449999206707714e-05,0.0012799999676644802
4.845999920664694e-05,0.0013199999666539952
4.8469999206586165e-05,0.0012799999676644802
4.847999920652539e-05,0.0012799999676644802
4.8489999206464615e-05,0.0012799999676644802
4.849999920640384e-05,0.0012799999676644802
4.8509999206343066e-05,0.0012799999676644802
4.851999920628229e-05,0.0012799999676644802
4.8529999206221516e-05,0.0012399999686749652
4.853999920616074e-05,0.0012399999686749652
4.854999920609997e-05,0.0012799999676644802
4.855999920603919e-05,0.0012799999676644802
4.856999920597842e-05,0.0012399999686749652
4.857999920591764e-05,0.0012399999686749652
4.858999920585687e-05,0.0012399999686749652
4.859999920579609e-05,0.0012399999686749652
4.860999920573532e-05,0.0012399999686749652
4.8619999205674544e-05,0.0012399999686749652
4.862999920561377e-05,0.0012399999686749652
4.8639999205552994e-05,0.0012399999686749652
4.864999920549222e-05,0.0012399999686749652
4.8659999205431445e-05,0.0011999999696854502
4.866999920537067e-05,0.0012399999686749652
4.8679999205309896e-05,0.0012399999686749652
4.868999920524912e-05,0.0011999999696854502
4.8699999205188346e-05,0.0011999999696854502
4.870999920512757e-05,0.0011999999696854502
4.87199992050668e-05,0.0011999999696854502
4.872999920500602e-05,0.0011999999696854502
4.873999920494525e-05,0.0011999999696854502
4.874999920488447e-05,0.0011999999696854502
4.87599992048237e-05,0.0011999999696854502
4.876999920476292e-05,0.0011999999696854502
4.877999920470215e-05,0.0011999999696854502
4.8789999204641374e-05,0.0011599999706959352
4.87999992045806e-05,0.0011599999706959352
4.8809999204519824e-05,0.0011599999706959352
4.881999920445905e-05,0.0011599999706959352
4.8829999204398275e-05,0.0011599999706959352
4.88399992043375e-05,0.0011599999706959352
4.8849999204276726e-05,0.0011599999706959352
4.885999920421595e-05,0.0011599999706959352
4.8869999204155176e-05,0.0011599999706959352
4.88799992040944e-05,0.0011599999706959352
4.888999920403363e-05,0.0011599999706959352
4.889999920397285e-05,0.0011599999706959352
4.890999920391208e-05,0.0011199999717064202
4.89199992038513e-05,0.0011199999717064202
4.892999920379053e-05,0.0011199999717064202
4.893999920372975e-05,0.0011199999717064202
4.894999920366898e-05,0.0011199999717064202
4.8959999203608204e-05,0.0011199999717064202
4.896999920354743e-05,0.0011199999717064202
4.8979999203486654e-05,0.0011199999717064202
4.898999920342588e-05,0.0010799999727169052
4.8999999203365105e-05,0.0010799999727169052
4.900999920330433e-05,0.0010799999727169052
4.9019999203243556e-05,0.0010799999727169052
4.902999920318278e-05,0.0010799999727169052
4.9039999203122006e-05,0.0010799999727169052
4.904999920306123e-05,0.0010799999727169052
4.905999920300046e-05,0.0010799999727169052
4.906999920293968e-05,0.0010799999727169052
4.907999920287891e-05,0.0010799999727169052
4.908999920281813e-05,0.0010399999737273902
4.909999920275736e-05,0.0010399999737273902
4.910999920269658e-05,0.0010399999737273902
4.911999920263581e-05,0.0010399999737273902
4.9129999202575034e-05,0.0010399999737273902
4.913999920251426e-05,0.0010399999737273902
4.9149999202453484e-05,0.0010399999737273902
4.915999920239271e-05,0.0009999999747378752
4.9169999202331935e-05,0.0009999999747378752
4.917999920227116e-05,0.0010399999737273902
4.9189999202210385e-05,0.0009999999747378752
4.919999920214961e-05,0.0009999999747378752
4.9209999202088836e-05,0.0009999999747378752
4.921999920202806e-05,0.0009999999747378752
4.922999920196729e-05,0.0009999999747378752
4.923999920190651e-05,0.0009999999747378752
4.924999920184574e-05,0.0009999999747378752
4.925999920178496e-05,0.0009999999747378752
4.926999920172419e-05,0.0009999999747378752
4.927999920166341e-05,0.0009599999757483602
4.928999920160264e-05,0.0009599999757483602
4.9299999201541864e-05,0.0009599999757483602
4.930999920148109e-05,0.0009599999757483602
4.9319999201420314e-05,0.0009599999757483602
4.932999920135954e-05,0.0009599999757483602
4.9339999201298765e-05,0.0009599999757483602
4.934999920123799e-05,0.0009199999767588452
4.9359999201177215e-05,0.0009199999767588452
4.936999920111644e-05,0.0009199999767588452
4.9379999201055666e-05,0.0009199999767588452
4.938999920099489e-05,0.0009199999767588452
4.9399999200934117e-05,0.0008799999777693301
4.940999920087334e-05,0.0009199999767588452
4.941999920081257e-05,0.0009199999767588452
4.942999920075179e-05,0.0009199999767588452
4.943999920069102e-05,0.0008799999777693301
4.944999920063024e-05,0.0008799999777693301
4.945999920056947e-05,0.0008799999777693301
4.9469999200508694e-05,0.0008799999777693301
4.947999920044792e-05,0.0008799999777693301
4.9489999200387144e-05,0.0008799999777693301
4.949999920032637e-05,0.0008799999777693301
4.9509999200265595e-05,0.0008399999787798151
4.951999920020482e-05,0.0008399999787798151
4.9529999200144045e-05,0.0008399999787798151
4.953999920008327e-05,0.0008399999787798151
4.9549999200022496e-05,0.0008399999787798151
4.955999919996172e-05,0.0008399999787798151
4.9569999199900946e-05,0.0008399999787798151
4.957999919984017e-05,0.0007999999797903001
4.95899991997794e-05,0.0007999999797903001
4.959999919971862e-05,0.0007999999797903001
4.960999919965785e-05,0.0007999999797903001
4.961999919959707e-05,0.0007999999797903001
4.96299991995363e-05,0.0007999999797903001
4.9639999199475524e-05,0.0007999999797903001
4.964999919941475e-05,0.0007999999797903001
4.9659999199353974e-05,0.0007599999808007851
4.96699991992932e-05,0.0007999999797903001
4.9679999199232425e-05,0.0007599999808007851
4.968999919917165e-05,0.0007599999808007851
4.9699999199110875e-05,0.0007599999808007851
4.97099991990501e-05,0.0007599999808007851
4.9719999198989326e-05,0.0007199999818112701
4.972999919892855e-05,0.0007199999818112701
4.9739999198867776e-05,0.0007199999818112701
4.9749999198807e-05,0.0007199999818112701
4.975999919874623e-05,0.0007199999818112701
4.976999919868545e-05,0.0007199999818112701
4.977999919862468e-05,0.0007199999818112701
4.97899991985639e-05,0.0007199999818112701
4.979999919850313e-05,0.0006799999828217551
4.9809999198442353e-05,0.0007199999818112701
4.981999919838158e-05,0.0006799999828217551
4.9829999198320804e-05,0.0006799999828217551
4.983999919826003e-05,0.0006799999828217551
4.9849999198199255e-05,0.0006399999838322401
4.985999919813848e-05,0.0006799999828217551
4.9869999198077705e-05,0.0006799999828217551
4.987999919801693e-05,0.0006399999838322401
4.9889999197956156e-05,0.0006399999838322401
4.989999919789538e-05,0.0006399999838322401
4.9909999197834606e-05,0.0006399999838322401
4.991999919777383e-05,0.0006399999838322401
4.992999919771306e-05,0.0006399999838322401
4.993999919765228e-05,0.0005999999848427251
4.994999919759151e-05,0.0006399999838322401
4.995999919753073e-05,0.0006399999838322401
4.996999919746996e-05,0.0006399999838322401
4.9979999197409183e-05,0.0005999999848427251
4.998999919734841e-05,0.0005999999848427251
4.9999999197287634e-05,0.0005999999848427251
5.000999919722686e-05,0.0005999999848427251
5.0019999197166085e-05,0.0005999999848427251
5.002999919710531e-05,0.0005999999848427251
5.0039999197044535e-05,0.0005599999858532101
5.004999919698376e-05,0.0005599999858532101
5.0059999196922986e-05,0.0005599999858532101
5.006999919686221e-05,0.0005599999858532101
5.0079999196801436e-05,0.0005599999858532101
5.008999919674066e-05,0.0005599999858532101
5.009999919667989e-05,0.0005599999858532101
5.010999919661911e-05,0.0005199999868636951
5.011999919655834e-05,0.0005199999868636951
5.012999919649756e-05,0.0005599999858532101
5.013999919643679e-05,0.0005599999858532101
5.014999919637601e-05,0.0005199999868636951
5.015999919631524e-05,0.0005199999868636951
5.0169999196254464e-05,0.0005199999868636951
5.017999919619369e-05,0.0005199999868636951
5.0189999196132914e-05,0.0005199999868636951
5.019999919607214e-05,0.0005199999868636951
5.0209999196011365e-05,0.0005199999868636951
5.021999919595059e-05,0.0004799999878741801
5.0229999195889816e-05,0.0004799999878741801
5.023999919582904e-05,0.0004799999878741801
5.0249999195768266e-05,0.0004799999878741801
5.025999919570749e-05,0.0004799999878741801
5.026999919564672e-05,0.0004799999878741801
5.027999919558594e-05,0.0004799999878741801
5.028999919552517e-05,0.0004799999878741801
5.029999919546439e-05,0.0004799999878741801
5.030999919540362e-05,0.00043999998888466507
5.031999919534284e-05,0.00043999998888466507
5.032999919528207e-05,0.00043999998888466507
5.0339999195221294e-05,0.00043999998888466507
5.034999919516052e-05,0.00043999998888466507
5.0359999195099744e-05,0.00043999998888466507
5.036999919503897e-05,0.00043999998888466507
5.0379999194978195e-05,0.00039999998989515007
5.038999919491742e-05,0.00039999998989515007
5.0399999194856646e-05,0.00039999998989515007
5.040999919479587e-05,0.00043999998888466507
5.0419999194735096e-05,0.00039999998989515007
5.042999919467432e-05,0.00039999998989515007
5.043999919461355e-05,0.00039999998989515007
5.044999919455277e-05,0.00039999998989515007
5.0459999194492e-05,0.00043999998888466507
5.046999919443122e-05,0.00039999998989515007
5.047999919437045e-05,0.00039999998989515007
5.048999919430967e-05,0.00039999998989515007
5.04999991942489e-05,0.00035999999090563506
5.0509999194188124e-05,0.00035999999090563506
5.051999919412735e-05,0.00035999999090563506
5.0529999194066574e-05,0.00039999998989515007
5.05399991940058e-05,0.00039999998989515007
5.0549999193945025e-05,0.00035999999090563506
5.055999919388425e-05,0.00035999999090563506
5.0569999193823476e-05,0.00035999999090563506
5.05799991937627e-05,0.00035999999090563506
5.0589999193701926e-05,0.00035999999090563506
5.059999919364115e-05,0.00035999999090563506
5.060999919358038e-05,0.00035999999090563506
5.06199991935196e-05,0.00035999999090563506
5.062999919345883e-05,0.00031999999191612005
5.063999919339805e-05,0.00031999999191612005
5.064999919333728e-05,0.00031999999191612005
5.06599991932765e-05,0.00035999999090563506
5.066999919321573e-05,0.00031999999191612005
5.0679999193154954e-05,0.00031999999191612005
5.068999919309418e-05,0.00031999999191612005
5.0699999193033404e-05,0.00031999999191612005
5.070999919297263e-05,0.00031999999191612005
5.0719999192911855e-05,0.00031999999191612005
5.072999919285108e-05,0.00031999999191612005
5.0739999192790305e-05,0.00031999999191612005
5.074999919272953e-05,0.00027999999292660505
5.0759999192668756e-05,0.00031999999191612005
5.076999919260798e-05,0.00031999999191612005
5.077999919254721e-05,0.00031999999191612005
5.078999919248643e-05,0.00027999999292660505
5.079999919242566e-05,0.00027999999292660505
5.080999919236488e-05,0.00027999999292660505
5.081999919230411e-05,0.00027999999292660505
5.082999919224333e-05,0.00027999999292660505
5.083999919218256e-05,0.00027999999292660505
5.0849999192121784e-05,0.00027999999292660505
5.085999919206101e-05,0.00023999999393709004
5.0869999192000234e-05,0.00027999999292660505
5.087999919193946e-05,0.00027999999292660505
5.0889999191878685e-05,0.00027999999292660505
5.089999919181791e-05,0.00027999999292660505
5.0909999191757135e-05,0.00027999999292660505
5.091999919169636e-05,0.00027999999292660505
5.0929999191635586e-05,0.00023999999393709004
5.093999919157481e-05,0.00023999999393709004
5.0949999191514037e-05,0.00027999999292660505
5.095999919145326e-05,0.00027999999292660505
5.096999919139249e-05,0.00023999999393709004
5.097999919133171e-05,0.00023999999393709004
5.098999919127094e-05,0.00023999999393709004
5.099999919121016e-05,0.00023999999393709004
5.100999919114939e-05,0.00023999999393709004
5.1019999191088614e-05,0.00023999999393709004
5.102999919102784e-05,0.00023999999393709004
5.1039999190967064e-05,0.00019999999494757503
5.104999919090629e-05,0.00023999999393709004
5.1059999190845515e-05,0.00023999999393709004
5.106999919078474e-05,0.00023999999393709004
5.1079999190723965e-05,0.00019999999494757503
5.108999919066319e-05,0.00019999999494757503
5.1099999190602416e-05,0.00019999999494757503
5.110999919054164e-05,0.00019999999494757503
5.1119999190480866e-05,0.00019999999494757503
5.112999919042009e-05,0.00019999999494757503
5.113999919035932e-05,0.00019999999494757503
5.114999919029854e-05,0.00019999999494757503
5.115999919023777e-05,0.00019999999494757503
5.116999919017699e-05,0.00019999999494757503
5.117999919011622e-05,0.00019999999494757503
5.1189999190055444e-05,0.00023999999393709004
5.119999918999467e-05,0.00019999999494757503
5.1209999189933894e-05,0.00019999999494757503
5.121999918987312e-05,0.00019999999494757503
5.1229999189812345e-05,0.00019999999494757503
5.123999918975157e-05,0.00019999999494757503
5.1249999189690795e-05,0.00019999999494757503
5.125999918963002e-05,0.00019999999494757503
5.1269999189569246e-05,0.00019999999494757503
5.127999918950847e-05,0.00019999999494757503
5.1289999189447696e-05,0.00019999999494757503
5.129999918938692e-05,0.00019999999494757503
5.130999918932615e-05,0.00019999999494757503
5.131999918926537e-05,0.00019999999494757503
5.13299991892046e-05,0.00015999999595806003
5.133999918914382e-05,0.00015999999595806003
5.134999918908305e-05,0.00015999999595806003
5.1359999189022273e-05,0.00019999999494757503
5.13699991889615e-05,0.00015999999595806003
5.1379999188900724e-05,0.00019999999494757503
5.138999918883995e-05,0.00015999999595806003
5.1399999188779175e-05,0.00015999999595806003
5.14099991887184e-05,0.00015999999595806003
5.1419999188657625e-05,0.00015999999595806003
5.142999918859685e-05,0.00019999999494757503
5.1439999188536076e-05,0.00015999999595806003
5.14499991884753e-05,0.00015999999595806003
5.1459999188414526e-05,0.00015999999595806003
5.146999918835375e-05,0.00015999999595806003
5.147999918829298e-05,0.00015999999595806003
5.14899991882322e-05,0.00015999999595806003
5.149999918817143e-05,0.00015999999595806003
5.150999918811065e-05,0.00015999999595806003
5.151999918804988e-05,0.00015999999595806003
5.1529999187989103e-05,0.00015999999595806003
5.153999918792833e-05,0.00015999999595806003
5.1549999187867554e-05,0.00015999999595806003
5.155999918780678e-05,0.00015999999595806003
5.1569999187746005e-05,0.00011999999696854502
5.157999918768523e-05,0.00015999999595806003
5.1589999187624455e-05,0.00015999999595806003
5.159999918756368e-05,0.00015999999595806003
5.1609999187502906e-05,0.00011999999696854502
5.161999918744213e-05,0.00015999999595806003
5.1629999187381356e-05,0.00015999999595806003
5.163999918732058e-05,0.00015999999595806003
5.164999918725981e-05,0.00015999999595806003
5.165999918719903e-05,0.00015999999595806003
5.166999918713826e-05,0.00011999999696854502
5.167999918707748e-05,0.00015999999595806003
5.168999918701671e-05,0.00011999999696854502
5.169999918695593e-05,0.00011999999696854502
5.170999918689516e-05,0.00015999999595806003
5.1719999186834384e-05,0.00015999999595806003
5.172999918677361e-05,0.00015999999595806003
5.1739999186712834e-05,0.00011999999696854502
5.174999918665206e-05,0.00015999999595806003
5.1759999186591285e-05,0.00011999999696854502
5.176999918653051e-05,0.00011999999696854502
5.1779999186469736e-05,0.00011999999696854502
5.178999918640896e-05,0.00011999999696854502
5.1799999186348186e-05,0.00011999999696854502
5.180999918628741e-05,0.00011999999696854502
5.181999918622664e-05,0.00011999999696854502
5.182999918616586e-05,0.00011999999696854502
5.183999918610509e-05,0.00011999999696854502
5.184999918604431e-05,0.00011999999696854502
5.185999918598354e-05,0.00011999999696854502
5.186999918592276e-05,0.00011999999696854502
5.187999918586199e-05,0.00015999999595806003
5.1889999185801214e-05,0.00011999999696854502
5.189999918574044e-05,0.00011999999696854502
5.1909999185679664e-05,0.00011999999696854502
5.191999918561889e-05,0.00015999999595806003
5.1929999185558115e-05,0.00011999999696854502
5.193999918549734e-05,0.00011999999696854502
5.1949999185436566e-05,0.00011999999696854502
5.195999918537579e-05,0.00011999999696854502
5.1969999185315016e-05,0.00011999999696854502
5.197999918525424e-05,0.00011999999696854502
5.198999918519347e-05,0.00011999999696854502
5.199999918513269e-05,0.00011999999696854502
5.200999918507192e-05,0.00011999999696854502
5.201999918501114e-05,0.00011999999696854502
5.202999918495037e-05,0.00011999999696854502
5.203999918488959e-05,0.00011999999696854502
5.204999918482882e-05,0.00011999999696854502
5.2059999184768044e-05,0.00011999999696854502
5.206999918470727e-05,0.00011999999696854502
5.2079999184646494e-05,0.00011999999696854502
5.208999918458572e-05,0.00011999999696854502
5.2099999184524945e-05,0.00011999999696854502
5.210999918446417e-05,0.00011999999696854502
5.2119999184403396e-05,0.00011999999696854502
5.212999918434262e-05,0.00011999999696854502
5.2139999184281846e-05,0.00011999999696854502
5.214999918422107e-05,0.00011999999696854502
5.21599991841603e-05,0.00011999999696854502
5.216999918409952e-05,0.00011999999696854502
5.217999918403875e-05,0.00011999999696854502
5.218999918397797e-05,0.00011999999696854502
5.21999991839172e-05,0.00011999999696854502
5.220999918385642e-05,0.00011999999696854502
5.221999918379565e-05,0.00011999999696854502
5.2229999183734874e-05,0.00011999999696854502
5.22399991836741e-05,0.00011999999696854502
5.2249999183613324e-05,0.00011999999696854502
5.225999918355255e-05,0.00011999999696854502
5.2269999183491775e-05,0.00011999999696854502
5.2279999183431e-05,0.00011999999696854502
5.2289999183370225e-05,0.00011999999696854502
5.229999918330945e-05,0.00011999999696854502
5.2309999183248676e-05,0.00011999999696854502
5.23199991831879e-05,0.00011999999696854502
5.232999918312713e-05,0.00011999999696854502
5.233999918306635e-05,0.00011999999696854502
5.234999918300558e-05,7.999999797903001e-05
5.23599991829448e-05,0.00011999999696854502
5.236999918288403e-05,0.00011999999696854502
5.237999918282325e-05,0.00011999999696854502
5.238999918276248e-05,0.00011999999696854502
5.2399999182701704e-05,7.999999797903001e-05
5.240999918264093e-05,0.00011999999696854502
5.2419999182580154e-05,0.00011999999696854502
5.242999918251938e-05,0.00011999999696854502
5.2439999182458605e-05,0.00011999999696854502
5.244999918239783e-05,0.00011999999696854502
5.2459999182337055e-05,0.00011999999696854502
5.246999918227628e-05,0.00011999999696854502
5.2479999182215506e-05,0.00011999999696854502
5.248999918215473e-05,0.00011999999696854502
5.2499999182093957e-05,0.00011999999696854502
5.250999918203318e-05,0.00011999999696854502
5.251999918197241e-05,0.00011999999696854502
5.252999918191163e-05,0.00011999999696854502
5.253999918185086e-05,0.00011999999696854502
5.254999918179008e-05,0.00011999999696854502
5.255999918172931e-05,0.00011999999696854502
5.2569999181668534e-05,7.999999797903001e-05
5.257999918160776e-05,0.00011999999696854502
5.2589999181546984e-05,0.00011999999696854502
5.259999918148621e-05,0.00011999999696854502
5.2609999181425435e-05,0.00011999999696854502
5.261999918136466e-05,7.999999797903001e-05
5.2629999181303885e-05,0.00011999999696854502
5.263999918124311e-05,0.00011999999696854502
5.2649999181182336e-05,0.00011999999696854502
5.265999918112156e-05,0.00011999999696854502
5.2669999181060786e-05,0.00011999999696854502
5.267999918100001e-05,0.00011999999696854502
5.268999918093924e-05,7.999999797903001e-05
5.269999918087846e-05,0.00011999999696854502
5.270999918081769e-05,0.00011999999696854502
5.271999918075691e-05,0.00011999999696854502
5.272999918069614e-05,0.00011999999696854502
5.2739999180635364e-05,0.00011999999696854502
5.274999918057459e-05,0.00011999999696854502
5.2759999180513814e-05,0.00011999999696854502
5.276999918045304e-05,0.00011999999696854502
5.2779999180392265e-05,7.999999797903001e-05
5.278999918033149e-05,7.999999797903001e-05
5.2799999180270715e-05,0.00011999999696854502
5.280999918020994e-05,0.00011999999696854502
5.2819999180149166e-05,0.00011999999696854502
5.282999918008839e-05,7.999999797903001e-05
5.2839999180027616e-05,0.00011999999696854502
5.284999917996684e-05,7.999999797903001e-05
5.285999917990607e-05,0.00011999999696854502
5.286999917984529e-05,7.999999797903001e-05
5.287999917978452e-05,7.999999797903001e-05
5.288999917972374e-05,0.00011999999696854502
5.289999917966297e-05,0.00011999999696854502
5.2909999179602193e-05,7.999999797903001e-05
5.291999917954142e-05,0.00011999999696854502
5.2929999179480644e-05,7.999999797903001e-05
5.293999917941987e-05,0.00011999999696854502
5.2949999179359095e-05,7.999999797903001e-05
5.295999917929832e-05,0.00011999999696854502
5.2969999179237545e-05,0.00011999999696854502
5.297999917917677e-05,0.00011999999696854502
5.2989999179115996e-05,7.999999797903001e-05
5.299999917905522e-05,0.00011999999696854502
5.3009999178994446e-05,7.999999797903001e-05
5.301999917893367e-05,0.00011999999696854502
5.30299991788729e-05,0.00011999999696854502
5.303999917881212e-05,7.999999797903001e-05
5.304999917875135e-05,7.999999797903001e-05
5.305999917869057e-05,0.00011999999696854502
5.30699991786298e-05,7.999999797903001e-05
5.307999917856902e-05,7.999999797903001e-05
5.308999917850825e-05,7.999999797903001e-05
5.3099999178447474e-05,7.999999797903001e-05
5.31099991783867e-05,0.00011999999696854502
5.3119999178325925e-05,0.00011999999696854502
5.312999917826515e-05,0.00011999999696854502
5.3139999178204375e-05,0.00011999999696854502
5.31499991781436e-05,0.00011999999696854502
5.3159999178082826e-05,7.999999797903001e-05
5.316999917802205e-05,7.999999797903001e-05
5.3179999177961276e-05,0.00011999999696854502
5.31899991779005e-05,0.00011999999696854502
5.319999917783973e-05,7.999999797903001e-05
5.320999917777895e-05,0.00011999999696854502
5.321999917771818e-05,7.999999797903001e-05
5.32299991776574e-05,0.00011999999696854502
5.323999917759663e-05,0.00011999999696854502
5.324999917753585e-05,0.00011999999696854502
5.325999917747508e-05,0.00011999999696854502
5.3269999177414304e-05,7.999999797903001e-05
5.327999917735353e-05,7.999999797903001e-05
5.3289999177292754e-05,0.00011999999696854502
5.329999917723198e-05,7.999999797903001e-05
5.3309999177171205e-05,7.999999797903001e-05
5.331999917711043e-05,7.999999797903001e-05
5.3329999177049656e-05,0.00011999999696854502
5.333999917698888e-05,7.999999797903001e-05
5.3349999176928106e-05,0.00011999999696854502
5.335999917686733e-05,0.00011999999696854502
5.336999917680656e-05,7.999999797903001e-05
5.337999917674578e-05,7.999999797903001e-05
5.338999917668501e-05,7.999999797903001e-05
5.339999917662423e-05,7.999999797903001e-05
5.340999917656346e-05,7.999999797903001e-05
5.341999917650268e-05,7.999999797903001e-05
5.342999917644191e-05,7.999999797903001e-05
5.3439999176381134e-05,7.999999797903001e-05
5.344999917632036e-05,7.999999797903001e-05
5.3459999176259584e-05,7.999999797903001e-05
5.346999917619881e-05,7.999999797903001e-05
5.3479999176138035e-05,7.999999797903001e-05
5.348999917607726e-05,7.999999797903001e-05
5.3499999176016486e-05,0.00011999999696854502
5.350999917595571e-05,7.999999797903001e-05
5.3519999175894936e-05,7.999999797903001e-05
5.352999917583416e-05,7.999999797903001e-05
5.353999917577339e-05,7.999999797903001e-05
5.354999917571261e-05,0.00011999999696854502
5.355999917565184e-05,7.999999797903001e-05
5.356999917559106e-05,7.999999797903001e-05
5.357999917553029e-05,0.00011999999696854502
5.358999917546951e-05,0.00011999999696854502
5.359999917540874e-05,7.999999797903001e-05
5.3609999175347964e-05,7.999999797903001e-05
5.361999917528719e-05,7.999999797903001e-05
5.3629999175226414e-05,7.999999797903001e-05
5.363999917516564e-05,0.00011999999696854502
5.3649999175104865e-05,7.999999797903001e-05
5.365999917504409e-05,7.999999797903001e-05
5.3669999174983316e-05,0.00011999999696854502
5.367999917492254e-05,0.00011999999696854502
5.3689999174861766e-05,7.999999797903001e-05
5.369999917480099e-05,7.999999797903001e-05
5.370999917474022e-05,7.999999797903001e-05
5.371999917467944e-05,0.00011999999696854502
5.372999917461867e-05,7.999999797903001e-05
5.373999917455789e-05,0.00011999999696854502
5.374999917449712e-05,7.999999797903001e-05
5.375999917443634e-05,0.00011999999696854502
5.376999917437557e-05,0.00011999999696854502
5.3779999174314794e-05,0.00011999999696854502
5.378999917425402e-05,0.00011999999696854502
5.3799999174193244e-05,7.999999797903001e-05
5.380999917413247e-05,7.999999797903001e-05
5.3819999174071695e-05,0.00011999999696854502
5.382999917401092e-05,7.999999797903001e-05
5.3839999173950145e-05,7.999999797903001e-05
5.384999917388937e-05,7.999999797903001e-05
5.3859999173828596e-05,0.00011999999696854502
5.386999917376782e-05,7.999999797903001e-05
5.3879999173707047e-05,7.999999797903001e-05
5.388999917364627e-05,0.00011999999696854502
5.38999991735855e-05,7.999999797903001e-05
5.390999917352472e-05,7.999999797903001e-05
5.391999917346395e-05,7.999999797903001e-05
5.392999917340317e-05,7.999999797903001e-05
5.39399991733424e-05,0.00011999999696854502
5.3949999173281624e-05,0.00011999999696854502
5.395999917322085e-05,0.00011999999696854502
5.3969999173160074e-05,0.00011999999696854502
5.39799991730993e-05,7.999999797903001e-05
5.3989999173038525e-05,0.00011999999696854502
5.399999917297775e-05,0.00011999999696854502
5.4009999172916975e-05,7.999999797903001e-05
5.40199991728562e-05,7.999999797903001e-05
5.4029999172795426e-05,7.999999797903001e-05
5.403999917273465e-05,0.00011999999696854502
5.4049999172673877e-05,0.00011999999696854502
5.40599991726131e-05,7.999999797903001e-05
5.406999917255233e-05,7.999999797903001e-05
5.407999917249155e-05,0.00011999999696854502
5.408999917243078e-05,0.00011999999696854502
5.409999917237e-05,7.999999797903001e-05
5.410999917230923e-05,0.00011999999696854502
5.4119999172248454e-05,7.999999797903001e-05
5.412999917218768e-05,7.999999797903001e-05
5.4139999172126904e-05,7.999999797903001e-05
5.414999917206613e-05,7.999999797903001e-05
5.4159999172005355e-05,7.999999797903001e-05
5.416999917194458e-05,0.00011999999696854502
5.4179999171883805e-05,7.999999797903001e-05
5.418999917182303e-05,7.999999797903001e-05
5.4199999171762256e-05,0.00011999999696854502
5.420999917170148e-05,0.00011999999696854502
5.4219999171640706e-05,7.999999797903001e-05
5.422999917157993e-05,0.00011999999696854502
5.423999917151916e-05,7.999999797903001e-05
5.424999917145838e-05,0.00011999999696854502
5.425999917139761e-05,7.999999797903001e-05
5.426999917133683e-05,7.999999797903001e-05
5.427999917127606e-05,0.00011999999696854502
5.4289999171215284e-05,7.999999797903001e-05
5.429999917115451e-05,7.999999797903001e-05
5.4309999171093734e-05,7.999999797903001e-05
5.431999917103296e-05,0.00011999999696854502
5.4329999170972185e-05,0.00011999999696854502
5.433999917091141e-05,7.999999797903001e-05
5.4349999170850635e-05,7.999999797903001e-05
5.435999917078986e-05,0.00011999999696854502
5.4369999170729086e-05,7.999999797903001e-05
5.437999917066831e-05,0.00011999999696854502
5.4389999170607536e-05,7.999999797903001e-05
5.439999917054676e-05,7.999999797903001e-05
5.440999917048599e-05,0.00011999999696854502
5.441999917042521e-05,7.999999797903001e-05
5.442999917036444e-05,0.00011999999696854502
5.443999917030366e-05,7.999999797903001e-05
5.444999917024289e-05,0.00011999999696854502
5.4459999170182113e-05,0.00011999999696854502
5.446999917012134e-05,7.999999797903001e-05
5.4479999170060564e-05,7.999999797903001e-05
5.448999916999979e-05,0.00011999999696854502
5.4499999169939015e-05,7.999999797903001e-05
5.450999916987824e-05,0.00011999999696854502
5.4519999169817465e-05,0.00011999999696854502
5.452999916975669e-05,7.999999797903001e-05
5.4539999169695916e-05,7.999999797903001e-05
5.454999916963514e-05,0.00011999999696854502
5.4559999169574366e-05,7.999999797903001e-05
5.456999916951359e-05,0.00011999999696854502
5.457999916945282e-05,7.999999797903001e-05
5.458999916939204e-05,7.999999797903001e-05
5.459999916933127e-05,7.999999797903001e-05
5.460999916927049e-05,7.999999797903001e-05
5.461999916920972e-05,0.00011999999696854502
5.462999916914894e-05,7.999999797903001e-05
5.463999916908817e-05,0.00011999999696854502
5.4649999169027394e-05,7.999999797903001e-05
5.465999916896662e-05,7.999999797903001e-05
5.4669999168905845e-05,0.00011999999696854502
5.467999916884507e-05,0.00011999999696854502
5.4689999168784295e-05,7.999999797903001e-05
5.469999916872352e-05,0.00011999999696854502
5.4709999168662746e-05,0.00011999999696854502
5.471999916860197e-05,7.999999797903001e-05
5.4729999168541196e-05,7.999999797903001e-05
5.473999916848042e-05,0.00011999999696854502
5.474999916841965e-05,7.999999797903001e-05
5.475999916835887e-05,0.00011999999696854502
5.47699991682981e-05,0.00011999999696854502
5.477999916823732e-05,0.00011999999696854502
5.478999916817655e-05,0.00011999999696854502
5.479999916811577e-05,0.00011999999696854502
5.4809999168055e-05,0.00011999999696854502
5.4819999167994224e-05,7.999999797903001e-05
5.482999916793345e-05,7.999999797903001e-05
5.4839999167872674e-05,0.00011999999696854502
5.48499991678119e-05,7.999999797903001e-05
5.4859999167751125e-05,0.00011999999696854502
5.486999916769035e-05,7.999999797903001e-05
5.4879999167629576e-05,0.00011999999696854502
5.48899991675688e-05,0.00011999999696854502
5.4899999167508026e-05,7.999999797903001e-05
5.490999916744725e-05,7.999999797903001e-05
5.491999916738648e-05,7.999999797903001e-05
5.49299991673257e-05,0.00011999999696854502
5.493999916726493e-05,0.00011999999696854502
5.494999916720415e-05,0.00011999999696854502
5.495999916714338e-05,0.00011999999696854502
5.49699991670826e-05,0.00011999999696854502
5.497999916702183e-05,7.999999797903001e-05
5.4989999166961054e-05,7.999999797903001e-05
5.499999916690028e-05,0.00011999999696854502
5.5009999166839504e-05,0.00011999999696854502
5.501999916677873e-05,7.999999797903001e-05
5.5029999166717955e-05,7.999999797903001e-05
5.503999916665718e-05,7.999999797903001e-05
5.5049999166596406e-05,0.00011999999696854502
5.505999916653563e-05,0.00011999999696854502
5.5069999166474856e-05,0.00011999999696854502
5.507999916641408e-05,7.999999797903001e-05
5.508999916635331e-05,0.00011999999696854502
5.509999916629253e-05,0.00011999999696854502
5.510999916623176e-05,0.00011999999696854502
5.511999916617098e-05,0.00011999999696854502
5.512999916611021e-05,0.00011999999696854502
5.513999916604943e-05,0.00011999999696854502
5.514999916598866e-05,7.999999797903001e-05
5.5159999165927884e-05,0.00011999999696854502
5.516999916586711e-05,7.999999797903001e-05
5.5179999165806334e-05,0.00011999999696854502
5.518999916574556e-05,0.00011999999696854502
5.5199999165684785e-05,0.00011999999696854502
5.520999916562401e-05,0.00011999999696854502
5.5219999165563236e-05,0.00011999999696854502
5.522999916550246e-05,7.999999797903001e-05
5.5239999165441686e-05,0.00011999999696854502
5.524999916538091e-05,0.00011999999696854502
5.525999916532014e-05,7.999999797903001e-05
5.526999916525936e-05,7.999999797903001e-05
5.527999916519859e-05,7.999999797903001e-05
5.528999916513781e-05,0.00011999999696854502
5.529999916507704e-05,0.00011999999696854502
5.530999916501626e-05,7.999999797903001e-05
5.531999916495549e-05,7.999999797903001e-05
5.5329999164894714e-05,0.00011999999696854502
5.533999916483394e-05,7.999999797903001e-05
5.5349999164773164e-05,7.999999797903001e-05
5.535999916471239e-05,7.999999797903001e-05
5.5369999164651615e-05,7.999999797903001e-05
5.537999916459084e-05,0.00011999999696854502
5.5389999164530065e-05,7.999999797903001e-05
5.539999916446929e-05,7.999999797903001e-05
5.5409999164408516e-05,0.00011999999696854502
5.541999916434774e-05,0.00011999999696854502
5.5429999164286967e-05,7.999999797903001e-05
5.543999916422619e-05,7.999999797903001e-05
5.544999916416542e-05,0.00011999999696854502
5.545999916410464e-05,0.00011999999696854502
5.546999916404387e-05,0.00011999999696854502
5.547999916398309e-05,7.999999797903001e-05
5.548999916392232e-05,0.00011999999696854502
5.5499999163861544e-05,7.999999797903001e-05
5.550999916380077e-05,0.00011999999696854502
5.5519999163739994e-05,7.999999797903001e-05
5.552999916367922e-05,7.999999797903001e-05
5.5539999163618445e-05,7.999999797903001e-05
5.554999916355767e-05,0.00011999999696854502
5.5559999163496895e-05,7.999999797903001e-05
5.556999916343612e-05,7.999999797903001e-05
5.5579999163375346e-05,7.999999797903001e-05
5.558999916331457e-05,0.00011999999696854502
5.5599999163253797e-05,7.999999797903001e-05
5.560999916319302e-05,7.999999797903001e-05
5.561999916313225e-05,7.999999797903001e-05
5.562999916307147e-05,0.00011999999696854502
5.56399991630107e-05,7.999999797903001e-05
5.564999916294992e-05,7.999999797903001e-05
5.565999916288915e-05,7.999999797903001e-05
5.5669999162828374e-05,7.999999797903001e-05
5.56799991627676e-05,7.999999797903001e-05
5.5689999162706824e-05,0.00011999999696854502
5.569999916264605e-05,0.00011999999696854502
5.5709999162585275e-05,7.999999797903001e-05
5.57199991625245e-05,7.999999797903001e-05
5.5729999162463725e-05,7.999999797903001e-05
5.573999916240295e-05,7.999999797903001e-05
5.5749999162342176e-05,0.00011999999696854502
5.57599991622814e-05,0.00011999999696854502
5.5769999162220626e-05,7.999999797903001e-05
5.577999916215985e-05,7.999999797903001e-05
5.578999916209908e-05,7.999999797903001e-05
5.57999991620383e-05,0.00011999999696854502
5.580999916197753e-05,0.00011999999696854502
5.581999916191675e-05,7.999999797903001e-05
5.582999916185598e-05,7.999999797903001e-05
5.5839999161795204e-05,0.00011999999696854502
5.584999916173443e-05,7.999999797903001e-05
5.5859999161673654e-05,7.999999797903001e-05
5.586999916161288e-05,7.999999797903001e-05
5.5879999161552105e-05,7.999999797903001e-05
5.588999916149133e-05,0.00011999999696854502
5.5899999161430555e-05,0.00011999999696854502
5.590999916136978e-05,7.999999797903001e-05
5.5919999161309006e-05,0.00011999999696854502
5.592999916124823e-05,7.999999797903001e-05
5.5939999161187456e-05,0.00011999999696854502
5.594999916112668e-05,7.999999797903001e-05
5.595999916106591e-05,7.999999797903001e-05
5.596999916100513e-05,7.999999797903001e-05
5.597999916094436e-05,0.00011999999696854502
5.598999916088358e-05,7.999999797903001e-05
5.599999916082281e-05,0.00011999999696854502
5.6009999160762033e-05,7.999999797903001e-05
5.601999916070126e-05,7.999999797903001e-05
5.6029999160640484e-05,7.999999797903001e-05
5.603999916057971e-05,7.999999797903001e-05
5.6049999160518935e-05,7.999999797903001e-05
5.605999916045816e-05,0.00011999999696854502
5.6069999160397385e-05,7.999999797903001e-05
5.607999916033661e-05,7.999999797903001e-05
5.6089999160275836e-05,7.999999797903001e-05
5.609999916021506e-05,7.999999797903001e-05
5.6109999160154286e-05,7.999999797903001e-05
5.611999916009351e-05,7.999999797903001e-05
5.612999916003274e-05,0.00011999999696854502
5.613999915997196e-05,7.999999797903001e-05
5.614999915991119e-05,7.999999797903001e-05
5.615999915985041e-05,7.999999797903001e-05
5.616999915978964e-05,7.999999797903001e-05
5.617999915972886e-05,0.00011999999696854502
5.618999915966809e-05,7.999999797903001e-05
5.6199999159607314e-05,0.00011999999696854502
5.620999915954654e-05,0.00011999999696854502
5.6219999159485765e-05,7.999999797903001e-05
5.622999915942499e-05,0.00011999999696854502
5.6239999159364215e-05,0.00011999999696854502
5.624999915930344e-05,7.999999797903001e-05
5.6259999159242666e-05,0.00011999999696854502
5.626999915918189e-05,0.00011999999696854502
5.6279999159121116e-05,0.00011999999696854502
5.628999915906034e-05,0.00011999999696854502
5.629999915899957e-05,0.00011999999696854502
5.630999915893879e-05,7.999999797903001e-05
5.631999915887802e-05,0.00011999999696854502
5.632999915881724e-05,0.00011999999696854502
5.633999915875647e-05,0.00011999999696854502
5.634999915869569e-05,0.00011999999696854502
5.635999915863492e-05,0.00011999999696854502
5.6369999158574144e-05,7.999999797903001e-05
5.637999915851337e-05,7.999999797903001e-05
5.6389999158452594e-05,0.00011999999696854502
5.639999915839182e-05,0.00011999999696854502
5.6409999158331045e-05,7.999999797903001e-05
5.641999915827027e-05,7.999999797903001e-05
5.6429999158209496e-05,7.999999797903001e-05
5.643999915814872e-05,7.999999797903001e-05
5.6449999158087946e-05,7.999999797903001e-05
5.645999915802717e-05,7.999999797903001e-05
5.64699991579664e-05,7.999999797903001e-05
5.647999915790562e-05,7.999999797903001e-05
5.648999915784485e-05,7.999999797903001e-05
5.649999915778407e-05,0.00011999999696854502
5.65099991577233e-05,0.00011999999696854502
5.651999915766252e-05,7.999999797903001e-05
5.652999915760175e-05,0.00011999999696854502
5.6539999157540974e-05,7.999999797903001e-05
5.65499991574802e-05,0.00011999999696854502
5.6559999157419424e-05,0.00011999999696854502
5.656999915735865e-05,7.999999797903001e-05
5.6579999157297875e-05,7.999999797903001e-05
5.65899991572371e-05,7.999999797903001e-05
5.6599999157176326e-05,7.999999797903001e-05
5.660999915711555e-05,7.999999797903001e-05
5.6619999157054776e-05,0.00011999999696854502
5.6629999156994e-05,0.00011999999696854502
5.663999915693323e-05,7.999999797903001e-05
5.664999915687245e-05,7.999999797903001e-05
5.665999915681168e-05,7.999999797903001e-05
5.66699991567509e-05,0.00011999999696854502
5.667999915669013e-05,0.00011999999696854502
5.668999915662935e-05,7.999999797903001e-05
5.669999915656858e-05,7.999999797903001e-05
5.6709999156507804e-05,7.999999797903001e-05
5.671999915644703e-05,7.999999797903001e-05
5.6729999156386254e-05,0.00011999999696854502
5.673999915632548e-05,7.999999797903001e-05
5.6749999156264705e-05,7.999999797903001e-05
5.675999915620393e-05,7.999999797903001e-05
5.6769999156143156e-05,7.999999797903001e-05
5.677999915608238e-05,7.999999797903001e-05
5.6789999156021606e-05,7.999999797903001e-05
5.679999915596083e-05,7.999999797903001e-05
5.680999915590006e-05,0.00011999999696854502
5.681999915583928e-05,7.999999797903001e-05
5.682999915577851e-05,0.00011999999696854502
5.683999915571773e-05,7.999999797903001e-05
5.684999915565696e-05,7.999999797903001e-05
5.685999915559618e-05,7.999999797903001e-05
5.686999915553541e-05,7.999999797903001e-05
5.6879999155474634e-05,7.999999797903001e-05
5.688999915541386e-05,7.999999797903001e-05
5.6899999155353084e-05,7.999999797903001e-05
5.690999915529231e-05,0.00011999999696854502
5.6919999155231535e-05,0.00011999999696854502
5.692999915517076e-05,0.00011999999696854502
5.6939999155109985e-05,7.999999797903001e-05
5.694999915504921e-05,0.00011999999696854502
5.6959999154988436e-05,0.00011999999696854502
5.696999915492766e-05,0.00011999999696854502
5.6979999154866887e-05,0.00011999999696854502
5.698999915480611e-05,0.00011999999696854502
5.699999915474534e-05,0.00011999999696854502
5.700999915468456e-05,0.00011999999696854502
5.701999915462379e-05,7.999999797903001e-05
5.702999915456301e-05,7.999999797903001e-05
5.703999915450224e-05,0.00011999999696854502
5.7049999154441464e-05,0.00011999999696854502
5.705999915438069e-05,7.999999797903001e-05
5.7069999154319914e-05,7.999999797903001e-05
5.707999915425914e-05,0.00011999999696854502
5.7089999154198365e-05,0.00011999999696854502
5.709999915413759e-05,7.999999797903001e-05
5.7109999154076815e-05,7.999999797903001e-05
5.711999915401604e-05,0.00011999999696854502
5.7129999153955266e-05,7.999999797903001e-05
5.713999915389449e-05,7.999999797903001e-05
5.7149999153833717e-05,7.999999797903001e-05
5.715999915377294e-05,7.999999797903001e-05
5.716999915371217e-05,7.999999797903001e-05
5.717999915365139e-05,7.999999797903001e-05
5.718999915359062e-05,7.999999797903001e-05
5.719999915352984e-05,0.00011999999696854502
5.720999915346907e-05,0.00011999999696854502
5.7219999153408294e-05,7.999999797903001e-05
5.722999915334752e-05,7.999999797903001e-05
5.7239999153286744e-05,0.00011999999696854502
5.724999915322597e-05,0.00011999999696854502
5.7259999153165195e-05,7.999999797903001e-05
5.726999915310442e-05,7.999999797903001e-05
5.7279999153043645e-05,0.00011999999696854502
5.728999915298287e-05,0.00011999999696854502
5.7299999152922096e-05,0.00011999999696854502
5.730999915286132e-05,7.999999797903001e-05
5.7319999152800546e-05,0.00011999999696854502
5.732999915273977e-05,7.999999797903001e-05
5.7339999152679e-05,0.00011999999696854502
5.734999915261822e-05,7.999999797903001e-05
5.735999915255745e-05,0.00011999999696854502
5.736999915249667e-05,7.999999797903001e-05
5.73799991524359e-05,7.999999797903001e-05
5.7389999152375124e-05,7.999999797903001e-05
5.739999915231435e-05,0.00011999999696854502
5.7409999152253574e-05,0.00011999999696854502
5.74199991521928e-05,0.00011999999696854502
5.7429999152132025e-05,7.999999797903001e-05
5.743999915207125e-05,7.999999797903001e-05
5.7449999152010475e-05,7.999999797903001e-05
5.74599991519497e-05,7.999999797903001e-05
5.7469999151888926e-05,0.00011999999696854502
5.747999915182815e-05,7.999999797903001e-05
5.7489999151767376e-05,0.00011999999696854502
5.74999991517066e-05,7.999999797903001e-05
5.750999915164583e-05,0.00011999999696854502
5.751999915158505e-05,7.999999797903001e-05
5.752999915152428e-05,0.00011999999696854502
5.75399991514635e-05,7.999999797903001e-05
5.754999915140273e-05,7.999999797903001e-05
5.7559999151341953e-05,7.999999797903001e-05
5.756999915128118e-05,0.00011999999696854502
5.7579999151220404e-05,0.00011999999696854502
5.758999915115963e-05,7.999999797903001e-05
5.7599999151098855e-05,7.999999797903001e-05
5.760999915103808e-05,0.00011999999696854502
5.7619999150977305e-05,0.00011999999696854502
5.762999915091653e-05,7.999999797903001e-05
5.7639999150855756e-05,7.999999797903001e-05
5.764999915079498e-05,0.00011999999696854502
5.7659999150734206e-05,0.00011999999696854502
5.766999915067343e-05,0.00011999999696854502
5.767999915061266e-05,7.999999797903001e-05
5.768999915055188e-05,7.999999797903001e-05
5.769999915049111e-05,0.00011999999696854502
5.770999915043033e-05,7.999999797903001e-05
5.771999915036956e-05,7.999999797903001e-05
5.772999915030878e-05,0.00011999999696854502
5.773999915024801e-05,0.00011999999696854502
5.7749999150187234e-05,0.00011999999696854502
5.775999915012646e-05,7.999999797903001e-05
5.7769999150065685e-05,0.00011999999696854502
5.777999915000491e-05,0.00011999999696854502
5.7789999149944135e-05,0.00011999999696854502
5.779999914988336e-05,7.999999797903001e-05
5.7809999149822586e-05,7.999999797903001e-05
5.781999914976181e-05,7.999999797903001e-05
5.7829999149701036e-05,7.999999797903001e-05
5.783999914964026e-05,0.00011999999696854502
5.784999914957949e-05,0.00011999999696854502
5.785999914951871e-05,0.00011999999696854502
5.786999914945794e-05,0.00011999999696854502
5.787999914939716e-05,0.00011999999696854502
5.788999914933639e-05,7.999999797903001e-05
5.789999914927561e-05,0.00011999999696854502
5.790999914921484e-05,0.00011999999696854502
5.7919999149154064e-05,7.999999797903001e-05
5.792999914909329e-05,0.00011999999696854502
5.7939999149032514e-05,0.00011999999696854502
5.794999914897174e-05,7.999999797903001e-05
5.7959999148910965e-05,0.00011999999696854502
5.796999914885019e-05,7.999999797903001e-05
5.7979999148789416e-05,7.999999797903001e-05
5.798999914872864e-05,0.00011999999696854502
5.7999999148667866e-05,7.999999797903001e-05
5.800999914860709e-05,7.999999797903001e-05
5.801999914854632e-05,7.999999797903001e-05
5.802999914848554e-05,0.00011999999696854502
5.803999914842477e-05,7.999999797903001e-05
5.804999914836399e-05,7.999999797903001e-05
5.805999914830322e-05,7.999999797903001e-05
5.806999914824244e-05,0.00011999999696854502
5.807999914818167e-05,0.00011999999696854502
5.8089999148120894e-05,0.00011999999696854502
5.809999914806012e-05,0.00011999999696854502
5.8109999147999344e-05,7.999999797903001e-05
5.811999914793857e-05,0.00011999999696854502
5.8129999147877795e-05,7.999999797903001e-05
5.813999914781702e-05,7.999999797903001e-05
5.8149999147756246e-05,7.999999797903001e-05
5.815999914769547e-05,7.999999797903001e-05
5.8169999147634696e-05,7.999999797903001e-05
5.817999914757392e-05,7.999999797903001e-05
5.818999914751315e-05,7.999999797903001e-05
5.819999914745237e-05,0.00011999999696854502
5.82099991473916e-05,0.00011999999696854502
5.821999914733082e-05,7.999999797903001e-05
5.822999914727005e-05,7.999999797903001e-05
5.823999914720927e-05,0.00011999999696854502
5.82499991471485e-05,7.999999797903001e-05
5.8259999147087724e-05,0.00011999999696854502
5.826999914702695e-05,7.999999797903001e-05
5.8279999146966174e-05,7.999999797903001e-05
5.82899991469054e-05,7.999999797903001e-05
5.8299999146844625e-05,0.00011999999696854502
5.830999914678385e-05,0.00011999999696854502
5.8319999146723076e-05,0.00011999999696854502
5.83299991466623e-05,7.999999797903001e-05
5.8339999146601526e-05,7.999999797903001e-05
5.834999914654075e-05,7.999999797903001e-05
5.835999914647998e-05,0.00011999999696854502
5.83699991464192e-05,0.00011999999696854502
5.837999914635843e-05,7.999999797903001e-05
5.838999914629765e-05,0.00011999999696854502
5.839999914623688e-05,7.999999797903001e-05
5.84099991461761e-05,0.00011999999696854502
5.841999914611533e-05,0.00011999999696854502
5.8429999146054554e-05,7.999999797903001e-05
5.843999914599378e-05,7.999999797903001e-05
5.8449999145933004e-05,7.999999797903001e-05
5.845999914587223e-05,7.999999797903001e-05
5.8469999145811455e-05,0.00011999999696854502
5.847999914575068e-05,0.00011999999696854502
5.8489999145689905e-05,0.00011999999696854502
5.849999914562913e-05,7.999999797903001e-05
5.8509999145568356e-05,7.999999797903001e-05
5.851999914550758e-05,0.00011999999696854502
5.8529999145446807e-05,0.00011999999696854502
5.853999914538603e-05,7.999999797903001e-05
5.854999914532526e-05,7.999999797903001e-05
5.855999914526448e-05,0.00011999999696854502
5.856999914520371e-05,7.999999797903001e-05
5.857999914514293e-05,0.00011999999696854502
5.858999914508216e-05,0.00011999999696854502
5.8599999145021384e-05,7.999999797903001e-05
5.860999914496061e-05,7.999999797903001e-05
5.8619999144899834e-05,7.999999797903001e-05
5.862999914483906e-05,7.999999797903001e-05
5.8639999144778285e-05,0.00011999999696854502
5.864999914471751e-05,0.00011999999696854502
5.8659999144656735e-05,7.999999797903001e-05
5.866999914459596e-05,0.00011999999696854502
5.8679999144535186e-05,0.00011999999696854502
5.868999914447441e-05,7.999999797903001e-05
5.8699999144413637e-05,0.00011999999696854502
5.870999914435286e-05,7.999999797903001e-05
5.871999914429209e-05,0.00011999999696854502
5.872999914423131e-05,7.999999797903001e-05
5.873999914417054e-05,7.999999797903001e-05
5.874999914410976e-05,0.00011999999696854502
5.875999914404899e-05,0.00011999999696854502
5.8769999143988214e-05,0.00011999999696854502
5.877999914392744e-05,7.999999797903001e-05
5.8789999143866664e-05,0.00011999999696854502
5.879999914380589e-05,0.00011999999696854502
5.8809999143745115e-05,0.00011999999696854502
5.881999914368434e-05,0.00011999999696854502
5.8829999143623565e-05,7.999999797903001e-05
5.883999914356279e-05,0.00011999999696854502
5.8849999143502016e-05,0.00011999999696854502
5.885999914344124e-05,7.999999797903001e-05
5.8869999143380466e-05,0.00011999999696854502
5.887999914331969e-05,0.00011999999696854502
5.888999914325892e-05,0.00011999999696854502
5.889999914319814e-05,7.999999797903001e-05
5.890999914313737e-05,0.00011999999696854502
5.891999914307659e-05,0.00011999999696854502
5.892999914301582e-05,0.00011999999696854502
5.8939999142955043e-05,0.00011999999696854502
5.894999914289427e-05,0.00011999999696854502
5.8959999142833494e-05,7.999999797903001e-05
5.896999914277272e-05,7.999999797903001e-05
5.8979999142711945e-05,7.999999797903001e-05
5.898999914265117e-05,7.999999797903001e-05
5.8999999142590395e-05,0.00011999999696854502
5.900999914252962e-05,0.00011999999696854502
5.9019999142468846e-05,7.999999797903001e-05
5.902999914240807e-05,7.999999797903001e-05
5.9039999142347296e-05,0.00011999999696854502
5.904999914228652e-05,0.00011999999696854502
5.905999914222575e-05,7.999999797903001e-05
5.906999914216497e-05,7.999999797903001e-05
5.90799991421042e-05,0.00011999999696854502
5.908999914204342e-05,0.00011999999696854502
5.909999914198265e-05,7.999999797903001e-05
5.9109999141921873e-05,7.999999797903001e-05
5.91199991418611e-05,0.00011999999696854502
5.9129999141800324e-05,0.00011999999696854502
5.913999914173955e-05,7.999999797903001e-05
5.9149999141678775e-05,0.00011999999696854502
5.9159999141618e-05,0.00011999999696854502
5.9169999141557225e-05,0.00011999999696854502
5.917999914149645e-05,0.00011999999696854502
5.9189999141435676e-05,7.999999797903001e-05
5.91999991413749e-05,7.999999797903001e-05
5.9209999141314126e-05,0.00011999999696854502
5.921999914125335e-05,0.00011999999696854502
5.922999914119258e-05,0.00011999999696854502
5.92399991411318e-05,7.999999797903001e-05
5.924999914107103e-05,7.999999797903001e-05
5.925999914101025e-05,7.999999797903001e-05
5.926999914094948e-05,7.999999797903001e-05
5.92799991408887e-05,0.00011999999696854502
5.928999914082793e-05,0.00011999999696854502
5.9299999140767154e-05,0.00011999999696854502
5.930999914070638e-05,7.999999797903001e-05
5.9319999140645605e-05,7.999999797903001e-05
5.932999914058483e-05,0.00011999999696854502
5.9339999140524055e-05,0.00011999999696854502
5.934999914046328e-05,7.999999797903001e-05
5.9359999140402506e-05,7.999999797903001e-05
5.936999914034173e-05,0.00011999999696854502
5.9379999140280956e-05,7.999999797903001e-05
5.938999914022018e-05,0.00011999999696854502
5.939999914015941e-05,7.999999797903001e-05
5.940999914009863e-05,7.999999797903001e-05
5.941999914003786e-05,0.00011999999696854502
5.942999913997708e-05,7.999999797903001e-05
5.943999913991631e-05,0.00011999999696854502
5.944999913985553e-05,0.00011999999696854502
5.945999913979476e-05,0.00011999999696854502
5.9469999139733984e-05,7.999999797903001e-05
5.947999913967321e-05,7.999999797903001e-05
5.9489999139612434e-05,0.00011999999696854502
5.949999913955166e-05,0.00011999999696854502
5.9509999139490885e-05,0.00011999999696854502
5.951999913943011e-05,0.00011999999696854502
5.9529999139369336e-05,7.999999797903001e-05
5.953999913930856e-05,0.00011999999696854502
5.9549999139247786e-05,7.999999797903001e-05
5.955999913918701e-05,0.00011999999696854502
5.956999913912624e-05,7.999999797903001e-05
5.957999913906546e-05,0.00011999999696854502
5.958999913900469e-05,0.00011999999696854502
5.959999913894391e-05,7.999999797903001e-05
5.960999913888314e-05,0.00011999999696854502
5.961999913882236e-05,0.00011999999696854502
5.962999913876159e-05,0.00011999999696854502
5.9639999138700814e-05,7.999999797903001e-05
5.964999913864004e-05,7.999999797903001e-05
5.9659999138579264e-05,7.999999797903001e-05
5.966999913851849e-05,0.00011999999696854502
5.9679999138457715e-05,0.00011999999696854502
5.968999913839694e-05,0.00011999999696854502
5.9699999138336166e-05,7.999999797903001e-05
5.970999913827539e-05,7.999999797903001e-05
5.9719999138214616e-05,7.999999797903001e-05
5.972999913815384e-05,7.999999797903001e-05
5.973999913809307e-05,0.00011999999696854502
5.974999913803229e-05,7.999999797903001e-05
5.975999913797152e-05,0.00011999999696854502
5.976999913791074e-05,7.999999797903001e-05
5.977999913784997e-05,0.00011999999696854502
5.978999913778919e-05,7.999999797903001e-05
5.979999913772842e-05,0.00011999999696854502
5.9809999137667644e-05,0.00011999999696854502
5.981999913760687e-05,0.00011999999696854502
5.9829999137546094e-05,7.999999797903001e-05
5.983999913748532e-05,0.00011999999696854502
5.9849999137424545e-05,0.00011999999696854502
5.985999913736377e-05,0.00011999999696854502
5.9869999137302995e-05,0.00011999999696854502
5.987999913724222e-05,7.999999797903001e-05
5.9889999137181446e-05,7.999999797903001e-05
5.989999913712067e-05,7.999999797903001e-05
5.99099991370599e-05,7.999999797903001e-05
5.991999913699912e-05,7.999999797903001e-05
5.992999913693835e-05,0.00011999999696854502
5.993999913687757e-05,0.00011999999696854502
5.99499991368168e-05,7.999999797903001e-05
5.995999913675602e-05,7.999999797903001e-05
5.996999913669525e-05,0.00011999999696854502
5.9979999136634474e-05,7.999999797903001e-05
5.99899991365737e-05,7.999999797903001e-05
5.9999999136512924e-05,0.00011999999696854502
6.000999913645215e-05,0.00011999999696854502
6.0019999136391375e-05,7.999999797903001e-05
6.00299991363306e-05,7.999999797903001e-05
6.0039999136269825e-05,7.999999797903001e-05
6.004999913620905e-05,0.00011999999696854502
6.0059999136148276e-05,7.999999797903001e-05
6.00699991360875e-05,0.00011999999696854502
6.0079999136026727e-05,7.999999797903001e-05
6.008999913596595e-05,0.00011999999696854502
6.009999913590518e-05,0.00011999999696854502
6.01099991358444e-05,7.999999797903001e-05
6.011999913578363e-05,0.00011999999696854502
6.012999913572285e-05,7.999999797903001e-05
6.013999913566208e-05,7.999999797903001e-05
6.0149999135601304e-05,7.999999797903001e-05
6.015999913554053e-05,7.999999797903001e-05
6.0169999135479754e-05,7.999999797903001e-05
6.017999913541898e-05,0.00011999999696854502
6.0189999135358205e-05,0.00011999999696854502
6.019999913529743e-05,0.00011999999696854502
6.0209999135236655e-05,0.00011999999696854502
6.021999913517588e-05,7.999999797903001e-05
6.0229999135115106e-05,0.00011999999696854502
6.023999913505433e-05,0.00011999999696854502
6.0249999134993557e-05,0.00011999999696854502
6.025999913493278e-05,0.00011999999696854502
6.026999913487201e-05,0.00011999999696854502
6.027999913481123e-05,0.00011999999696854502
6.028999913475046e-05,0.00011999999696854502
6.029999913468968e-05,0.00011999999696854502
6.030999913462891e-05,0.00011999999696854502
6.0319999134568134e-05,7.999999797903001e-05
6.032999913450736e-05,7.999999797903001e-05
6.0339999134446584e-05,0.00011999999696854502
6.034999913438581e-05,0.00011999999696854502
6.0359999134325035e-05,0.00011999999696854502
6.036999913426426e-05,7.999999797903001e-05
6.0379999134203485e-05,0.00011999999696854502
6.038999913414271e-05,7.999999797903001e-05
6.0399999134081936e-05,7.999999797903001e-05
6.040999913402116e-05,7.999999797903001e-05
6.0419999133960386e-05,0.00011999999696854502
6.042999913389961e-05,0.00011999999696854502
6.043999913383884e-05,7.999999797903001e-05
6.044999913377806e-05,7.999999797903001e-05
6.045999913371729e-05,0.00011999999696854502
6.046999913365651e-05,0.00011999999696854502
6.047999913359574e-05,0.00011999999696854502
6.0489999133534963e-05,0.00011999999696854502
6.049999913347419e-05,7.999999797903001e-05
6.0509999133413414e-05,0.00011999999696854502
6.051999913335264e-05,0.00011999999696854502
6.0529999133291865e-05,7.999999797903001e-05
6.053999913323109e-05,7.999999797903001e-05
6.0549999133170315e-05,0.00011999999696854502
6.055999913310954e-05,0.00011999999696854502
6.0569999133048766e-05,7.999999797903001e-05
6.057999913298799e-05,0.00011999999696854502
6.0589999132927216e-05,0.00011999999696854502
6.059999913286644e-05,0.00011999999696854502
6.060999913280567e-05,0.00011999999696854502
6.061999913274489e-05,0.00011999999696854502
6.062999913268412e-05,7.999999797903001e-05
6.063999913262334e-05,7.999999797903001e-05
6.064999913256257e-05,7.999999797903001e-05
6.0659999132501793e-05,0.00011999999696854502
6.066999913244102e-05,0.00011999999696854502
6.0679999132380244e-05,7.999999797903001e-05
6.068999913231947e-05,7.999999797903001e-05
6.0699999132258695e-05,0.00011999999696854502
6.070999913219792e-05,0.00011999999696854502
6.0719999132137145e-05,0.00011999999696854502
6.072999913207637e-05,7.999999797903001e-05
6.0739999132015596e-05,0.00011999999696854502
6.074999913195482e-05,0.00011999999696854502
6.0759999131894046e-05,0.00011999999696854502
6.076999913183327e-05,0.00011999999696854502
6.07799991317725e-05,0.00011999999696854502
6.078999913171172e-05,7.999999797903001e-05
6.079999913165095e-05,0.00011999999696854502
6.080999913159017e-05,0.00011999999696854502
6.08199991315294e-05,0.00011999999696854502
6.082999913146862e-05,0.00011999999696854502
6.083999913140785e-05,0.00011999999696854502
6.0849999131347074e-05,7.999999797903001e-05
6.08599991312863e-05,0.00011999999696854502
6.0869999131225525e-05,0.00011999999696854502
6.087999913116475e-05,0.00011999999696854502
6.0889999131103975e-05,0.00011999999696854502
6.08999991310432e-05,7.999999797903001e-05
6.0909999130982426e-05,0.00011999999696854502
6.091999913092165e-05,0.00011999999696854502
6.0929999130860876e-05,0.00011999999696854502
6.09399991308001e-05,0.00011999999696854502
6.094999913073933e-05,0.00011999999696854502
6.095999913067855e-05,7.999999797903001e-05
6.096999913061778e-05,0.00011999999696854502
6.0979999130557e-05,0.00011999999696854502
6.098999913049623e-05,0.00011999999696854502
6.099999913043545e-05,7.999999797903001e-05
6.100999913037468e-05,7.999999797903001e-05
6.1019999130313904e-05,0.00011999999696854502
6.102999913025313e-05,0.00011999999696854502
6.103999913019235e-05,0.00011999999696854502
6.104999913013158e-05,0.00011999999696854502
6.10599991300708e-05,7.999999797903001e-05
6.106999913001003e-05,0.00011999999696854502
6.107999912994926e-05,0.00011999999696854502
6.108999912988848e-05,0.00011999999696854502
6.10999991298277e-05,7.999999797903001e-05
6.110999912976693e-05,0.00011999999696854502
6.111999912970616e-05,7.999999797903001e-05
6.112999912964538e-05,7.999999797903001e-05
6.113999912958461e-05,7.999999797903001e-05
6.114999912952383e-05,0.00011999999696854502
6.115999912946306e-05,0.00011999999696854502
6.116999912940228e-05,0.00011999999696854502
6.117999912934151e-05,7.999999797903001e-05
6.118999912928073e-05,0.00011999999696854502
6.119999912921996e-05,0.00011999999696854502
6.120999912915918e-05,0.00011999999696854502
6.121999912909841e-05,0.00011999999696854502
6.122999912903763e-05,0.00011999999696854502
6.123999912897686e-05,7.999999797903001e-05
6.124999912891609e-05,0.00011999999696854502
6.125999912885531e-05,7.999999797903001e-05
6.126999912879454e-05,0.00011999999696854502
6.127999912873376e-05,0.00011999999696854502
6.128999912867299e-05,0.00011999999696854502
6.129999912861221e-05,7.999999797903001e-05
6.130999912855144e-05,7.999999797903001e-05
6.131999912849066e-05,7.999999797903001e-05
6.132999912842989e-05,0.00011999999696854502
6.133999912836911e-05,0.00011999999696854502
6.134999912830834e-05,7.999999797903001e-05
6.135999912824756e-05,7.999999797903001e-05
6.136999912818679e-05,0.00011999999696854502
6.137999912812601e-05,0.00011999999696854502
6.138999912806524e-05,0.00011999999696854502
6.139999912800446e-05,0.00011999999696854502
6.140999912794369e-05,0.00011999999696854502
6.141999912788292e-05,0.00011999999696854502
6.142999912782214e-05,0.00011999999696854502
6.143999912776137e-05,7.999999797903001e-05
6.144999912770059e-05,0.00011999999696854502
6.145999912763982e-05,0.00027999999292660505
6.146999912757904e-05,7.999999797903001e-05
6.147999912751827e-05,-7.999999797903001e-05
6.148999912745749e-05,0.00011999999696854502
6.149999912739672e-05,0.00015999999595806003
6.150999912733594e-05,0.00019999999494757503
6.151999912727517e-05,0.00019999999494757503
6.15299991272144e-05,3.9999998989515007e-05
6.153999912715362e-05,3.9999998989515007e-05
6.154999912709284e-05,0.00011999999696854502
6.155999912703207e-05,0.00015999999595806003
6.15699991269713e-05,0.00015999999595806003
6.157999912691052e-05,7.999999797903001e-05
6.158999912684975e-05,7.999999797903001e-05
6.159999912678897e-05,0.00015999999595806003
6.16099991267282e-05,0.00011999999696854502
6.161999912666742e-05,3.9999998989515007e-05
6.162999912660665e-05,7.999999797903001e-05
6.163999912654587e-05,0.00015999999595806003
6.16499991264851e-05,0.00011999999696854502
6.165999912642432e-05,7.999999797903001e-05
6.166999912636355e-05,3.9999998989515007e-05
6.167999912630277e-05,0.00011999999696854502
6.1689999126242e-05,0.00015999999595806003
6.169999912618122e-05,7.999999797903001e-05
6.170999912612045e-05,7.999999797903001e-05
6.171999912605967e-05,7.999999797903001e-05
6.17299991259989e-05,0.00015999999595806003
6.173999912593812e-05,0.00015999999595806003
6.174999912587735e-05,7.999999797903001e-05
6.175999912581658e-05,7.999999797903001e-05
6.17699991257558e-05,0.00011999999696854502
6.177999912569503e-05,0.00011999999696854502
6.178999912563425e-05,7.999999797903001e-05
6.179999912557348e-05,0.00011999999696854502
6.18099991255127e-05,0.00011999999696854502
6.181999912545193e-05,0.00011999999696854502
6.182999912539115e-05,7.999999797903001e-05
6.183999912533038e-05,7.999999797903001e-05
6.18499991252696e-05,0.00011999999696854502
6.185999912520883e-05,0.00011999999696854502
6.186999912514805e-05,0.00011999999696854502
6.187999912508728e-05,7.999999797903001e-05
6.18899991250265e-05,0.00011999999696854502
6.189999912496573e-05,0.00011999999696854502
6.190999912490495e-05,0.00011999999696854502
6.191999912484418e-05,0.00011999999696854502
6.19299991247834e-05,0.00011999999696854502
6.193999912472263e-05,0.00011999999696854502
6.194999912466186e-05,0.00011999999696854502
6.195999912460108e-05,0.00011999999696854502
6.19699991245403e-05,0.00011999999696854502
6.197999912447953e-05,0.00011999999696854502
6.198999912441876e-05,0.00011999999696854502
6.199999912435798e-05,0.00011999999696854502
6.200999912429721e-05,0.00011999999696854502
6.201999912423643e-05,0.00011999999696854502
6.202999912417566e-05,7.999999797903001e-05
6.203999912411488e-05,0.00011999999696854502
6.204999912405411e-05,7.999999797903001e-05
6.205999912399333e-05,0.00011999999696854502
6.206999912393256e-05,0.00011999999696854502
6.207999912387178e-05,0.00011999999696854502
6.208999912381101e-05,0.00011999999696854502
6.209999912375024e-05,0.00011999999696854502
6.210999912368946e-05,0.00011999999696854502
6.211999912362869e-05,0.00011999999696854502
6.212999912356791e-05,7.999999797903001e-05
6.213999912350714e-05,7.999999797903001e-05
6.214999912344636e-05,0.00011999999696854502
6.215999912338559e-05,0.00011999999696854502
6.216999912332481e-05,0.00011999999696854502
6.217999912326404e-05,7.999999797903001e-05
6.218999912320326e-05,7.999999797903001e-05
6.219999912314249e-05,7.999999797903001e-05
6.220999912308171e-05,0.00011999999696854502
6.221999912302094e-05,7.999999797903001e-05
6.222999912296016e-05,0.00011999999696854502
6.223999912289939e-05,0.00011999999696854502
6.224999912283861e-05,0.00011999999696854502
6.225999912277784e-05,0.00011999999696854502
6.226999912271707e-05,0.00011999999696854502
6.227999912265629e-05,0.00011999999696854502
6.228999912259552e-05,0.00011999999696854502
6.229999912253474e-05,7.999999797903001e-05
6.230999912247397e-05,0.00011999999696854502
6.231999912241319e-05,7.999999797903001e-05
6.232999912235242e-05,0.00011999999696854502
6.233999912229164e-05,0.00011999999696854502
6.234999912223087e-05,7.999999797903001e-05
6.235999912217009e-05,7.999999797903001e-05
6.236999912210932e-05,7.999999797903001e-05
6.237999912204854e-05,0.00011999999696854502
6.238999912198777e-05,0.00011999999696854502
6.2399999121927e-05,7.999999797903001e-05
6.240999912186622e-05,0.00011999999696854502
6.241999912180544e-05,0.00011999999696854502
6.242999912174467e-05,0.00011999999696854502
6.24399991216839e-05,0.00011999999696854502
6.244999912162312e-05,7.999999797903001e-05
6.245999912156235e-05,0.00011999999696854502
6.246999912150157e-05,0.00011999999696854502
6.24799991214408e-05,7.999999797903001e-05
6.248999912138002e-05,0.00011999999696854502
6.249999912131925e-05,0.00011999999696854502
6.250999912125847e-05,0.00011999999696854502
6.25199991211977e-05,0.00011999999696854502
6.252999912113692e-05,0.00011999999696854502
6.253999912107615e-05,0.00011999999696854502
6.254999912101537e-05,0.00011999999696854502
6.25599991209546e-05,0.00011999999696854502
6.256999912089382e-05,0.00011999999696854502
6.257999912083305e-05,0.00011999999696854502
6.258999912077227e-05,0.00011999999696854502
6.25999991207115e-05,0.00011999999696854502
6.260999912065073e-05,7.999999797903001e-05
6.261999912058995e-05,7.999999797903001e-05
6.262999912052918e-05,0.00011999999696854502
6.26399991204684e-05,0.00011999999696854502
6.264999912040763e-05,0.00011999999696854502
6.265999912034685e-05,0.00011999999696854502
6.266999912028608e-05,0.00011999999696854502
6.26799991202253e-05,0.00011999999696854502
6.268999912016453e-05,7.999999797903001e-05
6.269999912010375e-05,0.00011999999696854502
6.270999912004298e-05,0.00011999999696854502
6.27199991199822e-05,0.00011999999696854502
6.272999911992143e-05,0.00011999999696854502
6.273999911986065e-05,0.00011999999696854502
6.274999911979988e-05,0.00011999999696854502
6.27599991197391e-05,7.999999797903001e-05
6.276999911967833e-05,7.999999797903001e-05
6.277999911961755e-05,0.00011999999696854502
6.278999911955678e-05,0.00011999999696854502
6.2799999119496e-05,0.00011999999696854502
6.280999911943523e-05,7.999999797903001e-05
6.281999911937446e-05,7.999999797903001e-05
6.282999911931368e-05,0.00011999999696854502
6.28399991192529e-05,0.00011999999696854502
6.284999911919213e-05,0.00011999999696854502
6.285999911913136e-05,0.00011999999696854502
6.286999911907058e-05,7.999999797903001e-05
6.287999911900981e-05,0.00011999999696854502
6.288999911894903e-05,7.999999797903001e-05
6.289999911888826e-05,0.00011999999696854502
6.290999911882748e-05,0.00011999999696854502
6.291999911876671e-05,0.00011999999696854502
6.292999911870593e-05,7.999999797903001e-05
6.293999911864516e-05,0.00011999999696854502
6.294999911858438e-05,0.00011999999696854502
6.295999911852361e-05,0.00011999999696854502
6.296999911846284e-05,0.00011999999696854502
6.297999911840206e-05,0.00011999999696854502
6.298999911834129e-05,0.00011999999696854502
6.299999911828051e-05,0.00011999999696854502
6.300999911821974e-05,7.999999797903001e-05
6.301999911815896e-05,0.00011999999696854502
6.302999911809819e-05,0.00011999999696854502
6.303999911803741e-05,0.00011999999696854502
6.304999911797664e-05,0.00011999999696854502
6.305999911791586e-05,7.999999797903001e-05
6.306999911785509e-05,0.00011999999696854502
6.307999911779431e-05,0.00011999999696854502
6.308999911773354e-05,0.00011999999696854502
6.309999911767276e-05,7.999999797903001e-05
6.310999911761199e-05,0.00011999999696854502
6.311999911755121e-05,0.00011999999696854502
6.312999911749044e-05,0.00011999999696854502
6.313999911742967e-05,0.00011999999696854502
6.314999911736889e-05,0.00011999999696854502
6.315999911730812e-05,0.00011999999696854502
6.316999911724734e-05,0.00011999999696854502
6.317999911718657e-05,7.999999797903001e-05
6.318999911712579e-05,7.999999797903001e-05
6.319999911706502e-05,0.00011999999696854502
6.320999911700424e-05,0.00011999999696854502
6.321999911694347e-05,7.999999797903001e-05
6.322999911688269e-05,0.00011999999696854502
6.323999911682192e-05,0.00011999999696854502
6.324999911676114e-05,0.00011999999696854502
6.325999911670037e-05,0.00011999999696854502
6.32699991166396e-05,0.00011999999696854502
6.327999911657882e-05,0.00011999999696854502
6.328999911651804e-05,0.00011999999696854502
6.329999911645727e-05,0.00011999999696854502
6.33099991163965e-05,0.00011999999696854502
6.331999911633572e-05,0.00011999999696854502
6.332999911627495e-05,0.00011999999696854502
6.333999911621417e-05,0.00011999999696854502
6.33499991161534e-05,0.00011999999696854502
6.335999911609262e-05,0.00011999999696854502
6.336999911603185e-05,0.00011999999696854502
6.337999911597107e-05,7.999999797903001e-05
6.33899991159103e-05,0.00011999999696854502
6.339999911584952e-05,7.999999797903001e-05
6.340999911578875e-05,0.00011999999696854502
6.341999911572797e-05,0.00011999999696854502
6.34299991156672e-05,0.00011999999696854502
6.343999911560642e-05,0.00011999999696854502
6.344999911554565e-05,0.00011999999696854502
6.345999911548487e-05,0.00011999999696854502
6.34699991154241e-05,0.00011999999696854502
6.347999911536333e-05,0.00011999999696854502
6.348999911530255e-05,0.00011999999696854502
6.349999911524178e-05,0.00011999999696854502
6.3509999115181e-05,0.00011999999696854502
6.351999911512023e-05,0.00011999999696854502
6.352999911505945e-05,0.00011999999696854502
6.353999911499868e-05,7.999999797903001e-05
6.35499991149379e-05,0.00011999999696854502
6.355999911487713e-05,0.00011999999696854502
6.356999911481635e-05,0.00011999999696854502
6.357999911475558e-05,0.00011999999696854502
6.35899991146948e-05,0.00011999999696854502
6.359999911463403e-05,0.00011999999696854502
6.360999911457325e-05,0.00011999999696854502
6.361999911451248e-05,0.00011999999696854502
6.36299991144517e-05,0.00011999999696854502
6.363999911439093e-05,0.00011999999696854502
6.364999911433016e-05,0.00011999999696854502
6.365999911426938e-05,0.00011999999696854502
6.36699991142086e-05,0.00011999999696854502
6.367999911414783e-05,0.00011999999696854502
6.368999911408706e-05,0.00011999999696854502
6.369999911402628e-05,0.00011999999696854502
6.370999911396551e-05,0.00011999999696854502
6.371999911390473e-05,0.00011999999696854502
6.372999911384396e-05,0.00011999999696854502
6.373999911378318e-05,0.00011999999696854502
6.374999911372241e-05,0.00011999999696854502
6.375999911366163e-05,0.00011999999696854502
6.376999911360086e-05,0.00011999999696854502
6.377999911354008e-05,0.00011999999696854502
6.378999911347931e-05,0.00011999999696854502
6.379999911341853e-05,0.00011999999696854502
6.380999911335776e-05,0.00011999999696854502
6.381999911329699e-05,0.00011999999696854502
6.382999911323621e-05,0.00011999999696854502
6.383999911317544e-05,0.00011999999696854502
6.384999911311466e-05,0.00015999999595806003
6.385999911305389e-05,0.00011999999696854502
6.386999911299311e-05,0.00011999999696854502
6.387999911293234e-05,0.00011999999696854502
6.388999911287156e-05,0.00011999999696854502
6.389999911281079e-05,0.00011999999696854502
6.390999911275001e-05,0.00011999999696854502
6.391999911268924e-05,0.00011999999696854502
6.392999911262846e-05,0.00011999999696854502
6.393999911256769e-05,0.00011999999696854502
6.394999911250691e-05,0.00011999999696854502
6.395999911244614e-05,0.00011999999696854502
6.396999911238536e-05,0.00015999999595806003
6.397999911232459e-05,0.00011999999696854502
6.398999911226382e-05,0.00015999999595806003
6.399999911220304e-05,0.00011999999696854502
6.400999911214227e-05,0.00011999999696854502
6.401999911208149e-05,0.00011999999696854502
6.402999911202072e-05,0.00011999999696854502
6.403999911195994e-05,0.00011999999696854502
6.404999911189917e-05,0.00011999999696854502
6.405999911183839e-05,0.00011999999696854502
6.406999911177762e-05,0.00011999999696854502
6.407999911171684e-05,0.00011999999696854502
6.408999911165607e-05,0.00011999999696854502
6.40999991115953e-05,0.00015999999595806003
6.410999911153452e-05,0.00015999999595806003
6.411999911147374e-05,0.00015999999595806003
6.412999911141297e-05,0.00011999999696854502
6.41399991113522e-05,0.00011999999696854502
6.414999911129142e-05,0.00011999999696854502
6.415999911123065e-05,0.00011999999696854502
6.416999911116987e-05,0.00015999999595806003
6.41799991111091e-05,0.00015999999595806003
6.418999911104832e-05,0.00015999999595806003
6.419999911098755e-05,0.00015999999595806003
6.420999911092677e-05,0.00011999999696854502
6.4219999110866e-05,0.00015999999595806003
6.422999911080522e-05,0.00015999999595806003
6.423999911074445e-05,0.00015999999595806003
6.424999911068367e-05,0.00015999999595806003
6.42599991106229e-05,0.00015999999595806003
6.426999911056212e-05,0.00015999999595806003
6.427999911050135e-05,0.00015999999595806003
6.428999911044057e-05,0.00015999999595806003
6.42999991103798e-05,0.00015999999595806003
6.430999911031902e-05,0.00015999999595806003
6.431999911025825e-05,0.00015999999595806003
6.432999911019747e-05,0.00015999999595806003
6.43399991101367e-05,0.00015999999595806003
6.434999911007593e-05,0.00015999999595806003
6.435999911001515e-05,0.00015999999595806003
6.436999910995438e-05,0.00015999999595806003
6.43799991098936e-05,0.00015999999595806003
6.438999910983283e-05,0.00015999999595806003
6.439999910977205e-05,0.00015999999595806003
6.440999910971128e-05,0.00015999999595806003
6.44199991096505e-05,0.00015999999595806003
6.442999910958973e-05,0.00015999999595806003
6.443999910952895e-05,0.00015999999595806003
6.444999910946818e-05,0.00015999999595806003
6.44599991094074e-05,0.00015999999595806003
6.446999910934663e-05,0.00015999999595806003
6.447999910928585e-05,0.00015999999595806003
6.448999910922508e-05,0.00015999999595806003
6.44999991091643e-05,0.00015999999595806003
6.450999910910353e-05,0.00015999999595806003
6.451999910904276e-05,0.00015999999595806003
6.452999910898198e-05,0.00019999999494757503
6.45399991089212e-05,0.00015999999595806003
6.454999910886043e-05,0.00015999999595806003
6.455999910879966e-05,0.00015999999595806003
6.456999910873888e-05,0.00019999999494757503
6.457999910867811e-05,0.00019999999494757503
6.458999910861733e-05,0.00019999999494757503
6.459999910855656e-05,0.00015999999595806003
6.460999910849578e-05,0.00019999999494757503
6.461999910843501e-05,0.00019999999494757503
6.462999910837423e-05,0.00019999999494757503
6.463999910831346e-05,0.00019999999494757503
6.464999910825268e-05,0.00019999999494757503
6.465999910819191e-05,0.00019999999494757503
6.466999910813113e-05,0.00019999999494757503
6.467999910807036e-05,0.00019999999494757503
6.468999910800959e-05,0.00019999999494757503
6.469999910794881e-05,0.00019999999494757503
6.470999910788804e-05,0.00019999999494757503
6.471999910782726e-05,0.00019999999494757503
6.472999910776649e-05,0.00019999999494757503
6.473999910770571e-05,0.00019999999494757503
6.474999910764494e-05,0.00019999999494757503
6.475999910758416e-05,0.00019999999494757503
6.476999910752339e-05,0.00023999999393709004
6.477999910746261e-05,0.00019999999494757503
6.478999910740184e-05,0.00019999999494757503
6.479999910734106e-05,0.00023999999393709004
6.480999910728029e-05,0.00019999999494757503
6.481999910721951e-05,0.00023999999393709004
6.482999910715874e-05,0.00023999999393709004
6.483999910709796e-05,0.00023999999393709004
6.484999910703719e-05,0.00023999999393709004
6.485999910697642e-05,0.00023999999393709004
6.486999910691564e-05,0.00023999999393709004
6.487999910685487e-05,0.00023999999393709004
6.488999910679409e-05,0.00023999999393709004
6.489999910673332e-05,0.00023999999393709004
6.490999910667254e-05,0.00023999999393709004
6.491999910661177e-05,0.00027999999292660505
6.492999910655099e-05,0.00023999999393709004
6.493999910649022e-05,0.00023999999393709004
6.494999910642944e-05,0.00023999999393709004
6.495999910636867e-05,0.00027999999292660505
6.49699991063079e-05,0.00023999999393709004
6.497999910624712e-05,0.00023999999393709004
6.498999910618634e-05,0.00027999999292660505
6.499999910612557e-05,0.00027999999292660505
6.50099991060648e-05,0.00027999999292660505
6.501999910600402e-05,0.00027999999292660505
6.502999910594325e-05,0.00023999999393709004
6.503999910588247e-05,0.00027999999292660505
6.50499991058217e-05,0.00027999999292660505
6.505999910576092e-05,0.00027999999292660505
6.506999910570015e-05,0.00027999999292660505
6.507999910563937e-05,0.00027999999292660505
6.50899991055786e-05,0.00027999999292660505
6.509999910551782e-05,0.00027999999292660505
6.510999910545705e-05,0.00027999999292660505
6.511999910539627e-05,0.00027999999292660505
6.51299991053355e-05,0.00027999999292660505
6.513999910527472e-05,0.00031999999191612005
6.514999910521395e-05,0.00031999999191612005
6.515999910515317e-05,0.00031999999191612005
6.51699991050924e-05,0.00031999999191612005
6.517999910503162e-05,0.00031999999191612005
6.518999910497085e-05,0.00031999999191612005
6.519999910491008e-05,0.00031999999191612005
6.52099991048493e-05,0.00031999999191612005
6.521999910478853e-05,0.00031999999191612005
6.522999910472775e-05,0.00031999999191612005
6.523999910466698e-05,0.00031999999191612005
6.52499991046062e-05,0.00035999999090563506
6.525999910454543e-05,0.00031999999191612005
6.526999910448465e-05,0.00035999999090563506
6.527999910442388e-05,0.00035999999090563506
6.52899991043631e-05,0.00035999999090563506
6.529999910430233e-05,0.00035999999090563506
6.530999910424155e-05,0.00035999999090563506
6.531999910418078e-05,0.00031999999191612005
6.532999910412e-05,0.00035999999090563506
6.533999910405923e-05,0.00035999999090563506
6.534999910399845e-05,0.00035999999090563506
6.535999910393768e-05,0.00035999999090563506
6.53699991038769e-05,0.00035999999090563506
6.537999910381613e-05,0.00035999999090563506
6.538999910375536e-05,0.00039999998989515007
6.539999910369458e-05,0.00035999999090563506
6.54099991036338e-05,0.00039999998989515007
6.541999910357303e-05,0.00039999998989515007
6.542999910351226e-05,0.00039999998989515007
6.543999910345148e-05,0.00039999998989515007
6.544999910339071e-05,0.00039999998989515007
6.545999910332993e-05,0.00039999998989515007
6.546999910326916e-05,0.00039999998989515007
6.547999910320838e-05,0.00043999998888466507
6.548999910314761e-05,0.00039999998989515007
6.549999910308683e-05,0.00043999998888466507
6.550999910302606e-05,0.00043999998888466507
6.551999910296528e-05,0.00043999998888466507
6.552999910290451e-05,0.00043999998888466507
6.553999910284374e-05,0.00043999998888466507
6.554999910278296e-05,0.00043999998888466507
6.555999910272219e-05,0.00043999998888466507
6.556999910266141e-05,0.00043999998888466507
6.557999910260064e-05,0.00043999998888466507
6.558999910253986e-05,0.0004799999878741801
6.559999910247909e-05,0.0004799999878741801
6.560999910241831e-05,0.0004799999878741801
6.561999910235754e-05,0.0004799999878741801
6.562999910229676e-05,0.0004799999878741801
6.563999910223599e-05,0.0004799999878741801
6.564999910217521e-05,0.0004799999878741801
6.565999910211444e-05,0.0004799999878741801
6.566999910205366e-05,0.0004799999878741801
6.567999910199289e-05,0.0005199999868636951
6.568999910193211e-05,0.0004799999878741801
6.569999910187134e-05,0.0005199999868636951
6.570999910181057e-05,0.0005199999868636951
6.571999910174979e-05,0.0005199999868636951
6.572999910168902e-05,0.0005199999868636951
6.573999910162824e-05,0.0005199999868636951
6.574999910156747e-05,0.0005599999858532101
6.575999910150669e-05,0.0005599999858532101
6.576999910144592e-05,0.0005599999858532101
6.577999910138514e-05,0.0005599999858532101
6.578999910132437e-05,0.0005599999858532101
6.579999910126359e-05,0.0005599999858532101
6.580999910120282e-05,0.0005599999858532101
6.581999910114204e-05,0.0005999999848427251
6.582999910108127e-05,0.0005599999858532101
6.58399991010205e-05,0.0005599999858532101
6.584999910095972e-05,0.0005599999858532101
6.585999910089894e-05,0.0005599999858532101
6.586999910083817e-05,0.0005999999848427251
6.58799991007774e-05,0.0005999999848427251
6.588999910071662e-05,0.0005999999848427251
6.589999910065585e-05,0.0005999999848427251
6.590999910059507e-05,0.0005999999848427251
6.59199991005343e-05,0.0005999999848427251
6.592999910047352e-05,0.0006399999838322401
6.593999910041275e-05,0.0005999999848427251
6.594999910035197e-05,0.0006399999838322401
6.59599991002912e-05,0.0006399999838322401
6.596999910023042e-05,0.0006399999838322401
6.597999910016965e-05,0.0006399999838322401
6.598999910010887e-05,0.0006399999838322401
6.59999991000481e-05,0.0006399999838322401
6.600999909998732e-05,0.0006399999838322401
6.601999909992655e-05,0.0006799999828217551
6.602999909986577e-05,0.0006799999828217551
6.6039999099805e-05,0.0006799999828217551
6.604999909974422e-05,0.0006399999838322401
6.605999909968345e-05,0.0006799999828217551
6.606999909962268e-05,0.0006799999828217551
6.60799990995619e-05,0.0007199999818112701
6.608999909950113e-05,0.0007199999818112701
6.609999909944035e-05,0.0007199999818112701
6.610999909937958e-05,0.0007199999818112701
6.61199990993188e-05,0.0007199999818112701
6.612999909925803e-05,0.0007199999818112701
6.613999909919725e-05,0.0007199999818112701
6.614999909913648e-05,0.0007199999818112701
6.61599990990757e-05,0.0007199999818112701
6.616999909901493e-05,0.0007199999818112701
6.617999909895415e-05,0.0007599999808007851
6.618999909889338e-05,0.0007599999808007851
6.61999990988326e-05,0.0007599999808007851
6.620999909877183e-05,0.0007599999808007851
6.621999909871105e-05,0.0007599999808007851
6.622999909865028e-05,0.0007999999797903001
6.62399990985895e-05,0.0007999999797903001
6.624999909852873e-05,0.0007599999808007851
6.625999909846796e-05,0.0007999999797903001
6.626999909840718e-05,0.0007999999797903001
6.62799990983464e-05,0.0007999999797903001
6.628999909828563e-05,0.0007999999797903001
6.629999909822486e-05,0.0007999999797903001
6.630999909816408e-05,0.0007999999797903001
6.631999909810331e-05,0.0008399999787798151
6.632999909804253e-05,0.0008399999787798151
6.633999909798176e-05,0.0008399999787798151
6.634999909792098e-05,0.0008399999787798151
6.635999909786021e-05,0.0008399999787798151
6.636999909779943e-05,0.0008399999787798151
6.637999909773866e-05,0.0008399999787798151
6.638999909767788e-05,0.0008399999787798151
6.639999909761711e-05,0.0008399999787798151
6.640999909755634e-05,0.0008799999777693301
6.641999909749556e-05,0.0008799999777693301
6.642999909743479e-05,0.0008799999777693301
6.643999909737401e-05,0.0008799999777693301
6.644999909731324e-05,0.0008799999777693301
6.645999909725246e-05,0.0008799999777693301
6.646999909719169e-05,0.0008799999777693301
6.647999909713091e-05,0.0009199999767588452
6.648999909707014e-05,0.0009199999767588452
6.649999909700936e-05,0.0009199999767588452
6.650999909694859e-05,0.0009199999767588452
6.651999909688781e-05,0.0009199999767588452
6.652999909682704e-05,0.0009199999767588452
6.653999909676626e-05,0.0009199999767588452
6.654999909670549e-05,0.0009199999767588452
6.655999909664471e-05,0.0009599999757483602
6.656999909658394e-05,0.0009599999757483602
6.657999909652317e-05,0.0009199999767588452
6.658999909646239e-05,0.0009599999757483602
6.659999909640162e-05,0.0009599999757483602
6.660999909634084e-05,0.0009599999757483602
6.661999909628007e-05,0.0009599999757483602
6.662999909621929e-05,0.0009599999757483602
6.663999909615852e-05,0.0009599999757483602
6.664999909609774e-05,0.0009999999747378752
6.665999909603697e-05,0.0009999999747378752
6.666999909597619e-05,0.0009999999747378752
6.667999909591542e-05,0.0009999999747378752
6.668999909585464e-05,0.0009999999747378752
6.669999909579387e-05,0.0009999999747378752
6.67099990957331e-05,0.0009999999747378752
6.671999909567232e-05,0.0009999999747378752
6.672999909561154e-05,0.0010399999737273902
6.673999909555077e-05,0.0010399999737273902
6.674999909549e-05,0.0010399999737273902
6.675999909542922e-05,0.0010399999737273902
6.676999909536845e-05,0.0010399999737273902
6.677999909530767e-05,0.0010399999737273902
6.67899990952469e-05,0.0010799999727169052
6.679999909518612e-05,0.0010399999737273902
6.680999909512535e-05,0.0010399999737273902
6.681999909506457e-05,0.0010799999727169052
6.68299990950038e-05,0.0010799999727169052
6.683999909494302e-05,0.0010799999727169052
6.684999909488225e-05,0.0010799999727169052
6.685999909482147e-05,0.0010799999727169052
6.68699990947607e-05,0.0010799999727169052
6.687999909469992e-05,0.0010799999727169052
6.688999909463915e-05,0.0010799999727169052
6.689999909457837e-05,0.0011199999717064202
6.69099990945176e-05,0.0011199999717064202
6.691999909445683e-05,0.0011199999717064202
6.692999909439605e-05,0.0011199999717064202
6.693999909433528e-05,0.0011199999717064202
6.69499990942745e-05,0.0011199999717064202
6.695999909421373e-05,0.0011199999717064202
6.696999909415295e-05,0.0011199999717064202
6.697999909409218e-05,0.0011199999717064202
6.69899990940314e-05,0.0011199999717064202
6.699999909397063e-05,0.0011199999717064202
6.700999909390985e-05,0.0011599999706959352
6.701999909384908e-05,0.0011599999706959352
6.70299990937883e-05,0.0011599999706959352
6.703999909372753e-05,0.0011599999706959352
6.704999909366675e-05,0.0011599999706959352
6.705999909360598e-05,0.0011599999706959352
6.70699990935452e-05,0.0011599999706959352
6.707999909348443e-05,0.0011599999706959352
6.708999909342366e-05,0.0011999999696854502
6.709999909336288e-05,0.0011999999696854502
6.71099990933021e-05,0.0011599999706959352
6.711999909324133e-05,0.0011599999706959352
6.712999909318056e-05,0.0011999999696854502
6.713999909311978e-05,0.0011999999696854502
6.714999909305901e-05,0.0011999999696854502
6.715999909299823e-05,0.0011999999696854502
6.716999909293746e-05,0.0011999999696854502
6.717999909287668e-05,0.0011999999696854502
6.718999909281591e-05,0.0012399999686749652
6.719999909275513e-05,0.0011999999696854502
6.720999909269436e-05,0.0011999999696854502
6.721999909263358e-05,0.0012399999686749652
6.722999909257281e-05,0.0012399999686749652
6.723999909251203e-05,0.0011999999696854502
6.724999909245126e-05,0.0012399999686749652
6.725999909239049e-05,0.0012399999686749652
6.726999909232971e-05,0.0012399999686749652
6.727999909226894e-05,0.0012399999686749652
6.728999909220816e-05,0.0012399999686749652
6.729999909214739e-05,0.0012399999686749652
6.730999909208661e-05,0.0012799999676644802
6.731999909202584e-05,0.0012399999686749652
6.732999909196506e-05,0.0012399999686749652
6.733999909190429e-05,0.0012399999686749652
6.734999909184351e-05,0.0012399999686749652
6.735999909178274e-05,0.0012799999676644802
6.736999909172196e-05,0.0012799999676644802
6.737999909166119e-05,0.0012799999676644802
6.738999909160041e-05,0.0012799999676644802
6.739999909153964e-05,0.0012799999676644802
6.740999909147886e-05,0.0012799999676644802
6.741999909141809e-05,0.0012799999676644802
6.742999909135731e-05,0.0012799999676644802
6.743999909129654e-05,0.0012799999676644802
6.744999909123577e-05,0.0012799999676644802
6.745999909117499e-05,0.0012799999676644802
6.746999909111422e-05,0.0012799999676644802
6.747999909105344e-05,0.0013199999666539952
6.748999909099267e-05,0.0012799999676644802
6.749999909093189e-05,0.0012799999676644802
6.750999909087112e-05,0.0013199999666539952
6.751999909081034e-05,0.0013199999666539952
6.752999909074957e-05,0.0013199999666539952
6.753999909068879e-05,0.0013199999666539952
6.754999909062802e-05,0.0013199999666539952
6.755999909056724e-05,0.0013199999666539952
6.756999909050647e-05,0.0013199999666539952
6.75799990904457e-05,0.0013199999666539952
6.758999909038492e-05,0.0013199999666539952
6.759999909032414e-05,0.0013199999666539952
6.760999909026337e-05,0.0013199999666539952
6.76199990902026e-05,0.0013199999666539952
6.762999909014182e-05,0.0013199999666539952
6.763999909008105e-05,0.0013199999666539952
6.764999909002027e-05,0.0013199999666539952
6.76599990899595e-05,0.0013199999666539952
6.766999908989872e-05,0.0013599999656435102
6.767999908983795e-05,0.0013199999666539952
6.768999908977717e-05,0.0013199999666539952
6.76999990897164e-05,0.0013199999666539952
6.770999908965562e-05,0.0013199999666539952
6.771999908959485e-05,0.0013199999666539952
6.772999908953407e-05,0.0013599999656435102
6.77399990894733e-05,0.0013599999656435102
6.774999908941252e-05,0.0013599999656435102
6.775999908935175e-05,0.0013599999656435102
6.776999908929097e-05,0.0013599999656435102
6.77799990892302e-05,0.0013599999656435102
6.778999908916943e-05,0.0013599999656435102
6.779999908910865e-05,0.0013599999656435102
6.780999908904788e-05,0.0013599999656435102
6.78199990889871e-05,0.0013599999656435102
6.782999908892633e-05,0.0013599999656435102
6.783999908886555e-05,0.0013599999656435102
6.784999908880478e-05,0.0013599999656435102
6.7859999088744e-05,0.0013599999656435102
6.786999908868323e-05,0.0013599999656435102
6.787999908862245e-05,0.0013599999656435102
6.788999908856168e-05,0.0013599999656435102
6.78999990885009e-05,0.0013599999656435102
6.790999908844013e-05,0.0013599999656435102
6.791999908837935e-05,0.0013599999656435102
6.792999908831858e-05,0.0013599999656435102
6.79399990882578e-05,0.0013599999656435102
6.794999908819703e-05,0.0013599999656435102
6.795999908813626e-05,0.0013599999656435102
6.796999908807548e-05,0.0013599999656435102
6.79799990880147e-05,0.0013599999656435102
6.798999908795393e-05,0.0013599999656435102
6.799999908789316e-05,0.0013599999656435102
6.800999908783238e-05,0.0013599999656435102
6.801999908777161e-05,0.0013599999656435102
6.802999908771083e-05,0.0013999999646330252
6.803999908765006e-05,0.0013599999656435102
6.804999908758928e-05,0.0013999999646330252
6.805999908752851e-05,0.0013599999656435102
6.806999908746773e-05,0.0013599999656435102
6.807999908740696e-05,0.0013999999646330252
6.808999908734618e-05,0.0013599999656435102
6.809999908728541e-05,0.0013999999646330252
6.810999908722463e-05,0.0013999999646330252
6.811999908716386e-05,0.0013599999656435102
6.812999908710309e-05,0.0013999999646330252
6.813999908704231e-05,0.0013599999656435102
6.814999908698154e-05,0.0013599999656435102
6.815999908692076e-05,0.0013599999656435102
6.816999908685999e-05,0.0013999999646330252
6.817999908679921e-05,0.0013999999646330252
6.818999908673844e-05,0.0013999999646330252
6.819999908667766e-05,0.0013599999656435102
6.820999908661689e-05,0.0013599999656435102
6.821999908655611e-05,0.0013999999646330252
6.822999908649534e-05,0.0013599999656435102
6.823999908643456e-05,0.0013999999646330252
6.824999908637379e-05,0.0013599999656435102
6.825999908631301e-05,0.0013599999656435102
6.826999908625224e-05,0.0013599999656435102
6.827999908619146e-05,0.0013999999646330252
6.828999908613069e-05,0.0013599999656435102
6.829999908606992e-05,0.0013599999656435102
6.830999908600914e-05,0.0013599999656435102
6.831999908594837e-05,0.0013599999656435102
6.832999908588759e-05,0.0013599999656435102
6.833999908582682e-05,0.0013599999656435102
6.834999908576604e-05,0.0013999999646330252
6.835999908570527e-05,0.0013599999656435102
6.836999908564449e-05,0.0013599999656435102
6.837999908558372e-05,0.0013599999656435102
6.838999908552294e-05,0.0013599999656435102
6.839999908546217e-05,0.0013599999656435102
6.84099990854014e-05,0.0013599999656435102
6.841999908534062e-05,0.0013999999646330252
6.842999908527984e-05,0.0013599999656435102
6.843999908521907e-05,0.0013599999656435102
6.84499990851583e-05,0.0013599999656435102
6.845999908509752e-05,0.0013599999656435102
6.846999908503675e-05,0.0013599999656435102
6.847999908497597e-05,0.0013599999656435102
6.84899990849152e-05,0.0013599999656435102
6.849999908485442e-05,0.0013599999656435102
6.850999908479365e-05,0.0013599999656435102
6.851999908473287e-05,0.0013599999656435102
6.85299990846721e-05,0.0013599999656435102
6.853999908461132e-05,0.0013599999656435102
6.854999908455055e-05,0.0013599999656435102
6.855999908448977e-05,0.0013599999656435102
6.8569999084429e-05,0.0013599999656435102
6.857999908436822e-05,0.0013599999656435102
6.858999908430745e-05,0.0013599999656435102
6.859999908424667e-05,0.0013599999656435102
6.86099990841859e-05,0.0013599999656435102
6.861999908412512e-05,0.0013599999656435102
6.862999908406435e-05,0.0013599999656435102
6.863999908400358e-05,0.0013199999666539952
6.86499990839428e-05,0.0013599999656435102
6.865999908388203e-05,0.0013599999656435102
6.866999908382125e-05,0.0013599999656435102
6.867999908376048e-05,0.0013599999656435102
6.86899990836997e-05,0.0013199999666539952
6.869999908363893e-05,0.0013199999666539952
6.870999908357815e-05,0.0013199999666539952
6.871999908351738e-05,0.0013199999666539952
6.87299990834566e-05,0.0013199999666539952
6.873999908339583e-05,0.0013199999666539952
6.874999908333505e-05,0.0013199999666539952
6.875999908327428e-05,0.0013199999666539952
6.87699990832135e-05,0.0013199999666539952
6.877999908315273e-05,0.0013199999666539952
6.878999908309195e-05,0.0013199999666539952
6.879999908303118e-05,0.0013199999666539952
6.88099990829704e-05,0.0013199999666539952
6.881999908290963e-05,0.0013199999666539952
6.882999908284886e-05,0.0013199999666539952
6.883999908278808e-05,0.0013199999666539952
6.88499990827273e-05,0.0013199999666539952
6.885999908266653e-05,0.0013199999666539952
6.886999908260576e-05,0.0012799999676644802
6.887999908254498e-05,0.0012799999676644802
6.888999908248421e-05,0.0013199999666539952
6.889999908242343e-05,0.0012799999676644802
6.890999908236266e-05,0.0012799999676644802
6.891999908230188e-05,0.0012799999676644802
6.892999908224111e-05,0.0012799999676644802
6.893999908218033e-05,0.0012799999676644802
6.894999908211956e-05,0.0012799999676644802
6.895999908205878e-05,0.0012799999676644802
6.896999908199801e-05,0.0012799999676644802
6.897999908193723e-05,0.0012799999676644802
6.898999908187646e-05,0.0012799999676644802
6.899999908181569e-05,0.0012799999676644802
6.900999908175491e-05,0.0012799999676644802
6.901999908169414e-05,0.0012799999676644802
6.902999908163336e-05,0.0012799999676644802
6.903999908157259e-05,0.0012399999686749652
6.904999908151181e-05,0.0012399999686749652
6.905999908145104e-05,0.0012799999676644802
6.906999908139026e-05,0.0012399999686749652
6.907999908132949e-05,0.0012399999686749652
6.908999908126871e-05,0.0012399999686749652
6.909999908120794e-05,0.0012399999686749652
6.910999908114716e-05,0.0012399999686749652
6.911999908108639e-05,0.0012399999686749652
6.912999908102561e-05,0.0012399999686749652
6.913999908096484e-05,0.0012399999686749652
6.914999908090406e-05,0.0012399999686749652
6.915999908084329e-05,0.0012399999686749652
6.916999908078252e-05,0.0011999999696854502
6.917999908072174e-05,0.0012399999686749652
6.918999908066097e-05,0.0011999999696854502
6.919999908060019e-05,0.0011999999696854502
6.920999908053942e-05,0.0011999999696854502
6.921999908047864e-05,0.0011999999696854502
6.922999908041787e-05,0.0011999999696854502
6.923999908035709e-05,0.0011999999696854502
6.924999908029632e-05,0.0011999999696854502
6.925999908023554e-05,0.0011999999696854502
6.926999908017477e-05,0.0011599999706959352
6.9279999080114e-05,0.0011999999696854502
6.928999908005322e-05,0.0011599999706959352
6.929999907999244e-05,0.0011999999696854502
6.930999907993167e-05,0.0011599999706959352
6.93199990798709e-05,0.0011599999706959352
6.932999907981012e-05,0.0011599999706959352
6.933999907974935e-05,0.0011599999706959352
6.934999907968857e-05,0.0011599999706959352
6.93599990796278e-05,0.0011599999706959352
6.936999907956702e-05,0.0011199999717064202
6.937999907950625e-05,0.0011599999706959352
6.938999907944547e-05,0.0011199999717064202
6.93999990793847e-05,0.0011599999706959352
6.940999907932392e-05,0.0011199999717064202
6.941999907926315e-05,0.0011199999717064202
6.942999907920237e-05,0.0011199999717064202
6.94399990791416e-05,0.0010799999727169052
6.944999907908082e-05,0.0011199999717064202
6.945999907902005e-05,0.0011199999717064202
6.946999907895927e-05,0.0011199999717064202
6.94799990788985e-05,0.0010799999727169052
6.948999907883772e-05,0.0010799999727169052
6.949999907877695e-05,0.0010799999727169052
6.950999907871618e-05,0.0010799999727169052
6.95199990786554e-05,0.0010799999727169052
6.952999907859463e-05,0.0010799999727169052
6.953999907853385e-05,0.0010799999727169052
6.954999907847308e-05,0.0010799999727169052
6.95599990784123e-05,0.0010799999727169052
6.956999907835153e-05,0.0010399999737273902
6.957999907829075e-05,0.0010399999737273902
6.958999907822998e-05,0.0010799999727169052
6.95999990781692e-05,0.0010399999737273902
6.960999907810843e-05,0.0010399999737273902
6.961999907804765e-05,0.0010399999737273902
6.962999907798688e-05,0.0010399999737273902
6.96399990779261e-05,0.0010399999737273902
6.964999907786533e-05,0.0010399999737273902
6.965999907780455e-05,0.0010399999737273902
6.966999907774378e-05,0.0009999999747378752
6.9679999077683e-05,0.0009999999747378752
6.968999907762223e-05,0.0009999999747378752
6.969999907756146e-05,0.0009999999747378752
6.970999907750068e-05,0.0009999999747378752
6.97199990774399e-05,0.0009599999757483602
6.972999907737913e-05,0.0009599999757483602
6.973999907731836e-05,0.0009999999747378752
6.974999907725758e-05,0.0009599999757483602
6.975999907719681e-05,0.0009599999757483602
6.976999907713603e-05,0.0009599999757483602
6.977999907707526e-05,0.0009599999757483602
6.978999907701448e-05,0.0009599999757483602
6.979999907695371e-05,0.0009599999757483602
6.980999907689293e-05,0.0009199999767588452
6.981999907683216e-05,0.0009599999757483602
6.982999907677138e-05,0.0009599999757483602
6.983999907671061e-05,0.0009199999767588452
6.984999907664984e-05,0.0009199999767588452
6.985999907658906e-05,0.0009199999767588452
6.986999907652829e-05,0.0009199999767588452
6.987999907646751e-05,0.0009199999767588452
6.988999907640674e-05,0.0009199999767588452
6.989999907634596e-05,0.0008799999777693301
6.990999907628519e-05,0.0008799999777693301
6.991999907622441e-05,0.0008799999777693301
6.992999907616364e-05,0.0008799999777693301
6.993999907610286e-05,0.0008799999777693301
6.994999907604209e-05,0.0008799999777693301
6.995999907598131e-05,0.0008799999777693301
6.996999907592054e-05,0.0008399999787798151
6.997999907585976e-05,0.0008799999777693301
6.998999907579899e-05,0.0008399999787798151
6.999999907573821e-05,0.0008399999787798151
7.000999907567744e-05,0.0008399999787798151
7.001999907561667e-05,0.0008399999787798151
7.002999907555589e-05,0.0008399999787798151
7.003999907549512e-05,0.0008399999787798151
7.004999907543434e-05,0.0008399999787798151
7.005999907537357e-05,0.0007999999797903001
7.006999907531279e-05,0.0007999999797903001
7.007999907525202e-05,0.0007999999797903001
7.008999907519124e-05,0.0007999999797903001
7.009999907513047e-05,0.0007999999797903001
7.010999907506969e-05,0.0007999999797903001
7.011999907500892e-05,0.0007999999797903001
7.012999907494814e-05,0.0007599999808007851
7.013999907488737e-05,0.0007599999808007851
7.01499990748266e-05,0.0007599999808007851
7.015999907476582e-05,0.0007599999808007851
7.016999907470504e-05,0.0007599999808007851
7.017999907464427e-05,0.0007599999808007851
7.01899990745835e-05,0.0007599999808007851
7.019999907452272e-05,0.0007599999808007851
7.020999907446195e-05,0.0007599999808007851
7.021999907440117e-05,0.0007199999818112701
7.02299990743404e-05,0.0007199999818112701
7.023999907427962e-05,0.0007199999818112701
7.024999907421885e-05,0.0007199999818112701
7.025999907415807e-05,0.0007199999818112701
7.02699990740973e-05,0.0007199999818112701
7.027999907403652e-05,0.0007199999818112701
7.028999907397575e-05,0.0006799999828217551
7.029999907391497e-05,0.0006799999828217551
7.03099990738542e-05,0.0006799999828217551
7.031999907379342e-05,0.0006799999828217551
7.032999907373265e-05,0.0006799999828217551
7.033999907367187e-05,0.0006799999828217551
7.03499990736111e-05,0.0006399999838322401
7.035999907355033e-05,0.0006399999838322401
7.036999907348955e-05,0.0006399999838322401
7.037999907342878e-05,0.0006399999838322401
7.0389999073368e-05,0.0006399999838322401
7.039999907330723e-05,0.0006399999838322401
7.040999907324645e-05,0.0006399999838322401
7.041999907318568e-05,0.0006399999838322401
7.04299990731249e-05,0.0006399999838322401
7.043999907306413e-05,0.0006399999838322401
7.044999907300335e-05,0.0006399999838322401
7.045999907294258e-05,0.0005999999848427251
7.04699990728818e-05,0.0005999999848427251
7.047999907282103e-05,0.0005999999848427251
7.048999907276025e-05,0.0005999999848427251
7.049999907269948e-05,0.0005999999848427251
7.05099990726387e-05,0.0005999999848427251
7.051999907257793e-05,0.0005599999858532101
7.052999907251715e-05,0.0005599999858532101
7.053999907245638e-05,0.0005599999858532101
7.05499990723956e-05,0.0005599999858532101
7.055999907233483e-05,0.0005599999858532101
7.056999907227406e-05,0.0005599999858532101
7.057999907221328e-05,0.0005599999858532101
7.05899990721525e-05,0.0005599999858532101
7.059999907209173e-05,0.0005599999858532101
7.060999907203096e-05,0.0005199999868636951
7.061999907197018e-05,0.0005199999868636951
7.062999907190941e-05,0.0005599999858532101
7.063999907184863e-05,0.0005199999868636951
7.064999907178786e-05,0.0005199999868636951
7.065999907172708e-05,0.0004799999878741801
7.066999907166631e-05,0.0005199999868636951
7.067999907160553e-05,0.0005199999868636951
7.068999907154476e-05,0.0005199999868636951
7.069999907148398e-05,0.0004799999878741801
7.070999907142321e-05,0.0005199999868636951
7.071999907136244e-05,0.0004799999878741801
7.072999907130166e-05,0.0004799999878741801
7.073999907124089e-05,0.0004799999878741801
7.074999907118011e-05,0.0004799999878741801
7.075999907111934e-05,0.0004799999878741801
7.076999907105856e-05,0.0004799999878741801
7.077999907099779e-05,0.00043999998888466507
7.078999907093701e-05,0.00043999998888466507
7.079999907087624e-05,0.0004799999878741801
7.080999907081546e-05,0.0004799999878741801
7.081999907075469e-05,0.00043999998888466507
7.082999907069391e-05,0.00043999998888466507
7.083999907063314e-05,0.00043999998888466507
7.084999907057236e-05,0.00043999998888466507
7.085999907051159e-05,0.00043999998888466507
7.086999907045081e-05,0.00039999998989515007
7.087999907039004e-05,0.00043999998888466507
7.088999907032927e-05,0.00043999998888466507
7.089999907026849e-05,0.00043999998888466507
7.090999907020772e-05,0.00039999998989515007
7.091999907014694e-05,0.00039999998989515007
7.092999907008617e-05,0.00039999998989515007
7.093999907002539e-05,0.00039999998989515007
7.094999906996462e-05,0.00039999998989515007
7.095999906990384e-05,0.00039999998989515007
7.096999906984307e-05,0.00039999998989515007
7.097999906978229e-05,0.00039999998989515007
7.098999906972152e-05,0.00039999998989515007
7.099999906966074e-05,0.00035999999090563506
7.100999906959997e-05,0.00035999999090563506
7.10199990695392e-05,0.00035999999090563506
7.102999906947842e-05,0.00035999999090563506
7.103999906941764e-05,0.00035999999090563506
7.104999906935687e-05,0.00035999999090563506
7.10599990692961e-05,0.00035999999090563506
7.106999906923532e-05,0.00035999999090563506
7.107999906917455e-05,0.00035999999090563506
7.108999906911377e-05,0.00031999999191612005
7.1099999069053e-05,0.00031999999191612005
7.110999906899222e-05,0.00031999999191612005
7.111999906893145e-05,0.00035999999090563506
7.112999906887067e-05,0.00031999999191612005
7.11399990688099e-05,0.00031999999191612005
7.114999906874912e-05,0.00035999999090563506
7.115999906868835e-05,0.00031999999191612005
7.116999906862757e-05,0.00031999999191612005
7.11799990685668e-05,0.00031999999191612005
7.118999906850602e-05,0.00031999999191612005
7.119999906844525e-05,0.00031999999191612005
7.120999906838447e-05,0.00031999999191612005
7.12199990683237e-05,0.00027999999292660505
7.122999906826293e-05,0.00031999999191612005
7.123999906820215e-05,0.00027999999292660505
7.124999906814138e-05,0.00031999999191612005
7.12599990680806e-05,0.00027999999292660505
7.126999906801983e-05,0.00027999999292660505
7.127999906795905e-05,0.00027999999292660505
7.128999906789828e-05,0.00027999999292660505
7.12999990678375e-05,0.00027999999292660505
7.130999906777673e-05,0.00027999999292660505
7.131999906771595e-05,0.00027999999292660505
7.132999906765518e-05,0.00027999999292660505
7.13399990675944e-05,0.00027999999292660505
7.134999906753363e-05,0.00027999999292660505
7.135999906747285e-05,0.00023999999393709004
7.136999906741208e-05,0.00023999999393709004
7.13799990673513e-05,0.00027999999292660505
7.138999906729053e-05,0.00023999999393709004
7.139999906722976e-05,0.00023999999393709004
7.140999906716898e-05,0.00023999999393709004
7.14199990671082e-05,0.00023999999393709004
7.142999906704743e-05,0.00023999999393709004
7.143999906698666e-05,0.00023999999393709004
7.144999906692588e-05,0.00023999999393709004
7.145999906686511e-05,0.00023999999393709004
7.146999906680433e-05,0.00023999999393709004
7.147999906674356e-05,0.00023999999393709004
7.148999906668278e-05,0.00023999999393709004
7.149999906662201e-05,0.00023999999393709004
7.150999906656123e-05,0.00023999999393709004
7.151999906650046e-05,0.00023999999393709004
7.152999906643968e-05,0.00023999999393709004
7.153999906637891e-05,0.00023999999393709004
7.154999906631813e-05,0.00019999999494757503
7.155999906625736e-05,0.00019999999494757503
7.156999906619659e-05,0.00019999999494757503
7.157999906613581e-05,0.00019999999494757503
7.158999906607504e-05,0.00023999999393709004
7.159999906601426e-05,0.00019999999494757503
7.160999906595349e-05,0.00019999999494757503
7.161999906589271e-05,0.00019999999494757503
7.162999906583194e-05,0.00019999999494757503
7.163999906577116e-05,0.00019999999494757503
7.164999906571039e-05,0.00019999999494757503
7.165999906564961e-05,0.00019999999494757503
7.166999906558884e-05,0.00019999999494757503
7.167999906552806e-05,0.00019999999494757503
7.168999906546729e-05,0.00019999999494757503
7.169999906540651e-05,0.00019999999494757503
7.170999906534574e-05,0.00019999999494757503
7.171999906528496e-05,0.00019999999494757503
7.172999906522419e-05,0.00019999999494757503
7.173999906516342e-05,0.00019999999494757503
7.174999906510264e-05,0.00019999999494757503
7.175999906504187e-05,0.00019999999494757503
7.176999906498109e-05,0.00019999999494757503
7.177999906492032e-05,0.00019999999494757503
7.178999906485954e-05,0.00019999999494757503
7.179999906479877e-05,0.00019999999494757503
7.180999906473799e-05,0.00019999999494757503
7.181999906467722e-05,0.00019999999494757503
7.182999906461644e-05,0.00015999999595806003
7.183999906455567e-05,0.00019999999494757503
7.18499990644949e-05,0.00015999999595806003
7.185999906443412e-05,0.00019999999494757503
7.186999906437334e-05,0.00015999999595806003
7.187999906431257e-05,0.00015999999595806003
7.18899990642518e-05,0.00015999999595806003
7.189999906419102e-05,0.00015999999595806003
7.190999906413025e-05,0.00015999999595806003
7.191999906406947e-05,0.00015999999595806003
7.19299990640087e-05,0.00015999999595806003
7.193999906394792e-05,0.00015999999595806003
7.194999906388715e-05,0.00015999999595806003
7.195999906382637e-05,0.00015999999595806003
7.19699990637656e-05,0.00015999999595806003
7.197999906370482e-05,0.00015999999595806003
7.198999906364405e-05,0.00015999999595806003
7.199999906358327e-05,0.00015999999595806003
7.20099990635225e-05,0.00015999999595806003
7.201999906346172e-05,0.00015999999595806003
7.202999906340095e-05,0.00015999999595806003
7.203999906334017e-05,0.00015999999595806003
7.20499990632794e-05,0.00015999999595806003
7.205999906321862e-05,0.00011999999696854502
7.206999906315785e-05,0.00015999999595806003
7.207999906309707e-05,0.00015999999595806003
7.20899990630363e-05,0.00015999999595806003
7.209999906297553e-05,0.00015999999595806003
7.210999906291475e-05,0.00015999999595806003
7.211999906285398e-05,0.00015999999595806003
7.21299990627932e-05,0.00015999999595806003
7.213999906273243e-05,0.00015999999595806003
7.214999906267165e-05,0.00015999999595806003
7.215999906261088e-05,0.00015999999595806003
7.21699990625501e-05,0.00011999999696854502
7.217999906248933e-05,0.00015999999595806003
7.218999906242855e-05,0.00011999999696854502
7.219999906236778e-05,0.00011999999696854502
7.2209999062307e-05,0.00015999999595806003
7.221999906224623e-05,0.00011999999696854502
7.222999906218545e-05,0.00011999999696854502
7.223999906212468e-05,0.00011999999696854502
7.22499990620639e-05,0.00011999999696854502
7.225999906200313e-05,0.00011999999696854502
7.226999906194236e-05,0.00011999999696854502
7.227999906188158e-05,0.00015999999595806003
7.22899990618208e-05,0.00011999999696854502
7.229999906176003e-05,0.00011999999696854502
7.230999906169926e-05,0.00011999999696854502
7.231999906163848e-05,0.00011999999696854502
7.232999906157771e-05,0.00011999999696854502
7.233999906151693e-05,0.00011999999696854502
7.234999906145616e-05,0.00011999999696854502
7.235999906139538e-05,0.00011999999696854502
7.236999906133461e-05,0.00011999999696854502
7.237999906127383e-05,0.00011999999696854502
7.238999906121306e-05,0.00011999999696854502
7.239999906115228e-05,0.00011999999696854502
7.240999906109151e-05,0.00011999999696854502
7.241999906103073e-05,0.00011999999696854502
7.242999906096996e-05,0.00011999999696854502
7.243999906090919e-05,0.00011999999696854502
7.244999906084841e-05,0.00015999999595806003
7.245999906078764e-05,0.00011999999696854502
7.246999906072686e-05,0.00011999999696854502
7.247999906066609e-05,0.00011999999696854502
7.248999906060531e-05,0.00011999999696854502
7.249999906054454e-05,0.00011999999696854502
7.250999906048376e-05,0.00011999999696854502
7.251999906042299e-05,0.00011999999696854502
7.252999906036221e-05,0.00011999999696854502
7.253999906030144e-05,0.00011999999696854502
7.254999906024066e-05,0.00011999999696854502
7.255999906017989e-05,0.00011999999696854502
7.256999906011911e-05,0.00011999999696854502
7.257999906005834e-05,0.00011999999696854502
7.258999905999756e-05,0.00011999999696854502
7.259999905993679e-05,0.00011999999696854502
7.260999905987602e-05,0.00011999999696854502
7.261999905981524e-05,0.00011999999696854502
7.262999905975447e-05,0.00011999999696854502
7.263999905969369e-05,0.00011999999696854502
7.264999905963292e-05,0.00011999999696854502
7.265999905957214e-05,0.00011999999696854502
7.266999905951137e-05,0.00011999999696854502
7.267999905945059e-05,0.00011999999696854502
7.268999905938982e-05,0.00011999999696854502
7.269999905932904e-05,0.00011999999696854502
7.270999905926827e-05,0.00011999999696854502
7.27199990592075e-05,0.00011999999696854502
7.272999905914672e-05,0.00011999999696854502
7.273999905908594e-05,0.00011999999696854502
7.274999905902517e-05,0.00011999999696854502
7.27599990589644e-05,0.00011999999696854502
7.276999905890362e-05,0.00011999999696854502
7.277999905884285e-05,0.00011999999696854502
7.278999905878207e-05,0.00011999999696854502
7.27999990587213e-05,0.00011999999696854502
7.280999905866052e-05,0.00011999999696854502
7.281999905859975e-05,0.00011999999696854502
7.282999905853897e-05,7.999999797903001e-05
7.28399990584782e-05,0.00011999999696854502
7.284999905841742e-05,0.00011999999696854502
7.285999905835665e-05,0.00011999999696854502
7.286999905829587e-05,0.00011999999696854502
7.28799990582351e-05,7.999999797903001e-05
7.288999905817432e-05,0.00011999999696854502
7.289999905811355e-05,0.00011999999696854502
7.290999905805277e-05,7.999999797903001e-05
7.2919999057992e-05,0.00011999999696854502
7.292999905793122e-05,0.00011999999696854502
7.293999905787045e-05,7.999999797903001e-05
7.294999905780968e-05,0.00011999999696854502
7.29599990577489e-05,0.00011999999696854502
7.296999905768813e-05,0.00011999999696854502
7.297999905762735e-05,0.00011999999696854502
7.298999905756658e-05,0.00011999999696854502
7.29999990575058e-05,0.00011999999696854502
7.300999905744503e-05,0.00011999999696854502
7.301999905738425e-05,0.00011999999696854502
7.302999905732348e-05,0.00011999999696854502
7.30399990572627e-05,7.999999797903001e-05
7.304999905720193e-05,0.00011999999696854502
7.305999905714115e-05,0.00011999999696854502
7.306999905708038e-05,0.00011999999696854502
7.30799990570196e-05,0.00011999999696854502
7.308999905695883e-05,0.00011999999696854502
7.309999905689805e-05,0.00011999999696854502
7.310999905683728e-05,7.999999797903001e-05
7.31199990567765e-05,7.999999797903001e-05
7.312999905671573e-05,0.00011999999696854502
7.313999905665496e-05,0.00011999999696854502
7.314999905659418e-05,7.999999797903001e-05
7.31599990565334e-05,0.00011999999696854502
7.316999905647263e-05,0.00011999999696854502
7.317999905641186e-05,0.00011999999696854502
7.318999905635108e-05,7.999999797903001e-05
7.319999905629031e-05,7.999999797903001e-05
7.320999905622953e-05,0.00011999999696854502
7.321999905616876e-05,0.00011999999696854502
7.322999905610798e-05,0.00011999999696854502
7.323999905604721e-05,0.00011999999696854502
7.324999905598643e-05,0.00011999999696854502
7.325999905592566e-05,0.00011999999696854502
7.326999905586488e-05,7.999999797903001e-05
7.327999905580411e-05,0.00011999999696854502
7.328999905574334e-05,0.00011999999696854502
7.329999905568256e-05,0.00011999999696854502
7.330999905562179e-05,0.00011999999696854502
7.331999905556101e-05,7.999999797903001e-05
7.332999905550024e-05,0.00011999999696854502
7.333999905543946e-05,0.00011999999696854502
7.334999905537869e-05,7.999999797903001e-05
7.335999905531791e-05,0.00011999999696854502
7.336999905525714e-05,7.999999797903001e-05
7.337999905519636e-05,0.00011999999696854502
7.338999905513559e-05,7.999999797903001e-05
7.339999905507481e-05,0.00011999999696854502
7.340999905501404e-05,0.00011999999696854502
7.341999905495326e-05,0.00011999999696854502
7.342999905489249e-05,7.999999797903001e-05
7.343999905483171e-05,7.999999797903001e-05
7.344999905477094e-05,7.999999797903001e-05
7.345999905471017e-05,7.999999797903001e-05
7.346999905464939e-05,7.999999797903001e-05
7.347999905458862e-05,0.00011999999696854502
7.348999905452784e-05,0.00011999999696854502
7.349999905446707e-05,7.999999797903001e-05
7.350999905440629e-05,7.999999797903001e-05
7.351999905434552e-05,7.999999797903001e-05
7.352999905428474e-05,0.00011999999696854502
7.353999905422397e-05,0.00011999999696854502
7.354999905416319e-05,7.999999797903001e-05
7.355999905410242e-05,7.999999797903001e-05
7.356999905404164e-05,0.00011999999696854502
7.357999905398087e-05,7.999999797903001e-05
7.35899990539201e-05,0.00011999999696854502
7.359999905385932e-05,7.999999797903001e-05
7.360999905379854e-05,0.00011999999696854502
7.361999905373777e-05,0.00011999999696854502
7.3629999053677e-05,7.999999797903001e-05
7.363999905361622e-05,0.00011999999696854502
7.364999905355545e-05,0.00011999999696854502
7.365999905349467e-05,0.00011999999696854502
7.36699990534339e-05,0.00011999999696854502
7.367999905337312e-05,7.999999797903001e-05
7.368999905331235e-05,7.999999797903001e-05
7.369999905325157e-05,7.999999797903001e-05
7.37099990531908e-05,0.00011999999696854502
7.371999905313002e-05,0.00011999999696854502
7.372999905306925e-05,0.00011999999696854502
7.373999905300847e-05,7.999999797903001e-05
7.37499990529477e-05,0.00011999999696854502
7.375999905288692e-05,7.999999797903001e-05
7.376999905282615e-05,7.999999797903001e-05
7.377999905276537e-05,0.00011999999696854502
7.37899990527046e-05,0.00011999999696854502
7.379999905264382e-05,7.999999797903001e-05
7.380999905258305e-05,7.999999797903001e-05
7.381999905252228e-05,7.999999797903001e-05
7.38299990524615e-05,7.999999797903001e-05
7.383999905240073e-05,0.00011999999696854502
7.384999905233995e-05,0.00011999999696854502
7.385999905227918e-05,7.999999797903001e-05
7.38699990522184e-05,7.999999797903001e-05
7.387999905215763e-05,0.00011999999696854502
7.388999905209685e-05,7.999999797903001e-05
7.389999905203608e-05,0.00011999999696854502
7.39099990519753e-05,0.00011999999696854502
7.391999905191453e-05,0.00011999999696854502
7.392999905185375e-05,7.999999797903001e-05
7.393999905179298e-05,0.00011999999696854502
7.39499990517322e-05,0.00011999999696854502
7.395999905167143e-05,0.00011999999696854502
7.396999905161065e-05,0.00011999999696854502
7.397999905154988e-05,7.999999797903001e-05
7.39899990514891e-05,0.00011999999696854502
7.399999905142833e-05,0.00011999999696854502
7.400999905136756e-05,7.999999797903001e-05
7.401999905130678e-05,7.999999797903001e-05
7.4029999051246e-05,7.999999797903001e-05
7.403999905118523e-05,0.00011999999696854502
7.404999905112446e-05,7.999999797903001e-05
7.405999905106368e-05,0.00011999999696854502
7.406999905100291e-05,7.999999797903001e-05
7.407999905094213e-05,0.00011999999696854502
7.408999905088136e-05,0.00011999999696854502
7.409999905082058e-05,7.999999797903001e-05
7.410999905075981e-05,7.999999797903001e-05
7.411999905069903e-05,7.999999797903001e-05
7.412999905063826e-05,0.00011999999696854502
7.413999905057748e-05,0.00011999999696854502
7.414999905051671e-05,0.00011999999696854502
7.415999905045594e-05,7.999999797903001e-05
7.416999905039516e-05,0.00011999999696854502
7.417999905033439e-05,0.00011999999696854502
7.418999905027361e-05,7.999999797903001e-05
7.419999905021284e-05,7.999999797903001e-05
7.420999905015206e-05,0.00011999999696854502
7.421999905009129e-05,7.999999797903001e-05
7.422999905003051e-05,0.00011999999696854502
7.423999904996974e-05,0.00011999999696854502
7.424999904990896e-05,0.00011999999696854502
7.425999904984819e-05,7.999999797903001e-05
7.426999904978741e-05,7.999999797903001e-05
7.427999904972664e-05,7.999999797903001e-05
7.428999904966586e-05,0.00011999999696854502
7.429999904960509e-05,7.999999797903001e-05
7.430999904954431e-05,0.00011999999696854502
7.431999904948354e-05,0.00011999999696854502
7.432999904942277e-05,7.999999797903001e-05
7.433999904936199e-05,7.999999797903001e-05
7.434999904930122e-05,7.999999797903001e-05
7.435999904924044e-05,7.999999797903001e-05
7.436999904917967e-05,7.999999797903001e-05
7.437999904911889e-05,0.00011999999696854502
7.438999904905812e-05,7.999999797903001e-05
7.439999904899734e-05,7.999999797903001e-05
7.440999904893657e-05,7.999999797903001e-05
7.441999904887579e-05,7.999999797903001e-05
7.442999904881502e-05,7.999999797903001e-05
7.443999904875424e-05,7.999999797903001e-05
7.444999904869347e-05,0.00011999999696854502
7.44599990486327e-05,7.999999797903001e-05
7.446999904857192e-05,7.999999797903001e-05
7.447999904851114e-05,7.999999797903001e-05
7.448999904845037e-05,0.00011999999696854502
7.44999990483896e-05,7.999999797903001e-05
7.450999904832882e-05,7.999999797903001e-05
7.451999904826805e-05,7.999999797903001e-05
7.452999904820727e-05,0.00011999999696854502
7.45399990481465e-05,7.999999797903001e-05
7.454999904808572e-05,0.00011999999696854502
7.455999904802495e-05,7.999999797903001e-05
7.456999904796417e-05,7.999999797903001e-05
7.45799990479034e-05,7.999999797903001e-05
7.458999904784262e-05,7.999999797903001e-05
7.459999904778185e-05,7.999999797903001e-05
7.460999904772107e-05,7.999999797903001e-05
7.46199990476603e-05,7.999999797903001e-05
7.462999904759952e-05,0.00011999999696854502
7.463999904753875e-05,0.00011999999696854502
7.464999904747797e-05,0.00011999999696854502
7.46599990474172e-05,7.999999797903001e-05
7.466999904735643e-05,7.999999797903001e-05
7.467999904729565e-05,0.00011999999696854502
7.468999904723488e-05,0.00011999999696854502
7.46999990471741e-05,0.00011999999696854502
7.470999904711333e-05,7.999999797903001e-05
7.471999904705255e-05,7.999999797903001e-05
7.472999904699178e-05,7.999999797903001e-05
7.4739999046931e-05,0.00011999999696854502
7.474999904687023e-05,0.00011999999696854502
7.475999904680945e-05,0.00011999999696854502
7.476999904674868e-05,7.999999797903001e-05
7.47799990466879e-05,0.00011999999696854502
7.478999904662713e-05,7.999999797903001e-05
7.479999904656635e-05,0.00011999999696854502
7.480999904650558e-05,7.999999797903001e-05
7.48199990464448e-05,7.999999797903001e-05
7.482999904638403e-05,7.999999797903001e-05
7.483999904632326e-05,7.999999797903001e-05
7.484999904626248e-05,0.00011999999696854502
7.48599990462017e-05,7.999999797903001e-05
7.486999904614093e-05,7.999999797903001e-05
7.487999904608016e-05,7.999999797903001e-05
7.488999904601938e-05,7.999999797903001e-05
7.489999904595861e-05,0.00011999999696854502
7.490999904589783e-05,7.999999797903001e-05
7.491999904583706e-05,0.00011999999696854502
7.492999904577628e-05,0.00011999999696854502
7.493999904571551e-05,0.00011999999696854502
7.494999904565473e-05,7.999999797903001e-05
7.495999904559396e-05,7.999999797903001e-05
7.496999904553318e-05,7.999999797903001e-05
7.497999904547241e-05,0.00011999999696854502
7.498999904541163e-05,0.00011999999696854502
7.499999904535086e-05,7.999999797903001e-05
7.500999904529008e-05,0.00011999999696854502
7.501999904522931e-05,0.00011999999696854502
7.502999904516854e-05,7.999999797903001e-05
7.503999904510776e-05,0.00011999999696854502
7.504999904504699e-05,7.999999797903001e-05
7.505999904498621e-05,7.999999797903001e-05
7.506999904492544e-05,0.00011999999696854502
7.507999904486466e-05,7.999999797903001e-05
7.508999904480389e-05,7.999999797903001e-05
7.509999904474311e-05,7.999999797903001e-05
7.510999904468234e-05,7.999999797903001e-05
7.511999904462156e-05,7.999999797903001e-05
7.512999904456079e-05,7.999999797903001e-05
7.513999904450001e-05,0.00011999999696854502
7.514999904443924e-05,0.00011999999696854502
7.515999904437846e-05,0.00011999999696854502
7.516999904431769e-05,7.999999797903001e-05
7.517999904425691e-05,7.999999797903001e-05
7.518999904419614e-05,0.00011999999696854502
7.519999904413537e-05,0.00011999999696854502
7.520999904407459e-05,7.999999797903001e-05
7.521999904401382e-05,7.999999797903001e-05
7.522999904395304e-05,7.999999797903001e-05
7.523999904389227e-05,0.00011999999696854502
7.524999904383149e-05,0.00011999999696854502
7.525999904377072e-05,7.999999797903001e-05
7.526999904370994e-05,0.00011999999696854502
7.527999904364917e-05,0.00011999999696854502
7.528999904358839e-05,0.00011999999696854502
7.529999904352762e-05,0.00011999999696854502
7.530999904346684e-05,7.999999797903001e-05
7.531999904340607e-05,7.999999797903001e-05
7.53299990433453e-05,7.999999797903001e-05
7.533999904328452e-05,0.00011999999696854502
7.534999904322374e-05,0.00011999999696854502
7.535999904316297e-05,0.00011999999696854502
7.53699990431022e-05,0.00011999999696854502
7.537999904304142e-05,7.999999797903001e-05
7.538999904298065e-05,0.00011999999696854502
7.539999904291987e-05,0.00011999999696854502
7.54099990428591e-05,0.00011999999696854502
7.541999904279832e-05,0.00011999999696854502
7.542999904273755e-05,7.999999797903001e-05
7.543999904267677e-05,7.999999797903001e-05
7.5449999042616e-05,7.999999797903001e-05
7.545999904255522e-05,7.999999797903001e-05
7.546999904249445e-05,7.999999797903001e-05
7.547999904243367e-05,0.00011999999696854502
7.54899990423729e-05,0.00011999999696854502
7.549999904231212e-05,0.00011999999696854502
7.550999904225135e-05,0.00011999999696854502
7.551999904219057e-05,7.999999797903001e-05
7.55299990421298e-05,7.999999797903001e-05
7.553999904206903e-05,0.00011999999696854502
7.554999904200825e-05,0.00011999999696854502
7.555999904194748e-05,7.999999797903001e-05
7.55699990418867e-05,0.00011999999696854502
7.557999904182593e-05,0.00011999999696854502
7.558999904176515e-05,0.00011999999696854502
7.559999904170438e-05,7.999999797903001e-05
7.56099990416436e-05,7.999999797903001e-05
7.561999904158283e-05,7.999999797903001e-05
7.562999904152205e-05,0.00011999999696854502
7.563999904146128e-05,0.00011999999696854502
7.56499990414005e-05,7.999999797903001e-05
7.565999904133973e-05,7.999999797903001e-05
7.566999904127895e-05,7.999999797903001e-05
7.567999904121818e-05,0.00011999999696854502
7.56899990411574e-05,7.999999797903001e-05
7.569999904109663e-05,7.999999797903001e-05
7.570999904103586e-05,0.00011999999696854502
7.571999904097508e-05,0.00011999999696854502
7.57299990409143e-05,7.999999797903001e-05
7.573999904085353e-05,7.999999797903001e-05
7.574999904079276e-05,0.00011999999696854502
7.575999904073198e-05,0.00011999999696854502
7.576999904067121e-05,7.999999797903001e-05
7.577999904061043e-05,7.999999797903001e-05
7.578999904054966e-05,7.999999797903001e-05
7.579999904048888e-05,7.999999797903001e-05
7.580999904042811e-05,7.999999797903001e-05
7.581999904036733e-05,7.999999797903001e-05
7.582999904030656e-05,7.999999797903001e-05
7.583999904024578e-05,7.999999797903001e-05
7.584999904018501e-05,7.999999797903001e-05
7.585999904012423e-05,0.00011999999696854502
7.586999904006346e-05,7.999999797903001e-05
7.587999904000269e-05,7.999999797903001e-05
7.588999903994191e-05,0.00011999999696854502
7.589999903988114e-05,7.999999797903001e-05
7.590999903982036e-05,7.999999797903001e-05
7.591999903975959e-05,7.999999797903001e-05
7.592999903969881e-05,7.999999797903001e-05
7.593999903963804e-05,7.999999797903001e-05
7.594999903957726e-05,7.999999797903001e-05
7.595999903951649e-05,7.999999797903001e-05
7.596999903945571e-05,7.999999797903001e-05
7.597999903939494e-05,0.00011999999696854502
7.598999903933416e-05,7.999999797903001e-05
7.599999903927339e-05,7.999999797903001e-05
7.600999903921261e-05,0.00011999999696854502
7.601999903915184e-05,0.00011999999696854502
7.602999903909106e-05,0.00011999999696854502
7.603999903903029e-05,7.999999797903001e-05
7.604999903896952e-05,7.999999797903001e-05
7.605999903890874e-05,7.999999797903001e-05
7.606999903884797e-05,0.00011999999696854502
7.607999903878719e-05,0.00011999999696854502
7.608999903872642e-05,7.999999797903001e-05
7.609999903866564e-05,0.00011999999696854502
7.610999903860487e-05,7.999999797903001e-05
7.611999903854409e-05,7.999999797903001e-05
7.612999903848332e-05,7.999999797903001e-05
7.613999903842254e-05,7.999999797903001e-05
7.614999903836177e-05,7.999999797903001e-05
7.6159999038301e-05,7.999999797903001e-05
7.616999903824022e-05,7.999999797903001e-05
7.617999903817944e-05,0.00011999999696854502
7.618999903811867e-05,0.00011999999696854502
7.61999990380579e-05,0.00011999999696854502
7.620999903799712e-05,0.00011999999696854502
7.621999903793635e-05,7.999999797903001e-05
7.622999903787557e-05,7.999999797903001e-05
7.62399990378148e-05,7.999999797903001e-05
7.624999903775402e-05,7.999999797903001e-05
7.625999903769325e-05,0.00011999999696854502
7.626999903763247e-05,7.999999797903001e-05
7.62799990375717e-05,7.999999797903001e-05
7.628999903751092e-05,0.00011999999696854502
7.629999903745015e-05,7.999999797903001e-05
7.630999903738937e-05,0.00011999999696854502
7.63199990373286e-05,7.999999797903001e-05
7.632999903726782e-05,0.00011999999696854502
7.633999903720705e-05,7.999999797903001e-05
7.634999903714627e-05,7.999999797903001e-05
7.63599990370855e-05,7.999999797903001e-05
7.636999903702472e-05,0.00011999999696854502
7.637999903696395e-05,0.00011999999696854502
7.638999903690318e-05,0.00011999999696854502
7.63999990368424e-05,7.999999797903001e-05
7.640999903678163e-05,7.999999797903001e-05
7.641999903672085e-05,7.999999797903001e-05
7.642999903666008e-05,0.00011999999696854502
7.64399990365993e-05,7.999999797903001e-05
7.644999903653853e-05,0.00011999999696854502
7.645999903647775e-05,7.999999797903001e-05
7.646999903641698e-05,0.00011999999696854502
7.64799990363562e-05,0.00011999999696854502
7.648999903629543e-05,7.999999797903001e-05
7.649999903623465e-05,7.999999797903001e-05
7.650999903617388e-05,0.00011999999696854502
7.65199990361131e-05,0.00011999999696854502
7.652999903605233e-05,7.999999797903001e-05
7.653999903599155e-05,7.999999797903001e-05
7.654999903593078e-05,0.00011999999696854502
7.655999903587e-05,7.999999797903001e-05
7.656999903580923e-05,7.999999797903001e-05
7.657999903574846e-05,7.999999797903001e-05
7.658999903568768e-05,7.999999797903001e-05
7.65999990356269e-05,0.00011999999696854502
7.660999903556613e-05,7.999999797903001e-05
7.661999903550536e-05,7.999999797903001e-05
7.662999903544458e-05,0.00011999999696854502
7.663999903538381e-05,0.00011999999696854502
7.664999903532303e-05,7.999999797903001e-05
7.665999903526226e-05,7.999999797903001e-05
7.666999903520148e-05,7.999999797903001e-05
7.667999903514071e-05,0.00011999999696854502
7.668999903507993e-05,7.999999797903001e-05
7.669999903501916e-05,7.999999797903001e-05
7.670999903495838e-05,0.00011999999696854502
7.671999903489761e-05,7.999999797903001e-05
7.672999903483683e-05,0.00011999999696854502
7.673999903477606e-05,0.00011999999696854502
7.674999903471529e-05,7.999999797903001e-05
7.675999903465451e-05,0.00011999999696854502
7.676999903459374e-05,0.00011999999696854502
7.677999903453296e-05,0.00011999999696854502
7.678999903447219e-05,7.999999797903001e-05
7.679999903441141e-05,7.999999797903001e-05
7.680999903435064e-05,7.999999797903001e-05
7.681999903428986e-05,0.00011999999696854502
7.682999903422909e-05,0.00011999999696854502
7.683999903416831e-05,7.999999797903001e-05
7.684999903410754e-05,7.999999797903001e-05
7.685999903404676e-05,0.00011999999696854502
7.686999903398599e-05,7.999999797903001e-05
7.687999903392521e-05,0.00011999999696854502
7.688999903386444e-05,7.999999797903001e-05
7.689999903380366e-05,7.999999797903001e-05
7.690999903374289e-05,0.00011999999696854502
7.691999903368212e-05,0.00011999999696854502
7.692999903362134e-05,0.00011999999696854502
7.693999903356057e-05,0.00011999999696854502
7.694999903349979e-05,7.999999797903001e-05
7.695999903343902e-05,7.999999797903001e-05
7.696999903337824e-05,7.999999797903001e-05
7.697999903331747e-05,7.999999797903001e-05
7.698999903325669e-05,7.999999797903001e-05
7.699999903319592e-05,0.00011999999696854502
7.700999903313514e-05,7.999999797903001e-05
7.701999903307437e-05,7.999999797903001e-05
7.70299990330136e-05,0.00011999999696854502
7.703999903295282e-05,0.00011999999696854502
7.704999903289204e-05,0.00011999999696854502
7.705999903283127e-05,7.999999797903001e-05
7.70699990327705e-05,0.00011999999696854502
7.707999903270972e-05,0.00011999999696854502
7.708999903264895e-05,0.00011999999696854502
7.709999903258817e-05,0.00011999999696854502
7.71099990325274e-05,7.999999797903001e-05
7.711999903246662e-05,7.999999797903001e-05
7.712999903240585e-05,7.999999797903001e-05
7.713999903234507e-05,0.00011999999696854502
7.71499990322843e-05,7.999999797903001e-05
7.715999903222352e-05,0.00011999999696854502
7.716999903216275e-05,0.00011999999696854502
7.717999903210197e-05,7.999999797903001e-05
7.71899990320412e-05,7.999999797903001e-05
7.719999903198042e-05,7.999999797903001e-05
7.720999903191965e-05,0.00011999999696854502
7.721999903185887e-05,0.00011999999696854502
7.72299990317981e-05,7.999999797903001e-05
7.723999903173732e-05,0.00011999999696854502
7.724999903167655e-05,7.999999797903001e-05
7.725999903161578e-05,7.999999797903001e-05
7.7269999031555e-05,0.00011999999696854502
7.727999903149423e-05,7.999999797903001e-05
7.728999903143345e-05,0.00011999999696854502
7.729999903137268e-05,7.999999797903001e-05
7.73099990313119e-05,7.999999797903001e-05
7.731999903125113e-05,0.00011999999696854502
7.732999903119035e-05,0.00011999999696854502
7.733999903112958e-05,0.00011999999696854502
7.73499990310688e-05,7.999999797903001e-05
7.735999903100803e-05,0.00011999999696854502
7.736999903094725e-05,7.999999797903001e-05
7.737999903088648e-05,7.999999797903001e-05
7.73899990308257e-05,0.00011999999696854502
7.739999903076493e-05,7.999999797903001e-05
7.740999903070415e-05,7.999999797903001e-05
7.741999903064338e-05,7.999999797903001e-05
7.74299990305826e-05,7.999999797903001e-05
7.743999903052183e-05,0.00011999999696854502
7.744999903046106e-05,0.00011999999696854502
7.745999903040028e-05,0.00011999999696854502
7.74699990303395e-05,7.999999797903001e-05
7.747999903027873e-05,7.999999797903001e-05
7.748999903021796e-05,7.999999797903001e-05
7.749999903015718e-05,0.00011999999696854502
7.750999903009641e-05,0.00011999999696854502
7.751999903003563e-05,7.999999797903001e-05
7.752999902997486e-05,0.00011999999696854502
7.753999902991408e-05,0.00011999999696854502
7.754999902985331e-05,7.999999797903001e-05
7.755999902979253e-05,7.999999797903001e-05
7.756999902973176e-05,0.00011999999696854502
7.757999902967098e-05,7.999999797903001e-05
7.758999902961021e-05,7.999999797903001e-05
7.759999902954944e-05,7.999999797903001e-05
7.760999902948866e-05,0.00011999999696854502
7.761999902942789e-05,0.00011999999696854502
7.762999902936711e-05,7.999999797903001e-05
7.763999902930634e-05,7.999999797903001e-05
7.764999902924556e-05,7.999999797903001e-05
7.765999902918479e-05,0.00011999999696854502
7.766999902912401e-05,7.999999797903001e-05
7.767999902906324e-05,7.999999797903001e-05
7.768999902900246e-05,7.999999797903001e-05
7.769999902894169e-05,0.00011999999696854502
7.770999902888091e-05,7.999999797903001e-05
7.771999902882014e-05,7.999999797903001e-05
7.772999902875936e-05,7.999999797903001e-05
7.773999902869859e-05,0.00011999999696854502
7.774999902863781e-05,0.00011999999696854502
7.775999902857704e-05,7.999999797903001e-05
7.776999902851627e-05,7.999999797903001e-05
7.777999902845549e-05,7.999999797903001e-05
7.778999902839472e-05,0.00011999999696854502
7.779999902833394e-05,7.999999797903001e-05
7.780999902827317e-05,0.00011999999696854502
7.781999902821239e-05,7.999999797903001e-05
7.782999902815162e-05,7.999999797903001e-05
7.783999902809084e-05,7.999999797903001e-05
7.784999902803007e-05,7.999999797903001e-05
7.785999902796929e-05,0.00011999999696854502
7.786999902790852e-05,7.999999797903001e-05
7.787999902784774e-05,0.00011999999696854502
7.788999902778697e-05,0.00011999999696854502
7.78999990277262e-05,7.999999797903001e-05
7.790999902766542e-05,7.999999797903001e-05
7.791999902760464e-05,0.00011999999696854502
7.792999902754387e-05,7.999999797903001e-05
7.79399990274831e-05,7.999999797903001e-05
7.794999902742232e-05,7.999999797903001e-05
7.795999902736155e-05,7.999999797903001e-05
7.796999902730077e-05,7.999999797903001e-05
7.797999902724e-05,7.999999797903001e-05
7.798999902717922e-05,7.999999797903001e-05
7.799999902711845e-05,7.999999797903001e-05
7.800999902705767e-05,7.999999797903001e-05
7.80199990269969e-05,0.00011999999696854502
7.802999902693612e-05,7.999999797903001e-05
7.803999902687535e-05,7.999999797903001e-05
7.804999902681457e-05,7.999999797903001e-05
7.80599990267538e-05,0.00011999999696854502
7.806999902669302e-05,0.00011999999696854502
7.807999902663225e-05,7.999999797903001e-05
7.808999902657147e-05,7.999999797903001e-05
7.80999990265107e-05,7.999999797903001e-05
7.810999902644992e-05,7.999999797903001e-05
7.811999902638915e-05,7.999999797903001e-05
7.812999902632838e-05,7.999999797903001e-05
7.81399990262676e-05,7.999999797903001e-05
7.814999902620683e-05,7.999999797903001e-05
7.815999902614605e-05,7.999999797903001e-05
7.816999902608528e-05,7.999999797903001e-05
7.81799990260245e-05,7.999999797903001e-05
7.818999902596373e-05,7.999999797903001e-05
7.819999902590295e-05,7.999999797903001e-05
7.820999902584218e-05,0.00011999999696854502
7.82199990257814e-05,0.00011999999696854502
7.822999902572063e-05,0.00011999999696854502
7.823999902565985e-05,7.999999797903001e-05
7.824999902559908e-05,7.999999797903001e-05
7.82599990255383e-05,7.999999797903001e-05
7.826999902547753e-05,7.999999797903001e-05
7.827999902541675e-05,7.999999797903001e-05
7.828999902535598e-05,7.999999797903001e-05
7.82999990252952e-05,7.999999797903001e-05
7.830999902523443e-05,0.00011999999696854502
7.831999902517366e-05,7.999999797903001e-05
7.832999902511288e-05,0.00011999999696854502
7.83399990250521e-05,0.00011999999696854502
7.834999902499133e-05,7.999999797903001e-05
7.835999902493056e-05,7.999999797903001e-05
7.836999902486978e-05,7.999999797903001e-05
7.837999902480901e-05,7.999999797903001e-05
7.838999902474823e-05,7.999999797903001e-05
7.839999902468746e-05,0.00011999999696854502
7.840999902462668e-05,7.999999797903001e-05
7.841999902456591e-05,0.00011999999696854502
7.842999902450513e-05,7.999999797903001e-05
7.843999902444436e-05,7.999999797903001e-05
7.844999902438358e-05,7.999999797903001e-05
7.845999902432281e-05,7.999999797903001e-05
7.846999902426204e-05,7.999999797903001e-05
7.847999902420126e-05,7.999999797903001e-05
7.848999902414049e-05,7.999999797903001e-05
7.849999902407971e-05,0.00011999999696854502
7.850999902401894e-05,7.999999797903001e-05
7.851999902395816e-05,7.999999797903001e-05
7.852999902389739e-05,7.999999797903001e-05
7.853999902383661e-05,0.00011999999696854502
7.854999902377584e-05,7.999999797903001e-05
7.855999902371506e-05,7.999999797903001e-05
7.856999902365429e-05,7.999999797903001e-05
7.857999902359351e-05,7.999999797903001e-05
7.858999902353274e-05,0.00011999999696854502
7.859999902347196e-05,7.999999797903001e-05
7.860999902341119e-05,0.00011999999696854502
7.861999902335041e-05,7.999999797903001e-05
7.862999902328964e-05,0.00011999999696854502
7.863999902322887e-05,7.999999797903001e-05
7.864999902316809e-05,7.999999797903001e-05
7.865999902310732e-05,7.999999797903001e-05
7.866999902304654e-05,7.999999797903001e-05
7.867999902298577e-05,0.00011999999696854502
7.868999902292499e-05,7.999999797903001e-05
7.869999902286422e-05,7.999999797903001e-05
7.870999902280344e-05,0.00011999999696854502
7.871999902274267e-05,7.999999797903001e-05
7.872999902268189e-05,7.999999797903001e-05
7.873999902262112e-05,7.999999797903001e-05
7.874999902256034e-05,7.999999797903001e-05
7.875999902249957e-05,0.00011999999696854502
7.87699990224388e-05,7.999999797903001e-05
7.877999902237802e-05,7.999999797903001e-05
7.878999902231724e-05,0.00011999999696854502
7.879999902225647e-05,0.00011999999696854502
7.88099990221957e-05,0.00011999999696854502
7.881999902213492e-05,7.999999797903001e-05
7.882999902207415e-05,7.999999797903001e-05
7.883999902201337e-05,0.00011999999696854502
7.88499990219526e-05,7.999999797903001e-05
7.885999902189182e-05,7.999999797903001e-05
7.886999902183105e-05,0.00011999999696854502
7.887999902177027e-05,7.999999797903001e-05
7.88899990217095e-05,0.00011999999696854502
7.889999902164872e-05,7.999999797903001e-05
7.890999902158795e-05,7.999999797903001e-05
7.891999902152717e-05,0.00011999999696854502
7.89299990214664e-05,7.999999797903001e-05
7.893999902140562e-05,7.999999797903001e-05
7.894999902134485e-05,0.00011999999696854502
7.895999902128407e-05,7.999999797903001e-05
7.89699990212233e-05,7.999999797903001e-05
7.897999902116253e-05,7.999999797903001e-05
7.898999902110175e-05,7.999999797903001e-05
7.899999902104098e-05,7.999999797903001e-05
7.90099990209802e-05,0.00011999999696854502
7.901999902091943e-05,7.999999797903001e-05
7.902999902085865e-05,7.999999797903001e-05
7.903999902079788e-05,7.999999797903001e-05
7.90499990207371e-05,7.999999797903001e-05
7.905999902067633e-05,7.999999797903001e-05
7.906999902061555e-05,0.00011999999696854502
7.907999902055478e-05,0.00011999999696854502
7.9089999020494e-05,7.999999797903001e-05
7.909999902043323e-05,0.00011999999696854502
7.910999902037245e-05,7.999999797903001e-05
7.911999902031168e-05,7.999999797903001e-05
7.91299990202509e-05,0.00011999999696854502
7.913999902019013e-05,0.00011999999696854502
7.914999902012936e-05,7.999999797903001e-05
7.915999902006858e-05,7.999999797903001e-05
7.91699990200078e-05,7.999999797903001e-05
7.917999901994703e-05,7.999999797903001e-05
7.918999901988626e-05,7.999999797903001e-05
7.919999901982548e-05,0.00011999999696854502
7.920999901976471e-05,0.00011999999696854502
7.921999901970393e-05,7.999999797903001e-05
7.922999901964316e-05,7.999999797903001e-05
7.923999901958238e-05,7.999999797903001e-05
7.924999901952161e-05,7.999999797903001e-05
7.925999901946083e-05,0.00011999999696854502
7.926999901940006e-05,7.999999797903001e-05
7.927999901933928e-05,7.999999797903001e-05
7.928999901927851e-05,7.999999797903001e-05
7.929999901921773e-05,7.999999797903001e-05
7.930999901915696e-05,7.999999797903001e-05
7.931999901909619e-05,7.999999797903001e-05
7.932999901903541e-05,0.00011999999696854502
7.933999901897464e-05,7.999999797903001e-05
7.934999901891386e-05,7.999999797903001e-05
7.935999901885309e-05,0.00011999999696854502
7.936999901879231e-05,0.00011999999696854502
7.937999901873154e-05,0.00011999999696854502
7.938999901867076e-05,7.999999797903001e-05
7.939999901860999e-05,0.00011999999696854502
7.940999901854921e-05,0.00011999999696854502
7.941999901848844e-05,7.999999797903001e-05
7.942999901842766e-05,7.999999797903001e-05
7.943999901836689e-05,0.00011999999696854502
7.944999901830611e-05,7.999999797903001e-05
7.945999901824534e-05,7.999999797903001e-05
7.946999901818456e-05,7.999999797903001e-05
7.947999901812379e-05,0.00011999999696854502
7.948999901806302e-05,7.999999797903001e-05
7.949999901800224e-05,0.00011999999696854502
7.950999901794147e-05,7.999999797903001e-05
7.951999901788069e-05,0.00011999999696854502
7.952999901781992e-05,0.00011999999696854502
7.953999901775914e-05,7.999999797903001e-05
7.954999901769837e-05,7.999999797903001e-05
7.955999901763759e-05,7.999999797903001e-05
7.956999901757682e-05,0.00011999999696854502
7.957999901751604e-05,7.999999797903001e-05
7.958999901745527e-05,7.999999797903001e-05
7.95999990173945e-05,0.00011999999696854502
7.960999901733372e-05,0.00011999999696854502
7.961999901727294e-05,7.999999797903001e-05
7.962999901721217e-05,7.999999797903001e-05
7.96399990171514e-05,7.999999797903001e-05
7.964999901709062e-05,0.00011999999696854502
7.965999901702984e-05,7.999999797903001e-05
7.966999901696907e-05,0.00011999999696854502
7.96799990169083e-05,7.999999797903001e-05
7.968999901684752e-05,7.999999797903001e-05
7.969999901678675e-05,7.999999797903001e-05
7.970999901672597e-05,7.999999797903001e-05
7.97199990166652e-05,7.999999797903001e-05
7.972999901660442e-05,7.999999797903001e-05
7.973999901654365e-05,0.00011999999696854502
7.974999901648287e-05,7.999999797903001e-05
7.97599990164221e-05,7.999999797903001e-05
7.976999901636132e-05,0.00011999999696854502
7.977999901630055e-05,7.999999797903001e-05
7.978999901623977e-05,0.00011999999696854502
7.9799999016179e-05,0.00011999999696854502
7.980999901611822e-05,7.999999797903001e-05
7.981999901605745e-05,7.999999797903001e-05
7.982999901599667e-05,7.999999797903001e-05
7.98399990159359e-05,0.00011999999696854502
7.984999901587513e-05,7.999999797903001e-05
7.985999901581435e-05,7.999999797903001e-05
7.986999901575358e-05,7.999999797903001e-05
7.98799990156928e-05,7.999999797903001e-05
7.988999901563203e-05,7.999999797903001e-05
7.989999901557125e-05,7.999999797903001e-05
7.990999901551048e-05,7.999999797903001e-05
7.99199990154497e-05,7.999999797903001e-05
7.992999901538893e-05,0.00011999999696854502
7.993999901532815e-05,7.999999797903001e-05
7.994999901526738e-05,7.999999797903001e-05
7.99599990152066e-05,0.00011999999696854502
7.996999901514583e-05,0.00011999999696854502
7.997999901508505e-05,7.999999797903001e-05
7.998999901502428e-05,0.00011999999696854502
7.99999990149635e-05,7.999999797903001e-05
8.000999901490273e-05,0.00011999999696854502
8.001999901484196e-05,7.999999797903001e-05
8.002999901478118e-05,7.999999797903001e-05
8.00399990147204e-05,7.999999797903001e-05
8.004999901465963e-05,7.999999797903001e-05
8.005999901459886e-05,0.00011999999696854502
8.006999901453808e-05,0.00011999999696854502
8.007999901447731e-05,7.999999797903001e-05
8.008999901441653e-05,7.999999797903001e-05
8.009999901435576e-05,0.00011999999696854502
8.010999901429498e-05,7.999999797903001e-05
8.011999901423421e-05,7.999999797903001e-05
8.012999901417343e-05,7.999999797903001e-05
8.013999901411266e-05,7.999999797903001e-05
8.014999901405188e-05,0.00011999999696854502
8.015999901399111e-05,7.999999797903001e-05
8.016999901393033e-05,7.999999797903001e-05
8.017999901386956e-05,7.999999797903001e-05
8.018999901380879e-05,0.00011999999696854502
8.019999901374801e-05,7.999999797903001e-05
8.020999901368724e-05,7.999999797903001e-05
8.021999901362646e-05,7.999999797903001e-05
8.022999901356569e-05,7.999999797903001e-05
8.023999901350491e-05,7.999999797903001e-05
8.024999901344414e-05,0.00011999999696854502
8.025999901338336e-05,7.999999797903001e-05
8.026999901332259e-05,0.00011999999696854502
8.027999901326181e-05,7.999999797903001e-05
8.028999901320104e-05,7.999999797903001e-05
8.029999901314026e-05,7.999999797903001e-05
8.030999901307949e-05,0.00011999999696854502
8.031999901301871e-05,0.00011999999696854502
8.032999901295794e-05,7.999999797903001e-05
8.033999901289716e-05,7.999999797903001e-05
8.034999901283639e-05,0.00011999999696854502
8.035999901277562e-05,7.999999797903001e-05
8.036999901271484e-05,7.999999797903001e-05
8.037999901265407e-05,7.999999797903001e-05
8.038999901259329e-05,7.999999797903001e-05
8.039999901253252e-05,7.999999797903001e-05
8.040999901247174e-05,7.999999797903001e-05
8.041999901241097e-05,7.999999797903001e-05
8.042999901235019e-05,7.999999797903001e-05
8.043999901228942e-05,7.999999797903001e-05
8.044999901222864e-05,0.00011999999696854502
8.045999901216787e-05,0.00011999999696854502
8.04699990121071e-05,0.00011999999696854502
8.047999901204632e-05,7.999999797903001e-05
8.048999901198554e-05,7.999999797903001e-05
8.049999901192477e-05,0.00011999999696854502
8.0509999011864e-05,7.999999797903001e-05
8.051999901180322e-05,7.999999797903001e-05
8.052999901174245e-05,7.999999797903001e-05
8.053999901168167e-05,7.999999797903001e-05
8.05499990116209e-05,7.999999797903001e-05
8.055999901156012e-05,7.999999797903001e-05
8.056999901149935e-05,7.999999797903001e-05
8.057999901143857e-05,0.00011999999696854502
8.05899990113778e-05,0.00011999999696854502
8.059999901131702e-05,7.999999797903001e-05
8.060999901125625e-05,7.999999797903001e-05
8.061999901119547e-05,7.999999797903001e-05
8.06299990111347e-05,0.00011999999696854502
8.063999901107392e-05,0.00011999999696854502
8.064999901101315e-05,7.999999797903001e-05
8.065999901095237e-05,0.00011999999696854502
8.06699990108916e-05,7.999999797903001e-05
8.067999901083082e-05,7.999999797903001e-05
8.068999901077005e-05,7.999999797903001e-05
8.069999901070928e-05,0.00011999999696854502
8.07099990106485e-05,7.999999797903001e-05
8.071999901058773e-05,7.999999797903001e-05
8.072999901052695e-05,7.999999797903001e-05
8.073999901046618e-05,0.00011999999696854502
8.07499990104054e-05,7.999999797903001e-05
8.075999901034463e-05,7.999999797903001e-05
8.076999901028385e-05,7.999999797903001e-05
8.077999901022308e-05,7.999999797903001e-05
8.07899990101623e-05,0.00011999999696854502
8.079999901010153e-05,7.999999797903001e-05
8.080999901004075e-05,0.00011999999696854502
8.081999900997998e-05,0.00011999999696854502
8.08299990099192e-05,0.00011999999696854502
8.083999900985843e-05,7.999999797903001e-05
8.084999900979765e-05,7.999999797903001e-05
8.085999900973688e-05,0.00011999999696854502
8.08699990096761e-05,7.999999797903001e-05
8.087999900961533e-05,0.00011999999696854502
8.088999900955456e-05,7.999999797903001e-05
8.089999900949378e-05,0.00011999999696854502
8.0909999009433e-05,7.999999797903001e-05
8.091999900937223e-05,0.00011999999696854502
8.092999900931146e-05,7.999999797903001e-05
8.093999900925068e-05,7.999999797903001e-05
8.094999900918991e-05,7.999999797903001e-05
8.095999900912913e-05,0.00011999999696854502
8.096999900906836e-05,0.00011999999696854502
8.097999900900758e-05,7.999999797903001e-05
8.098999900894681e-05,0.00011999999696854502
8.099999900888603e-05,0.00011999999696854502
8.100999900882526e-05,7.999999797903001e-05
8.101999900876448e-05,0.00011999999696854502
8.102999900870371e-05,0.00011999999696854502
8.103999900864294e-05,0.00011999999696854502
8.104999900858216e-05,7.999999797903001e-05
8.105999900852139e-05,0.00011999999696854502
8.106999900846061e-05,0.00011999999696854502
8.107999900839984e-05,0.00011999999696854502
8.108999900833906e-05,7.999999797903001e-05
8.109999900827829e-05,7.999999797903001e-05
8.110999900821751e-05,0.00011999999696854502
8.111999900815674e-05,7.999999797903001e-05
8.112999900809596e-05,0.00011999999696854502
8.113999900803519e-05,7.999999797903001e-05
8.114999900797441e-05,7.999999797903001e-05
8.115999900791364e-05,7.999999797903001e-05
8.116999900785286e-05,7.999999797903001e-05
8.117999900779209e-05,7.999999797903001e-05
8.118999900773131e-05,7.999999797903001e-05
8.119999900767054e-05,7.999999797903001e-05
8.120999900760976e-05,7.999999797903001e-05
8.121999900754899e-05,7.999999797903001e-05
8.122999900748822e-05,0.00011999999696854502
8.123999900742744e-05,0.00011999999696854502
8.124999900736667e-05,0.00011999999696854502
8.125999900730589e-05,7.999999797903001e-05
8.126999900724512e-05,7.999999797903001e-05
8.127999900718434e-05,0.00011999999696854502
8.128999900712357e-05,0.00011999999696854502
8.129999900706279e-05,7.999999797903001e-05
8.130999900700202e-05,7.999999797903001e-05
8.131999900694124e-05,0.00011999999696854502
8.132999900688047e-05,7.999999797903001e-05
8.13399990068197e-05,0.00011999999696854502
8.134999900675892e-05,7.999999797903001e-05
8.135999900669814e-05,7.999999797903001e-05
8.136999900663737e-05,7.999999797903001e-05
8.13799990065766e-05,7.999999797903001e-05
8.138999900651582e-05,0.00011999999696854502
8.139999900645505e-05,0.00011999999696854502
8.140999900639427e-05,7.999999797903001e-05
8.14199990063335e-05,0.00011999999696854502
8.142999900627272e-05,7.999999797903001e-05
8.143999900621195e-05,7.999999797903001e-05
8.144999900615117e-05,0.00011999999696854502
8.14599990060904e-05,0.00011999999696854502
8.146999900602962e-05,7.999999797903001e-05
8.147999900596885e-05,7.999999797903001e-05
8.148999900590807e-05,7.999999797903001e-05
8.14999990058473e-05,7.999999797903001e-05
8.150999900578652e-05,7.999999797903001e-05
8.151999900572575e-05,0.00011999999696854502
8.152999900566497e-05,0.00011999999696854502
8.15399990056042e-05,7.999999797903001e-05
8.154999900554342e-05,7.999999797903001e-05
8.155999900548265e-05,7.999999797903001e-05
8.156999900542188e-05,0.00011999999696854502
8.15799990053611e-05,7.999999797903001e-05
8.158999900530033e-05,0.00011999999696854502
8.159999900523955e-05,0.00011999999696854502
8.160999900517878e-05,0.00011999999696854502
8.1619999005118e-05,0.00011999999696854502
8.162999900505723e-05,0.00011999999696854502
8.163999900499645e-05,7.999999797903001e-05
8.164999900493568e-05,7.999999797903001e-05
8.16599990048749e-05,7.999999797903001e-05
8.166999900481413e-05,0.00011999999696854502
8.167999900475335e-05,7.999999797903001e-05
8.168999900469258e-05,7.999999797903001e-05
8.16999990046318e-05,0.00011999999696854502
8.170999900457103e-05,7.999999797903001e-05
8.171999900451025e-05,0.00011999999696854502
8.172999900444948e-05,0.00011999999696854502
8.17399990043887e-05,-0.0032399999181507155
8.174999900432793e-05,-0.005119999870657921
