Time (s),Voltage (V)
-3.2816e-05,0.00015999999595806003
-3.281199999966904e-05,0.00015999999595806003
-3.2807999999338076e-05,0.00015999999595806003
-3.2803999999007114e-05,0.00015999999595806003
-3.279999999867615e-05,0.00015999999595806003
-3.279599999834519e-05,0.00015999999595806003
-3.279199999801423e-05,0.00015999999595806003
-3.278799999768327e-05,0.00019999999494757503
-3.278399999735231e-05,0.00015999999595806003
-3.2779999997021346e-05,0.00019999999494757503
-3.2775999996690384e-05,0.00015999999595806003
-3.277199999635942e-05,0.00019999999494757503
-3.276799999602846e-05,0.00015999999595806003
-3.27639999956975e-05,0.00019999999494757503
-3.275999999536654e-05,0.00015999999595806003
-3.2755999995035577e-05,0.00015999999595806003
-3.2751999994704615e-05,0.00015999999595806003
-3.2747999994373654e-05,0.00015999999595806003
-3.274399999404269e-05,0.00015999999595806003
-3.273999999371173e-05,0.00015999999595806003
-3.273599999338077e-05,0.00015999999595806003
-3.273199999304981e-05,0.00015999999595806003
-3.2727999992718846e-05,0.00015999999595806003
-3.2723999992387885e-05,0.00015999999595806003
-3.271999999205692e-05,0.00015999999595806003
-3.271599999172596e-05,0.00015999999595806003
-3.2711999991395e-05,0.00015999999595806003
-3.270799999106404e-05,0.00019999999494757503
-3.270399999073308e-05,0.00015999999595806003
-3.2699999990402116e-05,0.00019999999494757503
-3.2695999990071154e-05,0.00015999999595806003
-3.269199998974019e-05,0.00015999999595806003
-3.268799998940923e-05,0.00015999999595806003
-3.268399998907827e-05,0.00015999999595806003
-3.267999998874731e-05,0.00015999999595806003
-3.267599998841635e-05,0.00015999999595806003
-3.2671999988085385e-05,0.00015999999595806003
-3.2667999987754424e-05,0.00015999999595806003
-3.266399998742346e-05,0.00015999999595806003
-3.26599999870925e-05,0.00019999999494757503
-3.265599998676154e-05,0.00015999999595806003
-3.265199998643058e-05,0.00015999999595806003
-3.2647999986099617e-05,0.00015999999595806003
-3.2643999985768655e-05,0.00015999999595806003
-3.2639999985437694e-05,0.00015999999595806003
-3.263599998510673e-05,0.00015999999595806003
-3.263199998477577e-05,0.00015999999595806003
-3.262799998444481e-05,0.00019999999494757503
-3.262399998411385e-05,0.00015999999595806003
-3.2619999983782886e-05,0.00019999999494757503
-3.2615999983451925e-05,0.00015999999595806003
-3.261199998312096e-05,0.00015999999595806003
-3.260799998279e-05,0.00015999999595806003
-3.260399998245904e-05,0.00015999999595806003
-3.259999998212808e-05,0.00015999999595806003
-3.259599998179712e-05,0.00015999999595806003
-3.2591999981466156e-05,0.00015999999595806003
-3.2587999981135194e-05,0.00015999999595806003
-3.258399998080423e-05,0.00015999999595806003
-3.257999998047327e-05,0.00019999999494757503
-3.257599998014231e-05,0.00015999999595806003
-3.257199997981135e-05,0.00019999999494757503
-3.256799997948039e-05,0.00015999999595806003
-3.2563999979149425e-05,0.00015999999595806003
-3.2559999978818464e-05,0.00015999999595806003
-3.25559999784875e-05,0.00015999999595806003
-3.255199997815654e-05,0.00015999999595806003
-3.254799997782558e-05,0.00019999999494757503
-3.254399997749462e-05,0.00019999999494757503
-3.2539999977163656e-05,0.00019999999494757503
-3.2535999976832695e-05,0.00015999999595806003
-3.2531999976501734e-05,0.00015999999595806003
-3.252799997617077e-05,0.00015999999595806003
-3.252399997583981e-05,0.00019999999494757503
-3.251999997550885e-05,0.00015999999595806003
-3.251599997517789e-05,0.00015999999595806003
-3.2511999974846926e-05,0.00015999999595806003
-3.2507999974515965e-05,0.00015999999595806003
-3.2503999974185e-05,0.00015999999595806003
-3.249999997385404e-05,0.00019999999494757503
-3.249599997352308e-05,0.00015999999595806003
-3.249199997319212e-05,0.00019999999494757503
-3.248799997286116e-05,0.00015999999595806003
-3.2483999972530196e-05,0.00015999999595806003
-3.2479999972199234e-05,0.00015999999595806003
-3.247599997186827e-05,0.00015999999595806003
-3.247199997153731e-05,0.00015999999595806003
-3.246799997120635e-05,0.00015999999595806003
-3.246399997087539e-05,0.00015999999595806003
-3.245999997054443e-05,0.00015999999595806003
-3.2455999970213465e-05,0.00015999999595806003
-3.2451999969882504e-05,0.00015999999595806003
-3.244799996955154e-05,0.00015999999595806003
-3.244399996922058e-05,0.00015999999595806003
-3.243999996888962e-05,0.00015999999595806003
-3.243599996855866e-05,0.00015999999595806003
-3.2431999968227696e-05,0.00015999999595806003
-3.2427999967896735e-05,0.00019999999494757503
-3.2423999967565773e-05,0.00015999999595806003
-3.241999996723481e-05,0.00019999999494757503
-3.241599996690385e-05,0.00015999999595806003
-3.241199996657289e-05,0.00015999999595806003
-3.240799996624193e-05,0.00015999999595806003
-3.2403999965910966e-05,0.00015999999595806003
-3.2399999965580005e-05,0.00015999999595806003
-3.239599996524904e-05,0.00019999999494757503
-3.239199996491808e-05,0.00015999999595806003
-3.238799996458712e-05,0.00015999999595806003
-3.238399996425616e-05,0.00019999999494757503
-3.23799999639252e-05,0.00019999999494757503
-3.2375999963594236e-05,0.00015999999595806003
-3.2371999963263274e-05,0.00019999999494757503
-3.236799996293231e-05,0.00015999999595806003
-3.236399996260135e-05,0.00015999999595806003
-3.235999996227039e-05,0.00015999999595806003
-3.235599996193943e-05,0.00015999999595806003
-3.235199996160847e-05,0.00015999999595806003
-3.2347999961277505e-05,0.00015999999595806003
-3.2343999960946544e-05,0.00015999999595806003
-3.233999996061558e-05,0.00019999999494757503
-3.233599996028462e-05,0.00015999999595806003
-3.233199995995366e-05,0.00019999999494757503
-3.23279999596227e-05,0.00015999999595806003
-3.2323999959291736e-05,0.00015999999595806003
-3.2319999958960775e-05,0.00015999999595806003
-3.231599995862981e-05,0.00015999999595806003
-3.231199995829885e-05,0.00015999999595806003
-3.230799995796789e-05,0.00015999999595806003
-3.230399995763693e-05,0.00015999999595806003
-3.229999995730597e-05,0.00019999999494757503
-3.2295999956975006e-05,0.00015999999595806003
-3.2291999956644044e-05,0.00015999999595806003
-3.228799995631308e-05,0.00015999999595806003
-3.228399995598212e-05,0.00015999999595806003
-3.227999995565116e-05,0.00015999999595806003
-3.22759999553202e-05,0.00019999999494757503
-3.227199995498924e-05,0.00015999999595806003
-3.2267999954658276e-05,0.00015999999595806003
-3.2263999954327314e-05,0.00015999999595806003
-3.225999995399635e-05,0.00019999999494757503
-3.225599995366539e-05,0.00015999999595806003
-3.225199995333443e-05,0.00019999999494757503
-3.224799995300347e-05,0.00015999999595806003
-3.224399995267251e-05,0.00015999999595806003
-3.2239999952341545e-05,0.00015999999595806003
-3.2235999952010584e-05,0.00019999999494757503
-3.223199995167962e-05,0.00015999999595806003
-3.222799995134866e-05,0.00015999999595806003
-3.22239999510177e-05,0.00015999999595806003
-3.221999995068674e-05,0.00015999999595806003
-3.2215999950355776e-05,0.00015999999595806003
-3.2211999950024815e-05,0.00019999999494757503
-3.220799994969385e-05,0.00015999999595806003
-3.220399994936289e-05,0.00015999999595806003
-3.219999994903193e-05,0.00015999999595806003
-3.219599994870097e-05,0.00015999999595806003
-3.219199994837001e-05,0.00015999999595806003
-3.2187999948039046e-05,0.00019999999494757503
-3.2183999947708084e-05,0.00015999999595806003
-3.217999994737712e-05,0.00019999999494757503
-3.217599994704616e-05,0.00015999999595806003
-3.21719999467152e-05,0.00015999999595806003
-3.216799994638424e-05,0.00015999999595806003
-3.216399994605328e-05,0.00019999999494757503
-3.2159999945722315e-05,0.00015999999595806003
-3.2155999945391354e-05,0.00019999999494757503
-3.215199994506039e-05,0.00015999999595806003
-3.214799994472943e-05,0.00015999999595806003
-3.214399994439847e-05,0.00011999999696854502
-3.213999994406751e-05,0.00019999999494757503
-3.2135999943736547e-05,0.00019999999494757503
-3.2131999943405585e-05,0.00019999999494757503
-3.2127999943074624e-05,0.00015999999595806003
-3.212399994274366e-05,0.00019999999494757503
-3.21199999424127e-05,0.00015999999595806003
-3.211599994208174e-05,0.00015999999595806003
-3.211199994175078e-05,0.00015999999595806003
-3.2107999941419816e-05,0.00015999999595806003
-3.2103999941088855e-05,0.00015999999595806003
-3.209999994075789e-05,0.00019999999494757503
-3.209599994042693e-05,0.00015999999595806003
-3.209199994009597e-05,0.00015999999595806003
-3.208799993976501e-05,0.00015999999595806003
-3.208399993943405e-05,0.00019999999494757503
-3.2079999939103086e-05,0.00015999999595806003
-3.2075999938772124e-05,0.00015999999595806003
-3.207199993844116e-05,0.00015999999595806003
-3.20679999381102e-05,0.00015999999595806003
-3.206399993777924e-05,0.00015999999595806003
-3.205999993744828e-05,0.00019999999494757503
-3.205599993711732e-05,0.00015999999595806003
-3.2051999936786355e-05,0.00019999999494757503
-3.2047999936455394e-05,0.00015999999595806003
-3.204399993612443e-05,0.00015999999595806003
-3.203999993579347e-05,0.00015999999595806003
-3.203599993546251e-05,0.00015999999595806003
-3.203199993513155e-05,0.00015999999595806003
-3.2027999934800587e-05,0.00019999999494757503
-3.2023999934469625e-05,0.00015999999595806003
-3.2019999934138664e-05,0.00015999999595806003
-3.20159999338077e-05,0.00015999999595806003
-3.201199993347674e-05,0.00019999999494757503
-3.200799993314578e-05,0.00015999999595806003
-3.200399993281482e-05,0.00019999999494757503
-3.1999999932483856e-05,0.00015999999595806003
-3.1995999932152895e-05,0.00019999999494757503
-3.199199993182193e-05,0.00015999999595806003
-3.198799993149097e-05,0.00015999999595806003
-3.198399993116001e-05,0.00011999999696854502
-3.197999993082905e-05,0.00015999999595806003
-3.197599993049809e-05,0.00015999999595806003
-3.1971999930167126e-05,0.00019999999494757503
-3.1967999929836164e-05,0.00015999999595806003
-3.19639999295052e-05,0.00019999999494757503
-3.195999992917424e-05,0.00015999999595806003
-3.195599992884328e-05,0.00015999999595806003
-3.195199992851232e-05,0.00015999999595806003
-3.194799992818136e-05,0.00015999999595806003
-3.1943999927850395e-05,0.00015999999595806003
-3.1939999927519434e-05,0.00015999999595806003
-3.193599992718847e-05,0.00015999999595806003
-3.193199992685751e-05,0.00019999999494757503
-3.192799992652655e-05,0.00015999999595806003
-3.192399992619559e-05,0.00015999999595806003
-3.1919999925864626e-05,0.00015999999595806003
-3.1915999925533665e-05,0.00015999999595806003
-3.1911999925202703e-05,0.00015999999595806003
-3.190799992487174e-05,0.00015999999595806003
-3.190399992454078e-05,0.00015999999595806003
-3.189999992420982e-05,0.00019999999494757503
-3.189599992387886e-05,0.00015999999595806003
-3.1891999923547896e-05,0.00019999999494757503
-3.1887999923216935e-05,0.00015999999595806003
-3.188399992288597e-05,0.00019999999494757503
-3.187999992255501e-05,0.00015999999595806003
-3.187599992222405e-05,0.00015999999595806003
-3.187199992189309e-05,0.00015999999595806003
-3.186799992156213e-05,0.00015999999595806003
-3.1863999921231166e-05,0.00015999999595806003
-3.1859999920900204e-05,0.00015999999595806003
-3.185599992056924e-05,0.00015999999595806003
-3.185199992023828e-05,0.00015999999595806003
-3.184799991990732e-05,0.00015999999595806003
-3.184399991957636e-05,0.00015999999595806003
-3.18399999192454e-05,0.00015999999595806003
-3.1835999918914435e-05,0.00019999999494757503
-3.1831999918583474e-05,0.00015999999595806003
-3.182799991825251e-05,0.00015999999595806003
-3.182399991792155e-05,0.00015999999595806003
-3.181999991759059e-05,0.00019999999494757503
-3.181599991725963e-05,0.00015999999595806003
-3.1811999916928666e-05,0.00015999999595806003
-3.1807999916597705e-05,0.00015999999595806003
-3.1803999916266743e-05,0.00015999999595806003
-3.179999991593578e-05,0.00015999999595806003
-3.179599991560482e-05,0.00015999999595806003
-3.179199991527386e-05,0.00015999999595806003
-3.17879999149429e-05,0.00019999999494757503
-3.1783999914611936e-05,0.00015999999595806003
-3.1779999914280975e-05,0.00019999999494757503
-3.177599991395001e-05,0.00015999999595806003
-3.177199991361905e-05,0.00019999999494757503
-3.176799991328809e-05,0.00015999999595806003
-3.176399991295713e-05,0.00019999999494757503
-3.175999991262617e-05,0.00015999999595806003
-3.1755999912295206e-05,0.00015999999595806003
-3.1751999911964244e-05,0.00015999999595806003
-3.174799991163328e-05,0.00015999999595806003
-3.174399991130232e-05,0.00015999999595806003
-3.173999991097136e-05,0.00019999999494757503
-3.17359999106404e-05,0.00015999999595806003
-3.173199991030944e-05,0.00019999999494757503
-3.1727999909978475e-05,0.00015999999595806003
-3.1723999909647514e-05,0.00015999999595806003
-3.171999990931655e-05,0.00015999999595806003
-3.171599990898559e-05,0.00015999999595806003
-3.171199990865463e-05,0.00015999999595806003
-3.170799990832367e-05,0.00015999999595806003
-3.1703999907992706e-05,0.00015999999595806003
-3.1699999907661745e-05,0.00019999999494757503
-3.169599990733078e-05,0.00015999999595806003
-3.169199990699982e-05,0.00019999999494757503
-3.168799990666886e-05,0.00015999999595806003
-3.16839999063379e-05,0.00015999999595806003
-3.167999990600694e-05,0.00015999999595806003
-3.1675999905675976e-05,0.00015999999595806003
-3.1671999905345014e-05,0.00015999999595806003
-3.166799990501405e-05,0.00015999999595806003
-3.166399990468309e-05,0.00015999999595806003
-3.165999990435213e-05,0.00015999999595806003
-3.165599990402117e-05,0.00015999999595806003
-3.165199990369021e-05,0.00015999999595806003
-3.1647999903359246e-05,0.00015999999595806003
-3.1643999903028284e-05,0.00019999999494757503
-3.163999990269732e-05,0.00015999999595806003
-3.163599990236636e-05,0.00019999999494757503
-3.16319999020354e-05,0.00015999999595806003
-3.162799990170444e-05,0.00015999999595806003
-3.162399990137348e-05,0.00015999999595806003
-3.1619999901042515e-05,0.00019999999494757503
-3.1615999900711554e-05,0.00015999999595806003
-3.161199990038059e-05,0.00019999999494757503
-3.160799990004963e-05,0.00015999999595806003
-3.160399989971867e-05,0.00019999999494757503
-3.159999989938771e-05,0.00015999999595806003
-3.1595999899056746e-05,0.00015999999595806003
-3.1591999898725785e-05,0.00011999999696854502
-3.158799989839482e-05,0.00015999999595806003
-3.158399989806386e-05,0.00015999999595806003
-3.15799998977329e-05,0.00015999999595806003
-3.157599989740194e-05,0.00015999999595806003
-3.157199989707098e-05,0.00019999999494757503
-3.1567999896740016e-05,0.00019999999494757503
-3.1563999896409054e-05,0.00019999999494757503
-3.155999989607809e-05,0.00019999999494757503
-3.155599989574713e-05,0.00019999999494757503
-3.155199989541617e-05,0.00015999999595806003
-3.154799989508521e-05,0.00015999999595806003
-3.154399989475425e-05,0.00011999999696854502
-3.1539999894423285e-05,0.00015999999595806003
-3.1535999894092324e-05,0.00011999999696854502
-3.153199989376136e-05,0.00015999999595806003
-3.15279998934304e-05,0.00015999999595806003
-3.152399989309944e-05,0.00015999999595806003
-3.151999989276848e-05,0.00015999999595806003
-3.1515999892437517e-05,0.00019999999494757503
-3.1511999892106555e-05,0.00015999999595806003
-3.1507999891775594e-05,0.00019999999494757503
-3.150399989144463e-05,0.00019999999494757503
-3.149999989111367e-05,0.00019999999494757503
-3.149599989078271e-05,0.00019999999494757503
-3.149199989045175e-05,0.00019999999494757503
-3.1487999890120786e-05,0.00015999999595806003
-3.1483999889789825e-05,0.00015999999595806003
-3.147999988945886e-05,0.00015999999595806003
-3.14759998891279e-05,0.00015999999595806003
-3.147199988879694e-05,0.00011999999696854502
-3.146799988846598e-05,0.00015999999595806003
-3.146399988813502e-05,0.00011999999696854502
-3.1459999887804056e-05,0.00015999999595806003
-3.1455999887473094e-05,0.00015999999595806003
-3.145199988714213e-05,0.00019999999494757503
-3.144799988681117e-05,0.00019999999494757503
-3.144399988648021e-05,0.00023999999393709004
-3.143999988614925e-05,0.00019999999494757503
-3.143599988581829e-05,0.00019999999494757503
-3.1431999885487325e-05,0.00019999999494757503
-3.1427999885156364e-05,0.00019999999494757503
-3.14239998848254e-05,0.00015999999595806003
-3.141999988449444e-05,0.00015999999595806003
-3.141599988416348e-05,0.00011999999696854502
-3.141199988383252e-05,0.00011999999696854502
-3.1407999883501557e-05,0.00011999999696854502
-3.1403999883170595e-05,0.00015999999595806003
-3.1399999882839634e-05,0.00011999999696854502
-3.139599988250867e-05,0.00015999999595806003
-3.139199988217771e-05,0.00015999999595806003
-3.138799988184675e-05,0.00019999999494757503
-3.138399988151579e-05,0.00019999999494757503
-3.1379999881184826e-05,0.00019999999494757503
-3.1375999880853865e-05,0.00019999999494757503
-3.13719998805229e-05,0.00019999999494757503
-3.136799988019194e-05,0.00015999999595806003
-3.136399987986098e-05,0.00019999999494757503
-3.135999987953002e-05,0.00015999999595806003
-3.135599987919906e-05,0.00015999999595806003
-3.1351999878868096e-05,0.00011999999696854502
-3.1347999878537134e-05,0.00011999999696854502
-3.134399987820617e-05,0.00011999999696854502
-3.133999987787521e-05,0.00015999999595806003
-3.133599987754425e-05,0.00015999999595806003
-3.133199987721329e-05,0.00019999999494757503
-3.132799987688233e-05,0.00019999999494757503
-3.1323999876551365e-05,0.00019999999494757503
-3.1319999876220404e-05,0.00019999999494757503
-3.131599987588944e-05,0.00019999999494757503
-3.131199987555848e-05,0.00015999999595806003
-3.130799987522752e-05,0.00019999999494757503
-3.130399987489656e-05,0.00015999999595806003
-3.1299999874565596e-05,0.00015999999595806003
-3.1295999874234635e-05,0.00011999999696854502
-3.1291999873903673e-05,0.00015999999595806003
-3.128799987357271e-05,0.00011999999696854502
-3.128399987324175e-05,0.00015999999595806003
-3.127999987291079e-05,0.00015999999595806003
-3.127599987257983e-05,0.00015999999595806003
-3.1271999872248866e-05,0.00015999999595806003
-3.1267999871917905e-05,0.00019999999494757503
-3.126399987158694e-05,0.00015999999595806003
-3.125999987125598e-05,0.00019999999494757503
-3.125599987092502e-05,0.00015999999595806003
-3.125199987059406e-05,0.00019999999494757503
-3.12479998702631e-05,0.00015999999595806003
-3.1243999869932136e-05,0.00019999999494757503
-3.1239999869601174e-05,0.00015999999595806003
-3.123599986927021e-05,0.00015999999595806003
-3.123199986893925e-05,0.00015999999595806003
-3.122799986860829e-05,0.00015999999595806003
-3.122399986827733e-05,0.00011999999696854502
-3.121999986794637e-05,0.00015999999595806003
-3.1215999867615405e-05,0.00011999999696854502
-3.1211999867284444e-05,0.00015999999595806003
-3.120799986695348e-05,0.00015999999595806003
-3.120399986662252e-05,0.00015999999595806003
-3.119999986629156e-05,0.00015999999595806003
-3.11959998659606e-05,0.00019999999494757503
-3.1191999865629636e-05,0.00015999999595806003
-3.1187999865298675e-05,0.00019999999494757503
-3.1183999864967713e-05,0.00015999999595806003
-3.117999986463675e-05,0.00019999999494757503
-3.117599986430579e-05,0.00015999999595806003
-3.117199986397483e-05,0.00015999999595806003
-3.116799986364387e-05,0.00015999999595806003
-3.1163999863312906e-05,0.00015999999595806003
-3.1159999862981944e-05,0.00015999999595806003
-3.115599986265098e-05,0.00019999999494757503
-3.115199986232002e-05,0.00015999999595806003
-3.114799986198906e-05,0.00015999999595806003
-3.11439998616581e-05,0.00015999999595806003
-3.113999986132714e-05,0.00015999999595806003
-3.1135999860996176e-05,0.00015999999595806003
-3.1131999860665214e-05,0.00015999999595806003
-3.112799986033425e-05,0.00015999999595806003
-3.112399986000329e-05,0.00019999999494757503
-3.111999985967233e-05,0.00019999999494757503
-3.111599985934137e-05,0.00019999999494757503
-3.111199985901041e-05,0.00019999999494757503
-3.1107999858679445e-05,0.00019999999494757503
-3.1103999858348484e-05,0.00015999999595806003
-3.109999985801752e-05,0.00015999999595806003
-3.109599985768656e-05,0.00015999999595806003
-3.10919998573556e-05,0.00015999999595806003
-3.108799985702464e-05,0.00015999999595806003
-3.1083999856693676e-05,0.00015999999595806003
-3.1079999856362715e-05,0.00015999999595806003
-3.107599985603175e-05,0.00015999999595806003
-3.107199985570079e-05,0.00015999999595806003
-3.106799985536983e-05,0.00019999999494757503
-3.106399985503887e-05,0.00015999999595806003
-3.105999985470791e-05,0.00019999999494757503
-3.1055999854376946e-05,0.00015999999595806003
-3.1051999854045984e-05,0.00019999999494757503
-3.104799985371502e-05,0.00015999999595806003
-3.104399985338406e-05,0.00015999999595806003
-3.10399998530531e-05,0.00015999999595806003
-3.103599985272214e-05,0.00019999999494757503
-3.103199985239118e-05,0.00015999999595806003
-3.1027999852060216e-05,0.00015999999595806003
-3.1023999851729254e-05,0.00015999999595806003
-3.101999985139829e-05,0.00015999999595806003
-3.101599985106733e-05,0.00015999999595806003
-3.101199985073637e-05,0.00019999999494757503
-3.100799985040541e-05,0.00015999999595806003
-3.100399985007445e-05,0.00019999999494757503
-3.0999999849743485e-05,0.00019999999494757503
-3.0995999849412524e-05,0.00019999999494757503
-3.099199984908156e-05,0.00015999999595806003
-3.09879998487506e-05,0.00019999999494757503
-3.098399984841964e-05,0.00015999999595806003
-3.097999984808868e-05,0.00015999999595806003
-3.0975999847757716e-05,0.00015999999595806003
-3.0971999847426755e-05,0.00015999999595806003
-3.096799984709579e-05,0.00015999999595806003
-3.096399984676483e-05,0.00015999999595806003
-3.095999984643387e-05,0.00015999999595806003
-3.095599984610291e-05,0.00019999999494757503
-3.095199984577195e-05,0.00015999999595806003
-3.0947999845440986e-05,0.00019999999494757503
-3.0943999845110024e-05,0.00015999999595806003
-3.093999984477906e-05,0.00019999999494757503
-3.09359998444481e-05,0.00015999999595806003
-3.093199984411714e-05,0.00019999999494757503
-3.092799984378618e-05,0.00015999999595806003
-3.092399984345522e-05,0.00019999999494757503
-3.0919999843124255e-05,0.00015999999595806003
-3.0915999842793294e-05,0.00015999999595806003
-3.091199984246233e-05,0.00015999999595806003
-3.090799984213137e-05,0.00019999999494757503
-3.090399984180041e-05,0.00015999999595806003
-3.089999984146945e-05,0.00015999999595806003
-3.0895999841138487e-05,0.00015999999595806003
-3.0891999840807525e-05,0.00015999999595806003
-3.0887999840476564e-05,0.00015999999595806003
-3.08839998401456e-05,0.00019999999494757503
-3.087999983981464e-05,0.00019999999494757503
-3.087599983948368e-05,0.00019999999494757503
-3.087199983915272e-05,0.00015999999595806003
-3.0867999838821756e-05,0.00019999999494757503
-3.0863999838490795e-05,0.00015999999595806003
-3.085999983815983e-05,0.00015999999595806003
-3.085599983782887e-05,0.00015999999595806003
-3.085199983749791e-05,0.00015999999595806003
-3.084799983716695e-05,0.00011999999696854502
-3.084399983683599e-05,0.00015999999595806003
-3.0839999836505026e-05,0.00015999999595806003
-3.0835999836174064e-05,0.00019999999494757503
-3.08319998358431e-05,0.00015999999595806003
-3.082799983551214e-05,0.00019999999494757503
-3.082399983518118e-05,0.00015999999595806003
-3.081999983485022e-05,0.00015999999595806003
-3.081599983451926e-05,0.00015999999595806003
-3.0811999834188295e-05,0.00015999999595806003
-3.0807999833857334e-05,0.00015999999595806003
-3.080399983352637e-05,0.00015999999595806003
-3.079999983319541e-05,0.00015999999595806003
-3.079599983286445e-05,0.00019999999494757503
-3.079199983253349e-05,0.00015999999595806003
-3.0787999832202526e-05,0.00015999999595806003
-3.0783999831871565e-05,0.00015999999595806003
-3.0779999831540604e-05,0.00015999999595806003
-3.077599983120964e-05,0.00015999999595806003
-3.077199983087868e-05,0.00015999999595806003
-3.076799983054772e-05,0.00015999999595806003
-3.076399983021676e-05,0.00019999999494757503
-3.0759999829885796e-05,0.00015999999595806003
-3.0755999829554835e-05,0.00019999999494757503
-3.075199982922387e-05,0.00015999999595806003
-3.074799982889291e-05,0.00015999999595806003
-3.074399982856195e-05,0.00011999999696854502
-3.073999982823099e-05,0.00015999999595806003
-3.073599982790003e-05,0.00015999999595806003
-3.0731999827569066e-05,0.00015999999595806003
-3.0727999827238104e-05,0.00015999999595806003
-3.072399982690714e-05,0.00015999999595806003
-3.071999982657618e-05,0.00015999999595806003
-3.071599982624522e-05,0.00019999999494757503
-3.071199982591426e-05,0.00015999999595806003
-3.07079998255833e-05,0.00019999999494757503
-3.0703999825252335e-05,0.00015999999595806003
-3.0699999824921374e-05,0.00015999999595806003
-3.069599982459041e-05,0.00015999999595806003
-3.069199982425945e-05,0.00015999999595806003
-3.068799982392849e-05,0.00015999999595806003
-3.068399982359753e-05,0.00019999999494757503
-3.0679999823266566e-05,0.00015999999595806003
-3.0675999822935605e-05,0.00019999999494757503
-3.0671999822604643e-05,0.00015999999595806003
-3.066799982227368e-05,0.00015999999595806003
-3.066399982194272e-05,0.00015999999595806003
-3.065999982161176e-05,0.00015999999595806003
-3.06559998212808e-05,0.00015999999595806003
-3.0651999820949836e-05,0.00015999999595806003
-3.0647999820618875e-05,0.00015999999595806003
-3.064399982028791e-05,0.00015999999595806003
-3.063999981995695e-05,0.00015999999595806003
-3.063599981962599e-05,0.00015999999595806003
-3.063199981929503e-05,0.00015999999595806003
-3.062799981896407e-05,0.00019999999494757503
-3.0623999818633106e-05,0.00015999999595806003
-3.0619999818302144e-05,0.00019999999494757503
-3.061599981797118e-05,0.00015999999595806003
-3.061199981764022e-05,0.00019999999494757503
-3.060799981730926e-05,0.00015999999595806003
-3.06039998169783e-05,0.00015999999595806003
-3.059999981664734e-05,0.00015999999595806003
-3.0595999816316375e-05,0.00015999999595806003
-3.0591999815985414e-05,0.00015999999595806003
-3.058799981565445e-05,0.00015999999595806003
-3.058399981532349e-05,0.00015999999595806003
-3.057999981499253e-05,0.00015999999595806003
-3.057599981466157e-05,0.00015999999595806003
-3.0571999814330606e-05,0.00019999999494757503
-3.0567999813999645e-05,0.00019999999494757503
-3.056399981366868e-05,0.00019999999494757503
-3.055999981333772e-05,0.00019999999494757503
-3.055599981300676e-05,0.00019999999494757503
-3.05519998126758e-05,0.00015999999595806003
-3.054799981234484e-05,0.00015999999595806003
-3.0543999812013876e-05,0.00015999999595806003
-3.0539999811682914e-05,0.00015999999595806003
-3.053599981135195e-05,0.00015999999595806003
-3.053199981102099e-05,0.00015999999595806003
-3.052799981069003e-05,0.00015999999595806003
-3.052399981035907e-05,0.00015999999595806003
-3.051999981002811e-05,0.00015999999595806003
-3.0515999809697146e-05,0.00019999999494757503
-3.0511999809366184e-05,0.00015999999595806003
-3.0507999809035223e-05,0.00019999999494757503
-3.050399980870426e-05,0.00015999999595806003
-3.04999998083733e-05,0.00019999999494757503
-3.0495999808042338e-05,0.00015999999595806003
-3.0491999807711377e-05,0.00015999999595806003
-3.0487999807380415e-05,0.00015999999595806003
-3.0483999807049454e-05,0.00015999999595806003
-3.0479999806718492e-05,0.00015999999595806003
-3.047599980638753e-05,0.00019999999494757503
-3.047199980605657e-05,0.00015999999595806003
-3.0467999805725608e-05,0.00019999999494757503
-3.0463999805394646e-05,0.00015999999595806003
-3.0459999805063685e-05,0.00015999999595806003
-3.0455999804732723e-05,0.00015999999595806003
-3.0451999804401762e-05,0.00015999999595806003
-3.04479998040708e-05,0.00015999999595806003
-3.044399980373984e-05,0.00019999999494757503
-3.0439999803408877e-05,0.00019999999494757503
-3.0435999803077916e-05,0.00019999999494757503
-3.0431999802746954e-05,0.00015999999595806003
-3.0427999802415993e-05,0.00019999999494757503
-3.042399980208503e-05,0.00015999999595806003
-3.041999980175407e-05,0.00015999999595806003
-3.041599980142311e-05,0.00015999999595806003
-3.0411999801092147e-05,0.00015999999595806003
-3.0407999800761186e-05,0.00011999999696854502
-3.0403999800430224e-05,0.00015999999595806003
-3.0399999800099263e-05,0.00015999999595806003
-3.03959997997683e-05,0.00019999999494757503
-3.039199979943734e-05,0.00015999999595806003
-3.0387999799106378e-05,0.00019999999494757503
-3.0383999798775417e-05,0.00015999999595806003
-3.0379999798444455e-05,0.00019999999494757503
-3.0375999798113494e-05,0.00015999999595806003
-3.0371999797782532e-05,0.00015999999595806003
-3.036799979745157e-05,0.00015999999595806003
-3.036399979712061e-05,0.00015999999595806003
-3.0359999796789648e-05,0.00015999999595806003
-3.0355999796458686e-05,0.00019999999494757503
-3.0351999796127725e-05,0.00015999999595806003
-3.0347999795796763e-05,0.00019999999494757503
-3.0343999795465802e-05,0.00015999999595806003
-3.033999979513484e-05,0.00019999999494757503
-3.033599979480388e-05,0.00015999999595806003
-3.0331999794472917e-05,0.00015999999595806003
-3.0327999794141956e-05,0.00015999999595806003
-3.0323999793810994e-05,0.00015999999595806003
-3.0319999793480033e-05,0.00015999999595806003
-3.031599979314907e-05,0.00015999999595806003
-3.031199979281811e-05,0.00015999999595806003
-3.030799979248715e-05,0.00019999999494757503
-3.0303999792156187e-05,0.00015999999595806003
-3.0299999791825225e-05,0.00019999999494757503
-3.0295999791494264e-05,0.00015999999595806003
-3.0291999791163302e-05,0.00019999999494757503
-3.028799979083234e-05,0.00015999999595806003
-3.028399979050138e-05,0.00015999999595806003
-3.0279999790170418e-05,0.00015999999595806003
-3.0275999789839457e-05,0.00015999999595806003
-3.0271999789508495e-05,0.00015999999595806003
-3.0267999789177534e-05,0.00019999999494757503
-3.0263999788846572e-05,0.00015999999595806003
-3.025999978851561e-05,0.00015999999595806003
-3.025599978818465e-05,0.00015999999595806003
-3.0251999787853688e-05,0.00019999999494757503
-3.0247999787522726e-05,0.00015999999595806003
-3.0243999787191765e-05,0.00015999999595806003
-3.0239999786860803e-05,0.00015999999595806003
-3.023599978652984e-05,0.00015999999595806003
-3.023199978619888e-05,0.00015999999595806003
-3.022799978586792e-05,0.00019999999494757503
-3.0223999785536957e-05,0.00015999999595806003
-3.0219999785205996e-05,0.00015999999595806003
-3.0215999784875034e-05,0.00015999999595806003
-3.0211999784544073e-05,0.00019999999494757503
-3.020799978421311e-05,0.00015999999595806003
-3.020399978388215e-05,0.00019999999494757503
-3.019999978355119e-05,0.00015999999595806003
-3.0195999783220227e-05,0.00019999999494757503
-3.0191999782889265e-05,0.00015999999595806003
-3.0187999782558304e-05,0.00019999999494757503
-3.0183999782227342e-05,0.00015999999595806003
-3.017999978189638e-05,0.00015999999595806003
-3.017599978156542e-05,0.00015999999595806003
-3.0171999781234458e-05,0.00015999999595806003
-3.0167999780903496e-05,0.00015999999595806003
-3.0163999780572535e-05,0.00019999999494757503
-3.0159999780241573e-05,0.00015999999595806003
-3.0155999779910612e-05,0.00019999999494757503
-3.015199977957965e-05,0.00015999999595806003
-3.014799977924869e-05,0.00015999999595806003
-3.0143999778917728e-05,0.00015999999595806003
-3.0139999778586766e-05,0.00015999999595806003
-3.0135999778255805e-05,0.00015999999595806003
-3.0131999777924843e-05,0.00019999999494757503
-3.012799977759388e-05,0.00015999999595806003
-3.012399977726292e-05,0.00019999999494757503
-3.011999977693196e-05,0.00015999999595806003
-3.0115999776600997e-05,0.00015999999595806003
-3.0111999776270036e-05,0.00015999999595806003
-3.0107999775939074e-05,0.00015999999595806003
-3.0103999775608113e-05,0.00015999999595806003
-3.009999977527715e-05,0.00015999999595806003
-3.009599977494619e-05,0.00015999999595806003
-3.0091999774615228e-05,0.00015999999595806003
-3.0087999774284267e-05,0.00015999999595806003
-3.0083999773953305e-05,0.00015999999595806003
-3.0079999773622344e-05,0.00015999999595806003
-3.0075999773291382e-05,0.00019999999494757503
-3.007199977296042e-05,0.00015999999595806003
-3.006799977262946e-05,0.00019999999494757503
-3.0063999772298498e-05,0.00019999999494757503
-3.0059999771967536e-05,0.00019999999494757503
-3.0055999771636575e-05,0.00015999999595806003
-3.0051999771305613e-05,0.00015999999595806003
-3.0047999770974652e-05,0.00015999999595806003
-3.004399977064369e-05,0.00015999999595806003
-3.003999977031273e-05,0.00015999999595806003
-3.0035999769981767e-05,0.00019999999494757503
-3.0031999769650806e-05,0.00015999999595806003
-3.0027999769319845e-05,0.00019999999494757503
-3.0023999768988883e-05,0.00015999999595806003
-3.001999976865792e-05,0.00019999999494757503
-3.001599976832696e-05,0.00015999999595806003
-3.0011999767996e-05,0.00015999999595806003
-3.0007999767665037e-05,0.00015999999595806003
-3.0003999767334076e-05,0.00015999999595806003
-2.9999999767003114e-05,0.00015999999595806003
-2.9995999766672153e-05,0.00019999999494757503
-2.999199976634119e-05,0.00015999999595806003
-2.998799976601023e-05,0.00019999999494757503
-2.9983999765679268e-05,0.00015999999595806003
-2.9979999765348307e-05,0.00015999999595806003
-2.9975999765017345e-05,0.00015999999595806003
-2.9971999764686384e-05,0.00015999999595806003
-2.9967999764355422e-05,0.00015999999595806003
-2.996399976402446e-05,0.00015999999595806003
-2.99599997636935e-05,0.00011999999696854502
-2.9955999763362538e-05,0.00015999999595806003
-2.9951999763031576e-05,0.00015999999595806003
-2.9947999762700615e-05,0.00019999999494757503
-2.9943999762369653e-05,0.00015999999595806003
-2.9939999762038692e-05,0.00019999999494757503
-2.993599976170773e-05,0.00015999999595806003
-2.993199976137677e-05,0.00015999999595806003
-2.9927999761045807e-05,0.00015999999595806003
-2.9923999760714846e-05,0.00015999999595806003
-2.9919999760383884e-05,0.00011999999696854502
-2.9915999760052923e-05,0.00015999999595806003
-2.991199975972196e-05,0.00015999999595806003
-2.9907999759391e-05,0.00019999999494757503
-2.990399975906004e-05,0.00015999999595806003
-2.9899999758729077e-05,0.00019999999494757503
-2.9895999758398116e-05,0.00015999999595806003
-2.9891999758067154e-05,0.00019999999494757503
-2.9887999757736193e-05,0.00015999999595806003
-2.988399975740523e-05,0.00015999999595806003
-2.987999975707427e-05,0.00015999999595806003
-2.9875999756743308e-05,0.00015999999595806003
-2.9871999756412347e-05,0.00015999999595806003
-2.9867999756081385e-05,0.00015999999595806003
-2.9863999755750424e-05,0.00015999999595806003
-2.9859999755419462e-05,0.00019999999494757503
-2.98559997550885e-05,0.00015999999595806003
-2.985199975475754e-05,0.00019999999494757503
-2.9847999754426578e-05,0.00015999999595806003
-2.9843999754095616e-05,0.00015999999595806003
-2.9839999753764655e-05,0.00015999999595806003
-2.9835999753433693e-05,0.00015999999595806003
-2.9831999753102732e-05,0.00015999999595806003
-2.982799975277177e-05,0.00019999999494757503
-2.982399975244081e-05,0.00015999999595806003
-2.9819999752109847e-05,0.00019999999494757503
-2.9815999751778886e-05,0.00015999999595806003
-2.9811999751447924e-05,0.00015999999595806003
-2.9807999751116963e-05,0.00015999999595806003
-2.9803999750786e-05,0.00015999999595806003
-2.979999975045504e-05,0.00015999999595806003
-2.979599975012408e-05,0.00015999999595806003
-2.9791999749793117e-05,0.00015999999595806003
-2.9787999749462155e-05,0.00015999999595806003
-2.9783999749131194e-05,0.00015999999595806003
-2.9779999748800233e-05,0.00015999999595806003
-2.977599974846927e-05,0.00015999999595806003
-2.977199974813831e-05,0.00015999999595806003
-2.9767999747807348e-05,0.00015999999595806003
-2.9763999747476387e-05,0.00019999999494757503
-2.9759999747145425e-05,0.00015999999595806003
-2.9755999746814464e-05,0.00015999999595806003
-2.9751999746483502e-05,0.00015999999595806003
-2.974799974615254e-05,0.00015999999595806003
-2.974399974582158e-05,0.00015999999595806003
-2.9739999745490618e-05,0.00019999999494757503
-2.9735999745159656e-05,0.00015999999595806003
-2.9731999744828695e-05,0.00015999999595806003
-2.9727999744497733e-05,0.00015999999595806003
-2.9723999744166772e-05,0.00015999999595806003
-2.971999974383581e-05,0.00015999999595806003
-2.971599974350485e-05,0.00019999999494757503
-2.9711999743173887e-05,0.00015999999595806003
-2.9707999742842926e-05,0.00015999999595806003
-2.9703999742511964e-05,0.00015999999595806003
-2.9699999742181003e-05,0.00015999999595806003
-2.969599974185004e-05,0.00015999999595806003
-2.969199974151908e-05,0.00019999999494757503
-2.968799974118812e-05,0.00015999999595806003
-2.9683999740857157e-05,0.00019999999494757503
-2.9679999740526195e-05,0.00015999999595806003
-2.9675999740195234e-05,0.00015999999595806003
-2.9671999739864272e-05,0.00015999999595806003
-2.966799973953331e-05,0.00015999999595806003
-2.966399973920235e-05,0.00015999999595806003
-2.9659999738871388e-05,0.00015999999595806003
-2.9655999738540427e-05,0.00015999999595806003
-2.9651999738209465e-05,0.00015999999595806003
-2.9647999737878504e-05,0.00015999999595806003
-2.9643999737547542e-05,0.00015999999595806003
-2.963999973721658e-05,0.00015999999595806003
-2.963599973688562e-05,0.00019999999494757503
-2.9631999736554658e-05,0.00019999999494757503
-2.9627999736223696e-05,0.00019999999494757503
-2.9623999735892735e-05,0.00015999999595806003
-2.9619999735561773e-05,0.00019999999494757503
-2.961599973523081e-05,0.00015999999595806003
-2.961199973489985e-05,0.00015999999595806003
-2.960799973456889e-05,0.00015999999595806003
-2.9603999734237927e-05,0.00015999999595806003
-2.9599999733906966e-05,0.00015999999595806003
-2.9595999733576004e-05,0.00015999999595806003
-2.9591999733245043e-05,0.00015999999595806003
-2.958799973291408e-05,0.00015999999595806003
-2.958399973258312e-05,0.00015999999595806003
-2.957999973225216e-05,0.00019999999494757503
-2.9575999731921197e-05,0.00019999999494757503
-2.9571999731590235e-05,0.00019999999494757503
-2.9567999731259274e-05,0.00015999999595806003
-2.9563999730928312e-05,0.00019999999494757503
-2.955999973059735e-05,0.00015999999595806003
-2.955599973026639e-05,0.00015999999595806003
-2.9551999729935428e-05,0.00015999999595806003
-2.9547999729604466e-05,0.00015999999595806003
-2.9543999729273505e-05,0.00015999999595806003
-2.9539999728942543e-05,0.00015999999595806003
-2.9535999728611582e-05,0.00015999999595806003
-2.953199972828062e-05,0.00015999999595806003
-2.952799972794966e-05,0.00015999999595806003
-2.9523999727618698e-05,0.00015999999595806003
-2.9519999727287736e-05,0.00015999999595806003
-2.9515999726956775e-05,0.00015999999595806003
-2.9511999726625813e-05,0.00015999999595806003
-2.950799972629485e-05,0.00019999999494757503
-2.950399972596389e-05,0.00019999999494757503
-2.949999972563293e-05,0.00019999999494757503
-2.9495999725301967e-05,0.00019999999494757503
-2.9491999724971006e-05,0.00019999999494757503
-2.9487999724640044e-05,0.00015999999595806003
-2.9483999724309083e-05,0.00015999999595806003
-2.947999972397812e-05,0.00015999999595806003
-2.947599972364716e-05,0.00015999999595806003
-2.9471999723316198e-05,0.00015999999595806003
-2.9467999722985237e-05,0.00015999999595806003
-2.9463999722654275e-05,0.00015999999595806003
-2.9459999722323314e-05,0.00015999999595806003
-2.9455999721992352e-05,0.00015999999595806003
-2.945199972166139e-05,0.00019999999494757503
-2.944799972133043e-05,0.00015999999595806003
-2.9443999720999468e-05,0.00019999999494757503
-2.9439999720668506e-05,0.00019999999494757503
-2.9435999720337545e-05,0.00019999999494757503
-2.9431999720006583e-05,0.00015999999595806003
-2.9427999719675622e-05,0.00015999999595806003
-2.942399971934466e-05,0.00015999999595806003
-2.94199997190137e-05,0.00015999999595806003
-2.9415999718682737e-05,0.00015999999595806003
-2.9411999718351776e-05,0.00019999999494757503
-2.9407999718020815e-05,0.00015999999595806003
-2.9403999717689853e-05,0.00015999999595806003
-2.939999971735889e-05,0.00015999999595806003
-2.939599971702793e-05,0.00015999999595806003
-2.939199971669697e-05,0.00015999999595806003
-2.9387999716366007e-05,0.00015999999595806003
-2.9383999716035046e-05,0.00015999999595806003
-2.9379999715704084e-05,0.00015999999595806003
-2.9375999715373123e-05,0.00015999999595806003
-2.937199971504216e-05,0.00019999999494757503
-2.93679997147112e-05,0.00015999999595806003
-2.9363999714380238e-05,0.00019999999494757503
-2.9359999714049277e-05,0.00015999999595806003
-2.9355999713718315e-05,0.00019999999494757503
-2.9351999713387354e-05,0.00015999999595806003
-2.9347999713056392e-05,0.00019999999494757503
-2.934399971272543e-05,0.00015999999595806003
-2.933999971239447e-05,0.00015999999595806003
-2.9335999712063508e-05,0.00015999999595806003
-2.9331999711732546e-05,0.00015999999595806003
-2.9327999711401585e-05,0.00015999999595806003
-2.9323999711070623e-05,0.00019999999494757503
-2.9319999710739662e-05,0.00015999999595806003
-2.93159997104087e-05,0.00015999999595806003
-2.931199971007774e-05,0.00015999999595806003
-2.9307999709746777e-05,0.00015999999595806003
-2.9303999709415816e-05,0.00015999999595806003
-2.9299999709084854e-05,0.00019999999494757503
-2.9295999708753893e-05,0.00015999999595806003
-2.929199970842293e-05,0.00019999999494757503
-2.928799970809197e-05,0.00015999999595806003
-2.928399970776101e-05,0.00019999999494757503
-2.9279999707430047e-05,0.00015999999595806003
-2.9275999707099086e-05,0.00015999999595806003
-2.9271999706768124e-05,0.00015999999595806003
-2.9267999706437163e-05,0.00015999999595806003
-2.92639997061062e-05,0.00015999999595806003
-2.925999970577524e-05,0.00015999999595806003
-2.9255999705444278e-05,0.00015999999595806003
-2.9251999705113317e-05,0.00019999999494757503
-2.9247999704782355e-05,0.00015999999595806003
-2.9243999704451394e-05,0.00019999999494757503
-2.9239999704120432e-05,0.00015999999595806003
-2.923599970378947e-05,0.00015999999595806003
-2.923199970345851e-05,0.00015999999595806003
-2.9227999703127548e-05,0.00015999999595806003
-2.9223999702796586e-05,0.00015999999595806003
-2.9219999702465625e-05,0.00015999999595806003
-2.9215999702134663e-05,0.00015999999595806003
-2.9211999701803702e-05,0.00019999999494757503
-2.920799970147274e-05,0.00015999999595806003
-2.920399970114178e-05,0.00015999999595806003
-2.9199999700810817e-05,0.00015999999595806003
-2.9195999700479856e-05,0.00019999999494757503
-2.9191999700148894e-05,0.00015999999595806003
-2.9187999699817933e-05,0.00015999999595806003
-2.918399969948697e-05,0.00015999999595806003
-2.917999969915601e-05,0.00015999999595806003
-2.917599969882505e-05,0.00015999999595806003
-2.9171999698494087e-05,0.00015999999595806003
-2.9167999698163125e-05,0.00015999999595806003
-2.9163999697832164e-05,0.00015999999595806003
-2.9159999697501202e-05,0.00015999999595806003
-2.915599969717024e-05,0.00019999999494757503
-2.915199969683928e-05,0.00015999999595806003
-2.9147999696508318e-05,0.00015999999595806003
-2.9143999696177357e-05,0.00015999999595806003
-2.9139999695846395e-05,0.00015999999595806003
-2.9135999695515434e-05,0.00015999999595806003
-2.9131999695184472e-05,0.00019999999494757503
-2.912799969485351e-05,0.00015999999595806003
-2.912399969452255e-05,0.00019999999494757503
-2.9119999694191588e-05,0.00015999999595806003
-2.9115999693860626e-05,0.00015999999595806003
-2.9111999693529665e-05,0.00015999999595806003
-2.9107999693198703e-05,0.00015999999595806003
-2.9103999692867742e-05,0.00015999999595806003
-2.909999969253678e-05,0.00015999999595806003
-2.909599969220582e-05,0.00015999999595806003
-2.9091999691874857e-05,0.00015999999595806003
-2.9087999691543896e-05,0.00015999999595806003
-2.9083999691212934e-05,0.00019999999494757503
-2.9079999690881973e-05,0.00015999999595806003
-2.907599969055101e-05,0.00019999999494757503
-2.907199969022005e-05,0.00015999999595806003
-2.906799968988909e-05,0.00015999999595806003
-2.9063999689558127e-05,0.00015999999595806003
-2.9059999689227165e-05,0.00015999999595806003
-2.9055999688896204e-05,0.00015999999595806003
-2.9051999688565242e-05,0.00019999999494757503
-2.904799968823428e-05,0.00015999999595806003
-2.904399968790332e-05,0.00015999999595806003
-2.9039999687572358e-05,0.00015999999595806003
-2.9035999687241396e-05,0.00015999999595806003
-2.9031999686910435e-05,0.00015999999595806003
-2.9027999686579474e-05,0.00015999999595806003
-2.9023999686248512e-05,0.00015999999595806003
-2.901999968591755e-05,0.00019999999494757503
-2.901599968558659e-05,0.00015999999595806003
-2.9011999685255628e-05,0.00015999999595806003
-2.9007999684924666e-05,0.00015999999595806003
-2.9003999684593705e-05,0.00019999999494757503
-2.8999999684262743e-05,0.00015999999595806003
-2.899599968393178e-05,0.00015999999595806003
-2.899199968360082e-05,0.00015999999595806003
-2.898799968326986e-05,0.00015999999595806003
-2.8983999682938897e-05,0.00015999999595806003
-2.8979999682607936e-05,0.00015999999595806003
-2.8975999682276974e-05,0.00015999999595806003
-2.8971999681946013e-05,0.00019999999494757503
-2.896799968161505e-05,0.00015999999595806003
-2.896399968128409e-05,0.00019999999494757503
-2.8959999680953128e-05,0.00015999999595806003
-2.8955999680622167e-05,0.00019999999494757503
-2.8951999680291205e-05,0.00015999999595806003
-2.8947999679960244e-05,0.00015999999595806003
-2.8943999679629282e-05,0.00015999999595806003
-2.893999967929832e-05,0.00015999999595806003
-2.893599967896736e-05,0.00015999999595806003
-2.8931999678636398e-05,0.00019999999494757503
-2.8927999678305436e-05,0.00015999999595806003
-2.8923999677974475e-05,0.00015999999595806003
-2.8919999677643513e-05,0.00015999999595806003
-2.8915999677312552e-05,0.00015999999595806003
-2.891199967698159e-05,0.00015999999595806003
-2.890799967665063e-05,0.00015999999595806003
-2.8903999676319668e-05,0.00015999999595806003
-2.8899999675988706e-05,0.00015999999595806003
-2.8895999675657745e-05,0.00015999999595806003
-2.8891999675326783e-05,0.00019999999494757503
-2.888799967499582e-05,0.00015999999595806003
-2.888399967466486e-05,0.00019999999494757503
-2.88799996743339e-05,0.00019999999494757503
-2.8875999674002937e-05,0.00015999999595806003
-2.8871999673671976e-05,0.00015999999595806003
-2.8867999673341014e-05,0.00015999999595806003
-2.8863999673010053e-05,0.00015999999595806003
-2.885999967267909e-05,0.00015999999595806003
-2.885599967234813e-05,0.00015999999595806003
-2.8851999672017168e-05,0.00019999999494757503
-2.8847999671686207e-05,0.00015999999595806003
-2.8843999671355245e-05,0.00019999999494757503
-2.8839999671024284e-05,0.00015999999595806003
-2.8835999670693322e-05,0.00019999999494757503
-2.883199967036236e-05,0.00015999999595806003
-2.88279996700314e-05,0.00015999999595806003
-2.8823999669700438e-05,0.00015999999595806003
-2.8819999669369476e-05,0.00015999999595806003
-2.8815999669038515e-05,0.00015999999595806003
-2.8811999668707553e-05,0.00015999999595806003
-2.8807999668376592e-05,0.00015999999595806003
-2.880399966804563e-05,0.00015999999595806003
-2.879999966771467e-05,0.00015999999595806003
-2.8795999667383707e-05,0.00019999999494757503
-2.8791999667052746e-05,0.00015999999595806003
-2.8787999666721784e-05,0.00015999999595806003
-2.8783999666390823e-05,0.00015999999595806003
-2.877999966605986e-05,0.00019999999494757503
-2.87759996657289e-05,0.00015999999595806003
-2.877199966539794e-05,0.00019999999494757503
-2.8767999665066977e-05,0.00015999999595806003
-2.8763999664736016e-05,0.00019999999494757503
-2.8759999664405054e-05,0.00015999999595806003
-2.8755999664074093e-05,0.00019999999494757503
-2.875199966374313e-05,0.00015999999595806003
-2.874799966341217e-05,0.00015999999595806003
-2.8743999663081208e-05,0.00015999999595806003
-2.8739999662750247e-05,0.00015999999595806003
-2.8735999662419285e-05,0.00015999999595806003
-2.8731999662088324e-05,0.00015999999595806003
-2.8727999661757362e-05,0.00015999999595806003
-2.87239996614264e-05,0.00019999999494757503
-2.871999966109544e-05,0.00015999999595806003
-2.8715999660764478e-05,0.00019999999494757503
-2.8711999660433516e-05,0.00015999999595806003
-2.8707999660102555e-05,0.00015999999595806003
-2.8703999659771593e-05,0.00015999999595806003
-2.8699999659440632e-05,0.00015999999595806003
-2.869599965910967e-05,0.00011999999696854502
-2.869199965877871e-05,0.00015999999595806003
-2.8687999658447747e-05,0.00015999999595806003
-2.8683999658116786e-05,0.00019999999494757503
-2.8679999657785824e-05,0.00015999999595806003
-2.8675999657454863e-05,0.00019999999494757503
-2.86719996571239e-05,0.00015999999595806003
-2.866799965679294e-05,0.00019999999494757503
-2.866399965646198e-05,0.00015999999595806003
-2.8659999656131017e-05,0.00015999999595806003
-2.8655999655800056e-05,0.00015999999595806003
-2.8651999655469094e-05,0.00019999999494757503
-2.8647999655138133e-05,0.00015999999595806003
-2.864399965480717e-05,0.00015999999595806003
-2.863999965447621e-05,0.00015999999595806003
-2.8635999654145248e-05,0.00015999999595806003
-2.8631999653814287e-05,0.00015999999595806003
-2.8627999653483325e-05,0.00015999999595806003
-2.8623999653152364e-05,0.00015999999595806003
-2.8619999652821402e-05,0.00015999999595806003
-2.861599965249044e-05,0.00015999999595806003
-2.861199965215948e-05,0.00019999999494757503
-2.8607999651828518e-05,0.00015999999595806003
-2.8603999651497556e-05,0.00019999999494757503
-2.8599999651166595e-05,0.00015999999595806003
-2.8595999650835633e-05,0.00019999999494757503
-2.8591999650504672e-05,0.00015999999595806003
-2.858799965017371e-05,0.00015999999595806003
-2.858399964984275e-05,0.00015999999595806003
-2.8579999649511787e-05,0.00015999999595806003
-2.8575999649180826e-05,0.00015999999595806003
-2.8571999648849864e-05,0.00015999999595806003
-2.8567999648518903e-05,0.00015999999595806003
-2.856399964818794e-05,0.00019999999494757503
-2.855999964785698e-05,0.00015999999595806003
-2.855599964752602e-05,0.00019999999494757503
-2.8551999647195057e-05,0.00015999999595806003
-2.8547999646864095e-05,0.00019999999494757503
-2.8543999646533134e-05,0.00015999999595806003
-2.8539999646202172e-05,0.00015999999595806003
-2.853599964587121e-05,0.00015999999595806003
-2.853199964554025e-05,0.00015999999595806003
-2.8527999645209288e-05,0.00015999999595806003
-2.8523999644878327e-05,0.00015999999595806003
-2.8519999644547365e-05,0.00015999999595806003
-2.8515999644216404e-05,0.00015999999595806003
-2.8511999643885442e-05,0.00015999999595806003
-2.850799964355448e-05,0.00019999999494757503
-2.850399964322352e-05,0.00015999999595806003
-2.8499999642892558e-05,0.00019999999494757503
-2.8495999642561596e-05,0.00015999999595806003
-2.8491999642230635e-05,0.00019999999494757503
-2.8487999641899673e-05,0.00015999999595806003
-2.8483999641568712e-05,0.00019999999494757503
-2.847999964123775e-05,0.00015999999595806003
-2.847599964090679e-05,0.00019999999494757503
-2.8471999640575827e-05,0.00015999999595806003
-2.8467999640244866e-05,0.00015999999595806003
-2.8463999639913904e-05,0.00015999999595806003
-2.8459999639582943e-05,0.00015999999595806003
-2.845599963925198e-05,0.00015999999595806003
-2.845199963892102e-05,0.00015999999595806003
-2.844799963859006e-05,0.00015999999595806003
-2.8443999638259097e-05,0.00019999999494757503
-2.8439999637928135e-05,0.00015999999595806003
-2.8435999637597174e-05,0.00019999999494757503
-2.8431999637266212e-05,0.00019999999494757503
-2.842799963693525e-05,0.00015999999595806003
-2.842399963660429e-05,0.00015999999595806003
-2.8419999636273328e-05,0.00015999999595806003
-2.8415999635942366e-05,0.00015999999595806003
-2.8411999635611405e-05,0.00015999999595806003
-2.8407999635280444e-05,0.00015999999595806003
-2.8403999634949482e-05,0.00019999999494757503
-2.839999963461852e-05,0.00015999999595806003
-2.839599963428756e-05,0.00019999999494757503
-2.8391999633956598e-05,0.00015999999595806003
-2.8387999633625636e-05,0.00015999999595806003
-2.8383999633294675e-05,0.00015999999595806003
-2.8379999632963713e-05,0.00015999999595806003
-2.837599963263275e-05,0.00015999999595806003
-2.837199963230179e-05,0.00015999999595806003
-2.836799963197083e-05,0.00015999999595806003
-2.8363999631639867e-05,0.00015999999595806003
-2.8359999631308906e-05,0.00015999999595806003
-2.8355999630977944e-05,0.00015999999595806003
-2.8351999630646983e-05,0.00015999999595806003
-2.834799963031602e-05,0.00015999999595806003
-2.834399962998506e-05,0.00015999999595806003
-2.8339999629654098e-05,0.00015999999595806003
-2.8335999629323137e-05,0.00015999999595806003
-2.8331999628992175e-05,0.00015999999595806003
-2.8327999628661214e-05,0.00015999999595806003
-2.8323999628330252e-05,0.00015999999595806003
-2.831999962799929e-05,0.00015999999595806003
-2.831599962766833e-05,0.00015999999595806003
-2.8311999627337368e-05,0.00015999999595806003
-2.8307999627006406e-05,0.00015999999595806003
-2.8303999626675445e-05,0.00015999999595806003
-2.8299999626344483e-05,0.00015999999595806003
-2.8295999626013522e-05,0.00015999999595806003
-2.829199962568256e-05,0.00015999999595806003
-2.82879996253516e-05,0.00015999999595806003
-2.8283999625020638e-05,0.00015999999595806003
-2.8279999624689676e-05,0.00015999999595806003
-2.8275999624358715e-05,0.00015999999595806003
-2.8271999624027753e-05,0.00015999999595806003
-2.826799962369679e-05,0.00015999999595806003
-2.826399962336583e-05,0.00015999999595806003
-2.825999962303487e-05,0.00019999999494757503
-2.8255999622703907e-05,0.00015999999595806003
-2.8251999622372946e-05,0.00015999999595806003
-2.8247999622041984e-05,0.00011999999696854502
-2.8243999621711023e-05,0.00015999999595806003
-2.823999962138006e-05,0.00015999999595806003
-2.82359996210491e-05,0.00019999999494757503
-2.8231999620718138e-05,0.00015999999595806003
-2.8227999620387177e-05,0.00019999999494757503
-2.8223999620056215e-05,0.00015999999595806003
-2.8219999619725254e-05,0.00015999999595806003
-2.8215999619394292e-05,0.00015999999595806003
-2.821199961906333e-05,0.00019999999494757503
-2.820799961873237e-05,0.00015999999595806003
-2.8203999618401408e-05,0.00015999999595806003
-2.8199999618070446e-05,0.00015999999595806003
-2.8195999617739485e-05,0.00015999999595806003
-2.8191999617408523e-05,0.00015999999595806003
-2.8187999617077562e-05,0.00015999999595806003
-2.81839996167466e-05,0.00015999999595806003
-2.817999961641564e-05,0.00019999999494757503
-2.8175999616084677e-05,0.00015999999595806003
-2.8171999615753716e-05,0.00019999999494757503
-2.8167999615422754e-05,0.00015999999595806003
-2.8163999615091793e-05,0.00019999999494757503
-2.815999961476083e-05,0.00015999999595806003
-2.815599961442987e-05,0.00019999999494757503
-2.815199961409891e-05,0.00015999999595806003
-2.8147999613767947e-05,0.00015999999595806003
-2.8143999613436986e-05,0.00015999999595806003
-2.8139999613106024e-05,0.00015999999595806003
-2.8135999612775063e-05,0.00015999999595806003
-2.81319996124441e-05,0.00015999999595806003
-2.812799961211314e-05,0.00015999999595806003
-2.8123999611782178e-05,0.00015999999595806003
-2.8119999611451217e-05,0.00015999999595806003
-2.8115999611120255e-05,0.00019999999494757503
-2.8111999610789294e-05,0.00015999999595806003
-2.8107999610458332e-05,0.00019999999494757503
-2.810399961012737e-05,0.00015999999595806003
-2.809999960979641e-05,0.00015999999595806003
-2.8095999609465448e-05,0.00015999999595806003
-2.8091999609134486e-05,0.00015999999595806003
-2.8087999608803525e-05,0.00015999999595806003
-2.8083999608472563e-05,0.00015999999595806003
-2.8079999608141602e-05,0.00015999999595806003
-2.807599960781064e-05,0.00019999999494757503
-2.807199960747968e-05,0.00015999999595806003
-2.8067999607148717e-05,0.00015999999595806003
-2.8063999606817756e-05,0.00015999999595806003
-2.8059999606486794e-05,0.00015999999595806003
-2.8055999606155833e-05,0.00015999999595806003
-2.805199960582487e-05,0.00015999999595806003
-2.804799960549391e-05,0.00015999999595806003
-2.804399960516295e-05,0.00015999999595806003
-2.8039999604831987e-05,0.00015999999595806003
-2.8035999604501025e-05,0.00019999999494757503
-2.8031999604170064e-05,0.00015999999595806003
-2.8027999603839103e-05,0.00019999999494757503
-2.802399960350814e-05,0.00015999999595806003
-2.801999960317718e-05,0.00019999999494757503
-2.8015999602846218e-05,0.00015999999595806003
-2.8011999602515257e-05,0.00015999999595806003
-2.8007999602184295e-05,0.00015999999595806003
-2.8003999601853334e-05,0.00015999999595806003
-2.7999999601522372e-05,0.00015999999595806003
-2.799599960119141e-05,0.00015999999595806003
-2.799199960086045e-05,0.00015999999595806003
-2.7987999600529488e-05,0.00019999999494757503
-2.7983999600198526e-05,0.00019999999494757503
-2.7979999599867565e-05,0.00019999999494757503
-2.7975999599536603e-05,0.00015999999595806003
-2.7971999599205642e-05,0.00015999999595806003
-2.796799959887468e-05,0.00015999999595806003
-2.796399959854372e-05,0.00019999999494757503
-2.7959999598212757e-05,0.00015999999595806003
-2.7955999597881796e-05,0.00019999999494757503
-2.7951999597550834e-05,0.00015999999595806003
-2.7947999597219873e-05,0.00019999999494757503
-2.794399959688891e-05,0.00015999999595806003
-2.793999959655795e-05,0.00015999999595806003
-2.793599959622699e-05,0.00015999999595806003
-2.7931999595896027e-05,0.00015999999595806003
-2.7927999595565065e-05,0.00015999999595806003
-2.7923999595234104e-05,0.00015999999595806003
-2.7919999594903142e-05,0.00015999999595806003
-2.791599959457218e-05,0.00015999999595806003
-2.791199959424122e-05,0.00015999999595806003
-2.7907999593910258e-05,0.00015999999595806003
-2.7903999593579297e-05,0.00015999999595806003
-2.7899999593248335e-05,0.00019999999494757503
-2.7895999592917374e-05,0.00015999999595806003
-2.7891999592586412e-05,0.00015999999595806003
-2.788799959225545e-05,0.00015999999595806003
-2.788399959192449e-05,0.00015999999595806003
-2.7879999591593528e-05,0.00015999999595806003
-2.7875999591262566e-05,0.00015999999595806003
-2.7871999590931605e-05,0.00015999999595806003
-2.7867999590600643e-05,0.00019999999494757503
-2.786399959026968e-05,0.00015999999595806003
-2.785999958993872e-05,0.00019999999494757503
-2.785599958960776e-05,0.00015999999595806003
-2.7851999589276797e-05,0.00015999999595806003
-2.7847999588945836e-05,0.00015999999595806003
-2.7843999588614874e-05,0.00015999999595806003
-2.7839999588283913e-05,0.00015999999595806003
-2.783599958795295e-05,0.00015999999595806003
-2.783199958762199e-05,0.00015999999595806003
-2.782799958729103e-05,0.00015999999595806003
-2.7823999586960067e-05,0.00015999999595806003
-2.7819999586629105e-05,0.00015999999595806003
-2.7815999586298144e-05,0.00015999999595806003
-2.7811999585967182e-05,0.00019999999494757503
-2.780799958563622e-05,0.00015999999595806003
-2.780399958530526e-05,0.00019999999494757503
-2.7799999584974298e-05,0.00015999999595806003
-2.7795999584643336e-05,0.00015999999595806003
-2.7791999584312375e-05,0.00015999999595806003
-2.7787999583981413e-05,0.00019999999494757503
-2.7783999583650452e-05,0.00015999999595806003
-2.777999958331949e-05,0.00015999999595806003
-2.777599958298853e-05,0.00015999999595806003
-2.7771999582657568e-05,0.00019999999494757503
-2.7767999582326606e-05,0.00015999999595806003
-2.7763999581995645e-05,0.00015999999595806003
-2.7759999581664683e-05,0.00015999999595806003
-2.775599958133372e-05,0.00015999999595806003
-2.775199958100276e-05,0.00015999999595806003
-2.77479995806718e-05,0.00015999999595806003
-2.7743999580340837e-05,0.00015999999595806003
-2.7739999580009876e-05,0.00019999999494757503
-2.7735999579678914e-05,0.00015999999595806003
-2.7731999579347953e-05,0.00015999999595806003
-2.772799957901699e-05,0.00015999999595806003
-2.772399957868603e-05,0.00015999999595806003
-2.7719999578355068e-05,0.00015999999595806003
-2.7715999578024107e-05,0.00015999999595806003
-2.7711999577693145e-05,0.00015999999595806003
-2.7707999577362184e-05,0.00015999999595806003
-2.7703999577031222e-05,0.00015999999595806003
-2.769999957670026e-05,0.00019999999494757503
-2.76959995763693e-05,0.00015999999595806003
-2.7691999576038338e-05,0.00015999999595806003
-2.7687999575707376e-05,0.00015999999595806003
-2.7683999575376415e-05,0.00015999999595806003
-2.7679999575045453e-05,0.00015999999595806003
-2.7675999574714492e-05,0.00019999999494757503
-2.767199957438353e-05,0.00015999999595806003
-2.766799957405257e-05,0.00015999999595806003
-2.7663999573721607e-05,0.00015999999595806003
-2.7659999573390646e-05,0.00019999999494757503
-2.7655999573059685e-05,0.00015999999595806003
-2.7651999572728723e-05,0.00015999999595806003
-2.764799957239776e-05,0.00015999999595806003
-2.76439995720668e-05,0.00015999999595806003
-2.763999957173584e-05,0.00015999999595806003
-2.7635999571404877e-05,0.00019999999494757503
-2.7631999571073916e-05,0.00015999999595806003
-2.7627999570742954e-05,0.00019999999494757503
-2.7623999570411993e-05,0.00015999999595806003
-2.761999957008103e-05,0.00015999999595806003
-2.761599956975007e-05,0.00015999999595806003
-2.7611999569419108e-05,0.00015999999595806003
-2.7607999569088147e-05,0.00015999999595806003
-2.7603999568757185e-05,0.00015999999595806003
-2.7599999568426224e-05,0.00015999999595806003
-2.7595999568095262e-05,0.00015999999595806003
-2.75919995677643e-05,0.00015999999595806003
-2.758799956743334e-05,0.00019999999494757503
-2.7583999567102378e-05,0.00015999999595806003
-2.7579999566771416e-05,0.00015999999595806003
-2.7575999566440455e-05,0.00015999999595806003
-2.7571999566109493e-05,0.00015999999595806003
-2.7567999565778532e-05,0.00015999999595806003
-2.756399956544757e-05,0.00015999999595806003
-2.755999956511661e-05,0.00015999999595806003
-2.7555999564785647e-05,0.00019999999494757503
-2.7551999564454686e-05,0.00015999999595806003
-2.7547999564123724e-05,0.00019999999494757503
-2.7543999563792763e-05,0.00015999999595806003
-2.75399995634618e-05,0.00019999999494757503
-2.753599956313084e-05,0.00015999999595806003
-2.753199956279988e-05,0.00015999999595806003
-2.7527999562468917e-05,0.00015999999595806003
-2.7523999562137956e-05,0.00015999999595806003
-2.7519999561806994e-05,0.00015999999595806003
-2.7515999561476033e-05,0.00015999999595806003
-2.751199956114507e-05,0.00015999999595806003
-2.750799956081411e-05,0.00015999999595806003
-2.7503999560483148e-05,0.00015999999595806003
-2.7499999560152187e-05,0.00015999999595806003
-2.7495999559821225e-05,0.00015999999595806003
-2.7491999559490264e-05,0.00019999999494757503
-2.7487999559159302e-05,0.00015999999595806003
-2.748399955882834e-05,0.00015999999595806003
-2.747999955849738e-05,0.00015999999595806003
-2.7475999558166418e-05,0.00015999999595806003
-2.7471999557835456e-05,0.00015999999595806003
-2.7467999557504495e-05,0.00019999999494757503
-2.7463999557173533e-05,0.00015999999595806003
-2.7459999556842572e-05,0.00015999999595806003
-2.745599955651161e-05,0.00015999999595806003
-2.745199955618065e-05,0.00015999999595806003
-2.7447999555849687e-05,0.00015999999595806003
-2.7443999555518726e-05,0.00015999999595806003
-2.7439999555187764e-05,0.00015999999595806003
-2.7435999554856803e-05,0.00015999999595806003
-2.743199955452584e-05,0.00015999999595806003
-2.742799955419488e-05,0.00015999999595806003
-2.742399955386392e-05,0.00015999999595806003
-2.7419999553532957e-05,0.00019999999494757503
-2.7415999553201995e-05,0.00015999999595806003
-2.7411999552871034e-05,0.00019999999494757503
-2.7407999552540073e-05,0.00015999999595806003
-2.740399955220911e-05,0.00015999999595806003
-2.739999955187815e-05,0.00015999999595806003
-2.7395999551547188e-05,0.00015999999595806003
-2.7391999551216227e-05,0.00015999999595806003
-2.7387999550885265e-05,0.00015999999595806003
-2.7383999550554304e-05,0.00015999999595806003
-2.7379999550223342e-05,0.00019999999494757503
-2.737599954989238e-05,0.00015999999595806003
-2.737199954956142e-05,0.00015999999595806003
-2.7367999549230458e-05,0.00015999999595806003
-2.7363999548899496e-05,0.00015999999595806003
-2.7359999548568535e-05,0.00015999999595806003
-2.7355999548237573e-05,0.00015999999595806003
-2.7351999547906612e-05,0.00015999999595806003
-2.734799954757565e-05,0.00015999999595806003
-2.734399954724469e-05,0.00015999999595806003
-2.7339999546913727e-05,0.00015999999595806003
-2.7335999546582766e-05,0.00015999999595806003
-2.7331999546251804e-05,0.00019999999494757503
-2.7327999545920843e-05,0.00015999999595806003
-2.732399954558988e-05,0.00019999999494757503
-2.731999954525892e-05,0.00015999999595806003
-2.731599954492796e-05,0.00015999999595806003
-2.7311999544596997e-05,0.00015999999595806003
-2.7307999544266035e-05,0.00015999999595806003
-2.7303999543935074e-05,0.00015999999595806003
-2.7299999543604112e-05,0.00015999999595806003
-2.729599954327315e-05,0.00015999999595806003
-2.729199954294219e-05,0.00015999999595806003
-2.7287999542611228e-05,0.00015999999595806003
-2.7283999542280267e-05,0.00015999999595806003
-2.7279999541949305e-05,0.00015999999595806003
-2.7275999541618344e-05,0.00015999999595806003
-2.7271999541287382e-05,0.00015999999595806003
-2.726799954095642e-05,0.00019999999494757503
-2.726399954062546e-05,0.00015999999595806003
-2.7259999540294498e-05,0.00015999999595806003
-2.7255999539963536e-05,0.00015999999595806003
-2.7251999539632575e-05,0.00015999999595806003
-2.7247999539301613e-05,0.00015999999595806003
-2.724399953897065e-05,0.00015999999595806003
-2.723999953863969e-05,0.00015999999595806003
-2.723599953830873e-05,0.00015999999595806003
-2.7231999537977767e-05,0.00015999999595806003
-2.7227999537646806e-05,0.00019999999494757503
-2.7223999537315844e-05,0.00015999999595806003
-2.7219999536984883e-05,0.00015999999595806003
-2.721599953665392e-05,0.00015999999595806003
-2.721199953632296e-05,0.00015999999595806003
-2.7207999535992e-05,0.00015999999595806003
-2.7203999535661037e-05,0.00015999999595806003
-2.7199999535330075e-05,0.00015999999595806003
-2.7195999534999114e-05,0.00015999999595806003
-2.7191999534668152e-05,0.00015999999595806003
-2.718799953433719e-05,0.00019999999494757503
-2.718399953400623e-05,0.00015999999595806003
-2.7179999533675268e-05,0.00015999999595806003
-2.7175999533344306e-05,0.00015999999595806003
-2.7171999533013345e-05,0.00015999999595806003
-2.7167999532682383e-05,0.00015999999595806003
-2.7163999532351422e-05,0.00015999999595806003
-2.715999953202046e-05,0.00015999999595806003
-2.71559995316895e-05,0.00015999999595806003
-2.7151999531358538e-05,0.00015999999595806003
-2.7147999531027576e-05,0.00015999999595806003
-2.7143999530696615e-05,0.00015999999595806003
-2.7139999530365653e-05,0.00019999999494757503
-2.713599953003469e-05,0.00015999999595806003
-2.713199952970373e-05,0.00019999999494757503
-2.712799952937277e-05,0.00015999999595806003
-2.7123999529041807e-05,0.00015999999595806003
-2.7119999528710846e-05,0.00015999999595806003
-2.7115999528379884e-05,0.00015999999595806003
-2.7111999528048923e-05,0.00015999999595806003
-2.710799952771796e-05,0.00015999999595806003
-2.7103999527387e-05,0.00015999999595806003
-2.7099999527056038e-05,0.00019999999494757503
-2.7095999526725077e-05,0.00015999999595806003
-2.7091999526394115e-05,0.00019999999494757503
-2.7087999526063154e-05,0.00015999999595806003
-2.7083999525732192e-05,0.00019999999494757503
-2.707999952540123e-05,0.00015999999595806003
-2.707599952507027e-05,0.00015999999595806003
-2.7071999524739308e-05,0.00015999999595806003
-2.7067999524408346e-05,0.00015999999595806003
-2.7063999524077385e-05,0.00015999999595806003
-2.7059999523746423e-05,0.00015999999595806003
-2.7055999523415462e-05,0.00015999999595806003
-2.70519995230845e-05,0.00015999999595806003
-2.704799952275354e-05,0.00015999999595806003
-2.7043999522422577e-05,0.00015999999595806003
-2.7039999522091616e-05,0.00015999999595806003
-2.7035999521760654e-05,0.00015999999595806003
-2.7031999521429693e-05,0.00015999999595806003
-2.702799952109873e-05,0.00015999999595806003
-2.702399952076777e-05,0.00015999999595806003
-2.701999952043681e-05,0.00015999999595806003
-2.7015999520105847e-05,0.00015999999595806003
-2.7011999519774886e-05,0.00019999999494757503
-2.7007999519443924e-05,0.00019999999494757503
-2.7003999519112963e-05,0.00019999999494757503
-2.6999999518782e-05,0.00015999999595806003
-2.699599951845104e-05,0.00015999999595806003
-2.6991999518120078e-05,0.00015999999595806003
-2.6987999517789117e-05,0.00015999999595806003
-2.6983999517458155e-05,0.00015999999595806003
-2.6979999517127194e-05,0.00015999999595806003
-2.6975999516796232e-05,0.00015999999595806003
-2.697199951646527e-05,0.00019999999494757503
-2.696799951613431e-05,0.00015999999595806003
-2.6963999515803348e-05,0.00019999999494757503
-2.6959999515472386e-05,0.00019999999494757503
-2.6955999515141425e-05,0.00019999999494757503
-2.6951999514810463e-05,0.00015999999595806003
-2.6947999514479502e-05,0.00019999999494757503
-2.694399951414854e-05,0.00015999999595806003
-2.693999951381758e-05,0.00019999999494757503
-2.6935999513486617e-05,0.00015999999595806003
-2.6931999513155656e-05,0.00015999999595806003
-2.6927999512824694e-05,0.00015999999595806003
-2.6923999512493733e-05,0.00019999999494757503
-2.691999951216277e-05,0.00015999999595806003
-2.691599951183181e-05,0.00015999999595806003
-2.691199951150085e-05,0.00015999999595806003
-2.6907999511169887e-05,0.00019999999494757503
-2.6903999510838926e-05,0.00015999999595806003
-2.6899999510507964e-05,0.00015999999595806003
-2.6895999510177003e-05,0.00015999999595806003
-2.689199950984604e-05,0.00015999999595806003
-2.688799950951508e-05,0.00015999999595806003
-2.6883999509184118e-05,0.00019999999494757503
-2.6879999508853157e-05,0.00015999999595806003
-2.6875999508522195e-05,0.00015999999595806003
-2.6871999508191234e-05,0.00015999999595806003
-2.6867999507860272e-05,0.00015999999595806003
-2.686399950752931e-05,0.00015999999595806003
-2.685999950719835e-05,0.00019999999494757503
-2.6855999506867388e-05,0.00015999999595806003
-2.6851999506536426e-05,0.00019999999494757503
-2.6847999506205465e-05,0.00015999999595806003
-2.6843999505874503e-05,0.00019999999494757503
-2.6839999505543542e-05,0.00015999999595806003
-2.683599950521258e-05,0.00015999999595806003
-2.683199950488162e-05,0.00015999999595806003
-2.6827999504550657e-05,0.00015999999595806003
-2.6823999504219696e-05,0.00015999999595806003
-2.6819999503888734e-05,0.00019999999494757503
-2.6815999503557773e-05,0.00015999999595806003
-2.681199950322681e-05,0.00015999999595806003
-2.680799950289585e-05,0.00015999999595806003
-2.680399950256489e-05,0.00015999999595806003
-2.6799999502233927e-05,0.00015999999595806003
-2.6795999501902965e-05,0.00015999999595806003
-2.6791999501572004e-05,0.00015999999595806003
-2.6787999501241042e-05,0.00015999999595806003
-2.678399950091008e-05,0.00015999999595806003
-2.677999950057912e-05,0.00015999999595806003
-2.6775999500248158e-05,0.00015999999595806003
-2.6771999499917197e-05,0.00019999999494757503
-2.6767999499586235e-05,0.00015999999595806003
-2.6763999499255274e-05,0.00019999999494757503
-2.6759999498924312e-05,0.00015999999595806003
-2.675599949859335e-05,0.00015999999595806003
-2.675199949826239e-05,0.00015999999595806003
-2.6747999497931428e-05,0.00015999999595806003
-2.6743999497600466e-05,0.00015999999595806003
-2.6739999497269505e-05,0.00015999999595806003
-2.6735999496938543e-05,0.00015999999595806003
-2.6731999496607582e-05,0.00019999999494757503
-2.672799949627662e-05,0.00015999999595806003
-2.672399949594566e-05,0.00019999999494757503
-2.6719999495614697e-05,0.00015999999595806003
-2.6715999495283736e-05,0.00015999999595806003
-2.6711999494952774e-05,0.00015999999595806003
-2.6707999494621813e-05,0.00015999999595806003
-2.670399949429085e-05,0.00015999999595806003
-2.669999949395989e-05,0.00015999999595806003
-2.669599949362893e-05,0.00015999999595806003
-2.6691999493297967e-05,0.00019999999494757503
-2.6687999492967005e-05,0.00015999999595806003
-2.6683999492636044e-05,0.00019999999494757503
-2.6679999492305082e-05,0.00019999999494757503
-2.667599949197412e-05,0.00019999999494757503
-2.667199949164316e-05,0.00015999999595806003
-2.6667999491312198e-05,0.00015999999595806003
-2.6663999490981236e-05,0.00015999999595806003
-2.6659999490650275e-05,0.00015999999595806003
-2.6655999490319314e-05,0.00015999999595806003
-2.6651999489988352e-05,0.00015999999595806003
-2.664799948965739e-05,0.00015999999595806003
-2.664399948932643e-05,0.00019999999494757503
-2.6639999488995468e-05,0.00015999999595806003
-2.6635999488664506e-05,0.00015999999595806003
-2.6631999488333545e-05,0.00015999999595806003
-2.6627999488002583e-05,0.00015999999595806003
-2.662399948767162e-05,0.00015999999595806003
-2.661999948734066e-05,0.00015999999595806003
-2.66159994870097e-05,0.00015999999595806003
-2.6611999486678737e-05,0.00019999999494757503
-2.6607999486347776e-05,0.00015999999595806003
-2.6603999486016814e-05,0.00019999999494757503
-2.6599999485685853e-05,0.00015999999595806003
-2.659599948535489e-05,0.00019999999494757503
-2.659199948502393e-05,0.00015999999595806003
-2.6587999484692968e-05,0.00015999999595806003
-2.6583999484362007e-05,0.00015999999595806003
-2.6579999484031045e-05,0.00015999999595806003
-2.6575999483700084e-05,0.00015999999595806003
-2.6571999483369122e-05,0.00015999999595806003
-2.656799948303816e-05,0.00015999999595806003
-2.65639994827072e-05,0.00015999999595806003
-2.6559999482376238e-05,0.00015999999595806003
-2.6555999482045276e-05,0.00019999999494757503
-2.6551999481714315e-05,0.00015999999595806003
-2.6547999481383353e-05,0.00019999999494757503
-2.6543999481052392e-05,0.00015999999595806003
-2.653999948072143e-05,0.00019999999494757503
-2.653599948039047e-05,0.00015999999595806003
-2.6531999480059508e-05,0.00019999999494757503
-2.6527999479728546e-05,0.00015999999595806003
-2.6523999479397585e-05,0.00019999999494757503
-2.6519999479066623e-05,0.00015999999595806003
-2.651599947873566e-05,0.00015999999595806003
-2.65119994784047e-05,0.00015999999595806003
-2.650799947807374e-05,0.00015999999595806003
-2.6503999477742777e-05,0.00015999999595806003
-2.6499999477411816e-05,0.00015999999595806003
-2.6495999477080854e-05,0.00015999999595806003
-2.6491999476749893e-05,0.00019999999494757503
-2.648799947641893e-05,0.00019999999494757503
-2.648399947608797e-05,0.00019999999494757503
-2.6479999475757008e-05,0.00015999999595806003
-2.6475999475426047e-05,0.00019999999494757503
-2.6471999475095085e-05,0.00015999999595806003
-2.6467999474764124e-05,0.00019999999494757503
-2.6463999474433162e-05,0.00015999999595806003
-2.64599994741022e-05,0.00015999999595806003
-2.645599947377124e-05,0.00015999999595806003
-2.6451999473440278e-05,0.00015999999595806003
-2.6447999473109316e-05,0.00015999999595806003
-2.6443999472778355e-05,0.00015999999595806003
-2.6439999472447393e-05,0.00015999999595806003
-2.6435999472116432e-05,0.00019999999494757503
-2.643199947178547e-05,0.00015999999595806003
-2.642799947145451e-05,0.00015999999595806003
-2.6423999471123547e-05,0.00015999999595806003
-2.6419999470792586e-05,0.00019999999494757503
-2.6415999470461624e-05,0.00015999999595806003
-2.6411999470130663e-05,0.00019999999494757503
-2.64079994697997e-05,0.00015999999595806003
-2.640399946946874e-05,0.00019999999494757503
-2.639999946913778e-05,0.00015999999595806003
-2.6395999468806817e-05,0.00015999999595806003
-2.6391999468475856e-05,0.00015999999595806003
-2.6387999468144894e-05,0.00015999999595806003
-2.6383999467813933e-05,0.00015999999595806003
-2.637999946748297e-05,0.00015999999595806003
-2.637599946715201e-05,0.00015999999595806003
-2.6371999466821048e-05,0.00015999999595806003
-2.6367999466490087e-05,0.00015999999595806003
-2.6363999466159125e-05,0.00019999999494757503
-2.6359999465828164e-05,0.00019999999494757503
-2.6355999465497202e-05,0.00019999999494757503
-2.635199946516624e-05,0.00015999999595806003
-2.634799946483528e-05,0.00015999999595806003
-2.6343999464504318e-05,0.00015999999595806003
-2.6339999464173356e-05,0.00015999999595806003
-2.6335999463842395e-05,0.00015999999595806003
-2.6331999463511433e-05,0.00015999999595806003
-2.6327999463180472e-05,0.00015999999595806003
-2.632399946284951e-05,0.00015999999595806003
-2.631999946251855e-05,0.00015999999595806003
-2.6315999462187587e-05,0.00015999999595806003
-2.6311999461856626e-05,0.00015999999595806003
-2.6307999461525664e-05,0.00015999999595806003
-2.6303999461194703e-05,0.00015999999595806003
-2.629999946086374e-05,0.00015999999595806003
-2.629599946053278e-05,0.00015999999595806003
-2.629199946020182e-05,0.00015999999595806003
-2.6287999459870857e-05,0.00015999999595806003
-2.6283999459539896e-05,0.00015999999595806003
-2.6279999459208934e-05,0.00015999999595806003
-2.6275999458877973e-05,0.00015999999595806003
-2.627199945854701e-05,0.00015999999595806003
-2.626799945821605e-05,0.00019999999494757503
-2.6263999457885088e-05,0.00015999999595806003
-2.6259999457554127e-05,0.00015999999595806003
-2.6255999457223165e-05,0.00015999999595806003
-2.6251999456892204e-05,0.00019999999494757503
-2.6247999456561242e-05,0.00015999999595806003
-2.624399945623028e-05,0.00019999999494757503
-2.623999945589932e-05,0.00015999999595806003
-2.6235999455568358e-05,0.00015999999595806003
-2.6231999455237396e-05,0.00015999999595806003
-2.6227999454906435e-05,0.00015999999595806003
-2.6223999454575473e-05,0.00015999999595806003
-2.6219999454244512e-05,0.00015999999595806003
-2.621599945391355e-05,0.00015999999595806003
-2.621199945358259e-05,0.00019999999494757503
-2.6207999453251627e-05,0.00015999999595806003
-2.6203999452920666e-05,0.00015999999595806003
-2.6199999452589704e-05,0.00015999999595806003
-2.6195999452258743e-05,0.00019999999494757503
-2.619199945192778e-05,0.00015999999595806003
-2.618799945159682e-05,0.00015999999595806003
-2.618399945126586e-05,0.00015999999595806003
-2.6179999450934897e-05,0.00015999999595806003
-2.6175999450603935e-05,0.00011999999696854502
-2.6171999450272974e-05,0.00015999999595806003
-2.6167999449942012e-05,0.00015999999595806003
-2.616399944961105e-05,0.00019999999494757503
-2.615999944928009e-05,0.00015999999595806003
-2.6155999448949128e-05,0.00015999999595806003
-2.6151999448618167e-05,0.00015999999595806003
-2.6147999448287205e-05,0.00015999999595806003
-2.6143999447956244e-05,0.00015999999595806003
-2.6139999447625282e-05,0.00019999999494757503
-2.613599944729432e-05,0.00015999999595806003
-2.613199944696336e-05,0.00015999999595806003
-2.6127999446632398e-05,0.00015999999595806003
-2.6123999446301436e-05,0.00015999999595806003
-2.6119999445970475e-05,0.00015999999595806003
-2.6115999445639513e-05,0.00019999999494757503
-2.611199944530855e-05,0.00015999999595806003
-2.610799944497759e-05,0.00015999999595806003
-2.610399944464663e-05,0.00015999999595806003
-2.6099999444315667e-05,0.00015999999595806003
-2.6095999443984706e-05,0.00015999999595806003
-2.6091999443653744e-05,0.00015999999595806003
-2.6087999443322783e-05,0.00015999999595806003
-2.608399944299182e-05,0.00019999999494757503
-2.607999944266086e-05,0.00015999999595806003
-2.60759994423299e-05,0.00019999999494757503
-2.6071999441998937e-05,0.00015999999595806003
-2.6067999441667975e-05,0.00015999999595806003
-2.6063999441337014e-05,0.00015999999595806003
-2.6059999441006052e-05,0.00015999999595806003
-2.605599944067509e-05,0.00015999999595806003
-2.605199944034413e-05,0.00019999999494757503
-2.6047999440013168e-05,0.00015999999595806003
-2.6043999439682206e-05,0.00015999999595806003
-2.6039999439351245e-05,0.00015999999595806003
-2.6035999439020283e-05,0.00019999999494757503
-2.6031999438689322e-05,0.00015999999595806003
-2.602799943835836e-05,0.00019999999494757503
-2.60239994380274e-05,0.00015999999595806003
-2.6019999437696438e-05,0.00015999999595806003
-2.6015999437365476e-05,0.00015999999595806003
-2.6011999437034515e-05,0.00015999999595806003
-2.6007999436703553e-05,0.00015999999595806003
-2.600399943637259e-05,0.00015999999595806003
-2.599999943604163e-05,0.00015999999595806003
-2.599599943571067e-05,0.00019999999494757503
-2.5991999435379707e-05,0.00015999999595806003
-2.5987999435048746e-05,0.00019999999494757503
-2.5983999434717784e-05,0.00015999999595806003
-2.5979999434386823e-05,0.00019999999494757503
-2.597599943405586e-05,0.00015999999595806003
-2.59719994337249e-05,0.00019999999494757503
-2.5967999433393938e-05,0.00015999999595806003
-2.5963999433062977e-05,0.00019999999494757503
-2.5959999432732015e-05,0.00015999999595806003
-2.5955999432401054e-05,0.00015999999595806003
-2.5951999432070092e-05,0.00015999999595806003
-2.594799943173913e-05,0.00019999999494757503
-2.594399943140817e-05,0.00015999999595806003
-2.5939999431077208e-05,0.00015999999595806003
-2.5935999430746246e-05,0.00015999999595806003
-2.5931999430415285e-05,0.00019999999494757503
-2.5927999430084323e-05,0.00015999999595806003
-2.5923999429753362e-05,0.00019999999494757503
-2.59199994294224e-05,0.00015999999595806003
-2.591599942909144e-05,0.00019999999494757503
-2.5911999428760477e-05,0.00015999999595806003
-2.5907999428429516e-05,0.00019999999494757503
-2.5903999428098555e-05,0.00015999999595806003
-2.5899999427767593e-05,0.00015999999595806003
-2.589599942743663e-05,0.00015999999595806003
-2.589199942710567e-05,0.00015999999595806003
-2.588799942677471e-05,0.00011999999696854502
-2.5883999426443747e-05,0.00015999999595806003
-2.5879999426112786e-05,0.00015999999595806003
-2.5875999425781824e-05,0.00015999999595806003
-2.5871999425450863e-05,0.00015999999595806003
-2.58679994251199e-05,0.00019999999494757503
-2.586399942478894e-05,0.00015999999595806003
-2.5859999424457978e-05,0.00019999999494757503
-2.5855999424127017e-05,0.00015999999595806003
-2.5851999423796055e-05,0.00019999999494757503
-2.5847999423465094e-05,0.00015999999595806003
-2.5843999423134132e-05,0.00019999999494757503
-2.583999942280317e-05,0.00019999999494757503
-2.583599942247221e-05,0.00019999999494757503
-2.5831999422141248e-05,0.00015999999595806003
-2.5827999421810286e-05,0.00019999999494757503
-2.5823999421479325e-05,0.00015999999595806003
-2.5819999421148363e-05,0.00015999999595806003
-2.5815999420817402e-05,0.00015999999595806003
-2.581199942048644e-05,0.00015999999595806003
-2.580799942015548e-05,0.00015999999595806003
-2.5803999419824517e-05,0.00015999999595806003
-2.5799999419493556e-05,0.00015999999595806003
-2.5795999419162594e-05,0.00019999999494757503
-2.5791999418831633e-05,0.00015999999595806003
-2.578799941850067e-05,0.00019999999494757503
-2.578399941816971e-05,0.00015999999595806003
-2.577999941783875e-05,0.00015999999595806003
-2.5775999417507787e-05,0.00015999999595806003
-2.5771999417176826e-05,0.00015999999595806003
-2.5767999416845864e-05,0.00015999999595806003
-2.5763999416514903e-05,0.00015999999595806003
-2.575999941618394e-05,0.00015999999595806003
-2.575599941585298e-05,0.00019999999494757503
-2.5751999415522018e-05,0.00015999999595806003
-2.5747999415191057e-05,0.00015999999595806003
-2.5743999414860095e-05,0.00015999999595806003
-2.5739999414529134e-05,0.00019999999494757503
-2.5735999414198172e-05,0.00015999999595806003
-2.573199941386721e-05,0.00015999999595806003
-2.572799941353625e-05,0.00015999999595806003
-2.5723999413205288e-05,0.00015999999595806003
-2.5719999412874326e-05,0.00015999999595806003
-2.5715999412543365e-05,0.00019999999494757503
-2.5711999412212403e-05,0.00015999999595806003
-2.5707999411881442e-05,0.00019999999494757503
-2.570399941155048e-05,0.00015999999595806003
-2.569999941121952e-05,0.00019999999494757503
-2.5695999410888557e-05,0.00015999999595806003
-2.5691999410557596e-05,0.00015999999595806003
-2.5687999410226634e-05,0.00015999999595806003
-2.5683999409895673e-05,0.00015999999595806003
-2.567999940956471e-05,0.00015999999595806003
-2.567599940923375e-05,0.00019999999494757503
-2.567199940890279e-05,0.00019999999494757503
-2.5667999408571827e-05,0.00019999999494757503
-2.5663999408240865e-05,0.00015999999595806003
-2.5659999407909904e-05,0.00015999999595806003
-2.5655999407578943e-05,0.00015999999595806003
-2.565199940724798e-05,0.00015999999595806003
-2.564799940691702e-05,0.00015999999595806003
-2.5643999406586058e-05,0.00019999999494757503
-2.5639999406255097e-05,0.00015999999595806003
-2.5635999405924135e-05,0.00015999999595806003
-2.5631999405593174e-05,0.00015999999595806003
-2.5627999405262212e-05,0.00019999999494757503
-2.562399940493125e-05,0.00015999999595806003
-2.561999940460029e-05,0.00019999999494757503
-2.5615999404269328e-05,0.00015999999595806003
-2.5611999403938366e-05,0.00015999999595806003
-2.5607999403607405e-05,0.00015999999595806003
-2.5603999403276443e-05,0.00015999999595806003
-2.5599999402945482e-05,0.00015999999595806003
-2.559599940261452e-05,0.00019999999494757503
-2.559199940228356e-05,0.00015999999595806003
-2.5587999401952597e-05,0.00015999999595806003
-2.5583999401621636e-05,0.00015999999595806003
-2.5579999401290674e-05,0.00015999999595806003
-2.5575999400959713e-05,0.00015999999595806003
-2.557199940062875e-05,0.00015999999595806003
-2.556799940029779e-05,0.00015999999595806003
-2.556399939996683e-05,0.00015999999595806003
-2.5559999399635867e-05,0.00015999999595806003
-2.5555999399304905e-05,0.00019999999494757503
-2.5551999398973944e-05,0.00015999999595806003
-2.5547999398642982e-05,0.00019999999494757503
-2.554399939831202e-05,0.00015999999595806003
-2.553999939798106e-05,0.00015999999595806003
-2.5535999397650098e-05,0.00015999999595806003
-2.5531999397319137e-05,0.00015999999595806003
-2.5527999396988175e-05,0.00015999999595806003
-2.5523999396657214e-05,0.00015999999595806003
-2.5519999396326252e-05,0.00015999999595806003
-2.551599939599529e-05,0.00015999999595806003
-2.551199939566433e-05,0.00015999999595806003
-2.5507999395333368e-05,0.00015999999595806003
-2.5503999395002406e-05,0.00015999999595806003
-2.5499999394671445e-05,0.00015999999595806003
-2.5495999394340483e-05,0.00015999999595806003
-2.549199939400952e-05,0.00015999999595806003
-2.548799939367856e-05,0.00015999999595806003
-2.54839993933476e-05,0.00019999999494757503
-2.5479999393016637e-05,0.00015999999595806003
-2.5475999392685676e-05,0.00019999999494757503
-2.5471999392354714e-05,0.00015999999595806003
-2.5467999392023753e-05,0.00019999999494757503
-2.546399939169279e-05,0.00015999999595806003
-2.545999939136183e-05,0.00015999999595806003
-2.545599939103087e-05,0.00015999999595806003
-2.5451999390699907e-05,0.00015999999595806003
-2.5447999390368945e-05,0.00011999999696854502
-2.5443999390037984e-05,0.00015999999595806003
-2.5439999389707022e-05,0.00015999999595806003
-2.543599938937606e-05,0.00019999999494757503
-2.54319993890451e-05,0.00015999999595806003
-2.5427999388714138e-05,0.00019999999494757503
-2.5423999388383176e-05,0.00015999999595806003
-2.5419999388052215e-05,0.00015999999595806003
-2.5415999387721253e-05,0.00015999999595806003
-2.5411999387390292e-05,0.00015999999595806003
-2.540799938705933e-05,0.00015999999595806003
-2.540399938672837e-05,0.00015999999595806003
-2.5399999386397408e-05,0.00015999999595806003
-2.5395999386066446e-05,0.00019999999494757503
-2.5391999385735485e-05,0.00015999999595806003
-2.5387999385404523e-05,0.00019999999494757503
-2.538399938507356e-05,0.00015999999595806003
-2.53799993847426e-05,0.00015999999595806003
-2.537599938441164e-05,0.00015999999595806003
-2.5371999384080677e-05,0.00015999999595806003
-2.5367999383749716e-05,0.00015999999595806003
-2.5363999383418754e-05,0.00019999999494757503
-2.5359999383087793e-05,0.00015999999595806003
-2.535599938275683e-05,0.00015999999595806003
-2.535199938242587e-05,0.00015999999595806003
-2.5347999382094908e-05,0.00015999999595806003
-2.5343999381763947e-05,0.00015999999595806003
-2.5339999381432985e-05,0.00019999999494757503
-2.5335999381102024e-05,0.00015999999595806003
-2.5331999380771062e-05,0.00019999999494757503
-2.53279993804401e-05,0.00015999999595806003
-2.532399938010914e-05,0.00015999999595806003
-2.5319999379778178e-05,0.00015999999595806003
-2.5315999379447216e-05,0.00015999999595806003
-2.5311999379116255e-05,0.00015999999595806003
-2.5307999378785293e-05,0.00019999999494757503
-2.5303999378454332e-05,0.00015999999595806003
-2.529999937812337e-05,0.00015999999595806003
-2.529599937779241e-05,0.00015999999595806003
-2.5291999377461447e-05,0.00015999999595806003
-2.5287999377130486e-05,0.00015999999595806003
-2.5283999376799525e-05,0.00015999999595806003
-2.5279999376468563e-05,0.00015999999595806003
-2.52759993761376e-05,0.00019999999494757503
-2.527199937580664e-05,0.00015999999595806003
-2.526799937547568e-05,0.00019999999494757503
-2.5263999375144717e-05,0.00015999999595806003
-2.5259999374813756e-05,0.00019999999494757503
-2.5255999374482794e-05,0.00015999999595806003
-2.5251999374151833e-05,0.00019999999494757503
-2.524799937382087e-05,0.00015999999595806003
-2.524399937348991e-05,0.00015999999595806003
-2.5239999373158948e-05,0.00015999999595806003
-2.5235999372827987e-05,0.00015999999595806003
-2.5231999372497025e-05,0.00015999999595806003
-2.5227999372166064e-05,0.00015999999595806003
-2.5223999371835102e-05,0.00015999999595806003
-2.521999937150414e-05,0.00015999999595806003
-2.521599937117318e-05,0.00015999999595806003
-2.5211999370842218e-05,0.00019999999494757503
-2.5207999370511256e-05,0.00015999999595806003
-2.5203999370180295e-05,0.00015999999595806003
-2.5199999369849333e-05,0.00015999999595806003
-2.5195999369518372e-05,0.00019999999494757503
-2.519199936918741e-05,0.00015999999595806003
-2.518799936885645e-05,0.00019999999494757503
-2.5183999368525487e-05,0.00015999999595806003
-2.5179999368194526e-05,0.00015999999595806003
-2.5175999367863564e-05,0.00015999999595806003
-2.5171999367532603e-05,0.00015999999595806003
-2.516799936720164e-05,0.00015999999595806003
-2.516399936687068e-05,0.00015999999595806003
-2.515999936653972e-05,0.00015999999595806003
-2.5155999366208757e-05,0.00015999999595806003
-2.5151999365877796e-05,0.00015999999595806003
-2.5147999365546834e-05,0.00019999999494757503
-2.5143999365215873e-05,0.00015999999595806003
-2.513999936488491e-05,0.00019999999494757503
-2.513599936455395e-05,0.00015999999595806003
-2.5131999364222988e-05,0.00015999999595806003
-2.5127999363892027e-05,0.00015999999595806003
-2.5123999363561065e-05,0.00015999999595806003
-2.5119999363230104e-05,0.00015999999595806003
-2.5115999362899142e-05,0.00019999999494757503
-2.511199936256818e-05,0.00015999999595806003
-2.510799936223722e-05,0.00019999999494757503
-2.5103999361906258e-05,0.00015999999595806003
-2.5099999361575296e-05,0.00019999999494757503
-2.5095999361244335e-05,0.00015999999595806003
-2.5091999360913373e-05,0.00019999999494757503
-2.5087999360582412e-05,0.00015999999595806003
-2.508399936025145e-05,0.00015999999595806003
-2.507999935992049e-05,0.00015999999595806003
-2.5075999359589527e-05,0.00019999999494757503
-2.5071999359258566e-05,0.00015999999595806003
-2.5067999358927604e-05,0.00015999999595806003
-2.5063999358596643e-05,0.00015999999595806003
-2.505999935826568e-05,0.00015999999595806003
-2.505599935793472e-05,0.00015999999595806003
-2.505199935760376e-05,0.00015999999595806003
-2.5047999357272797e-05,0.00011999999696854502
-2.5043999356941835e-05,0.00015999999595806003
-2.5039999356610874e-05,0.00015999999595806003
-2.5035999356279912e-05,0.00015999999595806003
-2.503199935594895e-05,0.00015999999595806003
-2.502799935561799e-05,0.00019999999494757503
-2.5023999355287028e-05,0.00015999999595806003
-2.5019999354956067e-05,0.00019999999494757503
-2.5015999354625105e-05,0.00015999999595806003
-2.5011999354294144e-05,0.00019999999494757503
-2.5007999353963182e-05,0.00015999999595806003
-2.500399935363222e-05,0.00015999999595806003
-2.499999935330126e-05,0.00015999999595806003
-2.4995999352970298e-05,0.00015999999595806003
-2.4991999352639336e-05,0.00015999999595806003
-2.4987999352308375e-05,0.00015999999595806003
-2.4983999351977413e-05,0.00015999999595806003
-2.4979999351646452e-05,0.00019999999494757503
-2.497599935131549e-05,0.00015999999595806003
-2.497199935098453e-05,0.00019999999494757503
-2.4967999350653567e-05,0.00015999999595806003
-2.4963999350322606e-05,0.00015999999595806003
-2.4959999349991644e-05,0.00015999999595806003
-2.4955999349660683e-05,0.00015999999595806003
-2.495199934932972e-05,0.00015999999595806003
-2.494799934899876e-05,0.00019999999494757503
-2.49439993486678e-05,0.00015999999595806003
-2.4939999348336837e-05,0.00015999999595806003
-2.4935999348005875e-05,0.00015999999595806003
-2.4931999347674914e-05,0.00019999999494757503
-2.4927999347343952e-05,0.00015999999595806003
-2.492399934701299e-05,0.00015999999595806003
-2.491999934668203e-05,0.00015999999595806003
-2.4915999346351068e-05,0.00015999999595806003
-2.4911999346020106e-05,0.00015999999595806003
-2.4907999345689145e-05,0.00015999999595806003
-2.4903999345358184e-05,0.00015999999595806003
-2.4899999345027222e-05,0.00015999999595806003
-2.489599934469626e-05,0.00015999999595806003
-2.48919993443653e-05,0.00019999999494757503
-2.4887999344034338e-05,0.00015999999595806003
-2.4883999343703376e-05,0.00015999999595806003
-2.4879999343372415e-05,0.00015999999595806003
-2.4875999343041453e-05,0.00015999999595806003
-2.487199934271049e-05,0.00015999999595806003
-2.486799934237953e-05,0.00019999999494757503
-2.486399934204857e-05,0.00015999999595806003
-2.4859999341717607e-05,0.00019999999494757503
-2.4855999341386646e-05,0.00015999999595806003
-2.4851999341055684e-05,0.00015999999595806003
-2.4847999340724723e-05,0.00015999999595806003
-2.484399934039376e-05,0.00015999999595806003
-2.48399993400628e-05,0.00015999999595806003
-2.4835999339731838e-05,0.00015999999595806003
-2.4831999339400877e-05,0.00015999999595806003
-2.4827999339069915e-05,0.00019999999494757503
-2.4823999338738954e-05,0.00015999999595806003
-2.4819999338407992e-05,0.00019999999494757503
-2.481599933807703e-05,0.00015999999595806003
-2.481199933774607e-05,0.00019999999494757503
-2.4807999337415108e-05,0.00015999999595806003
-2.4803999337084146e-05,0.00015999999595806003
-2.4799999336753185e-05,0.00015999999595806003
-2.4795999336422223e-05,0.00015999999595806003
-2.4791999336091262e-05,0.00015999999595806003
-2.47879993357603e-05,0.00015999999595806003
-2.478399933542934e-05,0.00015999999595806003
-2.4779999335098378e-05,0.00019999999494757503
-2.4775999334767416e-05,0.00015999999595806003
-2.4771999334436455e-05,0.00019999999494757503
-2.4767999334105493e-05,0.00015999999595806003
-2.476399933377453e-05,0.00015999999595806003
-2.475999933344357e-05,0.00015999999595806003
-2.475599933311261e-05,0.00015999999595806003
-2.4751999332781647e-05,0.00015999999595806003
-2.4747999332450686e-05,0.00019999999494757503
-2.4743999332119724e-05,0.00015999999595806003
-2.4739999331788763e-05,0.00019999999494757503
-2.47359993314578e-05,0.00015999999595806003
-2.473199933112684e-05,0.00015999999595806003
-2.4727999330795878e-05,0.00015999999595806003
-2.4723999330464917e-05,0.00019999999494757503
-2.4719999330133955e-05,0.00015999999595806003
-2.4715999329802994e-05,0.00015999999595806003
-2.4711999329472032e-05,0.00015999999595806003
-2.470799932914107e-05,0.00015999999595806003
-2.470399932881011e-05,0.00015999999595806003
-2.4699999328479148e-05,0.00015999999595806003
-2.4695999328148186e-05,0.00015999999595806003
-2.4691999327817225e-05,0.00015999999595806003
-2.4687999327486263e-05,0.00015999999595806003
-2.4683999327155302e-05,0.00015999999595806003
-2.467999932682434e-05,0.00015999999595806003
-2.467599932649338e-05,0.00015999999595806003
-2.4671999326162417e-05,0.00015999999595806003
-2.4667999325831456e-05,0.00015999999595806003
-2.4663999325500494e-05,0.00015999999595806003
-2.4659999325169533e-05,0.00019999999494757503
-2.465599932483857e-05,0.00015999999595806003
-2.465199932450761e-05,0.00019999999494757503
-2.464799932417665e-05,0.00015999999595806003
-2.4643999323845687e-05,0.00015999999595806003
-2.4639999323514726e-05,0.00015999999595806003
-2.4635999323183764e-05,0.00015999999595806003
-2.4631999322852803e-05,0.00015999999595806003
-2.462799932252184e-05,0.00015999999595806003
-2.462399932219088e-05,0.00015999999595806003
-2.4619999321859918e-05,0.00019999999494757503
-2.4615999321528957e-05,0.00019999999494757503
-2.4611999321197995e-05,0.00019999999494757503
-2.4607999320867034e-05,0.00015999999595806003
-2.4603999320536072e-05,0.00019999999494757503
-2.459999932020511e-05,0.00015999999595806003
-2.459599931987415e-05,0.00019999999494757503
-2.4591999319543188e-05,0.00015999999595806003
-2.4587999319212226e-05,0.00015999999595806003
-2.4583999318881265e-05,0.00015999999595806003
-2.4579999318550303e-05,0.00019999999494757503
-2.4575999318219342e-05,0.00015999999595806003
-2.457199931788838e-05,0.00015999999595806003
-2.456799931755742e-05,0.00011999999696854502
-2.4563999317226457e-05,0.00019999999494757503
-2.4559999316895496e-05,0.00015999999595806003
-2.4555999316564534e-05,0.00015999999595806003
-2.4551999316233573e-05,0.00015999999595806003
-2.454799931590261e-05,0.00019999999494757503
-2.454399931557165e-05,0.00015999999595806003
-2.453999931524069e-05,0.00019999999494757503
-2.4535999314909727e-05,0.00015999999595806003
-2.4531999314578766e-05,0.00019999999494757503
-2.4527999314247804e-05,0.00015999999595806003
-2.4523999313916843e-05,0.00019999999494757503
-2.451999931358588e-05,0.00015999999595806003
-2.451599931325492e-05,0.00015999999595806003
-2.4511999312923958e-05,0.00015999999595806003
-2.4507999312592997e-05,0.00015999999595806003
-2.4503999312262035e-05,0.00015999999595806003
-2.4499999311931074e-05,0.00015999999595806003
-2.4495999311600112e-05,0.00015999999595806003
-2.449199931126915e-05,0.00019999999494757503
-2.448799931093819e-05,0.00015999999595806003
-2.4483999310607228e-05,0.00015999999595806003
-2.4479999310276266e-05,0.00015999999595806003
-2.4475999309945305e-05,0.00015999999595806003
-2.4471999309614343e-05,0.00015999999595806003
-2.4467999309283382e-05,0.00019999999494757503
-2.446399930895242e-05,0.00019999999494757503
-2.445999930862146e-05,0.00019999999494757503
-2.4455999308290497e-05,0.00015999999595806003
-2.4451999307959536e-05,0.00019999999494757503
-2.4447999307628574e-05,0.00015999999595806003
-2.4443999307297613e-05,0.00015999999595806003
-2.443999930696665e-05,0.00015999999595806003
-2.443599930663569e-05,0.00015999999595806003
-2.443199930630473e-05,0.00015999999595806003
-2.4427999305973767e-05,0.00019999999494757503
-2.4423999305642805e-05,0.00015999999595806003
-2.4419999305311844e-05,0.00019999999494757503
-2.4415999304980882e-05,0.00015999999595806003
-2.441199930464992e-05,0.00019999999494757503
-2.440799930431896e-05,0.00015999999595806003
-2.4403999303987998e-05,0.00015999999595806003
-2.4399999303657037e-05,0.00015999999595806003
-2.4395999303326075e-05,0.00015999999595806003
-2.4391999302995114e-05,0.00015999999595806003
-2.4387999302664152e-05,0.00015999999595806003
-2.438399930233319e-05,0.00015999999595806003
-2.437999930200223e-05,0.00019999999494757503
-2.4375999301671268e-05,0.00015999999595806003
-2.4371999301340306e-05,0.00019999999494757503
-2.4367999301009345e-05,0.00015999999595806003
-2.4363999300678383e-05,0.00019999999494757503
-2.4359999300347422e-05,0.00015999999595806003
-2.435599930001646e-05,0.00015999999595806003
-2.43519992996855e-05,0.00011999999696854502
-2.4347999299354537e-05,0.00015999999595806003
-2.4343999299023576e-05,0.00015999999595806003
-2.4339999298692614e-05,0.00019999999494757503
-2.4335999298361653e-05,0.00019999999494757503
-2.433199929803069e-05,0.00019999999494757503
-2.432799929769973e-05,0.00015999999595806003
-2.432399929736877e-05,0.00019999999494757503
-2.4319999297037807e-05,0.00015999999595806003
-2.4315999296706845e-05,0.00015999999595806003
-2.4311999296375884e-05,0.00015999999595806003
-2.4307999296044922e-05,0.00015999999595806003
-2.430399929571396e-05,0.00015999999595806003
-2.4299999295383e-05,0.00015999999595806003
-2.4295999295052038e-05,0.00015999999595806003
-2.4291999294721076e-05,0.00019999999494757503
-2.4287999294390115e-05,0.00015999999595806003
-2.4283999294059154e-05,0.00015999999595806003
-2.4279999293728192e-05,0.00015999999595806003
-2.427599929339723e-05,0.00015999999595806003
-2.427199929306627e-05,0.00015999999595806003
-2.4267999292735308e-05,0.00015999999595806003
-2.4263999292404346e-05,0.00015999999595806003
-2.4259999292073385e-05,0.00015999999595806003
-2.4255999291742423e-05,0.00015999999595806003
-2.425199929141146e-05,0.00015999999595806003
-2.42479992910805e-05,0.00015999999595806003
-2.424399929074954e-05,0.00019999999494757503
-2.4239999290418577e-05,0.00015999999595806003
-2.4235999290087616e-05,0.00019999999494757503
-2.4231999289756654e-05,0.00015999999595806003
-2.4227999289425693e-05,0.00015999999595806003
-2.422399928909473e-05,0.00015999999595806003
-2.421999928876377e-05,0.00015999999595806003
-2.4215999288432808e-05,0.00015999999595806003
-2.4211999288101847e-05,0.00019999999494757503
-2.4207999287770885e-05,0.00015999999595806003
-2.4203999287439924e-05,0.00019999999494757503
-2.4199999287108962e-05,0.00015999999595806003
-2.4195999286778e-05,0.00015999999595806003
-2.419199928644704e-05,0.00015999999595806003
-2.4187999286116078e-05,0.00015999999595806003
-2.4183999285785116e-05,0.00015999999595806003
-2.4179999285454155e-05,0.00015999999595806003
-2.4175999285123193e-05,0.00015999999595806003
-2.4171999284792232e-05,0.00019999999494757503
-2.416799928446127e-05,0.00015999999595806003
-2.416399928413031e-05,0.00015999999595806003
-2.4159999283799348e-05,0.00015999999595806003
-2.4155999283468386e-05,0.00015999999595806003
-2.4151999283137425e-05,0.00015999999595806003
-2.4147999282806463e-05,0.00015999999595806003
-2.41439992824755e-05,0.00015999999595806003
-2.413999928214454e-05,0.00019999999494757503
-2.413599928181358e-05,0.00015999999595806003
-2.4131999281482617e-05,0.00019999999494757503
-2.4127999281151656e-05,0.00015999999595806003
-2.4123999280820694e-05,0.00015999999595806003
-2.4119999280489733e-05,0.00015999999595806003
-2.411599928015877e-05,0.00019999999494757503
-2.411199927982781e-05,0.00015999999595806003
-2.4107999279496848e-05,0.00015999999595806003
-2.4103999279165887e-05,0.00015999999595806003
-2.4099999278834925e-05,0.00019999999494757503
-2.4095999278503964e-05,0.00015999999595806003
-2.4091999278173002e-05,0.00019999999494757503
-2.408799927784204e-05,0.00015999999595806003
-2.408399927751108e-05,0.00019999999494757503
-2.4079999277180118e-05,0.00015999999595806003
-2.4075999276849156e-05,0.00019999999494757503
-2.4071999276518195e-05,0.00015999999595806003
-2.4067999276187233e-05,0.00015999999595806003
-2.4063999275856272e-05,0.00015999999595806003
-2.405999927552531e-05,0.00019999999494757503
-2.405599927519435e-05,0.00015999999595806003
-2.4051999274863387e-05,0.00019999999494757503
-2.4047999274532426e-05,0.00015999999595806003
-2.4043999274201464e-05,0.00015999999595806003
-2.4039999273870503e-05,0.00015999999595806003
-2.403599927353954e-05,0.00015999999595806003
-2.403199927320858e-05,0.00015999999595806003
-2.402799927287762e-05,0.00019999999494757503
-2.4023999272546657e-05,0.00015999999595806003
-2.4019999272215696e-05,0.00019999999494757503
-2.4015999271884734e-05,0.00015999999595806003
-2.4011999271553773e-05,0.00019999999494757503
-2.400799927122281e-05,0.00015999999595806003
-2.400399927089185e-05,0.00015999999595806003
-2.3999999270560888e-05,0.00015999999595806003
-2.3995999270229927e-05,0.00015999999595806003
-2.3991999269898965e-05,0.00015999999595806003
-2.3987999269568004e-05,0.00015999999595806003
-2.3983999269237042e-05,0.00015999999595806003
-2.397999926890608e-05,0.00015999999595806003
-2.397599926857512e-05,0.00015999999595806003
-2.3971999268244158e-05,0.00019999999494757503
-2.3967999267913196e-05,0.00015999999595806003
-2.3963999267582235e-05,0.00019999999494757503
-2.3959999267251273e-05,0.00015999999595806003
-2.3955999266920312e-05,0.00015999999595806003
-2.395199926658935e-05,0.00015999999595806003
-2.394799926625839e-05,0.00015999999595806003
-2.3943999265927427e-05,0.00015999999595806003
-2.3939999265596466e-05,0.00019999999494757503
-2.3935999265265504e-05,0.00015999999595806003
-2.3931999264934543e-05,0.00019999999494757503
-2.392799926460358e-05,0.00015999999595806003
-2.392399926427262e-05,0.00019999999494757503
-2.391999926394166e-05,0.00015999999595806003
-2.3915999263610697e-05,0.00015999999595806003
-2.3911999263279735e-05,0.00015999999595806003
-2.3907999262948774e-05,0.00015999999595806003
-2.3903999262617813e-05,0.00015999999595806003
-2.389999926228685e-05,0.00015999999595806003
-2.389599926195589e-05,0.00015999999595806003
-2.3891999261624928e-05,0.00015999999595806003
-2.3887999261293967e-05,0.00015999999595806003
-2.3883999260963005e-05,0.00019999999494757503
-2.3879999260632044e-05,0.00015999999595806003
-2.3875999260301082e-05,0.00019999999494757503
-2.387199925997012e-05,0.00015999999595806003
-2.386799925963916e-05,0.00015999999595806003
-2.3863999259308198e-05,0.00015999999595806003
-2.3859999258977236e-05,0.00019999999494757503
-2.3855999258646275e-05,0.00015999999595806003
-2.3851999258315313e-05,0.00015999999595806003
-2.3847999257984352e-05,0.00015999999595806003
-2.384399925765339e-05,0.00019999999494757503
-2.383999925732243e-05,0.00015999999595806003
-2.3835999256991467e-05,0.00019999999494757503
-2.3831999256660506e-05,0.00015999999595806003
-2.3827999256329544e-05,0.00015999999595806003
-2.3823999255998583e-05,0.00015999999595806003
-2.381999925566762e-05,0.00015999999595806003
-2.381599925533666e-05,0.00015999999595806003
-2.38119992550057e-05,0.00015999999595806003
-2.3807999254674737e-05,0.00015999999595806003
-2.3803999254343775e-05,0.00019999999494757503
-2.3799999254012814e-05,0.00015999999595806003
-2.3795999253681852e-05,0.00015999999595806003
-2.379199925335089e-05,0.00015999999595806003
-2.378799925301993e-05,0.00015999999595806003
-2.3783999252688968e-05,0.00015999999595806003
-2.3779999252358007e-05,0.00015999999595806003
-2.3775999252027045e-05,0.00015999999595806003
-2.3771999251696084e-05,0.00015999999595806003
-2.3767999251365122e-05,0.00015999999595806003
-2.376399925103416e-05,0.00019999999494757503
-2.37599992507032e-05,0.00015999999595806003
-2.3755999250372238e-05,0.00019999999494757503
-2.3751999250041276e-05,0.00015999999595806003
-2.3747999249710315e-05,0.00015999999595806003
-2.3743999249379353e-05,0.00015999999595806003
-2.373999924904839e-05,0.00019999999494757503
-2.373599924871743e-05,0.00015999999595806003
-2.373199924838647e-05,0.00015999999595806003
-2.3727999248055507e-05,0.00015999999595806003
-2.3723999247724546e-05,0.00015999999595806003
-2.3719999247393584e-05,0.00015999999595806003
-2.3715999247062623e-05,0.00019999999494757503
-2.371199924673166e-05,0.00015999999595806003
-2.37079992464007e-05,0.00015999999595806003
-2.370399924606974e-05,0.00015999999595806003
-2.3699999245738777e-05,0.00015999999595806003
-2.3695999245407815e-05,0.00015999999595806003
-2.3691999245076854e-05,0.00015999999595806003
-2.3687999244745892e-05,0.00015999999595806003
-2.368399924441493e-05,0.00019999999494757503
-2.367999924408397e-05,0.00015999999595806003
-2.3675999243753008e-05,0.00019999999494757503
-2.3671999243422046e-05,0.00015999999595806003
-2.3667999243091085e-05,0.00019999999494757503
-2.3663999242760123e-05,0.00015999999595806003
-2.3659999242429162e-05,0.00015999999595806003
-2.36559992420982e-05,0.00015999999595806003
-2.365199924176724e-05,0.00015999999595806003
-2.3647999241436278e-05,0.00015999999595806003
-2.3643999241105316e-05,0.00019999999494757503
-2.3639999240774355e-05,0.00015999999595806003
-2.3635999240443393e-05,0.00015999999595806003
-2.363199924011243e-05,0.00015999999595806003
-2.362799923978147e-05,0.00015999999595806003
-2.362399923945051e-05,0.00015999999595806003
-2.3619999239119547e-05,0.00019999999494757503
-2.3615999238788586e-05,0.00015999999595806003
-2.3611999238457624e-05,0.00015999999595806003
-2.3607999238126663e-05,0.00015999999595806003
-2.36039992377957e-05,0.00015999999595806003
-2.359999923746474e-05,0.00015999999595806003
-2.3595999237133778e-05,0.00019999999494757503
-2.3591999236802817e-05,0.00015999999595806003
-2.3587999236471855e-05,0.00019999999494757503
-2.3583999236140894e-05,0.00015999999595806003
-2.3579999235809932e-05,0.00015999999595806003
-2.357599923547897e-05,0.00015999999595806003
-2.357199923514801e-05,0.00019999999494757503
-2.3567999234817048e-05,0.00015999999595806003
-2.3563999234486086e-05,0.00019999999494757503
-2.3559999234155125e-05,0.00015999999595806003
-2.3555999233824163e-05,0.00015999999595806003
-2.3551999233493202e-05,0.00015999999595806003
-2.354799923316224e-05,0.00015999999595806003
-2.354399923283128e-05,0.00015999999595806003
-2.3539999232500317e-05,0.00015999999595806003
-2.3535999232169356e-05,0.00015999999595806003
-2.3531999231838395e-05,0.00015999999595806003
-2.3527999231507433e-05,0.00015999999595806003
-2.352399923117647e-05,0.00019999999494757503
-2.351999923084551e-05,0.00019999999494757503
-2.351599923051455e-05,0.00019999999494757503
-2.3511999230183587e-05,0.00015999999595806003
-2.3507999229852626e-05,0.00015999999595806003
-2.3503999229521664e-05,0.00015999999595806003
-2.3499999229190703e-05,0.00015999999595806003
-2.349599922885974e-05,0.00015999999595806003
-2.349199922852878e-05,0.00015999999595806003
-2.3487999228197818e-05,0.00015999999595806003
-2.3483999227866857e-05,0.00015999999595806003
-2.3479999227535895e-05,0.00015999999595806003
-2.3475999227204934e-05,0.00015999999595806003
-2.3471999226873972e-05,0.00015999999595806003
-2.346799922654301e-05,0.00015999999595806003
-2.346399922621205e-05,0.00015999999595806003
-2.3459999225881088e-05,0.00015999999595806003
-2.3455999225550126e-05,0.00015999999595806003
-2.3451999225219165e-05,0.00019999999494757503
-2.3447999224888203e-05,0.00015999999595806003
-2.3443999224557242e-05,0.00019999999494757503
-2.343999922422628e-05,0.00019999999494757503
-2.343599922389532e-05,0.00019999999494757503
-2.3431999223564357e-05,0.00015999999595806003
-2.3427999223233396e-05,0.00015999999595806003
-2.3423999222902434e-05,0.00015999999595806003
-2.3419999222571473e-05,0.00015999999595806003
-2.341599922224051e-05,0.00015999999595806003
-2.341199922190955e-05,0.00015999999595806003
-2.340799922157859e-05,0.00015999999595806003
-2.3403999221247627e-05,0.00019999999494757503
-2.3399999220916666e-05,0.00015999999595806003
-2.3395999220585704e-05,0.00019999999494757503
-2.3391999220254743e-05,0.00015999999595806003
-2.338799921992378e-05,0.00019999999494757503
-2.338399921959282e-05,0.00019999999494757503
-2.3379999219261858e-05,0.00019999999494757503
-2.3375999218930897e-05,0.00015999999595806003
-2.3371999218599935e-05,0.00019999999494757503
-2.3367999218268974e-05,0.00015999999595806003
-2.3363999217938012e-05,0.00015999999595806003
-2.335999921760705e-05,0.00015999999595806003
-2.335599921727609e-05,0.00019999999494757503
-2.3351999216945128e-05,0.00015999999595806003
-2.3347999216614166e-05,0.00019999999494757503
-2.3343999216283205e-05,0.00015999999595806003
-2.3339999215952243e-05,0.00019999999494757503
-2.3335999215621282e-05,0.00015999999595806003
-2.333199921529032e-05,0.00015999999595806003
-2.332799921495936e-05,0.00015999999595806003
-2.3323999214628397e-05,0.00015999999595806003
-2.3319999214297436e-05,0.00015999999595806003
-2.3315999213966474e-05,0.00019999999494757503
-2.3311999213635513e-05,0.00015999999595806003
-2.330799921330455e-05,0.00015999999595806003
-2.330399921297359e-05,0.00015999999595806003
-2.329999921264263e-05,0.00015999999595806003
-2.3295999212311667e-05,0.00015999999595806003
-2.3291999211980705e-05,0.00015999999595806003
-2.3287999211649744e-05,0.00015999999595806003
-2.3283999211318783e-05,0.00019999999494757503
-2.327999921098782e-05,0.00015999999595806003
-2.327599921065686e-05,0.00019999999494757503
-2.3271999210325898e-05,0.00015999999595806003
-2.3267999209994937e-05,0.00019999999494757503
-2.3263999209663975e-05,0.00015999999595806003
-2.3259999209333014e-05,0.00015999999595806003
-2.3255999209002052e-05,0.00015999999595806003
-2.325199920867109e-05,0.00015999999595806003
-2.324799920834013e-05,0.00015999999595806003
-2.3243999208009168e-05,0.00019999999494757503
-2.3239999207678206e-05,0.00015999999595806003
-2.3235999207347245e-05,0.00019999999494757503
-2.3231999207016283e-05,0.00015999999595806003
-2.3227999206685322e-05,0.00015999999595806003
-2.322399920635436e-05,0.00015999999595806003
-2.32199992060234e-05,0.00019999999494757503
-2.3215999205692437e-05,0.00015999999595806003
-2.3211999205361476e-05,0.00019999999494757503
-2.3207999205030514e-05,0.00015999999595806003
-2.3203999204699553e-05,0.00015999999595806003
-2.319999920436859e-05,0.00015999999595806003
-2.319599920403763e-05,0.00015999999595806003
-2.319199920370667e-05,0.00015999999595806003
-2.3187999203375707e-05,0.00015999999595806003
-2.3183999203044745e-05,0.00015999999595806003
-2.3179999202713784e-05,0.00015999999595806003
-2.3175999202382822e-05,0.00015999999595806003
-2.317199920205186e-05,0.00019999999494757503
-2.31679992017209e-05,0.00015999999595806003
-2.3163999201389938e-05,0.00019999999494757503
-2.3159999201058977e-05,0.00015999999595806003
-2.3155999200728015e-05,0.00019999999494757503
-2.3151999200397054e-05,0.00015999999595806003
-2.3147999200066092e-05,0.00019999999494757503
-2.314399919973513e-05,0.00015999999595806003
-2.313999919940417e-05,0.00019999999494757503
-2.3135999199073208e-05,0.00015999999595806003
-2.3131999198742246e-05,0.00019999999494757503
-2.3127999198411285e-05,0.00015999999595806003
-2.3123999198080323e-05,0.00019999999494757503
-2.311999919774936e-05,0.00015999999595806003
-2.31159991974184e-05,0.00019999999494757503
-2.311199919708744e-05,0.00015999999595806003
-2.3107999196756477e-05,0.00015999999595806003
-2.3103999196425516e-05,0.00015999999595806003
-2.3099999196094554e-05,0.00015999999595806003
-2.3095999195763593e-05,0.00015999999595806003
-2.309199919543263e-05,0.00015999999595806003
-2.308799919510167e-05,0.00015999999595806003
-2.308399919477071e-05,0.00019999999494757503
-2.3079999194439747e-05,0.00015999999595806003
-2.3075999194108785e-05,0.00019999999494757503
-2.3071999193777824e-05,0.00015999999595806003
-2.3067999193446862e-05,0.00019999999494757503
-2.30639991931159e-05,0.00015999999595806003
-2.305999919278494e-05,0.00015999999595806003
-2.3055999192453978e-05,0.00015999999595806003
-2.3051999192123016e-05,0.00015999999595806003
-2.3047999191792055e-05,0.00015999999595806003
-2.3043999191461093e-05,0.00015999999595806003
-2.3039999191130132e-05,0.00015999999595806003
-2.303599919079917e-05,0.00019999999494757503
-2.303199919046821e-05,0.00015999999595806003
-2.3027999190137248e-05,0.00015999999595806003
-2.3023999189806286e-05,0.00015999999595806003
-2.3019999189475325e-05,0.00015999999595806003
-2.3015999189144363e-05,0.00015999999595806003
-2.30119991888134e-05,0.00015999999595806003
-2.300799918848244e-05,0.00015999999595806003
-2.300399918815148e-05,0.00015999999595806003
-2.2999999187820517e-05,0.00015999999595806003
-2.2995999187489556e-05,0.00019999999494757503
-2.2991999187158594e-05,0.00015999999595806003
-2.2987999186827633e-05,0.00019999999494757503
-2.298399918649667e-05,0.00015999999595806003
-2.297999918616571e-05,0.00015999999595806003
-2.2975999185834748e-05,0.00011999999696854502
-2.2971999185503787e-05,0.00015999999595806003
-2.2967999185172825e-05,0.00015999999595806003
-2.2963999184841864e-05,0.00015999999595806003
-2.2959999184510902e-05,0.00015999999595806003
-2.295599918417994e-05,0.00019999999494757503
-2.295199918384898e-05,0.00015999999595806003
-2.2947999183518018e-05,0.00019999999494757503
-2.2943999183187056e-05,0.00015999999595806003
-2.2939999182856095e-05,0.00015999999595806003
-2.2935999182525133e-05,0.00015999999595806003
-2.2931999182194172e-05,0.00015999999595806003
-2.292799918186321e-05,0.00015999999595806003
-2.292399918153225e-05,0.00015999999595806003
-2.2919999181201287e-05,0.00015999999595806003
-2.2915999180870326e-05,0.00019999999494757503
-2.2911999180539364e-05,0.00019999999494757503
-2.2907999180208403e-05,0.00019999999494757503
-2.290399917987744e-05,0.00019999999494757503
-2.289999917954648e-05,0.00019999999494757503
-2.289599917921552e-05,0.00015999999595806003
-2.2891999178884557e-05,0.00015999999595806003
-2.2887999178553596e-05,0.00015999999595806003
-2.2883999178222634e-05,0.00015999999595806003
-2.2879999177891673e-05,0.00015999999595806003
-2.287599917756071e-05,0.00019999999494757503
-2.287199917722975e-05,0.00015999999595806003
-2.2867999176898788e-05,0.00015999999595806003
-2.2863999176567827e-05,0.00019999999494757503
-2.2859999176236865e-05,0.00019999999494757503
-2.2855999175905904e-05,0.00015999999595806003
-2.2851999175574942e-05,0.00019999999494757503
-2.284799917524398e-05,0.00015999999595806003
-2.284399917491302e-05,0.00015999999595806003
-2.2839999174582058e-05,0.00015999999595806003
-2.2835999174251096e-05,0.00015999999595806003
-2.2831999173920135e-05,0.00015999999595806003
-2.2827999173589173e-05,0.00019999999494757503
-2.2823999173258212e-05,0.00015999999595806003
-2.281999917292725e-05,0.00019999999494757503
-2.281599917259629e-05,0.00015999999595806003
-2.2811999172265327e-05,0.00015999999595806003
-2.2807999171934366e-05,0.00015999999595806003
-2.2803999171603404e-05,0.00019999999494757503
-2.2799999171272443e-05,0.00015999999595806003
-2.279599917094148e-05,0.00015999999595806003
-2.279199917061052e-05,0.00015999999595806003
-2.278799917027956e-05,0.00019999999494757503
-2.2783999169948597e-05,0.00015999999595806003
-2.2779999169617636e-05,0.00019999999494757503
-2.2775999169286674e-05,0.00015999999595806003
-2.2771999168955713e-05,0.00015999999595806003
-2.276799916862475e-05,0.00015999999595806003
-2.276399916829379e-05,0.00015999999595806003
-2.2759999167962828e-05,0.00015999999595806003
-2.2755999167631867e-05,0.00019999999494757503
-2.2751999167300905e-05,0.00015999999595806003
-2.2747999166969944e-05,0.00019999999494757503
-2.2743999166638982e-05,0.00015999999595806003
-2.273999916630802e-05,0.00019999999494757503
-2.273599916597706e-05,0.00015999999595806003
-2.2731999165646098e-05,0.00015999999595806003
-2.2727999165315136e-05,0.00015999999595806003
-2.2723999164984175e-05,0.00015999999595806003
-2.2719999164653213e-05,0.00015999999595806003
-2.2715999164322252e-05,0.00019999999494757503
-2.271199916399129e-05,0.00015999999595806003
-2.270799916366033e-05,0.00019999999494757503
-2.2703999163329367e-05,0.00015999999595806003
-2.2699999162998406e-05,0.00015999999595806003
-2.2695999162667444e-05,0.00015999999595806003
-2.2691999162336483e-05,0.00019999999494757503
-2.268799916200552e-05,0.00015999999595806003
-2.268399916167456e-05,0.00015999999595806003
-2.26799991613436e-05,0.00015999999595806003
-2.2675999161012637e-05,0.00019999999494757503
-2.2671999160681675e-05,0.00015999999595806003
-2.2667999160350714e-05,0.00019999999494757503
-2.2663999160019752e-05,0.00015999999595806003
-2.265999915968879e-05,0.00019999999494757503
-2.265599915935783e-05,0.00015999999595806003
-2.2651999159026868e-05,0.00015999999595806003
-2.2647999158695907e-05,0.00015999999595806003
-2.2643999158364945e-05,0.00019999999494757503
-2.2639999158033984e-05,0.00015999999595806003
-2.2635999157703022e-05,0.00015999999595806003
-2.263199915737206e-05,0.00015999999595806003
-2.26279991570411e-05,0.00015999999595806003
-2.2623999156710138e-05,0.00015999999595806003
-2.2619999156379176e-05,0.00019999999494757503
-2.2615999156048215e-05,0.00015999999595806003
-2.2611999155717253e-05,0.00019999999494757503
-2.2607999155386292e-05,0.00015999999595806003
-2.260399915505533e-05,0.00019999999494757503
-2.259999915472437e-05,0.00015999999595806003
-2.2595999154393407e-05,0.00019999999494757503
-2.2591999154062446e-05,0.00015999999595806003
-2.2587999153731484e-05,0.00015999999595806003
-2.2583999153400523e-05,0.00015999999595806003
-2.257999915306956e-05,0.00015999999595806003
-2.25759991527386e-05,0.00015999999595806003
-2.257199915240764e-05,0.00019999999494757503
-2.2567999152076677e-05,0.00015999999595806003
-2.2563999151745715e-05,0.00019999999494757503
-2.2559999151414754e-05,0.00015999999595806003
-2.2555999151083792e-05,0.00019999999494757503
-2.255199915075283e-05,0.00015999999595806003
-2.254799915042187e-05,0.00015999999595806003
-2.2543999150090908e-05,0.00015999999595806003
-2.2539999149759946e-05,0.00019999999494757503
-2.2535999149428985e-05,0.00015999999595806003
-2.2531999149098024e-05,0.00019999999494757503
-2.2527999148767062e-05,0.00015999999595806003
-2.25239991484361e-05,0.00015999999595806003
-2.251999914810514e-05,0.00015999999595806003
-2.2515999147774178e-05,0.00015999999595806003
-2.2511999147443216e-05,0.00015999999595806003
-2.2507999147112255e-05,0.00015999999595806003
-2.2503999146781293e-05,0.00015999999595806003
-2.249999914645033e-05,0.00019999999494757503
-2.249599914611937e-05,0.00015999999595806003
-2.249199914578841e-05,0.00019999999494757503
-2.2487999145457447e-05,0.00015999999595806003
-2.2483999145126486e-05,0.00015999999595806003
-2.2479999144795524e-05,0.00015999999595806003
-2.2475999144464563e-05,0.00019999999494757503
-2.24719991441336e-05,0.00015999999595806003
-2.246799914380264e-05,0.00015999999595806003
-2.2463999143471678e-05,0.00015999999595806003
-2.2459999143140717e-05,0.00015999999595806003
-2.2455999142809755e-05,0.00015999999595806003
-2.2451999142478794e-05,0.00015999999595806003
-2.2447999142147832e-05,0.00015999999595806003
-2.244399914181687e-05,0.00019999999494757503
-2.243999914148591e-05,0.00015999999595806003
-2.2435999141154948e-05,0.00019999999494757503
-2.2431999140823986e-05,0.00015999999595806003
-2.2427999140493025e-05,0.00019999999494757503
-2.2423999140162063e-05,0.00019999999494757503
-2.2419999139831102e-05,0.00015999999595806003
-2.241599913950014e-05,0.00015999999595806003
-2.241199913916918e-05,0.00019999999494757503
-2.2407999138838218e-05,0.00015999999595806003
-2.2403999138507256e-05,0.00015999999595806003
-2.2399999138176295e-05,0.00015999999595806003
-2.2395999137845333e-05,0.00015999999595806003
-2.239199913751437e-05,0.00015999999595806003
-2.238799913718341e-05,0.00015999999595806003
-2.238399913685245e-05,0.00015999999595806003
-2.2379999136521487e-05,0.00019999999494757503
-2.2375999136190526e-05,0.00015999999595806003
-2.2371999135859564e-05,0.00019999999494757503
-2.2367999135528603e-05,0.00015999999595806003
-2.236399913519764e-05,0.00015999999595806003
-2.235999913486668e-05,0.00015999999595806003
-2.2355999134535718e-05,0.00015999999595806003
-2.2351999134204757e-05,0.00015999999595806003
-2.2347999133873795e-05,0.00015999999595806003
-2.2343999133542834e-05,0.00015999999595806003
-2.2339999133211872e-05,0.00019999999494757503
-2.233599913288091e-05,0.00015999999595806003
-2.233199913254995e-05,0.00015999999595806003
-2.2327999132218988e-05,0.00015999999595806003
-2.2323999131888026e-05,0.00015999999595806003
-2.2319999131557065e-05,0.00015999999595806003
-2.2315999131226103e-05,0.00015999999595806003
-2.2311999130895142e-05,0.00015999999595806003
-2.230799913056418e-05,0.00019999999494757503
-2.230399913023322e-05,0.00015999999595806003
-2.2299999129902257e-05,0.00019999999494757503
-2.2295999129571296e-05,0.00015999999595806003
-2.2291999129240334e-05,0.00019999999494757503
-2.2287999128909373e-05,0.00015999999595806003
-2.228399912857841e-05,0.00015999999595806003
-2.227999912824745e-05,0.00015999999595806003
-2.227599912791649e-05,0.00015999999595806003
-2.2271999127585527e-05,0.00015999999595806003
-2.2267999127254566e-05,0.00019999999494757503
-2.2263999126923604e-05,0.00015999999595806003
-2.2259999126592643e-05,0.00019999999494757503
-2.225599912626168e-05,0.00015999999595806003
-2.225199912593072e-05,0.00019999999494757503
-2.2247999125599758e-05,0.00015999999595806003
-2.2243999125268797e-05,0.00019999999494757503
-2.2239999124937835e-05,0.00015999999595806003
-2.2235999124606874e-05,0.00015999999595806003
-2.2231999124275912e-05,0.00019999999494757503
-2.222799912394495e-05,0.00019999999494757503
-2.222399912361399e-05,0.00015999999595806003
-2.2219999123283028e-05,0.00019999999494757503
-2.2215999122952066e-05,0.00015999999595806003
-2.2211999122621105e-05,0.00019999999494757503
-2.2207999122290143e-05,0.00015999999595806003
-2.2203999121959182e-05,0.00015999999595806003
-2.219999912162822e-05,0.00015999999595806003
-2.219599912129726e-05,0.00015999999595806003
-2.2191999120966297e-05,0.00015999999595806003
-2.2187999120635336e-05,0.00015999999595806003
-2.2183999120304374e-05,0.00015999999595806003
-2.2179999119973413e-05,0.00019999999494757503
-2.217599911964245e-05,0.00015999999595806003
-2.217199911931149e-05,0.00019999999494757503
-2.216799911898053e-05,0.00019999999494757503
-2.2163999118649567e-05,0.00019999999494757503
-2.2159999118318606e-05,0.00019999999494757503
-2.2155999117987644e-05,0.00019999999494757503
-2.2151999117656683e-05,0.00015999999595806003
-2.214799911732572e-05,0.00019999999494757503
-2.214399911699476e-05,0.00015999999595806003
-2.2139999116663798e-05,0.00015999999595806003
-2.2135999116332837e-05,0.00015999999595806003
-2.2131999116001875e-05,0.00015999999595806003
-2.2127999115670914e-05,0.00015999999595806003
-2.2123999115339952e-05,0.00019999999494757503
-2.211999911500899e-05,0.00015999999595806003
-2.211599911467803e-05,0.00019999999494757503
-2.2111999114347068e-05,0.00015999999595806003
-2.2107999114016106e-05,0.00019999999494757503
-2.2103999113685145e-05,0.00019999999494757503
-2.2099999113354183e-05,0.00019999999494757503
-2.2095999113023222e-05,0.00019999999494757503
-2.209199911269226e-05,0.00019999999494757503
-2.20879991123613e-05,0.00015999999595806003
-2.2083999112030337e-05,0.00015999999595806003
-2.2079999111699376e-05,0.00015999999595806003
-2.2075999111368414e-05,0.00015999999595806003
-2.2071999111037453e-05,0.00011999999696854502
-2.206799911070649e-05,0.00015999999595806003
-2.206399911037553e-05,0.00015999999595806003
-2.205999911004457e-05,0.00015999999595806003
-2.2055999109713607e-05,0.00015999999595806003
-2.2051999109382645e-05,0.00015999999595806003
-2.2047999109051684e-05,0.00019999999494757503
-2.2043999108720722e-05,0.00019999999494757503
-2.203999910838976e-05,0.00019999999494757503
-2.20359991080588e-05,0.00019999999494757503
-2.2031999107727838e-05,0.00015999999595806003
-2.2027999107396877e-05,0.00019999999494757503
-2.2023999107065915e-05,0.00015999999595806003
-2.2019999106734954e-05,0.00019999999494757503
-2.2015999106403992e-05,0.00015999999595806003
-2.201199910607303e-05,0.00015999999595806003
-2.200799910574207e-05,0.00015999999595806003
-2.2003999105411108e-05,0.00015999999595806003
-2.1999999105080146e-05,0.00015999999595806003
-2.1995999104749185e-05,0.00015999999595806003
-2.1991999104418223e-05,0.00015999999595806003
-2.198799910408726e-05,0.00019999999494757503
-2.19839991037563e-05,0.00015999999595806003
-2.197999910342534e-05,0.00019999999494757503
-2.1975999103094377e-05,0.00015999999595806003
-2.1971999102763416e-05,0.00019999999494757503
-2.1967999102432454e-05,0.00015999999595806003
-2.1963999102101493e-05,0.00019999999494757503
-2.195999910177053e-05,0.00015999999595806003
-2.195599910143957e-05,0.00015999999595806003
-2.195199910110861e-05,0.00015999999595806003
-2.1947999100777647e-05,0.00015999999595806003
-2.1943999100446685e-05,0.00015999999595806003
-2.1939999100115724e-05,0.00019999999494757503
-2.1935999099784762e-05,0.00015999999595806003
-2.19319990994538e-05,0.00019999999494757503
-2.192799909912284e-05,0.00019999999494757503
-2.1923999098791878e-05,0.00019999999494757503
-2.1919999098460916e-05,0.00015999999595806003
-2.1915999098129955e-05,0.00019999999494757503
-2.1911999097798993e-05,0.00015999999595806003
-2.1907999097468032e-05,0.00015999999595806003
-2.190399909713707e-05,0.00015999999595806003
-2.189999909680611e-05,0.00015999999595806003
-2.1895999096475148e-05,0.00015999999595806003
-2.1891999096144186e-05,0.00015999999595806003
-2.1887999095813225e-05,0.00015999999595806003
-2.1883999095482263e-05,0.00015999999595806003
-2.18799990951513e-05,0.00015999999595806003
-2.187599909482034e-05,0.00015999999595806003
-2.187199909448938e-05,0.00015999999595806003
-2.1867999094158417e-05,0.00015999999595806003
-2.1863999093827456e-05,0.00015999999595806003
-2.1859999093496494e-05,0.00019999999494757503
-2.1855999093165533e-05,0.00015999999595806003
-2.185199909283457e-05,0.00019999999494757503
-2.184799909250361e-05,0.00015999999595806003
-2.1843999092172648e-05,0.00015999999595806003
-2.1839999091841687e-05,0.00015999999595806003
-2.1835999091510725e-05,0.00015999999595806003
-2.1831999091179764e-05,0.00015999999595806003
-2.1827999090848802e-05,0.00015999999595806003
-2.182399909051784e-05,0.00011999999696854502
-2.181999909018688e-05,0.00015999999595806003
-2.1815999089855918e-05,0.00015999999595806003
-2.1811999089524956e-05,0.00019999999494757503
-2.1807999089193995e-05,0.00019999999494757503
-2.1803999088863033e-05,0.00019999999494757503
-2.1799999088532072e-05,0.00015999999595806003
-2.179599908820111e-05,0.00019999999494757503
-2.179199908787015e-05,0.00015999999595806003
-2.1787999087539187e-05,0.00015999999595806003
-2.1783999087208226e-05,0.00015999999595806003
-2.1779999086877265e-05,0.00015999999595806003
-2.1775999086546303e-05,0.00015999999595806003
-2.177199908621534e-05,0.00019999999494757503
-2.176799908588438e-05,0.00015999999595806003
-2.176399908555342e-05,0.00015999999595806003
-2.1759999085222457e-05,0.00015999999595806003
-2.1755999084891496e-05,0.00019999999494757503
-2.1751999084560534e-05,0.00015999999595806003
-2.1747999084229573e-05,0.00019999999494757503
-2.174399908389861e-05,0.00015999999595806003
-2.173999908356765e-05,0.00015999999595806003
-2.1735999083236688e-05,0.00015999999595806003
-2.1731999082905727e-05,0.00019999999494757503
-2.1727999082574765e-05,0.00019999999494757503
-2.1723999082243804e-05,0.00019999999494757503
-2.1719999081912842e-05,0.00015999999595806003
-2.171599908158188e-05,0.00015999999595806003
-2.171199908125092e-05,0.00011999999696854502
-2.1707999080919958e-05,0.00015999999595806003
-2.1703999080588996e-05,0.00015999999595806003
-2.1699999080258035e-05,0.00015999999595806003
-2.1695999079927073e-05,0.00015999999595806003
-2.1691999079596112e-05,0.00015999999595806003
-2.168799907926515e-05,0.00015999999595806003
-2.168399907893419e-05,0.00019999999494757503
-2.1679999078603227e-05,0.00019999999494757503
-2.1675999078272266e-05,0.00019999999494757503
-2.1671999077941304e-05,0.00015999999595806003
-2.1667999077610343e-05,0.00019999999494757503
-2.166399907727938e-05,0.00015999999595806003
-2.165999907694842e-05,0.00019999999494757503
-2.165599907661746e-05,0.00015999999595806003
-2.1651999076286497e-05,0.00015999999595806003
-2.1647999075955536e-05,0.00015999999595806003
-2.1643999075624574e-05,0.00015999999595806003
-2.1639999075293613e-05,0.00015999999595806003
-2.163599907496265e-05,0.00015999999595806003
-2.163199907463169e-05,0.00015999999595806003
-2.1627999074300728e-05,0.00015999999595806003
-2.1623999073969767e-05,0.00015999999595806003
-2.1619999073638805e-05,0.00015999999595806003
-2.1615999073307844e-05,0.00015999999595806003
-2.1611999072976882e-05,0.00019999999494757503
-2.160799907264592e-05,0.00015999999595806003
-2.160399907231496e-05,0.00019999999494757503
-2.1599999071983998e-05,0.00019999999494757503
-2.1595999071653036e-05,0.00019999999494757503
-2.1591999071322075e-05,0.00015999999595806003
-2.1587999070991113e-05,0.00015999999595806003
-2.1583999070660152e-05,0.00015999999595806003
-2.157999907032919e-05,0.00015999999595806003
-2.157599906999823e-05,0.00015999999595806003
-2.1571999069667267e-05,0.00015999999595806003
-2.1567999069336306e-05,0.00015999999595806003
-2.1563999069005344e-05,0.00019999999494757503
-2.1559999068674383e-05,0.00015999999595806003
-2.155599906834342e-05,0.00015999999595806003
-2.155199906801246e-05,0.00015999999595806003
-2.15479990676815e-05,0.00019999999494757503
-2.1543999067350537e-05,0.00015999999595806003
-2.1539999067019575e-05,0.00019999999494757503
-2.1535999066688614e-05,0.00015999999595806003
-2.1531999066357653e-05,0.00015999999595806003
-2.152799906602669e-05,0.00015999999595806003
-2.152399906569573e-05,0.00015999999595806003
-2.1519999065364768e-05,0.00015999999595806003
-2.1515999065033807e-05,0.00015999999595806003
-2.1511999064702845e-05,0.00015999999595806003
-2.1507999064371884e-05,0.00015999999595806003
-2.1503999064040922e-05,0.00015999999595806003
-2.149999906370996e-05,0.00015999999595806003
-2.1495999063379e-05,0.00015999999595806003
-2.1491999063048038e-05,0.00019999999494757503
-2.1487999062717076e-05,0.00019999999494757503
-2.1483999062386115e-05,0.00019999999494757503
-2.1479999062055153e-05,0.00015999999595806003
-2.1475999061724192e-05,0.00015999999595806003
-2.147199906139323e-05,0.00015999999595806003
-2.146799906106227e-05,0.00015999999595806003
-2.1463999060731307e-05,0.00011999999696854502
-2.1459999060400346e-05,0.00015999999595806003
-2.1455999060069384e-05,0.00015999999595806003
-2.1451999059738423e-05,0.00015999999595806003
-2.144799905940746e-05,0.00015999999595806003
-2.14439990590765e-05,0.00019999999494757503
-2.143999905874554e-05,0.00019999999494757503
-2.1435999058414577e-05,0.00019999999494757503
-2.1431999058083615e-05,0.00019999999494757503
-2.1427999057752654e-05,0.00019999999494757503
-2.1423999057421692e-05,0.00019999999494757503
-2.141999905709073e-05,0.00019999999494757503
-2.141599905675977e-05,0.00015999999595806003
-2.1411999056428808e-05,0.00015999999595806003
-2.1407999056097847e-05,0.00015999999595806003
-2.1403999055766885e-05,0.00015999999595806003
-2.1399999055435924e-05,0.00015999999595806003
-2.1395999055104962e-05,0.00015999999595806003
-2.1391999054774e-05,0.00015999999595806003
-2.138799905444304e-05,0.00015999999595806003
-2.1383999054112078e-05,0.00015999999595806003
-2.1379999053781116e-05,0.00015999999595806003
-2.1375999053450155e-05,0.00015999999595806003
-2.1371999053119193e-05,0.00019999999494757503
-2.136799905278823e-05,0.00019999999494757503
-2.136399905245727e-05,0.00019999999494757503
-2.135999905212631e-05,0.00019999999494757503
-2.1355999051795347e-05,0.00019999999494757503
-2.1351999051464386e-05,0.00015999999595806003
-2.1347999051133424e-05,0.00015999999595806003
-2.1343999050802463e-05,0.00015999999595806003
-2.13399990504715e-05,0.00015999999595806003
-2.133599905014054e-05,0.00015999999595806003
-2.133199904980958e-05,0.00015999999595806003
-2.1327999049478617e-05,0.00011999999696854502
-2.1323999049147655e-05,0.00015999999595806003
-2.1319999048816694e-05,0.00015999999595806003
-2.1315999048485732e-05,0.00019999999494757503
-2.131199904815477e-05,0.00015999999595806003
-2.130799904782381e-05,0.00019999999494757503
-2.1303999047492848e-05,0.00019999999494757503
-2.1299999047161886e-05,0.00019999999494757503
-2.1295999046830925e-05,0.00015999999595806003
-2.1291999046499963e-05,0.00019999999494757503
-2.1287999046169002e-05,0.00015999999595806003
-2.128399904583804e-05,0.00015999999595806003
-2.127999904550708e-05,0.00015999999595806003
-2.1275999045176118e-05,0.00015999999595806003
-2.1271999044845156e-05,0.00015999999595806003
-2.1267999044514195e-05,0.00015999999595806003
-2.1263999044183233e-05,0.00015999999595806003
-2.125999904385227e-05,0.00015999999595806003
-2.125599904352131e-05,0.00015999999595806003
-2.125199904319035e-05,0.00015999999595806003
-2.1247999042859387e-05,0.00015999999595806003
-2.1243999042528426e-05,0.00019999999494757503
-2.1239999042197464e-05,0.00019999999494757503
-2.1235999041866503e-05,0.00019999999494757503
-2.123199904153554e-05,0.00015999999595806003
-2.122799904120458e-05,0.00015999999595806003
-2.1223999040873618e-05,0.00015999999595806003
-2.1219999040542657e-05,0.00015999999595806003
-2.1215999040211695e-05,0.00015999999595806003
-2.1211999039880734e-05,0.00015999999595806003
-2.1207999039549772e-05,0.00015999999595806003
-2.120399903921881e-05,0.00015999999595806003
-2.119999903888785e-05,0.00015999999595806003
-2.1195999038556888e-05,0.00019999999494757503
-2.1191999038225926e-05,0.00015999999595806003
-2.1187999037894965e-05,0.00019999999494757503
-2.1183999037564003e-05,0.00015999999595806003
-2.1179999037233042e-05,0.00015999999595806003
-2.117599903690208e-05,0.00019999999494757503
-2.117199903657112e-05,0.00019999999494757503
-2.1167999036240157e-05,0.00015999999595806003
-2.1163999035909196e-05,0.00019999999494757503
-2.1159999035578235e-05,0.00015999999595806003
-2.1155999035247273e-05,0.00019999999494757503
-2.115199903491631e-05,0.00015999999595806003
-2.114799903458535e-05,0.00015999999595806003
-2.114399903425439e-05,0.00011999999696854502
-2.1139999033923427e-05,0.00015999999595806003
-2.1135999033592466e-05,0.00015999999595806003
-2.1131999033261504e-05,0.00019999999494757503
-2.1127999032930543e-05,0.00015999999595806003
-2.112399903259958e-05,0.00019999999494757503
-2.111999903226862e-05,0.00015999999595806003
-2.1115999031937658e-05,0.00019999999494757503
-2.1111999031606697e-05,0.00015999999595806003
-2.1107999031275735e-05,0.00019999999494757503
-2.1103999030944774e-05,0.00015999999595806003
-2.1099999030613812e-05,0.00015999999595806003
-2.109599903028285e-05,0.00015999999595806003
-2.109199902995189e-05,0.00015999999595806003
-2.1087999029620928e-05,0.00015999999595806003
-2.1083999029289966e-05,0.00015999999595806003
-2.1079999028959005e-05,0.00015999999595806003
-2.1075999028628043e-05,0.00019999999494757503
-2.1071999028297082e-05,0.00019999999494757503
-2.106799902796612e-05,0.00019999999494757503
-2.106399902763516e-05,0.00015999999595806003
-2.1059999027304197e-05,0.00015999999595806003
-2.1055999026973236e-05,0.00015999999595806003
-2.1051999026642274e-05,0.00019999999494757503
-2.1047999026311313e-05,0.00015999999595806003
-2.104399902598035e-05,0.00019999999494757503
-2.103999902564939e-05,0.00015999999595806003
-2.103599902531843e-05,0.00015999999595806003
-2.1031999024987467e-05,0.00015999999595806003
-2.1027999024656506e-05,0.00019999999494757503
-2.1023999024325544e-05,0.00019999999494757503
-2.1019999023994583e-05,0.00015999999595806003
-2.101599902366362e-05,0.00015999999595806003
-2.101199902333266e-05,0.00015999999595806003
-2.1007999023001698e-05,0.00015999999595806003
-2.1003999022670737e-05,0.00019999999494757503
-2.0999999022339775e-05,0.00015999999595806003
-2.0995999022008814e-05,0.00019999999494757503
-2.0991999021677852e-05,0.00015999999595806003
-2.098799902134689e-05,0.00019999999494757503
-2.098399902101593e-05,0.00015999999595806003
-2.0979999020684968e-05,0.00019999999494757503
-2.0975999020354006e-05,0.00015999999595806003
-2.0971999020023045e-05,0.00019999999494757503
-2.0967999019692083e-05,0.00015999999595806003
-2.0963999019361122e-05,0.00015999999595806003
-2.095999901903016e-05,0.00015999999595806003
-2.09559990186992e-05,0.00015999999595806003
-2.0951999018368237e-05,0.00015999999595806003
-2.0947999018037276e-05,0.00015999999595806003
-2.0943999017706314e-05,0.00015999999595806003
-2.0939999017375353e-05,0.00015999999595806003
-2.093599901704439e-05,0.00015999999595806003
-2.093199901671343e-05,0.00019999999494757503
-2.092799901638247e-05,0.00015999999595806003
-2.0923999016051507e-05,0.00019999999494757503
-2.0919999015720545e-05,0.00015999999595806003
-2.0915999015389584e-05,0.00019999999494757503
-2.0911999015058622e-05,0.00015999999595806003
-2.090799901472766e-05,0.00015999999595806003
-2.09039990143967e-05,0.00015999999595806003
-2.0899999014065738e-05,0.00015999999595806003
-2.0895999013734777e-05,0.00015999999595806003
-2.0891999013403815e-05,0.00015999999595806003
-2.0887999013072854e-05,0.00015999999595806003
-2.0883999012741892e-05,0.00019999999494757503
-2.087999901241093e-05,0.00015999999595806003
-2.087599901207997e-05,0.00019999999494757503
-2.0871999011749008e-05,0.00015999999595806003
-2.0867999011418046e-05,0.00019999999494757503
-2.0863999011087085e-05,0.00015999999595806003
-2.0859999010756123e-05,0.00015999999595806003
-2.0855999010425162e-05,0.00015999999595806003
-2.08519990100942e-05,0.00019999999494757503
-2.084799900976324e-05,0.00015999999595806003
-2.0843999009432277e-05,0.00019999999494757503
-2.0839999009101316e-05,0.00015999999595806003
-2.0835999008770354e-05,0.00019999999494757503
-2.0831999008439393e-05,0.00015999999595806003
-2.082799900810843e-05,0.00015999999595806003
-2.082399900777747e-05,0.00015999999595806003
-2.081999900744651e-05,0.00015999999595806003
-2.0815999007115547e-05,0.00015999999595806003
-2.0811999006784585e-05,0.00015999999595806003
-2.0807999006453624e-05,0.00015999999595806003
-2.0803999006122662e-05,0.00019999999494757503
-2.07999990057917e-05,0.00015999999595806003
-2.079599900546074e-05,0.00019999999494757503
-2.0791999005129778e-05,0.00015999999595806003
-2.0787999004798816e-05,0.00019999999494757503
-2.0783999004467855e-05,0.00015999999595806003
-2.0779999004136894e-05,0.00015999999595806003
-2.0775999003805932e-05,0.00015999999595806003
-2.077199900347497e-05,0.00015999999595806003
-2.076799900314401e-05,0.00015999999595806003
-2.0763999002813048e-05,0.00019999999494757503
-2.0759999002482086e-05,0.00019999999494757503
-2.0755999002151125e-05,0.00019999999494757503
-2.0751999001820163e-05,0.00015999999595806003
-2.07479990014892e-05,0.00015999999595806003
-2.074399900115824e-05,0.00015999999595806003
-2.073999900082728e-05,0.00019999999494757503
-2.0735999000496317e-05,0.00015999999595806003
-2.0731999000165356e-05,0.00015999999595806003
-2.0727998999834394e-05,0.00015999999595806003
-2.0723998999503433e-05,0.00015999999595806003
-2.071999899917247e-05,0.00015999999595806003
-2.071599899884151e-05,0.00019999999494757503
-2.0711998998510548e-05,0.00015999999595806003
-2.0707998998179587e-05,0.00019999999494757503
-2.0703998997848625e-05,0.00015999999595806003
-2.0699998997517664e-05,0.00019999999494757503
-2.0695998997186702e-05,0.00015999999595806003
-2.069199899685574e-05,0.00015999999595806003
-2.068799899652478e-05,0.00015999999595806003
-2.0683998996193818e-05,0.00015999999595806003
-2.0679998995862856e-05,0.00015999999595806003
-2.0675998995531895e-05,0.00019999999494757503
-2.0671998995200933e-05,0.00015999999595806003
-2.0667998994869972e-05,0.00019999999494757503
-2.066399899453901e-05,0.00015999999595806003
-2.065999899420805e-05,0.00015999999595806003
-2.0655998993877088e-05,0.00015999999595806003
-2.0651998993546126e-05,0.00015999999595806003
-2.0647998993215165e-05,0.00015999999595806003
-2.0643998992884203e-05,0.00015999999595806003
-2.063999899255324e-05,0.00015999999595806003
-2.063599899222228e-05,0.00019999999494757503
-2.063199899189132e-05,0.00015999999595806003
-2.0627998991560357e-05,0.00015999999595806003
-2.0623998991229396e-05,0.00015999999595806003
-2.0619998990898434e-05,0.00015999999595806003
-2.0615998990567473e-05,0.00015999999595806003
-2.061199899023651e-05,0.00015999999595806003
-2.060799898990555e-05,0.00015999999595806003
-2.0603998989574588e-05,0.00015999999595806003
-2.0599998989243627e-05,0.00015999999595806003
-2.0595998988912665e-05,0.00015999999595806003
-2.0591998988581704e-05,0.00015999999595806003
-2.0587998988250742e-05,0.00015999999595806003
-2.058399898791978e-05,0.00015999999595806003
-2.057999898758882e-05,0.00015999999595806003
-2.0575998987257858e-05,0.00015999999595806003
-2.0571998986926896e-05,0.00015999999595806003
-2.0567998986595935e-05,0.00015999999595806003
-2.0563998986264973e-05,0.00019999999494757503
-2.0559998985934012e-05,0.00015999999595806003
-2.055599898560305e-05,0.00019999999494757503
-2.055199898527209e-05,0.00015999999595806003
-2.0547998984941127e-05,0.00019999999494757503
-2.0543998984610166e-05,0.00015999999595806003
-2.0539998984279204e-05,0.00015999999595806003
-2.0535998983948243e-05,0.00015999999595806003
-2.053199898361728e-05,0.00015999999595806003
-2.052799898328632e-05,0.00015999999595806003
-2.052399898295536e-05,0.00015999999595806003
-2.0519998982624397e-05,0.00015999999595806003
-2.0515998982293436e-05,0.00019999999494757503
-2.0511998981962474e-05,0.00019999999494757503
-2.0507998981631513e-05,0.00019999999494757503
-2.050399898130055e-05,0.00015999999595806003
-2.049999898096959e-05,0.00019999999494757503
-2.0495998980638628e-05,0.00015999999595806003
-2.0491998980307667e-05,0.00015999999595806003
-2.0487998979976705e-05,0.00015999999595806003
-2.0483998979645744e-05,0.00019999999494757503
-2.0479998979314782e-05,0.00015999999595806003
-2.047599897898382e-05,0.00019999999494757503
-2.047199897865286e-05,0.00015999999595806003
-2.0467998978321898e-05,0.00015999999595806003
-2.0463998977990936e-05,0.00015999999595806003
-2.0459998977659975e-05,0.00019999999494757503
-2.0455998977329013e-05,0.00015999999595806003
-2.0451998976998052e-05,0.00019999999494757503
-2.044799897666709e-05,0.00015999999595806003
-2.044399897633613e-05,0.00019999999494757503
-2.0439998976005167e-05,0.00015999999595806003
-2.0435998975674206e-05,0.00015999999595806003
-2.0431998975343244e-05,0.00015999999595806003
-2.0427998975012283e-05,0.00015999999595806003
-2.042399897468132e-05,0.00015999999595806003
-2.041999897435036e-05,0.00019999999494757503
-2.04159989740194e-05,0.00015999999595806003
-2.0411998973688437e-05,0.00015999999595806003
-2.0407998973357476e-05,0.00015999999595806003
-2.0403998973026514e-05,0.00015999999595806003
-2.0399998972695553e-05,0.00015999999595806003
-2.039599897236459e-05,0.00019999999494757503
-2.039199897203363e-05,0.00019999999494757503
-2.0387998971702668e-05,0.00019999999494757503
-2.0383998971371707e-05,0.00019999999494757503
-2.0379998971040745e-05,0.00019999999494757503
-2.0375998970709784e-05,0.00015999999595806003
-2.0371998970378822e-05,0.00015999999595806003
-2.036799897004786e-05,0.00015999999595806003
-2.03639989697169e-05,0.00015999999595806003
-2.0359998969385938e-05,0.00015999999595806003
-2.0355998969054976e-05,0.00015999999595806003
-2.0351998968724015e-05,0.00015999999595806003
-2.0347998968393053e-05,0.00019999999494757503
-2.0343998968062092e-05,0.00015999999595806003
-2.033999896773113e-05,0.00019999999494757503
-2.033599896740017e-05,0.00015999999595806003
-2.0331998967069207e-05,0.00019999999494757503
-2.0327998966738246e-05,0.00015999999595806003
-2.0323998966407284e-05,0.00019999999494757503
-2.0319998966076323e-05,0.00015999999595806003
-2.031599896574536e-05,0.00015999999595806003
-2.03119989654144e-05,0.00015999999595806003
-2.030799896508344e-05,0.00015999999595806003
-2.0303998964752477e-05,0.00015999999595806003
-2.0299998964421515e-05,0.00015999999595806003
-2.0295998964090554e-05,0.00015999999595806003
-2.0291998963759592e-05,0.00019999999494757503
-2.028799896342863e-05,0.00015999999595806003
-2.028399896309767e-05,0.00019999999494757503
-2.0279998962766708e-05,0.00015999999595806003
-2.0275998962435747e-05,0.00019999999494757503
-2.0271998962104785e-05,0.00019999999494757503
-2.0267998961773824e-05,0.00019999999494757503
-2.0263998961442862e-05,0.00015999999595806003
-2.02599989611119e-05,0.00019999999494757503
-2.025599896078094e-05,0.00015999999595806003
-2.0251998960449978e-05,0.00015999999595806003
-2.0247998960119016e-05,0.00015999999595806003
-2.0243998959788055e-05,0.00015999999595806003
-2.0239998959457093e-05,0.00015999999595806003
-2.0235998959126132e-05,0.00019999999494757503
-2.023199895879517e-05,0.00015999999595806003
-2.022799895846421e-05,0.00019999999494757503
-2.0223998958133247e-05,0.00015999999595806003
-2.0219998957802286e-05,0.00019999999494757503
-2.0215998957471324e-05,0.00015999999595806003
-2.0211998957140363e-05,0.00019999999494757503
-2.02079989568094e-05,0.00015999999595806003
-2.020399895647844e-05,0.00015999999595806003
-2.019999895614748e-05,0.00015999999595806003
-2.0195998955816517e-05,0.00015999999595806003
-2.0191998955485555e-05,0.00015999999595806003
-2.0187998955154594e-05,0.00015999999595806003
-2.0183998954823632e-05,0.00015999999595806003
-2.017999895449267e-05,0.00019999999494757503
-2.017599895416171e-05,0.00015999999595806003
-2.0171998953830748e-05,0.00015999999595806003
-2.0167998953499786e-05,0.00015999999595806003
-2.0163998953168825e-05,0.00015999999595806003
-2.0159998952837864e-05,0.00015999999595806003
-2.0155998952506902e-05,0.00019999999494757503
-2.015199895217594e-05,0.00015999999595806003
-2.014799895184498e-05,0.00019999999494757503
-2.0143998951514018e-05,0.00015999999595806003
-2.0139998951183056e-05,0.00015999999595806003
-2.0135998950852095e-05,0.00015999999595806003
-2.0131998950521133e-05,0.00015999999595806003
-2.012799895019017e-05,0.00015999999595806003
-2.012399894985921e-05,0.00015999999595806003
-2.011999894952825e-05,0.00015999999595806003
-2.0115998949197287e-05,0.00019999999494757503
-2.0111998948866326e-05,0.00015999999595806003
-2.0107998948535364e-05,0.00019999999494757503
-2.0103998948204403e-05,0.00019999999494757503
-2.009999894787344e-05,0.00015999999595806003
-2.009599894754248e-05,0.00015999999595806003
-2.0091998947211518e-05,0.00015999999595806003
-2.0087998946880557e-05,0.00015999999595806003
-2.0083998946549595e-05,0.00015999999595806003
-2.0079998946218634e-05,0.00015999999595806003
-2.0075998945887672e-05,0.00015999999595806003
-2.007199894555671e-05,0.00015999999595806003
-2.006799894522575e-05,0.00019999999494757503
-2.0063998944894788e-05,0.00019999999494757503
-2.0059998944563826e-05,0.00019999999494757503
-2.0055998944232865e-05,0.00015999999595806003
-2.0051998943901903e-05,0.00019999999494757503
-2.0047998943570942e-05,0.00015999999595806003
-2.004399894323998e-05,0.00015999999595806003
-2.003999894290902e-05,0.00015999999595806003
-2.0035998942578058e-05,0.00015999999595806003
-2.0031998942247096e-05,0.00015999999595806003
-2.0027998941916135e-05,0.00015999999595806003
-2.0023998941585173e-05,0.00015999999595806003
-2.001999894125421e-05,0.00019999999494757503
-2.001599894092325e-05,0.00015999999595806003
-2.001199894059229e-05,0.00019999999494757503
-2.0007998940261327e-05,0.00015999999595806003
-2.0003998939930366e-05,0.00015999999595806003
-1.9999998939599404e-05,0.00015999999595806003
-1.9995998939268443e-05,0.00019999999494757503
-1.999199893893748e-05,0.00015999999595806003
-1.998799893860652e-05,0.00019999999494757503
-1.9983998938275558e-05,0.00015999999595806003
-1.9979998937944597e-05,0.00019999999494757503
-1.9975998937613635e-05,0.00015999999595806003
-1.9971998937282674e-05,0.00019999999494757503
-1.9967998936951712e-05,0.00015999999595806003
-1.996399893662075e-05,0.00015999999595806003
-1.995999893628979e-05,0.00015999999595806003
-1.9955998935958828e-05,0.00015999999595806003
-1.9951998935627866e-05,0.00015999999595806003
-1.9947998935296905e-05,0.00015999999595806003
-1.9943998934965943e-05,0.00015999999595806003
-1.9939998934634982e-05,0.00019999999494757503
-1.993599893430402e-05,0.00015999999595806003
-1.993199893397306e-05,0.00019999999494757503
-1.9927998933642097e-05,0.00015999999595806003
-1.9923998933311136e-05,0.00015999999595806003
-1.9919998932980174e-05,0.00015999999595806003
-1.9915998932649213e-05,0.00015999999595806003
-1.991199893231825e-05,0.00015999999595806003
-1.990799893198729e-05,0.00015999999595806003
-1.990399893165633e-05,0.00015999999595806003
-1.9899998931325367e-05,0.00015999999595806003
-1.9895998930994406e-05,0.00015999999595806003
-1.9891998930663444e-05,0.00019999999494757503
-1.9887998930332483e-05,0.00015999999595806003
-1.988399893000152e-05,0.00015999999595806003
-1.987999892967056e-05,0.00015999999595806003
-1.9875998929339598e-05,0.00019999999494757503
-1.9871998929008637e-05,0.00015999999595806003
-1.9867998928677675e-05,0.00019999999494757503
-1.9863998928346714e-05,0.00019999999494757503
-1.9859998928015752e-05,0.00015999999595806003
-1.985599892768479e-05,0.00015999999595806003
-1.985199892735383e-05,0.00019999999494757503
-1.9847998927022868e-05,0.00015999999595806003
-1.9843998926691906e-05,0.00019999999494757503
-1.9839998926360945e-05,0.00015999999595806003
-1.9835998926029983e-05,0.00015999999595806003
-1.9831998925699022e-05,0.00015999999595806003
-1.982799892536806e-05,0.00015999999595806003
-1.98239989250371e-05,0.00015999999595806003
-1.9819998924706137e-05,0.00019999999494757503
-1.9815998924375176e-05,0.00015999999595806003
-1.9811998924044214e-05,0.00019999999494757503
-1.9807998923713253e-05,0.00015999999595806003
-1.980399892338229e-05,0.00019999999494757503
-1.979999892305133e-05,0.00015999999595806003
-1.979599892272037e-05,0.00015999999595806003
-1.9791998922389407e-05,0.00015999999595806003
-1.9787998922058445e-05,0.00015999999595806003
-1.9783998921727484e-05,0.00019999999494757503
-1.9779998921396523e-05,0.00019999999494757503
-1.977599892106556e-05,0.00015999999595806003
-1.97719989207346e-05,0.00019999999494757503
-1.9767998920403638e-05,0.00015999999595806003
-1.9763998920072677e-05,0.00019999999494757503
-1.9759998919741715e-05,0.00015999999595806003
-1.9755998919410754e-05,0.00015999999595806003
-1.9751998919079792e-05,0.00015999999595806003
-1.974799891874883e-05,0.00015999999595806003
-1.974399891841787e-05,0.00019999999494757503
-1.9739998918086908e-05,0.00019999999494757503
-1.9735998917755946e-05,0.00015999999595806003
-1.9731998917424985e-05,0.00019999999494757503
-1.9727998917094023e-05,0.00015999999595806003
-1.9723998916763062e-05,0.00015999999595806003
-1.97199989164321e-05,0.00015999999595806003
-1.971599891610114e-05,0.00015999999595806003
-1.9711998915770177e-05,0.00015999999595806003
-1.9707998915439216e-05,0.00015999999595806003
-1.9703998915108254e-05,0.00019999999494757503
-1.9699998914777293e-05,0.00019999999494757503
-1.969599891444633e-05,0.00015999999595806003
-1.969199891411537e-05,0.00019999999494757503
-1.968799891378441e-05,0.00015999999595806003
-1.9683998913453447e-05,0.00019999999494757503
-1.9679998913122485e-05,0.00019999999494757503
-1.9675998912791524e-05,0.00019999999494757503
-1.9671998912460562e-05,0.00015999999595806003
-1.96679989121296e-05,0.00019999999494757503
-1.966399891179864e-05,0.00015999999595806003
-1.9659998911467678e-05,0.00019999999494757503
-1.9655998911136717e-05,0.00015999999595806003
-1.9651998910805755e-05,0.00019999999494757503
-1.9647998910474794e-05,0.00015999999595806003
-1.9643998910143832e-05,0.00019999999494757503
-1.963999890981287e-05,0.00015999999595806003
-1.963599890948191e-05,0.00019999999494757503
-1.9631998909150948e-05,0.00019999999494757503
-1.9627998908819986e-05,0.00019999999494757503
-1.9623998908489025e-05,0.00019999999494757503
-1.9619998908158063e-05,0.00019999999494757503
-1.96159989078271e-05,0.00019999999494757503
-1.961199890749614e-05,0.00019999999494757503
-1.960799890716518e-05,0.00015999999595806003
-1.9603998906834217e-05,0.00019999999494757503
-1.9599998906503256e-05,0.00015999999595806003
-1.9595998906172294e-05,0.00015999999595806003
-1.9591998905841333e-05,0.00019999999494757503
-1.958799890551037e-05,0.00015999999595806003
-1.958399890517941e-05,0.00019999999494757503
-1.957999890484845e-05,0.00019999999494757503
-1.9575998904517487e-05,0.00019999999494757503
-1.9571998904186525e-05,0.00023999999393709004
-1.9567998903855564e-05,0.00019999999494757503
-1.9563998903524602e-05,0.00019999999494757503
-1.955999890319364e-05,0.00019999999494757503
-1.955599890286268e-05,0.00019999999494757503
-1.9551998902531718e-05,0.00019999999494757503
-1.9547998902200756e-05,0.00019999999494757503
-1.9543998901869795e-05,0.00019999999494757503
-1.9539998901538833e-05,0.00023999999393709004
-1.9535998901207872e-05,0.00019999999494757503
-1.953199890087691e-05,0.00023999999393709004
-1.952799890054595e-05,0.00019999999494757503
-1.9523998900214988e-05,0.00023999999393709004
-1.9519998899884026e-05,0.00019999999494757503
-1.9515998899553065e-05,0.00019999999494757503
-1.9511998899222103e-05,0.00023999999393709004
-1.950799889889114e-05,0.00019999999494757503
-1.950399889856018e-05,0.00023999999393709004
-1.949999889822922e-05,0.00023999999393709004
-1.9495998897898257e-05,0.00019999999494757503
-1.9491998897567296e-05,0.00027999999292660505
-1.9487998897236334e-05,0.00019999999494757503
-1.9483998896905373e-05,0.00023999999393709004
-1.947999889657441e-05,0.00019999999494757503
-1.947599889624345e-05,0.00023999999393709004
-1.9471998895912488e-05,0.00023999999393709004
-1.9467998895581527e-05,0.00023999999393709004
-1.9463998895250565e-05,0.00023999999393709004
-1.9459998894919604e-05,0.00023999999393709004
-1.9455998894588642e-05,0.00023999999393709004
-1.945199889425768e-05,0.00027999999292660505
-1.944799889392672e-05,0.00019999999494757503
-1.9443998893595758e-05,0.00027999999292660505
-1.9439998893264796e-05,0.00023999999393709004
-1.9435998892933835e-05,0.00023999999393709004
-1.9431998892602873e-05,0.00023999999393709004
-1.9427998892271912e-05,0.00023999999393709004
-1.942399889194095e-05,0.00027999999292660505
-1.941999889160999e-05,0.00027999999292660505
-1.9415998891279027e-05,0.00027999999292660505
-1.9411998890948066e-05,0.00031999999191612005
-1.9407998890617105e-05,0.00027999999292660505
-1.9403998890286143e-05,0.00031999999191612005
-1.939999888995518e-05,0.00027999999292660505
-1.939599888962422e-05,0.00027999999292660505
-1.939199888929326e-05,0.00027999999292660505
-1.9387998888962297e-05,0.00027999999292660505
-1.9383998888631336e-05,0.00027999999292660505
-1.9379998888300374e-05,0.00027999999292660505
-1.9375998887969413e-05,0.00023999999393709004
-1.937199888763845e-05,0.00027999999292660505
-1.936799888730749e-05,0.00023999999393709004
-1.9363998886976528e-05,0.00031999999191612005
-1.9359998886645567e-05,0.00027999999292660505
-1.9355998886314605e-05,0.00031999999191612005
-1.9351998885983644e-05,0.00031999999191612005
-1.9347998885652682e-05,0.00031999999191612005
-1.934399888532172e-05,0.00031999999191612005
-1.933999888499076e-05,0.00035999999090563506
-1.9335998884659798e-05,0.00031999999191612005
-1.9331998884328836e-05,0.00035999999090563506
-1.9327998883997875e-05,0.00027999999292660505
-1.9323998883666913e-05,0.00031999999191612005
-1.9319998883335952e-05,0.00027999999292660505
-1.931599888300499e-05,0.00031999999191612005
-1.931199888267403e-05,0.00027999999292660505
-1.9307998882343067e-05,0.00027999999292660505
-1.9303998882012106e-05,0.00031999999191612005
-1.9299998881681144e-05,0.00031999999191612005
-1.9295998881350183e-05,0.00031999999191612005
-1.929199888101922e-05,0.00039999998989515007
-1.928799888068826e-05,0.00031999999191612005
-1.92839988803573e-05,0.00039999998989515007
-1.9279998880026337e-05,0.00035999999090563506
-1.9275998879695376e-05,0.00035999999090563506
-1.9271998879364414e-05,0.00035999999090563506
-1.9267998879033453e-05,0.00035999999090563506
-1.926399887870249e-05,0.00035999999090563506
-1.925999887837153e-05,0.00035999999090563506
-1.9255998878040568e-05,0.00031999999191612005
-1.9251998877709607e-05,0.00039999998989515007
-1.9247998877378645e-05,0.00031999999191612005
-1.9243998877047684e-05,0.00039999998989515007
-1.9239998876716722e-05,0.00035999999090563506
-1.923599887638576e-05,0.00039999998989515007
-1.92319988760548e-05,0.00039999998989515007
-1.9227998875723838e-05,0.00039999998989515007
-1.9223998875392876e-05,0.00039999998989515007
-1.9219998875061915e-05,0.00043999998888466507
-1.9215998874730953e-05,0.00035999999090563506
-1.9211998874399992e-05,0.00043999998888466507
-1.920799887406903e-05,0.00035999999090563506
-1.920399887373807e-05,0.00043999998888466507
-1.9199998873407107e-05,0.00035999999090563506
-1.9195998873076146e-05,0.00039999998989515007
-1.9191998872745184e-05,0.00039999998989515007
-1.9187998872414223e-05,0.00039999998989515007
-1.918399887208326e-05,0.00039999998989515007
-1.91799988717523e-05,0.00043999998888466507
-1.917599887142134e-05,0.00039999998989515007
-1.9171998871090377e-05,0.00043999998888466507
-1.9167998870759415e-05,0.00039999998989515007
-1.9163998870428454e-05,0.0004799999878741801
-1.9159998870097493e-05,0.00039999998989515007
-1.915599886976653e-05,0.00043999998888466507
-1.915199886943557e-05,0.00043999998888466507
-1.9147998869104608e-05,0.00043999998888466507
-1.9143998868773647e-05,0.0004799999878741801
-1.9139998868442685e-05,0.0004799999878741801
-1.9135998868111724e-05,0.00043999998888466507
-1.9131998867780762e-05,0.0005199999868636951
-1.91279988674498e-05,0.00043999998888466507
-1.912399886711884e-05,0.0005199999868636951
-1.9119998866787878e-05,0.0004799999878741801
-1.9115998866456916e-05,0.0004799999878741801
-1.9111998866125955e-05,0.0004799999878741801
-1.9107998865794993e-05,0.0004799999878741801
-1.9103998865464032e-05,0.0004799999878741801
-1.909999886513307e-05,0.0004799999878741801
-1.909599886480211e-05,0.00043999998888466507
-1.9091998864471147e-05,0.0005199999868636951
-1.9087998864140186e-05,0.00043999998888466507
-1.9083998863809224e-05,0.0005199999868636951
-1.9079998863478263e-05,0.0004799999878741801
-1.90759988631473e-05,0.0005199999868636951
-1.907199886281634e-05,0.0005199999868636951
-1.906799886248538e-05,0.0005199999868636951
-1.9063998862154417e-05,0.0005599999858532101
-1.9059998861823455e-05,0.0005599999858532101
-1.9055998861492494e-05,0.0005199999868636951
-1.9051998861161532e-05,0.0005599999858532101
-1.904799886083057e-05,0.0004799999878741801
-1.904399886049961e-05,0.0005599999858532101
-1.9039998860168648e-05,0.0004799999878741801
-1.9035998859837687e-05,0.0005199999868636951
-1.9031998859506725e-05,0.0005199999868636951
-1.9027998859175764e-05,0.0005199999868636951
-1.9023998858844802e-05,0.0005599999858532101
-1.901999885851384e-05,0.0005599999858532101
-1.901599885818288e-05,0.0005199999868636951
-1.9011998857851918e-05,0.0006399999838322401
-1.9007998857520956e-05,0.0005599999858532101
-1.9003998857189995e-05,0.0006399999838322401
-1.8999998856859033e-05,0.0005999999848427251
-1.899599885652807e-05,0.0005999999848427251
-1.899199885619711e-05,0.0006399999838322401
-1.898799885586615e-05,0.0005999999848427251
-1.8983998855535187e-05,0.0005999999848427251
-1.8979998855204226e-05,0.0005599999858532101
-1.8975998854873264e-05,0.0005599999858532101
-1.8971998854542303e-05,0.0005999999848427251
-1.896799885421134e-05,0.0005599999858532101
-1.896399885388038e-05,0.0006399999838322401
-1.895999885354942e-05,0.0005999999848427251
-1.8955998853218457e-05,0.0006399999838322401
-1.8951998852887495e-05,0.0006399999838322401
-1.8947998852556534e-05,0.0006399999838322401
-1.8943998852225572e-05,0.0006799999828217551
-1.893999885189461e-05,0.0006799999828217551
-1.893599885156365e-05,0.0006399999838322401
-1.8931998851232688e-05,0.0006799999828217551
-1.8927998850901726e-05,0.0005999999848427251
-1.8923998850570765e-05,0.0006799999828217551
-1.8919998850239803e-05,0.0006399999838322401
-1.8915998849908842e-05,0.0006399999838322401
-1.891199884957788e-05,0.0006399999838322401
-1.890799884924692e-05,0.0005999999848427251
-1.8903998848915958e-05,0.0006399999838322401
-1.8899998848584996e-05,0.0006799999828217551
-1.8895998848254035e-05,0.0006399999838322401
-1.8891998847923073e-05,0.0007199999818112701
-1.888799884759211e-05,0.0006399999838322401
-1.888399884726115e-05,0.0007599999808007851
-1.887999884693019e-05,0.0007199999818112701
-1.8875998846599227e-05,0.0007199999818112701
-1.8871998846268266e-05,0.0007199999818112701
-1.8867998845937304e-05,0.0006799999828217551
-1.8863998845606343e-05,0.0007199999818112701
-1.885999884527538e-05,0.0007199999818112701
-1.885599884494442e-05,0.0006799999828217551
-1.8851998844613458e-05,0.0007199999818112701
-1.8847998844282497e-05,0.0006399999838322401
-1.8843998843951535e-05,0.0007599999808007851
-1.8839998843620574e-05,0.0007199999818112701
-1.8835998843289612e-05,0.0007199999818112701
-1.883199884295865e-05,0.0007599999808007851
-1.882799884262769e-05,0.0007199999818112701
-1.8823998842296728e-05,0.0007599999808007851
-1.8819998841965766e-05,0.0007599999808007851
-1.8815998841634805e-05,0.0007599999808007851
-1.8811998841303843e-05,0.0007999999797903001
-1.8807998840972882e-05,0.0007199999818112701
-1.880399884064192e-05,0.0007999999797903001
-1.879999884031096e-05,0.0007599999808007851
-1.8795998839979997e-05,0.0007599999808007851
-1.8791998839649036e-05,0.0007999999797903001
-1.8787998839318074e-05,0.0007599999808007851
-1.8783998838987113e-05,0.0007999999797903001
-1.877999883865615e-05,0.0007999999797903001
-1.877599883832519e-05,0.0007599999808007851
-1.877199883799423e-05,0.0008399999787798151
-1.8767998837663267e-05,0.0007599999808007851
-1.8763998837332306e-05,0.0008799999777693301
-1.8759998837001344e-05,0.0007999999797903001
-1.8755998836670383e-05,0.0008399999787798151
-1.875199883633942e-05,0.0008399999787798151
-1.874799883600846e-05,0.0007999999797903001
-1.8743998835677498e-05,0.0008399999787798151
-1.8739998835346537e-05,0.0008399999787798151
-1.8735998835015575e-05,0.0007999999797903001
-1.8731998834684614e-05,0.0008799999777693301
-1.8727998834353652e-05,0.0007999999797903001
-1.872399883402269e-05,0.0008799999777693301
-1.871999883369173e-05,0.0008399999787798151
-1.8715998833360768e-05,0.0008799999777693301
-1.8711998833029806e-05,0.0008799999777693301
-1.8707998832698845e-05,0.0008399999787798151
-1.8703998832367883e-05,0.0008799999777693301
-1.8699998832036922e-05,0.0008799999777693301
-1.869599883170596e-05,0.0008399999787798151
-1.8691998831375e-05,0.0009199999767588452
-1.8687998831044037e-05,0.0008399999787798151
-1.8683998830713076e-05,0.0009199999767588452
-1.8679998830382114e-05,0.0008799999777693301
-1.8675998830051153e-05,0.0009199999767588452
-1.867199882972019e-05,0.0009199999767588452
-1.866799882938923e-05,0.0008799999777693301
-1.866399882905827e-05,0.0008799999777693301
-1.8659998828727307e-05,0.0008799999777693301
-1.8655998828396346e-05,0.0008799999777693301
-1.8651998828065384e-05,0.0009599999757483602
-1.8647998827734423e-05,0.0008799999777693301
-1.864399882740346e-05,0.0009599999757483602
-1.86399988270725e-05,0.0009199999767588452
-1.8635998826741538e-05,0.0009599999757483602
-1.8631998826410577e-05,0.0009599999757483602
-1.8627998826079615e-05,0.0009199999767588452
-1.8623998825748654e-05,0.0009599999757483602
-1.8619998825417692e-05,0.0009599999757483602
-1.861599882508673e-05,0.0009199999767588452
-1.861199882475577e-05,0.0009999999747378752
-1.8607998824424808e-05,0.0009199999767588452
-1.8603998824093846e-05,0.0009999999747378752
-1.8599998823762885e-05,0.0009599999757483602
-1.8595998823431923e-05,0.0009999999747378752
-1.8591998823100962e-05,0.0009999999747378752
-1.858799882277e-05,0.0009599999757483602
-1.858399882243904e-05,0.0009999999747378752
-1.8579998822108077e-05,0.0009999999747378752
-1.8575998821777116e-05,0.0009599999757483602
-1.8571998821446154e-05,0.0010399999737273902
-1.8567998821115193e-05,0.0009599999757483602
-1.856399882078423e-05,0.0010799999727169052
-1.855999882045327e-05,0.0009999999747378752
-1.855599882012231e-05,0.0010399999737273902
-1.8551998819791347e-05,0.0010399999737273902
-1.8547998819460385e-05,0.0009999999747378752
-1.8543998819129424e-05,0.0010399999737273902
-1.8539998818798462e-05,0.0010399999737273902
-1.85359988184675e-05,0.0009999999747378752
-1.853199881813654e-05,0.0010799999727169052
-1.8527998817805578e-05,0.0009999999747378752
-1.8523998817474617e-05,0.0010799999727169052
-1.8519998817143655e-05,0.0010399999737273902
-1.8515998816812694e-05,0.0010799999727169052
-1.8511998816481732e-05,0.0010799999727169052
-1.850799881615077e-05,0.0010799999727169052
-1.850399881581981e-05,0.0010799999727169052
-1.8499998815488848e-05,0.0011199999717064202
-1.8495998815157886e-05,0.0010399999737273902
-1.8491998814826925e-05,0.0011199999717064202
-1.8487998814495963e-05,0.0009999999747378752
-1.8483998814165002e-05,0.0011199999717064202
-1.847999881383404e-05,0.0010399999737273902
-1.847599881350308e-05,0.0011199999717064202
-1.8471998813172117e-05,0.0010799999727169052
-1.8467998812841156e-05,0.0010799999727169052
-1.8463998812510194e-05,0.0011199999717064202
-1.8459998812179233e-05,0.0011199999717064202
-1.845599881184827e-05,0.0010799999727169052
-1.845199881151731e-05,0.0011999999696854502
-1.844799881118635e-05,0.0010799999727169052
-1.8443998810855387e-05,0.0011999999696854502
-1.8439998810524425e-05,0.0011199999717064202
-1.8435998810193464e-05,0.0011199999717064202
-1.8431998809862502e-05,0.0011599999706959352
-1.842799880953154e-05,0.0011599999706959352
-1.842399880920058e-05,0.0011599999706959352
-1.8419998808869618e-05,0.0011599999706959352
-1.8415998808538656e-05,0.0011199999717064202
-1.8411998808207695e-05,0.0011999999696854502
-1.8407998807876734e-05,0.0010799999727169052
-1.8403998807545772e-05,0.0011999999696854502
-1.839999880721481e-05,0.0011199999717064202
-1.839599880688385e-05,0.0011999999696854502
-1.8391998806552888e-05,0.0011999999696854502
-1.8387998806221926e-05,0.0011999999696854502
-1.8383998805890965e-05,0.0011999999696854502
-1.8379998805560003e-05,0.0011999999696854502
-1.837599880522904e-05,0.0011599999706959352
-1.837199880489808e-05,0.0012399999686749652
-1.836799880456712e-05,0.0011599999706959352
-1.8363998804236157e-05,0.0012799999676644802
-1.8359998803905196e-05,0.0011599999706959352
-1.8355998803574234e-05,0.0011999999696854502
-1.8351998803243273e-05,0.0011999999696854502
-1.834799880291231e-05,0.0011999999696854502
-1.834399880258135e-05,0.0011999999696854502
-1.8339998802250388e-05,0.0012399999686749652
-1.8335998801919427e-05,0.0011599999706959352
-1.8331998801588465e-05,0.0012799999676644802
-1.8327998801257504e-05,0.0011599999706959352
-1.8323998800926542e-05,0.0013199999666539952
-1.831999880059558e-05,0.0012399999686749652
-1.831599880026462e-05,0.0012799999676644802
-1.8311998799933658e-05,0.0012799999676644802
-1.8307998799602696e-05,0.0012399999686749652
-1.8303998799271735e-05,0.0012399999686749652
-1.8299998798940773e-05,0.0012799999676644802
-1.8295998798609812e-05,0.0011999999696854502
-1.829199879827885e-05,0.0013199999666539952
-1.828799879794789e-05,0.0011999999696854502
-1.8283998797616928e-05,0.0013199999666539952
-1.8279998797285966e-05,0.0012399999686749652
-1.8275998796955005e-05,0.0012799999676644802
-1.8271998796624043e-05,0.0013199999666539952
-1.826799879629308e-05,0.0012399999686749652
-1.826399879596212e-05,0.0012799999676644802
-1.825999879563116e-05,0.0013199999666539952
-1.8255998795300197e-05,0.0012399999686749652
-1.8251998794969236e-05,0.0013599999656435102
-1.8247998794638274e-05,0.0012399999686749652
-1.8243998794307313e-05,0.0013599999656435102
-1.823999879397635e-05,0.0012799999676644802
-1.823599879364539e-05,0.0013199999666539952
-1.8231998793314428e-05,0.0013599999656435102
-1.8227998792983467e-05,0.0013199999666539952
-1.8223998792652505e-05,0.0013199999666539952
-1.8219998792321544e-05,0.0013199999666539952
-1.8215998791990582e-05,0.0012799999676644802
-1.821199879165962e-05,0.0013999999646330252
-1.820799879132866e-05,0.0012799999676644802
-1.8203998790997698e-05,0.0013599999656435102
-1.8199998790666736e-05,0.0013199999666539952
-1.8195998790335775e-05,0.0013599999656435102
-1.8191998790004813e-05,0.0013599999656435102
-1.8187998789673852e-05,0.0013199999666539952
-1.818399878934289e-05,0.0013599999656435102
-1.817999878901193e-05,0.0013599999656435102
-1.8175998788680967e-05,0.0013199999666539952
-1.8171998788350006e-05,0.0014399999636225402
-1.8167998788019044e-05,0.0013199999666539952
-1.8163998787688083e-05,0.0014399999636225402
-1.815999878735712e-05,0.0013599999656435102
-1.815599878702616e-05,0.0013999999646330252
-1.81519987866952e-05,0.0013999999646330252
-1.8147998786364237e-05,0.0013599999656435102
-1.8143998786033276e-05,0.0013999999646330252
-1.8139998785702314e-05,0.0013999999646330252
-1.8135998785371353e-05,0.0013199999666539952
-1.813199878504039e-05,0.0014399999636225402
-1.812799878470943e-05,0.0013199999666539952
-1.8123998784378468e-05,0.0014399999636225402
-1.8119998784047507e-05,0.0013599999656435102
-1.8115998783716545e-05,0.0013999999646330252
-1.8111998783385584e-05,0.0014399999636225402
-1.8107998783054622e-05,0.0013999999646330252
-1.810399878272366e-05,0.0014399999636225402
-1.80999987823927e-05,0.0014399999636225402
-1.8095998782061738e-05,0.0013999999646330252
-1.8091998781730776e-05,0.0015199999616015702
-1.8087998781399815e-05,0.0013599999656435102
-1.8083998781068853e-05,0.0014799999626120552
-1.8079998780737892e-05,0.0013999999646330252
-1.807599878040693e-05,0.0014399999636225402
-1.807199878007597e-05,0.0014399999636225402
-1.8067998779745007e-05,0.0013999999646330252
-1.8063998779414046e-05,0.0014399999636225402
-1.8059998779083084e-05,0.0014399999636225402
-1.8055998778752123e-05,0.0013599999656435102
-1.805199877842116e-05,0.0015199999616015702
-1.80479987780902e-05,0.0013599999656435102
-1.804399877775924e-05,0.0015199999616015702
-1.8039998777428277e-05,0.0014399999636225402
-1.8035998777097316e-05,0.0014799999626120552
-1.8031998776766354e-05,0.0014799999626120552
-1.8027998776435393e-05,0.0014399999636225402
-1.802399877610443e-05,0.0014799999626120552
-1.801999877577347e-05,0.0014799999626120552
-1.8015998775442508e-05,0.0013999999646330252
-1.8011998775111547e-05,0.0015199999616015702
-1.8007998774780585e-05,0.0013999999646330252
-1.8003998774449624e-05,0.0015599999605910853
-1.7999998774118662e-05,0.0014399999636225402
-1.79959987737877e-05,0.0014799999626120552
-1.799199877345674e-05,0.0015199999616015702
-1.7987998773125778e-05,0.0014399999636225402
-1.7983998772794816e-05,0.0014799999626120552
-1.7979998772463855e-05,0.0015199999616015702
-1.7975998772132893e-05,0.0014399999636225402
-1.7971998771801932e-05,0.0015599999605910853
-1.796799877147097e-05,0.0014399999636225402
-1.796399877114001e-05,0.0015599999605910853
-1.7959998770809047e-05,0.0014799999626120552
-1.7955998770478086e-05,0.0015199999616015702
-1.7951998770147124e-05,0.0015599999605910853
-1.7947998769816163e-05,0.0014799999626120552
-1.79439987694852e-05,0.0015199999616015702
-1.793999876915424e-05,0.0015199999616015702
-1.793599876882328e-05,0.0014399999636225402
-1.7931998768492317e-05,0.0015599999605910853
-1.7927998768161355e-05,0.0014399999636225402
-1.7923998767830394e-05,0.0015999999595806003
-1.7919998767499432e-05,0.0014799999626120552
-1.791599876716847e-05,0.0015199999616015702
-1.791199876683751e-05,0.0015599999605910853
-1.7907998766506548e-05,0.0015199999616015702
-1.7903998766175587e-05,0.0015199999616015702
-1.7899998765844625e-05,0.0015599999605910853
-1.7895998765513664e-05,0.0014799999626120552
-1.7891998765182702e-05,0.0015999999595806003
-1.788799876485174e-05,0.0014799999626120552
-1.788399876452078e-05,0.0015999999595806003
-1.7879998764189818e-05,0.0015199999616015702
-1.7875998763858856e-05,0.0015599999605910853
-1.7871998763527895e-05,0.0015999999595806003
-1.7867998763196933e-05,0.0015199999616015702
-1.786399876286597e-05,0.0015599999605910853
-1.785999876253501e-05,0.0015599999605910853
-1.785599876220405e-05,0.0015199999616015702
-1.7851998761873087e-05,0.0015999999595806003
-1.7847998761542126e-05,0.0014799999626120552
-1.7843998761211164e-05,0.0015999999595806003
-1.7839998760880203e-05,0.0015199999616015702
-1.783599876054924e-05,0.0015599999605910853
-1.783199876021828e-05,0.0015999999595806003
-1.782799875988732e-05,0.0015599999605910853
-1.7823998759556357e-05,0.0015999999595806003
-1.7819998759225395e-05,0.0015999999595806003
-1.7815998758894434e-05,0.0015199999616015702
-1.7811998758563472e-05,0.0016399999585701153
-1.780799875823251e-05,0.0014799999626120552
-1.780399875790155e-05,0.0016399999585701153
-1.7799998757570588e-05,0.0015599999605910853
-1.7795998757239626e-05,0.0015999999595806003
-1.7791998756908665e-05,0.0015999999595806003
-1.7787998756577703e-05,0.0015599999605910853
-1.7783998756246742e-05,0.0015999999595806003
-1.777999875591578e-05,0.0015999999595806003
-1.777599875558482e-05,0.0015599999605910853
-1.7771998755253858e-05,0.0016399999585701153
-1.7767998754922896e-05,0.0015199999616015702
-1.7763998754591935e-05,0.0016399999585701153
-1.7759998754260973e-05,0.0015599999605910853
-1.775599875393001e-05,0.0015999999595806003
-1.775199875359905e-05,0.0015999999595806003
-1.774799875326809e-05,0.0015599999605910853
-1.7743998752937127e-05,0.0015999999595806003
-1.7739998752606166e-05,0.0015999999595806003
-1.7735998752275204e-05,0.0015599999605910853
-1.7731998751944243e-05,0.0016799999575596303
-1.772799875161328e-05,0.0015199999616015702
-1.772399875128232e-05,0.0016799999575596303
-1.7719998750951358e-05,0.0015599999605910853
-1.7715998750620397e-05,0.0015999999595806003
-1.7711998750289435e-05,0.0016399999585701153
-1.7707998749958474e-05,0.0015999999595806003
-1.7703998749627512e-05,0.0016399999585701153
-1.769999874929655e-05,0.0016399999585701153
-1.769599874896559e-05,0.0015599999605910853
-1.7691998748634628e-05,0.0016799999575596303
-1.7687998748303666e-05,0.0015599999605910853
-1.7683998747972705e-05,0.0016799999575596303
-1.7679998747641743e-05,0.0015999999595806003
-1.7675998747310782e-05,0.0015999999595806003
-1.767199874697982e-05,0.0016399999585701153
-1.766799874664886e-05,0.0015999999595806003
-1.7663998746317897e-05,0.0016399999585701153
-1.7659998745986936e-05,0.0016399999585701153
-1.7655998745655975e-05,0.0015999999595806003
-1.7651998745325013e-05,0.0017199999565491453
-1.764799874499405e-05,0.0015599999605910853
-1.764399874466309e-05,0.0016799999575596303
-1.763999874433213e-05,0.0015999999595806003
-1.7635998744001167e-05,0.0016399999585701153
-1.7631998743670206e-05,0.0016799999575596303
-1.7627998743339244e-05,0.0015999999595806003
-1.7623998743008283e-05,0.0016399999585701153
-1.761999874267732e-05,0.0016399999585701153
-1.761599874234636e-05,0.0015599999605910853
-1.7611998742015398e-05,0.0017199999565491453
-1.7607998741684437e-05,0.0015599999605910853
-1.7603998741353475e-05,0.0016799999575596303
-1.7599998741022514e-05,0.0015999999595806003
-1.7595998740691552e-05,0.0016399999585701153
-1.759199874036059e-05,0.0016799999575596303
-1.758799874002963e-05,0.0015999999595806003
-1.7583998739698668e-05,0.0016399999585701153
-1.7579998739367706e-05,0.0016399999585701153
-1.7575998739036745e-05,0.0015999999595806003
-1.7571998738705783e-05,0.0017199999565491453
-1.7567998738374822e-05,0.0015599999605910853
-1.756399873804386e-05,0.0016799999575596303
-1.75599987377129e-05,0.0015999999595806003
-1.7555998737381937e-05,0.0016399999585701153
-1.7551998737050976e-05,0.0016799999575596303
-1.7547998736720014e-05,0.0015999999595806003
-1.7543998736389053e-05,0.0016399999585701153
-1.753999873605809e-05,0.0016799999575596303
-1.753599873572713e-05,0.0015999999595806003
-1.753199873539617e-05,0.0017199999565491453
-1.7527998735065207e-05,0.0015999999595806003
-1.7523998734734246e-05,0.0017199999565491453
-1.7519998734403284e-05,0.0015999999595806003
-1.7515998734072323e-05,0.0016399999585701153
-1.751199873374136e-05,0.0016799999575596303
-1.75079987334104e-05,0.0015999999595806003
-1.7503998733079438e-05,0.0016799999575596303
-1.7499998732748477e-05,0.0016799999575596303
-1.7495998732417515e-05,0.0015999999595806003
-1.7491998732086554e-05,0.0017199999565491453
-1.7487998731755592e-05,0.0015599999605910853
-1.748399873142463e-05,0.0017199999565491453
-1.747999873109367e-05,0.0015999999595806003
-1.7475998730762708e-05,0.0016399999585701153
-1.7471998730431746e-05,0.0016799999575596303
-1.7467998730100785e-05,0.0016399999585701153
-1.7463998729769823e-05,0.0016799999575596303
-1.7459998729438862e-05,0.0016799999575596303
-1.74559987291079e-05,0.0015999999595806003
-1.745199872877694e-05,0.0017199999565491453
-1.7447998728445977e-05,0.0015599999605910853
-1.7443998728115016e-05,0.0017199999565491453
-1.7439998727784054e-05,0.0015999999595806003
-1.7435998727453093e-05,0.0016399999585701153
-1.743199872712213e-05,0.0016799999575596303
-1.742799872679117e-05,0.0016399999585701153
-1.742399872646021e-05,0.0016799999575596303
-1.7419998726129247e-05,0.0016799999575596303
-1.7415998725798285e-05,0.0015999999595806003
-1.7411998725467324e-05,0.0017199999565491453
-1.7407998725136363e-05,0.0015599999605910853
-1.74039987248054e-05,0.0017199999565491453
-1.739999872447444e-05,0.0015999999595806003
-1.7395998724143478e-05,0.0016399999585701153
-1.7391998723812517e-05,0.0016799999575596303
-1.7387998723481555e-05,0.0015999999595806003
-1.7383998723150594e-05,0.0016399999585701153
-1.7379998722819632e-05,0.0016799999575596303
-1.737599872248867e-05,0.0015999999595806003
-1.737199872215771e-05,0.0017199999565491453
-1.7367998721826748e-05,0.0015599999605910853
-1.7363998721495786e-05,0.0017199999565491453
-1.7359998721164825e-05,0.0015999999595806003
-1.7355998720833863e-05,0.0016399999585701153
-1.7351998720502902e-05,0.0016799999575596303
-1.734799872017194e-05,0.0015999999595806003
-1.734399871984098e-05,0.0016799999575596303
-1.7339998719510017e-05,0.0016399999585701153
-1.7335998719179056e-05,0.0015999999595806003
-1.7331998718848094e-05,0.0017199999565491453
-1.7327998718517133e-05,0.0015599999605910853
-1.732399871818617e-05,0.0017199999565491453
-1.731999871785521e-05,0.0015999999595806003
-1.731599871752425e-05,0.0016399999585701153
-1.7311998717193287e-05,0.0016799999575596303
-1.7307998716862325e-05,0.0015999999595806003
-1.7303998716531364e-05,0.0016399999585701153
-1.7299998716200402e-05,0.0016399999585701153
-1.729599871586944e-05,0.0015999999595806003
-1.729199871553848e-05,0.0017199999565491453
-1.7287998715207518e-05,0.0015599999605910853
-1.7283998714876557e-05,0.0016799999575596303
-1.7279998714545595e-05,0.0015999999595806003
-1.7275998714214634e-05,0.0016399999585701153
-1.7271998713883672e-05,0.0016799999575596303
-1.726799871355271e-05,0.0015999999595806003
-1.726399871322175e-05,0.0016399999585701153
-1.7259998712890788e-05,0.0016799999575596303
-1.7255998712559826e-05,0.0015999999595806003
-1.7251998712228865e-05,0.0017199999565491453
-1.7247998711897903e-05,0.0015599999605910853
-1.724399871156694e-05,0.0016799999575596303
-1.723999871123598e-05,0.0015999999595806003
-1.723599871090502e-05,0.0016399999585701153
-1.7231998710574057e-05,0.0016799999575596303
-1.7227998710243096e-05,0.0015999999595806003
-1.7223998709912134e-05,0.0016399999585701153
-1.7219998709581173e-05,0.0016399999585701153
-1.721599870925021e-05,0.0015599999605910853
-1.721199870891925e-05,0.0017199999565491453
-1.720799870858829e-05,0.0015599999605910853
-1.7203998708257327e-05,0.0016799999575596303
-1.7199998707926365e-05,0.0015999999595806003
-1.7195998707595404e-05,0.0015999999595806003
-1.7191998707264442e-05,0.0016799999575596303
-1.718799870693348e-05,0.0015999999595806003
-1.718399870660252e-05,0.0016399999585701153
-1.7179998706271558e-05,0.0016399999585701153
-1.7175998705940596e-05,0.0015599999605910853
-1.7171998705609635e-05,0.0017199999565491453
-1.7167998705278673e-05,0.0015599999605910853
-1.7163998704947712e-05,0.0016799999575596303
-1.715999870461675e-05,0.0015999999595806003
-1.715599870428579e-05,0.0015999999595806003
-1.7151998703954828e-05,0.0016399999585701153
-1.7147998703623866e-05,0.0015599999605910853
-1.7143998703292905e-05,0.0016399999585701153
-1.7139998702961943e-05,0.0016399999585701153
-1.713599870263098e-05,0.0015999999595806003
-1.713199870230002e-05,0.0017199999565491453
-1.712799870196906e-05,0.0015199999616015702
-1.7123998701638097e-05,0.0016799999575596303
-1.7119998701307136e-05,0.0015599999605910853
-1.7115998700976174e-05,0.0015999999595806003
-1.7111998700645213e-05,0.0016399999585701153
-1.710799870031425e-05,0.0015599999605910853
-1.710399869998329e-05,0.0016399999585701153
-1.7099998699652328e-05,0.0016399999585701153
-1.7095998699321367e-05,0.0015599999605910853
-1.7091998698990405e-05,0.0016799999575596303
-1.7087998698659444e-05,0.0015199999616015702
-1.7083998698328482e-05,0.0016799999575596303
-1.707999869799752e-05,0.0015999999595806003
-1.707599869766656e-05,0.0015999999595806003
-1.7071998697335598e-05,0.0016399999585701153
-1.7067998697004636e-05,0.0015599999605910853
-1.7063998696673675e-05,0.0016399999585701153
-1.7059998696342713e-05,0.0016399999585701153
-1.7055998696011752e-05,0.0015199999616015702
-1.705199869568079e-05,0.0016799999575596303
-1.704799869534983e-05,0.0015199999616015702
-1.7043998695018867e-05,0.0015999999595806003
-1.7039998694687906e-05,0.0015999999595806003
-1.7035998694356945e-05,0.0015599999605910853
-1.7031998694025983e-05,0.0015999999595806003
-1.702799869369502e-05,0.0015999999595806003
-1.702399869336406e-05,0.0015599999605910853
-1.70199986930331e-05,0.0016399999585701153
-1.7015998692702137e-05,0.0015599999605910853
-1.7011998692371176e-05,0.0015999999595806003
-1.7007998692040214e-05,0.0015999999595806003
-1.7003998691709253e-05,0.0015999999595806003
-1.699999869137829e-05,0.0015599999605910853
-1.699599869104733e-05,0.0015999999595806003
-1.6991998690716368e-05,0.0015599999605910853
-1.6987998690385407e-05,0.0015999999595806003
-1.6983998690054445e-05,0.0015599999605910853
-1.6979998689723484e-05,0.0016399999585701153
-1.6975998689392522e-05,0.0015599999605910853
-1.697199868906156e-05,0.0015999999595806003
-1.69679986887306e-05,0.0015999999595806003
-1.6963998688399638e-05,0.0015999999595806003
-1.6959998688068676e-05,0.0015199999616015702
-1.6955998687737715e-05,0.0015999999595806003
-1.6951998687406753e-05,0.0015599999605910853
-1.6947998687075792e-05,0.0015999999595806003
-1.694399868674483e-05,0.0015599999605910853
-1.693999868641387e-05,0.0015599999605910853
-1.6935998686082907e-05,0.0015599999605910853
-1.6931998685751946e-05,0.0015999999595806003
-1.6927998685420984e-05,0.0015599999605910853
-1.6923998685090023e-05,0.0015999999595806003
-1.691999868475906e-05,0.0015599999605910853
-1.69159986844281e-05,0.0015599999605910853
-1.691199868409714e-05,0.0015199999616015702
-1.6907998683766177e-05,0.0015599999605910853
-1.6903998683435216e-05,0.0015599999605910853
-1.6899998683104254e-05,0.0015599999605910853
-1.6895998682773293e-05,0.0015599999605910853
-1.689199868244233e-05,0.0015999999595806003
-1.688799868211137e-05,0.0015599999605910853
-1.6883998681780408e-05,0.0015999999595806003
-1.6879998681449447e-05,0.0015599999605910853
-1.6875998681118485e-05,0.0015999999595806003
-1.6871998680787524e-05,0.0015199999616015702
-1.6867998680456562e-05,0.0015599999605910853
-1.68639986801256e-05,0.0015199999616015702
-1.685999867979464e-05,0.0015599999605910853
-1.6855998679463678e-05,0.0015199999616015702
-1.6851998679132716e-05,0.0015199999616015702
-1.6847998678801755e-05,0.0014799999626120552
-1.6843998678470793e-05,0.0015599999605910853
-1.6839998678139832e-05,0.0015199999616015702
-1.683599867780887e-05,0.0015599999605910853
-1.683199867747791e-05,0.0015199999616015702
-1.6827998677146947e-05,0.0015599999605910853
-1.6823998676815986e-05,0.0015199999616015702
-1.6819998676485024e-05,0.0015599999605910853
-1.6815998676154063e-05,0.0015199999616015702
-1.68119986758231e-05,0.0015199999616015702
-1.680799867549214e-05,0.0014799999626120552
-1.680399867516118e-05,0.0015199999616015702
-1.6799998674830217e-05,0.0015599999605910853
-1.6795998674499255e-05,0.0017199999565491453
-1.6791998674168294e-05,0.0017999999545281753
-1.6787998673837332e-05,0.0019199999514967203
-1.678399867350637e-05,0.0018399999535176903
-1.677999867317541e-05,0.0016799999575596303
-1.6775998672844448e-05,0.0013999999646330252
-1.6771998672513487e-05,0.0011999999696854502
-1.6767998672182525e-05,0.0009599999757483602
-1.6763998671851564e-05,0.0007599999808007851
-1.6759998671520602e-05,0.0005999999848427251
-1.675599867118964e-05,0.0005199999868636951
-1.675199867085868e-05,0.00039999998989515007
-1.6747998670527718e-05,0.00039999998989515007
-1.6743998670196756e-05,0.00031999999191612005
-1.6739998669865795e-05,0.00027999999292660505
-1.6735998669534833e-05,0.00023999999393709004
-1.6731998669203872e-05,0.00023999999393709004
-1.672799866887291e-05,0.00019999999494757503
-1.672399866854195e-05,0.00019999999494757503
-1.6719998668210987e-05,0.00019999999494757503
-1.6715998667880026e-05,0.00019999999494757503
-1.6711998667549064e-05,0.00019999999494757503
-1.6707998667218103e-05,0.00019999999494757503
-1.670399866688714e-05,0.00019999999494757503
-1.669999866655618e-05,0.00023999999393709004
-1.669599866622522e-05,0.00019999999494757503
-1.6691998665894257e-05,0.00019999999494757503
-1.6687998665563295e-05,0.00019999999494757503
-1.6683998665232334e-05,0.00019999999494757503
-1.6679998664901372e-05,0.00019999999494757503
-1.667599866457041e-05,0.00019999999494757503
-1.667199866423945e-05,0.00015999999595806003
-1.6667998663908488e-05,0.00019999999494757503
-1.6663998663577526e-05,0.00015999999595806003
-1.6659998663246565e-05,0.00019999999494757503
-1.6655998662915604e-05,0.00015999999595806003
-1.6651998662584642e-05,0.00019999999494757503
-1.664799866225368e-05,0.00015999999595806003
-1.664399866192272e-05,0.00019999999494757503
-1.6639998661591758e-05,0.00015999999595806003
-1.6635998661260796e-05,0.00019999999494757503
-1.6631998660929835e-05,0.00019999999494757503
-1.6627998660598873e-05,0.00019999999494757503
-1.662399866026791e-05,0.00015999999595806003
-1.661999865993695e-05,0.00019999999494757503
-1.661599865960599e-05,0.00019999999494757503
-1.6611998659275027e-05,0.00019999999494757503
-1.6607998658944066e-05,0.00015999999595806003
-1.6603998658613104e-05,0.00019999999494757503
-1.6599998658282143e-05,0.00015999999595806003
-1.659599865795118e-05,0.00019999999494757503
-1.659199865762022e-05,0.00015999999595806003
-1.6587998657289258e-05,0.00019999999494757503
-1.6583998656958297e-05,0.00019999999494757503
-1.6579998656627335e-05,0.00019999999494757503
-1.6575998656296374e-05,0.00019999999494757503
-1.6571998655965412e-05,0.00019999999494757503
-1.656799865563445e-05,0.00015999999595806003
-1.656399865530349e-05,0.00019999999494757503
-1.6559998654972528e-05,0.00015999999595806003
-1.6555998654641566e-05,0.00019999999494757503
-1.6551998654310605e-05,0.00015999999595806003
-1.6547998653979643e-05,0.00015999999595806003
-1.6543998653648682e-05,0.00015999999595806003
-1.653999865331772e-05,0.00019999999494757503
-1.653599865298676e-05,0.00015999999595806003
-1.6531998652655798e-05,0.00019999999494757503
-1.6527998652324836e-05,0.00019999999494757503
-1.6523998651993875e-05,0.00019999999494757503
-1.6519998651662913e-05,0.00019999999494757503
-1.651599865133195e-05,0.00019999999494757503
-1.651199865100099e-05,0.00015999999595806003
-1.650799865067003e-05,0.00019999999494757503
-1.6503998650339067e-05,0.00015999999595806003
-1.6499998650008106e-05,0.00019999999494757503
-1.6495998649677144e-05,0.00015999999595806003
-1.6491998649346183e-05,0.00019999999494757503
-1.648799864901522e-05,0.00019999999494757503
-1.648399864868426e-05,0.00019999999494757503
-1.6479998648353298e-05,0.00019999999494757503
-1.6475998648022337e-05,0.00015999999595806003
-1.6471998647691375e-05,0.00015999999595806003
-1.6467998647360414e-05,0.00015999999595806003
-1.6463998647029452e-05,0.00015999999595806003
-1.645999864669849e-05,0.00019999999494757503
-1.645599864636753e-05,0.00019999999494757503
-1.6451998646036568e-05,0.00019999999494757503
-1.6447998645705606e-05,0.00015999999595806003
-1.6443998645374645e-05,0.00019999999494757503
-1.6439998645043683e-05,0.00015999999595806003
-1.6435998644712722e-05,0.00019999999494757503
-1.643199864438176e-05,0.00015999999595806003
-1.64279986440508e-05,0.00019999999494757503
-1.6423998643719837e-05,0.00019999999494757503
-1.6419998643388876e-05,0.00019999999494757503
-1.6415998643057914e-05,0.00015999999595806003
-1.6411998642726953e-05,0.00019999999494757503
-1.640799864239599e-05,0.00015999999595806003
-1.640399864206503e-05,0.00019999999494757503
-1.639999864173407e-05,0.00019999999494757503
-1.6395998641403107e-05,0.00019999999494757503
-1.6391998641072146e-05,0.00015999999595806003
-1.6387998640741184e-05,0.00019999999494757503
-1.6383998640410223e-05,0.00015999999595806003
-1.637999864007926e-05,0.00019999999494757503
-1.63759986397483e-05,0.00015999999595806003
-1.6371998639417338e-05,0.00019999999494757503
-1.6367998639086377e-05,0.00015999999595806003
-1.6363998638755415e-05,0.00019999999494757503
-1.6359998638424454e-05,0.00015999999595806003
-1.6355998638093492e-05,0.00015999999595806003
-1.635199863776253e-05,0.00015999999595806003
-1.634799863743157e-05,0.00015999999595806003
-1.6343998637100608e-05,0.00015999999595806003
-1.6339998636769646e-05,0.00015999999595806003
-1.6335998636438685e-05,0.00019999999494757503
-1.6331998636107723e-05,0.00019999999494757503
-1.6327998635776762e-05,0.00019999999494757503
-1.63239986354458e-05,0.00019999999494757503
-1.631999863511484e-05,0.00019999999494757503
-1.6315998634783877e-05,0.00019999999494757503
-1.6311998634452916e-05,0.00015999999595806003
-1.6307998634121954e-05,0.00015999999595806003
-1.6303998633790993e-05,0.00015999999595806003
-1.629999863346003e-05,0.00015999999595806003
-1.629599863312907e-05,0.00015999999595806003
-1.629199863279811e-05,0.00019999999494757503
-1.6287998632467147e-05,0.00015999999595806003
-1.6283998632136186e-05,0.00019999999494757503
-1.6279998631805224e-05,0.00019999999494757503
-1.6275998631474263e-05,0.00019999999494757503
-1.62719986311433e-05,0.00015999999595806003
-1.626799863081234e-05,0.00019999999494757503
-1.6263998630481378e-05,0.00015999999595806003
-1.6259998630150417e-05,0.00015999999595806003
-1.6255998629819455e-05,0.00015999999595806003
-1.6251998629488494e-05,0.00019999999494757503
-1.6247998629157532e-05,0.00019999999494757503
-1.624399862882657e-05,0.00019999999494757503
-1.623999862849561e-05,0.00019999999494757503
-1.6235998628164648e-05,0.00019999999494757503
-1.6231998627833686e-05,0.00015999999595806003
-1.6227998627502725e-05,0.00019999999494757503
-1.6223998627171763e-05,0.00015999999595806003
-1.6219998626840802e-05,0.00015999999595806003
-1.621599862650984e-05,0.00015999999595806003
-1.621199862617888e-05,0.00019999999494757503
-1.6207998625847917e-05,0.00019999999494757503
-1.6203998625516956e-05,0.00019999999494757503
-1.6199998625185994e-05,0.00019999999494757503
-1.6195998624855033e-05,0.00019999999494757503
-1.619199862452407e-05,0.00015999999595806003
-1.618799862419311e-05,0.00015999999595806003
-1.618399862386215e-05,0.00015999999595806003
-1.6179998623531187e-05,0.00019999999494757503
-1.6175998623200225e-05,0.00015999999595806003
-1.6171998622869264e-05,0.00019999999494757503
-1.6167998622538302e-05,0.00015999999595806003
-1.616399862220734e-05,0.00019999999494757503
-1.615999862187638e-05,0.00015999999595806003
-1.6155998621545418e-05,0.00019999999494757503
-1.6151998621214457e-05,0.00019999999494757503
-1.6147998620883495e-05,0.00019999999494757503
-1.6143998620552534e-05,0.00019999999494757503
-1.6139998620221572e-05,0.00015999999595806003
-1.613599861989061e-05,0.00015999999595806003
-1.613199861955965e-05,0.00015999999595806003
-1.6127998619228688e-05,0.00015999999595806003
-1.6123998618897726e-05,0.00019999999494757503
-1.6119998618566765e-05,0.00019999999494757503
-1.6115998618235803e-05,0.00019999999494757503
-1.6111998617904842e-05,0.00015999999595806003
-1.610799861757388e-05,0.00019999999494757503
-1.610399861724292e-05,0.00015999999595806003
-1.6099998616911957e-05,0.00019999999494757503
-1.6095998616580996e-05,0.00015999999595806003
-1.6091998616250034e-05,0.00019999999494757503
-1.6087998615919073e-05,0.00015999999595806003
-1.608399861558811e-05,0.00019999999494757503
-1.607999861525715e-05,0.00015999999595806003
-1.607599861492619e-05,0.00019999999494757503
-1.6071998614595227e-05,0.00019999999494757503
-1.6067998614264265e-05,0.00015999999595806003
-1.6063998613933304e-05,0.00015999999595806003
-1.6059998613602342e-05,0.00019999999494757503
-1.605599861327138e-05,0.00015999999595806003
-1.605199861294042e-05,0.00019999999494757503
-1.6047998612609458e-05,0.00015999999595806003
-1.6043998612278496e-05,0.00019999999494757503
-1.6039998611947535e-05,0.00015999999595806003
-1.6035998611616574e-05,0.00019999999494757503
-1.6031998611285612e-05,0.00015999999595806003
-1.602799861095465e-05,0.00019999999494757503
-1.602399861062369e-05,0.00015999999595806003
-1.6019998610292728e-05,0.00015999999595806003
-1.6015998609961766e-05,0.00015999999595806003
-1.6011998609630805e-05,0.00019999999494757503
-1.6007998609299843e-05,0.00015999999595806003
-1.600399860896888e-05,0.00019999999494757503
-1.599999860863792e-05,0.00019999999494757503
-1.599599860830696e-05,0.00019999999494757503
-1.5991998607975997e-05,0.00019999999494757503
-1.5987998607645036e-05,0.00019999999494757503
-1.5983998607314074e-05,0.00015999999595806003
-1.5979998606983113e-05,0.00015999999595806003
-1.597599860665215e-05,0.00015999999595806003
-1.597199860632119e-05,0.00019999999494757503
-1.5967998605990228e-05,0.00019999999494757503
-1.5963998605659267e-05,0.00019999999494757503
-1.5959998605328305e-05,0.00015999999595806003
-1.5955998604997344e-05,0.00019999999494757503
-1.5951998604666382e-05,0.00019999999494757503
-1.594799860433542e-05,0.00019999999494757503
-1.594399860400446e-05,0.00019999999494757503
-1.5939998603673498e-05,0.00019999999494757503
-1.5935998603342536e-05,0.00015999999595806003
-1.5931998603011575e-05,0.00015999999595806003
-1.5927998602680613e-05,0.00015999999595806003
-1.5923998602349652e-05,0.00019999999494757503
-1.591999860201869e-05,0.00019999999494757503
-1.591599860168773e-05,0.00019999999494757503
-1.5911998601356768e-05,0.00015999999595806003
-1.5907998601025806e-05,0.00019999999494757503
-1.5903998600694845e-05,0.00015999999595806003
-1.5899998600363883e-05,0.00019999999494757503
-1.589599860003292e-05,0.00015999999595806003
-1.589199859970196e-05,0.00019999999494757503
-1.5887998599371e-05,0.00015999999595806003
-1.5883998599040037e-05,0.00019999999494757503
-1.5879998598709076e-05,0.00015999999595806003
-1.5875998598378114e-05,0.00015999999595806003
-1.5871998598047153e-05,0.00015999999595806003
-1.586799859771619e-05,0.00015999999595806003
-1.586399859738523e-05,0.00015999999595806003
-1.5859998597054268e-05,0.00015999999595806003
-1.5855998596723307e-05,0.00015999999595806003
-1.5851998596392345e-05,0.00015999999595806003
-1.5847998596061384e-05,0.00015999999595806003
-1.5843998595730422e-05,0.00015999999595806003
-1.583999859539946e-05,0.00015999999595806003
-1.58359985950685e-05,0.00019999999494757503
-1.5831998594737538e-05,0.00019999999494757503
-1.5827998594406576e-05,0.00019999999494757503
-1.5823998594075615e-05,0.00015999999595806003
-1.5819998593744653e-05,0.00015999999595806003
-1.5815998593413692e-05,0.00015999999595806003
-1.581199859308273e-05,0.00015999999595806003
-1.580799859275177e-05,0.00015999999595806003
-1.5803998592420807e-05,0.00019999999494757503
-1.5799998592089846e-05,0.00015999999595806003
-1.5795998591758884e-05,0.00015999999595806003
-1.5791998591427923e-05,0.00015999999595806003
-1.578799859109696e-05,0.00019999999494757503
-1.5783998590766e-05,0.00019999999494757503
-1.577999859043504e-05,0.00019999999494757503
-1.5775998590104077e-05,0.00019999999494757503
-1.5771998589773116e-05,0.00019999999494757503
-1.5767998589442154e-05,0.00019999999494757503
-1.5763998589111193e-05,0.00019999999494757503
-1.575999858878023e-05,0.00015999999595806003
-1.575599858844927e-05,0.00019999999494757503
-1.5751998588118308e-05,0.00015999999595806003
-1.5747998587787347e-05,0.00015999999595806003
-1.5743998587456385e-05,0.00015999999595806003
-1.5739998587125424e-05,0.00015999999595806003
-1.5735998586794462e-05,0.00015999999595806003
-1.57319985864635e-05,0.00015999999595806003
-1.572799858613254e-05,0.00015999999595806003
-1.5723998585801578e-05,0.00019999999494757503
-1.5719998585470616e-05,0.00019999999494757503
-1.5715998585139655e-05,0.00019999999494757503
-1.5711998584808693e-05,0.00019999999494757503
-1.5707998584477732e-05,0.00019999999494757503
-1.570399858414677e-05,0.00019999999494757503
-1.569999858381581e-05,0.00019999999494757503
-1.5695998583484847e-05,0.00015999999595806003
-1.5691998583153886e-05,0.00019999999494757503
-1.5687998582822924e-05,0.00015999999595806003
-1.5683998582491963e-05,0.00015999999595806003
-1.5679998582161e-05,0.00015999999595806003
-1.567599858183004e-05,0.00015999999595806003
-1.567199858149908e-05,0.00015999999595806003
-1.5667998581168117e-05,0.00015999999595806003
-1.5663998580837155e-05,0.00015999999595806003
-1.5659998580506194e-05,0.00015999999595806003
-1.5655998580175233e-05,0.00019999999494757503
-1.565199857984427e-05,0.00019999999494757503
-1.564799857951331e-05,0.00019999999494757503
-1.5643998579182348e-05,0.00019999999494757503
-1.5639998578851387e-05,0.00019999999494757503
-1.5635998578520425e-05,0.00019999999494757503
-1.5631998578189464e-05,0.00019999999494757503
-1.5627998577858502e-05,0.00015999999595806003
-1.562399857752754e-05,0.00015999999595806003
-1.561999857719658e-05,0.00015999999595806003
-1.5615998576865618e-05,0.00015999999595806003
-1.5611998576534656e-05,0.00015999999595806003
-1.5607998576203695e-05,0.00015999999595806003
-1.5603998575872733e-05,0.00015999999595806003
-1.5599998575541772e-05,0.00015999999595806003
-1.559599857521081e-05,0.00019999999494757503
-1.559199857487985e-05,0.00019999999494757503
-1.5587998574548887e-05,0.00019999999494757503
-1.5583998574217926e-05,0.00019999999494757503
-1.5579998573886964e-05,0.00019999999494757503
-1.5575998573556003e-05,0.00015999999595806003
-1.557199857322504e-05,0.00015999999595806003
-1.556799857289408e-05,0.00015999999595806003
-1.556399857256312e-05,0.00019999999494757503
-1.5559998572232157e-05,0.00015999999595806003
-1.5555998571901195e-05,0.00015999999595806003
-1.5551998571570234e-05,0.00015999999595806003
-1.5547998571239272e-05,0.00015999999595806003
-1.554399857090831e-05,0.00015999999595806003
-1.553999857057735e-05,0.00019999999494757503
-1.5535998570246388e-05,0.00015999999595806003
-1.5531998569915427e-05,0.00019999999494757503
-1.5527998569584465e-05,0.00019999999494757503
-1.5523998569253504e-05,0.00019999999494757503
-1.5519998568922542e-05,0.00019999999494757503
-1.551599856859158e-05,0.00019999999494757503
-1.551199856826062e-05,0.00015999999595806003
-1.5507998567929658e-05,0.00015999999595806003
-1.5503998567598696e-05,0.00015999999595806003
-1.5499998567267735e-05,0.00015999999595806003
-1.5495998566936773e-05,0.00015999999595806003
-1.549199856660581e-05,0.00015999999595806003
-1.548799856627485e-05,0.00015999999595806003
-1.548399856594389e-05,0.00015999999595806003
-1.5479998565612927e-05,0.00015999999595806003
-1.5475998565281966e-05,0.00019999999494757503
-1.5471998564951004e-05,0.00015999999595806003
-1.5467998564620043e-05,0.00015999999595806003
-1.546399856428908e-05,0.00015999999595806003
-1.545999856395812e-05,0.00019999999494757503
-1.545599856362716e-05,0.00019999999494757503
-1.5451998563296197e-05,0.00019999999494757503
-1.5447998562965235e-05,0.00015999999595806003
-1.5443998562634274e-05,0.00015999999595806003
-1.5439998562303312e-05,0.00015999999595806003
-1.543599856197235e-05,0.00019999999494757503
-1.543199856164139e-05,0.00015999999595806003
-1.5427998561310428e-05,0.00019999999494757503
-1.5423998560979466e-05,0.00015999999595806003
-1.5419998560648505e-05,0.00019999999494757503
-1.5415998560317543e-05,0.00015999999595806003
-1.5411998559986582e-05,0.00019999999494757503
-1.540799855965562e-05,0.00015999999595806003
-1.540399855932466e-05,0.00019999999494757503
-1.5399998558993698e-05,0.00015999999595806003
-1.5395998558662736e-05,0.00019999999494757503
-1.5391998558331775e-05,0.00015999999595806003
-1.5387998558000813e-05,0.00019999999494757503
-1.538399855766985e-05,0.00019999999494757503
-1.537999855733889e-05,0.00019999999494757503
-1.537599855700793e-05,0.00015999999595806003
-1.5371998556676967e-05,0.00015999999595806003
-1.5367998556346006e-05,0.00015999999595806003
-1.5363998556015044e-05,0.00015999999595806003
-1.5359998555684083e-05,0.00015999999595806003
-1.535599855535312e-05,0.00015999999595806003
-1.535199855502216e-05,0.00015999999595806003
-1.5347998554691198e-05,0.00015999999595806003
-1.5343998554360237e-05,0.00015999999595806003
-1.5339998554029275e-05,0.00015999999595806003
-1.5335998553698314e-05,0.00015999999595806003
-1.5331998553367352e-05,0.00019999999494757503
-1.532799855303639e-05,0.00015999999595806003
-1.532399855270543e-05,0.00015999999595806003
-1.5319998552374468e-05,0.00015999999595806003
-1.5315998552043506e-05,0.00019999999494757503
-1.5311998551712545e-05,0.00015999999595806003
-1.5307998551381583e-05,0.00019999999494757503
-1.5303998551050622e-05,0.00019999999494757503
-1.529999855071966e-05,0.00019999999494757503
-1.52959985503887e-05,0.00015999999595806003
-1.5291998550057737e-05,0.00015999999595806003
-1.5287998549726776e-05,0.00015999999595806003
-1.5283998549395815e-05,0.00015999999595806003
-1.5279998549064853e-05,0.00015999999595806003
-1.527599854873389e-05,0.00019999999494757503
-1.527199854840293e-05,0.00019999999494757503
-1.526799854807197e-05,0.00019999999494757503
-1.5263998547741007e-05,0.00019999999494757503
-1.5259998547410046e-05,0.00019999999494757503
-1.5255998547079084e-05,0.00019999999494757503
-1.5251998546748123e-05,0.00019999999494757503
-1.5247998546417161e-05,0.00015999999595806003
-1.52439985460862e-05,0.00015999999595806003
-1.5239998545755238e-05,0.00015999999595806003
-1.5235998545424277e-05,0.00015999999595806003
-1.5231998545093315e-05,0.00015999999595806003
-1.5227998544762354e-05,0.00015999999595806003
-1.5223998544431392e-05,0.00015999999595806003
-1.521999854410043e-05,0.00015999999595806003
-1.521599854376947e-05,0.00015999999595806003
-1.5211998543438508e-05,0.00019999999494757503
-1.5207998543107546e-05,0.00015999999595806003
-1.5203998542776585e-05,0.00019999999494757503
-1.5199998542445623e-05,0.00015999999595806003
-1.5195998542114662e-05,0.00019999999494757503
-1.51919985417837e-05,0.00019999999494757503
-1.5187998541452739e-05,0.00019999999494757503
-1.5183998541121777e-05,0.00015999999595806003
-1.5179998540790816e-05,0.00019999999494757503
-1.5175998540459854e-05,0.00015999999595806003
-1.5171998540128893e-05,0.00015999999595806003
-1.5167998539797931e-05,0.00015999999595806003
-1.516399853946697e-05,0.00015999999595806003
-1.5159998539136009e-05,0.00015999999595806003
-1.5155998538805047e-05,0.00019999999494757503
-1.5151998538474086e-05,0.00015999999595806003
-1.5147998538143124e-05,0.00019999999494757503
-1.5143998537812163e-05,0.00019999999494757503
-1.5139998537481201e-05,0.00019999999494757503
-1.513599853715024e-05,0.00019999999494757503
-1.5131998536819278e-05,0.00019999999494757503
-1.5127998536488317e-05,0.00015999999595806003
-1.5123998536157355e-05,0.00015999999595806003
-1.5119998535826394e-05,0.00015999999595806003
-1.5115998535495432e-05,0.00015999999595806003
-1.511199853516447e-05,0.00015999999595806003
-1.510799853483351e-05,0.00019999999494757503
-1.5103998534502548e-05,0.00015999999595806003
-1.5099998534171586e-05,0.00019999999494757503
-1.5095998533840625e-05,0.00015999999595806003
-1.5091998533509663e-05,0.00015999999595806003
-1.5087998533178702e-05,0.00015999999595806003
-1.508399853284774e-05,0.00015999999595806003
-1.5079998532516779e-05,0.00015999999595806003
-1.5075998532185817e-05,0.00019999999494757503
-1.5071998531854856e-05,0.00019999999494757503
-1.5067998531523894e-05,0.00019999999494757503
-1.5063998531192933e-05,0.00019999999494757503
-1.5059998530861971e-05,0.00019999999494757503
-1.505599853053101e-05,0.00019999999494757503
-1.5051998530200048e-05,0.00019999999494757503
-1.5047998529869087e-05,0.00015999999595806003
-1.5043998529538125e-05,0.00015999999595806003
-1.5039998529207164e-05,0.00015999999595806003
-1.5035998528876203e-05,0.00015999999595806003
-1.5031998528545241e-05,0.00015999999595806003
-1.502799852821428e-05,0.00019999999494757503
-1.5023998527883318e-05,0.00019999999494757503
-1.5019998527552357e-05,0.00015999999595806003
-1.5015998527221395e-05,0.00015999999595806003
-1.5011998526890434e-05,0.00019999999494757503
-1.5007998526559472e-05,0.00015999999595806003
-1.500399852622851e-05,0.00019999999494757503
-1.4999998525897549e-05,0.00015999999595806003
-1.4995998525566588e-05,0.00015999999595806003
-1.4991998525235626e-05,0.00015999999595806003
-1.4987998524904665e-05,0.00015999999595806003
-1.4983998524573703e-05,0.00015999999595806003
-1.4979998524242742e-05,0.00019999999494757503
-1.497599852391178e-05,0.00019999999494757503
-1.4971998523580819e-05,0.00019999999494757503
-1.4967998523249857e-05,0.00015999999595806003
-1.4963998522918896e-05,0.00015999999595806003
-1.4959998522587934e-05,0.00015999999595806003
-1.4955998522256973e-05,0.00019999999494757503
-1.4951998521926011e-05,0.00015999999595806003
-1.494799852159505e-05,0.00015999999595806003
-1.4943998521264088e-05,0.00015999999595806003
-1.4939998520933127e-05,0.00019999999494757503
-1.4935998520602165e-05,0.00015999999595806003
-1.4931998520271204e-05,0.00019999999494757503
-1.4927998519940242e-05,0.00015999999595806003
-1.4923998519609281e-05,0.00019999999494757503
-1.491999851927832e-05,0.00015999999595806003
-1.4915998518947358e-05,0.00019999999494757503
-1.4911998518616397e-05,0.00019999999494757503
-1.4907998518285435e-05,0.00019999999494757503
-1.4903998517954474e-05,0.00015999999595806003
-1.4899998517623512e-05,0.00019999999494757503
-1.489599851729255e-05,0.00015999999595806003
-1.4891998516961589e-05,0.00019999999494757503
-1.4887998516630628e-05,0.00015999999595806003
-1.4883998516299666e-05,0.00019999999494757503
-1.4879998515968705e-05,0.00015999999595806003
-1.4875998515637743e-05,0.00019999999494757503
-1.4871998515306782e-05,0.00015999999595806003
-1.486799851497582e-05,0.00015999999595806003
-1.4863998514644859e-05,0.00015999999595806003
-1.4859998514313897e-05,0.00019999999494757503
-1.4855998513982936e-05,0.00015999999595806003
-1.4851998513651974e-05,0.00015999999595806003
-1.4847998513321013e-05,0.00015999999595806003
-1.4843998512990051e-05,0.00015999999595806003
-1.483999851265909e-05,0.00015999999595806003
-1.4835998512328128e-05,0.00015999999595806003
-1.4831998511997167e-05,0.00015999999595806003
-1.4827998511666205e-05,0.00019999999494757503
-1.4823998511335244e-05,0.00015999999595806003
-1.4819998511004282e-05,0.00015999999595806003
-1.4815998510673321e-05,0.00015999999595806003
-1.481199851034236e-05,0.00015999999595806003
-1.4807998510011398e-05,0.00015999999595806003
-1.4803998509680436e-05,0.00015999999595806003
-1.4799998509349475e-05,0.00015999999595806003
-1.4795998509018513e-05,0.00019999999494757503
-1.4791998508687552e-05,0.00015999999595806003
-1.478799850835659e-05,0.00019999999494757503
-1.4783998508025629e-05,0.00019999999494757503
-1.4779998507694668e-05,0.00019999999494757503
-1.4775998507363706e-05,0.00019999999494757503
-1.4771998507032745e-05,0.00019999999494757503
-1.4767998506701783e-05,0.00015999999595806003
-1.4763998506370822e-05,0.00015999999595806003
-1.475999850603986e-05,0.00015999999595806003
-1.4755998505708899e-05,0.00019999999494757503
-1.4751998505377937e-05,0.00015999999595806003
-1.4747998505046976e-05,0.00019999999494757503
-1.4743998504716014e-05,0.00019999999494757503
-1.4739998504385053e-05,0.00019999999494757503
-1.4735998504054091e-05,0.00019999999494757503
-1.473199850372313e-05,0.00019999999494757503
-1.4727998503392168e-05,0.00015999999595806003
-1.4723998503061207e-05,0.00015999999595806003
-1.4719998502730245e-05,0.00015999999595806003
-1.4715998502399284e-05,0.00019999999494757503
-1.4711998502068322e-05,0.00015999999595806003
-1.470799850173736e-05,0.00019999999494757503
-1.47039985014064e-05,0.00015999999595806003
-1.4699998501075438e-05,0.00019999999494757503
-1.4695998500744476e-05,0.00015999999595806003
-1.4691998500413515e-05,0.00019999999494757503
-1.4687998500082553e-05,0.00015999999595806003
-1.4683998499751592e-05,0.00019999999494757503
-1.467999849942063e-05,0.00015999999595806003
-1.4675998499089669e-05,0.00019999999494757503
-1.4671998498758707e-05,0.00015999999595806003
-1.4667998498427746e-05,0.00015999999595806003
-1.4663998498096784e-05,0.00015999999595806003
-1.4659998497765823e-05,0.00019999999494757503
-1.4655998497434862e-05,0.00019999999494757503
-1.46519984971039e-05,0.00019999999494757503
-1.4647998496772939e-05,0.00015999999595806003
-1.4643998496441977e-05,0.00019999999494757503
-1.4639998496111016e-05,0.00015999999595806003
-1.4635998495780054e-05,0.00015999999595806003
-1.4631998495449093e-05,0.00015999999595806003
-1.4627998495118131e-05,0.00015999999595806003
-1.462399849478717e-05,0.00015999999595806003
-1.4619998494456208e-05,0.00019999999494757503
-1.4615998494125247e-05,0.00019999999494757503
-1.4611998493794285e-05,0.00019999999494757503
-1.4607998493463324e-05,0.00019999999494757503
-1.4603998493132362e-05,0.00019999999494757503
-1.45999984928014e-05,0.00015999999595806003
-1.459599849247044e-05,0.00015999999595806003
-1.4591998492139478e-05,0.00015999999595806003
-1.4587998491808516e-05,0.00019999999494757503
-1.4583998491477555e-05,0.00015999999595806003
-1.4579998491146593e-05,0.00015999999595806003
-1.4575998490815632e-05,0.00015999999595806003
-1.457199849048467e-05,0.00015999999595806003
-1.4567998490153709e-05,0.00015999999595806003
-1.4563998489822747e-05,0.00019999999494757503
-1.4559998489491786e-05,0.00019999999494757503
-1.4555998489160824e-05,0.00019999999494757503
-1.4551998488829863e-05,0.00015999999595806003
-1.4547998488498901e-05,0.00015999999595806003
-1.454399848816794e-05,0.00015999999595806003
-1.4539998487836978e-05,0.00015999999595806003
-1.4535998487506017e-05,0.00015999999595806003
-1.4531998487175056e-05,0.00019999999494757503
-1.4527998486844094e-05,0.00015999999595806003
-1.4523998486513133e-05,0.00015999999595806003
-1.4519998486182171e-05,0.00015999999595806003
-1.451599848585121e-05,0.00019999999494757503
-1.4511998485520248e-05,0.00015999999595806003
-1.4507998485189287e-05,0.00015999999595806003
-1.4503998484858325e-05,0.00015999999595806003
-1.4499998484527364e-05,0.00019999999494757503
-1.4495998484196402e-05,0.00015999999595806003
-1.449199848386544e-05,0.00019999999494757503
-1.448799848353448e-05,0.00015999999595806003
-1.4483998483203518e-05,0.00015999999595806003
-1.4479998482872556e-05,0.00015999999595806003
-1.4475998482541595e-05,0.00015999999595806003
-1.4471998482210633e-05,0.00015999999595806003
-1.4467998481879672e-05,0.00015999999595806003
-1.446399848154871e-05,0.00015999999595806003
-1.4459998481217749e-05,0.00015999999595806003
-1.4455998480886787e-05,0.00015999999595806003
-1.4451998480555826e-05,0.00019999999494757503
-1.4447998480224864e-05,0.00015999999595806003
-1.4443998479893903e-05,0.00019999999494757503
-1.4439998479562941e-05,0.00019999999494757503
-1.443599847923198e-05,0.00019999999494757503
-1.4431998478901018e-05,0.00015999999595806003
-1.4427998478570057e-05,0.00019999999494757503
-1.4423998478239095e-05,0.00015999999595806003
-1.4419998477908134e-05,0.00019999999494757503
-1.4415998477577172e-05,0.00015999999595806003
-1.4411998477246211e-05,0.00015999999595806003
-1.440799847691525e-05,0.00015999999595806003
-1.4403998476584288e-05,0.00019999999494757503
-1.4399998476253327e-05,0.00015999999595806003
-1.4395998475922365e-05,0.00019999999494757503
-1.4391998475591404e-05,0.00015999999595806003
-1.4387998475260442e-05,0.00019999999494757503
-1.438399847492948e-05,0.00019999999494757503
-1.4379998474598519e-05,0.00019999999494757503
-1.4375998474267558e-05,0.00015999999595806003
-1.4371998473936596e-05,0.00019999999494757503
-1.4367998473605635e-05,0.00015999999595806003
-1.4363998473274673e-05,0.00019999999494757503
-1.4359998472943712e-05,0.00015999999595806003
-1.435599847261275e-05,0.00019999999494757503
-1.4351998472281789e-05,0.00015999999595806003
-1.4347998471950827e-05,0.00019999999494757503
-1.4343998471619866e-05,0.00015999999595806003
-1.4339998471288904e-05,0.00015999999595806003
-1.4335998470957943e-05,0.00015999999595806003
-1.4331998470626981e-05,0.00015999999595806003
-1.432799847029602e-05,0.00015999999595806003
-1.4323998469965058e-05,0.00019999999494757503
-1.4319998469634097e-05,0.00015999999595806003
-1.4315998469303135e-05,0.00015999999595806003
-1.4311998468972174e-05,0.00015999999595806003
-1.4307998468641212e-05,0.00015999999595806003
-1.4303998468310251e-05,0.00015999999595806003
-1.429999846797929e-05,0.00015999999595806003
-1.4295998467648328e-05,0.00015999999595806003
-1.4291998467317366e-05,0.00019999999494757503
-1.4287998466986405e-05,0.00015999999595806003
-1.4283998466655444e-05,0.00015999999595806003
-1.4279998466324482e-05,0.00015999999595806003
-1.427599846599352e-05,0.00019999999494757503
-1.4271998465662559e-05,0.00015999999595806003
-1.4267998465331598e-05,0.00015999999595806003
-1.4263998465000636e-05,0.00015999999595806003
-1.4259998464669675e-05,0.00019999999494757503
-1.4255998464338713e-05,0.00015999999595806003
-1.4251998464007752e-05,0.00019999999494757503
-1.424799846367679e-05,0.00019999999494757503
-1.4243998463345829e-05,0.00015999999595806003
-1.4239998463014867e-05,0.00015999999595806003
-1.4235998462683906e-05,0.00015999999595806003
-1.4231998462352944e-05,0.00015999999595806003
-1.4227998462021983e-05,0.00015999999595806003
-1.4223998461691021e-05,0.00015999999595806003
-1.421999846136006e-05,0.00019999999494757503
-1.4215998461029098e-05,0.00019999999494757503
-1.4211998460698137e-05,0.00019999999494757503
-1.4207998460367175e-05,0.00015999999595806003
-1.4203998460036214e-05,0.00015999999595806003
-1.4199998459705252e-05,0.00015999999595806003
-1.4195998459374291e-05,0.00015999999595806003
-1.419199845904333e-05,0.00015999999595806003
-1.4187998458712368e-05,0.00015999999595806003
-1.4183998458381406e-05,0.00015999999595806003
-1.4179998458050445e-05,0.00015999999595806003
-1.4175998457719483e-05,0.00015999999595806003
-1.4171998457388522e-05,0.00019999999494757503
-1.416799845705756e-05,0.00015999999595806003
-1.4163998456726599e-05,0.00019999999494757503
-1.4159998456395638e-05,0.00019999999494757503
-1.4155998456064676e-05,0.00019999999494757503
-1.4151998455733715e-05,0.00015999999595806003
-1.4147998455402753e-05,0.00015999999595806003
-1.4143998455071792e-05,0.00015999999595806003
-1.413999845474083e-05,0.00019999999494757503
-1.4135998454409869e-05,0.00019999999494757503
-1.4131998454078907e-05,0.00019999999494757503
-1.4127998453747946e-05,0.00019999999494757503
-1.4123998453416984e-05,0.00019999999494757503
-1.4119998453086023e-05,0.00015999999595806003
-1.4115998452755061e-05,0.00019999999494757503
-1.41119984524241e-05,0.00015999999595806003
-1.4107998452093138e-05,0.00015999999595806003
-1.4103998451762177e-05,0.00015999999595806003
-1.4099998451431215e-05,0.00015999999595806003
-1.4095998451100254e-05,0.00015999999595806003
-1.4091998450769292e-05,0.00015999999595806003
-1.408799845043833e-05,0.00019999999494757503
-1.408399845010737e-05,0.00019999999494757503
-1.4079998449776408e-05,0.00019999999494757503
-1.4075998449445446e-05,0.00019999999494757503
-1.4071998449114485e-05,0.00015999999595806003
-1.4067998448783523e-05,0.00019999999494757503
-1.4063998448452562e-05,0.00015999999595806003
-1.40599984481216e-05,0.00015999999595806003
-1.4055998447790639e-05,0.00015999999595806003
-1.4051998447459677e-05,0.00015999999595806003
-1.4047998447128716e-05,0.00015999999595806003
-1.4043998446797754e-05,0.00019999999494757503
-1.4039998446466793e-05,0.00015999999595806003
-1.4035998446135832e-05,0.00019999999494757503
-1.403199844580487e-05,0.00015999999595806003
-1.4027998445473909e-05,0.00015999999595806003
-1.4023998445142947e-05,0.00015999999595806003
-1.4019998444811986e-05,0.00019999999494757503
-1.4015998444481024e-05,0.00015999999595806003
-1.4011998444150063e-05,0.00015999999595806003
-1.4007998443819101e-05,0.00015999999595806003
-1.400399844348814e-05,0.00015999999595806003
-1.3999998443157178e-05,0.00015999999595806003
-1.3995998442826217e-05,0.00015999999595806003
-1.3991998442495255e-05,0.00015999999595806003
-1.3987998442164294e-05,0.00015999999595806003
-1.3983998441833332e-05,0.00015999999595806003
-1.397999844150237e-05,0.00019999999494757503
-1.397599844117141e-05,0.00019999999494757503
-1.3971998440840448e-05,0.00015999999595806003
-1.3967998440509486e-05,0.00015999999595806003
-1.3963998440178525e-05,0.00015999999595806003
-1.3959998439847563e-05,0.00015999999595806003
-1.3955998439516602e-05,0.00019999999494757503
-1.395199843918564e-05,0.00015999999595806003
-1.3947998438854679e-05,0.00015999999595806003
-1.3943998438523717e-05,0.00015999999595806003
-1.3939998438192756e-05,0.00015999999595806003
-1.3935998437861794e-05,0.00015999999595806003
-1.3931998437530833e-05,0.00019999999494757503
-1.3927998437199871e-05,0.00015999999595806003
-1.392399843686891e-05,0.00019999999494757503
-1.3919998436537948e-05,0.00015999999595806003
-1.3915998436206987e-05,0.00015999999595806003
-1.3911998435876026e-05,0.00015999999595806003
-1.3907998435545064e-05,0.00015999999595806003
-1.3903998435214103e-05,0.00015999999595806003
-1.3899998434883141e-05,0.00019999999494757503
-1.389599843455218e-05,0.00015999999595806003
-1.3891998434221218e-05,0.00015999999595806003
-1.3887998433890257e-05,0.00015999999595806003
-1.3883998433559295e-05,0.00019999999494757503
-1.3879998433228334e-05,0.00015999999595806003
-1.3875998432897372e-05,0.00015999999595806003
-1.387199843256641e-05,0.00015999999595806003
-1.386799843223545e-05,0.00015999999595806003
-1.3863998431904488e-05,0.00015999999595806003
-1.3859998431573526e-05,0.00019999999494757503
-1.3855998431242565e-05,0.00015999999595806003
-1.3851998430911603e-05,0.00015999999595806003
-1.3847998430580642e-05,0.00015999999595806003
-1.384399843024968e-05,0.00019999999494757503
-1.3839998429918719e-05,0.00019999999494757503
-1.3835998429587757e-05,0.00019999999494757503
-1.3831998429256796e-05,0.00015999999595806003
-1.3827998428925834e-05,0.00015999999595806003
-1.3823998428594873e-05,0.00015999999595806003
-1.3819998428263911e-05,0.00015999999595806003
-1.381599842793295e-05,0.00015999999595806003
-1.3811998427601988e-05,0.00019999999494757503
-1.3807998427271027e-05,0.00015999999595806003
-1.3803998426940065e-05,0.00019999999494757503
-1.3799998426609104e-05,0.00019999999494757503
-1.3795998426278142e-05,0.00015999999595806003
-1.3791998425947181e-05,0.00015999999595806003
-1.378799842561622e-05,0.00015999999595806003
-1.3783998425285258e-05,0.00015999999595806003
-1.3779998424954297e-05,0.00015999999595806003
-1.3775998424623335e-05,0.00015999999595806003
-1.3771998424292374e-05,0.00015999999595806003
-1.3767998423961412e-05,0.00015999999595806003
-1.376399842363045e-05,0.00019999999494757503
-1.3759998423299489e-05,0.00015999999595806003
-1.3755998422968528e-05,0.00015999999595806003
-1.3751998422637566e-05,0.00015999999595806003
-1.3747998422306605e-05,0.00019999999494757503
-1.3743998421975643e-05,0.00015999999595806003
-1.3739998421644682e-05,0.00015999999595806003
-1.373599842131372e-05,0.00015999999595806003
-1.3731998420982759e-05,0.00015999999595806003
-1.3727998420651797e-05,0.00015999999595806003
-1.3723998420320836e-05,0.00015999999595806003
-1.3719998419989874e-05,0.00015999999595806003
-1.3715998419658913e-05,0.00019999999494757503
-1.3711998419327951e-05,0.00015999999595806003
-1.370799841899699e-05,0.00019999999494757503
-1.3703998418666028e-05,0.00015999999595806003
-1.3699998418335067e-05,0.00015999999595806003
-1.3695998418004105e-05,0.00015999999595806003
-1.3691998417673144e-05,0.00019999999494757503
-1.3687998417342182e-05,0.00015999999595806003
-1.3683998417011221e-05,0.00019999999494757503
-1.367999841668026e-05,0.00019999999494757503
-1.3675998416349298e-05,0.00015999999595806003
-1.3671998416018336e-05,0.00015999999595806003
-1.3667998415687375e-05,0.00015999999595806003
-1.3663998415356413e-05,0.00015999999595806003
-1.3659998415025452e-05,0.00015999999595806003
-1.365599841469449e-05,0.00011999999696854502
-1.3651998414363529e-05,0.00015999999595806003
-1.3647998414032568e-05,0.00015999999595806003
-1.3643998413701606e-05,0.00015999999595806003
-1.3639998413370645e-05,0.00015999999595806003
-1.3635998413039683e-05,0.00019999999494757503
-1.3631998412708722e-05,0.00015999999595806003
-1.362799841237776e-05,0.00019999999494757503
-1.3623998412046799e-05,0.00015999999595806003
-1.3619998411715837e-05,0.00019999999494757503
-1.3615998411384876e-05,0.00015999999595806003
-1.3611998411053914e-05,0.00015999999595806003
-1.3607998410722953e-05,0.00015999999595806003
-1.3603998410391991e-05,0.00015999999595806003
-1.359999841006103e-05,0.00015999999595806003
-1.3595998409730068e-05,0.00015999999595806003
-1.3591998409399107e-05,0.00015999999595806003
-1.3587998409068145e-05,0.00015999999595806003
-1.3583998408737184e-05,0.00015999999595806003
-1.3579998408406222e-05,0.00019999999494757503
-1.3575998408075261e-05,0.00015999999595806003
-1.35719984077443e-05,0.00019999999494757503
-1.3567998407413338e-05,0.00019999999494757503
-1.3563998407082376e-05,0.00019999999494757503
-1.3559998406751415e-05,0.00019999999494757503
-1.3555998406420453e-05,0.00019999999494757503
-1.3551998406089492e-05,0.00015999999595806003
-1.354799840575853e-05,0.00015999999595806003
-1.3543998405427569e-05,0.00011999999696854502
-1.3539998405096607e-05,0.00015999999595806003
-1.3535998404765646e-05,0.00015999999595806003
-1.3531998404434685e-05,0.00015999999595806003
-1.3527998404103723e-05,0.00015999999595806003
-1.3523998403772762e-05,0.00015999999595806003
-1.35199984034418e-05,0.00015999999595806003
-1.3515998403110839e-05,0.00015999999595806003
-1.3511998402779877e-05,0.00015999999595806003
-1.3507998402448916e-05,0.00019999999494757503
-1.3503998402117954e-05,0.00015999999595806003
-1.3499998401786993e-05,0.00019999999494757503
-1.3495998401456031e-05,0.00015999999595806003
-1.349199840112507e-05,0.00019999999494757503
-1.3487998400794108e-05,0.00015999999595806003
-1.3483998400463147e-05,0.00015999999595806003
-1.3479998400132185e-05,0.00015999999595806003
-1.3475998399801224e-05,0.00019999999494757503
-1.3471998399470262e-05,0.00015999999595806003
-1.34679983991393e-05,0.00015999999595806003
-1.346399839880834e-05,0.00015999999595806003
-1.3459998398477378e-05,0.00015999999595806003
-1.3455998398146416e-05,0.00015999999595806003
-1.3451998397815455e-05,0.00015999999595806003
-1.3447998397484493e-05,0.00015999999595806003
-1.3443998397153532e-05,0.00019999999494757503
-1.343999839682257e-05,0.00015999999595806003
-1.3435998396491609e-05,0.00019999999494757503
-1.3431998396160647e-05,0.00015999999595806003
-1.3427998395829686e-05,0.00015999999595806003
-1.3423998395498724e-05,0.00015999999595806003
-1.3419998395167763e-05,0.00015999999595806003
-1.3415998394836801e-05,0.00015999999595806003
-1.341199839450584e-05,0.00015999999595806003
-1.3407998394174879e-05,0.00015999999595806003
-1.3403998393843917e-05,0.00015999999595806003
-1.3399998393512956e-05,0.00015999999595806003
-1.3395998393181994e-05,0.00019999999494757503
-1.3391998392851033e-05,0.00015999999595806003
-1.3387998392520071e-05,0.00019999999494757503
-1.338399839218911e-05,0.00015999999595806003
-1.3379998391858148e-05,0.00015999999595806003
-1.3375998391527187e-05,0.00015999999595806003
-1.3371998391196225e-05,0.00015999999595806003
-1.3367998390865264e-05,0.00015999999595806003
-1.3363998390534302e-05,0.00019999999494757503
-1.335999839020334e-05,0.00015999999595806003
-1.335599838987238e-05,0.00019999999494757503
-1.3351998389541418e-05,0.00015999999595806003
-1.3347998389210456e-05,0.00015999999595806003
-1.3343998388879495e-05,0.00019999999494757503
-1.3339998388548533e-05,0.00019999999494757503
-1.3335998388217572e-05,0.00015999999595806003
-1.333199838788661e-05,0.00015999999595806003
-1.3327998387555649e-05,0.00015999999595806003
-1.3323998387224687e-05,0.00015999999595806003
-1.3319998386893726e-05,0.00015999999595806003
-1.3315998386562764e-05,0.00019999999494757503
-1.3311998386231803e-05,0.00015999999595806003
-1.3307998385900841e-05,0.00015999999595806003
-1.330399838556988e-05,0.00015999999595806003
-1.3299998385238918e-05,0.00015999999595806003
-1.3295998384907957e-05,0.00015999999595806003
-1.3291998384576995e-05,0.00015999999595806003
-1.3287998384246034e-05,0.00015999999595806003
-1.3283998383915073e-05,0.00015999999595806003
-1.3279998383584111e-05,0.00019999999494757503
-1.327599838325315e-05,0.00019999999494757503
-1.3271998382922188e-05,0.00019999999494757503
-1.3267998382591227e-05,0.00019999999494757503
-1.3263998382260265e-05,0.00015999999595806003
-1.3259998381929304e-05,0.00019999999494757503
-1.3255998381598342e-05,0.00015999999595806003
-1.325199838126738e-05,0.00019999999494757503
-1.324799838093642e-05,0.00015999999595806003
-1.3243998380605458e-05,0.00015999999595806003
-1.3239998380274496e-05,0.00015999999595806003
-1.3235998379943535e-05,0.00015999999595806003
-1.3231998379612573e-05,0.00015999999595806003
-1.3227998379281612e-05,0.00019999999494757503
-1.322399837895065e-05,0.00015999999595806003
-1.3219998378619689e-05,0.00019999999494757503
-1.3215998378288727e-05,0.00015999999595806003
-1.3211998377957766e-05,0.00015999999595806003
-1.3207998377626804e-05,0.00015999999595806003
-1.3203998377295843e-05,0.00015999999595806003
-1.3199998376964881e-05,0.00015999999595806003
-1.319599837663392e-05,0.00015999999595806003
-1.3191998376302958e-05,0.00015999999595806003
-1.3187998375971997e-05,0.00015999999595806003
-1.3183998375641035e-05,0.00015999999595806003
-1.3179998375310074e-05,0.00019999999494757503
-1.3175998374979112e-05,0.00015999999595806003
-1.3171998374648151e-05,0.00015999999595806003
-1.316799837431719e-05,0.00015999999595806003
-1.3163998373986228e-05,0.00015999999595806003
-1.3159998373655267e-05,0.00019999999494757503
-1.3155998373324305e-05,0.00019999999494757503
-1.3151998372993344e-05,0.00015999999595806003
-1.3147998372662382e-05,0.00019999999494757503
-1.314399837233142e-05,0.00015999999595806003
-1.3139998372000459e-05,0.00015999999595806003
-1.3135998371669498e-05,0.00015999999595806003
-1.3131998371338536e-05,0.00015999999595806003
-1.3127998371007575e-05,0.00015999999595806003
-1.3123998370676613e-05,0.00015999999595806003
-1.3119998370345652e-05,0.00015999999595806003
-1.311599837001469e-05,0.00015999999595806003
-1.3111998369683729e-05,0.00015999999595806003
-1.3107998369352767e-05,0.00019999999494757503
-1.3103998369021806e-05,0.00015999999595806003
-1.3099998368690844e-05,0.00015999999595806003
-1.3095998368359883e-05,0.00015999999595806003
-1.3091998368028921e-05,0.00015999999595806003
-1.308799836769796e-05,0.00015999999595806003
-1.3083998367366998e-05,0.00015999999595806003
-1.3079998367036037e-05,0.00015999999595806003
-1.3075998366705075e-05,0.00019999999494757503
-1.3071998366374114e-05,0.00015999999595806003
-1.3067998366043152e-05,0.00019999999494757503
-1.3063998365712191e-05,0.00015999999595806003
-1.305999836538123e-05,0.00015999999595806003
-1.3055998365050268e-05,0.00015999999595806003
-1.3051998364719306e-05,0.00015999999595806003
-1.3047998364388345e-05,0.00015999999595806003
-1.3043998364057383e-05,0.00015999999595806003
-1.3039998363726422e-05,0.00015999999595806003
-1.303599836339546e-05,0.00015999999595806003
-1.3031998363064499e-05,0.00015999999595806003
-1.3027998362733538e-05,0.00019999999494757503
-1.3023998362402576e-05,0.00015999999595806003
-1.3019998362071615e-05,0.00015999999595806003
-1.3015998361740653e-05,0.00015999999595806003
-1.3011998361409692e-05,0.00015999999595806003
-1.300799836107873e-05,0.00015999999595806003
-1.3003998360747769e-05,0.00015999999595806003
-1.2999998360416807e-05,0.00015999999595806003
-1.2995998360085846e-05,0.00019999999494757503
-1.2991998359754884e-05,0.00015999999595806003
-1.2987998359423923e-05,0.00019999999494757503
-1.2983998359092961e-05,0.00015999999595806003
-1.2979998358762e-05,0.00015999999595806003
-1.2975998358431038e-05,0.00015999999595806003
-1.2971998358100077e-05,0.00019999999494757503
-1.2967998357769115e-05,0.00015999999595806003
-1.2963998357438154e-05,0.00015999999595806003
-1.2959998357107192e-05,0.00015999999595806003
-1.295599835677623e-05,0.00019999999494757503
-1.295199835644527e-05,0.00015999999595806003
-1.2947998356114308e-05,0.00015999999595806003
-1.2943998355783346e-05,0.00015999999595806003
-1.2939998355452385e-05,0.00015999999595806003
-1.2935998355121423e-05,0.00015999999595806003
-1.2931998354790462e-05,0.00015999999595806003
-1.29279983544595e-05,0.00015999999595806003
-1.2923998354128539e-05,0.00015999999595806003
-1.2919998353797577e-05,0.00015999999595806003
-1.2915998353466616e-05,0.00015999999595806003
-1.2911998353135655e-05,0.00015999999595806003
-1.2907998352804693e-05,0.00015999999595806003
-1.2903998352473732e-05,0.00015999999595806003
-1.289999835214277e-05,0.00015999999595806003
-1.2895998351811809e-05,0.00019999999494757503
-1.2891998351480847e-05,0.00015999999595806003
-1.2887998351149886e-05,0.00015999999595806003
-1.2883998350818924e-05,0.00015999999595806003
-1.2879998350487963e-05,0.00015999999595806003
-1.2875998350157001e-05,0.00015999999595806003
-1.287199834982604e-05,0.00019999999494757503
-1.2867998349495078e-05,0.00019999999494757503
-1.2863998349164117e-05,0.00015999999595806003
-1.2859998348833155e-05,0.00015999999595806003
-1.2855998348502194e-05,0.00015999999595806003
-1.2851998348171232e-05,0.00015999999595806003
-1.284799834784027e-05,0.00015999999595806003
-1.284399834750931e-05,0.00015999999595806003
-1.2839998347178348e-05,0.00015999999595806003
-1.2835998346847386e-05,0.00019999999494757503
-1.2831998346516425e-05,0.00019999999494757503
-1.2827998346185463e-05,0.00019999999494757503
-1.2823998345854502e-05,0.00015999999595806003
-1.281999834552354e-05,0.00019999999494757503
-1.2815998345192579e-05,0.00015999999595806003
-1.2811998344861617e-05,0.00015999999595806003
-1.2807998344530656e-05,0.00015999999595806003
-1.2803998344199694e-05,0.00015999999595806003
-1.2799998343868733e-05,0.00015999999595806003
-1.2795998343537771e-05,0.00015999999595806003
-1.279199834320681e-05,0.00015999999595806003
-1.2787998342875849e-05,0.00019999999494757503
-1.2783998342544887e-05,0.00015999999595806003
-1.2779998342213926e-05,0.00019999999494757503
-1.2775998341882964e-05,0.00015999999595806003
-1.2771998341552003e-05,0.00015999999595806003
-1.2767998341221041e-05,0.00015999999595806003
-1.276399834089008e-05,0.00015999999595806003
-1.2759998340559118e-05,0.00015999999595806003
-1.2755998340228157e-05,0.00015999999595806003
-1.2751998339897195e-05,0.00015999999595806003
-1.2747998339566234e-05,0.00019999999494757503
-1.2743998339235272e-05,0.00019999999494757503
-1.273999833890431e-05,0.00019999999494757503
-1.273599833857335e-05,0.00015999999595806003
-1.2731998338242388e-05,0.00015999999595806003
-1.2727998337911426e-05,0.00015999999595806003
-1.2723998337580465e-05,0.00015999999595806003
-1.2719998337249503e-05,0.00015999999595806003
-1.2715998336918542e-05,0.00015999999595806003
-1.271199833658758e-05,0.00015999999595806003
-1.2707998336256619e-05,0.00019999999494757503
-1.2703998335925657e-05,0.00015999999595806003
-1.2699998335594696e-05,0.00019999999494757503
-1.2695998335263734e-05,0.00019999999494757503
-1.2691998334932773e-05,0.00015999999595806003
-1.2687998334601811e-05,0.00015999999595806003
-1.268399833427085e-05,0.00015999999595806003
-1.2679998333939888e-05,0.00015999999595806003
-1.2675998333608927e-05,0.00015999999595806003
-1.2671998333277965e-05,0.00015999999595806003
-1.2667998332947004e-05,0.00015999999595806003
-1.2663998332616042e-05,0.00015999999595806003
-1.2659998332285081e-05,0.00019999999494757503
-1.265599833195412e-05,0.00015999999595806003
-1.2651998331623158e-05,0.00019999999494757503
-1.2647998331292197e-05,0.00015999999595806003
-1.2643998330961235e-05,0.00015999999595806003
-1.2639998330630274e-05,0.00015999999595806003
-1.2635998330299312e-05,0.00015999999595806003
-1.263199832996835e-05,0.00015999999595806003
-1.2627998329637389e-05,0.00015999999595806003
-1.2623998329306428e-05,0.00015999999595806003
-1.2619998328975466e-05,0.00015999999595806003
-1.2615998328644505e-05,0.00015999999595806003
-1.2611998328313543e-05,0.00019999999494757503
-1.2607998327982582e-05,0.00015999999595806003
-1.260399832765162e-05,0.00019999999494757503
-1.2599998327320659e-05,0.00015999999595806003
-1.2595998326989697e-05,0.00015999999595806003
-1.2591998326658736e-05,0.00015999999595806003
-1.2587998326327774e-05,0.00015999999595806003
-1.2583998325996813e-05,0.00015999999595806003
-1.2579998325665851e-05,0.00019999999494757503
-1.257599832533489e-05,0.00015999999595806003
-1.2571998325003928e-05,0.00019999999494757503
-1.2567998324672967e-05,0.00015999999595806003
-1.2563998324342005e-05,0.00019999999494757503
-1.2559998324011044e-05,0.00015999999595806003
-1.2555998323680082e-05,0.00015999999595806003
-1.2551998323349121e-05,0.00015999999595806003
-1.254799832301816e-05,0.00015999999595806003
-1.2543998322687198e-05,0.00015999999595806003
-1.2539998322356236e-05,0.00015999999595806003
-1.2535998322025275e-05,0.00015999999595806003
-1.2531998321694314e-05,0.00019999999494757503
-1.2527998321363352e-05,0.00015999999595806003
-1.252399832103239e-05,0.00015999999595806003
-1.2519998320701429e-05,0.00015999999595806003
-1.2515998320370468e-05,0.00019999999494757503
-1.2511998320039506e-05,0.00015999999595806003
-1.2507998319708545e-05,0.00019999999494757503
-1.2503998319377583e-05,0.00019999999494757503
-1.2499998319046622e-05,0.00019999999494757503
-1.249599831871566e-05,0.00015999999595806003
-1.2491998318384699e-05,0.00015999999595806003
-1.2487998318053737e-05,0.00015999999595806003
-1.2483998317722776e-05,0.00015999999595806003
-1.2479998317391814e-05,0.00015999999595806003
-1.2475998317060853e-05,0.00015999999595806003
-1.2471998316729891e-05,0.00015999999595806003
-1.246799831639893e-05,0.00015999999595806003
-1.2463998316067968e-05,0.00015999999595806003
-1.2459998315737007e-05,0.00015999999595806003
-1.2455998315406045e-05,0.00015999999595806003
-1.2451998315075084e-05,0.00015999999595806003
-1.2447998314744122e-05,0.00015999999595806003
-1.2443998314413161e-05,0.00019999999494757503
-1.24399983140822e-05,0.00015999999595806003
-1.2435998313751238e-05,0.00015999999595806003
-1.2431998313420276e-05,0.00015999999595806003
-1.2427998313089315e-05,0.00015999999595806003
-1.2423998312758353e-05,0.00015999999595806003
-1.2419998312427392e-05,0.00015999999595806003
-1.241599831209643e-05,0.00015999999595806003
-1.2411998311765469e-05,0.00015999999595806003
-1.2407998311434508e-05,0.00015999999595806003
-1.2403998311103546e-05,0.00015999999595806003
-1.2399998310772585e-05,0.00015999999595806003
-1.2395998310441623e-05,0.00019999999494757503
-1.2391998310110662e-05,0.00015999999595806003
-1.23879983097797e-05,0.00019999999494757503
-1.2383998309448739e-05,0.00015999999595806003
-1.2379998309117777e-05,0.00015999999595806003
-1.2375998308786816e-05,0.00015999999595806003
-1.2371998308455854e-05,0.00015999999595806003
-1.2367998308124893e-05,0.00015999999595806003
-1.2363998307793931e-05,0.00019999999494757503
-1.235999830746297e-05,0.00015999999595806003
-1.2355998307132008e-05,0.00015999999595806003
-1.2351998306801047e-05,0.00015999999595806003
-1.2347998306470085e-05,0.00015999999595806003
-1.2343998306139124e-05,0.00015999999595806003
-1.2339998305808162e-05,0.00015999999595806003
-1.23359983054772e-05,0.00015999999595806003
-1.233199830514624e-05,0.00019999999494757503
-1.2327998304815278e-05,0.00015999999595806003
-1.2323998304484316e-05,0.00015999999595806003
-1.2319998304153355e-05,0.00015999999595806003
-1.2315998303822393e-05,0.00019999999494757503
-1.2311998303491432e-05,0.00015999999595806003
-1.230799830316047e-05,0.00015999999595806003
-1.2303998302829509e-05,0.00015999999595806003
-1.2299998302498547e-05,0.00015999999595806003
-1.2295998302167586e-05,0.00015999999595806003
-1.2291998301836624e-05,0.00019999999494757503
-1.2287998301505663e-05,0.00015999999595806003
-1.2283998301174702e-05,0.00015999999595806003
-1.227999830084374e-05,0.00015999999595806003
-1.2275998300512779e-05,0.00015999999595806003
-1.2271998300181817e-05,0.00015999999595806003
-1.2267998299850856e-05,0.00019999999494757503
-1.2263998299519894e-05,0.00015999999595806003
-1.2259998299188933e-05,0.00019999999494757503
-1.2255998298857971e-05,0.00015999999595806003
-1.225199829852701e-05,0.00019999999494757503
-1.2247998298196048e-05,0.00015999999595806003
-1.2243998297865087e-05,0.00015999999595806003
-1.2239998297534125e-05,0.00011999999696854502
-1.2235998297203164e-05,0.00015999999595806003
-1.2231998296872202e-05,0.00015999999595806003
-1.222799829654124e-05,0.00015999999595806003
-1.222399829621028e-05,0.00019999999494757503
-1.2219998295879318e-05,0.00019999999494757503
-1.2215998295548356e-05,0.00019999999494757503
-1.2211998295217395e-05,0.00019999999494757503
-1.2207998294886433e-05,0.00015999999595806003
-1.2203998294555472e-05,0.00019999999494757503
-1.219999829422451e-05,0.00015999999595806003
-1.2195998293893549e-05,0.00015999999595806003
-1.2191998293562587e-05,0.00015999999595806003
-1.2187998293231626e-05,0.00015999999595806003
-1.2183998292900664e-05,0.00015999999595806003
-1.2179998292569703e-05,0.00019999999494757503
-1.2175998292238741e-05,0.00015999999595806003
-1.217199829190778e-05,0.00019999999494757503
-1.2167998291576818e-05,0.00015999999595806003
-1.2163998291245857e-05,0.00015999999595806003
-1.2159998290914896e-05,0.00015999999595806003
-1.2155998290583934e-05,0.00019999999494757503
-1.2151998290252973e-05,0.00015999999595806003
-1.2147998289922011e-05,0.00015999999595806003
-1.214399828959105e-05,0.00015999999595806003
-1.2139998289260088e-05,0.00015999999595806003
-1.2135998288929127e-05,0.00015999999595806003
-1.2131998288598165e-05,0.00015999999595806003
-1.2127998288267204e-05,0.00015999999595806003
-1.2123998287936242e-05,0.00019999999494757503
-1.211999828760528e-05,0.00015999999595806003
-1.211599828727432e-05,0.00015999999595806003
-1.2111998286943358e-05,0.00015999999595806003
-1.2107998286612396e-05,0.00015999999595806003
-1.2103998286281435e-05,0.00015999999595806003
-1.2099998285950473e-05,0.00019999999494757503
-1.2095998285619512e-05,0.00015999999595806003
-1.209199828528855e-05,0.00015999999595806003
-1.2087998284957589e-05,0.00015999999595806003
-1.2083998284626627e-05,0.00019999999494757503
-1.2079998284295666e-05,0.00015999999595806003
-1.2075998283964704e-05,0.00015999999595806003
-1.2071998283633743e-05,0.00015999999595806003
-1.2067998283302781e-05,0.00015999999595806003
-1.206399828297182e-05,0.00015999999595806003
-1.2059998282640858e-05,0.00015999999595806003
-1.2055998282309897e-05,0.00015999999595806003
-1.2051998281978935e-05,0.00019999999494757503
-1.2047998281647974e-05,0.00015999999595806003
-1.2043998281317012e-05,0.00019999999494757503
-1.2039998280986051e-05,0.00015999999595806003
-1.203599828065509e-05,0.00015999999595806003
-1.2031998280324128e-05,0.00015999999595806003
-1.2027998279993167e-05,0.00019999999494757503
-1.2023998279662205e-05,0.00015999999595806003
-1.2019998279331244e-05,0.00019999999494757503
-1.2015998279000282e-05,0.00015999999595806003
-1.201199827866932e-05,0.00019999999494757503
-1.2007998278338359e-05,0.00015999999595806003
-1.2003998278007398e-05,0.00019999999494757503
-1.1999998277676436e-05,0.00015999999595806003
-1.1995998277345475e-05,0.00015999999595806003
-1.1991998277014513e-05,0.00015999999595806003
-1.1987998276683552e-05,0.00015999999595806003
-1.198399827635259e-05,0.00015999999595806003
-1.1979998276021629e-05,0.00015999999595806003
-1.1975998275690667e-05,0.00015999999595806003
-1.1971998275359706e-05,0.00015999999595806003
-1.1967998275028744e-05,0.00015999999595806003
-1.1963998274697783e-05,0.00015999999595806003
-1.1959998274366821e-05,0.00015999999595806003
-1.195599827403586e-05,0.00015999999595806003
-1.1951998273704898e-05,0.00015999999595806003
-1.1947998273373937e-05,0.00015999999595806003
-1.1943998273042975e-05,0.00015999999595806003
-1.1939998272712014e-05,0.00015999999595806003
-1.1935998272381052e-05,0.00015999999595806003
-1.1931998272050091e-05,0.00019999999494757503
-1.192799827171913e-05,0.00015999999595806003
-1.1923998271388168e-05,0.00019999999494757503
-1.1919998271057206e-05,0.00015999999595806003
-1.1915998270726245e-05,0.00015999999595806003
-1.1911998270395284e-05,0.00015999999595806003
-1.1907998270064322e-05,0.00015999999595806003
-1.190399826973336e-05,0.00015999999595806003
-1.1899998269402399e-05,0.00015999999595806003
-1.1895998269071438e-05,0.00015999999595806003
-1.1891998268740476e-05,0.00019999999494757503
-1.1887998268409515e-05,0.00015999999595806003
-1.1883998268078553e-05,0.00019999999494757503
-1.1879998267747592e-05,0.00015999999595806003
-1.187599826741663e-05,0.00015999999595806003
-1.1871998267085669e-05,0.00015999999595806003
-1.1867998266754707e-05,0.00015999999595806003
-1.1863998266423746e-05,0.00015999999595806003
-1.1859998266092784e-05,0.00015999999595806003
-1.1855998265761823e-05,0.00015999999595806003
-1.1851998265430861e-05,0.00019999999494757503
-1.18479982650999e-05,0.00015999999595806003
-1.1843998264768938e-05,0.00019999999494757503
-1.1839998264437977e-05,0.00015999999595806003
-1.1835998264107015e-05,0.00015999999595806003
-1.1831998263776054e-05,0.00015999999595806003
-1.1827998263445092e-05,0.00015999999595806003
-1.1823998263114131e-05,0.00015999999595806003
-1.181999826278317e-05,0.00019999999494757503
-1.1815998262452208e-05,0.00015999999595806003
-1.1811998262121246e-05,0.00015999999595806003
-1.1807998261790285e-05,0.00015999999595806003
-1.1803998261459323e-05,0.00015999999595806003
-1.1799998261128362e-05,0.00015999999595806003
-1.17959982607974e-05,0.00015999999595806003
-1.1791998260466439e-05,0.00015999999595806003
-1.1787998260135478e-05,0.00019999999494757503
-1.1783998259804516e-05,0.00019999999494757503
-1.1779998259473555e-05,0.00019999999494757503
-1.1775998259142593e-05,0.00019999999494757503
-1.1771998258811632e-05,0.00019999999494757503
-1.176799825848067e-05,0.00015999999595806003
-1.1763998258149709e-05,0.00015999999595806003
-1.1759998257818747e-05,0.00015999999595806003
-1.1755998257487786e-05,0.00015999999595806003
-1.1751998257156824e-05,0.00015999999595806003
-1.1747998256825863e-05,0.00019999999494757503
-1.1743998256494901e-05,0.00015999999595806003
-1.173999825616394e-05,0.00019999999494757503
-1.1735998255832978e-05,0.00015999999595806003
-1.1731998255502017e-05,0.00019999999494757503
-1.1727998255171055e-05,0.00015999999595806003
-1.1723998254840094e-05,0.00015999999595806003
-1.1719998254509132e-05,0.00015999999595806003
-1.171599825417817e-05,0.00019999999494757503
-1.171199825384721e-05,0.00015999999595806003
-1.1707998253516248e-05,0.00015999999595806003
-1.1703998253185286e-05,0.00015999999595806003
-1.1699998252854325e-05,0.00015999999595806003
-1.1695998252523363e-05,0.00015999999595806003
-1.1691998252192402e-05,0.00015999999595806003
-1.168799825186144e-05,0.00015999999595806003
-1.1683998251530479e-05,0.00015999999595806003
-1.1679998251199517e-05,0.00015999999595806003
-1.1675998250868556e-05,0.00015999999595806003
-1.1671998250537594e-05,0.00015999999595806003
-1.1667998250206633e-05,0.00015999999595806003
-1.1663998249875671e-05,0.00015999999595806003
-1.165999824954471e-05,0.00015999999595806003
-1.1655998249213749e-05,0.00015999999595806003
-1.1651998248882787e-05,0.00015999999595806003
-1.1647998248551826e-05,0.00015999999595806003
-1.1643998248220864e-05,0.00019999999494757503
-1.1639998247889903e-05,0.00015999999595806003
-1.1635998247558941e-05,0.00019999999494757503
-1.163199824722798e-05,0.00015999999595806003
-1.1627998246897018e-05,0.00015999999595806003
-1.1623998246566057e-05,0.00015999999595806003
-1.1619998246235095e-05,0.00015999999595806003
-1.1615998245904134e-05,0.00015999999595806003
-1.1611998245573172e-05,0.00015999999595806003
-1.160799824524221e-05,0.00015999999595806003
-1.160399824491125e-05,0.00019999999494757503
-1.1599998244580288e-05,0.00015999999595806003
-1.1595998244249326e-05,0.00019999999494757503
-1.1591998243918365e-05,0.00015999999595806003
-1.1587998243587403e-05,0.00015999999595806003
-1.1583998243256442e-05,0.00015999999595806003
-1.157999824292548e-05,0.00015999999595806003
-1.1575998242594519e-05,0.00015999999595806003
-1.1571998242263557e-05,0.00015999999595806003
-1.1567998241932596e-05,0.00015999999595806003
-1.1563998241601634e-05,0.00019999999494757503
-1.1559998241270673e-05,0.00015999999595806003
-1.1555998240939711e-05,0.00019999999494757503
-1.155199824060875e-05,0.00015999999595806003
-1.1547998240277788e-05,0.00015999999595806003
-1.1543998239946827e-05,0.00015999999595806003
-1.1539998239615865e-05,0.00015999999595806003
-1.1535998239284904e-05,0.00015999999595806003
-1.1531998238953943e-05,0.00019999999494757503
-1.1527998238622981e-05,0.00015999999595806003
-1.152399823829202e-05,0.00019999999494757503
-1.1519998237961058e-05,0.00015999999595806003
-1.1515998237630097e-05,0.00015999999595806003
-1.1511998237299135e-05,0.00015999999595806003
-1.1507998236968174e-05,0.00019999999494757503
-1.1503998236637212e-05,0.00015999999595806003
-1.149999823630625e-05,0.00015999999595806003
-1.149599823597529e-05,0.00019999999494757503
-1.1491998235644328e-05,0.00019999999494757503
-1.1487998235313366e-05,0.00015999999595806003
-1.1483998234982405e-05,0.00019999999494757503
-1.1479998234651443e-05,0.00015999999595806003
-1.1475998234320482e-05,0.00015999999595806003
-1.147199823398952e-05,0.00015999999595806003
-1.1467998233658559e-05,0.00015999999595806003
-1.1463998233327597e-05,0.00015999999595806003
-1.1459998232996636e-05,0.00019999999494757503
-1.1455998232665674e-05,0.00015999999595806003
-1.1451998232334713e-05,0.00015999999595806003
-1.1447998232003751e-05,0.00015999999595806003
-1.144399823167279e-05,0.00019999999494757503
-1.1439998231341828e-05,0.00015999999595806003
-1.1435998231010867e-05,0.00015999999595806003
-1.1431998230679905e-05,0.00015999999595806003
-1.1427998230348944e-05,0.00015999999595806003
-1.1423998230017982e-05,0.00015999999595806003
-1.1419998229687021e-05,0.00015999999595806003
-1.141599822935606e-05,0.00015999999595806003
-1.1411998229025098e-05,0.00015999999595806003
-1.1407998228694137e-05,0.00015999999595806003
-1.1403998228363175e-05,0.00019999999494757503
-1.1399998228032214e-05,0.00015999999595806003
-1.1395998227701252e-05,0.00015999999595806003
-1.139199822737029e-05,0.00015999999595806003
-1.1387998227039329e-05,0.00015999999595806003
-1.1383998226708368e-05,0.00015999999595806003
-1.1379998226377406e-05,0.00015999999595806003
-1.1375998226046445e-05,0.00015999999595806003
-1.1371998225715483e-05,0.00019999999494757503
-1.1367998225384522e-05,0.00015999999595806003
-1.136399822505356e-05,0.00015999999595806003
-1.1359998224722599e-05,0.00015999999595806003
-1.1355998224391637e-05,0.00015999999595806003
-1.1351998224060676e-05,0.00015999999595806003
-1.1347998223729714e-05,0.00015999999595806003
-1.1343998223398753e-05,0.00015999999595806003
-1.1339998223067791e-05,0.00019999999494757503
-1.133599822273683e-05,0.00015999999595806003
-1.1331998222405868e-05,0.00015999999595806003
-1.1327998222074907e-05,0.00015999999595806003
-1.1323998221743945e-05,0.00019999999494757503
-1.1319998221412984e-05,0.00015999999595806003
-1.1315998221082022e-05,0.00019999999494757503
-1.1311998220751061e-05,0.00015999999595806003
-1.13079982204201e-05,0.00015999999595806003
-1.1303998220089138e-05,0.00015999999595806003
-1.1299998219758176e-05,0.00015999999595806003
-1.1295998219427215e-05,0.00015999999595806003
-1.1291998219096253e-05,0.00015999999595806003
-1.1287998218765292e-05,0.00015999999595806003
-1.128399821843433e-05,0.00019999999494757503
-1.1279998218103369e-05,0.00015999999595806003
-1.1275998217772408e-05,0.00015999999595806003
-1.1271998217441446e-05,0.00015999999595806003
-1.1267998217110485e-05,0.00015999999595806003
-1.1263998216779523e-05,0.00015999999595806003
-1.1259998216448562e-05,0.00015999999595806003
-1.12559982161176e-05,0.00015999999595806003
-1.1251998215786639e-05,0.00015999999595806003
-1.1247998215455677e-05,0.00015999999595806003
-1.1243998215124716e-05,0.00019999999494757503
-1.1239998214793754e-05,0.00019999999494757503
-1.1235998214462793e-05,0.00019999999494757503
-1.1231998214131831e-05,0.00015999999595806003
-1.122799821380087e-05,0.00015999999595806003
-1.1223998213469908e-05,0.00015999999595806003
-1.1219998213138947e-05,0.00015999999595806003
-1.1215998212807985e-05,0.00015999999595806003
-1.1211998212477024e-05,0.00015999999595806003
-1.1207998212146062e-05,0.00015999999595806003
-1.12039982118151e-05,0.00019999999494757503
-1.119999821148414e-05,0.00015999999595806003
-1.1195998211153178e-05,0.00019999999494757503
-1.1191998210822216e-05,0.00015999999595806003
-1.1187998210491255e-05,0.00019999999494757503
-1.1183998210160293e-05,0.00015999999595806003
-1.1179998209829332e-05,0.00019999999494757503
-1.117599820949837e-05,0.00015999999595806003
-1.1171998209167409e-05,0.00019999999494757503
-1.1167998208836447e-05,0.00015999999595806003
-1.1163998208505486e-05,0.00019999999494757503
-1.1159998208174525e-05,0.00015999999595806003
-1.1155998207843563e-05,0.00015999999595806003
-1.1151998207512602e-05,0.00015999999595806003
-1.114799820718164e-05,0.00015999999595806003
-1.1143998206850679e-05,0.00015999999595806003
-1.1139998206519717e-05,0.00015999999595806003
-1.1135998206188756e-05,0.00015999999595806003
-1.1131998205857794e-05,0.00019999999494757503
-1.1127998205526833e-05,0.00015999999595806003
-1.1123998205195871e-05,0.00019999999494757503
-1.111999820486491e-05,0.00015999999595806003
-1.1115998204533948e-05,0.00019999999494757503
-1.1111998204202987e-05,0.00015999999595806003
-1.1107998203872025e-05,0.00015999999595806003
-1.1103998203541064e-05,0.00015999999595806003
-1.1099998203210102e-05,0.00015999999595806003
-1.109599820287914e-05,0.00015999999595806003
-1.109199820254818e-05,0.00019999999494757503
-1.1087998202217218e-05,0.00015999999595806003
-1.1083998201886256e-05,0.00019999999494757503
-1.1079998201555295e-05,0.00015999999595806003
-1.1075998201224333e-05,0.00015999999595806003
-1.1071998200893372e-05,0.00015999999595806003
-1.106799820056241e-05,0.00019999999494757503
-1.1063998200231449e-05,0.00015999999595806003
-1.1059998199900487e-05,0.00019999999494757503
-1.1055998199569526e-05,0.00015999999595806003
-1.1051998199238564e-05,0.00015999999595806003
-1.1047998198907603e-05,0.00015999999595806003
-1.1043998198576641e-05,0.00015999999595806003
-1.103999819824568e-05,0.00015999999595806003
-1.1035998197914719e-05,0.00015999999595806003
-1.1031998197583757e-05,0.00015999999595806003
-1.1027998197252796e-05,0.00015999999595806003
-1.1023998196921834e-05,0.00015999999595806003
-1.1019998196590873e-05,0.00019999999494757503
-1.1015998196259911e-05,0.00015999999595806003
-1.101199819592895e-05,0.00015999999595806003
-1.1007998195597988e-05,0.00015999999595806003
-1.1003998195267027e-05,0.00015999999595806003
-1.0999998194936065e-05,0.00015999999595806003
-1.0995998194605104e-05,0.00015999999595806003
-1.0991998194274142e-05,0.00015999999595806003
-1.098799819394318e-05,0.00015999999595806003
-1.098399819361222e-05,0.00019999999494757503
-1.0979998193281258e-05,0.00015999999595806003
-1.0975998192950296e-05,0.00015999999595806003
-1.0971998192619335e-05,0.00019999999494757503
-1.0967998192288373e-05,0.00015999999595806003
-1.0963998191957412e-05,0.00015999999595806003
-1.095999819162645e-05,0.00015999999595806003
-1.0955998191295489e-05,0.00015999999595806003
-1.0951998190964527e-05,0.00015999999595806003
-1.0947998190633566e-05,0.00015999999595806003
-1.0943998190302604e-05,0.00015999999595806003
-1.0939998189971643e-05,0.00015999999595806003
-1.0935998189640681e-05,0.00015999999595806003
-1.093199818930972e-05,0.00019999999494757503
-1.0927998188978758e-05,0.00019999999494757503
-1.0923998188647797e-05,0.00019999999494757503
-1.0919998188316835e-05,0.00015999999595806003
-1.0915998187985874e-05,0.00019999999494757503
-1.0911998187654913e-05,0.00015999999595806003
-1.0907998187323951e-05,0.00015999999595806003
-1.090399818699299e-05,0.00015999999595806003
-1.0899998186662028e-05,0.00015999999595806003
-1.0895998186331067e-05,0.00015999999595806003
-1.0891998186000105e-05,0.00015999999595806003
-1.0887998185669144e-05,0.00015999999595806003
-1.0883998185338182e-05,0.00019999999494757503
-1.087999818500722e-05,0.00015999999595806003
-1.0875998184676259e-05,0.00019999999494757503
-1.0871998184345298e-05,0.00015999999595806003
-1.0867998184014336e-05,0.00019999999494757503
-1.0863998183683375e-05,0.00015999999595806003
-1.0859998183352413e-05,0.00015999999595806003
-1.0855998183021452e-05,0.00015999999595806003
-1.085199818269049e-05,0.00015999999595806003
-1.0847998182359529e-05,0.00015999999595806003
-1.0843998182028567e-05,0.00019999999494757503
-1.0839998181697606e-05,0.00015999999595806003
-1.0835998181366644e-05,0.00019999999494757503
-1.0831998181035683e-05,0.00015999999595806003
-1.0827998180704721e-05,0.00015999999595806003
-1.082399818037376e-05,0.00015999999595806003
-1.0819998180042798e-05,0.00015999999595806003
-1.0815998179711837e-05,0.00015999999595806003
-1.0811998179380875e-05,0.00015999999595806003
-1.0807998179049914e-05,0.00015999999595806003
-1.0803998178718952e-05,0.00015999999595806003
-1.0799998178387991e-05,0.00015999999595806003
-1.079599817805703e-05,0.00015999999595806003
-1.0791998177726068e-05,0.00015999999595806003
-1.0787998177395107e-05,0.00019999999494757503
-1.0783998177064145e-05,0.00015999999595806003
-1.0779998176733184e-05,0.00015999999595806003
-1.0775998176402222e-05,0.00015999999595806003
-1.077199817607126e-05,0.00015999999595806003
-1.0767998175740299e-05,0.00015999999595806003
-1.0763998175409338e-05,0.00015999999595806003
-1.0759998175078376e-05,0.00015999999595806003
-1.0755998174747415e-05,0.00015999999595806003
-1.0751998174416453e-05,0.00015999999595806003
-1.0747998174085492e-05,0.00015999999595806003
-1.074399817375453e-05,0.00015999999595806003
-1.0739998173423569e-05,0.00019999999494757503
-1.0735998173092607e-05,0.00015999999595806003
-1.0731998172761646e-05,0.00015999999595806003
-1.0727998172430684e-05,0.00015999999595806003
-1.0723998172099723e-05,0.00015999999595806003
-1.0719998171768761e-05,0.00015999999595806003
-1.07159981714378e-05,0.00015999999595806003
-1.0711998171106838e-05,0.00015999999595806003
-1.0707998170775877e-05,0.00015999999595806003
-1.0703998170444915e-05,0.00015999999595806003
-1.0699998170113954e-05,0.00015999999595806003
-1.0695998169782992e-05,0.00015999999595806003
-1.0691998169452031e-05,0.00015999999595806003
-1.068799816912107e-05,0.00015999999595806003
-1.0683998168790108e-05,0.00015999999595806003
-1.0679998168459146e-05,0.00015999999595806003
-1.0675998168128185e-05,0.00019999999494757503
-1.0671998167797223e-05,0.00015999999595806003
-1.0667998167466262e-05,0.00015999999595806003
-1.06639981671353e-05,0.00015999999595806003
-1.0659998166804339e-05,0.00015999999595806003
-1.0655998166473378e-05,0.00015999999595806003
-1.0651998166142416e-05,0.00015999999595806003
-1.0647998165811455e-05,0.00015999999595806003
-1.0643998165480493e-05,0.00015999999595806003
-1.0639998165149532e-05,0.00015999999595806003
-1.063599816481857e-05,0.00015999999595806003
-1.0631998164487609e-05,0.00015999999595806003
-1.0627998164156647e-05,0.00015999999595806003
-1.0623998163825686e-05,0.00015999999595806003
-1.0619998163494724e-05,0.00019999999494757503
-1.0615998163163763e-05,0.00015999999595806003
-1.0611998162832801e-05,0.00015999999595806003
-1.060799816250184e-05,0.00015999999595806003
-1.0603998162170878e-05,0.00019999999494757503
-1.0599998161839917e-05,0.00015999999595806003
-1.0595998161508955e-05,0.00015999999595806003
-1.0591998161177994e-05,0.00015999999595806003
-1.0587998160847032e-05,0.00015999999595806003
-1.058399816051607e-05,0.00015999999595806003
-1.057999816018511e-05,0.00015999999595806003
-1.0575998159854148e-05,0.00015999999595806003
-1.0571998159523186e-05,0.00019999999494757503
-1.0567998159192225e-05,0.00015999999595806003
-1.0563998158861263e-05,0.00019999999494757503
-1.0559998158530302e-05,0.00015999999595806003
-1.055599815819934e-05,0.00019999999494757503
-1.0551998157868379e-05,0.00015999999595806003
-1.0547998157537417e-05,0.00019999999494757503
-1.0543998157206456e-05,0.00015999999595806003
-1.0539998156875494e-05,0.00015999999595806003
-1.0535998156544533e-05,0.00015999999595806003
-1.0531998156213572e-05,0.00015999999595806003
-1.052799815588261e-05,0.00011999999696854502
-1.0523998155551649e-05,0.00015999999595806003
-1.0519998155220687e-05,0.00015999999595806003
-1.0515998154889726e-05,0.00019999999494757503
-1.0511998154558764e-05,0.00019999999494757503
-1.0507998154227803e-05,0.00019999999494757503
-1.0503998153896841e-05,0.00015999999595806003
-1.049999815356588e-05,0.00019999999494757503
-1.0495998153234918e-05,0.00015999999595806003
-1.0491998152903957e-05,0.00015999999595806003
-1.0487998152572995e-05,0.00015999999595806003
-1.0483998152242034e-05,0.00015999999595806003
-1.0479998151911072e-05,0.00015999999595806003
-1.047599815158011e-05,0.00015999999595806003
-1.047199815124915e-05,0.00015999999595806003
-1.0467998150918188e-05,0.00019999999494757503
-1.0463998150587226e-05,0.00015999999595806003
-1.0459998150256265e-05,0.00019999999494757503
-1.0455998149925303e-05,0.00015999999595806003
-1.0451998149594342e-05,0.00019999999494757503
-1.044799814926338e-05,0.00015999999595806003
-1.0443998148932419e-05,0.00019999999494757503
-1.0439998148601457e-05,0.00015999999595806003
-1.0435998148270496e-05,0.00015999999595806003
-1.0431998147939534e-05,0.00015999999595806003
-1.0427998147608573e-05,0.00015999999595806003
-1.0423998147277611e-05,0.00015999999595806003
-1.041999814694665e-05,0.00015999999595806003
-1.0415998146615688e-05,0.00015999999595806003
-1.0411998146284727e-05,0.00015999999595806003
-1.0407998145953766e-05,0.00015999999595806003
-1.0403998145622804e-05,0.00015999999595806003
-1.0399998145291843e-05,0.00015999999595806003
-1.0395998144960881e-05,0.00019999999494757503
-1.039199814462992e-05,0.00019999999494757503
-1.0387998144298958e-05,0.00019999999494757503
-1.0383998143967997e-05,0.00015999999595806003
-1.0379998143637035e-05,0.00019999999494757503
-1.0375998143306074e-05,0.00015999999595806003
-1.0371998142975112e-05,0.00015999999595806003
-1.036799814264415e-05,0.00015999999595806003
-1.036399814231319e-05,0.00015999999595806003
-1.0359998141982228e-05,0.00015999999595806003
-1.0355998141651266e-05,0.00019999999494757503
-1.0351998141320305e-05,0.00015999999595806003
-1.0347998140989343e-05,0.00015999999595806003
-1.0343998140658382e-05,0.00015999999595806003
-1.033999814032742e-05,0.00015999999595806003
-1.0335998139996459e-05,0.00015999999595806003
-1.0331998139665497e-05,0.00019999999494757503
-1.0327998139334536e-05,0.00015999999595806003
-1.0323998139003574e-05,0.00019999999494757503
-1.0319998138672613e-05,0.00015999999595806003
-1.0315998138341651e-05,0.00015999999595806003
-1.031199813801069e-05,0.00015999999595806003
-1.0307998137679728e-05,0.00019999999494757503
-1.0303998137348767e-05,0.00015999999595806003
-1.0299998137017805e-05,0.00019999999494757503
-1.0295998136686844e-05,0.00015999999595806003
-1.0291998136355882e-05,0.00019999999494757503
-1.0287998136024921e-05,0.00015999999595806003
-1.028399813569396e-05,0.00019999999494757503
-1.0279998135362998e-05,0.00015999999595806003
-1.0275998135032037e-05,0.00019999999494757503
-1.0271998134701075e-05,0.00015999999595806003
-1.0267998134370114e-05,0.00019999999494757503
-1.0263998134039152e-05,0.00019999999494757503
-1.025999813370819e-05,0.00019999999494757503
-1.0255998133377229e-05,0.00015999999595806003
-1.0251998133046268e-05,0.00015999999595806003
-1.0247998132715306e-05,0.00015999999595806003
-1.0243998132384345e-05,0.00015999999595806003
-1.0239998132053383e-05,0.00015999999595806003
-1.0235998131722422e-05,0.00015999999595806003
-1.023199813139146e-05,0.00015999999595806003
-1.0227998131060499e-05,0.00019999999494757503
-1.0223998130729537e-05,0.00015999999595806003
-1.0219998130398576e-05,0.00015999999595806003
-1.0215998130067614e-05,0.00015999999595806003
-1.0211998129736653e-05,0.00015999999595806003
-1.0207998129405691e-05,0.00015999999595806003
-1.020399812907473e-05,0.00015999999595806003
-1.0199998128743768e-05,0.00015999999595806003
-1.0195998128412807e-05,0.00015999999595806003
-1.0191998128081845e-05,0.00015999999595806003
-1.0187998127750884e-05,0.00019999999494757503
-1.0183998127419922e-05,0.00015999999595806003
-1.0179998127088961e-05,0.00015999999595806003
-1.0175998126758e-05,0.00015999999595806003
-1.0171998126427038e-05,0.00019999999494757503
-1.0167998126096076e-05,0.00015999999595806003
-1.0163998125765115e-05,0.00015999999595806003
-1.0159998125434154e-05,0.00015999999595806003
-1.0155998125103192e-05,0.00015999999595806003
-1.015199812477223e-05,0.00015999999595806003
-1.0147998124441269e-05,0.00015999999595806003
-1.0143998124110308e-05,0.00015999999595806003
-1.0139998123779346e-05,0.00015999999595806003
-1.0135998123448385e-05,0.00015999999595806003
-1.0131998123117423e-05,0.00015999999595806003
-1.0127998122786462e-05,0.00015999999595806003
-1.01239981224555e-05,0.00015999999595806003
-1.0119998122124539e-05,0.00015999999595806003
-1.0115998121793577e-05,0.00015999999595806003
-1.0111998121462616e-05,0.00015999999595806003
-1.0107998121131654e-05,0.00019999999494757503
-1.0103998120800693e-05,0.00015999999595806003
-1.0099998120469731e-05,0.00015999999595806003
-1.009599812013877e-05,0.00015999999595806003
-1.0091998119807808e-05,0.00015999999595806003
-1.0087998119476847e-05,0.00015999999595806003
-1.0083998119145885e-05,0.00015999999595806003
-1.0079998118814924e-05,0.00015999999595806003
-1.0075998118483962e-05,0.00015999999595806003
-1.0071998118153001e-05,0.00015999999595806003
-1.006799811782204e-05,0.00019999999494757503
-1.0063998117491078e-05,0.00015999999595806003
-1.0059998117160116e-05,0.00015999999595806003
-1.0055998116829155e-05,0.00015999999595806003
-1.0051998116498193e-05,0.00015999999595806003
-1.0047998116167232e-05,0.00015999999595806003
-1.004399811583627e-05,0.00015999999595806003
-1.0039998115505309e-05,0.00015999999595806003
-1.0035998115174348e-05,0.00015999999595806003
-1.0031998114843386e-05,0.00015999999595806003
-1.0027998114512425e-05,0.00019999999494757503
-1.0023998114181463e-05,0.00019999999494757503
-1.0019998113850502e-05,0.00015999999595806003
-1.001599811351954e-05,0.00015999999595806003
-1.0011998113188579e-05,0.00015999999595806003
-1.0007998112857617e-05,0.00015999999595806003
-1.0003998112526656e-05,0.00015999999595806003
-9.999998112195694e-06,0.00015999999595806003
-9.995998111864733e-06,0.00015999999595806003
-9.991998111533771e-06,0.00015999999595806003
-9.98799811120281e-06,0.00019999999494757503
-9.983998110871848e-06,0.00015999999595806003
-9.979998110540887e-06,0.00019999999494757503
-9.975998110209925e-06,0.00015999999595806003
-9.971998109878964e-06,0.00015999999595806003
-9.967998109548002e-06,0.00019999999494757503
-9.96399810921704e-06,0.00019999999494757503
-9.95999810888608e-06,0.00015999999595806003
-9.955998108555118e-06,0.00019999999494757503
-9.951998108224156e-06,0.00015999999595806003
-9.947998107893195e-06,0.00015999999595806003
-9.943998107562233e-06,0.00015999999595806003
-9.939998107231272e-06,0.00015999999595806003
-9.93599810690031e-06,0.00015999999595806003
-9.931998106569349e-06,0.00015999999595806003
-9.927998106238387e-06,0.00015999999595806003
-9.923998105907426e-06,0.00015999999595806003
-9.919998105576464e-06,0.00015999999595806003
-9.915998105245503e-06,0.00015999999595806003
-9.911998104914542e-06,0.00015999999595806003
-9.90799810458358e-06,0.00019999999494757503
-9.903998104252619e-06,0.00015999999595806003
-9.899998103921657e-06,0.00019999999494757503
-9.895998103590696e-06,0.00015999999595806003
-9.891998103259734e-06,0.00019999999494757503
-9.887998102928773e-06,0.00015999999595806003
-9.883998102597811e-06,0.00015999999595806003
-9.87999810226685e-06,0.00015999999595806003
-9.875998101935888e-06,0.00015999999595806003
-9.871998101604927e-06,0.00011999999696854502
-9.867998101273965e-06,0.00015999999595806003
-9.863998100943004e-06,0.00015999999595806003
-9.859998100612042e-06,0.00015999999595806003
-9.85599810028108e-06,0.00015999999595806003
-9.85199809995012e-06,0.00019999999494757503
-9.847998099619158e-06,0.00015999999595806003
-9.843998099288196e-06,0.00019999999494757503
-9.839998098957235e-06,0.00015999999595806003
-9.835998098626273e-06,0.00019999999494757503
-9.831998098295312e-06,0.00015999999595806003
-9.82799809796435e-06,0.00019999999494757503
-9.823998097633389e-06,0.00015999999595806003
-9.819998097302427e-06,0.00015999999595806003
-9.815998096971466e-06,0.00015999999595806003
-9.811998096640504e-06,0.00015999999595806003
-9.807998096309543e-06,0.00015999999595806003
-9.803998095978581e-06,0.00015999999595806003
-9.79999809564762e-06,0.00015999999595806003
-9.795998095316658e-06,0.00015999999595806003
-9.791998094985697e-06,0.00015999999595806003
-9.787998094654736e-06,0.00015999999595806003
-9.783998094323774e-06,0.00015999999595806003
-9.779998093992813e-06,0.00019999999494757503
-9.775998093661851e-06,0.00015999999595806003
-9.77199809333089e-06,0.00019999999494757503
-9.767998092999928e-06,0.00019999999494757503
-9.763998092668967e-06,0.00019999999494757503
-9.759998092338005e-06,0.00015999999595806003
-9.755998092007044e-06,0.00015999999595806003
-9.751998091676082e-06,0.00011999999696854502
-9.74799809134512e-06,0.00015999999595806003
-9.74399809101416e-06,0.00015999999595806003
-9.739998090683198e-06,0.00015999999595806003
-9.735998090352236e-06,0.00015999999595806003
-9.731998090021275e-06,0.00015999999595806003
-9.727998089690313e-06,0.00011999999696854502
-9.723998089359352e-06,0.00015999999595806003
-9.71999808902839e-06,0.00015999999595806003
-9.715998088697429e-06,0.00015999999595806003
-9.711998088366467e-06,0.00015999999595806003
-9.707998088035506e-06,0.00019999999494757503
-9.703998087704544e-06,0.00019999999494757503
-9.699998087373583e-06,0.00019999999494757503
-9.695998087042621e-06,0.00015999999595806003
-9.69199808671166e-06,0.00019999999494757503
-9.687998086380698e-06,0.00015999999595806003
-9.683998086049737e-06,0.00015999999595806003
-9.679998085718775e-06,0.00015999999595806003
-9.675998085387814e-06,0.00015999999595806003
-9.671998085056852e-06,0.00015999999595806003
-9.667998084725891e-06,0.00015999999595806003
-9.66399808439493e-06,0.00015999999595806003
-9.659998084063968e-06,0.00015999999595806003
-9.655998083733007e-06,0.00015999999595806003
-9.651998083402045e-06,0.00019999999494757503
-9.647998083071084e-06,0.00019999999494757503
-9.643998082740122e-06,0.00019999999494757503
-9.63999808240916e-06,0.00019999999494757503
-9.635998082078199e-06,0.00019999999494757503
-9.631998081747238e-06,0.00015999999595806003
-9.627998081416276e-06,0.00015999999595806003
-9.623998081085315e-06,0.00015999999595806003
-9.619998080754353e-06,0.00019999999494757503
-9.615998080423392e-06,0.00015999999595806003
-9.61199808009243e-06,0.00015999999595806003
-9.607998079761469e-06,0.00011999999696854502
-9.603998079430507e-06,0.00015999999595806003
-9.599998079099546e-06,0.00015999999595806003
-9.595998078768584e-06,0.00015999999595806003
-9.591998078437623e-06,0.00015999999595806003
-9.587998078106661e-06,0.00019999999494757503
-9.5839980777757e-06,0.00019999999494757503
-9.579998077444738e-06,0.00019999999494757503
-9.575998077113777e-06,0.00019999999494757503
-9.571998076782815e-06,0.00019999999494757503
-9.567998076451854e-06,0.00019999999494757503
-9.563998076120892e-06,0.00019999999494757503
-9.559998075789931e-06,0.00015999999595806003
-9.55599807545897e-06,0.00015999999595806003
-9.551998075128008e-06,0.00015999999595806003
-9.547998074797046e-06,0.00015999999595806003
-9.543998074466085e-06,0.00015999999595806003
-9.539998074135123e-06,0.00015999999595806003
-9.535998073804162e-06,0.00015999999595806003
-9.5319980734732e-06,0.00019999999494757503
-9.527998073142239e-06,0.00015999999595806003
-9.523998072811278e-06,0.00019999999494757503
-9.519998072480316e-06,0.00015999999595806003
-9.515998072149355e-06,0.00019999999494757503
-9.511998071818393e-06,0.00019999999494757503
-9.507998071487432e-06,0.00019999999494757503
-9.50399807115647e-06,0.00015999999595806003
-9.499998070825509e-06,0.00019999999494757503
-9.495998070494547e-06,0.00011999999696854502
-9.491998070163586e-06,0.00015999999595806003
-9.487998069832624e-06,0.00015999999595806003
-9.483998069501663e-06,0.00015999999595806003
-9.479998069170701e-06,0.00015999999595806003
-9.47599806883974e-06,0.00015999999595806003
-9.471998068508778e-06,0.00015999999595806003
-9.467998068177817e-06,0.00015999999595806003
-9.463998067846855e-06,0.00015999999595806003
-9.459998067515894e-06,0.00019999999494757503
-9.455998067184932e-06,0.00019999999494757503
-9.451998066853971e-06,0.00019999999494757503
-9.44799806652301e-06,0.00015999999595806003
-9.443998066192048e-06,0.00019999999494757503
-9.439998065861086e-06,0.00015999999595806003
-9.435998065530125e-06,0.00019999999494757503
-9.431998065199163e-06,0.00015999999595806003
-9.427998064868202e-06,0.00015999999595806003
-9.42399806453724e-06,0.00015999999595806003
-9.419998064206279e-06,0.00019999999494757503
-9.415998063875317e-06,0.00015999999595806003
-9.411998063544356e-06,0.00015999999595806003
-9.407998063213395e-06,0.00015999999595806003
-9.403998062882433e-06,0.00015999999595806003
-9.399998062551472e-06,0.00015999999595806003
-9.39599806222051e-06,0.00019999999494757503
-9.391998061889549e-06,0.00015999999595806003
-9.387998061558587e-06,0.00019999999494757503
-9.383998061227626e-06,0.00015999999595806003
-9.379998060896664e-06,0.00019999999494757503
-9.375998060565703e-06,0.00019999999494757503
-9.371998060234741e-06,0.00019999999494757503
-9.36799805990378e-06,0.00015999999595806003
-9.363998059572818e-06,0.00015999999595806003
-9.359998059241857e-06,0.00015999999595806003
-9.355998058910895e-06,0.00015999999595806003
-9.351998058579934e-06,0.00015999999595806003
-9.347998058248972e-06,0.00015999999595806003
-9.34399805791801e-06,0.00015999999595806003
-9.33999805758705e-06,0.00019999999494757503
-9.335998057256088e-06,0.00019999999494757503
-9.331998056925126e-06,0.00019999999494757503
-9.327998056594165e-06,0.00015999999595806003
-9.323998056263203e-06,0.00019999999494757503
-9.319998055932242e-06,0.00015999999595806003
-9.31599805560128e-06,0.00015999999595806003
-9.311998055270319e-06,0.00015999999595806003
-9.307998054939357e-06,0.00015999999595806003
-9.303998054608396e-06,0.00015999999595806003
-9.299998054277434e-06,0.00015999999595806003
-9.295998053946473e-06,0.00015999999595806003
-9.291998053615511e-06,0.00019999999494757503
-9.28799805328455e-06,0.00015999999595806003
-9.283998052953589e-06,0.00019999999494757503
-9.279998052622627e-06,0.00015999999595806003
-9.275998052291666e-06,0.00015999999595806003
-9.271998051960704e-06,0.00015999999595806003
-9.267998051629743e-06,0.00015999999595806003
-9.263998051298781e-06,0.00015999999595806003
-9.25999805096782e-06,0.00019999999494757503
-9.255998050636858e-06,0.00015999999595806003
-9.251998050305897e-06,0.00015999999595806003
-9.247998049974935e-06,0.00015999999595806003
-9.243998049643974e-06,0.00015999999595806003
-9.239998049313012e-06,0.00015999999595806003
-9.23599804898205e-06,0.00015999999595806003
-9.23199804865109e-06,0.00015999999595806003
-9.227998048320128e-06,0.00015999999595806003
-9.223998047989166e-06,0.00015999999595806003
-9.219998047658205e-06,0.00015999999595806003
-9.215998047327243e-06,0.00015999999595806003
-9.211998046996282e-06,0.00019999999494757503
-9.20799804666532e-06,0.00015999999595806003
-9.203998046334359e-06,0.00019999999494757503
-9.199998046003397e-06,0.00015999999595806003
-9.195998045672436e-06,0.00019999999494757503
-9.191998045341474e-06,0.00015999999595806003
-9.187998045010513e-06,0.00015999999595806003
-9.183998044679551e-06,0.00015999999595806003
-9.17999804434859e-06,0.00015999999595806003
-9.175998044017628e-06,0.00015999999595806003
-9.171998043686667e-06,0.00019999999494757503
-9.167998043355705e-06,0.00015999999595806003
-9.163998043024744e-06,0.00019999999494757503
-9.159998042693783e-06,0.00015999999595806003
-9.155998042362821e-06,0.00015999999595806003
-9.15199804203186e-06,0.00015999999595806003
-9.147998041700898e-06,0.00015999999595806003
-9.143998041369937e-06,0.00015999999595806003
-9.139998041038975e-06,0.00015999999595806003
-9.135998040708014e-06,0.00015999999595806003
-9.131998040377052e-06,0.00015999999595806003
-9.12799804004609e-06,0.00015999999595806003
-9.12399803971513e-06,0.00015999999595806003
-9.119998039384168e-06,0.00015999999595806003
-9.115998039053206e-06,0.00015999999595806003
-9.111998038722245e-06,0.00015999999595806003
-9.107998038391283e-06,0.00015999999595806003
-9.103998038060322e-06,0.00015999999595806003
-9.09999803772936e-06,0.00015999999595806003
-9.095998037398399e-06,0.00015999999595806003
-9.091998037067437e-06,0.00015999999595806003
-9.087998036736476e-06,0.00015999999595806003
-9.083998036405514e-06,0.00019999999494757503
-9.079998036074553e-06,0.00015999999595806003
-9.075998035743591e-06,0.00019999999494757503
-9.07199803541263e-06,0.00015999999595806003
-9.067998035081668e-06,0.00015999999595806003
-9.063998034750707e-06,0.00015999999595806003
-9.059998034419745e-06,0.00015999999595806003
-9.055998034088784e-06,0.00015999999595806003
-9.051998033757822e-06,0.00015999999595806003
-9.047998033426861e-06,0.00015999999595806003
-9.0439980330959e-06,0.00019999999494757503
-9.039998032764938e-06,0.00015999999595806003
-9.035998032433977e-06,0.00015999999595806003
-9.031998032103015e-06,0.00015999999595806003
-9.027998031772054e-06,0.00015999999595806003
-9.023998031441092e-06,0.00015999999595806003
-9.01999803111013e-06,0.00015999999595806003
-9.015998030779169e-06,0.00015999999595806003
-9.011998030448208e-06,0.00015999999595806003
-9.007998030117246e-06,0.00015999999595806003
-9.003998029786285e-06,0.00019999999494757503
-8.999998029455323e-06,0.00015999999595806003
-8.995998029124362e-06,0.00019999999494757503
-8.9919980287934e-06,0.00015999999595806003
-8.987998028462439e-06,0.00015999999595806003
-8.983998028131477e-06,0.00015999999595806003
-8.979998027800516e-06,0.00015999999595806003
-8.975998027469554e-06,0.00015999999595806003
-8.971998027138593e-06,0.00015999999595806003
-8.967998026807631e-06,0.00015999999595806003
-8.96399802647667e-06,0.00015999999595806003
-8.959998026145708e-06,0.00015999999595806003
-8.955998025814747e-06,0.00015999999595806003
-8.951998025483785e-06,0.00015999999595806003
-8.947998025152824e-06,0.00015999999595806003
-8.943998024821862e-06,0.00015999999595806003
-8.939998024490901e-06,0.00019999999494757503
-8.93599802415994e-06,0.00015999999595806003
-8.931998023828978e-06,0.00015999999595806003
-8.927998023498016e-06,0.00015999999595806003
-8.923998023167055e-06,0.00019999999494757503
-8.919998022836093e-06,0.00015999999595806003
-8.915998022505132e-06,0.00015999999595806003
-8.91199802217417e-06,0.00015999999595806003
-8.907998021843209e-06,0.00015999999595806003
-8.903998021512248e-06,0.00015999999595806003
-8.899998021181286e-06,0.00015999999595806003
-8.895998020850325e-06,0.00015999999595806003
-8.891998020519363e-06,0.00015999999595806003
-8.887998020188402e-06,0.00015999999595806003
-8.88399801985744e-06,0.00019999999494757503
-8.879998019526479e-06,0.00015999999595806003
-8.875998019195517e-06,0.00019999999494757503
-8.871998018864556e-06,0.00015999999595806003
-8.867998018533594e-06,0.00015999999595806003
-8.863998018202633e-06,0.00015999999595806003
-8.859998017871671e-06,0.00015999999595806003
-8.85599801754071e-06,0.00015999999595806003
-8.851998017209748e-06,0.00015999999595806003
-8.847998016878787e-06,0.00015999999595806003
-8.843998016547825e-06,0.00019999999494757503
-8.839998016216864e-06,0.00019999999494757503
-8.835998015885902e-06,0.00015999999595806003
-8.83199801555494e-06,0.00015999999595806003
-8.82799801522398e-06,0.00015999999595806003
-8.823998014893018e-06,0.00015999999595806003
-8.819998014562056e-06,0.00015999999595806003
-8.815998014231095e-06,0.00015999999595806003
-8.811998013900133e-06,0.00019999999494757503
-8.807998013569172e-06,0.00015999999595806003
-8.80399801323821e-06,0.00019999999494757503
-8.799998012907249e-06,0.00015999999595806003
-8.795998012576287e-06,0.00015999999595806003
-8.791998012245326e-06,0.00015999999595806003
-8.787998011914365e-06,0.00015999999595806003
-8.783998011583403e-06,0.00015999999595806003
-8.779998011252442e-06,0.00015999999595806003
-8.77599801092148e-06,0.00015999999595806003
-8.771998010590519e-06,0.00015999999595806003
-8.767998010259557e-06,0.00015999999595806003
-8.763998009928596e-06,0.00019999999494757503
-8.759998009597634e-06,0.00015999999595806003
-8.755998009266673e-06,0.00019999999494757503
-8.751998008935711e-06,0.00015999999595806003
-8.74799800860475e-06,0.00015999999595806003
-8.743998008273788e-06,0.00015999999595806003
-8.739998007942827e-06,0.00019999999494757503
-8.735998007611865e-06,0.00015999999595806003
-8.731998007280904e-06,0.00015999999595806003
-8.727998006949942e-06,0.00015999999595806003
-8.72399800661898e-06,0.00015999999595806003
-8.71999800628802e-06,0.00015999999595806003
-8.715998005957058e-06,0.00015999999595806003
-8.711998005626096e-06,0.00015999999595806003
-8.707998005295135e-06,0.00015999999595806003
-8.703998004964173e-06,0.00015999999595806003
-8.699998004633212e-06,0.00015999999595806003
-8.69599800430225e-06,0.00015999999595806003
-8.691998003971289e-06,0.00015999999595806003
-8.687998003640327e-06,0.00015999999595806003
-8.683998003309366e-06,0.00015999999595806003
-8.679998002978404e-06,0.00015999999595806003
-8.675998002647443e-06,0.00019999999494757503
-8.671998002316481e-06,0.00015999999595806003
-8.66799800198552e-06,0.00019999999494757503
-8.663998001654559e-06,0.00015999999595806003
-8.659998001323597e-06,0.00015999999595806003
-8.655998000992636e-06,0.00015999999595806003
-8.651998000661674e-06,0.00015999999595806003
-8.647998000330713e-06,0.00015999999595806003
-8.643997999999751e-06,0.00015999999595806003
-8.63999799966879e-06,0.00015999999595806003
-8.635997999337828e-06,0.00019999999494757503
-8.631997999006867e-06,0.00015999999595806003
-8.627997998675905e-06,0.00019999999494757503
-8.623997998344944e-06,0.00015999999595806003
-8.619997998013982e-06,0.00019999999494757503
-8.61599799768302e-06,0.00015999999595806003
-8.61199799735206e-06,0.00019999999494757503
-8.607997997021098e-06,0.00015999999595806003
-8.603997996690136e-06,0.00015999999595806003
-8.599997996359175e-06,0.00015999999595806003
-8.595997996028213e-06,0.00015999999595806003
-8.591997995697252e-06,0.00015999999595806003
-8.58799799536629e-06,0.00015999999595806003
-8.583997995035329e-06,0.00015999999595806003
-8.579997994704367e-06,0.00015999999595806003
-8.575997994373406e-06,0.00015999999595806003
-8.571997994042444e-06,0.00015999999595806003
-8.567997993711483e-06,0.00015999999595806003
-8.563997993380521e-06,0.00015999999595806003
-8.55999799304956e-06,0.00015999999595806003
-8.555997992718598e-06,0.00019999999494757503
-8.551997992387637e-06,0.00015999999595806003
-8.547997992056675e-06,0.00019999999494757503
-8.543997991725714e-06,0.00015999999595806003
-8.539997991394752e-06,0.00019999999494757503
-8.535997991063791e-06,0.00015999999595806003
-8.53199799073283e-06,0.00015999999595806003
-8.527997990401868e-06,0.00015999999595806003
-8.523997990070907e-06,0.00015999999595806003
-8.519997989739945e-06,0.00015999999595806003
-8.515997989408984e-06,0.00015999999595806003
-8.511997989078022e-06,0.00015999999595806003
-8.50799798874706e-06,0.00015999999595806003
-8.503997988416099e-06,0.00015999999595806003
-8.499997988085138e-06,0.00019999999494757503
-8.495997987754176e-06,0.00015999999595806003
-8.491997987423215e-06,0.00019999999494757503
-8.487997987092253e-06,0.00015999999595806003
-8.483997986761292e-06,0.00019999999494757503
-8.47999798643033e-06,0.00019999999494757503
-8.475997986099369e-06,0.00019999999494757503
-8.471997985768407e-06,0.00015999999595806003
-8.467997985437446e-06,0.00015999999595806003
-8.463997985106484e-06,0.00015999999595806003
-8.459997984775523e-06,0.00015999999595806003
-8.455997984444561e-06,0.00015999999595806003
-8.4519979841136e-06,0.00015999999595806003
-8.447997983782638e-06,0.00015999999595806003
-8.443997983451677e-06,0.00015999999595806003
-8.439997983120715e-06,0.00015999999595806003
-8.435997982789754e-06,0.00019999999494757503
-8.431997982458792e-06,0.00015999999595806003
-8.427997982127831e-06,0.00019999999494757503
-8.42399798179687e-06,0.00015999999595806003
-8.419997981465908e-06,0.00015999999595806003
-8.415997981134946e-06,0.00015999999595806003
-8.411997980803985e-06,0.00015999999595806003
-8.407997980473024e-06,0.00015999999595806003
-8.403997980142062e-06,0.00015999999595806003
-8.3999979798111e-06,0.00015999999595806003
-8.395997979480139e-06,0.00015999999595806003
-8.391997979149178e-06,0.00015999999595806003
-8.387997978818216e-06,0.00015999999595806003
-8.383997978487255e-06,0.00015999999595806003
-8.379997978156293e-06,0.00015999999595806003
-8.375997977825332e-06,0.00015999999595806003
-8.37199797749437e-06,0.00019999999494757503
-8.367997977163409e-06,0.00015999999595806003
-8.363997976832447e-06,0.00019999999494757503
-8.359997976501486e-06,0.00015999999595806003
-8.355997976170524e-06,0.00019999999494757503
-8.351997975839563e-06,0.00015999999595806003
-8.347997975508601e-06,0.00015999999595806003
-8.34399797517764e-06,0.00015999999595806003
-8.339997974846678e-06,0.00015999999595806003
-8.335997974515717e-06,0.00015999999595806003
-8.331997974184755e-06,0.00015999999595806003
-8.327997973853794e-06,0.00015999999595806003
-8.323997973522832e-06,0.00019999999494757503
-8.319997973191871e-06,0.00015999999595806003
-8.31599797286091e-06,0.00019999999494757503
-8.311997972529948e-06,0.00015999999595806003
-8.307997972198986e-06,0.00019999999494757503
-8.303997971868025e-06,0.00015999999595806003
-8.299997971537063e-06,0.00015999999595806003
-8.295997971206102e-06,0.00015999999595806003
-8.29199797087514e-06,0.00015999999595806003
-8.287997970544179e-06,0.00015999999595806003
-8.283997970213218e-06,0.00015999999595806003
-8.279997969882256e-06,0.00015999999595806003
-8.275997969551295e-06,0.00019999999494757503
-8.271997969220333e-06,0.00015999999595806003
-8.267997968889372e-06,0.00015999999595806003
-8.26399796855841e-06,0.00015999999595806003
-8.259997968227449e-06,0.00019999999494757503
-8.255997967896487e-06,0.00015999999595806003
-8.251997967565526e-06,0.00015999999595806003
-8.247997967234564e-06,0.00015999999595806003
-8.243997966903603e-06,0.00015999999595806003
-8.239997966572641e-06,0.00015999999595806003
-8.23599796624168e-06,0.00015999999595806003
-8.231997965910718e-06,0.00015999999595806003
-8.227997965579757e-06,0.00015999999595806003
-8.223997965248795e-06,0.00015999999595806003
-8.219997964917834e-06,0.00019999999494757503
-8.215997964586872e-06,0.00015999999595806003
-8.21199796425591e-06,0.00019999999494757503
-8.20799796392495e-06,0.00015999999595806003
-8.203997963593988e-06,0.00015999999595806003
-8.199997963263026e-06,0.00015999999595806003
-8.195997962932065e-06,0.00015999999595806003
-8.191997962601103e-06,0.00015999999595806003
-8.187997962270142e-06,0.00015999999595806003
-8.18399796193918e-06,0.00015999999595806003
-8.179997961608219e-06,0.00015999999595806003
-8.175997961277257e-06,0.00015999999595806003
-8.171997960946296e-06,0.00015999999595806003
-8.167997960615334e-06,0.00015999999595806003
-8.163997960284373e-06,0.00015999999595806003
-8.159997959953412e-06,0.00015999999595806003
-8.15599795962245e-06,0.00015999999595806003
-8.151997959291489e-06,0.00015999999595806003
-8.147997958960527e-06,0.00019999999494757503
-8.143997958629566e-06,0.00015999999595806003
-8.139997958298604e-06,0.00019999999494757503
-8.135997957967643e-06,0.00015999999595806003
-8.131997957636681e-06,0.00015999999595806003
-8.12799795730572e-06,0.00015999999595806003
-8.123997956974758e-06,0.00015999999595806003
-8.119997956643797e-06,0.00015999999595806003
-8.115997956312835e-06,0.00015999999595806003
-8.111997955981874e-06,0.00015999999595806003
-8.107997955650912e-06,0.00019999999494757503
-8.10399795531995e-06,0.00019999999494757503
-8.09999795498899e-06,0.00019999999494757503
-8.095997954658028e-06,0.00015999999595806003
-8.091997954327066e-06,0.00015999999595806003
-8.087997953996105e-06,0.00015999999595806003
-8.083997953665143e-06,0.00019999999494757503
-8.079997953334182e-06,0.00015999999595806003
-8.07599795300322e-06,0.00015999999595806003
-8.071997952672259e-06,0.00015999999595806003
-8.067997952341297e-06,0.00015999999595806003
-8.063997952010336e-06,0.00015999999595806003
-8.059997951679374e-06,0.00015999999595806003
-8.055997951348413e-06,0.00015999999595806003
-8.051997951017451e-06,0.00019999999494757503
-8.04799795068649e-06,0.00015999999595806003
-8.043997950355528e-06,0.00019999999494757503
-8.039997950024567e-06,0.00015999999595806003
-8.035997949693606e-06,0.00019999999494757503
-8.031997949362644e-06,0.00015999999595806003
-8.027997949031683e-06,0.00019999999494757503
-8.023997948700721e-06,0.00015999999595806003
-8.01999794836976e-06,0.00015999999595806003
-8.015997948038798e-06,0.00015999999595806003
-8.011997947707837e-06,0.00015999999595806003
-8.007997947376875e-06,0.00015999999595806003
-8.003997947045914e-06,0.00015999999595806003
-7.999997946714952e-06,0.00015999999595806003
-7.99599794638399e-06,0.00015999999595806003
-7.99199794605303e-06,0.00015999999595806003
-7.987997945722068e-06,0.00019999999494757503
-7.983997945391106e-06,0.00019999999494757503
-7.979997945060145e-06,0.00019999999494757503
-7.975997944729183e-06,0.00015999999595806003
-7.971997944398222e-06,0.00019999999494757503
-7.96799794406726e-06,0.00015999999595806003
-7.963997943736299e-06,0.00015999999595806003
-7.959997943405337e-06,0.00015999999595806003
-7.955997943074376e-06,0.00015999999595806003
-7.951997942743414e-06,0.00015999999595806003
-7.947997942412453e-06,0.00015999999595806003
-7.943997942081491e-06,0.00015999999595806003
-7.93999794175053e-06,0.00019999999494757503
-7.935997941419568e-06,0.00015999999595806003
-7.931997941088607e-06,0.00015999999595806003
-7.927997940757645e-06,0.00015999999595806003
-7.923997940426684e-06,0.00019999999494757503
-7.919997940095722e-06,0.00015999999595806003
-7.915997939764761e-06,0.00015999999595806003
-7.9119979394338e-06,0.00015999999595806003
-7.907997939102838e-06,0.00015999999595806003
-7.903997938771877e-06,0.00015999999595806003
-7.899997938440915e-06,0.00015999999595806003
-7.895997938109954e-06,0.00015999999595806003
-7.891997937778992e-06,0.00015999999595806003
-7.88799793744803e-06,0.00015999999595806003
-7.883997937117069e-06,0.00019999999494757503
-7.879997936786108e-06,0.00015999999595806003
-7.875997936455146e-06,0.00015999999595806003
-7.871997936124185e-06,0.00015999999595806003
-7.867997935793223e-06,0.00015999999595806003
-7.863997935462262e-06,0.00019999999494757503
-7.8599979351313e-06,0.00019999999494757503
-7.855997934800339e-06,0.00015999999595806003
-7.851997934469377e-06,0.00015999999595806003
-7.847997934138416e-06,0.00015999999595806003
-7.843997933807454e-06,0.00015999999595806003
-7.839997933476493e-06,0.00015999999595806003
-7.835997933145531e-06,0.00019999999494757503
-7.83199793281457e-06,0.00015999999595806003
-7.827997932483608e-06,0.00019999999494757503
-7.823997932152647e-06,0.00015999999595806003
-7.819997931821685e-06,0.00019999999494757503
-7.815997931490724e-06,0.00015999999595806003
-7.811997931159762e-06,0.00015999999595806003
-7.807997930828801e-06,0.00015999999595806003
-7.80399793049784e-06,0.00015999999595806003
-7.799997930166878e-06,0.00015999999595806003
-7.795997929835916e-06,0.00015999999595806003
-7.791997929504955e-06,0.00015999999595806003
-7.787997929173994e-06,0.00015999999595806003
-7.783997928843032e-06,0.00015999999595806003
-7.77999792851207e-06,0.00019999999494757503
-7.775997928181109e-06,0.00015999999595806003
-7.771997927850148e-06,0.00015999999595806003
-7.767997927519186e-06,0.00015999999595806003
-7.763997927188225e-06,0.00015999999595806003
-7.759997926857263e-06,0.00015999999595806003
-7.755997926526302e-06,0.00015999999595806003
-7.75199792619534e-06,0.00015999999595806003
-7.747997925864379e-06,0.00019999999494757503
-7.743997925533417e-06,0.00015999999595806003
-7.739997925202456e-06,0.00019999999494757503
-7.735997924871494e-06,0.00015999999595806003
-7.731997924540533e-06,0.00019999999494757503
-7.727997924209571e-06,0.00015999999595806003
-7.72399792387861e-06,0.00015999999595806003
-7.719997923547648e-06,0.00015999999595806003
-7.715997923216687e-06,0.00015999999595806003
-7.711997922885725e-06,0.00015999999595806003
-7.707997922554764e-06,0.00019999999494757503
-7.703997922223802e-06,0.00019999999494757503
-7.699997921892841e-06,0.00019999999494757503
-7.69599792156188e-06,0.00015999999595806003
-7.691997921230918e-06,0.00015999999595806003
-7.687997920899956e-06,0.00015999999595806003
-7.683997920568995e-06,0.00015999999595806003
-7.679997920238033e-06,0.00015999999595806003
-7.675997919907072e-06,0.00015999999595806003
-7.67199791957611e-06,0.00015999999595806003
-7.667997919245149e-06,0.00015999999595806003
-7.663997918914188e-06,0.00015999999595806003
-7.659997918583226e-06,0.00015999999595806003
-7.655997918252265e-06,0.00015999999595806003
-7.651997917921303e-06,0.00015999999595806003
-7.647997917590342e-06,0.00015999999595806003
-7.64399791725938e-06,0.00015999999595806003
-7.639997916928419e-06,0.00015999999595806003
-7.635997916597457e-06,0.00015999999595806003
-7.631997916266496e-06,0.00015999999595806003
-7.627997915935534e-06,0.00019999999494757503
-7.623997915604573e-06,0.00015999999595806003
-7.619997915273611e-06,0.00015999999595806003
-7.61599791494265e-06,0.00015999999595806003
-7.611997914611688e-06,0.00019999999494757503
-7.607997914280727e-06,0.00019999999494757503
-7.603997913949765e-06,0.00019999999494757503
-7.599997913618804e-06,0.00015999999595806003
-7.595997913287842e-06,0.00019999999494757503
-7.591997912956881e-06,0.00015999999595806003
-7.587997912625919e-06,0.00019999999494757503
-7.583997912294958e-06,0.00019999999494757503
-7.579997911963996e-06,0.00019999999494757503
-7.575997911633035e-06,0.00015999999595806003
-7.571997911302073e-06,0.00015999999595806003
-7.567997910971112e-06,0.00015999999595806003
-7.56399791064015e-06,0.00015999999595806003
-7.559997910309189e-06,0.00015999999595806003
-7.5559979099782274e-06,0.00019999999494757503
-7.551997909647266e-06,0.00015999999595806003
-7.5479979093163045e-06,0.00015999999595806003
-7.543997908985343e-06,0.00015999999595806003
-7.5399979086543815e-06,0.00015999999595806003
-7.53599790832342e-06,0.00019999999494757503
-7.5319979079924585e-06,0.00019999999494757503
-7.527997907661497e-06,0.00019999999494757503
-7.5239979073305356e-06,0.00019999999494757503
-7.519997906999574e-06,0.00019999999494757503
-7.515997906668613e-06,0.00019999999494757503
-7.511997906337651e-06,0.00015999999595806003
-7.50799790600669e-06,0.00015999999595806003
-7.503997905675728e-06,0.00015999999595806003
-7.499997905344767e-06,0.00015999999595806003
-7.495997905013805e-06,0.00011999999696854502
-7.491997904682844e-06,0.00015999999595806003
-7.487997904351882e-06,0.00011999999696854502
-7.483997904020921e-06,0.00015999999595806003
-7.479997903689959e-06,0.00015999999595806003
-7.475997903358998e-06,0.00019999999494757503
-7.471997903028036e-06,0.00015999999595806003
-7.467997902697075e-06,0.00019999999494757503
-7.463997902366113e-06,0.00019999999494757503
-7.459997902035152e-06,0.00019999999494757503
-7.45599790170419e-06,0.00019999999494757503
-7.451997901373229e-06,0.00019999999494757503
-7.447997901042267e-06,0.00015999999595806003
-7.443997900711306e-06,0.00015999999595806003
-7.439997900380344e-06,0.00011999999696854502
-7.435997900049383e-06,0.00015999999595806003
-7.4319978997184214e-06,0.00011999999696854502
-7.42799789938746e-06,0.00015999999595806003
-7.4239978990564985e-06,0.00015999999595806003
-7.419997898725537e-06,0.00019999999494757503
-7.4159978983945755e-06,0.00015999999595806003
-7.411997898063614e-06,0.00019999999494757503
-7.4079978977326525e-06,0.00015999999595806003
-7.403997897401691e-06,0.00019999999494757503
-7.3999978970707296e-06,0.00019999999494757503
-7.395997896739768e-06,0.00019999999494757503
-7.391997896408807e-06,0.00015999999595806003
-7.387997896077845e-06,0.00019999999494757503
-7.383997895746884e-06,0.00015999999595806003
-7.379997895415922e-06,0.00015999999595806003
-7.375997895084961e-06,0.00015999999595806003
-7.371997894753999e-06,0.00015999999595806003
-7.367997894423038e-06,0.00015999999595806003
-7.363997894092076e-06,0.00015999999595806003
-7.359997893761115e-06,0.00011999999696854502
-7.355997893430153e-06,0.00015999999595806003
-7.351997893099192e-06,0.00015999999595806003
-7.34799789276823e-06,0.00019999999494757503
-7.343997892437269e-06,0.00019999999494757503
-7.339997892106307e-06,0.00019999999494757503
-7.335997891775346e-06,0.00019999999494757503
-7.331997891444384e-06,0.00019999999494757503
-7.327997891113423e-06,0.00015999999595806003
-7.323997890782461e-06,0.00019999999494757503
-7.3199978904515e-06,0.00015999999595806003
-7.315997890120538e-06,0.00015999999595806003
-7.311997889789577e-06,0.00015999999595806003
-7.3079978894586154e-06,0.00015999999595806003
-7.303997889127654e-06,0.00015999999595806003
-7.2999978887966925e-06,0.00015999999595806003
-7.295997888465731e-06,0.00015999999595806003
-7.2919978881347695e-06,0.00019999999494757503
-7.287997887803808e-06,0.00015999999595806003
-7.2839978874728465e-06,0.00019999999494757503
-7.279997887141885e-06,0.00019999999494757503
-7.2759978868109236e-06,0.00019999999494757503
-7.271997886479962e-06,0.00015999999595806003
-7.267997886149001e-06,0.00019999999494757503
-7.263997885818039e-06,0.00015999999595806003
-7.259997885487078e-06,0.00019999999494757503
-7.255997885156116e-06,0.00015999999595806003
-7.251997884825155e-06,0.00015999999595806003
-7.247997884494193e-06,0.00015999999595806003
-7.243997884163232e-06,0.00015999999595806003
-7.23999788383227e-06,0.00015999999595806003
-7.235997883501309e-06,0.00015999999595806003
-7.231997883170347e-06,0.00015999999595806003
-7.227997882839386e-06,0.00019999999494757503
-7.223997882508424e-06,0.00015999999595806003
-7.219997882177463e-06,0.00015999999595806003
-7.215997881846501e-06,0.00015999999595806003
-7.21199788151554e-06,0.00019999999494757503
-7.207997881184578e-06,0.00015999999595806003
-7.203997880853617e-06,0.00015999999595806003
-7.199997880522655e-06,0.00015999999595806003
-7.195997880191694e-06,0.00015999999595806003
-7.191997879860732e-06,0.00015999999595806003
-7.187997879529771e-06,0.00019999999494757503
-7.183997879198809e-06,0.00015999999595806003
-7.179997878867848e-06,0.00019999999494757503
-7.1759978785368865e-06,0.00015999999595806003
-7.171997878205925e-06,0.00015999999595806003
-7.1679978778749635e-06,0.00015999999595806003
-7.163997877544002e-06,0.00015999999595806003
-7.1599978772130405e-06,0.00015999999595806003
-7.155997876882079e-06,0.00015999999595806003
-7.1519978765511176e-06,0.00015999999595806003
-7.147997876220156e-06,0.00015999999595806003
-7.143997875889195e-06,0.00015999999595806003
-7.139997875558233e-06,0.00015999999595806003
-7.135997875227272e-06,0.00019999999494757503
-7.13199787489631e-06,0.00019999999494757503
-7.127997874565349e-06,0.00015999999595806003
-7.123997874234387e-06,0.00015999999595806003
-7.119997873903426e-06,0.00015999999595806003
-7.115997873572464e-06,0.00015999999595806003
-7.111997873241503e-06,0.00015999999595806003
-7.107997872910541e-06,0.00015999999595806003
-7.10399787257958e-06,0.00015999999595806003
-7.099997872248618e-06,0.00015999999595806003
-7.095997871917657e-06,0.00015999999595806003
-7.091997871586695e-06,0.00015999999595806003
-7.087997871255734e-06,0.00015999999595806003
-7.083997870924772e-06,0.00015999999595806003
-7.079997870593811e-06,0.00015999999595806003
-7.075997870262849e-06,0.00019999999494757503
-7.071997869931888e-06,0.00015999999595806003
-7.067997869600926e-06,0.00019999999494757503
-7.063997869269965e-06,0.00015999999595806003
-7.059997868939003e-06,0.00015999999595806003
-7.055997868608042e-06,0.00015999999595806003
-7.0519978682770805e-06,0.00015999999595806003
-7.047997867946119e-06,0.00015999999595806003
-7.0439978676151575e-06,0.00015999999595806003
-7.039997867284196e-06,0.00015999999595806003
-7.0359978669532345e-06,0.00015999999595806003
-7.031997866622273e-06,0.00011999999696854502
-7.0279978662913115e-06,0.00015999999595806003
-7.02399786596035e-06,0.00015999999595806003
-7.019997865629389e-06,0.00019999999494757503
-7.015997865298427e-06,0.00015999999595806003
-7.011997864967466e-06,0.00019999999494757503
-7.007997864636504e-06,0.00015999999595806003
-7.003997864305543e-06,0.00015999999595806003
-6.999997863974581e-06,0.00015999999595806003
-6.99599786364362e-06,0.00019999999494757503
-6.991997863312658e-06,0.00015999999595806003
-6.987997862981697e-06,0.00015999999595806003
-6.983997862650735e-06,0.00015999999595806003
-6.979997862319774e-06,0.00015999999595806003
-6.975997861988812e-06,0.00015999999595806003
-6.971997861657851e-06,0.00015999999595806003
-6.967997861326889e-06,0.00015999999595806003
-6.963997860995928e-06,0.00015999999595806003
-6.959997860664966e-06,0.00015999999595806003
-6.955997860334005e-06,0.00015999999595806003
-6.951997860003043e-06,0.00015999999595806003
-6.947997859672082e-06,0.00019999999494757503
-6.94399785934112e-06,0.00015999999595806003
-6.939997859010159e-06,0.00015999999595806003
-6.935997858679197e-06,0.00015999999595806003
-6.931997858348236e-06,0.00019999999494757503
-6.9279978580172744e-06,0.00019999999494757503
-6.923997857686313e-06,0.00015999999595806003
-6.9199978573553515e-06,0.00015999999595806003
-6.91599785702439e-06,0.00015999999595806003
-6.9119978566934285e-06,0.00015999999595806003
-6.907997856362467e-06,0.00015999999595806003
-6.9039978560315055e-06,0.00015999999595806003
-6.899997855700544e-06,0.00019999999494757503
-6.8959978553695826e-06,0.00015999999595806003
-6.891997855038621e-06,0.00019999999494757503
-6.88799785470766e-06,0.00015999999595806003
-6.883997854376698e-06,0.00015999999595806003
-6.879997854045737e-06,0.00015999999595806003
-6.875997853714775e-06,0.00015999999595806003
-6.871997853383814e-06,0.00015999999595806003
-6.867997853052852e-06,0.00019999999494757503
-6.863997852721891e-06,0.00015999999595806003
-6.859997852390929e-06,0.00015999999595806003
-6.855997852059968e-06,0.00015999999595806003
-6.851997851729006e-06,0.00015999999595806003
-6.847997851398045e-06,0.00015999999595806003
-6.843997851067083e-06,0.00015999999595806003
-6.839997850736122e-06,0.00015999999595806003
-6.83599785040516e-06,0.00019999999494757503
-6.831997850074199e-06,0.00015999999595806003
-6.827997849743237e-06,0.00015999999595806003
-6.823997849412276e-06,0.00019999999494757503
-6.819997849081314e-06,0.00015999999595806003
-6.815997848750353e-06,0.00015999999595806003
-6.811997848419391e-06,0.00015999999595806003
-6.80799784808843e-06,0.00015999999595806003
-6.8039978477574684e-06,0.00015999999595806003
-6.799997847426507e-06,0.00015999999595806003
-6.7959978470955455e-06,0.00015999999595806003
-6.791997846764584e-06,0.00015999999595806003
-6.7879978464336225e-06,0.00015999999595806003
-6.783997846102661e-06,0.00015999999595806003
-6.7799978457716995e-06,0.00019999999494757503
-6.775997845440738e-06,0.00015999999595806003
-6.7719978451097766e-06,0.00019999999494757503
-6.767997844778815e-06,0.00015999999595806003
-6.763997844447854e-06,0.00015999999595806003
-6.759997844116892e-06,0.00015999999595806003
-6.755997843785931e-06,0.00015999999595806003
-6.751997843454969e-06,0.00015999999595806003
-6.747997843124008e-06,0.00015999999595806003
-6.743997842793046e-06,0.00015999999595806003
-6.739997842462085e-06,0.00019999999494757503
-6.735997842131123e-06,0.00015999999595806003
-6.731997841800162e-06,0.00019999999494757503
-6.7279978414692e-06,0.00015999999595806003
-6.723997841138239e-06,0.00015999999595806003
-6.719997840807277e-06,0.00015999999595806003
-6.715997840476316e-06,0.00019999999494757503
-6.711997840145354e-06,0.00015999999595806003
-6.707997839814393e-06,0.00015999999595806003
-6.703997839483431e-06,0.00015999999595806003
-6.69999783915247e-06,0.00015999999595806003
-6.695997838821508e-06,0.00015999999595806003
-6.691997838490547e-06,0.00019999999494757503
-6.687997838159585e-06,0.00015999999595806003
-6.683997837828624e-06,0.00015999999595806003
-6.6799978374976624e-06,0.00015999999595806003
-6.675997837166701e-06,0.00015999999595806003
-6.6719978368357395e-06,0.00011999999696854502
-6.667997836504778e-06,0.00015999999595806003
-6.6639978361738165e-06,0.00015999999595806003
-6.659997835842855e-06,0.00015999999595806003
-6.6559978355118935e-06,0.00015999999595806003
-6.651997835180932e-06,0.00019999999494757503
-6.6479978348499706e-06,0.00015999999595806003
-6.643997834519009e-06,0.00019999999494757503
-6.639997834188048e-06,0.00015999999595806003
-6.635997833857086e-06,0.00015999999595806003
-6.631997833526125e-06,0.00015999999595806003
-6.627997833195163e-06,0.00015999999595806003
-6.623997832864202e-06,0.00015999999595806003
-6.61999783253324e-06,0.00019999999494757503
-6.615997832202279e-06,0.00015999999595806003
-6.611997831871317e-06,0.00019999999494757503
-6.607997831540356e-06,0.00015999999595806003
-6.603997831209394e-06,0.00015999999595806003
-6.599997830878433e-06,0.00015999999595806003
-6.595997830547471e-06,0.00015999999595806003
-6.59199783021651e-06,0.00015999999595806003
-6.587997829885548e-06,0.00015999999595806003
-6.583997829554587e-06,0.00015999999595806003
-6.579997829223625e-06,0.00015999999595806003
-6.575997828892664e-06,0.00015999999595806003
-6.571997828561702e-06,0.00015999999595806003
-6.567997828230741e-06,0.00015999999595806003
-6.563997827899779e-06,0.00015999999595806003
-6.559997827568818e-06,0.00015999999595806003
-6.5559978272378564e-06,0.00015999999595806003
-6.551997826906895e-06,0.00015999999595806003
-6.5479978265759335e-06,0.00015999999595806003
-6.543997826244972e-06,0.00015999999595806003
-6.5399978259140105e-06,0.00015999999595806003
-6.535997825583049e-06,0.00015999999595806003
-6.5319978252520875e-06,0.00015999999595806003
-6.527997824921126e-06,0.00015999999595806003
-6.5239978245901646e-06,0.00019999999494757503
-6.519997824259203e-06,0.00019999999494757503
-6.515997823928242e-06,0.00019999999494757503
-6.51199782359728e-06,0.00015999999595806003
-6.507997823266319e-06,0.00015999999595806003
-6.503997822935357e-06,0.00015999999595806003
-6.499997822604396e-06,0.00015999999595806003
-6.495997822273434e-06,0.00015999999595806003
-6.491997821942473e-06,0.00015999999595806003
-6.487997821611511e-06,0.00015999999595806003
-6.48399782128055e-06,0.00019999999494757503
-6.479997820949588e-06,0.00015999999595806003
-6.475997820618627e-06,0.00015999999595806003
-6.471997820287665e-06,0.00015999999595806003
-6.467997819956704e-06,0.00019999999494757503
-6.463997819625742e-06,0.00015999999595806003
-6.459997819294781e-06,0.00019999999494757503
-6.455997818963819e-06,0.00015999999595806003
-6.451997818632858e-06,0.00015999999595806003
-6.447997818301896e-06,0.00015999999595806003
-6.443997817970935e-06,0.00015999999595806003
-6.439997817639973e-06,0.00015999999595806003
-6.435997817309012e-06,0.00015999999595806003
-6.4319978169780504e-06,0.00015999999595806003
-6.427997816647089e-06,0.00015999999595806003
-6.4239978163161275e-06,0.00015999999595806003
-6.419997815985166e-06,0.00015999999595806003
-6.4159978156542045e-06,0.00015999999595806003
-6.411997815323243e-06,0.00015999999595806003
-6.4079978149922815e-06,0.00015999999595806003
-6.40399781466132e-06,0.00019999999494757503
-6.3999978143303586e-06,0.00015999999595806003
-6.395997813999397e-06,0.00015999999595806003
-6.391997813668436e-06,0.00015999999595806003
-6.387997813337474e-06,0.00015999999595806003
-6.383997813006513e-06,0.00015999999595806003
-6.379997812675551e-06,0.00015999999595806003
-6.37599781234459e-06,0.00015999999595806003
-6.371997812013628e-06,0.00015999999595806003
-6.367997811682667e-06,0.00015999999595806003
-6.363997811351705e-06,0.00019999999494757503
-6.359997811020744e-06,0.00015999999595806003
-6.355997810689782e-06,0.00015999999595806003
-6.351997810358821e-06,0.00015999999595806003
-6.347997810027859e-06,0.00015999999595806003
-6.343997809696898e-06,0.00015999999595806003
-6.339997809365936e-06,0.00015999999595806003
-6.335997809034975e-06,0.00015999999595806003
-6.331997808704013e-06,0.00015999999595806003
-6.327997808373052e-06,0.00015999999595806003
-6.32399780804209e-06,0.00015999999595806003
-6.319997807711129e-06,0.00015999999595806003
-6.315997807380167e-06,0.00015999999595806003
-6.311997807049206e-06,0.00015999999595806003
-6.3079978067182444e-06,0.00015999999595806003
-6.303997806387283e-06,0.00015999999595806003
-6.2999978060563215e-06,0.00019999999494757503
-6.29599780572536e-06,0.00015999999595806003
-6.2919978053943985e-06,0.00015999999595806003
-6.287997805063437e-06,0.00015999999595806003
-6.2839978047324755e-06,0.00015999999595806003
-6.279997804401514e-06,0.00015999999595806003
-6.2759978040705526e-06,0.00015999999595806003
-6.271997803739591e-06,0.00015999999595806003
-6.26799780340863e-06,0.00019999999494757503
-6.263997803077668e-06,0.00015999999595806003
-6.259997802746707e-06,0.00015999999595806003
-6.255997802415745e-06,0.00015999999595806003
-6.251997802084784e-06,0.00015999999595806003
-6.247997801753822e-06,0.00015999999595806003
-6.243997801422861e-06,0.00019999999494757503
-6.239997801091899e-06,0.00015999999595806003
-6.235997800760938e-06,0.00019999999494757503
-6.231997800429976e-06,0.00015999999595806003
-6.227997800099015e-06,0.00015999999595806003
-6.223997799768053e-06,0.00015999999595806003
-6.219997799437092e-06,0.00015999999595806003
-6.21599779910613e-06,0.00015999999595806003
-6.211997798775169e-06,0.00015999999595806003
-6.207997798444207e-06,0.00015999999595806003
-6.203997798113246e-06,0.00015999999595806003
-6.199997797782284e-06,0.00015999999595806003
-6.195997797451323e-06,0.00019999999494757503
-6.191997797120361e-06,0.00015999999595806003
-6.1879977967894e-06,0.00015999999595806003
-6.183997796458438e-06,0.00015999999595806003
-6.179997796127477e-06,0.00015999999595806003
-6.1759977957965155e-06,0.00015999999595806003
-6.171997795465554e-06,0.00015999999595806003
-6.1679977951345925e-06,0.00015999999595806003
-6.163997794803631e-06,0.00019999999494757503
-6.1599977944726695e-06,0.00015999999595806003
-6.155997794141708e-06,0.00015999999595806003
-6.1519977938107466e-06,0.00015999999595806003
-6.147997793479785e-06,0.00015999999595806003
-6.143997793148824e-06,0.00015999999595806003
-6.139997792817862e-06,0.00015999999595806003
-6.135997792486901e-06,0.00015999999595806003
-6.131997792155939e-06,0.00019999999494757503
-6.127997791824978e-06,0.00015999999595806003
-6.123997791494016e-06,0.00019999999494757503
-6.119997791163055e-06,0.00015999999595806003
-6.115997790832093e-06,0.00019999999494757503
-6.111997790501132e-06,0.00015999999595806003
-6.10799779017017e-06,0.00015999999595806003
-6.103997789839209e-06,0.00015999999595806003
-6.099997789508247e-06,0.00015999999595806003
-6.095997789177286e-06,0.00015999999595806003
-6.091997788846324e-06,0.00015999999595806003
-6.087997788515363e-06,0.00015999999595806003
-6.083997788184401e-06,0.00019999999494757503
-6.07999778785344e-06,0.00019999999494757503
-6.075997787522478e-06,0.00019999999494757503
-6.071997787191517e-06,0.00019999999494757503
-6.067997786860555e-06,0.00015999999595806003
-6.063997786529594e-06,0.00015999999595806003
-6.059997786198632e-06,0.00015999999595806003
-6.055997785867671e-06,0.00015999999595806003
-6.0519977855367095e-06,0.00015999999595806003
-6.047997785205748e-06,0.00015999999595806003
-6.0439977848747865e-06,0.00015999999595806003
-6.039997784543825e-06,0.00015999999595806003
-6.0359977842128635e-06,0.00015999999595806003
-6.031997783881902e-06,0.00015999999595806003
-6.0279977835509405e-06,0.00019999999494757503
-6.023997783219979e-06,0.00015999999595806003
-6.019997782889018e-06,0.00015999999595806003
-6.015997782558056e-06,0.00015999999595806003
-6.011997782227095e-06,0.00015999999595806003
-6.007997781896133e-06,0.00015999999595806003
-6.003997781565172e-06,0.00019999999494757503
-5.99999778123421e-06,0.00015999999595806003
-5.995997780903249e-06,0.00015999999595806003
-5.991997780572287e-06,0.00015999999595806003
-5.987997780241326e-06,0.00019999999494757503
-5.983997779910364e-06,0.00015999999595806003
-5.979997779579403e-06,0.00015999999595806003
-5.975997779248441e-06,0.00015999999595806003
-5.97199777891748e-06,0.00015999999595806003
-5.967997778586518e-06,0.00015999999595806003
-5.963997778255557e-06,0.00015999999595806003
-5.959997777924595e-06,0.00015999999595806003
-5.955997777593634e-06,0.00015999999595806003
-5.951997777262672e-06,0.00015999999595806003
-5.947997776931711e-06,0.00019999999494757503
-5.943997776600749e-06,0.00015999999595806003
-5.939997776269788e-06,0.00015999999595806003
-5.935997775938826e-06,0.00015999999595806003
-5.931997775607865e-06,0.00015999999595806003
-5.9279977752769034e-06,0.00015999999595806003
-5.923997774945942e-06,0.00015999999595806003
-5.9199977746149805e-06,0.00015999999595806003
-5.915997774284019e-06,0.00015999999595806003
-5.9119977739530575e-06,0.00015999999595806003
-5.907997773622096e-06,0.00015999999595806003
-5.9039977732911345e-06,0.00015999999595806003
-5.899997772960173e-06,0.00015999999595806003
-5.8959977726292116e-06,0.00015999999595806003
-5.89199777229825e-06,0.00015999999595806003
-5.887997771967289e-06,0.00019999999494757503
-5.883997771636327e-06,0.00019999999494757503
-5.879997771305366e-06,0.00015999999595806003
-5.875997770974404e-06,0.00019999999494757503
-5.871997770643443e-06,0.00015999999595806003
-5.867997770312481e-06,0.00015999999595806003
-5.86399776998152e-06,0.00015999999595806003
-5.859997769650558e-06,0.00015999999595806003
-5.855997769319597e-06,0.00015999999595806003
-5.851997768988635e-06,0.00015999999595806003
-5.847997768657674e-06,0.00015999999595806003
-5.843997768326712e-06,0.00019999999494757503
-5.839997767995751e-06,0.00015999999595806003
-5.835997767664789e-06,0.00019999999494757503
-5.831997767333828e-06,0.00015999999595806003
-5.827997767002866e-06,0.00015999999595806003
-5.823997766671905e-06,0.00015999999595806003
-5.819997766340943e-06,0.00015999999595806003
-5.815997766009982e-06,0.00015999999595806003
-5.81199776567902e-06,0.00015999999595806003
-5.807997765348059e-06,0.00015999999595806003
-5.8039977650170974e-06,0.00015999999595806003
-5.799997764686136e-06,0.00015999999595806003
-5.7959977643551745e-06,0.00019999999494757503
-5.791997764024213e-06,0.00015999999595806003
-5.7879977636932515e-06,0.00015999999595806003
-5.78399776336229e-06,0.00015999999595806003
-5.7799977630313285e-06,0.00015999999595806003
-5.775997762700367e-06,0.00015999999595806003
-5.7719977623694056e-06,0.00015999999595806003
-5.767997762038444e-06,0.00015999999595806003
-5.763997761707483e-06,0.00015999999595806003
-5.759997761376521e-06,0.00015999999595806003
-5.75599776104556e-06,0.00015999999595806003
-5.751997760714598e-06,0.00015999999595806003
-5.747997760383637e-06,0.00015999999595806003
-5.743997760052675e-06,0.00015999999595806003
-5.739997759721714e-06,0.00015999999595806003
-5.735997759390752e-06,0.00015999999595806003
-5.731997759059791e-06,0.00015999999595806003
-5.727997758728829e-06,0.00015999999595806003
-5.723997758397868e-06,0.00015999999595806003
-5.719997758066906e-06,0.00015999999595806003
-5.715997757735945e-06,0.00015999999595806003
-5.711997757404983e-06,0.00015999999595806003
-5.707997757074022e-06,0.00019999999494757503
-5.70399775674306e-06,0.00019999999494757503
-5.699997756412099e-06,0.00015999999595806003
-5.695997756081137e-06,0.00015999999595806003
-5.691997755750176e-06,0.00019999999494757503
-5.687997755419214e-06,0.00015999999595806003
-5.683997755088253e-06,0.00015999999595806003
-5.6799977547572914e-06,0.00015999999595806003
-5.67599775442633e-06,0.00015999999595806003
-5.6719977540953685e-06,0.00015999999595806003
-5.667997753764407e-06,0.00015999999595806003
-5.6639977534334455e-06,0.00015999999595806003
-5.659997753102484e-06,0.00015999999595806003
-5.6559977527715225e-06,0.00015999999595806003
-5.651997752440561e-06,0.00015999999595806003
-5.6479977521095996e-06,0.00015999999595806003
-5.643997751778638e-06,0.00019999999494757503
-5.639997751447677e-06,0.00019999999494757503
-5.635997751116715e-06,0.00019999999494757503
-5.631997750785754e-06,0.00019999999494757503
-5.627997750454792e-06,0.00019999999494757503
-5.623997750123831e-06,0.00015999999595806003
-5.619997749792869e-06,0.00015999999595806003
-5.615997749461908e-06,0.00015999999595806003
-5.611997749130946e-06,0.00015999999595806003
-5.607997748799985e-06,0.00015999999595806003
-5.603997748469023e-06,0.00015999999595806003
-5.599997748138062e-06,0.00015999999595806003
-5.5959977478071e-06,0.00015999999595806003
-5.591997747476139e-06,0.00015999999595806003
-5.587997747145177e-06,0.00019999999494757503
-5.583997746814216e-06,0.00015999999595806003
-5.579997746483254e-06,0.00015999999595806003
-5.575997746152293e-06,0.00015999999595806003
-5.571997745821331e-06,0.00015999999595806003
-5.56799774549037e-06,0.00015999999595806003
-5.563997745159408e-06,0.00019999999494757503
-5.559997744828447e-06,0.00015999999595806003
-5.5559977444974854e-06,0.00019999999494757503
-5.551997744166524e-06,0.00015999999595806003
-5.5479977438355625e-06,0.00015999999595806003
-5.543997743504601e-06,0.00015999999595806003
-5.5399977431736395e-06,0.00015999999595806003
-5.535997742842678e-06,0.00015999999595806003
-5.5319977425117165e-06,0.00015999999595806003
-5.527997742180755e-06,0.00015999999595806003
-5.5239977418497936e-06,0.00015999999595806003
-5.519997741518832e-06,0.00015999999595806003
-5.515997741187871e-06,0.00019999999494757503
-5.511997740856909e-06,0.00015999999595806003
-5.507997740525948e-06,0.00019999999494757503
-5.503997740194986e-06,0.00015999999595806003
-5.499997739864025e-06,0.00019999999494757503
-5.495997739533063e-06,0.00015999999595806003
-5.491997739202102e-06,0.00015999999595806003
-5.48799773887114e-06,0.00015999999595806003
-5.483997738540179e-06,0.00015999999595806003
-5.479997738209217e-06,0.00015999999595806003
-5.475997737878256e-06,0.00015999999595806003
-5.471997737547294e-06,0.00015999999595806003
-5.467997737216333e-06,0.00015999999595806003
-5.463997736885371e-06,0.00015999999595806003
-5.45999773655441e-06,0.00015999999595806003
-5.455997736223448e-06,0.00015999999595806003
-5.451997735892487e-06,0.00015999999595806003
-5.447997735561525e-06,0.00015999999595806003
-5.443997735230564e-06,0.00019999999494757503
-5.439997734899602e-06,0.00019999999494757503
-5.435997734568641e-06,0.00019999999494757503
-5.4319977342376794e-06,0.00015999999595806003
-5.427997733906718e-06,0.00015999999595806003
-5.4239977335757565e-06,0.00015999999595806003
-5.419997733244795e-06,0.00015999999595806003
-5.4159977329138335e-06,0.00015999999595806003
-5.411997732582872e-06,0.00015999999595806003
-5.4079977322519105e-06,0.00011999999696854502
-5.403997731920949e-06,0.00015999999595806003
-5.3999977315899876e-06,0.00015999999595806003
-5.395997731259026e-06,0.00019999999494757503
-5.391997730928065e-06,0.00015999999595806003
-5.387997730597103e-06,0.00019999999494757503
-5.383997730266142e-06,0.00015999999595806003
-5.37999772993518e-06,0.00015999999595806003
-5.375997729604219e-06,0.00015999999595806003
-5.371997729273257e-06,0.00015999999595806003
-5.367997728942296e-06,0.00015999999595806003
-5.363997728611334e-06,0.00015999999595806003
-5.359997728280373e-06,0.00015999999595806003
-5.355997727949411e-06,0.00015999999595806003
-5.35199772761845e-06,0.00015999999595806003
-5.347997727287488e-06,0.00015999999595806003
-5.343997726956527e-06,0.00015999999595806003
-5.339997726625565e-06,0.00015999999595806003
-5.335997726294604e-06,0.00015999999595806003
-5.331997725963642e-06,0.00019999999494757503
-5.327997725632681e-06,0.00015999999595806003
-5.323997725301719e-06,0.00019999999494757503
-5.319997724970758e-06,0.00015999999595806003
-5.315997724639796e-06,0.00019999999494757503
-5.311997724308835e-06,0.00015999999595806003
-5.3079977239778734e-06,0.00019999999494757503
-5.303997723646912e-06,0.00015999999595806003
-5.2999977233159505e-06,0.00015999999595806003
-5.295997722984989e-06,0.00015999999595806003
-5.2919977226540275e-06,0.00019999999494757503
-5.287997722323066e-06,0.00015999999595806003
-5.2839977219921045e-06,0.00015999999595806003
-5.279997721661143e-06,0.00015999999595806003
-5.2759977213301816e-06,0.00015999999595806003
-5.27199772099922e-06,0.00015999999595806003
-5.267997720668259e-06,0.00015999999595806003
-5.263997720337297e-06,0.00015999999595806003
-5.259997720006336e-06,0.00019999999494757503
-5.255997719675374e-06,0.00019999999494757503
-5.251997719344413e-06,0.00015999999595806003
-5.247997719013451e-06,0.00015999999595806003
-5.24399771868249e-06,0.00015999999595806003
-5.239997718351528e-06,0.00015999999595806003
-5.235997718020567e-06,0.00015999999595806003
-5.231997717689605e-06,0.00015999999595806003
-5.227997717358644e-06,0.00015999999595806003
-5.223997717027682e-06,0.00015999999595806003
-5.219997716696721e-06,0.00015999999595806003
-5.215997716365759e-06,0.00015999999595806003
-5.211997716034798e-06,0.00015999999595806003
-5.207997715703836e-06,0.00015999999595806003
-5.203997715372875e-06,0.00019999999494757503
-5.199997715041913e-06,0.00015999999595806003
-5.195997714710952e-06,0.00015999999595806003
-5.19199771437999e-06,0.00015999999595806003
-5.187997714049029e-06,0.00015999999595806003
-5.1839977137180674e-06,0.00015999999595806003
-5.179997713387106e-06,0.00015999999595806003
-5.1759977130561445e-06,0.00015999999595806003
-5.171997712725183e-06,0.00015999999595806003
-5.1679977123942215e-06,0.00015999999595806003
-5.16399771206326e-06,0.00015999999595806003
-5.1599977117322985e-06,0.00015999999595806003
-5.155997711401337e-06,0.00015999999595806003
-5.1519977110703756e-06,0.00015999999595806003
-5.147997710739414e-06,0.00019999999494757503
-5.143997710408453e-06,0.00015999999595806003
-5.139997710077491e-06,0.00015999999595806003
-5.13599770974653e-06,0.00015999999595806003
-5.131997709415568e-06,0.00015999999595806003
-5.127997709084607e-06,0.00015999999595806003
-5.123997708753645e-06,0.00015999999595806003
-5.119997708422684e-06,0.00015999999595806003
-5.115997708091722e-06,0.00015999999595806003
-5.111997707760761e-06,0.00015999999595806003
-5.107997707429799e-06,0.00015999999595806003
-5.103997707098838e-06,0.00015999999595806003
-5.099997706767876e-06,0.00019999999494757503
-5.095997706436915e-06,0.00015999999595806003
-5.091997706105953e-06,0.00019999999494757503
-5.087997705774992e-06,0.00015999999595806003
-5.08399770544403e-06,0.00015999999595806003
-5.079997705113069e-06,0.00015999999595806003
-5.075997704782107e-06,0.00015999999595806003
-5.071997704451146e-06,0.00015999999595806003
-5.067997704120184e-06,0.00019999999494757503
-5.063997703789223e-06,0.00015999999595806003
-5.059997703458261e-06,0.00019999999494757503
-5.0559977031273e-06,0.00015999999595806003
-5.0519977027963385e-06,0.00015999999595806003
-5.047997702465377e-06,0.00015999999595806003
-5.0439977021344155e-06,0.00015999999595806003
-5.039997701803454e-06,0.00015999999595806003
-5.0359977014724925e-06,0.00019999999494757503
-5.031997701141531e-06,0.00015999999595806003
-5.0279977008105695e-06,0.00015999999595806003
-5.023997700479608e-06,0.00015999999595806003
-5.019997700148647e-06,0.00019999999494757503
-5.015997699817685e-06,0.00015999999595806003
-5.011997699486724e-06,0.00015999999595806003
-5.007997699155762e-06,0.00015999999595806003
-5.003997698824801e-06,0.00015999999595806003
-4.999997698493839e-06,0.00015999999595806003
-4.995997698162878e-06,0.00015999999595806003
-4.991997697831916e-06,0.00015999999595806003
-4.987997697500955e-06,0.00019999999494757503
-4.983997697169993e-06,0.00015999999595806003
-4.979997696839032e-06,0.00019999999494757503
-4.97599769650807e-06,0.00019999999494757503
-4.971997696177109e-06,0.00019999999494757503
-4.967997695846147e-06,0.00015999999595806003
-4.963997695515186e-06,0.00015999999595806003
-4.959997695184224e-06,0.00015999999595806003
-4.955997694853263e-06,0.00015999999595806003
-4.951997694522301e-06,0.00015999999595806003
-4.94799769419134e-06,0.00015999999595806003
-4.943997693860378e-06,0.00015999999595806003
-4.939997693529417e-06,0.00015999999595806003
-4.935997693198455e-06,0.00015999999595806003
-4.931997692867494e-06,0.00015999999595806003
-4.9279976925365324e-06,0.00015999999595806003
-4.923997692205571e-06,0.00019999999494757503
-4.9199976918746095e-06,0.00015999999595806003
-4.915997691543648e-06,0.00015999999595806003
-4.9119976912126865e-06,0.00015999999595806003
-4.907997690881725e-06,0.00015999999595806003
-4.9039976905507635e-06,0.00015999999595806003
-4.899997690219802e-06,0.00015999999595806003
-4.8959976898888406e-06,0.00015999999595806003
-4.891997689557879e-06,0.00015999999595806003
-4.887997689226918e-06,0.00015999999595806003
-4.883997688895956e-06,0.00015999999595806003
-4.879997688564995e-06,0.00015999999595806003
-4.875997688234033e-06,0.00015999999595806003
-4.871997687903072e-06,0.00015999999595806003
-4.86799768757211e-06,0.00019999999494757503
-4.863997687241149e-06,0.00015999999595806003
-4.859997686910187e-06,0.00019999999494757503
-4.855997686579226e-06,0.00015999999595806003
-4.851997686248264e-06,0.00015999999595806003
-4.847997685917303e-06,0.00015999999595806003
-4.843997685586341e-06,0.00015999999595806003
-4.83999768525538e-06,0.00015999999595806003
-4.835997684924418e-06,0.00015999999595806003
-4.831997684593457e-06,0.00015999999595806003
-4.827997684262495e-06,0.00015999999595806003
-4.823997683931534e-06,0.00015999999595806003
-4.819997683600572e-06,0.00015999999595806003
-4.815997683269611e-06,0.00015999999595806003
-4.811997682938649e-06,0.00019999999494757503
-4.807997682607688e-06,0.00015999999595806003
-4.8039976822767264e-06,0.00015999999595806003
-4.799997681945765e-06,0.00015999999595806003
-4.7959976816148035e-06,0.00019999999494757503
-4.791997681283842e-06,0.00015999999595806003
-4.7879976809528805e-06,0.00019999999494757503
-4.783997680621919e-06,0.00015999999595806003
-4.7799976802909575e-06,0.00015999999595806003
-4.775997679959996e-06,0.00015999999595806003
-4.7719976796290346e-06,0.00015999999595806003
-4.767997679298073e-06,0.00015999999595806003
-4.763997678967112e-06,0.00015999999595806003
-4.75999767863615e-06,0.00015999999595806003
-4.755997678305189e-06,0.00015999999595806003
-4.751997677974227e-06,0.00015999999595806003
-4.747997677643266e-06,0.00019999999494757503
-4.743997677312304e-06,0.00015999999595806003
-4.739997676981343e-06,0.00019999999494757503
-4.735997676650381e-06,0.00015999999595806003
-4.73199767631942e-06,0.00015999999595806003
-4.727997675988458e-06,0.00015999999595806003
-4.723997675657497e-06,0.00015999999595806003
-4.719997675326535e-06,0.00015999999595806003
-4.715997674995574e-06,0.00015999999595806003
-4.711997674664612e-06,0.00015999999595806003
-4.707997674333651e-06,0.00019999999494757503
-4.703997674002689e-06,0.00015999999595806003
-4.699997673671728e-06,0.00015999999595806003
-4.695997673340766e-06,0.00015999999595806003
-4.691997673009805e-06,0.00015999999595806003
-4.687997672678843e-06,0.00015999999595806003
-4.683997672347882e-06,0.00015999999595806003
-4.6799976720169204e-06,0.00015999999595806003
-4.675997671685959e-06,0.00015999999595806003
-4.6719976713549975e-06,0.00015999999595806003
-4.667997671024036e-06,0.00015999999595806003
-4.6639976706930745e-06,0.00015999999595806003
-4.659997670362113e-06,0.00015999999595806003
-4.6559976700311515e-06,0.00015999999595806003
-4.65199766970019e-06,0.00019999999494757503
-4.6479976693692286e-06,0.00015999999595806003
-4.643997669038267e-06,0.00015999999595806003
-4.639997668707306e-06,0.00015999999595806003
-4.635997668376344e-06,0.00019999999494757503
-4.631997668045383e-06,0.00015999999595806003
-4.627997667714421e-06,0.00015999999595806003
-4.62399766738346e-06,0.00015999999595806003
-4.619997667052498e-06,0.00019999999494757503
-4.615997666721537e-06,0.00015999999595806003
-4.611997666390575e-06,0.00015999999595806003
-4.607997666059614e-06,0.00015999999595806003
-4.603997665728652e-06,0.00015999999595806003
-4.599997665397691e-06,0.00015999999595806003
-4.595997665066729e-06,0.00015999999595806003
-4.591997664735768e-06,0.00015999999595806003
-4.587997664404806e-06,0.00015999999595806003
-4.583997664073845e-06,0.00015999999595806003
-4.579997663742883e-06,0.00015999999595806003
-4.575997663411922e-06,0.00015999999595806003
-4.57199766308096e-06,0.00019999999494757503
-4.567997662749999e-06,0.00015999999595806003
-4.563997662419037e-06,0.00015999999595806003
-4.559997662088076e-06,0.00015999999595806003
-4.5559976617571144e-06,0.00019999999494757503
-4.551997661426153e-06,0.00015999999595806003
-4.5479976610951915e-06,0.00015999999595806003
-4.54399766076423e-06,0.00015999999595806003
-4.5399976604332685e-06,0.00019999999494757503
-4.535997660102307e-06,0.00015999999595806003
-4.5319976597713455e-06,0.00019999999494757503
-4.527997659440384e-06,0.00015999999595806003
-4.5239976591094226e-06,0.00019999999494757503
-4.519997658778461e-06,0.00015999999595806003
-4.5159976584475e-06,0.00015999999595806003
-4.511997658116538e-06,0.00015999999595806003
-4.507997657785577e-06,0.00015999999595806003
-4.503997657454615e-06,0.00015999999595806003
-4.499997657123654e-06,0.00019999999494757503
-4.495997656792692e-06,0.00015999999595806003
-4.491997656461731e-06,0.00015999999595806003
-4.487997656130769e-06,0.00015999999595806003
-4.483997655799808e-06,0.00015999999595806003
-4.479997655468846e-06,0.00015999999595806003
-4.475997655137885e-06,0.00015999999595806003
-4.471997654806923e-06,0.00015999999595806003
-4.467997654475962e-06,0.00015999999595806003
-4.463997654145e-06,0.00015999999595806003
-4.459997653814039e-06,0.00015999999595806003
-4.455997653483077e-06,0.00015999999595806003
-4.451997653152116e-06,0.00019999999494757503
-4.447997652821154e-06,0.00015999999595806003
-4.443997652490193e-06,0.00019999999494757503
-4.439997652159231e-06,0.00015999999595806003
-4.43599765182827e-06,0.00019999999494757503
-4.4319976514973084e-06,0.00015999999595806003
-4.427997651166347e-06,0.00019999999494757503
-4.4239976508353855e-06,0.00015999999595806003
-4.419997650504424e-06,0.00015999999595806003
-4.4159976501734625e-06,0.00015999999595806003
-4.411997649842501e-06,0.00019999999494757503
-4.4079976495115395e-06,0.00015999999595806003
-4.403997649180578e-06,0.00015999999595806003
-4.3999976488496166e-06,0.00011999999696854502
-4.395997648518655e-06,0.00015999999595806003
-4.391997648187694e-06,0.00015999999595806003
-4.387997647856732e-06,0.00015999999595806003
-4.383997647525771e-06,0.00015999999595806003
-4.379997647194809e-06,0.00019999999494757503
-4.375997646863848e-06,0.00019999999494757503
-4.371997646532886e-06,0.00019999999494757503
-4.367997646201925e-06,0.00015999999595806003
-4.363997645870963e-06,0.00015999999595806003
-4.359997645540002e-06,0.00015999999595806003
-4.35599764520904e-06,0.00015999999595806003
-4.351997644878079e-06,0.00015999999595806003
-4.347997644547117e-06,0.00015999999595806003
-4.343997644216156e-06,0.00015999999595806003
-4.339997643885194e-06,0.00019999999494757503
-4.335997643554233e-06,0.00015999999595806003
-4.331997643223271e-06,0.00019999999494757503
-4.32799764289231e-06,0.00015999999595806003
-4.323997642561348e-06,0.00015999999595806003
-4.319997642230387e-06,0.00015999999595806003
-4.315997641899425e-06,0.00019999999494757503
-4.311997641568464e-06,0.00015999999595806003
-4.3079976412375024e-06,0.00019999999494757503
-4.303997640906541e-06,0.00015999999595806003
-4.2999976405755795e-06,0.00015999999595806003
-4.295997640244618e-06,0.00015999999595806003
-4.2919976399136565e-06,0.00015999999595806003
-4.287997639582695e-06,0.00015999999595806003
-4.2839976392517335e-06,0.00019999999494757503
-4.279997638920772e-06,0.00015999999595806003
-4.2759976385898106e-06,0.00015999999595806003
-4.271997638258849e-06,0.00015999999595806003
-4.267997637927888e-06,0.00015999999595806003
-4.263997637596926e-06,0.00015999999595806003
-4.259997637265965e-06,0.00015999999595806003
-4.255997636935003e-06,0.00015999999595806003
-4.251997636604042e-06,0.00019999999494757503
-4.24799763627308e-06,0.00015999999595806003
-4.243997635942119e-06,0.00015999999595806003
-4.239997635611157e-06,0.00015999999595806003
-4.235997635280196e-06,0.00015999999595806003
-4.231997634949234e-06,0.00015999999595806003
-4.227997634618273e-06,0.00015999999595806003
-4.223997634287311e-06,0.00015999999595806003
-4.21999763395635e-06,0.00015999999595806003
-4.215997633625388e-06,0.00015999999595806003
-4.211997633294427e-06,0.00015999999595806003
-4.207997632963465e-06,0.00015999999595806003
-4.203997632632504e-06,0.00015999999595806003
-4.199997632301542e-06,0.00015999999595806003
-4.195997631970581e-06,0.00019999999494757503
-4.191997631639619e-06,0.00015999999595806003
-4.187997631308658e-06,0.00019999999494757503
-4.1839976309776964e-06,0.00015999999595806003
-4.179997630646735e-06,0.00015999999595806003
-4.1759976303157735e-06,0.00015999999595806003
-4.171997629984812e-06,0.00015999999595806003
-4.1679976296538505e-06,0.00015999999595806003
-4.163997629322889e-06,0.00015999999595806003
-4.1599976289919275e-06,0.00015999999595806003
-4.155997628660966e-06,0.00015999999595806003
-4.1519976283300046e-06,0.00015999999595806003
-4.147997627999043e-06,0.00015999999595806003
-4.143997627668082e-06,0.00015999999595806003
-4.13999762733712e-06,0.00019999999494757503
-4.135997627006159e-06,0.00015999999595806003
-4.131997626675197e-06,0.00015999999595806003
-4.127997626344236e-06,0.00019999999494757503
-4.123997626013274e-06,0.00019999999494757503
-4.119997625682313e-06,0.00015999999595806003
-4.115997625351351e-06,0.00019999999494757503
-4.11199762502039e-06,0.00015999999595806003
-4.107997624689428e-06,0.00015999999595806003
-4.103997624358467e-06,0.00015999999595806003
-4.099997624027505e-06,0.00015999999595806003
-4.095997623696544e-06,0.00015999999595806003
-4.091997623365582e-06,0.00015999999595806003
-4.087997623034621e-06,0.00015999999595806003
-4.083997622703659e-06,0.00019999999494757503
-4.079997622372698e-06,0.00015999999595806003
-4.075997622041736e-06,0.00019999999494757503
-4.071997621710775e-06,0.00015999999595806003
-4.067997621379813e-06,0.00015999999595806003
-4.063997621048852e-06,0.00015999999595806003
-4.05999762071789e-06,0.00015999999595806003
-4.055997620386929e-06,0.00015999999595806003
-4.0519976200559675e-06,0.00015999999595806003
-4.047997619725006e-06,0.00015999999595806003
-4.0439976193940445e-06,0.00015999999595806003
-4.039997619063083e-06,0.00015999999595806003
-4.0359976187321215e-06,0.00015999999595806003
-4.03199761840116e-06,0.00015999999595806003
-4.0279976180701985e-06,0.00015999999595806003
-4.023997617739237e-06,0.00015999999595806003
-4.019997617408276e-06,0.00015999999595806003
-4.015997617077314e-06,0.00015999999595806003
-4.011997616746353e-06,0.00015999999595806003
-4.007997616415391e-06,0.00015999999595806003
-4.00399761608443e-06,0.00015999999595806003
-3.999997615753468e-06,0.00015999999595806003
-3.995997615422507e-06,0.00015999999595806003
-3.991997615091545e-06,0.00015999999595806003
-3.987997614760584e-06,0.00015999999595806003
-3.983997614429622e-06,0.00015999999595806003
-3.979997614098661e-06,0.00015999999595806003
-3.975997613767699e-06,0.00015999999595806003
-3.971997613436738e-06,0.00015999999595806003
-3.967997613105776e-06,0.00015999999595806003
-3.963997612774815e-06,0.00019999999494757503
-3.959997612443853e-06,0.00015999999595806003
-3.955997612112892e-06,0.00019999999494757503
-3.95199761178193e-06,0.00015999999595806003
-3.947997611450969e-06,0.00015999999595806003
-3.943997611120007e-06,0.00015999999595806003
-3.939997610789046e-06,0.00015999999595806003
-3.935997610458084e-06,0.00015999999595806003
-3.931997610127123e-06,0.00015999999595806003
-3.9279976097961614e-06,0.00015999999595806003
-3.9239976094652e-06,0.00019999999494757503
-3.9199976091342385e-06,0.00015999999595806003
-3.915997608803277e-06,0.00015999999595806003
-3.9119976084723155e-06,0.00015999999595806003
-3.907997608141354e-06,0.00015999999595806003
-3.9039976078103925e-06,0.00015999999595806003
-3.899997607479431e-06,0.00015999999595806003
-3.89599760714847e-06,0.00015999999595806003
-3.891997606817508e-06,0.00015999999595806003
-3.887997606486547e-06,0.00015999999595806003
-3.883997606155585e-06,0.00015999999595806003
-3.879997605824624e-06,0.00015999999595806003
-3.875997605493662e-06,0.00015999999595806003
-3.871997605162701e-06,0.00015999999595806003
-3.867997604831739e-06,0.00015999999595806003
-3.863997604500778e-06,0.00015999999595806003
-3.859997604169816e-06,0.00015999999595806003
-3.855997603838855e-06,0.00015999999595806003
-3.851997603507893e-06,0.00019999999494757503
-3.847997603176932e-06,0.00015999999595806003
-3.84399760284597e-06,0.00015999999595806003
-3.839997602515009e-06,0.00015999999595806003
-3.835997602184047e-06,0.00015999999595806003
-3.831997601853086e-06,0.00015999999595806003
-3.827997601522124e-06,0.00015999999595806003
-3.823997601191163e-06,0.00015999999595806003
-3.819997600860201e-06,0.00015999999595806003
-3.81599760052924e-06,0.00015999999595806003
-3.8119976001982784e-06,0.00015999999595806003
-3.807997599867317e-06,0.00015999999595806003
-3.8039975995363554e-06,0.00019999999494757503
-3.799997599205394e-06,0.00015999999595806003
-3.7959975988744325e-06,0.00015999999595806003
-3.791997598543471e-06,0.00015999999595806003
-3.7879975982125095e-06,0.00015999999595806003
-3.783997597881548e-06,0.00015999999595806003
-3.7799975975505865e-06,0.00015999999595806003
-3.775997597219625e-06,0.00015999999595806003
-3.7719975968886636e-06,0.00019999999494757503
-3.767997596557702e-06,0.00015999999595806003
-3.7639975962267406e-06,0.00019999999494757503
-3.759997595895779e-06,0.00015999999595806003
-3.7559975955648176e-06,0.00019999999494757503
-3.751997595233856e-06,0.00015999999595806003
-3.7479975949028947e-06,0.00015999999595806003
-3.743997594571933e-06,0.00015999999595806003
-3.7399975942409717e-06,0.00015999999595806003
-3.7359975939100102e-06,0.00015999999595806003
-3.7319975935790487e-06,0.00015999999595806003
-3.7279975932480872e-06,0.00015999999595806003
-3.7239975929171258e-06,0.00019999999494757503
-3.7199975925861643e-06,0.00015999999595806003
-3.715997592255203e-06,0.00019999999494757503
-3.7119975919242413e-06,0.00015999999595806003
-3.70799759159328e-06,0.00019999999494757503
-3.7039975912623183e-06,0.00015999999595806003
-3.699997590931357e-06,0.00015999999595806003
-3.6959975906003954e-06,0.00015999999595806003
-3.691997590269434e-06,0.00019999999494757503
-3.6879975899384724e-06,0.00015999999595806003
-3.683997589607511e-06,0.00015999999595806003
-3.6799975892765494e-06,0.00015999999595806003
-3.675997588945588e-06,0.00019999999494757503
-3.6719975886146265e-06,0.00015999999595806003
-3.667997588283665e-06,0.00015999999595806003
-3.6639975879527035e-06,0.00015999999595806003
-3.659997587621742e-06,0.00015999999595806003
-3.6559975872907805e-06,0.00015999999595806003
-3.651997586959819e-06,0.00015999999595806003
-3.6479975866288576e-06,0.00015999999595806003
-3.643997586297896e-06,0.00015999999595806003
-3.6399975859669346e-06,0.00015999999595806003
-3.635997585635973e-06,0.00019999999494757503
-3.6319975853050116e-06,0.00015999999595806003
-3.62799758497405e-06,0.00015999999595806003
-3.6239975846430887e-06,0.00015999999595806003
-3.619997584312127e-06,0.00015999999595806003
-3.6159975839811657e-06,0.00015999999595806003
-3.6119975836502042e-06,0.00015999999595806003
-3.6079975833192427e-06,0.00015999999595806003
-3.6039975829882812e-06,0.00015999999595806003
-3.5999975826573198e-06,0.00015999999595806003
-3.5959975823263583e-06,0.00019999999494757503
-3.591997581995397e-06,0.00015999999595806003
-3.5879975816644353e-06,0.00015999999595806003
-3.583997581333474e-06,0.00015999999595806003
-3.5799975810025123e-06,0.00019999999494757503
-3.575997580671551e-06,0.00015999999595806003
-3.5719975803405894e-06,0.00015999999595806003
-3.567997580009628e-06,0.00015999999595806003
-3.5639975796786664e-06,0.00019999999494757503
-3.559997579347705e-06,0.00015999999595806003
-3.5559975790167434e-06,0.00019999999494757503
-3.551997578685782e-06,0.00015999999595806003
-3.5479975783548205e-06,0.00019999999494757503
-3.543997578023859e-06,0.00015999999595806003
-3.5399975776928975e-06,0.00015999999595806003
-3.535997577361936e-06,0.00015999999595806003
-3.5319975770309745e-06,0.00015999999595806003
-3.527997576700013e-06,0.00015999999595806003
-3.5239975763690516e-06,0.00015999999595806003
-3.51999757603809e-06,0.00015999999595806003
-3.5159975757071286e-06,0.00019999999494757503
-3.511997575376167e-06,0.00015999999595806003
-3.5079975750452056e-06,0.00015999999595806003
-3.503997574714244e-06,0.00015999999595806003
-3.4999975743832827e-06,0.00019999999494757503
-3.495997574052321e-06,0.00015999999595806003
-3.4919975737213597e-06,0.00015999999595806003
-3.487997573390398e-06,0.00015999999595806003
-3.4839975730594367e-06,0.00015999999595806003
-3.4799975727284752e-06,0.00015999999595806003
-3.4759975723975138e-06,0.00015999999595806003
-3.4719975720665523e-06,0.00015999999595806003
-3.467997571735591e-06,0.00015999999595806003
-3.4639975714046293e-06,0.00015999999595806003
-3.459997571073668e-06,0.00015999999595806003
-3.4559975707427063e-06,0.00015999999595806003
-3.451997570411745e-06,0.00019999999494757503
-3.4479975700807834e-06,0.00015999999595806003
-3.443997569749822e-06,0.00015999999595806003
-3.4399975694188604e-06,0.00019999999494757503
-3.435997569087899e-06,0.00019999999494757503
-3.4319975687569374e-06,0.00015999999595806003
-3.427997568425976e-06,0.00015999999595806003
-3.4239975680950145e-06,0.00015999999595806003
-3.419997567764053e-06,0.00015999999595806003
-3.4159975674330915e-06,0.00015999999595806003
-3.41199756710213e-06,0.00015999999595806003
-3.4079975667711685e-06,0.00015999999595806003
-3.403997566440207e-06,0.00015999999595806003
-3.3999975661092456e-06,0.00015999999595806003
-3.395997565778284e-06,0.00015999999595806003
-3.3919975654473226e-06,0.00015999999595806003
-3.387997565116361e-06,0.00015999999595806003
-3.3839975647853996e-06,0.00015999999595806003
-3.379997564454438e-06,0.00015999999595806003
-3.3759975641234767e-06,0.00015999999595806003
-3.371997563792515e-06,0.00019999999494757503
-3.3679975634615537e-06,0.00015999999595806003
-3.363997563130592e-06,0.00019999999494757503
-3.3599975627996307e-06,0.00015999999595806003
-3.3559975624686692e-06,0.00019999999494757503
-3.3519975621377078e-06,0.00015999999595806003
-3.3479975618067463e-06,0.00015999999595806003
-3.3439975614757848e-06,0.00015999999595806003
-3.3399975611448233e-06,0.00015999999595806003
-3.335997560813862e-06,0.00015999999595806003
-3.3319975604829003e-06,0.00015999999595806003
-3.327997560151939e-06,0.00015999999595806003
-3.3239975598209774e-06,0.00015999999595806003
-3.319997559490016e-06,0.00015999999595806003
-3.3159975591590544e-06,0.00015999999595806003
-3.311997558828093e-06,0.00015999999595806003
-3.3079975584971314e-06,0.00015999999595806003
-3.30399755816617e-06,0.00015999999595806003
-3.2999975578352085e-06,0.00019999999494757503
-3.295997557504247e-06,0.00015999999595806003
-3.2919975571732855e-06,0.00019999999494757503
-3.287997556842324e-06,0.00019999999494757503
-3.2839975565113625e-06,0.00019999999494757503
-3.279997556180401e-06,0.00015999999595806003
-3.2759975558494396e-06,0.00019999999494757503
-3.271997555518478e-06,0.00015999999595806003
-3.2679975551875166e-06,0.00015999999595806003
-3.263997554856555e-06,0.00015999999595806003
-3.2599975545255936e-06,0.00015999999595806003
-3.255997554194632e-06,0.00011999999696854502
-3.2519975538636707e-06,0.00015999999595806003
-3.247997553532709e-06,0.00015999999595806003
-3.2439975532017477e-06,0.00015999999595806003
-3.239997552870786e-06,0.00015999999595806003
-3.2359975525398247e-06,0.00019999999494757503
-3.2319975522088632e-06,0.00019999999494757503
-3.2279975518779017e-06,0.00019999999494757503
-3.2239975515469403e-06,0.00019999999494757503
-3.2199975512159788e-06,0.00019999999494757503
-3.2159975508850173e-06,0.00015999999595806003
-3.211997550554056e-06,0.00015999999595806003
-3.2079975502230943e-06,0.00015999999595806003
-3.203997549892133e-06,0.00015999999595806003
-3.1999975495611714e-06,0.00015999999595806003
-3.19599754923021e-06,0.00015999999595806003
-3.1919975488992484e-06,0.00015999999595806003
-3.187997548568287e-06,0.00015999999595806003
-3.1839975482373254e-06,0.00015999999595806003
-3.179997547906364e-06,0.00019999999494757503
-3.1759975475754025e-06,0.00015999999595806003
-3.171997547244441e-06,0.00019999999494757503
-3.1679975469134795e-06,0.00015999999595806003
-3.163997546582518e-06,0.00019999999494757503
-3.1599975462515565e-06,0.00015999999595806003
-3.155997545920595e-06,0.00019999999494757503
-3.1519975455896336e-06,0.00015999999595806003
-3.147997545258672e-06,0.00015999999595806003
-3.1439975449277106e-06,0.00015999999595806003
-3.139997544596749e-06,0.00015999999595806003
-3.1359975442657876e-06,0.00015999999595806003
-3.131997543934826e-06,0.00015999999595806003
-3.1279975436038646e-06,0.00015999999595806003
-3.123997543272903e-06,0.00015999999595806003
-3.1199975429419417e-06,0.00015999999595806003
-3.11599754261098e-06,0.00019999999494757503
-3.1119975422800187e-06,0.00015999999595806003
-3.1079975419490572e-06,0.00015999999595806003
-3.1039975416180957e-06,0.00015999999595806003
-3.0999975412871343e-06,0.00019999999494757503
-3.0959975409561728e-06,0.00015999999595806003
-3.0919975406252113e-06,0.00015999999595806003
-3.08799754029425e-06,0.00015999999595806003
-3.0839975399632883e-06,0.00015999999595806003
-3.079997539632327e-06,0.00015999999595806003
-3.0759975393013654e-06,0.00015999999595806003
-3.071997538970404e-06,0.00015999999595806003
-3.0679975386394424e-06,0.00015999999595806003
-3.063997538308481e-06,0.00015999999595806003
-3.0599975379775194e-06,0.00015999999595806003
-3.055997537646558e-06,0.00015999999595806003
-3.0519975373155965e-06,0.00015999999595806003
-3.047997536984635e-06,0.00015999999595806003
-3.0439975366536735e-06,0.00015999999595806003
-3.039997536322712e-06,0.00015999999595806003
-3.0359975359917505e-06,0.00015999999595806003
-3.031997535660789e-06,0.00015999999595806003
-3.0279975353298275e-06,0.00015999999595806003
-3.023997534998866e-06,0.00015999999595806003
-3.0199975346679046e-06,0.00015999999595806003
-3.015997534336943e-06,0.00015999999595806003
-3.0119975340059816e-06,0.00019999999494757503
-3.00799753367502e-06,0.00015999999595806003
-3.0039975333440586e-06,0.00019999999494757503
-2.999997533013097e-06,0.00015999999595806003
-2.9959975326821357e-06,0.00019999999494757503
-2.991997532351174e-06,0.00015999999595806003
-2.9879975320202127e-06,0.00015999999595806003
-2.9839975316892512e-06,0.00015999999595806003
-2.9799975313582897e-06,0.00015999999595806003
-2.9759975310273283e-06,0.00015999999595806003
-2.9719975306963668e-06,0.00015999999595806003
-2.9679975303654053e-06,0.00015999999595806003
-2.963997530034444e-06,0.00015999999595806003
-2.9599975297034823e-06,0.00015999999595806003
-2.955997529372521e-06,0.00019999999494757503
-2.9519975290415594e-06,0.00019999999494757503
-2.947997528710598e-06,0.00019999999494757503
-2.9439975283796364e-06,0.00015999999595806003
-2.939997528048675e-06,0.00015999999595806003
-2.9359975277177134e-06,0.00015999999595806003
-2.931997527386752e-06,0.00019999999494757503
-2.9279975270557904e-06,0.00015999999595806003
-2.923997526724829e-06,0.00015999999595806003
-2.9199975263938675e-06,0.00015999999595806003
-2.915997526062906e-06,0.00015999999595806003
-2.9119975257319445e-06,0.00015999999595806003
-2.907997525400983e-06,0.00015999999595806003
-2.9039975250700215e-06,0.00015999999595806003
-2.89999752473906e-06,0.00015999999595806003
-2.8959975244080986e-06,0.00015999999595806003
-2.891997524077137e-06,0.00015999999595806003
-2.8879975237461756e-06,0.00015999999595806003
-2.883997523415214e-06,0.00019999999494757503
-2.8799975230842526e-06,0.00015999999595806003
-2.875997522753291e-06,0.00019999999494757503
-2.8719975224223297e-06,0.00019999999494757503
-2.867997522091368e-06,0.00019999999494757503
-2.8639975217604067e-06,0.00015999999595806003
-2.8599975214294452e-06,0.00015999999595806003
-2.8559975210984837e-06,0.00011999999696854502
-2.8519975207675223e-06,0.00015999999595806003
-2.8479975204365608e-06,0.00011999999696854502
-2.8439975201055993e-06,0.00015999999595806003
-2.839997519774638e-06,0.00015999999595806003
-2.8359975194436763e-06,0.00015999999595806003
-2.831997519112715e-06,0.00015999999595806003
-2.8279975187817534e-06,0.00015999999595806003
-2.823997518450792e-06,0.00015999999595806003
-2.8199975181198304e-06,0.00019999999494757503
-2.815997517788869e-06,0.00015999999595806003
-2.8119975174579074e-06,0.00019999999494757503
-2.807997517126946e-06,0.00015999999595806003
-2.8039975167959844e-06,0.00019999999494757503
-2.799997516465023e-06,0.00015999999595806003
-2.7959975161340615e-06,0.00015999999595806003
-2.7919975158031e-06,0.00015999999595806003
-2.7879975154721385e-06,0.00015999999595806003
-2.783997515141177e-06,0.00015999999595806003
-2.7799975148102155e-06,0.00015999999595806003
-2.775997514479254e-06,0.00015999999595806003
-2.7719975141482926e-06,0.00015999999595806003
-2.767997513817331e-06,0.00015999999595806003
-2.7639975134863696e-06,0.00015999999595806003
-2.759997513155408e-06,0.00015999999595806003
-2.7559975128244466e-06,0.00019999999494757503
-2.751997512493485e-06,0.00015999999595806003
-2.7479975121625237e-06,0.00019999999494757503
-2.743997511831562e-06,0.00019999999494757503
-2.7399975115006007e-06,0.00019999999494757503
-2.7359975111696392e-06,0.00015999999595806003
-2.7319975108386777e-06,0.00015999999595806003
-2.7279975105077163e-06,0.00011999999696854502
-2.7239975101767548e-06,0.00015999999595806003
-2.7199975098457933e-06,0.00015999999595806003
-2.715997509514832e-06,0.00015999999595806003
-2.7119975091838703e-06,0.00015999999595806003
-2.707997508852909e-06,0.00015999999595806003
-2.7039975085219473e-06,0.00015999999595806003
-2.699997508190986e-06,0.00015999999595806003
-2.6959975078600244e-06,0.00019999999494757503
-2.691997507529063e-06,0.00019999999494757503
-2.6879975071981014e-06,0.00015999999595806003
-2.68399750686714e-06,0.00019999999494757503
-2.6799975065361784e-06,0.00015999999595806003
-2.675997506205217e-06,0.00019999999494757503
-2.6719975058742555e-06,0.00015999999595806003
-2.667997505543294e-06,0.00015999999595806003
-2.6639975052123325e-06,0.00015999999595806003
-2.659997504881371e-06,0.00015999999595806003
-2.6559975045504095e-06,0.00015999999595806003
-2.651997504219448e-06,0.00015999999595806003
-2.6479975038884866e-06,0.00015999999595806003
-2.643997503557525e-06,0.00015999999595806003
-2.6399975032265636e-06,0.00015999999595806003
-2.635997502895602e-06,0.00015999999595806003
-2.6319975025646406e-06,0.00019999999494757503
-2.627997502233679e-06,0.00019999999494757503
-2.6239975019027177e-06,0.00015999999595806003
-2.619997501571756e-06,0.00019999999494757503
-2.6159975012407947e-06,0.00015999999595806003
-2.6119975009098332e-06,0.00015999999595806003
-2.6079975005788717e-06,0.00015999999595806003
-2.6039975002479102e-06,0.00015999999595806003
-2.5999974999169488e-06,0.00015999999595806003
-2.5959974995859873e-06,0.00015999999595806003
-2.591997499255026e-06,0.00015999999595806003
-2.5879974989240643e-06,0.00015999999595806003
-2.583997498593103e-06,0.00015999999595806003
-2.5799974982621413e-06,0.00019999999494757503
-2.57599749793118e-06,0.00015999999595806003
-2.5719974976002184e-06,0.00019999999494757503
-2.567997497269257e-06,0.00019999999494757503
-2.5639974969382954e-06,0.00019999999494757503
-2.559997496607334e-06,0.00015999999595806003
-2.5559974962763724e-06,0.00019999999494757503
-2.551997495945411e-06,0.00015999999595806003
-2.5479974956144495e-06,0.00015999999595806003
-2.543997495283488e-06,0.00015999999595806003
-2.5399974949525265e-06,0.00015999999595806003
-2.535997494621565e-06,0.00015999999595806003
-2.5319974942906035e-06,0.00015999999595806003
-2.527997493959642e-06,0.00015999999595806003
-2.5239974936286806e-06,0.00015999999595806003
-2.519997493297719e-06,0.00015999999595806003
-2.5159974929667576e-06,0.00019999999494757503
-2.511997492635796e-06,0.00015999999595806003
-2.5079974923048346e-06,0.00019999999494757503
-2.503997491973873e-06,0.00019999999494757503
-2.4999974916429117e-06,0.00019999999494757503
-2.49599749131195e-06,0.00019999999494757503
-2.4919974909809887e-06,0.00015999999595806003
-2.487997490650027e-06,0.00015999999595806003
-2.4839974903190657e-06,0.00015999999595806003
-2.4799974899881042e-06,0.00015999999595806003
-2.4759974896571428e-06,0.00015999999595806003
-2.4719974893261813e-06,0.00015999999595806003
-2.46799748899522e-06,0.00015999999595806003
-2.4639974886642583e-06,0.00015999999595806003
-2.459997488333297e-06,0.00015999999595806003
-2.4559974880023353e-06,0.00015999999595806003
-2.451997487671374e-06,0.00019999999494757503
-2.4479974873404124e-06,0.00015999999595806003
-2.443997487009451e-06,0.00015999999595806003
-2.4399974866784894e-06,0.00019999999494757503
-2.435997486347528e-06,0.00019999999494757503
-2.4319974860165664e-06,0.00019999999494757503
-2.427997485685605e-06,0.00019999999494757503
-2.4239974853546435e-06,0.00015999999595806003
-2.419997485023682e-06,0.00015999999595806003
-2.4159974846927205e-06,0.00015999999595806003
-2.411997484361759e-06,0.00015999999595806003
-2.4079974840307975e-06,0.00015999999595806003
-2.403997483699836e-06,0.00015999999595806003
-2.3999974833688746e-06,0.00015999999595806003
-2.395997483037913e-06,0.00015999999595806003
-2.3919974827069516e-06,0.00015999999595806003
-2.38799748237599e-06,0.00015999999595806003
-2.3839974820450286e-06,0.00019999999494757503
-2.379997481714067e-06,0.00019999999494757503
-2.3759974813831057e-06,0.00015999999595806003
-2.371997481052144e-06,0.00015999999595806003
-2.3679974807211827e-06,0.00015999999595806003
-2.363997480390221e-06,0.00015999999595806003
-2.3599974800592597e-06,0.00015999999595806003
-2.3559974797282982e-06,0.00015999999595806003
-2.3519974793973368e-06,0.00015999999595806003
-2.3479974790663753e-06,0.00015999999595806003
-2.3439974787354138e-06,0.00015999999595806003
-2.3399974784044523e-06,0.00019999999494757503
-2.335997478073491e-06,0.00015999999595806003
-2.3319974777425293e-06,0.00019999999494757503
-2.327997477411568e-06,0.00015999999595806003
-2.3239974770806064e-06,0.00015999999595806003
-2.319997476749645e-06,0.00015999999595806003
-2.3159974764186834e-06,0.00019999999494757503
-2.311997476087722e-06,0.00015999999595806003
-2.3079974757567604e-06,0.00019999999494757503
-2.303997475425799e-06,0.00015999999595806003
-2.2999974750948375e-06,0.00019999999494757503
-2.295997474763876e-06,0.00015999999595806003
-2.2919974744329145e-06,0.00015999999595806003
-2.287997474101953e-06,0.00015999999595806003
-2.2839974737709915e-06,0.00015999999595806003
-2.27999747344003e-06,0.00015999999595806003
-2.2759974731090686e-06,0.00015999999595806003
-2.271997472778107e-06,0.00015999999595806003
-2.2679974724471456e-06,0.00019999999494757503
-2.263997472116184e-06,0.00015999999595806003
-2.2599974717852226e-06,0.00019999999494757503
-2.255997471454261e-06,0.00015999999595806003
-2.2519974711232997e-06,0.00019999999494757503
-2.247997470792338e-06,0.00015999999595806003
-2.2439974704613767e-06,0.00015999999595806003
-2.239997470130415e-06,0.00015999999595806003
-2.2359974697994537e-06,0.00015999999595806003
-2.2319974694684922e-06,0.00015999999595806003
-2.2279974691375308e-06,0.00019999999494757503
-2.2239974688065693e-06,0.00015999999595806003
-2.2199974684756078e-06,0.00019999999494757503
-2.2159974681446463e-06,0.00019999999494757503
-2.211997467813685e-06,0.00019999999494757503
-2.2079974674827233e-06,0.00015999999595806003
-2.203997467151762e-06,0.00015999999595806003
-2.1999974668208004e-06,0.00015999999595806003
-2.195997466489839e-06,0.00015999999595806003
-2.1919974661588774e-06,0.00015999999595806003
-2.187997465827916e-06,0.00015999999595806003
-2.1839974654969544e-06,0.00015999999595806003
-2.179997465165993e-06,0.00019999999494757503
-2.1759974648350315e-06,0.00015999999595806003
-2.17199746450407e-06,0.00019999999494757503
-2.1679974641731085e-06,0.00015999999595806003
-2.163997463842147e-06,0.00019999999494757503
-2.1599974635111855e-06,0.00015999999595806003
-2.155997463180224e-06,0.00019999999494757503
-2.1519974628492626e-06,0.00015999999595806003
-2.147997462518301e-06,0.00019999999494757503
-2.1439974621873396e-06,0.00015999999595806003
-2.139997461856378e-06,0.00019999999494757503
-2.1359974615254166e-06,0.00015999999595806003
-2.131997461194455e-06,0.00019999999494757503
-2.1279974608634937e-06,0.00015999999595806003
-2.123997460532532e-06,0.00015999999595806003
-2.1199974602015707e-06,0.00015999999595806003
-2.115997459870609e-06,0.00015999999595806003
-2.1119974595396477e-06,0.00015999999595806003
-2.1079974592086862e-06,0.00019999999494757503
-2.1039974588777247e-06,0.00015999999595806003
-2.0999974585467633e-06,0.00019999999494757503
-2.0959974582158018e-06,0.00015999999595806003
-2.0919974578848403e-06,0.00015999999595806003
-2.087997457553879e-06,0.00015999999595806003
-2.0839974572229173e-06,0.00015999999595806003
-2.079997456891956e-06,0.00015999999595806003
-2.0759974565609944e-06,0.00015999999595806003
-2.071997456230033e-06,0.00015999999595806003
-2.0679974558990714e-06,0.00015999999595806003
-2.06399745556811e-06,0.00015999999595806003
-2.0599974552371484e-06,0.00015999999595806003
-2.055997454906187e-06,0.00019999999494757503
-2.0519974545752255e-06,0.00019999999494757503
-2.047997454244264e-06,0.00015999999595806003
-2.0439974539133025e-06,0.00019999999494757503
-2.039997453582341e-06,0.00015999999595806003
-2.0359974532513795e-06,0.00019999999494757503
-2.031997452920418e-06,0.00015999999595806003
-2.0279974525894566e-06,0.00019999999494757503
-2.023997452258495e-06,0.00015999999595806003
-2.0199974519275336e-06,0.00019999999494757503
-2.015997451596572e-06,0.00015999999595806003
-2.0119974512656106e-06,0.00015999999595806003
-2.007997450934649e-06,0.00015999999595806003
-2.0039974506036876e-06,0.00015999999595806003
-1.999997450272726e-06,0.00015999999595806003
-1.9959974499417647e-06,0.00015999999595806003
-1.991997449610803e-06,0.00015999999595806003
-1.9879974492798417e-06,0.00015999999595806003
-1.9839974489488802e-06,0.00015999999595806003
-1.9799974486179187e-06,0.00019999999494757503
-1.9759974482869573e-06,0.00019999999494757503
-1.9719974479559958e-06,0.00019999999494757503
-1.9679974476250343e-06,0.00019999999494757503
-1.963997447294073e-06,0.00019999999494757503
-1.9599974469631113e-06,0.00015999999595806003
-1.95599744663215e-06,0.00015999999595806003
-1.9519974463011884e-06,0.00015999999595806003
-1.947997445970227e-06,0.00015999999595806003
-1.9439974456392654e-06,0.00015999999595806003
-1.939997445308304e-06,0.00019999999494757503
-1.9359974449773424e-06,0.00015999999595806003
-1.931997444646381e-06,0.00019999999494757503
-1.9279974443154195e-06,0.00015999999595806003
-1.923997443984458e-06,0.00019999999494757503
-1.9199974436534965e-06,0.00019999999494757503
-1.915997443322535e-06,0.00019999999494757503
-1.9119974429915735e-06,0.00015999999595806003
-1.907997442660612e-06,0.00019999999494757503
-1.9039974423296505e-06,0.00015999999595806003
-1.899997441998689e-06,0.00015999999595806003
-1.8959974416677276e-06,0.00015999999595806003
-1.891997441336766e-06,0.00019999999494757503
-1.8879974410058046e-06,0.00015999999595806003
-1.8839974406748431e-06,0.00015999999595806003
-1.8799974403438816e-06,0.00015999999595806003
-1.8759974400129202e-06,0.00015999999595806003
-1.8719974396819587e-06,0.00015999999595806003
-1.8679974393509972e-06,0.00015999999595806003
-1.8639974390200357e-06,0.00015999999595806003
-1.8599974386890742e-06,0.00019999999494757503
-1.8559974383581127e-06,0.00015999999595806003
-1.8519974380271513e-06,0.00015999999595806003
-1.8479974376961898e-06,0.00015999999595806003
-1.8439974373652283e-06,0.00019999999494757503
-1.8399974370342668e-06,0.00015999999595806003
-1.8359974367033053e-06,0.00015999999595806003
-1.8319974363723438e-06,0.00015999999595806003
-1.8279974360413824e-06,0.00015999999595806003
-1.8239974357104209e-06,0.00015999999595806003
-1.8199974353794594e-06,0.00015999999595806003
-1.815997435048498e-06,0.00015999999595806003
-1.8119974347175364e-06,0.00019999999494757503
-1.807997434386575e-06,0.00015999999595806003
-1.8039974340556134e-06,0.00015999999595806003
-1.799997433724652e-06,0.00015999999595806003
-1.7959974333936905e-06,0.00015999999595806003
-1.791997433062729e-06,0.00015999999595806003
-1.7879974327317675e-06,0.00015999999595806003
-1.783997432400806e-06,0.00015999999595806003
-1.7799974320698445e-06,0.00015999999595806003
-1.775997431738883e-06,0.00015999999595806003
-1.7719974314079216e-06,0.00019999999494757503
-1.76799743107696e-06,0.00015999999595806003
-1.7639974307459986e-06,0.00019999999494757503
-1.7599974304150371e-06,0.00015999999595806003
-1.7559974300840756e-06,0.00019999999494757503
-1.7519974297531142e-06,0.00015999999595806003
-1.7479974294221527e-06,0.00019999999494757503
-1.7439974290911912e-06,0.00015999999595806003
-1.7399974287602297e-06,0.00019999999494757503
-1.7359974284292682e-06,0.00015999999595806003
-1.7319974280983067e-06,0.00015999999595806003
-1.7279974277673453e-06,0.00015999999595806003
-1.7239974274363838e-06,0.00019999999494757503
-1.7199974271054223e-06,0.00015999999595806003
-1.7159974267744608e-06,0.00015999999595806003
-1.7119974264434993e-06,0.00011999999696854502
-1.7079974261125378e-06,0.00015999999595806003
-1.7039974257815763e-06,0.00015999999595806003
-1.6999974254506149e-06,0.00019999999494757503
-1.6959974251196534e-06,0.00019999999494757503
-1.691997424788692e-06,0.00019999999494757503
-1.6879974244577304e-06,0.00015999999595806003
-1.683997424126769e-06,0.00019999999494757503
-1.6799974237958074e-06,0.00015999999595806003
-1.675997423464846e-06,0.00015999999595806003
-1.6719974231338845e-06,0.00015999999595806003
-1.667997422802923e-06,0.00015999999595806003
-1.6639974224719615e-06,0.00015999999595806003
-1.659997422141e-06,0.00015999999595806003
-1.6559974218100385e-06,0.00015999999595806003
-1.651997421479077e-06,0.00019999999494757503
-1.6479974211481156e-06,0.00015999999595806003
-1.643997420817154e-06,0.00019999999494757503
-1.6399974204861926e-06,0.00015999999595806003
-1.6359974201552311e-06,0.00015999999595806003
-1.6319974198242696e-06,0.00015999999595806003
-1.6279974194933082e-06,0.00015999999595806003
-1.6239974191623467e-06,0.00015999999595806003
-1.6199974188313852e-06,0.00019999999494757503
-1.6159974185004237e-06,0.00015999999595806003
-1.6119974181694622e-06,0.00015999999595806003
-1.6079974178385007e-06,0.00015999999595806003
-1.6039974175075392e-06,0.00015999999595806003
-1.5999974171765778e-06,0.00015999999595806003
-1.5959974168456163e-06,0.00015999999595806003
-1.5919974165146548e-06,0.00015999999595806003
-1.5879974161836933e-06,0.00015999999595806003
-1.5839974158527318e-06,0.00015999999595806003
-1.5799974155217703e-06,0.00015999999595806003
-1.5759974151908089e-06,0.00015999999595806003
-1.5719974148598474e-06,0.00019999999494757503
-1.5679974145288859e-06,0.00015999999595806003
-1.5639974141979244e-06,0.00019999999494757503
-1.559997413866963e-06,0.00015999999595806003
-1.5559974135360014e-06,0.00015999999595806003
-1.55199741320504e-06,0.00015999999595806003
-1.5479974128740785e-06,0.00015999999595806003
-1.543997412543117e-06,0.00015999999595806003
-1.5399974122121555e-06,0.00015999999595806003
-1.535997411881194e-06,0.00015999999595806003
-1.5319974115502325e-06,0.00015999999595806003
-1.527997411219271e-06,0.00015999999595806003
-1.5239974108883096e-06,0.00019999999494757503
-1.519997410557348e-06,0.00015999999595806003
-1.5159974102263866e-06,0.00019999999494757503
-1.5119974098954251e-06,0.00015999999595806003
-1.5079974095644636e-06,0.00015999999595806003
-1.5039974092335021e-06,0.00015999999595806003
-1.4999974089025407e-06,0.00015999999595806003
-1.4959974085715792e-06,0.00015999999595806003
-1.4919974082406177e-06,0.00015999999595806003
-1.4879974079096562e-06,0.00015999999595806003
-1.4839974075786947e-06,0.00019999999494757503
-1.4799974072477332e-06,0.00015999999595806003
-1.4759974069167718e-06,0.00019999999494757503
-1.4719974065858103e-06,0.00015999999595806003
-1.4679974062548488e-06,0.00015999999595806003
-1.4639974059238873e-06,0.00015999999595806003
-1.4599974055929258e-06,0.00015999999595806003
-1.4559974052619643e-06,0.00015999999595806003
-1.4519974049310029e-06,0.00015999999595806003
-1.4479974046000414e-06,0.00015999999595806003
-1.4439974042690799e-06,0.00019999999494757503
-1.4399974039381184e-06,0.00015999999595806003
-1.435997403607157e-06,0.00015999999595806003
-1.4319974032761954e-06,0.00015999999595806003
-1.427997402945234e-06,0.00015999999595806003
-1.4239974026142725e-06,0.00015999999595806003
-1.419997402283311e-06,0.00015999999595806003
-1.4159974019523495e-06,0.00015999999595806003
-1.411997401621388e-06,0.00019999999494757503
-1.4079974012904265e-06,0.00015999999595806003
-1.403997400959465e-06,0.00015999999595806003
-1.3999974006285036e-06,0.00015999999595806003
-1.395997400297542e-06,0.00019999999494757503
-1.3919973999665806e-06,0.00015999999595806003
-1.3879973996356191e-06,0.00015999999595806003
-1.3839973993046576e-06,0.00015999999595806003
-1.3799973989736961e-06,0.00015999999595806003
-1.3759973986427347e-06,0.00015999999595806003
-1.3719973983117732e-06,0.00019999999494757503
-1.3679973979808117e-06,0.00015999999595806003
-1.3639973976498502e-06,0.00019999999494757503
-1.3599973973188887e-06,0.00015999999595806003
-1.3559973969879272e-06,0.00015999999595806003
-1.3519973966569658e-06,0.00015999999595806003
-1.3479973963260043e-06,0.00015999999595806003
-1.3439973959950428e-06,0.00011999999696854502
-1.3399973956640813e-06,0.00015999999595806003
-1.3359973953331198e-06,0.00015999999595806003
-1.3319973950021583e-06,0.00015999999595806003
-1.3279973946711969e-06,0.00015999999595806003
-1.3239973943402354e-06,0.00015999999595806003
-1.3199973940092739e-06,0.00015999999595806003
-1.3159973936783124e-06,0.00015999999595806003
-1.311997393347351e-06,0.00015999999595806003
-1.3079973930163894e-06,0.00019999999494757503
-1.303997392685428e-06,0.00015999999595806003
-1.2999973923544665e-06,0.00019999999494757503
-1.295997392023505e-06,0.00015999999595806003
-1.2919973916925435e-06,0.00015999999595806003
-1.287997391361582e-06,0.00015999999595806003
-1.2839973910306205e-06,0.00015999999595806003
-1.279997390699659e-06,0.00015999999595806003
-1.2759973903686976e-06,0.00015999999595806003
-1.271997390037736e-06,0.00015999999595806003
-1.2679973897067746e-06,0.00015999999595806003
-1.2639973893758131e-06,0.00015999999595806003
-1.2599973890448516e-06,0.00015999999595806003
-1.2559973887138901e-06,0.00015999999595806003
-1.2519973883829287e-06,0.00015999999595806003
-1.2479973880519672e-06,0.00015999999595806003
-1.2439973877210057e-06,0.00019999999494757503
-1.2399973873900442e-06,0.00015999999595806003
-1.2359973870590827e-06,0.00019999999494757503
-1.2319973867281212e-06,0.00015999999595806003
-1.2279973863971598e-06,0.00019999999494757503
-1.2239973860661983e-06,0.00015999999595806003
-1.2199973857352368e-06,0.00015999999595806003
-1.2159973854042753e-06,0.00015999999595806003
-1.2119973850733138e-06,0.00015999999595806003
-1.2079973847423523e-06,0.00015999999595806003
-1.2039973844113908e-06,0.00015999999595806003
-1.1999973840804294e-06,0.00019999999494757503
-1.1959973837494679e-06,0.00019999999494757503
-1.1919973834185064e-06,0.00015999999595806003
-1.187997383087545e-06,0.00015999999595806003
-1.1839973827565834e-06,0.00015999999595806003
-1.179997382425622e-06,0.00015999999595806003
-1.1759973820946605e-06,0.00015999999595806003
-1.171997381763699e-06,0.00019999999494757503
-1.1679973814327375e-06,0.00015999999595806003
-1.163997381101776e-06,0.00015999999595806003
-1.1599973807708145e-06,0.00015999999595806003
-1.155997380439853e-06,0.00019999999494757503
-1.1519973801088916e-06,0.00019999999494757503
-1.14799737977793e-06,0.00015999999595806003
-1.1439973794469686e-06,0.00015999999595806003
-1.139997379116007e-06,0.00015999999595806003
-1.1359973787850456e-06,0.00015999999595806003
-1.1319973784540841e-06,0.00019999999494757503
-1.1279973781231227e-06,0.00015999999595806003
-1.1239973777921612e-06,0.00019999999494757503
-1.1199973774611997e-06,0.00019999999494757503
-1.1159973771302382e-06,0.00019999999494757503
-1.1119973767992767e-06,0.00015999999595806003
-1.1079973764683152e-06,0.00015999999595806003
-1.1039973761373537e-06,0.00015999999595806003
-1.0999973758063923e-06,0.00015999999595806003
-1.0959973754754308e-06,0.00015999999595806003
-1.0919973751444693e-06,0.00015999999595806003
-1.0879973748135078e-06,0.00015999999595806003
-1.0839973744825463e-06,0.00015999999595806003
-1.0799973741515848e-06,0.00015999999595806003
-1.0759973738206234e-06,0.00019999999494757503
-1.0719973734896619e-06,0.00015999999595806003
-1.0679973731587004e-06,0.00015999999595806003
-1.063997372827739e-06,0.00015999999595806003
-1.0599973724967774e-06,0.00015999999595806003
-1.055997372165816e-06,0.00015999999595806003
-1.0519973718348545e-06,0.00015999999595806003
-1.047997371503893e-06,0.00015999999595806003
-1.0439973711729315e-06,0.00015999999595806003
-1.03999737084197e-06,0.00015999999595806003
-1.0359973705110085e-06,0.00019999999494757503
-1.031997370180047e-06,0.00015999999595806003
-1.0279973698490856e-06,0.00019999999494757503
-1.023997369518124e-06,0.00015999999595806003
-1.0199973691871626e-06,0.00015999999595806003
-1.015997368856201e-06,0.00015999999595806003
-1.0119973685252396e-06,0.00019999999494757503
-1.0079973681942781e-06,0.00015999999595806003
-1.0039973678633166e-06,0.00019999999494757503
-9.999973675323552e-07,0.00015999999595806003
-9.959973672013937e-07,0.00019999999494757503
-9.919973668704322e-07,0.00015999999595806003
-9.879973665394707e-07,0.00015999999595806003
-9.839973662085092e-07,0.00015999999595806003
-9.799973658775477e-07,0.00015999999595806003
-9.759973655465863e-07,0.00015999999595806003
-9.719973652156248e-07,0.00015999999595806003
-9.679973648846633e-07,0.00015999999595806003
-9.639973645537018e-07,0.00015999999595806003
-9.599973642227403e-07,0.00015999999595806003
-9.559973638917788e-07,0.00019999999494757503
-9.519973635608174e-07,0.00015999999595806003
-9.479973632298559e-07,0.00019999999494757503
-9.439973628988944e-07,0.00015999999595806003
-9.399973625679329e-07,0.00015999999595806003
-9.359973622369714e-07,0.00015999999595806003
-9.319973619060099e-07,0.00015999999595806003
-9.279973615750485e-07,0.00015999999595806003
-9.23997361244087e-07,0.00015999999595806003
-9.199973609131255e-07,0.00015999999595806003
-9.15997360582164e-07,0.00019999999494757503
-9.119973602512025e-07,0.00015999999595806003
-9.07997359920241e-07,0.00015999999595806003
-9.039973595892795e-07,0.00015999999595806003
-8.999973592583181e-07,0.00015999999595806003
-8.959973589273566e-07,0.00015999999595806003
-8.919973585963951e-07,0.00015999999595806003
-8.879973582654336e-07,0.00015999999595806003
-8.839973579344721e-07,0.00015999999595806003
-8.799973576035106e-07,0.00015999999595806003
-8.759973572725492e-07,0.00019999999494757503
-8.719973569415877e-07,0.00015999999595806003
-8.679973566106262e-07,0.00015999999595806003
-8.639973562796647e-07,0.00015999999595806003
-8.599973559487032e-07,0.00015999999595806003
-8.559973556177417e-07,0.00015999999595806003
-8.519973552867803e-07,0.00019999999494757503
-8.479973549558188e-07,0.00015999999595806003
-8.439973546248573e-07,0.00015999999595806003
-8.399973542938958e-07,0.00015999999595806003
-8.359973539629343e-07,0.00015999999595806003
-8.319973536319728e-07,0.00015999999595806003
-8.279973533010114e-07,0.00015999999595806003
-8.239973529700499e-07,0.00015999999595806003
-8.199973526390884e-07,0.00015999999595806003
-8.159973523081269e-07,0.00015999999595806003
-8.119973519771654e-07,0.00015999999595806003
-8.079973516462039e-07,0.00015999999595806003
-8.039973513152424e-07,0.00015999999595806003
-7.99997350984281e-07,0.00015999999595806003
-7.959973506533195e-07,0.00015999999595806003
-7.91997350322358e-07,0.00015999999595806003
-7.879973499913965e-07,0.00015999999595806003
-7.83997349660435e-07,0.00015999999595806003
-7.799973493294735e-07,0.00015999999595806003
-7.759973489985121e-07,0.00015999999595806003
-7.719973486675506e-07,0.00015999999595806003
-7.679973483365891e-07,0.00015999999595806003
-7.639973480056276e-07,0.00015999999595806003
-7.599973476746661e-07,0.00015999999595806003
-7.559973473437046e-07,0.00019999999494757503
-7.519973470127432e-07,0.00019999999494757503
-7.479973466817817e-07,0.00019999999494757503
-7.439973463508202e-07,0.00019999999494757503
-7.399973460198587e-07,0.00019999999494757503
-7.359973456888972e-07,0.00015999999595806003
-7.319973453579357e-07,0.00019999999494757503
-7.279973450269743e-07,0.00015999999595806003
-7.239973446960128e-07,0.00019999999494757503
-7.199973443650513e-07,0.00015999999595806003
-7.159973440340898e-07,0.00015999999595806003
-7.119973437031283e-07,0.00015999999595806003
-7.079973433721668e-07,0.00015999999595806003
-7.039973430412053e-07,0.00015999999595806003
-6.999973427102439e-07,0.00015999999595806003
-6.959973423792824e-07,0.00015999999595806003
-6.919973420483209e-07,0.00015999999595806003
-6.879973417173594e-07,0.00015999999595806003
-6.839973413863979e-07,0.00019999999494757503
-6.799973410554364e-07,0.00019999999494757503
-6.75997340724475e-07,0.00019999999494757503
-6.719973403935135e-07,0.00019999999494757503
-6.67997340062552e-07,0.00019999999494757503
-6.639973397315905e-07,0.00019999999494757503
-6.59997339400629e-07,0.00015999999595806003
-6.559973390696675e-07,0.00015999999595806003
-6.519973387387061e-07,0.00015999999595806003
-6.479973384077446e-07,0.00015999999595806003
-6.439973380767831e-07,0.00015999999595806003
-6.399973377458216e-07,0.00011999999696854502
-6.359973374148601e-07,0.00015999999595806003
-6.319973370838986e-07,0.00015999999595806003
-6.279973367529372e-07,0.00015999999595806003
-6.239973364219757e-07,0.00015999999595806003
-6.199973360910142e-07,0.00019999999494757503
-6.159973357600527e-07,0.00019999999494757503
-6.119973354290912e-07,0.00019999999494757503
-6.079973350981297e-07,0.00019999999494757503
-6.039973347671682e-07,0.00019999999494757503
-5.999973344362068e-07,0.00019999999494757503
-5.959973341052453e-07,0.00019999999494757503
-5.919973337742838e-07,0.00015999999595806003
-5.879973334433223e-07,0.00015999999595806003
-5.839973331123608e-07,0.00011999999696854502
-5.799973327813993e-07,0.00015999999595806003
-5.759973324504379e-07,0.00011999999696854502
-5.719973321194764e-07,0.00015999999595806003
-5.679973317885149e-07,0.00015999999595806003
-5.639973314575534e-07,0.00015999999595806003
-5.599973311265919e-07,0.00019999999494757503
-5.559973307956304e-07,0.00019999999494757503
-5.51997330464669e-07,0.00019999999494757503
-5.479973301337075e-07,0.00019999999494757503
-5.43997329802746e-07,0.00019999999494757503
-5.399973294717845e-07,0.00019999999494757503
-5.35997329140823e-07,0.00015999999595806003
-5.319973288098615e-07,0.00015999999595806003
-5.279973284789e-07,0.00011999999696854502
-5.239973281479386e-07,0.00015999999595806003
-5.199973278169771e-07,0.00015999999595806003
-5.159973274860156e-07,0.00015999999595806003
-5.119973271550541e-07,0.00015999999595806003
-5.079973268240926e-07,0.00015999999595806003
-5.039973264931311e-07,0.00015999999595806003
-4.999973261621697e-07,0.00019999999494757503
-4.959973258312082e-07,0.00015999999595806003
-4.919973255002467e-07,0.00019999999494757503
-4.879973251692852e-07,0.00015999999595806003
-4.839973248383237e-07,0.00019999999494757503
-4.799973245073622e-07,0.00015999999595806003
-4.7599732417640076e-07,0.00019999999494757503
-4.719973238454393e-07,0.00015999999595806003
-4.679973235144778e-07,0.00015999999595806003
-4.639973231835163e-07,0.00015999999595806003
-4.599973228525548e-07,0.00015999999595806003
-4.5599732252159334e-07,0.00011999999696854502
-4.5199732219063186e-07,0.00015999999595806003
-4.4799732185967037e-07,0.00011999999696854502
-4.439973215287089e-07,0.00015999999595806003
-4.399973211977474e-07,0.00015999999595806003
-4.359973208667859e-07,0.00019999999494757503
-4.3199732053582444e-07,0.00019999999494757503
-4.2799732020486295e-07,0.00019999999494757503
-4.2399731987390147e-07,0.00019999999494757503
-4.1999731954294e-07,0.00019999999494757503
-4.159973192119785e-07,0.00015999999595806003
-4.11997318881017e-07,0.00019999999494757503
-4.0799731855005553e-07,0.00015999999595806003
-4.0399731821909405e-07,0.00015999999595806003
-3.9999731788813256e-07,0.00011999999696854502
-3.959973175571711e-07,0.00015999999595806003
-3.919973172262096e-07,0.00015999999595806003
-3.879973168952481e-07,0.00015999999595806003
-3.8399731656428663e-07,0.00015999999595806003
-3.7999731623332514e-07,0.00019999999494757503
-3.7599731590236366e-07,0.00015999999595806003
-3.719973155714022e-07,0.00019999999494757503
-3.679973152404407e-07,0.00019999999494757503
-3.639973149094792e-07,0.00019999999494757503
-3.599973145785177e-07,0.00019999999494757503
-3.5599731424755624e-07,0.00019999999494757503
-3.5199731391659476e-07,0.00015999999595806003
-3.4799731358563327e-07,0.00015999999595806003
-3.439973132546718e-07,0.00015999999595806003
-3.399973129237103e-07,0.00015999999595806003
-3.359973125927488e-07,0.00015999999595806003
-3.3199731226178734e-07,0.00015999999595806003
-3.2799731193082585e-07,0.00011999999696854502
-3.2399731159986437e-07,0.00015999999595806003
-3.199973112689029e-07,0.00015999999595806003
-3.159973109379414e-07,0.00015999999595806003
-3.119973106069799e-07,0.00019999999494757503
-3.0799731027601843e-07,0.00019999999494757503
-3.0399730994505695e-07,0.00019999999494757503
-2.9999730961409546e-07,0.00019999999494757503
-2.95997309283134e-07,0.00019999999494757503
-2.919973089521725e-07,0.00019999999494757503
-2.87997308621211e-07,0.00015999999595806003
-2.8399730829024953e-07,0.00015999999595806003
-2.7999730795928804e-07,0.00015999999595806003
-2.7599730762832656e-07,0.00015999999595806003
-2.719973072973651e-07,0.00011999999696854502
-2.679973069664036e-07,0.00015999999595806003
-2.639973066354421e-07,0.00015999999595806003
-2.599973063044806e-07,0.00015999999595806003
-2.5599730597351914e-07,0.00015999999595806003
-2.5199730564255766e-07,0.00015999999595806003
-2.4799730531159617e-07,0.00015999999595806003
-2.439973049806347e-07,0.00019999999494757503
-2.399973046496732e-07,0.00019999999494757503
-2.3599730431871172e-07,0.00019999999494757503
-2.3199730398775024e-07,0.00019999999494757503
-2.2799730365678875e-07,0.00019999999494757503
-2.2399730332582727e-07,0.00015999999595806003
-2.1999730299486578e-07,0.00015999999595806003
-2.159973026639043e-07,0.00015999999595806003
-2.1199730233294282e-07,0.00015999999595806003
-2.0799730200198133e-07,0.00015999999595806003
-2.0399730167101985e-07,0.00015999999595806003
-1.9999730134005836e-07,0.00015999999595806003
-1.9599730100909688e-07,0.00015999999595806003
-1.919973006781354e-07,0.00015999999595806003
-1.879973003471739e-07,0.00019999999494757503
-1.8399730001621243e-07,0.00019999999494757503
-1.7999729968525094e-07,0.00019999999494757503
-1.7599729935428946e-07,0.00015999999595806003
-1.7199729902332798e-07,0.00019999999494757503
-1.679972986923665e-07,0.00015999999595806003
-1.63997298361405e-07,0.00015999999595806003
-1.5999729803044352e-07,0.00015999999595806003
-1.5599729769948204e-07,0.00015999999595806003
-1.5199729736852056e-07,0.00015999999595806003
-1.4799729703755907e-07,0.00015999999595806003
-1.439972967065976e-07,0.00015999999595806003
-1.399972963756361e-07,0.00015999999595806003
-1.3599729604467462e-07,0.00015999999595806003
-1.3199729571371314e-07,0.00015999999595806003
-1.2799729538275165e-07,0.00015999999595806003
-1.2399729505179017e-07,0.00019999999494757503
-1.1999729472082868e-07,0.00019999999494757503
-1.159972943898672e-07,0.00019999999494757503
-1.1199729405890572e-07,0.00019999999494757503
-1.0799729372794423e-07,0.00019999999494757503
-1.0399729339698275e-07,0.00019999999494757503
-9.999729306602126e-08,0.00015999999595806003
-9.599729273505978e-08,0.00015999999595806003
-9.19972924040983e-08,0.00015999999595806003
-8.799729207313681e-08,0.00015999999595806003
-8.399729174217533e-08,0.00015999999595806003
-7.999729141121384e-08,0.00015999999595806003
-7.599729108025236e-08,0.00019999999494757503
-7.199729074929088e-08,0.00015999999595806003
-6.799729041832939e-08,0.00019999999494757503
-6.399729008736791e-08,0.00015999999595806003
-5.999728975640642e-08,0.00019999999494757503
-5.599728942544494e-08,0.00019999999494757503
-5.1997289094483457e-08,0.00019999999494757503
-4.799728876352197e-08,0.00015999999595806003
-4.399728843256049e-08,0.00015999999595806003
-3.9997288101599005e-08,0.00015999999595806003
-3.599728777063752e-08,0.00015999999595806003
-3.1997287439676037e-08,0.00015999999595806003
-2.7997287108714553e-08,0.00015999999595806003
-2.399728677775307e-08,0.00015999999595806003
-1.9997286446791585e-08,0.00015999999595806003
-1.59972861158301e-08,0.00015999999595806003
-1.1997285784868617e-08,0.00015999999595806003
-7.997285453907133e-09,0.00015999999595806003
-3.997285122945649e-09,0.00015999999595806003
2.715208015835382e-12,0.00015999999595806003
4.002715538977319e-09,0.00015999999595806003
8.002715869938803e-09,0.00015999999595806003
1.2002716200900287e-08,0.00019999999494757503
1.600271653186177e-08,0.00015999999595806003
2.0002716862823255e-08,0.00019999999494757503
2.400271719378474e-08,0.00015999999595806003
2.8002717524746223e-08,0.00015999999595806003
3.200271785570771e-08,0.00015999999595806003
3.600271818666919e-08,0.00019999999494757503
4.0002718517630675e-08,0.00015999999595806003
4.400271884859216e-08,0.00015999999595806003
4.8002719179553643e-08,0.00019999999494757503
5.200271951051513e-08,0.00019999999494757503
5.600271984147661e-08,0.00019999999494757503
6.00027201724381e-08,0.00019999999494757503
6.400272050339958e-08,0.00015999999595806003
6.800272083436106e-08,0.00015999999595806003
7.200272116532255e-08,0.00015999999595806003
7.600272149628403e-08,0.00015999999595806003
8.000272182724552e-08,0.00015999999595806003
8.4002722158207e-08,0.00015999999595806003
8.800272248916848e-08,0.00015999999595806003
9.200272282012997e-08,0.00015999999595806003
9.600272315109145e-08,0.00015999999595806003
1.0000272348205294e-07,0.00019999999494757503
1.0400272381301442e-07,0.00015999999595806003
1.080027241439759e-07,0.00019999999494757503
1.1200272447493739e-07,0.00015999999595806003
1.1600272480589887e-07,0.00019999999494757503
1.2000272513686036e-07,0.00019999999494757503
1.2400272546782184e-07,0.00015999999595806003
1.2800272579878332e-07,0.00015999999595806003
1.320027261297448e-07,0.00019999999494757503
1.360027264607063e-07,0.00015999999595806003
1.4000272679166778e-07,0.00015999999595806003
1.4400272712262926e-07,0.00015999999595806003
1.4800272745359074e-07,0.00019999999494757503
1.5200272778455223e-07,0.00015999999595806003
1.560027281155137e-07,0.00019999999494757503
1.600027284464752e-07,0.00015999999595806003
1.6400272877743668e-07,0.00015999999595806003
1.6800272910839816e-07,0.00015999999595806003
1.7200272943935965e-07,0.00019999999494757503
1.7600272977032113e-07,0.00015999999595806003
1.8000273010128262e-07,0.00019999999494757503
1.840027304322441e-07,0.00015999999595806003
1.8800273076320558e-07,0.00015999999595806003
1.9200273109416707e-07,0.00015999999595806003
1.9600273142512855e-07,0.00015999999595806003
2.0000273175609004e-07,0.00015999999595806003
2.0400273208705152e-07,0.00015999999595806003
2.08002732418013e-07,0.00015999999595806003
2.120027327489745e-07,0.00019999999494757503
2.1600273307993597e-07,0.00019999999494757503
2.2000273341089746e-07,0.00019999999494757503
2.2400273374185894e-07,0.00015999999595806003
2.2800273407282042e-07,0.00019999999494757503
2.320027344037819e-07,0.00015999999595806003
2.360027347347434e-07,0.00015999999595806003
2.400027350657049e-07,0.00015999999595806003
2.4400273539666636e-07,0.00015999999595806003
2.4800273572762784e-07,0.00015999999595806003
2.5200273605858933e-07,0.00019999999494757503
2.560027363895508e-07,0.00019999999494757503
2.600027367205123e-07,0.00019999999494757503
2.640027370514738e-07,0.00015999999595806003
2.6800273738243526e-07,0.00015999999595806003
2.7200273771339675e-07,0.00015999999595806003
2.7600273804435823e-07,0.00015999999595806003
2.800027383753197e-07,0.00019999999494757503
2.840027387062812e-07,0.00015999999595806003
2.880027390372427e-07,0.00015999999595806003
2.9200273936820417e-07,0.00015999999595806003
2.9600273969916565e-07,0.00015999999595806003
3.0000274003012714e-07,0.00019999999494757503
3.040027403610886e-07,0.00015999999595806003
3.080027406920501e-07,0.00015999999595806003
3.120027410230116e-07,0.00015999999595806003
3.1600274135397307e-07,0.00019999999494757503
3.2000274168493456e-07,0.00015999999595806003
3.2400274201589604e-07,0.00019999999494757503
3.280027423468575e-07,0.00015999999595806003
3.32002742677819e-07,0.00019999999494757503
3.360027430087805e-07,0.00015999999595806003
3.40002743339742e-07,0.00019999999494757503
3.4400274367070346e-07,0.00015999999595806003
3.4800274400166494e-07,0.00015999999595806003
3.5200274433262643e-07,0.00015999999595806003
3.560027446635879e-07,0.00019999999494757503
3.600027449945494e-07,0.00015999999595806003
3.640027453255109e-07,0.00015999999595806003
3.6800274565647236e-07,0.00015999999595806003
3.7200274598743385e-07,0.00015999999595806003
3.7600274631839533e-07,0.00015999999595806003
3.800027466493568e-07,0.00019999999494757503
3.840027469803183e-07,0.00019999999494757503
3.880027473112798e-07,0.00019999999494757503
3.9200274764224127e-07,0.00015999999595806003
3.9600274797320275e-07,0.00019999999494757503
4.0000274830416424e-07,0.00015999999595806003
4.040027486351257e-07,0.00019999999494757503
4.080027489660872e-07,0.00015999999595806003
4.120027492970487e-07,0.00015999999595806003
4.1600274962801017e-07,0.00015999999595806003
4.2000274995897165e-07,0.00015999999595806003
4.2400275028993314e-07,0.00015999999595806003
4.280027506208946e-07,0.00019999999494757503
4.320027509518561e-07,0.00015999999595806003
4.360027512828176e-07,0.00015999999595806003
4.400027516137791e-07,0.00015999999595806003
4.4400275194474056e-07,0.00019999999494757503
4.4800275227570204e-07,0.00015999999595806003
4.5200275260666353e-07,0.00015999999595806003
4.56002752937625e-07,0.00019999999494757503
4.600027532685865e-07,0.00019999999494757503
4.64002753599548e-07,0.00015999999595806003
4.6800275393050946e-07,0.00019999999494757503
4.7200275426147095e-07,0.00015999999595806003
4.7600275459243243e-07,0.00019999999494757503
4.800027549233939e-07,0.00015999999595806003
4.840027552543554e-07,0.00015999999595806003
4.880027555853169e-07,0.00015999999595806003
4.920027559162784e-07,0.00015999999595806003
4.960027562472399e-07,0.00015999999595806003
5.000027565782013e-07,0.00015999999595806003
5.040027569091628e-07,0.00015999999595806003
5.080027572401243e-07,0.00019999999494757503
5.120027575710858e-07,0.00015999999595806003
5.160027579020473e-07,0.00019999999494757503
5.200027582330088e-07,0.00015999999595806003
5.240027585639702e-07,0.00015999999595806003
5.280027588949317e-07,0.00015999999595806003
5.320027592258932e-07,0.00015999999595806003
5.360027595568547e-07,0.00015999999595806003
5.400027598878162e-07,0.00015999999595806003
5.440027602187777e-07,0.00015999999595806003
5.480027605497391e-07,0.00015999999595806003
5.520027608807006e-07,0.00015999999595806003
5.560027612116621e-07,0.00015999999595806003
5.600027615426236e-07,0.00015999999595806003
5.640027618735851e-07,0.00015999999595806003
5.680027622045466e-07,0.00015999999595806003
5.72002762535508e-07,0.00015999999595806003
5.760027628664695e-07,0.00015999999595806003
5.80002763197431e-07,0.00015999999595806003
5.840027635283925e-07,0.00015999999595806003
5.88002763859354e-07,0.00015999999595806003
5.920027641903155e-07,0.00015999999595806003
5.96002764521277e-07,0.00019999999494757503
6.000027648522384e-07,0.00015999999595806003
6.040027651831999e-07,0.00015999999595806003
6.080027655141614e-07,0.00015999999595806003
6.120027658451229e-07,0.00015999999595806003
6.160027661760844e-07,0.00015999999595806003
6.200027665070459e-07,0.00015999999595806003
6.240027668380073e-07,0.00015999999595806003
6.280027671689688e-07,0.00019999999494757503
6.320027674999303e-07,0.00015999999595806003
6.360027678308918e-07,0.00019999999494757503
6.400027681618533e-07,0.00015999999595806003
6.440027684928148e-07,0.00015999999595806003
6.480027688237762e-07,0.00015999999595806003
6.520027691547377e-07,0.00015999999595806003
6.560027694856992e-07,0.00015999999595806003
6.600027698166607e-07,0.00019999999494757503
6.640027701476222e-07,0.00015999999595806003
6.680027704785837e-07,0.00019999999494757503
6.720027708095451e-07,0.00015999999595806003
6.760027711405066e-07,0.00015999999595806003
6.800027714714681e-07,0.00015999999595806003
6.840027718024296e-07,0.00015999999595806003
6.880027721333911e-07,0.00015999999595806003
6.920027724643526e-07,0.00015999999595806003
6.96002772795314e-07,0.00015999999595806003
7.000027731262755e-07,0.00015999999595806003
7.04002773457237e-07,0.00015999999595806003
7.080027737881985e-07,0.00019999999494757503
7.1200277411916e-07,0.00015999999595806003
7.160027744501215e-07,0.00015999999595806003
7.20002774781083e-07,0.00015999999595806003
7.240027751120444e-07,0.00015999999595806003
7.280027754430059e-07,0.00015999999595806003
7.320027757739674e-07,0.00019999999494757503
7.360027761049289e-07,0.00015999999595806003
7.400027764358904e-07,0.00019999999494757503
7.440027767668519e-07,0.00015999999595806003
7.480027770978133e-07,0.00015999999595806003
7.520027774287748e-07,0.00015999999595806003
7.560027777597363e-07,0.00019999999494757503
7.600027780906978e-07,0.00015999999595806003
7.640027784216593e-07,0.00015999999595806003
7.680027787526208e-07,0.00015999999595806003
7.720027790835822e-07,0.00015999999595806003
7.760027794145437e-07,0.00015999999595806003
7.800027797455052e-07,0.00015999999595806003
7.840027800764667e-07,0.00015999999595806003
7.880027804074282e-07,0.00019999999494757503
7.920027807383897e-07,0.00015999999595806003
7.960027810693512e-07,0.00019999999494757503
8.000027814003126e-07,0.00015999999595806003
8.040027817312741e-07,0.00019999999494757503
8.080027820622356e-07,0.00015999999595806003
8.120027823931971e-07,0.00019999999494757503
8.160027827241586e-07,0.00015999999595806003
8.200027830551201e-07,0.00015999999595806003
8.240027833860815e-07,0.00015999999595806003
8.28002783717043e-07,0.00019999999494757503
8.320027840480045e-07,0.00015999999595806003
8.36002784378966e-07,0.00019999999494757503
8.400027847099275e-07,0.00019999999494757503
8.44002785040889e-07,0.00019999999494757503
8.480027853718504e-07,0.00019999999494757503
8.520027857028119e-07,0.00015999999595806003
8.560027860337734e-07,0.00019999999494757503
8.600027863647349e-07,0.00019999999494757503
8.640027866956964e-07,0.00019999999494757503
8.680027870266579e-07,0.00019999999494757503
8.720027873576193e-07,0.00015999999595806003
8.760027876885808e-07,0.00019999999494757503
8.800027880195423e-07,0.00019999999494757503
8.840027883505038e-07,0.00019999999494757503
8.880027886814653e-07,0.00019999999494757503
8.920027890124268e-07,0.00015999999595806003
8.960027893433883e-07,0.00019999999494757503
9.000027896743497e-07,0.00019999999494757503
9.040027900053112e-07,0.00019999999494757503
9.080027903362727e-07,0.00023999999393709004
9.120027906672342e-07,0.00019999999494757503
9.160027909981957e-07,0.00023999999393709004
9.200027913291572e-07,0.00019999999494757503
9.240027916601186e-07,0.00019999999494757503
9.280027919910801e-07,0.00019999999494757503
9.320027923220416e-07,0.00019999999494757503
9.360027926530031e-07,0.00019999999494757503
9.400027929839646e-07,0.00019999999494757503
9.440027933149261e-07,0.00015999999595806003
9.480027936458875e-07,0.00023999999393709004
9.52002793976849e-07,0.00019999999494757503
9.560027943078105e-07,0.00023999999393709004
9.60002794638772e-07,0.00019999999494757503
9.640027949697335e-07,0.00019999999494757503
9.68002795300695e-07,0.00019999999494757503
9.720027956316564e-07,0.00019999999494757503
9.76002795962618e-07,0.00023999999393709004
9.800027962935794e-07,0.00023999999393709004
9.84002796624541e-07,0.00019999999494757503
9.880027969555024e-07,0.00023999999393709004
9.920027972864639e-07,0.00019999999494757503
9.960027976174254e-07,0.00023999999393709004
1.0000027979483868e-06,0.00023999999393709004
1.0040027982793483e-06,0.00023999999393709004
1.0080027986103098e-06,0.00023999999393709004
1.0120027989412713e-06,0.00019999999494757503
1.0160027992722328e-06,0.00023999999393709004
1.0200027996031943e-06,0.00023999999393709004
1.0240027999341557e-06,0.00019999999494757503
1.0280028002651172e-06,0.00027999999292660505
1.0320028005960787e-06,0.00023999999393709004
1.0360028009270402e-06,0.00027999999292660505
1.0400028012580017e-06,0.00023999999393709004
1.0440028015889632e-06,0.00027999999292660505
1.0480028019199246e-06,0.00027999999292660505
1.0520028022508861e-06,0.00023999999393709004
1.0560028025818476e-06,0.00023999999393709004
1.060002802912809e-06,0.00027999999292660505
1.0640028032437706e-06,0.00023999999393709004
1.068002803574732e-06,0.00027999999292660505
1.0720028039056935e-06,0.00023999999393709004
1.076002804236655e-06,0.00027999999292660505
1.0800028045676165e-06,0.00027999999292660505
1.084002804898578e-06,0.00027999999292660505
1.0880028052295395e-06,0.00027999999292660505
1.092002805560501e-06,0.00027999999292660505
1.0960028058914625e-06,0.00027999999292660505
1.100002806222424e-06,0.00027999999292660505
1.1040028065533854e-06,0.00027999999292660505
1.108002806884347e-06,0.00031999999191612005
1.1120028072153084e-06,0.00027999999292660505
1.1160028075462699e-06,0.00031999999191612005
1.1200028078772314e-06,0.00027999999292660505
1.1240028082081928e-06,0.00027999999292660505
1.1280028085391543e-06,0.00031999999191612005
1.1320028088701158e-06,0.00027999999292660505
1.1360028092010773e-06,0.00027999999292660505
1.1400028095320388e-06,0.00031999999191612005
1.1440028098630003e-06,0.00027999999292660505
1.1480028101939617e-06,0.00031999999191612005
1.1520028105249232e-06,0.00027999999292660505
1.1560028108558847e-06,0.00031999999191612005
1.1600028111868462e-06,0.00031999999191612005
1.1640028115178077e-06,0.00031999999191612005
1.1680028118487692e-06,0.00031999999191612005
1.1720028121797306e-06,0.00031999999191612005
1.1760028125106921e-06,0.00031999999191612005
1.1800028128416536e-06,0.00031999999191612005
1.184002813172615e-06,0.00031999999191612005
1.1880028135035766e-06,0.00035999999090563506
1.192002813834538e-06,0.00027999999292660505
1.1960028141654996e-06,0.00035999999090563506
1.200002814496461e-06,0.00031999999191612005
1.2040028148274225e-06,0.00035999999090563506
1.208002815158384e-06,0.00035999999090563506
1.2120028154893455e-06,0.00031999999191612005
1.216002815820307e-06,0.00035999999090563506
1.2200028161512685e-06,0.00035999999090563506
1.22400281648223e-06,0.00031999999191612005
1.2280028168131914e-06,0.00039999998989515007
1.232002817144153e-06,0.00031999999191612005
1.2360028174751144e-06,0.00039999998989515007
1.2400028178060759e-06,0.00035999999090563506
1.2440028181370374e-06,0.00039999998989515007
1.2480028184679988e-06,0.00035999999090563506
1.2520028187989603e-06,0.00035999999090563506
1.2560028191299218e-06,0.00035999999090563506
1.2600028194608833e-06,0.00039999998989515007
1.2640028197918448e-06,0.00035999999090563506
1.2680028201228063e-06,0.00043999998888466507
1.2720028204537677e-06,0.00035999999090563506
1.2760028207847292e-06,0.00043999998888466507
1.2800028211156907e-06,0.00039999998989515007
1.2840028214466522e-06,0.00039999998989515007
1.2880028217776137e-06,0.00039999998989515007
1.2920028221085752e-06,0.00039999998989515007
1.2960028224395367e-06,0.00039999998989515007
1.3000028227704981e-06,0.00043999998888466507
1.3040028231014596e-06,0.00035999999090563506
1.308002823432421e-06,0.00043999998888466507
1.3120028237633826e-06,0.00039999998989515007
1.316002824094344e-06,0.0004799999878741801
1.3200028244253056e-06,0.00043999998888466507
1.324002824756267e-06,0.00043999998888466507
1.3280028250872285e-06,0.00043999998888466507
1.33200282541819e-06,0.00043999998888466507
1.3360028257491515e-06,0.00043999998888466507
1.340002826080113e-06,0.0004799999878741801
1.3440028264110745e-06,0.00039999998989515007
1.348002826742036e-06,0.0004799999878741801
1.3520028270729974e-06,0.00039999998989515007
1.356002827403959e-06,0.0004799999878741801
1.3600028277349204e-06,0.00043999998888466507
1.3640028280658819e-06,0.0004799999878741801
1.3680028283968434e-06,0.0004799999878741801
1.3720028287278048e-06,0.0004799999878741801
1.3760028290587663e-06,0.0004799999878741801
1.3800028293897278e-06,0.0005199999868636951
1.3840028297206893e-06,0.0004799999878741801
1.3880028300516508e-06,0.0005199999868636951
1.3920028303826123e-06,0.00043999998888466507
1.3960028307135738e-06,0.0005199999868636951
1.4000028310445352e-06,0.0004799999878741801
1.4040028313754967e-06,0.0005199999868636951
1.4080028317064582e-06,0.0005199999868636951
1.4120028320374197e-06,0.0005199999868636951
1.4160028323683812e-06,0.0005199999868636951
1.4200028326993427e-06,0.0005199999868636951
1.4240028330303041e-06,0.0004799999878741801
1.4280028333612656e-06,0.0005599999858532101
1.4320028336922271e-06,0.0005199999868636951
1.4360028340231886e-06,0.0005599999858532101
1.44000283435415e-06,0.0005199999868636951
1.4440028346851116e-06,0.0005599999858532101
1.448002835016073e-06,0.0005599999858532101
1.4520028353470345e-06,0.0005199999868636951
1.456002835677996e-06,0.0005599999858532101
1.4600028360089575e-06,0.0005599999858532101
1.464002836339919e-06,0.0005199999868636951
1.4680028366708805e-06,0.0005999999848427251
1.472002837001842e-06,0.0005199999868636951
1.4760028373328034e-06,0.0005999999848427251
1.480002837663765e-06,0.0005599999858532101
1.4840028379947264e-06,0.0005999999848427251
1.4880028383256879e-06,0.0005999999848427251
1.4920028386566494e-06,0.0005599999858532101
1.4960028389876109e-06,0.0005999999848427251
1.5000028393185723e-06,0.0005999999848427251
1.5040028396495338e-06,0.0005599999858532101
1.5080028399804953e-06,0.0006399999838322401
1.5120028403114568e-06,0.0005599999858532101
1.5160028406424183e-06,0.0006399999838322401
1.5200028409733798e-06,0.0005999999848427251
1.5240028413043412e-06,0.0005999999848427251
1.5280028416353027e-06,0.0006399999838322401
1.5320028419662642e-06,0.0005999999848427251
1.5360028422972257e-06,0.0006399999838322401
1.5400028426281872e-06,0.0006399999838322401
1.5440028429591487e-06,0.0005999999848427251
1.5480028432901101e-06,0.0006799999828217551
1.5520028436210716e-06,0.0005999999848427251
1.5560028439520331e-06,0.0006799999828217551
1.5600028442829946e-06,0.0006399999838322401
1.564002844613956e-06,0.0006799999828217551
1.5680028449449176e-06,0.0006799999828217551
1.572002845275879e-06,0.0006399999838322401
1.5760028456068405e-06,0.0006799999828217551
1.580002845937802e-06,0.0006799999828217551
1.5840028462687635e-06,0.0006399999838322401
1.588002846599725e-06,0.0007199999818112701
1.5920028469306865e-06,0.0006399999838322401
1.596002847261648e-06,0.0007199999818112701
1.6000028475926094e-06,0.0006799999828217551
1.604002847923571e-06,0.0007199999818112701
1.6080028482545324e-06,0.0007199999818112701
1.6120028485854939e-06,0.0006799999828217551
1.6160028489164554e-06,0.0007199999818112701
1.6200028492474169e-06,0.0007199999818112701
1.6240028495783783e-06,0.0007199999818112701
1.6280028499093398e-06,0.0007599999808007851
1.6320028502403013e-06,0.0006799999828217551
1.6360028505712628e-06,0.0007599999808007851
1.6400028509022243e-06,0.0007199999818112701
1.6440028512331858e-06,0.0007199999818112701
1.6480028515641472e-06,0.0007599999808007851
1.6520028518951087e-06,0.0007199999818112701
1.6560028522260702e-06,0.0007599999808007851
1.6600028525570317e-06,0.0007599999808007851
1.6640028528879932e-06,0.0007199999818112701
1.6680028532189547e-06,0.0007999999797903001
1.6720028535499161e-06,0.0007199999818112701
1.6760028538808776e-06,0.0007999999797903001
1.6800028542118391e-06,0.0007599999808007851
1.6840028545428006e-06,0.0007999999797903001
1.688002854873762e-06,0.0007999999797903001
1.6920028552047236e-06,0.0007599999808007851
1.696002855535685e-06,0.0007999999797903001
1.7000028558666465e-06,0.0007999999797903001
1.704002856197608e-06,0.0007599999808007851
1.7080028565285695e-06,0.0008399999787798151
1.712002856859531e-06,0.0007599999808007851
1.7160028571904925e-06,0.0008399999787798151
1.720002857521454e-06,0.0007999999797903001
1.7240028578524154e-06,0.0007999999797903001
1.728002858183377e-06,0.0008399999787798151
1.7320028585143384e-06,0.0007999999797903001
1.7360028588452999e-06,0.0008399999787798151
1.7400028591762614e-06,0.0008399999787798151
1.7440028595072229e-06,0.0007599999808007851
1.7480028598381843e-06,0.0008799999777693301
1.7520028601691458e-06,0.0007999999797903001
1.7560028605001073e-06,0.0008799999777693301
1.7600028608310688e-06,0.0008399999787798151
1.7640028611620303e-06,0.0008799999777693301
1.7680028614929918e-06,0.0008799999777693301
1.7720028618239532e-06,0.0008399999787798151
1.7760028621549147e-06,0.0008799999777693301
1.7800028624858762e-06,0.0009199999767588452
1.7840028628168377e-06,0.0008399999787798151
1.7880028631477992e-06,0.0009199999767588452
1.7920028634787607e-06,0.0008399999787798151
1.7960028638097221e-06,0.0009199999767588452
1.8000028641406836e-06,0.0008799999777693301
1.8040028644716451e-06,0.0008799999777693301
1.8080028648026066e-06,0.0008799999777693301
1.812002865133568e-06,0.0008799999777693301
1.8160028654645296e-06,0.0009199999767588452
1.820002865795491e-06,0.0009199999767588452
1.8240028661264525e-06,0.0008799999777693301
1.828002866457414e-06,0.0009999999747378752
1.8320028667883755e-06,0.0008799999777693301
1.836002867119337e-06,0.0009999999747378752
1.8400028674502985e-06,0.0009199999767588452
1.84400286778126e-06,0.0009199999767588452
1.8480028681122214e-06,0.0009599999757483602
1.852002868443183e-06,0.0009199999767588452
1.8560028687741444e-06,0.0009599999757483602
1.8600028691051059e-06,0.0009599999757483602
1.8640028694360674e-06,0.0009199999767588452
1.8680028697670289e-06,0.0009999999747378752
1.8720028700979903e-06,0.0009199999767588452
1.8760028704289518e-06,0.0009999999747378752
1.8800028707599133e-06,0.0009599999757483602
1.8840028710908748e-06,0.0009599999757483602
1.8880028714218363e-06,0.0009999999747378752
1.8920028717527978e-06,0.0009999999747378752
1.8960028720837592e-06,0.0009999999747378752
1.9000028724147207e-06,0.0010399999737273902
1.9040028727456822e-06,0.0009599999757483602
1.9080028730766437e-06,0.0010799999727169052
1.912002873407605e-06,0.0009599999757483602
1.9160028737385667e-06,0.0010399999737273902
1.920002874069528e-06,0.0009999999747378752
1.9240028744004896e-06,0.0009999999747378752
1.928002874731451e-06,0.0010399999737273902
1.9320028750624126e-06,0.0009999999747378752
1.936002875393374e-06,0.0010399999737273902
1.9400028757243356e-06,0.0010399999737273902
1.944002876055297e-06,0.0009999999747378752
1.9480028763862585e-06,0.0011199999717064202
1.95200287671722e-06,0.0009999999747378752
1.9560028770481815e-06,0.0010799999727169052
1.960002877379143e-06,0.0010399999737273902
1.9640028777101045e-06,0.0010799999727169052
1.968002878041066e-06,0.0010799999727169052
1.9720028783720274e-06,0.0010399999737273902
1.976002878702989e-06,0.0010799999727169052
1.9800028790339504e-06,0.0010799999727169052
1.984002879364912e-06,0.0009999999747378752
1.9880028796958734e-06,0.0011199999717064202
1.992002880026835e-06,0.0009999999747378752
1.9960028803577963e-06,0.0011199999717064202
2.000002880688758e-06,0.0010799999727169052
2.0040028810197193e-06,0.0010799999727169052
2.008002881350681e-06,0.0011199999717064202
2.0120028816816423e-06,0.0010799999727169052
2.0160028820126038e-06,0.0011199999717064202
2.0200028823435653e-06,0.0011599999706959352
2.0240028826745267e-06,0.0010799999727169052
2.0280028830054882e-06,0.0011999999696854502
2.0320028833364497e-06,0.0010799999727169052
2.036002883667411e-06,0.0011599999706959352
2.0400028839983727e-06,0.0010799999727169052
2.044002884329334e-06,0.0011199999717064202
2.0480028846602956e-06,0.0011599999706959352
2.052002884991257e-06,0.0011199999717064202
2.0560028853222186e-06,0.0011599999706959352
2.06000288565318e-06,0.0011599999706959352
2.0640028859841416e-06,0.0011199999717064202
2.068002886315103e-06,0.0011999999696854502
2.0720028866460645e-06,0.0010799999727169052
2.076002886977026e-06,0.0011999999696854502
2.0800028873079875e-06,0.0011599999706959352
2.084002887638949e-06,0.0011599999706959352
2.0880028879699105e-06,0.0011999999696854502
2.092002888300872e-06,0.0011599999706959352
2.0960028886318334e-06,0.0011999999696854502
2.100002888962795e-06,0.0011999999696854502
2.1040028892937564e-06,0.0011599999706959352
2.108002889624718e-06,0.0012399999686749652
2.1120028899556794e-06,0.0011599999706959352
2.116002890286641e-06,0.0012399999686749652
2.1200028906176024e-06,0.0011599999706959352
2.124002890948564e-06,0.0011999999696854502
2.1280028912795253e-06,0.0011999999696854502
2.132002891610487e-06,0.0011999999696854502
2.1360028919414483e-06,0.0011999999696854502
2.1400028922724098e-06,0.0012399999686749652
2.1440028926033713e-06,0.0011999999696854502
2.1480028929343327e-06,0.0012799999676644802
2.1520028932652942e-06,0.0011599999706959352
2.1560028935962557e-06,0.0012799999676644802
2.160002893927217e-06,0.0011999999696854502
2.1640028942581787e-06,0.0012399999686749652
2.16800289458914e-06,0.0012799999676644802
2.1720028949201016e-06,0.0012399999686749652
2.176002895251063e-06,0.0012399999686749652
2.1800028955820246e-06,0.0012799999676644802
2.184002895912986e-06,0.0011999999696854502
2.1880028962439476e-06,0.0013199999666539952
2.192002896574909e-06,0.0011999999696854502
2.1960028969058705e-06,0.0013199999666539952
2.200002897236832e-06,0.0012399999686749652
2.2040028975677935e-06,0.0012799999676644802
2.208002897898755e-06,0.0012799999676644802
2.2120028982297165e-06,0.0012799999676644802
2.216002898560678e-06,0.0013199999666539952
2.2200028988916395e-06,0.0013199999666539952
2.224002899222601e-06,0.0012399999686749652
2.2280028995535624e-06,0.0013599999656435102
2.232002899884524e-06,0.0012399999686749652
2.2360029002154854e-06,0.0013599999656435102
2.240002900546447e-06,0.0012799999676644802
2.2440029008774084e-06,0.0013199999666539952
2.24800290120837e-06,0.0013199999666539952
2.2520029015393313e-06,0.0013199999666539952
2.256002901870293e-06,0.0013199999666539952
2.2600029022012543e-06,0.0013599999656435102
2.2640029025322158e-06,0.0012799999676644802
2.2680029028631773e-06,0.0013999999646330252
2.2720029031941387e-06,0.0012799999676644802
2.2760029035251002e-06,0.0013599999656435102
2.2800029038560617e-06,0.0013199999666539952
2.284002904187023e-06,0.0013599999656435102
2.2880029045179847e-06,0.0013599999656435102
2.292002904848946e-06,0.0013599999656435102
2.2960029051799076e-06,0.0013599999656435102
2.300002905510869e-06,0.0013999999646330252
2.3040029058418306e-06,0.0013199999666539952
2.308002906172792e-06,0.0014399999636225402
2.3120029065037536e-06,0.0012799999676644802
2.316002906834715e-06,0.0013999999646330252
2.3200029071656766e-06,0.0013599999656435102
2.324002907496638e-06,0.0013599999656435102
2.3280029078275995e-06,0.0013999999646330252
2.332002908158561e-06,0.0013599999656435102
2.3360029084895225e-06,0.0013999999646330252
2.340002908820484e-06,0.0014399999636225402
2.3440029091514455e-06,0.0013599999656435102
2.348002909482407e-06,0.0014799999626120552
2.3520029098133684e-06,0.0013199999666539952
2.35600291014433e-06,0.0014399999636225402
2.3600029104752914e-06,0.0013599999656435102
2.364002910806253e-06,0.0013999999646330252
2.3680029111372144e-06,0.0014399999636225402
2.372002911468176e-06,0.0013999999646330252
2.3760029117991373e-06,0.0013999999646330252
2.380002912130099e-06,0.0014399999636225402
2.3840029124610603e-06,0.0013599999656435102
2.3880029127920218e-06,0.0014799999626120552
2.3920029131229833e-06,0.0013599999656435102
2.3960029134539447e-06,0.0014799999626120552
2.4000029137849062e-06,0.0013999999646330252
2.4040029141158677e-06,0.0013999999646330252
2.408002914446829e-06,0.0014399999636225402
2.4120029147777907e-06,0.0014399999636225402
2.416002915108752e-06,0.0014399999636225402
2.4200029154397137e-06,0.0014799999626120552
2.424002915770675e-06,0.0013999999646330252
2.4280029161016366e-06,0.0015199999616015702
2.432002916432598e-06,0.0013599999656435102
2.4360029167635596e-06,0.0014799999626120552
2.440002917094521e-06,0.0014399999636225402
2.4440029174254826e-06,0.0014399999636225402
2.448002917756444e-06,0.0014799999626120552
2.4520029180874055e-06,0.0014399999636225402
2.456002918418367e-06,0.0014799999626120552
2.4600029187493285e-06,0.0014799999626120552
2.46400291908029e-06,0.0013999999646330252
2.4680029194112515e-06,0.0015199999616015702
2.472002919742213e-06,0.0013999999646330252
2.4760029200731744e-06,0.0015199999616015702
2.480002920404136e-06,0.0014399999636225402
2.4840029207350974e-06,0.0014799999626120552
2.488002921066059e-06,0.0015199999616015702
2.4920029213970204e-06,0.0014799999626120552
2.496002921727982e-06,0.0014799999626120552
2.5000029220589433e-06,0.0015199999616015702
2.504002922389905e-06,0.0014399999636225402
2.5080029227208663e-06,0.0015599999605910853
2.5120029230518278e-06,0.0013999999646330252
2.5160029233827893e-06,0.0015599999605910853
2.5200029237137508e-06,0.0014799999626120552
2.5240029240447122e-06,0.0014799999626120552
2.5280029243756737e-06,0.0015199999616015702
2.532002924706635e-06,0.0014799999626120552
2.5360029250375967e-06,0.0015199999616015702
2.540002925368558e-06,0.0015599999605910853
2.5440029256995197e-06,0.0014799999626120552
2.548002926030481e-06,0.0015999999595806003
2.5520029263614426e-06,0.0014399999636225402
2.556002926692404e-06,0.0015999999595806003
2.5600029270233656e-06,0.0015199999616015702
2.564002927354327e-06,0.0015199999616015702
2.5680029276852886e-06,0.0015599999605910853
2.57200292801625e-06,0.0015199999616015702
2.5760029283472115e-06,0.0015599999605910853
2.580002928678173e-06,0.0015599999605910853
2.5840029290091345e-06,0.0014799999626120552
2.588002929340096e-06,0.0016399999585701153
2.5920029296710575e-06,0.0014799999626120552
2.596002930002019e-06,0.0015999999595806003
2.6000029303329804e-06,0.0015199999616015702
2.604002930663942e-06,0.0015599999605910853
2.6080029309949034e-06,0.0015599999605910853
2.612002931325865e-06,0.0015199999616015702
2.6160029316568264e-06,0.0015599999605910853
2.620002931987788e-06,0.0015999999595806003
2.6240029323187493e-06,0.0015199999616015702
2.628002932649711e-06,0.0015999999595806003
2.6320029329806723e-06,0.0014799999626120552
2.636002933311634e-06,0.0015999999595806003
2.6400029336425953e-06,0.0015199999616015702
2.6440029339735568e-06,0.0015599999605910853
2.6480029343045182e-06,0.0015999999595806003
2.6520029346354797e-06,0.0015599999605910853
2.656002934966441e-06,0.0015999999595806003
2.6600029352974027e-06,0.0015999999595806003
2.664002935628364e-06,0.0015199999616015702
2.6680029359593257e-06,0.0016399999585701153
2.672002936290287e-06,0.0015199999616015702
2.6760029366212486e-06,0.0015999999595806003
2.68000293695221e-06,0.0015599999605910853
2.6840029372831716e-06,0.0015599999605910853
2.688002937614133e-06,0.0015999999595806003
2.6920029379450946e-06,0.0015599999605910853
2.696002938276056e-06,0.0015599999605910853
2.7000029386070175e-06,0.0015999999595806003
2.704002938937979e-06,0.0015199999616015702
2.7080029392689405e-06,0.0016799999575596303
2.712002939599902e-06,0.0015199999616015702
2.7160029399308635e-06,0.0016399999585701153
2.720002940261825e-06,0.0015599999605910853
2.7240029405927864e-06,0.0015999999595806003
2.728002940923748e-06,0.0016399999585701153
2.7320029412547094e-06,0.0015599999605910853
2.736002941585671e-06,0.0015999999595806003
2.7400029419166324e-06,0.0016399999585701153
2.744002942247594e-06,0.0015199999616015702
2.7480029425785553e-06,0.0016799999575596303
2.752002942909517e-06,0.0015199999616015702
2.7560029432404783e-06,0.0016399999585701153
2.76000294357144e-06,0.0015599999605910853
2.7640029439024013e-06,0.0015999999595806003
2.7680029442333628e-06,0.0016399999585701153
2.7720029445643242e-06,0.0015999999595806003
2.7760029448952857e-06,0.0016399999585701153
2.7800029452262472e-06,0.0016399999585701153
2.7840029455572087e-06,0.0015599999605910853
2.78800294588817e-06,0.0016799999575596303
2.7920029462191317e-06,0.0015599999605910853
2.796002946550093e-06,0.0016799999575596303
2.8000029468810546e-06,0.0015999999595806003
2.804002947212016e-06,0.0015999999595806003
2.8080029475429776e-06,0.0016399999585701153
2.812002947873939e-06,0.0015999999595806003
2.8160029482049006e-06,0.0016399999585701153
2.820002948535862e-06,0.0016399999585701153
2.8240029488668235e-06,0.0015599999605910853
2.828002949197785e-06,0.0016799999575596303
2.8320029495287465e-06,0.0015599999605910853
2.836002949859708e-06,0.0016799999575596303
2.8400029501906695e-06,0.0015999999595806003
2.844002950521631e-06,0.0016399999585701153
2.8480029508525924e-06,0.0016799999575596303
2.852002951183554e-06,0.0015999999595806003
2.8560029515145154e-06,0.0016399999585701153
2.860002951845477e-06,0.0016399999585701153
2.8640029521764384e-06,0.0015599999605910853
2.8680029525074e-06,0.0017199999565491453
2.8720029528383613e-06,0.0015599999605910853
2.876002953169323e-06,0.0016799999575596303
2.8800029535002843e-06,0.0015999999595806003
2.884002953831246e-06,0.0015999999595806003
2.8880029541622073e-06,0.0016799999575596303
2.8920029544931688e-06,0.0015999999595806003
2.8960029548241302e-06,0.0016399999585701153
2.9000029551550917e-06,0.0016399999585701153
2.9040029554860532e-06,0.0015999999595806003
2.9080029558170147e-06,0.0017199999565491453
2.912002956147976e-06,0.0015599999605910853
2.9160029564789377e-06,0.0017199999565491453
2.920002956809899e-06,0.0016399999585701153
2.9240029571408606e-06,0.0016399999585701153
2.928002957471822e-06,0.0016799999575596303
2.9320029578027836e-06,0.0015999999595806003
2.936002958133745e-06,0.0016799999575596303
2.9400029584647066e-06,0.0016799999575596303
2.944002958795668e-06,0.0015999999595806003
2.9480029591266295e-06,0.0017199999565491453
2.952002959457591e-06,0.0015599999605910853
2.9560029597885525e-06,0.0016799999575596303
2.960002960119514e-06,0.0016399999585701153
2.9640029604504755e-06,0.0016399999585701153
2.968002960781437e-06,0.0016799999575596303
2.9720029611123984e-06,0.0016399999585701153
2.97600296144336e-06,0.0016399999585701153
2.9800029617743214e-06,0.0016799999575596303
2.984002962105283e-06,0.0015999999595806003
2.9880029624362444e-06,0.0017199999565491453
2.992002962767206e-06,0.0015599999605910853
2.9960029630981673e-06,0.0017199999565491453
3.000002963429129e-06,0.0016399999585701153
3.0040029637600903e-06,0.0015999999595806003
3.008002964091052e-06,0.0016799999575596303
3.0120029644220133e-06,0.0015999999595806003
3.0160029647529748e-06,0.0016399999585701153
3.0200029650839363e-06,0.0016799999575596303
3.0240029654148977e-06,0.0015999999595806003
3.0280029657458592e-06,0.0017599999555386603
3.0320029660768207e-06,0.0015999999595806003
3.036002966407782e-06,0.0017199999565491453
3.0400029667387437e-06,0.0016399999585701153
3.044002967069705e-06,0.0016399999585701153
3.0480029674006666e-06,0.0016799999575596303
3.052002967731628e-06,0.0015999999595806003
3.0560029680625896e-06,0.0016399999585701153
3.060002968393551e-06,0.0016799999575596303
3.0640029687245126e-06,0.0015999999595806003
3.068002969055474e-06,0.0017199999565491453
3.0720029693864355e-06,0.0015599999605910853
3.076002969717397e-06,0.0017199999565491453
3.0800029700483585e-06,0.0016399999585701153
3.08400297037932e-06,0.0016399999585701153
3.0880029707102815e-06,0.0016799999575596303
3.092002971041243e-06,0.0016399999585701153
3.0960029713722044e-06,0.0016799999575596303
3.100002971703166e-06,0.0016799999575596303
3.1040029720341274e-06,0.0015999999595806003
3.108002972365089e-06,0.0017199999565491453
3.1120029726960504e-06,0.0015999999595806003
3.116002973027012e-06,0.0017199999565491453
3.1200029733579734e-06,0.0016399999585701153
3.124002973688935e-06,0.0016399999585701153
3.1280029740198963e-06,0.0016799999575596303
3.132002974350858e-06,0.0015999999595806003
3.1360029746818193e-06,0.0016799999575596303
3.1400029750127808e-06,0.0016799999575596303
3.1440029753437423e-06,0.0015999999595806003
3.1480029756747037e-06,0.0017199999565491453
3.1520029760056652e-06,0.0015599999605910853
3.1560029763366267e-06,0.0017199999565491453
3.160002976667588e-06,0.0016399999585701153
3.1640029769985497e-06,0.0016399999585701153
3.168002977329511e-06,0.0016799999575596303
3.1720029776604726e-06,0.0015999999595806003
3.176002977991434e-06,0.0016799999575596303
3.1800029783223956e-06,0.0016799999575596303
3.184002978653357e-06,0.0015599999605910853
3.1880029789843186e-06,0.0017199999565491453
3.19200297931528e-06,0.0015599999605910853
3.1960029796462415e-06,0.0017199999565491453
3.200002979977203e-06,0.0016399999585701153
3.2040029803081645e-06,0.0016399999585701153
3.208002980639126e-06,0.0016799999575596303
3.2120029809700875e-06,0.0015999999595806003
3.216002981301049e-06,0.0016399999585701153
3.2200029816320105e-06,0.0016399999585701153
3.224002981962972e-06,0.0015999999595806003
3.2280029822939334e-06,0.0017199999565491453
3.232002982624895e-06,0.0015599999605910853
3.2360029829558564e-06,0.0016799999575596303
3.240002983286818e-06,0.0016399999585701153
3.2440029836177794e-06,0.0015999999595806003
3.248002983948741e-06,0.0016799999575596303
3.2520029842797023e-06,0.0015999999595806003
3.256002984610664e-06,0.0016399999585701153
3.2600029849416253e-06,0.0016399999585701153
3.2640029852725868e-06,0.0015599999605910853
3.2680029856035483e-06,0.0017199999565491453
3.2720029859345097e-06,0.0015599999605910853
3.2760029862654712e-06,0.0017199999565491453
3.2800029865964327e-06,0.0015999999595806003
3.284002986927394e-06,0.0015999999595806003
3.2880029872583557e-06,0.0016799999575596303
3.292002987589317e-06,0.0015999999595806003
3.2960029879202786e-06,0.0016399999585701153
3.30000298825124e-06,0.0016799999575596303
3.3040029885822016e-06,0.0015599999605910853
3.308002988913163e-06,0.0017199999565491453
3.3120029892441246e-06,0.0015199999616015702
3.316002989575086e-06,0.0016799999575596303
3.3200029899060476e-06,0.0015999999595806003
3.324002990237009e-06,0.0015999999595806003
3.3280029905679705e-06,0.0016399999585701153
3.332002990898932e-06,0.0015999999595806003
3.3360029912298935e-06,0.0016399999585701153
3.340002991560855e-06,0.0016399999585701153
3.3440029918918165e-06,0.0015599999605910853
3.348002992222778e-06,0.0017199999565491453
3.3520029925537394e-06,0.0015599999605910853
3.356002992884701e-06,0.0016799999575596303
3.3600029932156624e-06,0.0015999999595806003
3.364002993546624e-06,0.0015999999595806003
3.3680029938775854e-06,0.0016399999585701153
3.372002994208547e-06,0.0015599999605910853
3.3760029945395083e-06,0.0016399999585701153
3.38000299487047e-06,0.0016399999585701153
3.3840029952014313e-06,0.0015599999605910853
3.3880029955323928e-06,0.0016799999575596303
3.3920029958633543e-06,0.0015199999616015702
3.3960029961943157e-06,0.0016799999575596303
3.4000029965252772e-06,0.0015999999595806003
3.4040029968562387e-06,0.0015999999595806003
3.4080029971872e-06,0.0016399999585701153
3.4120029975181617e-06,0.0015599999605910853
3.416002997849123e-06,0.0015999999595806003
3.4200029981800847e-06,0.0016399999585701153
3.424002998511046e-06,0.0015199999616015702
3.4280029988420076e-06,0.0016799999575596303
3.432002999172969e-06,0.0015599999605910853
3.4360029995039306e-06,0.0016399999585701153
3.440002999834892e-06,0.0015999999595806003
3.4440030001658536e-06,0.0015599999605910853
3.448003000496815e-06,0.0015999999595806003
3.4520030008277765e-06,0.0015999999595806003
3.456003001158738e-06,0.0015599999605910853
3.4600030014896995e-06,0.0016399999585701153
3.464003001820661e-06,0.0015599999605910853
3.4680030021516225e-06,0.0015999999595806003
3.472003002482584e-06,0.0015599999605910853
3.4760030028135454e-06,0.0015999999595806003
3.480003003144507e-06,0.0015599999605910853
3.4840030034754684e-06,0.0015999999595806003
3.48800300380643e-06,0.0015599999605910853
3.4920030041373914e-06,0.0015999999595806003
3.496003004468353e-06,0.0015599999605910853
3.5000030047993143e-06,0.0015999999595806003
3.504003005130276e-06,0.0015599999605910853
3.5080030054612373e-06,0.0015999999595806003
3.5120030057921988e-06,0.0015999999595806003
3.5160030061231603e-06,0.0015999999595806003
3.5200030064541218e-06,0.0015599999605910853
3.5240030067850832e-06,0.0015999999595806003
3.5280030071160447e-06,0.0015599999605910853
3.532003007447006e-06,0.0015599999605910853
3.5360030077779677e-06,0.0015199999616015702
3.540003008108929e-06,0.0015599999605910853
3.5440030084398907e-06,0.0015199999616015702
3.548003008770852e-06,0.0015599999605910853
3.5520030091018136e-06,0.0015199999616015702
3.556003009432775e-06,0.0015999999595806003
3.5600030097637366e-06,0.0015599999605910853
3.564003010094698e-06,0.0015599999605910853
3.5680030104256596e-06,0.0015599999605910853
3.572003010756621e-06,0.0015599999605910853
3.5760030110875825e-06,0.0015599999605910853
3.580003011418544e-06,0.0015599999605910853
3.5840030117495055e-06,0.0015199999616015702
3.588003012080467e-06,0.0015599999605910853
3.5920030124114285e-06,0.0015599999605910853
3.59600301274239e-06,0.0015999999595806003
3.6000030130733514e-06,0.0015199999616015702
3.604003013404313e-06,0.0015599999605910853
3.6080030137352744e-06,0.0015199999616015702
3.612003014066236e-06,0.0015599999605910853
3.6160030143971974e-06,0.0015199999616015702
3.620003014728159e-06,0.0015599999605910853
3.6240030150591203e-06,0.0015199999616015702
3.628003015390082e-06,0.0015599999605910853
3.6320030157210433e-06,0.0015199999616015702
3.6360030160520048e-06,0.0015599999605910853
3.6400030163829663e-06,0.0015199999616015702
3.6440030167139278e-06,0.0015599999605910853
3.6480030170448892e-06,0.0015199999616015702
3.6520030173758507e-06,0.0015199999616015702
3.656003017706812e-06,0.0014799999626120552
3.6600030180377737e-06,0.0015199999616015702
3.664003018368735e-06,0.0014799999626120552
3.6680030186996967e-06,0.0015199999616015702
3.672003019030658e-06,0.0014799999626120552
3.6760030193616196e-06,0.0015599999605910853
3.680003019692581e-06,0.0015999999595806003
3.6840030200235426e-06,0.0017199999565491453
3.688003020354504e-06,0.0017599999555386603
3.6920030206854656e-06,0.0019199999514967203
3.696003021016427e-06,0.0018399999535176903
3.7000030213473885e-06,0.0017199999565491453
3.70400302167835e-06,0.0014399999636225402
3.7080030220093115e-06,0.0012399999686749652
3.712003022340273e-06,0.0009599999757483602
3.7160030226712345e-06,0.0007999999797903001
3.720003023002196e-06,0.0006399999838322401
3.7240030233331574e-06,0.0005199999868636951
3.728003023664119e-06,0.00039999998989515007
3.7320030239950804e-06,0.00035999999090563506
3.736003024326042e-06,0.00027999999292660505
3.7400030246570034e-06,0.00027999999292660505
3.744003024987965e-06,0.00023999999393709004
3.7480030253189263e-06,0.00023999999393709004
3.752003025649888e-06,0.00023999999393709004
3.7560030259808493e-06,0.00023999999393709004
3.760003026311811e-06,0.00019999999494757503
3.7640030266427723e-06,0.00019999999494757503
3.7680030269737338e-06,0.00019999999494757503
3.7720030273046952e-06,0.00019999999494757503
3.7760030276356567e-06,0.00019999999494757503
3.7800030279666182e-06,0.00019999999494757503
3.7840030282975797e-06,0.00015999999595806003
3.788003028628541e-06,0.00019999999494757503
3.7920030289595027e-06,0.00019999999494757503
3.796003029290464e-06,0.00019999999494757503
3.8000030296214256e-06,0.00019999999494757503
3.804003029952387e-06,0.00019999999494757503
3.8080030302833486e-06,0.00019999999494757503
3.81200303061431e-06,0.00019999999494757503
3.8160030309452716e-06,0.00015999999595806003
3.820003031276233e-06,0.00019999999494757503
3.8240030316071945e-06,0.00015999999595806003
3.828003031938156e-06,0.00019999999494757503
3.8320030322691175e-06,0.00015999999595806003
3.836003032600079e-06,0.00019999999494757503
3.8400030329310405e-06,0.00015999999595806003
3.844003033262002e-06,0.00019999999494757503
3.8480030335929634e-06,0.00015999999595806003
3.852003033923925e-06,0.00019999999494757503
3.856003034254886e-06,0.00015999999595806003
3.860003034585848e-06,0.00019999999494757503
3.864003034916809e-06,0.00015999999595806003
3.868003035247771e-06,0.00019999999494757503
3.872003035578732e-06,0.00015999999595806003
3.876003035909694e-06,0.00019999999494757503
3.880003036240655e-06,0.00019999999494757503
3.884003036571617e-06,0.00019999999494757503
3.888003036902578e-06,0.00019999999494757503
3.89200303723354e-06,0.00019999999494757503
3.896003037564501e-06,0.00015999999595806003
3.900003037895463e-06,0.00019999999494757503
3.904003038226424e-06,0.00015999999595806003
3.908003038557386e-06,0.00019999999494757503
3.912003038888347e-06,0.00015999999595806003
3.916003039219309e-06,0.00019999999494757503
3.92000303955027e-06,0.00015999999595806003
3.924003039881232e-06,0.00019999999494757503
3.928003040212193e-06,0.00019999999494757503
3.932003040543155e-06,0.00019999999494757503
3.936003040874116e-06,0.00015999999595806003
3.9400030412050776e-06,0.00019999999494757503
3.944003041536039e-06,0.00015999999595806003
3.9480030418670005e-06,0.00019999999494757503
3.952003042197962e-06,0.00015999999595806003
3.9560030425289235e-06,0.00019999999494757503
3.960003042859885e-06,0.00019999999494757503
3.9640030431908465e-06,0.00023999999393709004
3.968003043521808e-06,0.00019999999494757503
3.9720030438527694e-06,0.00019999999494757503
3.976003044183731e-06,0.00015999999595806003
3.980003044514692e-06,0.00015999999595806003
3.984003044845654e-06,0.00015999999595806003
3.988003045176615e-06,0.00015999999595806003
3.992003045507577e-06,0.00015999999595806003
3.996003045838538e-06,0.00019999999494757503
4.0000030461695e-06,0.00015999999595806003
4.004003046500461e-06,0.00019999999494757503
4.008003046831423e-06,0.00015999999595806003
4.012003047162384e-06,0.00019999999494757503
4.016003047493346e-06,0.00015999999595806003
4.020003047824307e-06,0.00019999999494757503
4.024003048155269e-06,0.00015999999595806003
4.02800304848623e-06,0.00019999999494757503
4.032003048817192e-06,0.00015999999595806003
4.036003049148153e-06,0.00019999999494757503
4.040003049479115e-06,0.00015999999595806003
4.044003049810076e-06,0.00019999999494757503
4.048003050141038e-06,0.00015999999595806003
4.052003050471999e-06,0.00019999999494757503
4.056003050802961e-06,0.00015999999595806003
4.060003051133922e-06,0.00019999999494757503
4.0640030514648836e-06,0.00019999999494757503
4.068003051795845e-06,0.00019999999494757503
4.0720030521268065e-06,0.00015999999595806003
4.076003052457768e-06,0.00019999999494757503
4.0800030527887295e-06,0.00015999999595806003
4.084003053119691e-06,0.00019999999494757503
4.0880030534506525e-06,0.00015999999595806003
4.092003053781614e-06,0.00019999999494757503
4.0960030541125754e-06,0.00015999999595806003
4.100003054443537e-06,0.00019999999494757503
4.104003054774498e-06,0.00015999999595806003
4.10800305510546e-06,0.00015999999595806003
4.112003055436421e-06,0.00015999999595806003
4.116003055767383e-06,0.00019999999494757503
4.120003056098344e-06,0.00019999999494757503
4.124003056429306e-06,0.00019999999494757503
4.128003056760267e-06,0.00015999999595806003
4.132003057091229e-06,0.00019999999494757503
4.13600305742219e-06,0.00015999999595806003
4.140003057753152e-06,0.00015999999595806003
4.144003058084113e-06,0.00019999999494757503
4.148003058415075e-06,0.00019999999494757503
4.152003058746036e-06,0.00019999999494757503
4.156003059076998e-06,0.00019999999494757503
4.160003059407959e-06,0.00019999999494757503
4.164003059738921e-06,0.00019999999494757503
4.168003060069882e-06,0.00015999999595806003
4.172003060400844e-06,0.00019999999494757503
4.176003060731805e-06,0.00015999999595806003
4.180003061062767e-06,0.00015999999595806003
4.184003061393728e-06,0.00015999999595806003
4.18800306172469e-06,0.00019999999494757503
4.192003062055651e-06,0.00019999999494757503
4.1960030623866125e-06,0.00019999999494757503
4.200003062717574e-06,0.00015999999595806003
4.2040030630485355e-06,0.00019999999494757503
4.208003063379497e-06,0.00015999999595806003
4.2120030637104585e-06,0.00019999999494757503
4.21600306404142e-06,0.00015999999595806003
4.2200030643723815e-06,0.00019999999494757503
4.224003064703343e-06,0.00019999999494757503
4.228003065034304e-06,0.00019999999494757503
4.232003065365266e-06,0.00015999999595806003
4.236003065696227e-06,0.00019999999494757503
4.240003066027189e-06,0.00015999999595806003
4.24400306635815e-06,0.00019999999494757503
4.248003066689112e-06,0.00019999999494757503
4.252003067020073e-06,0.00019999999494757503
4.256003067351035e-06,0.00015999999595806003
4.260003067681996e-06,0.00015999999595806003
4.264003068012958e-06,0.00015999999595806003
4.268003068343919e-06,0.00015999999595806003
4.272003068674881e-06,0.00015999999595806003
4.276003069005842e-06,0.00015999999595806003
4.280003069336804e-06,0.00015999999595806003
4.284003069667765e-06,0.00019999999494757503
4.288003069998727e-06,0.00015999999595806003
4.292003070329688e-06,0.00019999999494757503
4.29600307066065e-06,0.00015999999595806003
4.300003070991611e-06,0.00015999999595806003
4.304003071322573e-06,0.00015999999595806003
4.308003071653534e-06,0.00015999999595806003
4.312003071984496e-06,0.00015999999595806003
4.316003072315457e-06,0.00015999999595806003
4.3200030726464186e-06,0.00015999999595806003
4.32400307297738e-06,0.00015999999595806003
4.3280030733083415e-06,0.00015999999595806003
4.332003073639303e-06,0.00019999999494757503
4.3360030739702645e-06,0.00015999999595806003
4.340003074301226e-06,0.00019999999494757503
4.3440030746321875e-06,0.00015999999595806003
4.348003074963149e-06,0.00015999999595806003
4.35200307529411e-06,0.00015999999595806003
4.356003075625072e-06,0.00015999999595806003
4.360003075956033e-06,0.00015999999595806003
4.364003076286995e-06,0.00019999999494757503
4.368003076617956e-06,0.00019999999494757503
4.372003076948918e-06,0.00019999999494757503
4.376003077279879e-06,0.00015999999595806003
4.380003077610841e-06,0.00015999999595806003
4.384003077941802e-06,0.00015999999595806003
4.388003078272764e-06,0.00015999999595806003
4.392003078603725e-06,0.00015999999595806003
4.396003078934687e-06,0.00015999999595806003
4.400003079265648e-06,0.00015999999595806003
4.40400307959661e-06,0.00019999999494757503
4.408003079927571e-06,0.00015999999595806003
4.412003080258533e-06,0.00019999999494757503
4.416003080589494e-06,0.00015999999595806003
4.420003080920456e-06,0.00019999999494757503
4.424003081251417e-06,0.00015999999595806003
4.428003081582379e-06,0.00015999999595806003
4.43200308191334e-06,0.00015999999595806003
4.436003082244302e-06,0.00015999999595806003
4.440003082575263e-06,0.00015999999595806003
4.4440030829062246e-06,0.00015999999595806003
4.448003083237186e-06,0.00015999999595806003
4.4520030835681475e-06,0.00019999999494757503
4.456003083899109e-06,0.00015999999595806003
4.4600030842300705e-06,0.00019999999494757503
4.464003084561032e-06,0.00015999999595806003
4.4680030848919935e-06,0.00015999999595806003
4.472003085222955e-06,0.00015999999595806003
4.4760030855539164e-06,0.00019999999494757503
4.480003085884878e-06,0.00015999999595806003
4.484003086215839e-06,0.00019999999494757503
4.488003086546801e-06,0.00015999999595806003
4.492003086877762e-06,0.00015999999595806003
4.496003087208724e-06,0.00015999999595806003
4.500003087539685e-06,0.00019999999494757503
4.504003087870647e-06,0.00015999999595806003
4.508003088201608e-06,0.00015999999595806003
4.51200308853257e-06,0.00015999999595806003
4.516003088863531e-06,0.00015999999595806003
4.520003089194493e-06,0.00015999999595806003
4.524003089525454e-06,0.00015999999595806003
4.528003089856416e-06,0.00015999999595806003
4.532003090187377e-06,0.00019999999494757503
4.536003090518339e-06,0.00019999999494757503
4.5400030908493e-06,0.00019999999494757503
4.544003091180262e-06,0.00015999999595806003
4.548003091511223e-06,0.00015999999595806003
4.552003091842185e-06,0.00015999999595806003
4.556003092173146e-06,0.00015999999595806003
4.560003092504108e-06,0.00015999999595806003
4.564003092835069e-06,0.00015999999595806003
4.5680030931660306e-06,0.00015999999595806003
4.572003093496992e-06,0.00019999999494757503
4.5760030938279535e-06,0.00019999999494757503
4.580003094158915e-06,0.00019999999494757503
4.5840030944898765e-06,0.00015999999595806003
4.588003094820838e-06,0.00019999999494757503
4.5920030951517995e-06,0.00015999999595806003
4.596003095482761e-06,0.00015999999595806003
4.6000030958137224e-06,0.00015999999595806003
4.604003096144684e-06,0.00019999999494757503
4.608003096475645e-06,0.00015999999595806003
4.612003096806607e-06,0.00015999999595806003
4.616003097137568e-06,0.00015999999595806003
4.62000309746853e-06,0.00015999999595806003
4.624003097799491e-06,0.00015999999595806003
4.628003098130453e-06,0.00015999999595806003
4.632003098461414e-06,0.00015999999595806003
4.636003098792376e-06,0.00015999999595806003
4.640003099123337e-06,0.00015999999595806003
4.644003099454299e-06,0.00015999999595806003
4.64800309978526e-06,0.00015999999595806003
4.652003100116222e-06,0.00019999999494757503
4.656003100447183e-06,0.00015999999595806003
4.660003100778145e-06,0.00015999999595806003
4.664003101109106e-06,0.00015999999595806003
4.668003101440068e-06,0.00019999999494757503
4.672003101771029e-06,0.00015999999595806003
4.676003102101991e-06,0.00015999999595806003
4.680003102432952e-06,0.00015999999595806003
4.684003102763914e-06,0.00015999999595806003
4.688003103094875e-06,0.00015999999595806003
4.6920031034258366e-06,0.00015999999595806003
4.696003103756798e-06,0.00015999999595806003
4.7000031040877595e-06,0.00019999999494757503
4.704003104418721e-06,0.00015999999595806003
4.7080031047496825e-06,0.00015999999595806003
4.712003105080644e-06,0.00015999999595806003
4.7160031054116055e-06,0.00019999999494757503
4.720003105742567e-06,0.00019999999494757503
4.7240031060735284e-06,0.00015999999595806003
4.72800310640449e-06,0.00015999999595806003
4.732003106735451e-06,0.00019999999494757503
4.736003107066413e-06,0.00015999999595806003
4.740003107397374e-06,0.00019999999494757503
4.744003107728336e-06,0.00015999999595806003
4.748003108059297e-06,0.00015999999595806003
4.752003108390259e-06,0.00015999999595806003
4.75600310872122e-06,0.00019999999494757503
4.760003109052182e-06,0.00015999999595806003
4.764003109383143e-06,0.00019999999494757503
4.768003109714105e-06,0.00019999999494757503
4.772003110045066e-06,0.00019999999494757503
4.776003110376028e-06,0.00015999999595806003
4.780003110706989e-06,0.00015999999595806003
4.784003111037951e-06,0.00015999999595806003
4.788003111368912e-06,0.00015999999595806003
4.792003111699874e-06,0.00015999999595806003
4.796003112030835e-06,0.00019999999494757503
4.800003112361797e-06,0.00015999999595806003
4.804003112692758e-06,0.00019999999494757503
4.80800311302372e-06,0.00015999999595806003
4.812003113354681e-06,0.00019999999494757503
4.8160031136856426e-06,0.00015999999595806003
4.820003114016604e-06,0.00019999999494757503
4.8240031143475655e-06,0.00015999999595806003
4.828003114678527e-06,0.00015999999595806003
4.8320031150094885e-06,0.00015999999595806003
4.83600311534045e-06,0.00019999999494757503
4.8400031156714115e-06,0.00019999999494757503
4.844003116002373e-06,0.00019999999494757503
4.8480031163333344e-06,0.00015999999595806003
4.852003116664296e-06,0.00019999999494757503
4.856003116995257e-06,0.00015999999595806003
4.860003117326219e-06,0.00019999999494757503
4.86400311765718e-06,0.00015999999595806003
4.868003117988142e-06,0.00015999999595806003
4.872003118319103e-06,0.00015999999595806003
4.876003118650065e-06,0.00015999999595806003
4.880003118981026e-06,0.00015999999595806003
4.884003119311988e-06,0.00019999999494757503
4.888003119642949e-06,0.00015999999595806003
4.892003119973911e-06,0.00019999999494757503
4.896003120304872e-06,0.00015999999595806003
4.900003120635834e-06,0.00019999999494757503
4.904003120966795e-06,0.00015999999595806003
4.908003121297757e-06,0.00015999999595806003
4.912003121628718e-06,0.00015999999595806003
4.91600312195968e-06,0.00015999999595806003
4.920003122290641e-06,0.00015999999595806003
4.924003122621603e-06,0.00019999999494757503
4.928003122952564e-06,0.00015999999595806003
4.932003123283526e-06,0.00019999999494757503
4.936003123614487e-06,0.00015999999595806003
4.9400031239454486e-06,0.00019999999494757503
4.94400312427641e-06,0.00015999999595806003
4.9480031246073715e-06,0.00015999999595806003
4.952003124938333e-06,0.00015999999595806003
4.9560031252692945e-06,0.00015999999595806003
4.960003125600256e-06,0.00015999999595806003
4.9640031259312175e-06,0.00019999999494757503
4.968003126262179e-06,0.00015999999595806003
4.9720031265931404e-06,0.00019999999494757503
4.976003126924102e-06,0.00015999999595806003
4.980003127255063e-06,0.00019999999494757503
4.984003127586025e-06,0.00015999999595806003
4.988003127916986e-06,0.00019999999494757503
4.992003128247948e-06,0.00015999999595806003
4.996003128578909e-06,0.00015999999595806003
5.000003128909871e-06,0.00015999999595806003
5.004003129240832e-06,0.00015999999595806003
5.008003129571794e-06,0.00015999999595806003
5.012003129902755e-06,0.00015999999595806003
5.016003130233717e-06,0.00019999999494757503
5.020003130564678e-06,0.00019999999494757503
5.02400313089564e-06,0.00015999999595806003
5.028003131226601e-06,0.00019999999494757503
5.032003131557563e-06,0.00015999999595806003
5.036003131888524e-06,0.00015999999595806003
5.040003132219486e-06,0.00015999999595806003
5.044003132550447e-06,0.00019999999494757503
5.048003132881409e-06,0.00015999999595806003
5.05200313321237e-06,0.00015999999595806003
5.056003133543332e-06,0.00015999999595806003
5.060003133874293e-06,0.00015999999595806003
5.0640031342052546e-06,0.00015999999595806003
5.068003134536216e-06,0.00015999999595806003
5.0720031348671775e-06,0.00015999999595806003
5.076003135198139e-06,0.00015999999595806003
5.0800031355291005e-06,0.00015999999595806003
5.084003135860062e-06,0.00019999999494757503
5.0880031361910235e-06,0.00015999999595806003
5.092003136521985e-06,0.00019999999494757503
5.0960031368529464e-06,0.00015999999595806003
5.100003137183908e-06,0.00019999999494757503
5.104003137514869e-06,0.00015999999595806003
5.108003137845831e-06,0.00019999999494757503
5.112003138176792e-06,0.00015999999595806003
5.116003138507754e-06,0.00015999999595806003
5.120003138838715e-06,0.00015999999595806003
5.124003139169677e-06,0.00015999999595806003
5.128003139500638e-06,0.00015999999595806003
5.1320031398316e-06,0.00019999999494757503
5.136003140162561e-06,0.00019999999494757503
5.140003140493523e-06,0.00019999999494757503
5.144003140824484e-06,0.00019999999494757503
5.148003141155446e-06,0.00019999999494757503
5.152003141486407e-06,0.00015999999595806003
5.156003141817369e-06,0.00019999999494757503
5.16000314214833e-06,0.00015999999595806003
5.164003142479292e-06,0.00019999999494757503
5.168003142810253e-06,0.00019999999494757503
5.172003143141215e-06,0.00019999999494757503
5.176003143472176e-06,0.00015999999595806003
5.180003143803138e-06,0.00019999999494757503
5.184003144134099e-06,0.00015999999595806003
5.188003144465061e-06,0.00019999999494757503
5.192003144796022e-06,0.00015999999595806003
5.1960031451269835e-06,0.00015999999595806003
5.200003145457945e-06,0.00015999999595806003
5.2040031457889065e-06,0.00015999999595806003
5.208003146119868e-06,0.00015999999595806003
5.2120031464508295e-06,0.00015999999595806003
5.216003146781791e-06,0.00015999999595806003
5.2200031471127525e-06,0.00019999999494757503
5.224003147443714e-06,0.00015999999595806003
5.228003147774675e-06,0.00019999999494757503
5.232003148105637e-06,0.00015999999595806003
5.236003148436598e-06,0.00019999999494757503
5.24000314876756e-06,0.00015999999595806003
5.244003149098521e-06,0.00015999999595806003
5.248003149429483e-06,0.00015999999595806003
5.252003149760444e-06,0.00015999999595806003
5.256003150091406e-06,0.00019999999494757503
5.260003150422367e-06,0.00019999999494757503
5.264003150753329e-06,0.00015999999595806003
5.26800315108429e-06,0.00015999999595806003
5.272003151415252e-06,0.00015999999595806003
5.276003151746213e-06,0.00019999999494757503
5.280003152077175e-06,0.00015999999595806003
5.284003152408136e-06,0.00019999999494757503
5.288003152739098e-06,0.00015999999595806003
5.292003153070059e-06,0.00015999999595806003
5.296003153401021e-06,0.00015999999595806003
5.300003153731982e-06,0.00019999999494757503
5.304003154062944e-06,0.00015999999595806003
5.308003154393905e-06,0.00019999999494757503
5.312003154724867e-06,0.00015999999595806003
5.316003155055828e-06,0.00019999999494757503
5.3200031553867896e-06,0.00015999999595806003
5.324003155717751e-06,0.00015999999595806003
5.3280031560487125e-06,0.00015999999595806003
5.332003156379674e-06,0.00019999999494757503
5.3360031567106355e-06,0.00015999999595806003
5.340003157041597e-06,0.00019999999494757503
5.3440031573725585e-06,0.00015999999595806003
5.34800315770352e-06,0.00019999999494757503
5.352003158034481e-06,0.00015999999595806003
5.356003158365443e-06,0.00015999999595806003
5.360003158696404e-06,0.00015999999595806003
5.364003159027366e-06,0.00019999999494757503
5.368003159358327e-06,0.00015999999595806003
5.372003159689289e-06,0.00019999999494757503
5.37600316002025e-06,0.00015999999595806003
5.380003160351212e-06,0.00019999999494757503
5.384003160682173e-06,0.00015999999595806003
5.388003161013135e-06,0.00015999999595806003
5.392003161344096e-06,0.00015999999595806003
5.396003161675058e-06,0.00019999999494757503
5.400003162006019e-06,0.00015999999595806003
5.404003162336981e-06,0.00019999999494757503
5.408003162667942e-06,0.00015999999595806003
5.412003162998904e-06,0.00019999999494757503
5.416003163329865e-06,0.00015999999595806003
5.420003163660827e-06,0.00019999999494757503
5.424003163991788e-06,0.00019999999494757503
5.42800316432275e-06,0.00019999999494757503
5.432003164653711e-06,0.00015999999595806003
5.436003164984673e-06,0.00019999999494757503
5.440003165315634e-06,0.00015999999595806003
5.4440031656465956e-06,0.00015999999595806003
5.448003165977557e-06,0.00015999999595806003
5.4520031663085185e-06,0.00019999999494757503
5.45600316663948e-06,0.00015999999595806003
5.4600031669704415e-06,0.00019999999494757503
5.464003167301403e-06,0.00015999999595806003
5.4680031676323645e-06,0.00019999999494757503
5.472003167963326e-06,0.00015999999595806003
5.4760031682942874e-06,0.00015999999595806003
5.480003168625249e-06,0.00015999999595806003
5.48400316895621e-06,0.00015999999595806003
5.488003169287172e-06,0.00015999999595806003
5.492003169618133e-06,0.00019999999494757503
5.496003169949095e-06,0.00015999999595806003
5.500003170280056e-06,0.00015999999595806003
5.504003170611018e-06,0.00015999999595806003
5.508003170941979e-06,0.00019999999494757503
5.512003171272941e-06,0.00015999999595806003
5.516003171603902e-06,0.00019999999494757503
5.520003171934864e-06,0.00015999999595806003
5.524003172265825e-06,0.00015999999595806003
5.528003172596787e-06,0.00015999999595806003
5.532003172927748e-06,0.00015999999595806003
5.53600317325871e-06,0.00015999999595806003
5.540003173589671e-06,0.00019999999494757503
5.544003173920633e-06,0.00019999999494757503
5.548003174251594e-06,0.00019999999494757503
5.552003174582556e-06,0.00015999999595806003
5.556003174913517e-06,0.00019999999494757503
5.560003175244479e-06,0.00015999999595806003
5.56400317557544e-06,0.00015999999595806003
5.5680031759064016e-06,0.00015999999595806003
5.572003176237363e-06,0.00015999999595806003
5.5760031765683245e-06,0.00015999999595806003
5.580003176899286e-06,0.00019999999494757503
5.5840031772302475e-06,0.00015999999595806003
5.588003177561209e-06,0.00019999999494757503
5.5920031778921705e-06,0.00019999999494757503
5.596003178223132e-06,0.00019999999494757503
5.6000031785540934e-06,0.00015999999595806003
5.604003178885055e-06,0.00019999999494757503
5.608003179216016e-06,0.00015999999595806003
5.612003179546978e-06,0.00015999999595806003
5.616003179877939e-06,0.00015999999595806003
5.620003180208901e-06,0.00019999999494757503
5.624003180539862e-06,0.00019999999494757503
5.628003180870824e-06,0.00019999999494757503
5.632003181201785e-06,0.00015999999595806003
5.636003181532747e-06,0.00019999999494757503
5.640003181863708e-06,0.00015999999595806003
5.64400318219467e-06,0.00015999999595806003
5.648003182525631e-06,0.00015999999595806003
5.652003182856593e-06,0.00019999999494757503
5.656003183187554e-06,0.00015999999595806003
5.660003183518516e-06,0.00019999999494757503
5.664003183849477e-06,0.00015999999595806003
5.668003184180439e-06,0.00015999999595806003
5.6720031845114e-06,0.00015999999595806003
5.676003184842362e-06,0.00019999999494757503
5.680003185173323e-06,0.00015999999595806003
5.684003185504285e-06,0.00015999999595806003
5.688003185835246e-06,0.00015999999595806003
5.6920031861662076e-06,0.00019999999494757503
5.696003186497169e-06,0.00015999999595806003
5.7000031868281305e-06,0.00019999999494757503
5.704003187159092e-06,0.00015999999595806003
5.7080031874900535e-06,0.00019999999494757503
5.712003187821015e-06,0.00015999999595806003
5.7160031881519765e-06,0.00019999999494757503
5.720003188482938e-06,0.00015999999595806003
5.7240031888138994e-06,0.00019999999494757503
5.728003189144861e-06,0.00015999999595806003
5.732003189475822e-06,0.00015999999595806003
5.736003189806784e-06,0.00015999999595806003
5.740003190137745e-06,0.00015999999595806003
5.744003190468707e-06,0.00015999999595806003
5.748003190799668e-06,0.00019999999494757503
5.75200319113063e-06,0.00015999999595806003
5.756003191461591e-06,0.00015999999595806003
5.760003191792553e-06,0.00015999999595806003
5.764003192123514e-06,0.00015999999595806003
5.768003192454476e-06,0.00015999999595806003
5.772003192785437e-06,0.00015999999595806003
5.776003193116399e-06,0.00015999999595806003
5.78000319344736e-06,0.00015999999595806003
5.784003193778322e-06,0.00015999999595806003
5.788003194109283e-06,0.00019999999494757503
5.792003194440245e-06,0.00015999999595806003
5.796003194771206e-06,0.00015999999595806003
5.800003195102168e-06,0.00015999999595806003
5.804003195433129e-06,0.00015999999595806003
5.808003195764091e-06,0.00015999999595806003
5.812003196095052e-06,0.00015999999595806003
5.8160031964260136e-06,0.00015999999595806003
5.820003196756975e-06,0.00019999999494757503
5.8240031970879365e-06,0.00015999999595806003
5.828003197418898e-06,0.00015999999595806003
5.8320031977498595e-06,0.00015999999595806003
5.836003198080821e-06,0.00019999999494757503
5.8400031984117825e-06,0.00015999999595806003
5.844003198742744e-06,0.00015999999595806003
5.8480031990737054e-06,0.00015999999595806003
5.852003199404667e-06,0.00015999999595806003
5.856003199735628e-06,0.00015999999595806003
5.86000320006659e-06,0.00015999999595806003
5.864003200397551e-06,0.00015999999595806003
5.868003200728513e-06,0.00019999999494757503
5.872003201059474e-06,0.00015999999595806003
5.876003201390436e-06,0.00019999999494757503
5.880003201721397e-06,0.00015999999595806003
5.884003202052359e-06,0.00015999999595806003
5.88800320238332e-06,0.00015999999595806003
5.892003202714282e-06,0.00019999999494757503
5.896003203045243e-06,0.00015999999595806003
5.900003203376205e-06,0.00019999999494757503
5.904003203707166e-06,0.00015999999595806003
5.908003204038128e-06,0.00019999999494757503
5.912003204369089e-06,0.00015999999595806003
5.916003204700051e-06,0.00019999999494757503
5.920003205031012e-06,0.00015999999595806003
5.924003205361974e-06,0.00019999999494757503
5.928003205692935e-06,0.00015999999595806003
5.932003206023897e-06,0.00019999999494757503
5.936003206354858e-06,0.00015999999595806003
5.9400032066858196e-06,0.00019999999494757503
5.944003207016781e-06,0.00015999999595806003
5.9480032073477425e-06,0.00019999999494757503
5.952003207678704e-06,0.00015999999595806003
5.9560032080096655e-06,0.00015999999595806003
5.960003208340627e-06,0.00015999999595806003
5.9640032086715885e-06,0.00019999999494757503
5.96800320900255e-06,0.00015999999595806003
5.9720032093335114e-06,0.00019999999494757503
5.976003209664473e-06,0.00015999999595806003
5.980003209995434e-06,0.00019999999494757503
5.984003210326396e-06,0.00019999999494757503
5.988003210657357e-06,0.00019999999494757503
5.992003210988319e-06,0.00019999999494757503
5.99600321131928e-06,0.00019999999494757503
6.000003211650242e-06,0.00019999999494757503
6.004003211981203e-06,0.00019999999494757503
6.008003212312165e-06,0.00015999999595806003
6.012003212643126e-06,0.00015999999595806003
6.016003212974088e-06,0.00015999999595806003
6.020003213305049e-06,0.00019999999494757503
6.024003213636011e-06,0.00019999999494757503
6.028003213966972e-06,0.00019999999494757503
6.032003214297934e-06,0.00015999999595806003
6.036003214628895e-06,0.00019999999494757503
6.040003214959857e-06,0.00015999999595806003
6.044003215290818e-06,0.00019999999494757503
6.04800321562178e-06,0.00015999999595806003
6.052003215952741e-06,0.00015999999595806003
6.056003216283703e-06,0.00015999999595806003
6.060003216614664e-06,0.00019999999494757503
6.0640032169456256e-06,0.00015999999595806003
6.068003217276587e-06,0.00019999999494757503
6.0720032176075485e-06,0.00015999999595806003
6.07600321793851e-06,0.00019999999494757503
6.0800032182694715e-06,0.00015999999595806003
6.084003218600433e-06,0.00019999999494757503
6.0880032189313945e-06,0.00015999999595806003
6.092003219262356e-06,0.00019999999494757503
6.0960032195933174e-06,0.00015999999595806003
6.100003219924279e-06,0.00015999999595806003
6.10400322025524e-06,0.00015999999595806003
6.108003220586202e-06,0.00019999999494757503
6.112003220917163e-06,0.00015999999595806003
6.116003221248125e-06,0.00015999999595806003
6.120003221579086e-06,0.00015999999595806003
6.124003221910048e-06,0.00015999999595806003
6.128003222241009e-06,0.00015999999595806003
6.132003222571971e-06,0.00015999999595806003
6.136003222902932e-06,0.00015999999595806003
6.140003223233894e-06,0.00019999999494757503
6.144003223564855e-06,0.00015999999595806003
6.148003223895817e-06,0.00019999999494757503
6.152003224226778e-06,0.00015999999595806003
6.15600322455774e-06,0.00015999999595806003
6.160003224888701e-06,0.00015999999595806003
6.164003225219663e-06,0.00019999999494757503
6.168003225550624e-06,0.00015999999595806003
6.172003225881586e-06,0.00015999999595806003
6.176003226212547e-06,0.00015999999595806003
6.180003226543509e-06,0.00019999999494757503
6.18400322687447e-06,0.00015999999595806003
6.188003227205432e-06,0.00019999999494757503
6.192003227536393e-06,0.00015999999595806003
6.1960032278673545e-06,0.00019999999494757503
6.200003228198316e-06,0.00015999999595806003
6.2040032285292775e-06,0.00015999999595806003
6.208003228860239e-06,0.00015999999595806003
6.2120032291912005e-06,0.00015999999595806003
6.216003229522162e-06,0.00015999999595806003
6.2200032298531234e-06,0.00015999999595806003
6.224003230184085e-06,0.00015999999595806003
6.228003230515046e-06,0.00019999999494757503
6.232003230846008e-06,0.00015999999595806003
6.236003231176969e-06,0.00019999999494757503
6.240003231507931e-06,0.00015999999595806003
6.244003231838892e-06,0.00015999999595806003
6.248003232169854e-06,0.00015999999595806003
6.252003232500815e-06,0.00015999999595806003
6.256003232831777e-06,0.00015999999595806003
6.260003233162738e-06,0.00015999999595806003
6.2640032334937e-06,0.00015999999595806003
6.268003233824661e-06,0.00015999999595806003
6.272003234155623e-06,0.00015999999595806003
6.276003234486584e-06,0.00019999999494757503
6.280003234817546e-06,0.00019999999494757503
6.284003235148507e-06,0.00019999999494757503
6.288003235479469e-06,0.00015999999595806003
6.29200323581043e-06,0.00015999999595806003
6.296003236141392e-06,0.00015999999595806003
6.300003236472353e-06,0.00015999999595806003
6.304003236803315e-06,0.00019999999494757503
6.308003237134276e-06,0.00019999999494757503
6.312003237465238e-06,0.00019999999494757503
6.316003237796199e-06,0.00015999999595806003
6.3200032381271605e-06,0.00015999999595806003
6.324003238458122e-06,0.00019999999494757503
6.3280032387890835e-06,0.00019999999494757503
6.332003239120045e-06,0.00019999999494757503
6.3360032394510065e-06,0.00015999999595806003
6.340003239781968e-06,0.00015999999595806003
6.3440032401129295e-06,0.00015999999595806003
6.348003240443891e-06,0.00015999999595806003
6.352003240774852e-06,0.00015999999595806003
6.356003241105814e-06,0.00019999999494757503
6.360003241436775e-06,0.00019999999494757503
6.364003241767737e-06,0.00019999999494757503
6.368003242098698e-06,0.00015999999595806003
6.37200324242966e-06,0.00015999999595806003
6.376003242760621e-06,0.00015999999595806003
6.380003243091583e-06,0.00019999999494757503
6.384003243422544e-06,0.00015999999595806003
6.388003243753506e-06,0.00015999999595806003
6.392003244084467e-06,0.00015999999595806003
6.396003244415429e-06,0.00015999999595806003
6.40000324474639e-06,0.00015999999595806003
6.404003245077352e-06,0.00019999999494757503
6.408003245408313e-06,0.00019999999494757503
6.412003245739275e-06,0.00019999999494757503
6.416003246070236e-06,0.00015999999595806003
6.420003246401198e-06,0.00015999999595806003
6.424003246732159e-06,0.00015999999595806003
6.428003247063121e-06,0.00019999999494757503
6.432003247394082e-06,0.00015999999595806003
6.436003247725044e-06,0.00015999999595806003
6.440003248056005e-06,0.00019999999494757503
6.4440032483869666e-06,0.00019999999494757503
6.448003248717928e-06,0.00015999999595806003
6.4520032490488895e-06,0.00015999999595806003
6.456003249379851e-06,0.00015999999595806003
6.4600032497108125e-06,0.00019999999494757503
6.464003250041774e-06,0.00015999999595806003
6.4680032503727355e-06,0.00019999999494757503
6.472003250703697e-06,0.00015999999595806003
6.4760032510346584e-06,0.00015999999595806003
6.48000325136562e-06,0.00015999999595806003
6.484003251696581e-06,0.00015999999595806003
6.488003252027543e-06,0.00015999999595806003
6.492003252358504e-06,0.00015999999595806003
6.496003252689466e-06,0.00015999999595806003
6.500003253020427e-06,0.00015999999595806003
6.504003253351389e-06,0.00015999999595806003
6.50800325368235e-06,0.00019999999494757503
6.512003254013312e-06,0.00015999999595806003
6.516003254344273e-06,0.00019999999494757503
6.520003254675235e-06,0.00019999999494757503
6.524003255006196e-06,0.00015999999595806003
6.528003255337158e-06,0.00015999999595806003
6.532003255668119e-06,0.00019999999494757503
6.536003255999081e-06,0.00015999999595806003
6.540003256330042e-06,0.00015999999595806003
6.544003256661004e-06,0.00015999999595806003
6.548003256991965e-06,0.00015999999595806003
6.552003257322927e-06,0.00015999999595806003
6.556003257653888e-06,0.00015999999595806003
6.56000325798485e-06,0.00015999999595806003
6.564003258315811e-06,0.00015999999595806003
6.5680032586467726e-06,0.00019999999494757503
6.572003258977734e-06,0.00019999999494757503
6.5760032593086955e-06,0.00015999999595806003
6.580003259639657e-06,0.00015999999595806003
6.5840032599706185e-06,0.00015999999595806003
6.58800326030158e-06,0.00015999999595806003
6.5920032606325415e-06,0.00015999999595806003
6.596003260963503e-06,0.00019999999494757503
6.6000032612944644e-06,0.00015999999595806003
6.604003261625426e-06,0.00015999999595806003
6.608003261956387e-06,0.00015999999595806003
6.612003262287349e-06,0.00015999999595806003
6.61600326261831e-06,0.00015999999595806003
6.620003262949272e-06,0.00015999999595806003
6.624003263280233e-06,0.00015999999595806003
6.628003263611195e-06,0.00019999999494757503
6.632003263942156e-06,0.00015999999595806003
6.636003264273118e-06,0.00019999999494757503
6.640003264604079e-06,0.00015999999595806003
6.644003264935041e-06,0.00015999999595806003
6.648003265266002e-06,0.00015999999595806003
6.652003265596964e-06,0.00019999999494757503
6.656003265927925e-06,0.00015999999595806003
6.660003266258887e-06,0.00019999999494757503
6.664003266589848e-06,0.00015999999595806003
6.66800326692081e-06,0.00015999999595806003
6.672003267251771e-06,0.00015999999595806003
6.676003267582733e-06,0.00019999999494757503
6.680003267913694e-06,0.00015999999595806003
6.684003268244656e-06,0.00019999999494757503
6.688003268575617e-06,0.00015999999595806003
6.6920032689065786e-06,0.00015999999595806003
6.69600326923754e-06,0.00015999999595806003
6.7000032695685015e-06,0.00015999999595806003
6.704003269899463e-06,0.00015999999595806003
6.7080032702304245e-06,0.00015999999595806003
6.712003270561386e-06,0.00015999999595806003
6.7160032708923475e-06,0.00019999999494757503
6.720003271223309e-06,0.00015999999595806003
6.7240032715542704e-06,0.00019999999494757503
6.728003271885232e-06,0.00015999999595806003
6.732003272216193e-06,0.00015999999595806003
6.736003272547155e-06,0.00015999999595806003
6.740003272878116e-06,0.00015999999595806003
6.744003273209078e-06,0.00015999999595806003
6.748003273540039e-06,0.00015999999595806003
6.752003273871001e-06,0.00015999999595806003
6.756003274201962e-06,0.00015999999595806003
6.760003274532924e-06,0.00015999999595806003
6.764003274863885e-06,0.00015999999595806003
6.768003275194847e-06,0.00015999999595806003
6.772003275525808e-06,0.00019999999494757503
6.77600327585677e-06,0.00015999999595806003
6.780003276187731e-06,0.00019999999494757503
6.784003276518693e-06,0.00015999999595806003
6.788003276849654e-06,0.00015999999595806003
6.792003277180616e-06,0.00015999999595806003
6.796003277511577e-06,0.00015999999595806003
6.800003277842539e-06,0.00015999999595806003
6.8040032781735e-06,0.00015999999595806003
6.808003278504462e-06,0.00015999999595806003
6.812003278835423e-06,0.00019999999494757503
6.8160032791663846e-06,0.00015999999595806003
6.820003279497346e-06,0.00015999999595806003
6.8240032798283075e-06,0.00015999999595806003
6.828003280159269e-06,0.00019999999494757503
6.8320032804902305e-06,0.00015999999595806003
6.836003280821192e-06,0.00019999999494757503
6.8400032811521535e-06,0.00015999999595806003
6.844003281483115e-06,0.00015999999595806003
6.8480032818140764e-06,0.00015999999595806003
6.852003282145038e-06,0.00015999999595806003
6.856003282475999e-06,0.00015999999595806003
6.860003282806961e-06,0.00019999999494757503
6.864003283137922e-06,0.00015999999595806003
6.868003283468884e-06,0.00015999999595806003
6.872003283799845e-06,0.00015999999595806003
6.876003284130807e-06,0.00015999999595806003
6.880003284461768e-06,0.00015999999595806003
6.88400328479273e-06,0.00019999999494757503
6.888003285123691e-06,0.00015999999595806003
6.892003285454653e-06,0.00015999999595806003
6.896003285785614e-06,0.00015999999595806003
6.900003286116576e-06,0.00019999999494757503
6.904003286447537e-06,0.00015999999595806003
6.908003286778499e-06,0.00019999999494757503
6.91200328710946e-06,0.00015999999595806003
6.916003287440422e-06,0.00015999999595806003
6.920003287771383e-06,0.00015999999595806003
6.924003288102345e-06,0.00015999999595806003
6.928003288433306e-06,0.00015999999595806003
6.932003288764268e-06,0.00015999999595806003
6.936003289095229e-06,0.00015999999595806003
6.9400032894261906e-06,0.00019999999494757503
6.944003289757152e-06,0.00015999999595806003
6.9480032900881135e-06,0.00015999999595806003
6.952003290419075e-06,0.00015999999595806003
6.9560032907500365e-06,0.00019999999494757503
6.960003291080998e-06,0.00019999999494757503
6.9640032914119595e-06,0.00019999999494757503
6.968003291742921e-06,0.00019999999494757503
6.9720032920738824e-06,0.00019999999494757503
6.976003292404844e-06,0.00015999999595806003
6.980003292735805e-06,0.00015999999595806003
6.984003293066767e-06,0.00015999999595806003
6.988003293397728e-06,0.00015999999595806003
6.99200329372869e-06,0.00015999999595806003
6.996003294059651e-06,0.00015999999595806003
7.000003294390613e-06,0.00015999999595806003
7.004003294721574e-06,0.00019999999494757503
7.008003295052536e-06,0.00015999999595806003
7.012003295383497e-06,0.00019999999494757503
7.016003295714459e-06,0.00019999999494757503
7.02000329604542e-06,0.00015999999595806003
7.024003296376382e-06,0.00015999999595806003
7.028003296707343e-06,0.00015999999595806003
7.032003297038305e-06,0.00015999999595806003
7.036003297369266e-06,0.00019999999494757503
7.040003297700228e-06,0.00019999999494757503
7.044003298031189e-06,0.00019999999494757503
7.048003298362151e-06,0.00015999999595806003
7.052003298693112e-06,0.00015999999595806003
7.056003299024074e-06,0.00015999999595806003
7.060003299355035e-06,0.00019999999494757503
7.0640032996859966e-06,0.00015999999595806003
7.068003300016958e-06,0.00015999999595806003
7.0720033003479195e-06,0.00015999999595806003
7.076003300678881e-06,0.00015999999595806003
7.0800033010098425e-06,0.00015999999595806003
7.084003301340804e-06,0.00019999999494757503
7.0880033016717655e-06,0.00015999999595806003
7.092003302002727e-06,0.00019999999494757503
7.0960033023336884e-06,0.00015999999595806003
7.10000330266465e-06,0.00019999999494757503
7.104003302995611e-06,0.00015999999595806003
7.108003303326573e-06,0.00019999999494757503
7.112003303657534e-06,0.00015999999595806003
7.116003303988496e-06,0.00015999999595806003
7.120003304319457e-06,0.00015999999595806003
7.124003304650419e-06,0.00015999999595806003
7.12800330498138e-06,0.00015999999595806003
7.132003305312342e-06,0.00019999999494757503
7.136003305643303e-06,0.00019999999494757503
7.140003305974265e-06,0.00019999999494757503
7.144003306305226e-06,0.00015999999595806003
7.148003306636188e-06,0.00015999999595806003
7.152003306967149e-06,0.00015999999595806003
7.156003307298111e-06,0.00015999999595806003
7.160003307629072e-06,0.00015999999595806003
7.164003307960034e-06,0.00015999999595806003
7.168003308290995e-06,0.00015999999595806003
7.172003308621957e-06,0.00019999999494757503
7.176003308952918e-06,0.00015999999595806003
7.18000330928388e-06,0.00015999999595806003
7.184003309614841e-06,0.00015999999595806003
7.188003309945803e-06,0.00015999999595806003
7.192003310276764e-06,0.00015999999595806003
7.1960033106077255e-06,0.00019999999494757503
7.200003310938687e-06,0.00015999999595806003
7.2040033112696485e-06,0.00019999999494757503
7.20800331160061e-06,0.00015999999595806003
7.2120033119315715e-06,0.00015999999595806003
7.216003312262533e-06,0.00015999999595806003
7.2200033125934944e-06,0.00019999999494757503
7.224003312924456e-06,0.00015999999595806003
7.228003313255417e-06,0.00015999999595806003
7.232003313586379e-06,0.00015999999595806003
7.23600331391734e-06,0.00019999999494757503
7.240003314248302e-06,0.00015999999595806003
7.244003314579263e-06,0.00019999999494757503
7.248003314910225e-06,0.00015999999595806003
7.252003315241186e-06,0.00019999999494757503
7.256003315572148e-06,0.00015999999595806003
7.260003315903109e-06,0.00019999999494757503
7.264003316234071e-06,0.00015999999595806003
7.268003316565032e-06,0.00015999999595806003
7.272003316895994e-06,0.00015999999595806003
7.276003317226955e-06,0.00015999999595806003
7.280003317557917e-06,0.00015999999595806003
7.284003317888878e-06,0.00015999999595806003
7.28800331821984e-06,0.00015999999595806003
7.292003318550801e-06,0.00019999999494757503
7.296003318881763e-06,0.00015999999595806003
7.300003319212724e-06,0.00019999999494757503
7.304003319543686e-06,0.00015999999595806003
7.308003319874647e-06,0.00015999999595806003
7.312003320205609e-06,0.00015999999595806003
7.31600332053657e-06,0.00019999999494757503
7.3200033208675315e-06,0.00015999999595806003
7.324003321198493e-06,0.00019999999494757503
7.3280033215294545e-06,0.00015999999595806003
7.332003321860416e-06,0.00015999999595806003
7.3360033221913775e-06,0.00015999999595806003
7.340003322522339e-06,0.00019999999494757503
7.3440033228533005e-06,0.00015999999595806003
7.348003323184262e-06,0.00015999999595806003
7.352003323515223e-06,0.00015999999595806003
7.356003323846185e-06,0.00015999999595806003
7.360003324177146e-06,0.00011999999696854502
7.364003324508108e-06,0.00015999999595806003
7.368003324839069e-06,0.00015999999595806003
7.372003325170031e-06,0.00015999999595806003
7.376003325500992e-06,0.00015999999595806003
7.380003325831954e-06,0.00019999999494757503
7.384003326162915e-06,0.00019999999494757503
7.388003326493877e-06,0.00019999999494757503
7.392003326824838e-06,0.00015999999595806003
7.3960033271558e-06,0.00015999999595806003
7.400003327486761e-06,0.00015999999595806003
7.404003327817723e-06,0.00015999999595806003
7.408003328148684e-06,0.00015999999595806003
7.412003328479646e-06,0.00015999999595806003
7.416003328810607e-06,0.00015999999595806003
7.420003329141569e-06,0.00019999999494757503
7.42400332947253e-06,0.00015999999595806003
7.428003329803492e-06,0.00015999999595806003
7.432003330134453e-06,0.00015999999595806003
7.436003330465415e-06,0.00015999999595806003
7.440003330796376e-06,0.00015999999595806003
7.4440033311273376e-06,0.00019999999494757503
7.448003331458299e-06,0.00015999999595806003
7.4520033317892605e-06,0.00015999999595806003
7.456003332120222e-06,0.00015999999595806003
7.4600033324511835e-06,0.00019999999494757503
7.464003332782145e-06,0.00015999999595806003
7.4680033331131065e-06,0.00019999999494757503
7.472003333444068e-06,0.00015999999595806003
7.4760033337750294e-06,0.00015999999595806003
7.480003334105991e-06,0.00015999999595806003
7.484003334436952e-06,0.00015999999595806003
7.488003334767914e-06,0.00015999999595806003
7.492003335098875e-06,0.00015999999595806003
7.496003335429837e-06,0.00015999999595806003
7.500003335760798e-06,0.00019999999494757503
7.50400333609176e-06,0.00015999999595806003
7.508003336422721e-06,0.00015999999595806003
7.512003336753683e-06,0.00015999999595806003
7.516003337084644e-06,0.00019999999494757503
7.520003337415606e-06,0.00015999999595806003
7.524003337746567e-06,0.00015999999595806003
7.528003338077529e-06,0.00015999999595806003
7.53200333840849e-06,0.00019999999494757503
7.536003338739452e-06,0.00019999999494757503
7.540003339070413e-06,0.00019999999494757503
7.544003339401375e-06,0.00015999999595806003
7.548003339732336e-06,0.00019999999494757503
7.552003340063298e-06,0.00015999999595806003
7.556003340394259e-06,0.00015999999595806003
7.560003340725221e-06,0.00015999999595806003
7.564003341056182e-06,0.00019999999494757503
7.5680033413871436e-06,0.00015999999595806003
7.572003341718105e-06,0.00019999999494757503
7.5760033420490665e-06,0.00015999999595806003
7.580003342380028e-06,0.00019999999494757503
7.5840033427109895e-06,0.00015999999595806003
7.588003343041951e-06,0.00015999999595806003
7.5920033433729125e-06,0.00015999999595806003
7.596003343703874e-06,0.00015999999595806003
7.6000033440348354e-06,0.00015999999595806003
7.604003344365797e-06,0.00019999999494757503
7.608003344696758e-06,0.00015999999595806003
7.61200334502772e-06,0.00015999999595806003
7.616003345358681e-06,0.00015999999595806003
7.620003345689643e-06,0.00019999999494757503
7.624003346020604e-06,0.00015999999595806003
7.628003346351566e-06,0.00015999999595806003
7.632003346682527e-06,0.00015999999595806003
7.636003347013489e-06,0.00015999999595806003
7.64000334734445e-06,0.00015999999595806003
7.644003347675412e-06,0.00015999999595806003
7.648003348006373e-06,0.00015999999595806003
7.652003348337335e-06,0.00019999999494757503
7.656003348668296e-06,0.00015999999595806003
7.660003348999258e-06,0.00019999999494757503
7.66400334933022e-06,0.00015999999595806003
7.66800334966118e-06,0.00015999999595806003
7.672003349992142e-06,0.00015999999595806003
7.676003350323104e-06,0.00015999999595806003
7.680003350654065e-06,0.00015999999595806003
7.684003350985027e-06,0.00019999999494757503
7.688003351315988e-06,0.00015999999595806003
7.69200335164695e-06,0.00015999999595806003
7.696003351977911e-06,0.00015999999595806003
7.700003352308873e-06,0.00019999999494757503
7.704003352639834e-06,0.00019999999494757503
7.708003352970795e-06,0.00019999999494757503
7.712003353301757e-06,0.00015999999595806003
7.716003353632718e-06,0.00015999999595806003
7.72000335396368e-06,0.00015999999595806003
7.724003354294641e-06,0.00015999999595806003
7.728003354625603e-06,0.00015999999595806003
7.732003354956564e-06,0.00019999999494757503
7.736003355287526e-06,0.00019999999494757503
7.740003355618487e-06,0.00019999999494757503
7.744003355949449e-06,0.00019999999494757503
7.74800335628041e-06,0.00019999999494757503
7.752003356611372e-06,0.00019999999494757503
7.756003356942333e-06,0.00019999999494757503
7.760003357273295e-06,0.00019999999494757503
7.764003357604256e-06,0.00019999999494757503
7.768003357935218e-06,0.00015999999595806003
7.77200335826618e-06,0.00015999999595806003
7.77600335859714e-06,0.00015999999595806003
7.780003358928102e-06,0.00019999999494757503
7.784003359259064e-06,0.00015999999595806003
7.788003359590025e-06,0.00019999999494757503
7.792003359920987e-06,0.00015999999595806003
7.796003360251948e-06,0.00019999999494757503
7.80000336058291e-06,0.00015999999595806003
7.804003360913871e-06,0.00015999999595806003
7.808003361244833e-06,0.00015999999595806003
7.812003361575794e-06,0.00015999999595806003
7.816003361906756e-06,0.00015999999595806003
7.820003362237717e-06,0.00015999999595806003
7.824003362568679e-06,0.00015999999595806003
7.82800336289964e-06,0.00019999999494757503
7.832003363230602e-06,0.00015999999595806003
7.836003363561563e-06,0.00015999999595806003
7.840003363892524e-06,0.00015999999595806003
7.844003364223486e-06,0.00019999999494757503
7.848003364554447e-06,0.00015999999595806003
7.852003364885409e-06,0.00015999999595806003
7.85600336521637e-06,0.00015999999595806003
7.860003365547332e-06,0.00019999999494757503
7.864003365878293e-06,0.00015999999595806003
7.868003366209255e-06,0.00019999999494757503
7.872003366540216e-06,0.00015999999595806003
7.876003366871178e-06,0.00015999999595806003
7.88000336720214e-06,0.00015999999595806003
7.8840033675331e-06,0.00015999999595806003
7.888003367864062e-06,0.00015999999595806003
7.892003368195024e-06,0.00015999999595806003
7.896003368525985e-06,0.00015999999595806003
7.900003368856947e-06,0.00015999999595806003
7.904003369187908e-06,0.00015999999595806003
7.90800336951887e-06,0.00019999999494757503
7.912003369849831e-06,0.00015999999595806003
7.916003370180793e-06,0.00015999999595806003
7.920003370511754e-06,0.00015999999595806003
7.924003370842716e-06,0.00019999999494757503
7.928003371173677e-06,0.00015999999595806003
7.932003371504639e-06,0.00015999999595806003
7.9360033718356e-06,0.00015999999595806003
7.940003372166562e-06,0.00015999999595806003
7.944003372497523e-06,0.00015999999595806003
7.948003372828485e-06,0.00019999999494757503
7.952003373159446e-06,0.00015999999595806003
7.956003373490408e-06,0.00015999999595806003
7.960003373821369e-06,0.00015999999595806003
7.96400337415233e-06,0.00019999999494757503
7.968003374483292e-06,0.00015999999595806003
7.972003374814253e-06,0.00015999999595806003
7.976003375145215e-06,0.00015999999595806003
7.980003375476176e-06,0.00015999999595806003
7.984003375807138e-06,0.00015999999595806003
7.9880033761381e-06,0.00019999999494757503
7.992003376469061e-06,0.00015999999595806003
7.996003376800022e-06,0.00015999999595806003
8.000003377130984e-06,0.00015999999595806003
8.004003377461945e-06,0.00019999999494757503
8.008003377792907e-06,0.00015999999595806003
8.012003378123868e-06,0.00019999999494757503
8.01600337845483e-06,0.00019999999494757503
8.020003378785791e-06,0.00019999999494757503
8.024003379116753e-06,0.00019999999494757503
8.028003379447714e-06,0.00019999999494757503
8.032003379778676e-06,0.00015999999595806003
8.036003380109637e-06,0.00015999999595806003
8.040003380440599e-06,0.00015999999595806003
8.04400338077156e-06,0.00015999999595806003
8.048003381102522e-06,0.00015999999595806003
8.052003381433483e-06,0.00019999999494757503
8.056003381764445e-06,0.00015999999595806003
8.060003382095406e-06,0.00019999999494757503
8.064003382426368e-06,0.00019999999494757503
8.068003382757329e-06,0.00019999999494757503
8.07200338308829e-06,0.00015999999595806003
8.076003383419252e-06,0.00015999999595806003
8.080003383750214e-06,0.00015999999595806003
8.084003384081175e-06,0.00015999999595806003
8.088003384412136e-06,0.00015999999595806003
8.092003384743098e-06,0.00019999999494757503
8.09600338507406e-06,0.00015999999595806003
8.100003385405021e-06,0.00015999999595806003
8.104003385735982e-06,0.00015999999595806003
8.108003386066944e-06,0.00019999999494757503
8.112003386397905e-06,0.00015999999595806003
8.116003386728867e-06,0.00019999999494757503
8.120003387059828e-06,0.00015999999595806003
8.12400338739079e-06,0.00015999999595806003
8.128003387721751e-06,0.00015999999595806003
8.132003388052713e-06,0.00019999999494757503
8.136003388383674e-06,0.00019999999494757503
8.140003388714636e-06,0.00019999999494757503
8.144003389045597e-06,0.00019999999494757503
8.148003389376559e-06,0.00015999999595806003
8.15200338970752e-06,0.00015999999595806003
8.156003390038482e-06,0.00015999999595806003
8.160003390369443e-06,0.00015999999595806003
8.164003390700405e-06,0.00015999999595806003
8.168003391031366e-06,0.00015999999595806003
8.172003391362328e-06,0.00015999999595806003
8.176003391693289e-06,0.00015999999595806003
8.18000339202425e-06,0.00015999999595806003
8.184003392355212e-06,0.00019999999494757503
8.188003392686174e-06,0.00023999999393709004
8.192003393017135e-06,0.00019999999494757503
8.196003393348097e-06,0.00019999999494757503
8.200003393679058e-06,0.00019999999494757503
8.20400339401002e-06,0.00015999999595806003
8.208003394340981e-06,0.00015999999595806003
8.212003394671942e-06,0.00015999999595806003
8.216003395002904e-06,0.00015999999595806003
8.220003395333865e-06,0.00015999999595806003
8.224003395664827e-06,0.00015999999595806003
8.228003395995788e-06,0.00015999999595806003
8.23200339632675e-06,0.00015999999595806003
8.236003396657711e-06,0.00015999999595806003
8.240003396988673e-06,0.00019999999494757503
8.244003397319634e-06,0.00019999999494757503
8.248003397650596e-06,0.00015999999595806003
8.252003397981557e-06,0.00015999999595806003
8.256003398312519e-06,0.00015999999595806003
8.26000339864348e-06,0.00015999999595806003
8.264003398974442e-06,0.00015999999595806003
8.268003399305403e-06,0.00015999999595806003
8.272003399636365e-06,0.00015999999595806003
8.276003399967326e-06,0.00019999999494757503
8.280003400298288e-06,0.00015999999595806003
8.28400340062925e-06,0.00015999999595806003
8.28800340096021e-06,0.00015999999595806003
8.292003401291172e-06,0.00015999999595806003
8.296003401622134e-06,0.00015999999595806003
8.300003401953095e-06,0.00015999999595806003
8.304003402284057e-06,0.00015999999595806003
8.308003402615018e-06,0.00019999999494757503
8.31200340294598e-06,0.00015999999595806003
8.316003403276941e-06,0.00019999999494757503
8.320003403607903e-06,0.00015999999595806003
8.324003403938864e-06,0.00019999999494757503
8.328003404269826e-06,0.00015999999595806003
8.332003404600787e-06,0.00015999999595806003
8.336003404931748e-06,0.00015999999595806003
8.34000340526271e-06,0.00015999999595806003
8.344003405593671e-06,0.00015999999595806003
8.348003405924633e-06,0.00015999999595806003
8.352003406255594e-06,0.00015999999595806003
8.356003406586556e-06,0.00019999999494757503
8.360003406917517e-06,0.00019999999494757503
8.364003407248479e-06,0.00015999999595806003
8.36800340757944e-06,0.00015999999595806003
8.372003407910402e-06,0.00019999999494757503
8.376003408241363e-06,0.00015999999595806003
8.380003408572325e-06,0.00015999999595806003
8.384003408903286e-06,0.00015999999595806003
8.388003409234248e-06,0.00015999999595806003
8.39200340956521e-06,0.00015999999595806003
8.39600340989617e-06,0.00015999999595806003
8.400003410227132e-06,0.00015999999595806003
8.404003410558094e-06,0.00019999999494757503
8.408003410889055e-06,0.00015999999595806003
8.412003411220017e-06,0.00015999999595806003
8.416003411550978e-06,0.00015999999595806003
8.42000341188194e-06,0.00019999999494757503
8.424003412212901e-06,0.00015999999595806003
8.428003412543863e-06,0.00019999999494757503
8.432003412874824e-06,0.00015999999595806003
8.436003413205786e-06,0.00019999999494757503
8.440003413536747e-06,0.00015999999595806003
8.444003413867709e-06,0.00015999999595806003
8.44800341419867e-06,0.00015999999595806003
8.452003414529632e-06,0.00015999999595806003
8.456003414860593e-06,0.00015999999595806003
8.460003415191554e-06,0.00015999999595806003
8.464003415522516e-06,0.00015999999595806003
8.468003415853477e-06,0.00019999999494757503
8.472003416184439e-06,0.00015999999595806003
8.4760034165154e-06,0.00015999999595806003
8.480003416846362e-06,0.00015999999595806003
8.484003417177323e-06,0.00015999999595806003
8.488003417508285e-06,0.00015999999595806003
8.492003417839246e-06,0.00019999999494757503
8.496003418170208e-06,0.00019999999494757503
8.50000341850117e-06,0.00019999999494757503
8.50400341883213e-06,0.00019999999494757503
8.508003419163092e-06,0.00015999999595806003
8.512003419494054e-06,0.00015999999595806003
8.516003419825015e-06,0.00019999999494757503
8.520003420155977e-06,0.00015999999595806003
8.524003420486938e-06,0.00015999999595806003
8.5280034208179e-06,0.00015999999595806003
8.532003421148861e-06,0.00015999999595806003
8.536003421479823e-06,0.00015999999595806003
8.540003421810784e-06,0.00015999999595806003
8.544003422141746e-06,0.00015999999595806003
8.548003422472707e-06,0.00019999999494757503
8.552003422803669e-06,0.00015999999595806003
8.55600342313463e-06,0.00019999999494757503
8.560003423465592e-06,0.00015999999595806003
8.564003423796553e-06,0.00019999999494757503
8.568003424127515e-06,0.00015999999595806003
8.572003424458476e-06,0.00015999999595806003
8.576003424789438e-06,0.00015999999595806003
8.580003425120399e-06,0.00019999999494757503
8.58400342545136e-06,0.00015999999595806003
8.588003425782322e-06,0.00015999999595806003
8.592003426113283e-06,0.00015999999595806003
8.596003426444245e-06,0.00019999999494757503
8.600003426775206e-06,0.00015999999595806003
8.604003427106168e-06,0.00015999999595806003
8.60800342743713e-06,0.00015999999595806003
8.612003427768091e-06,0.00015999999595806003
8.616003428099052e-06,0.00015999999595806003
8.620003428430014e-06,0.00015999999595806003
8.624003428760975e-06,0.00015999999595806003
8.628003429091937e-06,0.00019999999494757503
8.632003429422898e-06,0.00015999999595806003
8.63600342975386e-06,0.00019999999494757503
8.640003430084821e-06,0.00015999999595806003
8.644003430415783e-06,0.00019999999494757503
8.648003430746744e-06,0.00011999999696854502
8.652003431077706e-06,0.00015999999595806003
8.656003431408667e-06,0.00015999999595806003
8.660003431739629e-06,0.00015999999595806003
8.66400343207059e-06,0.00015999999595806003
8.668003432401552e-06,0.00019999999494757503
8.672003432732513e-06,0.00015999999595806003
8.676003433063475e-06,0.00019999999494757503
8.680003433394436e-06,0.00015999999595806003
8.684003433725398e-06,0.00019999999494757503
8.688003434056359e-06,0.00015999999595806003
8.69200343438732e-06,0.00015999999595806003
8.696003434718282e-06,0.00015999999595806003
8.700003435049244e-06,0.00015999999595806003
8.704003435380205e-06,0.00015999999595806003
8.708003435711166e-06,0.00015999999595806003
8.712003436042128e-06,0.00019999999494757503
8.71600343637309e-06,0.00019999999494757503
8.720003436704051e-06,0.00015999999595806003
8.724003437035012e-06,0.00019999999494757503
8.728003437365974e-06,0.00015999999595806003
8.732003437696935e-06,0.00015999999595806003
8.736003438027897e-06,0.00015999999595806003
8.740003438358858e-06,0.00015999999595806003
8.74400343868982e-06,0.00015999999595806003
8.748003439020781e-06,0.00015999999595806003
8.752003439351743e-06,0.00015999999595806003
8.756003439682704e-06,0.00015999999595806003
8.760003440013666e-06,0.00015999999595806003
8.764003440344627e-06,0.00015999999595806003
8.768003440675589e-06,0.00015999999595806003
8.77200344100655e-06,0.00015999999595806003
8.776003441337512e-06,0.00015999999595806003
8.780003441668473e-06,0.00015999999595806003
8.784003441999435e-06,0.00015999999595806003
8.788003442330396e-06,0.00015999999595806003
8.792003442661358e-06,0.00015999999595806003
8.796003442992319e-06,0.00015999999595806003
8.80000344332328e-06,0.00015999999595806003
8.804003443654242e-06,0.00019999999494757503
8.808003443985204e-06,0.00015999999595806003
8.812003444316165e-06,0.00015999999595806003
8.816003444647127e-06,0.00015999999595806003
8.820003444978088e-06,0.00015999999595806003
8.82400344530905e-06,0.00015999999595806003
8.828003445640011e-06,0.00015999999595806003
8.832003445970972e-06,0.00015999999595806003
8.836003446301934e-06,0.00019999999494757503
8.840003446632895e-06,0.00015999999595806003
8.844003446963857e-06,0.00019999999494757503
8.848003447294818e-06,0.00015999999595806003
8.85200344762578e-06,0.00015999999595806003
8.856003447956741e-06,0.00015999999595806003
8.860003448287703e-06,0.00015999999595806003
8.864003448618664e-06,0.00015999999595806003
8.868003448949626e-06,0.00015999999595806003
8.872003449280587e-06,0.00015999999595806003
8.876003449611549e-06,0.00019999999494757503
8.88000344994251e-06,0.00015999999595806003
8.884003450273472e-06,0.00019999999494757503
8.888003450604433e-06,0.00015999999595806003
8.892003450935395e-06,0.00019999999494757503
8.896003451266356e-06,0.00015999999595806003
8.900003451597318e-06,0.00015999999595806003
8.90400345192828e-06,0.00011999999696854502
8.90800345225924e-06,0.00015999999595806003
8.912003452590202e-06,0.00015999999595806003
8.916003452921164e-06,0.00015999999595806003
8.920003453252125e-06,0.00015999999595806003
8.924003453583087e-06,0.00019999999494757503
8.928003453914048e-06,0.00015999999595806003
8.93200345424501e-06,0.00019999999494757503
8.936003454575971e-06,0.00019999999494757503
8.940003454906933e-06,0.00019999999494757503
8.944003455237894e-06,0.00015999999595806003
8.948003455568856e-06,0.00019999999494757503
8.952003455899817e-06,0.00015999999595806003
8.956003456230779e-06,0.00015999999595806003
8.96000345656174e-06,0.00019999999494757503
8.964003456892701e-06,0.00019999999494757503
8.968003457223663e-06,0.00015999999595806003
8.972003457554624e-06,0.00015999999595806003
8.976003457885586e-06,0.00015999999595806003
8.980003458216547e-06,0.00015999999595806003
8.984003458547509e-06,0.00015999999595806003
8.98800345887847e-06,0.00015999999595806003
8.992003459209432e-06,0.00015999999595806003
8.996003459540393e-06,0.00015999999595806003
9.000003459871355e-06,0.00015999999595806003
9.004003460202316e-06,0.00019999999494757503
9.008003460533278e-06,0.00015999999595806003
9.01200346086424e-06,0.00015999999595806003
9.0160034611952e-06,0.00015999999595806003
9.020003461526162e-06,0.00015999999595806003
9.024003461857124e-06,0.00015999999595806003
9.028003462188085e-06,0.00015999999595806003
9.032003462519047e-06,0.00015999999595806003
9.036003462850008e-06,0.00019999999494757503
9.04000346318097e-06,0.00015999999595806003
9.044003463511931e-06,0.00019999999494757503
9.048003463842893e-06,0.00015999999595806003
9.052003464173854e-06,0.00015999999595806003
9.056003464504816e-06,0.00015999999595806003
9.060003464835777e-06,0.00015999999595806003
9.064003465166739e-06,0.00015999999595806003
9.0680034654977e-06,0.00015999999595806003
9.072003465828662e-06,0.00015999999595806003
9.076003466159623e-06,0.00019999999494757503
9.080003466490585e-06,0.00019999999494757503
9.084003466821546e-06,0.00019999999494757503
9.088003467152507e-06,0.00015999999595806003
9.092003467483469e-06,0.00015999999595806003
9.09600346781443e-06,0.00015999999595806003
9.100003468145392e-06,0.00015999999595806003
9.104003468476353e-06,0.00015999999595806003
9.108003468807315e-06,0.00015999999595806003
9.112003469138276e-06,0.00015999999595806003
9.116003469469238e-06,0.00019999999494757503
9.1200034698002e-06,0.00015999999595806003
9.12400347013116e-06,0.00015999999595806003
9.128003470462122e-06,0.00015999999595806003
9.132003470793084e-06,0.00015999999595806003
9.136003471124045e-06,0.00015999999595806003
9.140003471455007e-06,0.00015999999595806003
9.144003471785968e-06,0.00015999999595806003
9.14800347211693e-06,0.00015999999595806003
9.152003472447891e-06,0.00015999999595806003
9.156003472778853e-06,0.00015999999595806003
9.160003473109814e-06,0.00015999999595806003
9.164003473440776e-06,0.00019999999494757503
9.168003473771737e-06,0.00015999999595806003
9.172003474102699e-06,0.00019999999494757503
9.17600347443366e-06,0.00015999999595806003
9.180003474764622e-06,0.00019999999494757503
9.184003475095583e-06,0.00015999999595806003
9.188003475426545e-06,0.00015999999595806003
9.192003475757506e-06,0.00015999999595806003
9.196003476088468e-06,0.00015999999595806003
9.200003476419429e-06,0.00015999999595806003
9.20400347675039e-06,0.00015999999595806003
9.208003477081352e-06,0.00015999999595806003
9.212003477412313e-06,0.00019999999494757503
9.216003477743275e-06,0.00015999999595806003
9.220003478074236e-06,0.00019999999494757503
9.224003478405198e-06,0.00015999999595806003
9.22800347873616e-06,0.00015999999595806003
9.232003479067121e-06,0.00015999999595806003
9.236003479398082e-06,0.00019999999494757503
9.240003479729044e-06,0.00015999999595806003
9.244003480060005e-06,0.00015999999595806003
9.248003480390967e-06,0.00015999999595806003
9.252003480721928e-06,0.00015999999595806003
9.25600348105289e-06,0.00015999999595806003
9.260003481383851e-06,0.00015999999595806003
9.264003481714813e-06,0.00015999999595806003
9.268003482045774e-06,0.00015999999595806003
9.272003482376736e-06,0.00015999999595806003
9.276003482707697e-06,0.00019999999494757503
9.280003483038659e-06,0.00015999999595806003
9.28400348336962e-06,0.00019999999494757503
9.288003483700582e-06,0.00015999999595806003
9.292003484031543e-06,0.00015999999595806003
9.296003484362505e-06,0.00015999999595806003
9.300003484693466e-06,0.00015999999595806003
9.304003485024428e-06,0.00015999999595806003
9.308003485355389e-06,0.00019999999494757503
9.31200348568635e-06,0.00015999999595806003
9.316003486017312e-06,0.00019999999494757503
9.320003486348274e-06,0.00015999999595806003
9.324003486679235e-06,0.00019999999494757503
9.328003487010197e-06,0.00019999999494757503
9.332003487341158e-06,0.00019999999494757503
9.33600348767212e-06,0.00015999999595806003
9.340003488003081e-06,0.00015999999595806003
9.344003488334042e-06,0.00015999999595806003
9.348003488665004e-06,0.00015999999595806003
9.352003488995965e-06,0.00015999999595806003
9.356003489326927e-06,0.00015999999595806003
9.360003489657888e-06,0.00015999999595806003
9.36400348998885e-06,0.00019999999494757503
9.368003490319811e-06,0.00015999999595806003
9.372003490650773e-06,0.00019999999494757503
9.376003490981734e-06,0.00019999999494757503
9.380003491312696e-06,0.00019999999494757503
9.384003491643657e-06,0.00015999999595806003
9.388003491974619e-06,0.00019999999494757503
9.39200349230558e-06,0.00015999999595806003
9.396003492636542e-06,0.00019999999494757503
9.400003492967503e-06,0.00015999999595806003
9.404003493298465e-06,0.00015999999595806003
9.408003493629426e-06,0.00015999999595806003
9.412003493960388e-06,0.00015999999595806003
9.41600349429135e-06,0.00015999999595806003
9.42000349462231e-06,0.00015999999595806003
9.424003494953272e-06,0.00015999999595806003
9.428003495284234e-06,0.00019999999494757503
9.432003495615195e-06,0.00019999999494757503
9.436003495946157e-06,0.00019999999494757503
9.440003496277118e-06,0.00015999999595806003
9.44400349660808e-06,0.00019999999494757503
9.448003496939041e-06,0.00015999999595806003
9.452003497270003e-06,0.00019999999494757503
9.456003497600964e-06,0.00015999999595806003
9.460003497931925e-06,0.00019999999494757503
9.464003498262887e-06,0.00015999999595806003
9.468003498593848e-06,0.00015999999595806003
9.47200349892481e-06,0.00015999999595806003
9.476003499255771e-06,0.00015999999595806003
9.480003499586733e-06,0.00015999999595806003
9.484003499917694e-06,0.00015999999595806003
9.488003500248656e-06,0.00015999999595806003
9.492003500579617e-06,0.00019999999494757503
9.496003500910579e-06,0.00015999999595806003
9.50000350124154e-06,0.00019999999494757503
9.504003501572502e-06,0.00015999999595806003
9.508003501903463e-06,0.00015999999595806003
9.512003502234425e-06,0.00015999999595806003
9.516003502565386e-06,0.00019999999494757503
9.520003502896348e-06,0.00015999999595806003
9.52400350322731e-06,0.00019999999494757503
9.52800350355827e-06,0.00015999999595806003
9.532003503889232e-06,0.00015999999595806003
9.536003504220194e-06,0.00015999999595806003
9.540003504551155e-06,0.00015999999595806003
9.544003504882117e-06,0.00015999999595806003
9.548003505213078e-06,0.00015999999595806003
9.55200350554404e-06,0.00015999999595806003
9.556003505875001e-06,0.00019999999494757503
9.560003506205963e-06,0.00015999999595806003
9.564003506536924e-06,0.00019999999494757503
9.568003506867886e-06,0.00015999999595806003
9.572003507198847e-06,0.00019999999494757503
9.576003507529809e-06,0.00015999999595806003
9.58000350786077e-06,0.00015999999595806003
9.584003508191731e-06,0.00015999999595806003
9.588003508522693e-06,0.00019999999494757503
9.592003508853654e-06,0.00015999999595806003
9.596003509184616e-06,0.00015999999595806003
9.600003509515577e-06,0.00015999999595806003
9.604003509846539e-06,0.00015999999595806003
9.6080035101775e-06,0.00015999999595806003
9.612003510508462e-06,0.00019999999494757503
9.616003510839423e-06,0.00015999999595806003
9.620003511170385e-06,0.00019999999494757503
9.624003511501346e-06,0.00015999999595806003
9.628003511832308e-06,0.00019999999494757503
9.63200351216327e-06,0.00015999999595806003
9.63600351249423e-06,0.00015999999595806003
9.640003512825192e-06,0.00015999999595806003
9.644003513156154e-06,0.00019999999494757503
9.648003513487115e-06,0.00015999999595806003
9.652003513818077e-06,0.00019999999494757503
9.656003514149038e-06,0.00015999999595806003
9.66000351448e-06,0.00015999999595806003
9.664003514810961e-06,0.00015999999595806003
9.668003515141923e-06,0.00015999999595806003
9.672003515472884e-06,0.00015999999595806003
9.676003515803846e-06,0.00019999999494757503
9.680003516134807e-06,0.00015999999595806003
9.684003516465769e-06,0.00015999999595806003
9.68800351679673e-06,0.00015999999595806003
9.692003517127692e-06,0.00019999999494757503
9.696003517458653e-06,0.00019999999494757503
9.700003517789615e-06,0.00015999999595806003
9.704003518120576e-06,0.00015999999595806003
9.708003518451537e-06,0.00019999999494757503
9.712003518782499e-06,0.00015999999595806003
9.71600351911346e-06,0.00015999999595806003
9.720003519444422e-06,0.00015999999595806003
9.724003519775383e-06,0.00015999999595806003
9.728003520106345e-06,0.00015999999595806003
9.732003520437306e-06,0.00015999999595806003
9.736003520768268e-06,0.00015999999595806003
9.74000352109923e-06,0.00019999999494757503
9.744003521430191e-06,0.00015999999595806003
9.748003521761152e-06,0.00019999999494757503
9.752003522092114e-06,0.00015999999595806003
9.756003522423075e-06,0.00019999999494757503
9.760003522754037e-06,0.00015999999595806003
9.764003523084998e-06,0.00015999999595806003
9.76800352341596e-06,0.00015999999595806003
9.772003523746921e-06,0.00015999999595806003
9.776003524077883e-06,0.00015999999595806003
9.780003524408844e-06,0.00015999999595806003
9.784003524739806e-06,0.00015999999595806003
9.788003525070767e-06,0.00015999999595806003
9.792003525401729e-06,0.00015999999595806003
9.79600352573269e-06,0.00019999999494757503
9.800003526063652e-06,0.00015999999595806003
9.804003526394613e-06,0.00019999999494757503
9.808003526725575e-06,0.00019999999494757503
9.812003527056536e-06,0.00019999999494757503
9.816003527387498e-06,0.00019999999494757503
9.820003527718459e-06,0.00019999999494757503
9.82400352804942e-06,0.00015999999595806003
9.828003528380382e-06,0.00015999999595806003
9.832003528711343e-06,0.00015999999595806003
9.836003529042305e-06,0.00015999999595806003
9.840003529373266e-06,0.00015999999595806003
9.844003529704228e-06,0.00015999999595806003
9.84800353003519e-06,0.00015999999595806003
9.852003530366151e-06,0.00019999999494757503
9.856003530697112e-06,0.00019999999494757503
9.860003531028074e-06,0.00019999999494757503
9.864003531359035e-06,0.00019999999494757503
9.868003531689997e-06,0.00019999999494757503
9.872003532020958e-06,0.00015999999595806003
9.87600353235192e-06,0.00015999999595806003
9.880003532682881e-06,0.00015999999595806003
9.884003533013843e-06,0.00015999999595806003
9.888003533344804e-06,0.00015999999595806003
9.892003533675766e-06,0.00019999999494757503
9.896003534006727e-06,0.00019999999494757503
9.900003534337689e-06,0.00019999999494757503
9.90400353466865e-06,0.00019999999494757503
9.908003534999612e-06,0.00019999999494757503
9.912003535330573e-06,0.00015999999595806003
9.916003535661535e-06,0.00015999999595806003
9.920003535992496e-06,0.00015999999595806003
9.924003536323458e-06,0.00015999999595806003
9.928003536654419e-06,0.00015999999595806003
9.93200353698538e-06,0.00019999999494757503
9.936003537316342e-06,0.00015999999595806003
9.940003537647304e-06,0.00019999999494757503
9.944003537978265e-06,0.00015999999595806003
9.948003538309227e-06,0.00019999999494757503
9.952003538640188e-06,0.00015999999595806003
9.95600353897115e-06,0.00015999999595806003
9.960003539302111e-06,0.00015999999595806003
9.964003539633072e-06,0.00015999999595806003
9.968003539964034e-06,0.00015999999595806003
9.972003540294995e-06,0.00015999999595806003
9.976003540625957e-06,0.00015999999595806003
9.980003540956918e-06,0.00015999999595806003
9.98400354128788e-06,0.00015999999595806003
9.988003541618841e-06,0.00019999999494757503
9.992003541949803e-06,0.00015999999595806003
9.996003542280764e-06,0.00019999999494757503
1.0000003542611726e-05,0.00015999999595806003
1.0004003542942687e-05,0.00019999999494757503
1.0008003543273649e-05,0.00015999999595806003
1.001200354360461e-05,0.00015999999595806003
1.0016003543935572e-05,0.00015999999595806003
1.0020003544266533e-05,0.00015999999595806003
1.0024003544597495e-05,0.00015999999595806003
1.0028003544928456e-05,0.00019999999494757503
1.0032003545259418e-05,0.00015999999595806003
1.003600354559038e-05,0.00015999999595806003
1.004000354592134e-05,0.00015999999595806003
1.0044003546252302e-05,0.00015999999595806003
1.0048003546583264e-05,0.00015999999595806003
1.0052003546914225e-05,0.00019999999494757503
1.0056003547245187e-05,0.00015999999595806003
1.0060003547576148e-05,0.00015999999595806003
1.006400354790711e-05,0.00015999999595806003
1.0068003548238071e-05,0.00015999999595806003
1.0072003548569033e-05,0.00015999999595806003
1.0076003548899994e-05,0.00015999999595806003
1.0080003549230956e-05,0.00015999999595806003
1.0084003549561917e-05,0.00019999999494757503
1.0088003549892878e-05,0.00015999999595806003
1.009200355022384e-05,0.00015999999595806003
1.0096003550554801e-05,0.00015999999595806003
1.0100003550885763e-05,0.00019999999494757503
1.0104003551216724e-05,0.00015999999595806003
1.0108003551547686e-05,0.00019999999494757503
1.0112003551878647e-05,0.00015999999595806003
1.0116003552209609e-05,0.00015999999595806003
1.012000355254057e-05,0.00015999999595806003
1.0124003552871532e-05,0.00019999999494757503
1.0128003553202493e-05,0.00015999999595806003
1.0132003553533455e-05,0.00015999999595806003
1.0136003553864416e-05,0.00015999999595806003
1.0140003554195378e-05,0.00015999999595806003
1.014400355452634e-05,0.00015999999595806003
1.01480035548573e-05,0.00015999999595806003
1.0152003555188262e-05,0.00015999999595806003
1.0156003555519224e-05,0.00015999999595806003
1.0160003555850185e-05,0.00015999999595806003
1.0164003556181147e-05,0.00019999999494757503
1.0168003556512108e-05,0.00015999999595806003
1.017200355684307e-05,0.00015999999595806003
1.0176003557174031e-05,0.00015999999595806003
1.0180003557504993e-05,0.00019999999494757503
1.0184003557835954e-05,0.00015999999595806003
1.0188003558166916e-05,0.00015999999595806003
1.0192003558497877e-05,0.00015999999595806003
1.0196003558828839e-05,0.00015999999595806003
1.02000035591598e-05,0.00015999999595806003
1.0204003559490762e-05,0.00015999999595806003
1.0208003559821723e-05,0.00011999999696854502
1.0212003560152684e-05,0.00015999999595806003
1.0216003560483646e-05,0.00015999999595806003
1.0220003560814607e-05,0.00019999999494757503
1.0224003561145569e-05,0.00019999999494757503
1.022800356147653e-05,0.00019999999494757503
1.0232003561807492e-05,0.00015999999595806003
1.0236003562138453e-05,0.00019999999494757503
1.0240003562469415e-05,0.00015999999595806003
1.0244003562800376e-05,0.00015999999595806003
1.0248003563131338e-05,0.00015999999595806003
1.02520035634623e-05,0.00019999999494757503
1.025600356379326e-05,0.00015999999595806003
1.0260003564124222e-05,0.00015999999595806003
1.0264003564455184e-05,0.00015999999595806003
1.0268003564786145e-05,0.00019999999494757503
1.0272003565117107e-05,0.00015999999595806003
1.0276003565448068e-05,0.00019999999494757503
1.028000356577903e-05,0.00015999999595806003
1.0284003566109991e-05,0.00015999999595806003
1.0288003566440953e-05,0.00015999999595806003
1.0292003566771914e-05,0.00015999999595806003
1.0296003567102876e-05,0.00015999999595806003
1.0300003567433837e-05,0.00019999999494757503
1.0304003567764799e-05,0.00015999999595806003
1.030800356809576e-05,0.00019999999494757503
1.0312003568426722e-05,0.00015999999595806003
1.0316003568757683e-05,0.00015999999595806003
1.0320003569088645e-05,0.00015999999595806003
1.0324003569419606e-05,0.00015999999595806003
1.0328003569750568e-05,0.00015999999595806003
1.0332003570081529e-05,0.00019999999494757503
1.033600357041249e-05,0.00015999999595806003
1.0340003570743452e-05,0.00019999999494757503
1.0344003571074413e-05,0.00015999999595806003
1.0348003571405375e-05,0.00019999999494757503
1.0352003571736336e-05,0.00015999999595806003
1.0356003572067298e-05,0.00015999999595806003
1.036000357239826e-05,0.00015999999595806003
1.0364003572729221e-05,0.00015999999595806003
1.0368003573060182e-05,0.00015999999595806003
1.0372003573391144e-05,0.00015999999595806003
1.0376003573722105e-05,0.00015999999595806003
1.0380003574053067e-05,0.00019999999494757503
1.0384003574384028e-05,0.00015999999595806003
1.038800357471499e-05,0.00019999999494757503
1.0392003575045951e-05,0.00015999999595806003
1.0396003575376913e-05,0.00019999999494757503
1.0400003575707874e-05,0.00015999999595806003
1.0404003576038836e-05,0.00015999999595806003
1.0408003576369797e-05,0.00015999999595806003
1.0412003576700759e-05,0.00019999999494757503
1.041600357703172e-05,0.00015999999595806003
1.0420003577362682e-05,0.00015999999595806003
1.0424003577693643e-05,0.00015999999595806003
1.0428003578024605e-05,0.00015999999595806003
1.0432003578355566e-05,0.00015999999595806003
1.0436003578686528e-05,0.00019999999494757503
1.0440003579017489e-05,0.00015999999595806003
1.044400357934845e-05,0.00015999999595806003
1.0448003579679412e-05,0.00015999999595806003
1.0452003580010374e-05,0.00015999999595806003
1.0456003580341335e-05,0.00015999999595806003
1.0460003580672296e-05,0.00019999999494757503
1.0464003581003258e-05,0.00019999999494757503
1.046800358133422e-05,0.00019999999494757503
1.0472003581665181e-05,0.00015999999595806003
1.0476003581996142e-05,0.00015999999595806003
1.0480003582327104e-05,0.00015999999595806003
1.0484003582658065e-05,0.00015999999595806003
1.0488003582989027e-05,0.00015999999595806003
1.0492003583319988e-05,0.00015999999595806003
1.049600358365095e-05,0.00015999999595806003
1.0500003583981911e-05,0.00019999999494757503
1.0504003584312873e-05,0.00015999999595806003
1.0508003584643834e-05,0.00019999999494757503
1.0512003584974796e-05,0.00015999999595806003
1.0516003585305757e-05,0.00019999999494757503
1.0520003585636719e-05,0.00015999999595806003
1.052400358596768e-05,0.00015999999595806003
1.0528003586298642e-05,0.00015999999595806003
1.0532003586629603e-05,0.00015999999595806003
1.0536003586960565e-05,0.00015999999595806003
1.0540003587291526e-05,0.00015999999595806003
1.0544003587622488e-05,0.00015999999595806003
1.0548003587953449e-05,0.00015999999595806003
1.055200358828441e-05,0.00015999999595806003
1.0556003588615372e-05,0.00015999999595806003
1.0560003588946334e-05,0.00015999999595806003
1.0564003589277295e-05,0.00015999999595806003
1.0568003589608257e-05,0.00015999999595806003
1.0572003589939218e-05,0.00015999999595806003
1.057600359027018e-05,0.00015999999595806003
1.0580003590601141e-05,0.00019999999494757503
1.0584003590932102e-05,0.00015999999595806003
1.0588003591263064e-05,0.00019999999494757503
1.0592003591594025e-05,0.00015999999595806003
1.0596003591924987e-05,0.00015999999595806003
1.0600003592255948e-05,0.00015999999595806003
1.060400359258691e-05,0.00015999999595806003
1.0608003592917871e-05,0.00015999999595806003
1.0612003593248833e-05,0.00015999999595806003
1.0616003593579794e-05,0.00015999999595806003
1.0620003593910756e-05,0.00015999999595806003
1.0624003594241717e-05,0.00015999999595806003
1.0628003594572679e-05,0.00019999999494757503
1.063200359490364e-05,0.00019999999494757503
1.0636003595234602e-05,0.00019999999494757503
1.0640003595565563e-05,0.00015999999595806003
1.0644003595896525e-05,0.00015999999595806003
1.0648003596227486e-05,0.00015999999595806003
1.0652003596558448e-05,0.00015999999595806003
1.065600359688941e-05,0.00015999999595806003
1.066000359722037e-05,0.00015999999595806003
1.0664003597551332e-05,0.00015999999595806003
1.0668003597882294e-05,0.00019999999494757503
1.0672003598213255e-05,0.00015999999595806003
1.0676003598544217e-05,0.00015999999595806003
1.0680003598875178e-05,0.00015999999595806003
1.068400359920614e-05,0.00015999999595806003
1.0688003599537101e-05,0.00015999999595806003
1.0692003599868063e-05,0.00015999999595806003
1.0696003600199024e-05,0.00015999999595806003
1.0700003600529986e-05,0.00015999999595806003
1.0704003600860947e-05,0.00015999999595806003
1.0708003601191908e-05,0.00019999999494757503
1.071200360152287e-05,0.00015999999595806003
1.0716003601853831e-05,0.00019999999494757503
1.0720003602184793e-05,0.00015999999595806003
1.0724003602515754e-05,0.00019999999494757503
1.0728003602846716e-05,0.00015999999595806003
1.0732003603177677e-05,0.00015999999595806003
1.0736003603508639e-05,0.00015999999595806003
1.07400036038396e-05,0.00015999999595806003
1.0744003604170562e-05,0.00015999999595806003
1.0748003604501523e-05,0.00019999999494757503
1.0752003604832485e-05,0.00015999999595806003
1.0756003605163446e-05,0.00015999999595806003
1.0760003605494408e-05,0.00015999999595806003
1.076400360582537e-05,0.00015999999595806003
1.076800360615633e-05,0.00015999999595806003
1.0772003606487292e-05,0.00015999999595806003
1.0776003606818254e-05,0.00015999999595806003
1.0780003607149215e-05,0.00015999999595806003
1.0784003607480177e-05,0.00015999999595806003
1.0788003607811138e-05,0.00015999999595806003
1.07920036081421e-05,0.00015999999595806003
1.0796003608473061e-05,0.00015999999595806003
1.0800003608804023e-05,0.00015999999595806003
1.0804003609134984e-05,0.00019999999494757503
1.0808003609465946e-05,0.00015999999595806003
1.0812003609796907e-05,0.00015999999595806003
1.0816003610127869e-05,0.00015999999595806003
1.082000361045883e-05,0.00019999999494757503
1.0824003610789792e-05,0.00015999999595806003
1.0828003611120753e-05,0.00015999999595806003
1.0832003611451714e-05,0.00015999999595806003
1.0836003611782676e-05,0.00015999999595806003
1.0840003612113637e-05,0.00015999999595806003
1.0844003612444599e-05,0.00019999999494757503
1.084800361277556e-05,0.00015999999595806003
1.0852003613106522e-05,0.00019999999494757503
1.0856003613437483e-05,0.00015999999595806003
1.0860003613768445e-05,0.00019999999494757503
1.0864003614099406e-05,0.00019999999494757503
1.0868003614430368e-05,0.00019999999494757503
1.087200361476133e-05,0.00015999999595806003
1.087600361509229e-05,0.00019999999494757503
1.0880003615423252e-05,0.00015999999595806003
1.0884003615754214e-05,0.00015999999595806003
1.0888003616085175e-05,0.00015999999595806003
1.0892003616416137e-05,0.00015999999595806003
1.0896003616747098e-05,0.00011999999696854502
1.090000361707806e-05,0.00015999999595806003
1.0904003617409021e-05,0.00015999999595806003
1.0908003617739983e-05,0.00019999999494757503
1.0912003618070944e-05,0.00015999999595806003
1.0916003618401906e-05,0.00019999999494757503
1.0920003618732867e-05,0.00019999999494757503
1.0924003619063829e-05,0.00019999999494757503
1.092800361939479e-05,0.00015999999595806003
1.0932003619725752e-05,0.00019999999494757503
1.0936003620056713e-05,0.00015999999595806003
1.0940003620387675e-05,0.00019999999494757503
1.0944003620718636e-05,0.00015999999595806003
1.0948003621049598e-05,0.00015999999595806003
1.0952003621380559e-05,0.00015999999595806003
1.095600362171152e-05,0.00019999999494757503
1.0960003622042482e-05,0.00015999999595806003
1.0964003622373443e-05,0.00015999999595806003
1.0968003622704405e-05,0.00015999999595806003
1.0972003623035366e-05,0.00015999999595806003
1.0976003623366328e-05,0.00015999999595806003
1.098000362369729e-05,0.00015999999595806003
1.0984003624028251e-05,0.00015999999595806003
1.0988003624359212e-05,0.00019999999494757503
1.0992003624690174e-05,0.00015999999595806003
1.0996003625021135e-05,0.00019999999494757503
1.1000003625352097e-05,0.00015999999595806003
1.1004003625683058e-05,0.00019999999494757503
1.100800362601402e-05,0.00015999999595806003
1.1012003626344981e-05,0.00015999999595806003
1.1016003626675943e-05,0.00015999999595806003
1.1020003627006904e-05,0.00015999999595806003
1.1024003627337866e-05,0.00015999999595806003
1.1028003627668827e-05,0.00015999999595806003
1.1032003627999789e-05,0.00015999999595806003
1.103600362833075e-05,0.00019999999494757503
1.1040003628661712e-05,0.00019999999494757503
1.1044003628992673e-05,0.00019999999494757503
1.1048003629323635e-05,0.00015999999595806003
1.1052003629654596e-05,0.00019999999494757503
1.1056003629985558e-05,0.00015999999595806003
1.1060003630316519e-05,0.00015999999595806003
1.106400363064748e-05,0.00015999999595806003
1.1068003630978442e-05,0.00015999999595806003
1.1072003631309404e-05,0.00015999999595806003
1.1076003631640365e-05,0.00019999999494757503
1.1080003631971327e-05,0.00015999999595806003
1.1084003632302288e-05,0.00019999999494757503
1.108800363263325e-05,0.00015999999595806003
1.1092003632964211e-05,0.00015999999595806003
1.1096003633295172e-05,0.00015999999595806003
1.1100003633626134e-05,0.00015999999595806003
1.1104003633957095e-05,0.00015999999595806003
1.1108003634288057e-05,0.00015999999595806003
1.1112003634619018e-05,0.00015999999595806003
1.111600363494998e-05,0.00019999999494757503
1.1120003635280941e-05,0.00015999999595806003
1.1124003635611903e-05,0.00019999999494757503
1.1128003635942864e-05,0.00015999999595806003
1.1132003636273826e-05,0.00015999999595806003
1.1136003636604787e-05,0.00015999999595806003
1.1140003636935749e-05,0.00015999999595806003
1.114400363726671e-05,0.00015999999595806003
1.1148003637597672e-05,0.00015999999595806003
1.1152003637928633e-05,0.00015999999595806003
1.1156003638259595e-05,0.00019999999494757503
1.1160003638590556e-05,0.00015999999595806003
1.1164003638921518e-05,0.00015999999595806003
1.116800363925248e-05,0.00015999999595806003
1.117200363958344e-05,0.00015999999595806003
1.1176003639914402e-05,0.00015999999595806003
1.1180003640245364e-05,0.00019999999494757503
1.1184003640576325e-05,0.00015999999595806003
1.1188003640907287e-05,0.00019999999494757503
1.1192003641238248e-05,0.00015999999595806003
1.119600364156921e-05,0.00019999999494757503
1.1200003641900171e-05,0.00015999999595806003
1.1204003642231133e-05,0.00019999999494757503
1.1208003642562094e-05,0.00015999999595806003
1.1212003642893055e-05,0.00019999999494757503
1.1216003643224017e-05,0.00015999999595806003
1.1220003643554978e-05,0.00015999999595806003
1.122400364388594e-05,0.00015999999595806003
1.1228003644216901e-05,0.00015999999595806003
1.1232003644547863e-05,0.00015999999595806003
1.1236003644878824e-05,0.00019999999494757503
1.1240003645209786e-05,0.00015999999595806003
1.1244003645540747e-05,0.00015999999595806003
1.1248003645871709e-05,0.00015999999595806003
1.125200364620267e-05,0.00019999999494757503
1.1256003646533632e-05,0.00015999999595806003
1.1260003646864593e-05,0.00019999999494757503
1.1264003647195555e-05,0.00015999999595806003
1.1268003647526516e-05,0.00019999999494757503
1.1272003647857478e-05,0.00015999999595806003
1.127600364818844e-05,0.00015999999595806003
1.12800036485194e-05,0.00015999999595806003
1.1284003648850362e-05,0.00015999999595806003
1.1288003649181324e-05,0.00015999999595806003
1.1292003649512285e-05,0.00015999999595806003
1.1296003649843247e-05,0.00015999999595806003
1.1300003650174208e-05,0.00015999999595806003
1.130400365050517e-05,0.00015999999595806003
1.1308003650836131e-05,0.00019999999494757503
1.1312003651167093e-05,0.00019999999494757503
1.1316003651498054e-05,0.00019999999494757503
1.1320003651829016e-05,0.00019999999494757503
1.1324003652159977e-05,0.00019999999494757503
1.1328003652490939e-05,0.00015999999595806003
1.13320036528219e-05,0.00015999999595806003
1.1336003653152861e-05,0.00015999999595806003
1.1340003653483823e-05,0.00015999999595806003
1.1344003653814784e-05,0.00015999999595806003
1.1348003654145746e-05,0.00015999999595806003
1.1352003654476707e-05,0.00015999999595806003
1.1356003654807669e-05,0.00015999999595806003
1.136000365513863e-05,0.00015999999595806003
1.1364003655469592e-05,0.00019999999494757503
1.1368003655800553e-05,0.00015999999595806003
1.1372003656131515e-05,0.00015999999595806003
1.1376003656462476e-05,0.00015999999595806003
1.1380003656793438e-05,0.00019999999494757503
1.13840036571244e-05,0.00019999999494757503
1.138800365745536e-05,0.00019999999494757503
1.1392003657786322e-05,0.00019999999494757503
1.1396003658117284e-05,0.00019999999494757503
1.1400003658448245e-05,0.00015999999595806003
1.1404003658779207e-05,0.00019999999494757503
1.1408003659110168e-05,0.00015999999595806003
1.141200365944113e-05,0.00015999999595806003
1.1416003659772091e-05,0.00015999999595806003
1.1420003660103053e-05,0.00015999999595806003
1.1424003660434014e-05,0.00015999999595806003
1.1428003660764976e-05,0.00015999999595806003
1.1432003661095937e-05,0.00015999999595806003
1.1436003661426899e-05,0.00015999999595806003
1.144000366175786e-05,0.00015999999595806003
1.1444003662088822e-05,0.00019999999494757503
1.1448003662419783e-05,0.00019999999494757503
1.1452003662750745e-05,0.00019999999494757503
1.1456003663081706e-05,0.00015999999595806003
1.1460003663412667e-05,0.00015999999595806003
1.1464003663743629e-05,0.00015999999595806003
1.146800366407459e-05,0.00015999999595806003
1.1472003664405552e-05,0.00015999999595806003
1.1476003664736513e-05,0.00019999999494757503
1.1480003665067475e-05,0.00015999999595806003
1.1484003665398436e-05,0.00019999999494757503
1.1488003665729398e-05,0.00015999999595806003
1.149200366606036e-05,0.00019999999494757503
1.149600366639132e-05,0.00015999999595806003
1.1500003666722282e-05,0.00015999999595806003
1.1504003667053244e-05,0.00015999999595806003
1.1508003667384205e-05,0.00015999999595806003
1.1512003667715167e-05,0.00015999999595806003
1.1516003668046128e-05,0.00019999999494757503
1.152000366837709e-05,0.00015999999595806003
1.1524003668708051e-05,0.00019999999494757503
1.1528003669039013e-05,0.00015999999595806003
1.1532003669369974e-05,0.00019999999494757503
1.1536003669700936e-05,0.00015999999595806003
1.1540003670031897e-05,0.00015999999595806003
1.1544003670362859e-05,0.00015999999595806003
1.154800367069382e-05,0.00015999999595806003
1.1552003671024782e-05,0.00015999999595806003
1.1556003671355743e-05,0.00015999999595806003
1.1560003671686705e-05,0.00015999999595806003
1.1564003672017666e-05,0.00019999999494757503
1.1568003672348628e-05,0.00019999999494757503
1.1572003672679589e-05,0.00019999999494757503
1.157600367301055e-05,0.00015999999595806003
1.1580003673341512e-05,0.00019999999494757503
1.1584003673672473e-05,0.00015999999595806003
1.1588003674003435e-05,0.00015999999595806003
1.1592003674334396e-05,0.00015999999595806003
1.1596003674665358e-05,0.00015999999595806003
1.160000367499632e-05,0.00015999999595806003
1.1604003675327281e-05,0.00015999999595806003
1.1608003675658242e-05,0.00015999999595806003
1.1612003675989204e-05,0.00015999999595806003
1.1616003676320165e-05,0.00015999999595806003
1.1620003676651127e-05,0.00015999999595806003
1.1624003676982088e-05,0.00015999999595806003
1.162800367731305e-05,0.00015999999595806003
1.1632003677644011e-05,0.00015999999595806003
1.1636003677974973e-05,0.00015999999595806003
1.1640003678305934e-05,0.00015999999595806003
1.1644003678636896e-05,0.00019999999494757503
1.1648003678967857e-05,0.00015999999595806003
1.1652003679298819e-05,0.00019999999494757503
1.165600367962978e-05,0.00015999999595806003
1.1660003679960742e-05,0.00015999999595806003
1.1664003680291703e-05,0.00015999999595806003
1.1668003680622665e-05,0.00015999999595806003
1.1672003680953626e-05,0.00015999999595806003
1.1676003681284588e-05,0.00015999999595806003
1.1680003681615549e-05,0.00015999999595806003
1.168400368194651e-05,0.00015999999595806003
1.1688003682277472e-05,0.00015999999595806003
1.1692003682608434e-05,0.00015999999595806003
1.1696003682939395e-05,0.00015999999595806003
1.1700003683270357e-05,0.00015999999595806003
1.1704003683601318e-05,0.00015999999595806003
1.170800368393228e-05,0.00019999999494757503
1.1712003684263241e-05,0.00015999999595806003
1.1716003684594202e-05,0.00019999999494757503
1.1720003684925164e-05,0.00015999999595806003
1.1724003685256125e-05,0.00019999999494757503
1.1728003685587087e-05,0.00015999999595806003
1.1732003685918048e-05,0.00019999999494757503
1.173600368624901e-05,0.00015999999595806003
1.1740003686579971e-05,0.00015999999595806003
1.1744003686910933e-05,0.00015999999595806003
1.1748003687241894e-05,0.00015999999595806003
1.1752003687572856e-05,0.00015999999595806003
1.1756003687903817e-05,0.00015999999595806003
1.1760003688234779e-05,0.00015999999595806003
1.176400368856574e-05,0.00015999999595806003
1.1768003688896702e-05,0.00019999999494757503
1.1772003689227663e-05,0.00019999999494757503
1.1776003689558625e-05,0.00015999999595806003
1.1780003689889586e-05,0.00015999999595806003
1.1784003690220548e-05,0.00015999999595806003
1.178800369055151e-05,0.00015999999595806003
1.179200369088247e-05,0.00015999999595806003
1.1796003691213432e-05,0.00015999999595806003
1.1800003691544394e-05,0.00015999999595806003
1.1804003691875355e-05,0.00019999999494757503
1.1808003692206317e-05,0.00015999999595806003
1.1812003692537278e-05,0.00015999999595806003
1.181600369286824e-05,0.00015999999595806003
1.1820003693199201e-05,0.00015999999595806003
1.1824003693530163e-05,0.00015999999595806003
1.1828003693861124e-05,0.00015999999595806003
1.1832003694192085e-05,0.00015999999595806003
1.1836003694523047e-05,0.00015999999595806003
1.1840003694854008e-05,0.00015999999595806003
1.184400369518497e-05,0.00019999999494757503
1.1848003695515931e-05,0.00019999999494757503
1.1852003695846893e-05,0.00019999999494757503
1.1856003696177854e-05,0.00019999999494757503
1.1860003696508816e-05,0.00015999999595806003
1.1864003696839777e-05,0.00015999999595806003
1.1868003697170739e-05,0.00015999999595806003
1.18720036975017e-05,0.00015999999595806003
1.1876003697832662e-05,0.00015999999595806003
1.1880003698163623e-05,0.00015999999595806003
1.1884003698494585e-05,0.00015999999595806003
1.1888003698825546e-05,0.00015999999595806003
1.1892003699156508e-05,0.00019999999494757503
1.189600369948747e-05,0.00015999999595806003
1.190000369981843e-05,0.00019999999494757503
1.1904003700149392e-05,0.00015999999595806003
1.1908003700480354e-05,0.00015999999595806003
1.1912003700811315e-05,0.00015999999595806003
1.1916003701142277e-05,0.00015999999595806003
1.1920003701473238e-05,0.00015999999595806003
1.19240037018042e-05,0.00019999999494757503
1.1928003702135161e-05,0.00015999999595806003
1.1932003702466123e-05,0.00015999999595806003
1.1936003702797084e-05,0.00019999999494757503
1.1940003703128046e-05,0.00019999999494757503
1.1944003703459007e-05,0.00015999999595806003
1.1948003703789969e-05,0.00015999999595806003
1.195200370412093e-05,0.00015999999595806003
1.1956003704451892e-05,0.00015999999595806003
1.1960003704782853e-05,0.00015999999595806003
1.1964003705113814e-05,0.00019999999494757503
1.1968003705444776e-05,0.00015999999595806003
1.1972003705775737e-05,0.00019999999494757503
1.1976003706106699e-05,0.00015999999595806003
1.198000370643766e-05,0.00015999999595806003
1.1984003706768622e-05,0.00015999999595806003
1.1988003707099583e-05,0.00015999999595806003
1.1992003707430545e-05,0.00015999999595806003
1.1996003707761506e-05,0.00015999999595806003
1.2000003708092468e-05,0.00015999999595806003
1.200400370842343e-05,0.00019999999494757503
1.200800370875439e-05,0.00019999999494757503
1.2012003709085352e-05,0.00019999999494757503
1.2016003709416314e-05,0.00015999999595806003
1.2020003709747275e-05,0.00015999999595806003
1.2024003710078237e-05,0.00015999999595806003
1.2028003710409198e-05,0.00015999999595806003
1.203200371074016e-05,0.00015999999595806003
1.2036003711071121e-05,0.00015999999595806003
1.2040003711402083e-05,0.00015999999595806003
1.2044003711733044e-05,0.00015999999595806003
1.2048003712064006e-05,0.00015999999595806003
1.2052003712394967e-05,0.00019999999494757503
1.2056003712725929e-05,0.00015999999595806003
1.206000371305689e-05,0.00015999999595806003
1.2064003713387852e-05,0.00015999999595806003
1.2068003713718813e-05,0.00015999999595806003
1.2072003714049775e-05,0.00015999999595806003
1.2076003714380736e-05,0.00019999999494757503
1.2080003714711698e-05,0.00015999999595806003
1.2084003715042659e-05,0.00019999999494757503
1.208800371537362e-05,0.00015999999595806003
1.2092003715704582e-05,0.00015999999595806003
1.2096003716035543e-05,0.00015999999595806003
1.2100003716366505e-05,0.00015999999595806003
1.2104003716697466e-05,0.00015999999595806003
1.2108003717028428e-05,0.00015999999595806003
1.211200371735939e-05,0.00015999999595806003
1.2116003717690351e-05,0.00015999999595806003
1.2120003718021312e-05,0.00015999999595806003
1.2124003718352274e-05,0.00015999999595806003
1.2128003718683235e-05,0.00015999999595806003
1.2132003719014197e-05,0.00015999999595806003
1.2136003719345158e-05,0.00015999999595806003
1.214000371967612e-05,0.00019999999494757503
1.2144003720007081e-05,0.00015999999595806003
1.2148003720338043e-05,0.00015999999595806003
1.2152003720669004e-05,0.00015999999595806003
1.2156003720999966e-05,0.00015999999595806003
1.2160003721330927e-05,0.00015999999595806003
1.2164003721661889e-05,0.00015999999595806003
1.216800372199285e-05,0.00015999999595806003
1.2172003722323812e-05,0.00015999999595806003
1.2176003722654773e-05,0.00015999999595806003
1.2180003722985735e-05,0.00015999999595806003
1.2184003723316696e-05,0.00015999999595806003
1.2188003723647658e-05,0.00015999999595806003
1.2192003723978619e-05,0.00015999999595806003
1.219600372430958e-05,0.00015999999595806003
1.2200003724640542e-05,0.00015999999595806003
1.2204003724971504e-05,0.00019999999494757503
1.2208003725302465e-05,0.00015999999595806003
1.2212003725633426e-05,0.00019999999494757503
1.2216003725964388e-05,0.00015999999595806003
1.222000372629535e-05,0.00019999999494757503
1.2224003726626311e-05,0.00015999999595806003
1.2228003726957272e-05,0.00015999999595806003
1.2232003727288234e-05,0.00015999999595806003
1.2236003727619195e-05,0.00015999999595806003
1.2240003727950157e-05,0.00015999999595806003
1.2244003728281118e-05,0.00019999999494757503
1.224800372861208e-05,0.00015999999595806003
1.2252003728943041e-05,0.00019999999494757503
1.2256003729274003e-05,0.00015999999595806003
1.2260003729604964e-05,0.00015999999595806003
1.2264003729935926e-05,0.00015999999595806003
1.2268003730266887e-05,0.00015999999595806003
1.2272003730597849e-05,0.00015999999595806003
1.227600373092881e-05,0.00019999999494757503
1.2280003731259772e-05,0.00015999999595806003
1.2284003731590733e-05,0.00015999999595806003
1.2288003731921695e-05,0.00015999999595806003
1.2292003732252656e-05,0.00015999999595806003
1.2296003732583618e-05,0.00015999999595806003
1.2300003732914579e-05,0.00019999999494757503
1.230400373324554e-05,0.00015999999595806003
1.2308003733576502e-05,0.00015999999595806003
1.2312003733907464e-05,0.00015999999595806003
1.2316003734238425e-05,0.00015999999595806003
1.2320003734569387e-05,0.00015999999595806003
1.2324003734900348e-05,0.00015999999595806003
1.232800373523131e-05,0.00015999999595806003
1.2332003735562271e-05,0.00015999999595806003
1.2336003735893232e-05,0.00015999999595806003
1.2340003736224194e-05,0.00015999999595806003
1.2344003736555155e-05,0.00015999999595806003
1.2348003736886117e-05,0.00015999999595806003
1.2352003737217078e-05,0.00015999999595806003
1.235600373754804e-05,0.00015999999595806003
1.2360003737879001e-05,0.00015999999595806003
1.2364003738209963e-05,0.00015999999595806003
1.2368003738540924e-05,0.00015999999595806003
1.2372003738871886e-05,0.00015999999595806003
1.2376003739202847e-05,0.00015999999595806003
1.2380003739533809e-05,0.00019999999494757503
1.238400373986477e-05,0.00015999999595806003
1.2388003740195732e-05,0.00015999999595806003
1.2392003740526693e-05,0.00015999999595806003
1.2396003740857655e-05,0.00015999999595806003
1.2400003741188616e-05,0.00015999999595806003
1.2404003741519578e-05,0.00015999999595806003
1.240800374185054e-05,0.00015999999595806003
1.24120037421815e-05,0.00019999999494757503
1.2416003742512462e-05,0.00015999999595806003
1.2420003742843424e-05,0.00015999999595806003
1.2424003743174385e-05,0.00015999999595806003
1.2428003743505347e-05,0.00015999999595806003
1.2432003743836308e-05,0.00015999999595806003
1.243600374416727e-05,0.00015999999595806003
1.2440003744498231e-05,0.00015999999595806003
1.2444003744829193e-05,0.00015999999595806003
1.2448003745160154e-05,0.00015999999595806003
1.2452003745491116e-05,0.00015999999595806003
1.2456003745822077e-05,0.00015999999595806003
1.2460003746153038e-05,0.00015999999595806003
1.2464003746484e-05,0.00015999999595806003
1.2468003746814961e-05,0.00015999999595806003
1.2472003747145923e-05,0.00015999999595806003
1.2476003747476884e-05,0.00015999999595806003
1.2480003747807846e-05,0.00015999999595806003
1.2484003748138807e-05,0.00019999999494757503
1.2488003748469769e-05,0.00015999999595806003
1.249200374880073e-05,0.00015999999595806003
1.2496003749131692e-05,0.00015999999595806003
1.2500003749462653e-05,0.00015999999595806003
1.2504003749793615e-05,0.00015999999595806003
1.2508003750124576e-05,0.00015999999595806003
1.2512003750455538e-05,0.00015999999595806003
1.25160037507865e-05,0.00015999999595806003
1.252000375111746e-05,0.00015999999595806003
1.2524003751448422e-05,0.00015999999595806003
1.2528003751779384e-05,0.00015999999595806003
1.2532003752110345e-05,0.00015999999595806003
1.2536003752441307e-05,0.00015999999595806003
1.2540003752772268e-05,0.00015999999595806003
1.254400375310323e-05,0.00015999999595806003
1.2548003753434191e-05,0.00019999999494757503
1.2552003753765153e-05,0.00015999999595806003
1.2556003754096114e-05,0.00019999999494757503
1.2560003754427076e-05,0.00015999999595806003
1.2564003754758037e-05,0.00015999999595806003
1.2568003755088999e-05,0.00015999999595806003
1.257200375541996e-05,0.00015999999595806003
1.2576003755750922e-05,0.00015999999595806003
1.2580003756081883e-05,0.00019999999494757503
1.2584003756412844e-05,0.00019999999494757503
1.2588003756743806e-05,0.00019999999494757503
1.2592003757074767e-05,0.00015999999595806003
1.2596003757405729e-05,0.00015999999595806003
1.260000375773669e-05,0.00015999999595806003
1.2604003758067652e-05,0.00019999999494757503
1.2608003758398613e-05,0.00015999999595806003
1.2612003758729575e-05,0.00015999999595806003
1.2616003759060536e-05,0.00015999999595806003
1.2620003759391498e-05,0.00019999999494757503
1.262400375972246e-05,0.00015999999595806003
1.262800376005342e-05,0.00019999999494757503
1.2632003760384382e-05,0.00015999999595806003
1.2636003760715344e-05,0.00015999999595806003
1.2640003761046305e-05,0.00015999999595806003
1.2644003761377267e-05,0.00015999999595806003
1.2648003761708228e-05,0.00015999999595806003
1.265200376203919e-05,0.00015999999595806003
1.2656003762370151e-05,0.00015999999595806003
1.2660003762701113e-05,0.00019999999494757503
1.2664003763032074e-05,0.00015999999595806003
1.2668003763363036e-05,0.00019999999494757503
1.2672003763693997e-05,0.00015999999595806003
1.2676003764024959e-05,0.00015999999595806003
1.268000376435592e-05,0.00015999999595806003
1.2684003764686882e-05,0.00015999999595806003
1.2688003765017843e-05,0.00015999999595806003
1.2692003765348805e-05,0.00019999999494757503
1.2696003765679766e-05,0.00015999999595806003
1.2700003766010728e-05,0.00019999999494757503
1.2704003766341689e-05,0.00015999999595806003
1.270800376667265e-05,0.00015999999595806003
1.2712003767003612e-05,0.00015999999595806003
1.2716003767334573e-05,0.00015999999595806003
1.2720003767665535e-05,0.00015999999595806003
1.2724003767996496e-05,0.00015999999595806003
1.2728003768327458e-05,0.00015999999595806003
1.273200376865842e-05,0.00015999999595806003
1.2736003768989381e-05,0.00015999999595806003
1.2740003769320342e-05,0.00015999999595806003
1.2744003769651304e-05,0.00015999999595806003
1.2748003769982265e-05,0.00015999999595806003
1.2752003770313227e-05,0.00015999999595806003
1.2756003770644188e-05,0.00019999999494757503
1.276000377097515e-05,0.00015999999595806003
1.2764003771306111e-05,0.00015999999595806003
1.2768003771637073e-05,0.00015999999595806003
1.2772003771968034e-05,0.00015999999595806003
1.2776003772298996e-05,0.00015999999595806003
1.2780003772629957e-05,0.00015999999595806003
1.2784003772960919e-05,0.00015999999595806003
1.278800377329188e-05,0.00015999999595806003
1.2792003773622842e-05,0.00015999999595806003
1.2796003773953803e-05,0.00015999999595806003
1.2800003774284765e-05,0.00015999999595806003
1.2804003774615726e-05,0.00019999999494757503
1.2808003774946688e-05,0.00015999999595806003
1.2812003775277649e-05,0.00015999999595806003
1.281600377560861e-05,0.00015999999595806003
1.2820003775939572e-05,0.00015999999595806003
1.2824003776270534e-05,0.00019999999494757503
1.2828003776601495e-05,0.00019999999494757503
1.2832003776932456e-05,0.00015999999595806003
1.2836003777263418e-05,0.00015999999595806003
1.284000377759438e-05,0.00015999999595806003
1.2844003777925341e-05,0.00015999999595806003
1.2848003778256302e-05,0.00015999999595806003
1.2852003778587264e-05,0.00015999999595806003
1.2856003778918225e-05,0.00015999999595806003
1.2860003779249187e-05,0.00019999999494757503
1.2864003779580148e-05,0.00015999999595806003
1.286800377991111e-05,0.00015999999595806003
1.2872003780242071e-05,0.00015999999595806003
1.2876003780573033e-05,0.00019999999494757503
1.2880003780903994e-05,0.00015999999595806003
1.2884003781234956e-05,0.00019999999494757503
1.2888003781565917e-05,0.00015999999595806003
1.2892003781896879e-05,0.00015999999595806003
1.289600378222784e-05,0.00015999999595806003
1.2900003782558802e-05,0.00019999999494757503
1.2904003782889763e-05,0.00015999999595806003
1.2908003783220725e-05,0.00019999999494757503
1.2912003783551686e-05,0.00015999999595806003
1.2916003783882648e-05,0.00015999999595806003
1.2920003784213609e-05,0.00015999999595806003
1.292400378454457e-05,0.00015999999595806003
1.2928003784875532e-05,0.00015999999595806003
1.2932003785206494e-05,0.00015999999595806003
1.2936003785537455e-05,0.00015999999595806003
1.2940003785868417e-05,0.00015999999595806003
1.2944003786199378e-05,0.00015999999595806003
1.294800378653034e-05,0.00019999999494757503
1.2952003786861301e-05,0.00015999999595806003
1.2956003787192262e-05,0.00015999999595806003
1.2960003787523224e-05,0.00015999999595806003
1.2964003787854185e-05,0.00015999999595806003
1.2968003788185147e-05,0.00015999999595806003
1.2972003788516108e-05,0.00015999999595806003
1.297600378884707e-05,0.00015999999595806003
1.2980003789178031e-05,0.00019999999494757503
1.2984003789508993e-05,0.00015999999595806003
1.2988003789839954e-05,0.00019999999494757503
1.2992003790170916e-05,0.00015999999595806003
1.2996003790501877e-05,0.00015999999595806003
1.3000003790832839e-05,0.00015999999595806003
1.30040037911638e-05,0.00015999999595806003
1.3008003791494762e-05,0.00015999999595806003
1.3012003791825723e-05,0.00015999999595806003
1.3016003792156685e-05,0.00015999999595806003
1.3020003792487646e-05,0.00015999999595806003
1.3024003792818608e-05,0.00015999999595806003
1.302800379314957e-05,0.00019999999494757503
1.303200379348053e-05,0.00015999999595806003
1.3036003793811492e-05,0.00015999999595806003
1.3040003794142454e-05,0.00015999999595806003
1.3044003794473415e-05,0.00015999999595806003
1.3048003794804377e-05,0.00015999999595806003
1.3052003795135338e-05,0.00015999999595806003
1.30560037954663e-05,0.00015999999595806003
1.3060003795797261e-05,0.00019999999494757503
1.3064003796128223e-05,0.00015999999595806003
1.3068003796459184e-05,0.00019999999494757503
1.3072003796790146e-05,0.00015999999595806003
1.3076003797121107e-05,0.00015999999595806003
1.3080003797452069e-05,0.00015999999595806003
1.308400379778303e-05,0.00015999999595806003
1.3088003798113991e-05,0.00015999999595806003
1.3092003798444953e-05,0.00015999999595806003
1.3096003798775914e-05,0.00019999999494757503
1.3100003799106876e-05,0.00019999999494757503
1.3104003799437837e-05,0.00019999999494757503
1.3108003799768799e-05,0.00019999999494757503
1.311200380009976e-05,0.00015999999595806003
1.3116003800430722e-05,0.00019999999494757503
1.3120003800761683e-05,0.00015999999595806003
1.3124003801092645e-05,0.00015999999595806003
1.3128003801423606e-05,0.00015999999595806003
1.3132003801754568e-05,0.00015999999595806003
1.313600380208553e-05,0.00015999999595806003
1.314000380241649e-05,0.00015999999595806003
1.3144003802747452e-05,0.00015999999595806003
1.3148003803078414e-05,0.00015999999595806003
1.3152003803409375e-05,0.00015999999595806003
1.3156003803740337e-05,0.00015999999595806003
1.3160003804071298e-05,0.00015999999595806003
1.316400380440226e-05,0.00015999999595806003
1.3168003804733221e-05,0.00015999999595806003
1.3172003805064183e-05,0.00015999999595806003
1.3176003805395144e-05,0.00015999999595806003
1.3180003805726106e-05,0.00019999999494757503
1.3184003806057067e-05,0.00015999999595806003
1.3188003806388029e-05,0.00015999999595806003
1.319200380671899e-05,0.00015999999595806003
1.3196003807049952e-05,0.00015999999595806003
1.3200003807380913e-05,0.00015999999595806003
1.3204003807711875e-05,0.00015999999595806003
1.3208003808042836e-05,0.00015999999595806003
1.3212003808373797e-05,0.00015999999595806003
1.3216003808704759e-05,0.00015999999595806003
1.322000380903572e-05,0.00015999999595806003
1.3224003809366682e-05,0.00015999999595806003
1.3228003809697643e-05,0.00015999999595806003
1.3232003810028605e-05,0.00015999999595806003
1.3236003810359566e-05,0.00019999999494757503
1.3240003810690528e-05,0.00015999999595806003
1.324400381102149e-05,0.00019999999494757503
1.324800381135245e-05,0.00019999999494757503
1.3252003811683412e-05,0.00015999999595806003
1.3256003812014374e-05,0.00015999999595806003
1.3260003812345335e-05,0.00015999999595806003
1.3264003812676297e-05,0.00015999999595806003
1.3268003813007258e-05,0.00015999999595806003
1.327200381333822e-05,0.00015999999595806003
1.3276003813669181e-05,0.00015999999595806003
1.3280003814000143e-05,0.00015999999595806003
1.3284003814331104e-05,0.00015999999595806003
1.3288003814662066e-05,0.00015999999595806003
1.3292003814993027e-05,0.00015999999595806003
1.3296003815323989e-05,0.00015999999595806003
1.330000381565495e-05,0.00019999999494757503
1.3304003815985912e-05,0.00015999999595806003
1.3308003816316873e-05,0.00019999999494757503
1.3312003816647835e-05,0.00015999999595806003
1.3316003816978796e-05,0.00019999999494757503
1.3320003817309758e-05,0.00015999999595806003
1.3324003817640719e-05,0.00015999999595806003
1.332800381797168e-05,0.00015999999595806003
1.3332003818302642e-05,0.00015999999595806003
1.3336003818633603e-05,0.00015999999595806003
1.3340003818964565e-05,0.00015999999595806003
1.3344003819295526e-05,0.00015999999595806003
1.3348003819626488e-05,0.00015999999595806003
1.335200381995745e-05,0.00015999999595806003
1.3356003820288411e-05,0.00015999999595806003
1.3360003820619372e-05,0.00015999999595806003
1.3364003820950334e-05,0.00019999999494757503
1.3368003821281295e-05,0.00015999999595806003
1.3372003821612257e-05,0.00019999999494757503
1.3376003821943218e-05,0.00015999999595806003
1.338000382227418e-05,0.00019999999494757503
1.3384003822605141e-05,0.00015999999595806003
1.3388003822936103e-05,0.00015999999595806003
1.3392003823267064e-05,0.00015999999595806003
1.3396003823598026e-05,0.00015999999595806003
1.3400003823928987e-05,0.00015999999595806003
1.3404003824259949e-05,0.00015999999595806003
1.340800382459091e-05,0.00015999999595806003
1.3412003824921872e-05,0.00015999999595806003
1.3416003825252833e-05,0.00015999999595806003
1.3420003825583795e-05,0.00019999999494757503
1.3424003825914756e-05,0.00019999999494757503
1.3428003826245718e-05,0.00019999999494757503
1.3432003826576679e-05,0.00019999999494757503
1.343600382690764e-05,0.00019999999494757503
1.3440003827238602e-05,0.00015999999595806003
1.3444003827569564e-05,0.00015999999595806003
1.3448003827900525e-05,0.00015999999595806003
1.3452003828231487e-05,0.00015999999595806003
1.3456003828562448e-05,0.00015999999595806003
1.346000382889341e-05,0.00015999999595806003
1.3464003829224371e-05,0.00015999999595806003
1.3468003829555332e-05,0.00015999999595806003
1.3472003829886294e-05,0.00015999999595806003
1.3476003830217255e-05,0.00015999999595806003
1.3480003830548217e-05,0.00015999999595806003
1.3484003830879178e-05,0.00019999999494757503
1.348800383121014e-05,0.00015999999595806003
1.3492003831541101e-05,0.00019999999494757503
1.3496003831872063e-05,0.00015999999595806003
1.3500003832203024e-05,0.00019999999494757503
1.3504003832533986e-05,0.00015999999595806003
1.3508003832864947e-05,0.00015999999595806003
1.3512003833195909e-05,0.00015999999595806003
1.351600383352687e-05,0.00015999999595806003
1.3520003833857832e-05,0.00015999999595806003
1.3524003834188793e-05,0.00015999999595806003
1.3528003834519755e-05,0.00015999999595806003
1.3532003834850716e-05,0.00015999999595806003
1.3536003835181678e-05,0.00015999999595806003
1.354000383551264e-05,0.00019999999494757503
1.35440038358436e-05,0.00015999999595806003
1.3548003836174562e-05,0.00019999999494757503
1.3552003836505524e-05,0.00019999999494757503
1.3556003836836485e-05,0.00019999999494757503
1.3560003837167447e-05,0.00019999999494757503
1.3564003837498408e-05,0.00019999999494757503
1.356800383782937e-05,0.00015999999595806003
1.3572003838160331e-05,0.00015999999595806003
1.3576003838491293e-05,0.00011999999696854502
1.3580003838822254e-05,0.00015999999595806003
1.3584003839153215e-05,0.00015999999595806003
1.3588003839484177e-05,0.00015999999595806003
1.3592003839815138e-05,0.00015999999595806003
1.35960038401461e-05,0.00019999999494757503
1.3600003840477061e-05,0.00019999999494757503
1.3604003840808023e-05,0.00019999999494757503
1.3608003841138984e-05,0.00015999999595806003
1.3612003841469946e-05,0.00019999999494757503
1.3616003841800907e-05,0.00015999999595806003
1.3620003842131869e-05,0.00015999999595806003
1.362400384246283e-05,0.00015999999595806003
1.3628003842793792e-05,0.00015999999595806003
1.3632003843124753e-05,0.00015999999595806003
1.3636003843455715e-05,0.00019999999494757503
1.3640003843786676e-05,0.00015999999595806003
1.3644003844117638e-05,0.00019999999494757503
1.36480038444486e-05,0.00015999999595806003
1.365200384477956e-05,0.00019999999494757503
1.3656003845110522e-05,0.00015999999595806003
1.3660003845441484e-05,0.00019999999494757503
1.3664003845772445e-05,0.00015999999595806003
1.3668003846103407e-05,0.00019999999494757503
1.3672003846434368e-05,0.00015999999595806003
1.367600384676533e-05,0.00019999999494757503
1.3680003847096291e-05,0.00015999999595806003
1.3684003847427253e-05,0.00015999999595806003
1.3688003847758214e-05,0.00015999999595806003
1.3692003848089176e-05,0.00015999999595806003
1.3696003848420137e-05,0.00015999999595806003
1.3700003848751099e-05,0.00015999999595806003
1.370400384908206e-05,0.00015999999595806003
1.3708003849413021e-05,0.00019999999494757503
1.3712003849743983e-05,0.00015999999595806003
1.3716003850074944e-05,0.00019999999494757503
1.3720003850405906e-05,0.00019999999494757503
1.3724003850736867e-05,0.00019999999494757503
1.3728003851067829e-05,0.00019999999494757503
1.373200385139879e-05,0.00019999999494757503
1.3736003851729752e-05,0.00015999999595806003
1.3740003852060713e-05,0.00015999999595806003
1.3744003852391675e-05,0.00015999999595806003
1.3748003852722636e-05,0.00015999999595806003
1.3752003853053598e-05,0.00015999999595806003
1.375600385338456e-05,0.00015999999595806003
1.376000385371552e-05,0.00015999999595806003
1.3764003854046482e-05,0.00015999999595806003
1.3768003854377444e-05,0.00015999999595806003
1.3772003854708405e-05,0.00015999999595806003
1.3776003855039367e-05,0.00015999999595806003
1.3780003855370328e-05,0.00019999999494757503
1.378400385570129e-05,0.00019999999494757503
1.3788003856032251e-05,0.00019999999494757503
1.3792003856363213e-05,0.00015999999595806003
1.3796003856694174e-05,0.00015999999595806003
1.3800003857025136e-05,0.00015999999595806003
1.3804003857356097e-05,0.00015999999595806003
1.3808003857687059e-05,0.00015999999595806003
1.381200385801802e-05,0.00015999999595806003
1.3816003858348982e-05,0.00015999999595806003
1.3820003858679943e-05,0.00015999999595806003
1.3824003859010905e-05,0.00015999999595806003
1.3828003859341866e-05,0.00019999999494757503
1.3832003859672827e-05,0.00019999999494757503
1.3836003860003789e-05,0.00019999999494757503
1.384000386033475e-05,0.00019999999494757503
1.3844003860665712e-05,0.00019999999494757503
1.3848003860996673e-05,0.00015999999595806003
1.3852003861327635e-05,0.00015999999595806003
1.3856003861658596e-05,0.00015999999595806003
1.3860003861989558e-05,0.00015999999595806003
1.386400386232052e-05,0.00015999999595806003
1.3868003862651481e-05,0.00015999999595806003
1.3872003862982442e-05,0.00015999999595806003
1.3876003863313404e-05,0.00015999999595806003
1.3880003863644365e-05,0.00015999999595806003
1.3884003863975327e-05,0.00015999999595806003
1.3888003864306288e-05,0.00015999999595806003
1.389200386463725e-05,0.00015999999595806003
1.3896003864968211e-05,0.00015999999595806003
1.3900003865299173e-05,0.00019999999494757503
1.3904003865630134e-05,0.00015999999595806003
1.3908003865961096e-05,0.00019999999494757503
1.3912003866292057e-05,0.00015999999595806003
1.3916003866623019e-05,0.00015999999595806003
1.392000386695398e-05,0.00015999999595806003
1.3924003867284942e-05,0.00015999999595806003
1.3928003867615903e-05,0.00015999999595806003
1.3932003867946865e-05,0.00019999999494757503
1.3936003868277826e-05,0.00015999999595806003
1.3940003868608788e-05,0.00015999999595806003
1.3944003868939749e-05,0.00011999999696854502
1.394800386927071e-05,0.00015999999595806003
1.3952003869601672e-05,0.00015999999595806003
1.3956003869932633e-05,0.00015999999595806003
1.3960003870263595e-05,0.00015999999595806003
1.3964003870594556e-05,0.00019999999494757503
1.3968003870925518e-05,0.00015999999595806003
1.397200387125648e-05,0.00019999999494757503
1.3976003871587441e-05,0.00015999999595806003
1.3980003871918402e-05,0.00015999999595806003
1.3984003872249364e-05,0.00015999999595806003
1.3988003872580325e-05,0.00015999999595806003
1.3992003872911287e-05,0.00015999999595806003
1.3996003873242248e-05,0.00019999999494757503
1.400000387357321e-05,0.00015999999595806003
1.4004003873904171e-05,0.00019999999494757503
1.4008003874235133e-05,0.00015999999595806003
1.4012003874566094e-05,0.00019999999494757503
1.4016003874897056e-05,0.00015999999595806003
1.4020003875228017e-05,0.00015999999595806003
1.4024003875558979e-05,0.00015999999595806003
1.402800387588994e-05,0.00019999999494757503
1.4032003876220902e-05,0.00015999999595806003
1.4036003876551863e-05,0.00015999999595806003
1.4040003876882825e-05,0.00019999999494757503
1.4044003877213786e-05,0.00019999999494757503
1.4048003877544748e-05,0.00015999999595806003
1.4052003877875709e-05,0.00015999999595806003
1.405600387820667e-05,0.00015999999595806003
1.4060003878537632e-05,0.00015999999595806003
1.4064003878868594e-05,0.00015999999595806003
1.4068003879199555e-05,0.00015999999595806003
1.4072003879530517e-05,0.00015999999595806003
1.4076003879861478e-05,0.00019999999494757503
1.408000388019244e-05,0.00015999999595806003
1.4084003880523401e-05,0.00019999999494757503
1.4088003880854362e-05,0.00015999999595806003
1.4092003881185324e-05,0.00019999999494757503
1.4096003881516285e-05,0.00015999999595806003
1.4100003881847247e-05,0.00019999999494757503
1.4104003882178208e-05,0.00015999999595806003
1.410800388250917e-05,0.00015999999595806003
1.4112003882840131e-05,0.00015999999595806003
1.4116003883171093e-05,0.00015999999595806003
1.4120003883502054e-05,0.00015999999595806003
1.4124003883833016e-05,0.00019999999494757503
1.4128003884163977e-05,0.00015999999595806003
1.4132003884494939e-05,0.00015999999595806003
1.41360038848259e-05,0.00015999999595806003
1.4140003885156862e-05,0.00015999999595806003
1.4144003885487823e-05,0.00015999999595806003
1.4148003885818785e-05,0.00019999999494757503
1.4152003886149746e-05,0.00015999999595806003
1.4156003886480708e-05,0.00019999999494757503
1.416000388681167e-05,0.00015999999595806003
1.416400388714263e-05,0.00015999999595806003
1.4168003887473592e-05,0.00015999999595806003
1.4172003887804554e-05,0.00019999999494757503
1.4176003888135515e-05,0.00015999999595806003
1.4180003888466477e-05,0.00019999999494757503
1.4184003888797438e-05,0.00015999999595806003
1.41880038891284e-05,0.00015999999595806003
1.4192003889459361e-05,0.00015999999595806003
1.4196003889790323e-05,0.00015999999595806003
1.4200003890121284e-05,0.00015999999595806003
1.4204003890452246e-05,0.00019999999494757503
1.4208003890783207e-05,0.00019999999494757503
1.4212003891114168e-05,0.00019999999494757503
1.421600389144513e-05,0.00015999999595806003
1.4220003891776091e-05,0.00015999999595806003
1.4224003892107053e-05,0.00015999999595806003
1.4228003892438014e-05,0.00015999999595806003
1.4232003892768976e-05,0.00015999999595806003
1.4236003893099937e-05,0.00019999999494757503
1.4240003893430899e-05,0.00015999999595806003
1.424400389376186e-05,0.00015999999595806003
1.4248003894092822e-05,0.00015999999595806003
1.4252003894423783e-05,0.00015999999595806003
1.4256003894754745e-05,0.00015999999595806003
1.4260003895085706e-05,0.00015999999595806003
1.4264003895416668e-05,0.00015999999595806003
1.426800389574763e-05,0.00019999999494757503
1.427200389607859e-05,0.00015999999595806003
1.4276003896409552e-05,0.00019999999494757503
1.4280003896740514e-05,0.00015999999595806003
1.4284003897071475e-05,0.00015999999595806003
1.4288003897402437e-05,0.00015999999595806003
1.4292003897733398e-05,0.00015999999595806003
1.429600389806436e-05,0.00015999999595806003
1.4300003898395321e-05,0.00019999999494757503
1.4304003898726283e-05,0.00015999999595806003
1.4308003899057244e-05,0.00015999999595806003
1.4312003899388206e-05,0.00015999999595806003
1.4316003899719167e-05,0.00015999999595806003
1.4320003900050129e-05,0.00015999999595806003
1.432400390038109e-05,0.00015999999595806003
1.4328003900712052e-05,0.00015999999595806003
1.4332003901043013e-05,0.00015999999595806003
1.4336003901373974e-05,0.00015999999595806003
1.4340003901704936e-05,0.00015999999595806003
1.4344003902035897e-05,0.00015999999595806003
1.4348003902366859e-05,0.00015999999595806003
1.435200390269782e-05,0.00015999999595806003
1.4356003903028782e-05,0.00019999999494757503
1.4360003903359743e-05,0.00015999999595806003
1.4364003903690705e-05,0.00019999999494757503
1.4368003904021666e-05,0.00015999999595806003
1.4372003904352628e-05,0.00019999999494757503
1.437600390468359e-05,0.00015999999595806003
1.438000390501455e-05,0.00015999999595806003
1.4384003905345512e-05,0.00015999999595806003
1.4388003905676474e-05,0.00015999999595806003
1.4392003906007435e-05,0.00011999999696854502
1.4396003906338397e-05,0.00015999999595806003
1.4400003906669358e-05,0.00015999999595806003
1.440400390700032e-05,0.00015999999595806003
1.4408003907331281e-05,0.00015999999595806003
1.4412003907662243e-05,0.00019999999494757503
1.4416003907993204e-05,0.00015999999595806003
1.4420003908324166e-05,0.00015999999595806003
1.4424003908655127e-05,0.00015999999595806003
1.4428003908986089e-05,0.00015999999595806003
1.443200390931705e-05,0.00015999999595806003
1.4436003909648012e-05,0.00015999999595806003
1.4440003909978973e-05,0.00015999999595806003
1.4444003910309935e-05,0.00015999999595806003
1.4448003910640896e-05,0.00015999999595806003
1.4452003910971858e-05,0.00015999999595806003
1.4456003911302819e-05,0.00015999999595806003
1.446000391163378e-05,0.00015999999595806003
1.4464003911964742e-05,0.00015999999595806003
1.4468003912295703e-05,0.00019999999494757503
1.4472003912626665e-05,0.00015999999595806003
1.4476003912957626e-05,0.00015999999595806003
1.4480003913288588e-05,0.00015999999595806003
1.448400391361955e-05,0.00015999999595806003
1.4488003913950511e-05,0.00015999999595806003
1.4492003914281472e-05,0.00015999999595806003
1.4496003914612434e-05,0.00015999999595806003
1.4500003914943395e-05,0.00015999999595806003
1.4504003915274357e-05,0.00015999999595806003
1.4508003915605318e-05,0.00019999999494757503
1.451200391593628e-05,0.00015999999595806003
1.4516003916267241e-05,0.00019999999494757503
1.4520003916598203e-05,0.00015999999595806003
1.4524003916929164e-05,0.00015999999595806003
1.4528003917260126e-05,0.00015999999595806003
1.4532003917591087e-05,0.00015999999595806003
1.4536003917922049e-05,0.00015999999595806003
1.454000391825301e-05,0.00019999999494757503
1.4544003918583972e-05,0.00015999999595806003
1.4548003918914933e-05,0.00015999999595806003
1.4552003919245895e-05,0.00015999999595806003
1.4556003919576856e-05,0.00015999999595806003
1.4560003919907818e-05,0.00015999999595806003
1.4564003920238779e-05,0.00015999999595806003
1.456800392056974e-05,0.00015999999595806003
1.4572003920900702e-05,0.00015999999595806003
1.4576003921231664e-05,0.00015999999595806003
1.4580003921562625e-05,0.00015999999595806003
1.4584003921893586e-05,0.00015999999595806003
1.4588003922224548e-05,0.00015999999595806003
1.459200392255551e-05,0.00015999999595806003
1.4596003922886471e-05,0.00019999999494757503
1.4600003923217432e-05,0.00015999999595806003
1.4604003923548394e-05,0.00019999999494757503
1.4608003923879355e-05,0.00015999999595806003
1.4612003924210317e-05,0.00015999999595806003
1.4616003924541278e-05,0.00015999999595806003
1.462000392487224e-05,0.00015999999595806003
1.4624003925203201e-05,0.00015999999595806003
1.4628003925534163e-05,0.00015999999595806003
1.4632003925865124e-05,0.00015999999595806003
1.4636003926196086e-05,0.00019999999494757503
1.4640003926527047e-05,0.00015999999595806003
1.4644003926858009e-05,0.00019999999494757503
1.464800392718897e-05,0.00015999999595806003
1.4652003927519932e-05,0.00019999999494757503
1.4656003927850893e-05,0.00015999999595806003
1.4660003928181855e-05,0.00015999999595806003
1.4664003928512816e-05,0.00015999999595806003
1.4668003928843778e-05,0.00015999999595806003
1.4672003929174739e-05,0.00015999999595806003
1.46760039295057e-05,0.00015999999595806003
1.4680003929836662e-05,0.00015999999595806003
1.4684003930167624e-05,0.00015999999595806003
1.4688003930498585e-05,0.00015999999595806003
1.4692003930829547e-05,0.00015999999595806003
1.4696003931160508e-05,0.00015999999595806003
1.470000393149147e-05,0.00019999999494757503
1.4704003931822431e-05,0.00015999999595806003
1.4708003932153392e-05,0.00015999999595806003
1.4712003932484354e-05,0.00015999999595806003
1.4716003932815315e-05,0.00015999999595806003
1.4720003933146277e-05,0.00015999999595806003
1.4724003933477238e-05,0.00019999999494757503
1.47280039338082e-05,0.00015999999595806003
1.4732003934139161e-05,0.00019999999494757503
1.4736003934470123e-05,0.00015999999595806003
1.4740003934801084e-05,0.00015999999595806003
1.4744003935132046e-05,0.00015999999595806003
1.4748003935463007e-05,0.00015999999595806003
1.4752003935793969e-05,0.00015999999595806003
1.475600393612493e-05,0.00015999999595806003
1.4760003936455892e-05,0.00015999999595806003
1.4764003936786853e-05,0.00015999999595806003
1.4768003937117815e-05,0.00015999999595806003
1.4772003937448776e-05,0.00015999999595806003
1.4776003937779738e-05,0.00015999999595806003
1.47800039381107e-05,0.00019999999494757503
1.478400393844166e-05,0.00015999999595806003
1.4788003938772622e-05,0.00019999999494757503
1.4792003939103584e-05,0.00015999999595806003
1.4796003939434545e-05,0.00015999999595806003
1.4800003939765507e-05,0.00015999999595806003
1.4804003940096468e-05,0.00015999999595806003
1.480800394042743e-05,0.00015999999595806003
1.4812003940758391e-05,0.00019999999494757503
1.4816003941089353e-05,0.00015999999595806003
1.4820003941420314e-05,0.00015999999595806003
1.4824003941751276e-05,0.00015999999595806003
1.4828003942082237e-05,0.00015999999595806003
1.4832003942413198e-05,0.00015999999595806003
1.483600394274416e-05,0.00019999999494757503
1.4840003943075121e-05,0.00015999999595806003
1.4844003943406083e-05,0.00015999999595806003
1.4848003943737044e-05,0.00015999999595806003
1.4852003944068006e-05,0.00015999999595806003
1.4856003944398967e-05,0.00015999999595806003
1.4860003944729929e-05,0.00019999999494757503
1.486400394506089e-05,0.00015999999595806003
1.4868003945391852e-05,0.00015999999595806003
1.4872003945722813e-05,0.00015999999595806003
1.4876003946053775e-05,0.00015999999595806003
1.4880003946384736e-05,0.00015999999595806003
1.4884003946715698e-05,0.00015999999595806003
1.488800394704666e-05,0.00015999999595806003
1.489200394737762e-05,0.00019999999494757503
1.4896003947708582e-05,0.00015999999595806003
1.4900003948039544e-05,0.00019999999494757503
1.4904003948370505e-05,0.00015999999595806003
1.4908003948701467e-05,0.00015999999595806003
1.4912003949032428e-05,0.00015999999595806003
1.491600394936339e-05,0.00015999999595806003
1.4920003949694351e-05,0.00015999999595806003
1.4924003950025313e-05,0.00015999999595806003
1.4928003950356274e-05,0.00015999999595806003
1.4932003950687236e-05,0.00019999999494757503
1.4936003951018197e-05,0.00015999999595806003
1.4940003951349159e-05,0.00019999999494757503
1.494400395168012e-05,0.00015999999595806003
1.4948003952011082e-05,0.00015999999595806003
1.4952003952342043e-05,0.00015999999595806003
1.4956003952673004e-05,0.00015999999595806003
1.4960003953003966e-05,0.00015999999595806003
1.4964003953334927e-05,0.00015999999595806003
1.4968003953665889e-05,0.00015999999595806003
1.497200395399685e-05,0.00019999999494757503
1.4976003954327812e-05,0.00015999999595806003
1.4980003954658773e-05,0.00019999999494757503
1.4984003954989735e-05,0.00015999999595806003
1.4988003955320696e-05,0.00015999999595806003
1.4992003955651658e-05,0.00015999999595806003
1.499600395598262e-05,0.00015999999595806003
1.500000395631358e-05,0.00015999999595806003
1.5004003956644542e-05,0.00019999999494757503
1.5008003956975504e-05,0.00015999999595806003
1.5012003957306465e-05,0.00015999999595806003
1.5016003957637427e-05,0.00015999999595806003
1.5020003957968388e-05,0.00019999999494757503
1.502400395829935e-05,0.00015999999595806003
1.5028003958630311e-05,0.00015999999595806003
1.5032003958961273e-05,0.00015999999595806003
1.5036003959292234e-05,0.00015999999595806003
1.5040003959623196e-05,0.00015999999595806003
1.5044003959954157e-05,0.00019999999494757503
1.5048003960285119e-05,0.00015999999595806003
1.505200396061608e-05,0.00019999999494757503
1.5056003960947042e-05,0.00019999999494757503
1.5060003961278003e-05,0.00019999999494757503
1.5064003961608965e-05,0.00015999999595806003
1.5068003961939926e-05,0.00015999999595806003
1.5072003962270888e-05,0.00015999999595806003
1.5076003962601849e-05,0.00015999999595806003
1.508000396293281e-05,0.00015999999595806003
1.5084003963263772e-05,0.00015999999595806003
1.5088003963594733e-05,0.00015999999595806003
1.5092003963925695e-05,0.00019999999494757503
1.5096003964256656e-05,0.00015999999595806003
1.5100003964587618e-05,0.00019999999494757503
1.510400396491858e-05,0.00015999999595806003
1.5108003965249541e-05,0.00015999999595806003
1.5112003965580502e-05,0.00015999999595806003
1.5116003965911464e-05,0.00015999999595806003
1.5120003966242425e-05,0.00015999999595806003
1.5124003966573387e-05,0.00019999999494757503
1.5128003966904348e-05,0.00015999999595806003
1.513200396723531e-05,0.00019999999494757503
1.5136003967566271e-05,0.00015999999595806003
1.5140003967897233e-05,0.00015999999595806003
1.5144003968228194e-05,0.00015999999595806003
1.5148003968559156e-05,0.00015999999595806003
1.5152003968890117e-05,0.00015999999595806003
1.5156003969221079e-05,0.00015999999595806003
1.516000396955204e-05,0.00015999999595806003
1.5164003969883002e-05,0.00015999999595806003
1.5168003970213963e-05,0.00015999999595806003
1.5172003970544925e-05,0.00019999999494757503
1.5176003970875886e-05,0.00015999999595806003
1.5180003971206848e-05,0.00019999999494757503
1.5184003971537809e-05,0.00015999999595806003
1.518800397186877e-05,0.00019999999494757503
1.5192003972199732e-05,0.00015999999595806003
1.5196003972530694e-05,0.00015999999595806003
1.5200003972861655e-05,0.00015999999595806003
1.5204003973192617e-05,0.00015999999595806003
1.5208003973523578e-05,0.00015999999595806003
1.521200397385454e-05,0.00015999999595806003
1.5216003974185501e-05,0.00015999999595806003
1.5220003974516462e-05,0.00019999999494757503
1.5224003974847424e-05,0.00015999999595806003
1.5228003975178385e-05,0.00019999999494757503
1.5232003975509347e-05,0.00015999999595806003
1.5236003975840308e-05,0.00019999999494757503
1.524000397617127e-05,0.00015999999595806003
1.5244003976502231e-05,0.00015999999595806003
1.5248003976833193e-05,0.00015999999595806003
1.5252003977164154e-05,0.00015999999595806003
1.5256003977495116e-05,0.00015999999595806003
1.5260003977826077e-05,0.00019999999494757503
1.526400397815704e-05,0.00015999999595806003
1.5268003978488e-05,0.00019999999494757503
1.5272003978818962e-05,0.00015999999595806003
1.5276003979149923e-05,0.00015999999595806003
1.5280003979480885e-05,0.00015999999595806003
1.5284003979811846e-05,0.00015999999595806003
1.5288003980142808e-05,0.00015999999595806003
1.529200398047377e-05,0.00015999999595806003
1.529600398080473e-05,0.00015999999595806003
1.5300003981135692e-05,0.00019999999494757503
1.5304003981466654e-05,0.00015999999595806003
1.5308003981797615e-05,0.00019999999494757503
1.5312003982128577e-05,0.00015999999595806003
1.5316003982459538e-05,0.00019999999494757503
1.53200039827905e-05,0.00015999999595806003
1.532400398312146e-05,0.00015999999595806003
1.5328003983452423e-05,0.00015999999595806003
1.5332003983783384e-05,0.00015999999595806003
1.5336003984114345e-05,0.00015999999595806003
1.5340003984445307e-05,0.00019999999494757503
1.534400398477627e-05,0.00015999999595806003
1.534800398510723e-05,0.00015999999595806003
1.535200398543819e-05,0.00015999999595806003
1.5356003985769153e-05,0.00015999999595806003
1.5360003986100114e-05,0.00015999999595806003
1.5364003986431076e-05,0.00015999999595806003
1.5368003986762037e-05,0.00015999999595806003
1.5372003987093e-05,0.00015999999595806003
1.537600398742396e-05,0.00015999999595806003
1.5380003987754922e-05,0.00019999999494757503
1.5384003988085883e-05,0.00019999999494757503
1.5388003988416845e-05,0.00019999999494757503
1.5392003988747806e-05,0.00015999999595806003
1.5396003989078768e-05,0.00015999999595806003
1.540000398940973e-05,0.00015999999595806003
1.540400398974069e-05,0.00015999999595806003
1.5408003990071652e-05,0.00015999999595806003
1.5412003990402614e-05,0.00019999999494757503
1.5416003990733575e-05,0.00015999999595806003
1.5420003991064537e-05,0.00019999999494757503
1.5424003991395498e-05,0.00015999999595806003
1.542800399172646e-05,0.00019999999494757503
1.543200399205742e-05,0.00015999999595806003
1.5436003992388383e-05,0.00015999999595806003
1.5440003992719344e-05,0.00015999999595806003
1.5444003993050306e-05,0.00015999999595806003
1.5448003993381267e-05,0.00015999999595806003
1.545200399371223e-05,0.00015999999595806003
1.545600399404319e-05,0.00015999999595806003
1.546000399437415e-05,0.00019999999494757503
1.5464003994705113e-05,0.00015999999595806003
1.5468003995036074e-05,0.00019999999494757503
1.5472003995367036e-05,0.00015999999595806003
1.5476003995697997e-05,0.00019999999494757503
1.548000399602896e-05,0.00015999999595806003
1.548400399635992e-05,0.00015999999595806003
1.5488003996690882e-05,0.00015999999595806003
1.5492003997021843e-05,0.00015999999595806003
1.5496003997352805e-05,0.00015999999595806003
1.5500003997683766e-05,0.00019999999494757503
1.5504003998014728e-05,0.00015999999595806003
1.550800399834569e-05,0.00015999999595806003
1.551200399867665e-05,0.00015999999595806003
1.5516003999007612e-05,0.00015999999595806003
1.5520003999338574e-05,0.00015999999595806003
1.5524003999669535e-05,0.00019999999494757503
1.5528004000000497e-05,0.00015999999595806003
1.5532004000331458e-05,0.00015999999595806003
1.553600400066242e-05,0.00015999999595806003
1.554000400099338e-05,0.00015999999595806003
1.5544004001324343e-05,0.00015999999595806003
1.5548004001655304e-05,0.00019999999494757503
1.5552004001986266e-05,0.00015999999595806003
1.5556004002317227e-05,0.00019999999494757503
1.556000400264819e-05,0.00015999999595806003
1.556400400297915e-05,0.00015999999595806003
1.556800400331011e-05,0.00015999999595806003
1.5572004003641073e-05,0.00015999999595806003
1.5576004003972035e-05,0.00015999999595806003
1.5580004004302996e-05,0.00015999999595806003
1.5584004004633957e-05,0.00015999999595806003
1.558800400496492e-05,0.00019999999494757503
1.559200400529588e-05,0.00019999999494757503
1.5596004005626842e-05,0.00019999999494757503
1.5600004005957803e-05,0.00015999999595806003
1.5604004006288765e-05,0.00019999999494757503
1.5608004006619726e-05,0.00015999999595806003
1.5612004006950688e-05,0.00015999999595806003
1.561600400728165e-05,0.00015999999595806003
1.562000400761261e-05,0.00015999999595806003
1.5624004007943572e-05,0.00015999999595806003
1.5628004008274534e-05,0.00019999999494757503
1.5632004008605495e-05,0.00015999999595806003
1.5636004008936457e-05,0.00019999999494757503
1.5640004009267418e-05,0.00015999999595806003
1.564400400959838e-05,0.00019999999494757503
1.564800400992934e-05,0.00015999999595806003
1.5652004010260303e-05,0.00019999999494757503
1.5656004010591264e-05,0.00015999999595806003
1.5660004010922226e-05,0.00015999999595806003
1.5664004011253187e-05,0.00011999999696854502
1.566800401158415e-05,0.00015999999595806003
1.567200401191511e-05,0.00011999999696854502
1.567600401224607e-05,0.00015999999595806003
1.5680004012577033e-05,0.00015999999595806003
1.5684004012907995e-05,0.00019999999494757503
1.5688004013238956e-05,0.00019999999494757503
1.5692004013569918e-05,0.00019999999494757503
1.569600401390088e-05,0.00019999999494757503
1.570000401423184e-05,0.00019999999494757503
1.5704004014562802e-05,0.00019999999494757503
1.5708004014893763e-05,0.00019999999494757503
1.5712004015224725e-05,0.00015999999595806003
1.5716004015555686e-05,0.00015999999595806003
1.5720004015886648e-05,0.00011999999696854502
1.572400401621761e-05,0.00011999999696854502
1.572800401654857e-05,0.00011999999696854502
1.5732004016879532e-05,0.00015999999595806003
1.5736004017210494e-05,0.00011999999696854502
1.5740004017541455e-05,0.00015999999595806003
1.5744004017872417e-05,0.00015999999595806003
1.574800401820338e-05,0.00019999999494757503
1.575200401853434e-05,0.00023999999393709004
1.57560040188653e-05,0.00023999999393709004
1.5760004019196263e-05,0.00019999999494757503
1.5764004019527224e-05,0.00023999999393709004
1.5768004019858186e-05,0.00019999999494757503
1.5772004020189147e-05,0.00019999999494757503
1.577600402052011e-05,0.00011999999696854502
1.578000402085107e-05,0.00015999999595806003
1.578400402118203e-05,0.00011999999696854502
1.5788004021512993e-05,0.00011999999696854502
1.5792004021843955e-05,0.00011999999696854502
1.5796004022174916e-05,0.00015999999595806003
1.5800004022505878e-05,0.00015999999595806003
1.580400402283684e-05,0.00019999999494757503
1.58080040231678e-05,0.00015999999595806003
1.5812004023498762e-05,0.00023999999393709004
1.5816004023829724e-05,0.00019999999494757503
1.5820004024160685e-05,0.00023999999393709004
1.5824004024491647e-05,0.00019999999494757503
1.5828004024822608e-05,0.00019999999494757503
1.583200402515357e-05,0.00019999999494757503
1.583600402548453e-05,0.00015999999595806003
1.5840004025815492e-05,0.00015999999595806003
1.5844004026146454e-05,0.00015999999595806003
1.5848004026477415e-05,0.00011999999696854502
1.5852004026808377e-05,0.00011999999696854502
1.585600402713934e-05,0.00011999999696854502
1.58600040274703e-05,0.00015999999595806003
1.586400402780126e-05,0.00015999999595806003
1.5868004028132223e-05,0.00019999999494757503
1.5872004028463184e-05,0.00019999999494757503
1.5876004028794146e-05,0.00023999999393709004
1.5880004029125107e-05,0.00019999999494757503
1.588400402945607e-05,0.00019999999494757503
1.588800402978703e-05,0.00019999999494757503
1.5892004030117992e-05,0.00015999999595806003
1.5896004030448953e-05,0.00015999999595806003
1.5900004030779915e-05,0.00015999999595806003
1.5904004031110876e-05,0.00011999999696854502
1.5908004031441838e-05,0.00015999999595806003
1.59120040317728e-05,0.00011999999696854502
1.591600403210376e-05,0.00015999999595806003
1.5920004032434722e-05,0.00015999999595806003
1.5924004032765684e-05,0.00015999999595806003
1.5928004033096645e-05,0.00015999999595806003
1.5932004033427607e-05,0.00019999999494757503
1.5936004033758568e-05,0.00019999999494757503
1.594000403408953e-05,0.00019999999494757503
1.594400403442049e-05,0.00019999999494757503
1.5948004034751453e-05,0.00019999999494757503
1.5952004035082414e-05,0.00015999999595806003
1.5956004035413375e-05,0.00015999999595806003
1.5960004035744337e-05,0.00015999999595806003
1.59640040360753e-05,0.00015999999595806003
1.596800403640626e-05,0.00015999999595806003
1.597200403673722e-05,0.00015999999595806003
1.5976004037068183e-05,0.00011999999696854502
1.5980004037399144e-05,0.00015999999595806003
1.5984004037730106e-05,0.00015999999595806003
1.5988004038061067e-05,0.00019999999494757503
1.599200403839203e-05,0.00015999999595806003
1.599600403872299e-05,0.00019999999494757503
1.6000004039053952e-05,0.00019999999494757503
1.6004004039384913e-05,0.00019999999494757503
1.6008004039715875e-05,0.00015999999595806003
1.6012004040046836e-05,0.00019999999494757503
1.6016004040377798e-05,0.00015999999595806003
1.602000404070876e-05,0.00019999999494757503
1.602400404103972e-05,0.00015999999595806003
1.6028004041370682e-05,0.00015999999595806003
1.6032004041701644e-05,0.00015999999595806003
1.6036004042032605e-05,0.00015999999595806003
1.6040004042363567e-05,0.00015999999595806003
1.6044004042694528e-05,0.00015999999595806003
1.604800404302549e-05,0.00015999999595806003
1.605200404335645e-05,0.00015999999595806003
1.6056004043687413e-05,0.00015999999595806003
1.6060004044018374e-05,0.00019999999494757503
1.6064004044349336e-05,0.00019999999494757503
1.6068004044680297e-05,0.00019999999494757503
1.607200404501126e-05,0.00015999999595806003
1.607600404534222e-05,0.00019999999494757503
1.608000404567318e-05,0.00015999999595806003
1.6084004046004143e-05,0.00015999999595806003
1.6088004046335104e-05,0.00015999999595806003
1.6092004046666066e-05,0.00015999999595806003
1.6096004046997027e-05,0.00015999999595806003
1.610000404732799e-05,0.00015999999595806003
1.610400404765895e-05,0.00015999999595806003
1.6108004047989912e-05,0.00015999999595806003
1.6112004048320873e-05,0.00015999999595806003
1.6116004048651835e-05,0.00019999999494757503
1.6120004048982796e-05,0.00015999999595806003
1.6124004049313758e-05,0.00015999999595806003
1.612800404964472e-05,0.00015999999595806003
1.613200404997568e-05,0.00015999999595806003
1.6136004050306642e-05,0.00015999999595806003
1.6140004050637604e-05,0.00019999999494757503
1.6144004050968565e-05,0.00015999999595806003
1.6148004051299527e-05,0.00015999999595806003
1.6152004051630488e-05,0.00015999999595806003
1.615600405196145e-05,0.00015999999595806003
1.616000405229241e-05,0.00015999999595806003
1.6164004052623373e-05,0.00015999999595806003
1.6168004052954334e-05,0.00015999999595806003
1.6172004053285296e-05,0.00015999999595806003
1.6176004053616257e-05,0.00015999999595806003
1.618000405394722e-05,0.00015999999595806003
1.618400405427818e-05,0.00015999999595806003
1.618800405460914e-05,0.00015999999595806003
1.6192004054940103e-05,0.00015999999595806003
1.6196004055271065e-05,0.00019999999494757503
1.6200004055602026e-05,0.00015999999595806003
1.6204004055932988e-05,0.00019999999494757503
1.620800405626395e-05,0.00015999999595806003
1.621200405659491e-05,0.00019999999494757503
1.6216004056925872e-05,0.00015999999595806003
1.6220004057256833e-05,0.00015999999595806003
1.6224004057587795e-05,0.00015999999595806003
1.6228004057918756e-05,0.00015999999595806003
1.6232004058249718e-05,0.00015999999595806003
1.623600405858068e-05,0.00015999999595806003
1.624000405891164e-05,0.00015999999595806003
1.6244004059242602e-05,0.00019999999494757503
1.6248004059573564e-05,0.00015999999595806003
1.6252004059904525e-05,0.00015999999595806003
1.6256004060235487e-05,0.00015999999595806003
1.6260004060566448e-05,0.00019999999494757503
1.626400406089741e-05,0.00015999999595806003
1.626800406122837e-05,0.00019999999494757503
1.6272004061559333e-05,0.00015999999595806003
1.6276004061890294e-05,0.00019999999494757503
1.6280004062221256e-05,0.00015999999595806003
1.6284004062552217e-05,0.00015999999595806003
1.628800406288318e-05,0.00015999999595806003
1.629200406321414e-05,0.00015999999595806003
1.62960040635451e-05,0.00015999999595806003
1.6300004063876063e-05,0.00015999999595806003
1.6304004064207025e-05,0.00015999999595806003
1.6308004064537986e-05,0.00019999999494757503
1.6312004064868948e-05,0.00015999999595806003
1.631600406519991e-05,0.00015999999595806003
1.632000406553087e-05,0.00015999999595806003
1.6324004065861832e-05,0.00019999999494757503
1.6328004066192794e-05,0.00015999999595806003
1.6332004066523755e-05,0.00015999999595806003
1.6336004066854716e-05,0.00015999999595806003
1.6340004067185678e-05,0.00015999999595806003
1.634400406751664e-05,0.00015999999595806003
1.63480040678476e-05,0.00015999999595806003
1.6352004068178562e-05,0.00015999999595806003
1.6356004068509524e-05,0.00015999999595806003
1.6360004068840485e-05,0.00015999999595806003
1.6364004069171447e-05,0.00015999999595806003
1.636800406950241e-05,0.00015999999595806003
1.637200406983337e-05,0.00015999999595806003
1.637600407016433e-05,0.00015999999595806003
1.6380004070495293e-05,0.00019999999494757503
1.6384004070826254e-05,0.00015999999595806003
1.6388004071157216e-05,0.00015999999595806003
1.6392004071488177e-05,0.00015999999595806003
1.639600407181914e-05,0.00019999999494757503
1.64000040721501e-05,0.00015999999595806003
1.6404004072481062e-05,0.00019999999494757503
1.6408004072812023e-05,0.00015999999595806003
1.6412004073142985e-05,0.00015999999595806003
1.6416004073473946e-05,0.00011999999696854502
1.6420004073804908e-05,0.00015999999595806003
1.642400407413587e-05,0.00015999999595806003
1.642800407446683e-05,0.00015999999595806003
1.6432004074797792e-05,0.00015999999595806003
1.6436004075128754e-05,0.00015999999595806003
1.6440004075459715e-05,0.00015999999595806003
1.6444004075790677e-05,0.00019999999494757503
1.6448004076121638e-05,0.00019999999494757503
1.64520040764526e-05,0.00019999999494757503
1.645600407678356e-05,0.00019999999494757503
1.6460004077114522e-05,0.00019999999494757503
1.6464004077445484e-05,0.00015999999595806003
1.6468004077776445e-05,0.00015999999595806003
1.6472004078107407e-05,0.00015999999595806003
1.647600407843837e-05,0.00015999999595806003
1.648000407876933e-05,0.00015999999595806003
1.648400407910029e-05,0.00019999999494757503
1.6488004079431253e-05,0.00019999999494757503
1.6492004079762214e-05,0.00015999999595806003
1.6496004080093176e-05,0.00015999999595806003
1.6500004080424137e-05,0.00015999999595806003
1.65040040807551e-05,0.00015999999595806003
1.650800408108606e-05,0.00019999999494757503
1.6512004081417022e-05,0.00015999999595806003
1.6516004081747983e-05,0.00015999999595806003
1.6520004082078945e-05,0.00015999999595806003
1.6524004082409906e-05,0.00015999999595806003
1.6528004082740868e-05,0.00015999999595806003
1.653200408307183e-05,0.00015999999595806003
1.653600408340279e-05,0.00015999999595806003
1.6540004083733752e-05,0.00019999999494757503
1.6544004084064714e-05,0.00015999999595806003
1.6548004084395675e-05,0.00015999999595806003
1.6552004084726637e-05,0.00015999999595806003
1.6556004085057598e-05,0.00019999999494757503
1.656000408538856e-05,0.00015999999595806003
1.656400408571952e-05,0.00019999999494757503
1.6568004086050483e-05,0.00015999999595806003
1.6572004086381444e-05,0.00015999999595806003
1.6576004086712406e-05,0.00015999999595806003
1.6580004087043367e-05,0.00015999999595806003
1.658400408737433e-05,0.00015999999595806003
1.658800408770529e-05,0.00019999999494757503
1.659200408803625e-05,0.00015999999595806003
1.6596004088367213e-05,0.00015999999595806003
1.6600004088698174e-05,0.00015999999595806003
1.6604004089029136e-05,0.00019999999494757503
1.6608004089360097e-05,0.00015999999595806003
1.661200408969106e-05,0.00015999999595806003
1.661600409002202e-05,0.00015999999595806003
1.6620004090352982e-05,0.00015999999595806003
1.6624004090683943e-05,0.00015999999595806003
1.6628004091014905e-05,0.00015999999595806003
1.6632004091345866e-05,0.00015999999595806003
1.6636004091676828e-05,0.00015999999595806003
1.664000409200779e-05,0.00015999999595806003
1.664400409233875e-05,0.00015999999595806003
1.6648004092669712e-05,0.00015999999595806003
1.6652004093000674e-05,0.00015999999595806003
1.6656004093331635e-05,0.00015999999595806003
1.6660004093662597e-05,0.00019999999494757503
1.6664004093993558e-05,0.00015999999595806003
1.666800409432452e-05,0.00015999999595806003
1.667200409465548e-05,0.00015999999595806003
1.6676004094986443e-05,0.00015999999595806003
1.6680004095317404e-05,0.00015999999595806003
1.6684004095648366e-05,0.00019999999494757503
1.6688004095979327e-05,0.00015999999595806003
1.669200409631029e-05,0.00015999999595806003
1.669600409664125e-05,0.00015999999595806003
1.670000409697221e-05,0.00019999999494757503
1.6704004097303173e-05,0.00015999999595806003
1.6708004097634134e-05,0.00015999999595806003
1.6712004097965096e-05,0.00015999999595806003
1.6716004098296057e-05,0.00015999999595806003
1.672000409862702e-05,0.00015999999595806003
1.672400409895798e-05,0.00015999999595806003
1.6728004099288942e-05,0.00015999999595806003
1.6732004099619903e-05,0.00019999999494757503
1.6736004099950865e-05,0.00015999999595806003
1.6740004100281826e-05,0.00015999999595806003
1.6744004100612788e-05,0.00015999999595806003
1.674800410094375e-05,0.00015999999595806003
1.675200410127471e-05,0.00015999999595806003
1.6756004101605672e-05,0.00019999999494757503
1.6760004101936634e-05,0.00015999999595806003
1.6764004102267595e-05,0.00019999999494757503
1.6768004102598557e-05,0.00015999999595806003
1.6772004102929518e-05,0.00015999999595806003
1.677600410326048e-05,0.00015999999595806003
1.678000410359144e-05,0.00015999999595806003
1.6784004103922403e-05,0.00015999999595806003
1.6788004104253364e-05,0.00015999999595806003
1.6792004104584326e-05,0.00015999999595806003
1.6796004104915287e-05,0.00015999999595806003
1.680000410524625e-05,0.00015999999595806003
1.680400410557721e-05,0.00019999999494757503
1.680800410590817e-05,0.00019999999494757503
1.6812004106239133e-05,0.00019999999494757503
1.6816004106570095e-05,0.00015999999595806003
1.6820004106901056e-05,0.00015999999595806003
1.6824004107232018e-05,0.00015999999595806003
1.682800410756298e-05,0.00015999999595806003
1.683200410789394e-05,0.00015999999595806003
1.6836004108224902e-05,0.00015999999595806003
1.6840004108555863e-05,0.00015999999595806003
1.6844004108886825e-05,0.00019999999494757503
1.6848004109217786e-05,0.00015999999595806003
1.6852004109548748e-05,0.00015999999595806003
1.685600410987971e-05,0.00015999999595806003
1.686000411021067e-05,0.00015999999595806003
1.6864004110541632e-05,0.00015999999595806003
1.6868004110872594e-05,0.00015999999595806003
1.6872004111203555e-05,0.00015999999595806003
1.6876004111534517e-05,0.00015999999595806003
1.6880004111865478e-05,0.00015999999595806003
1.688400411219644e-05,0.00019999999494757503
1.68880041125274e-05,0.00015999999595806003
1.6892004112858363e-05,0.00015999999595806003
1.6896004113189324e-05,0.00015999999595806003
1.6900004113520286e-05,0.00015999999595806003
1.6904004113851247e-05,0.00011999999696854502
1.690800411418221e-05,0.00015999999595806003
1.691200411451317e-05,0.00015999999595806003
1.691600411484413e-05,0.00019999999494757503
1.6920004115175093e-05,0.00015999999595806003
1.6924004115506055e-05,0.00019999999494757503
1.6928004115837016e-05,0.00015999999595806003
1.6932004116167978e-05,0.00015999999595806003
1.693600411649894e-05,0.00015999999595806003
1.69400041168299e-05,0.00015999999595806003
1.6944004117160862e-05,0.00015999999595806003
1.6948004117491824e-05,0.00015999999595806003
1.6952004117822785e-05,0.00015999999595806003
1.6956004118153746e-05,0.00015999999595806003
1.6960004118484708e-05,0.00015999999595806003
1.696400411881567e-05,0.00019999999494757503
1.696800411914663e-05,0.00015999999595806003
1.6972004119477592e-05,0.00015999999595806003
1.6976004119808554e-05,0.00015999999595806003
1.6980004120139515e-05,0.00015999999595806003
1.6984004120470477e-05,0.00015999999595806003
1.698800412080144e-05,0.00015999999595806003
1.69920041211324e-05,0.00015999999595806003
1.699600412146336e-05,0.00019999999494757503
1.7000004121794323e-05,0.00015999999595806003
1.7004004122125284e-05,0.00019999999494757503
1.7008004122456246e-05,0.00015999999595806003
1.7012004122787207e-05,0.00015999999595806003
1.701600412311817e-05,0.00015999999595806003
1.702000412344913e-05,0.00015999999595806003
1.7024004123780092e-05,0.00015999999595806003
1.7028004124111053e-05,0.00015999999595806003
1.7032004124442015e-05,0.00015999999595806003
1.7036004124772976e-05,0.00019999999494757503
1.7040004125103938e-05,0.00011999999696854502
1.70440041254349e-05,0.00015999999595806003
1.704800412576586e-05,0.00015999999595806003
1.7052004126096822e-05,0.00015999999595806003
1.7056004126427784e-05,0.00015999999595806003
1.7060004126758745e-05,0.00019999999494757503
1.7064004127089707e-05,0.00015999999595806003
1.7068004127420668e-05,0.00019999999494757503
1.707200412775163e-05,0.00015999999595806003
1.707600412808259e-05,0.00015999999595806003
1.7080004128413552e-05,0.00015999999595806003
1.7084004128744514e-05,0.00019999999494757503
1.7088004129075475e-05,0.00015999999595806003
1.7092004129406437e-05,0.00015999999595806003
1.70960041297374e-05,0.00015999999595806003
1.710000413006836e-05,0.00015999999595806003
1.710400413039932e-05,0.00015999999595806003
1.7108004130730283e-05,0.00015999999595806003
1.7112004131061244e-05,0.00015999999595806003
1.7116004131392206e-05,0.00015999999595806003
1.7120004131723167e-05,0.00015999999595806003
1.712400413205413e-05,0.00015999999595806003
1.712800413238509e-05,0.00015999999595806003
1.7132004132716052e-05,0.00019999999494757503
1.7136004133047013e-05,0.00019999999494757503
1.7140004133377975e-05,0.00019999999494757503
1.7144004133708936e-05,0.00015999999595806003
1.7148004134039898e-05,0.00015999999595806003
1.715200413437086e-05,0.00011999999696854502
1.715600413470182e-05,0.00015999999595806003
1.7160004135032782e-05,0.00015999999595806003
1.7164004135363744e-05,0.00015999999595806003
1.7168004135694705e-05,0.00015999999595806003
1.7172004136025667e-05,0.00019999999494757503
1.7176004136356628e-05,0.00015999999595806003
1.718000413668759e-05,0.00019999999494757503
1.718400413701855e-05,0.00015999999595806003
1.7188004137349513e-05,0.00019999999494757503
1.7192004137680474e-05,0.00015999999595806003
1.7196004138011436e-05,0.00015999999595806003
1.7200004138342397e-05,0.00015999999595806003
1.720400413867336e-05,0.00019999999494757503
1.720800413900432e-05,0.00015999999595806003
1.721200413933528e-05,0.00019999999494757503
1.7216004139666243e-05,0.00015999999595806003
1.7220004139997204e-05,0.00015999999595806003
1.7224004140328166e-05,0.00015999999595806003
1.7228004140659127e-05,0.00015999999595806003
1.723200414099009e-05,0.00015999999595806003
1.723600414132105e-05,0.00019999999494757503
1.7240004141652012e-05,0.00015999999595806003
1.7244004141982973e-05,0.00019999999494757503
1.7248004142313935e-05,0.00015999999595806003
1.7252004142644896e-05,0.00015999999595806003
1.7256004142975858e-05,0.00015999999595806003
1.726000414330682e-05,0.00015999999595806003
1.726400414363778e-05,0.00015999999595806003
1.7268004143968742e-05,0.00015999999595806003
1.7272004144299704e-05,0.00015999999595806003
1.7276004144630665e-05,0.00015999999595806003
1.7280004144961627e-05,0.00015999999595806003
1.7284004145292588e-05,0.00019999999494757503
1.728800414562355e-05,0.00015999999595806003
1.729200414595451e-05,0.00019999999494757503
1.7296004146285473e-05,0.00015999999595806003
1.7300004146616434e-05,0.00019999999494757503
1.7304004146947396e-05,0.00015999999595806003
1.7308004147278357e-05,0.00019999999494757503
1.731200414760932e-05,0.00015999999595806003
1.731600414794028e-05,0.00015999999595806003
1.732000414827124e-05,0.00015999999595806003
1.7324004148602203e-05,0.00015999999595806003
1.7328004148933165e-05,0.00015999999595806003
1.7332004149264126e-05,0.00015999999595806003
1.7336004149595087e-05,0.00015999999595806003
1.734000414992605e-05,0.00019999999494757503
1.734400415025701e-05,0.00015999999595806003
1.7348004150587972e-05,0.00019999999494757503
1.7352004150918933e-05,0.00015999999595806003
1.7356004151249895e-05,0.00019999999494757503
1.7360004151580856e-05,0.00015999999595806003
1.7364004151911818e-05,0.00015999999595806003
1.736800415224278e-05,0.00015999999595806003
1.737200415257374e-05,0.00015999999595806003
1.7376004152904702e-05,0.00019999999494757503
1.7380004153235664e-05,0.00019999999494757503
1.7384004153566625e-05,0.00019999999494757503
1.7388004153897587e-05,0.00015999999595806003
1.7392004154228548e-05,0.00015999999595806003
1.739600415455951e-05,0.00019999999494757503
1.740000415489047e-05,0.00015999999595806003
1.7404004155221433e-05,0.00015999999595806003
1.7408004155552394e-05,0.00015999999595806003
1.7412004155883356e-05,0.00015999999595806003
1.7416004156214317e-05,0.00015999999595806003
1.742000415654528e-05,0.00019999999494757503
1.742400415687624e-05,0.00015999999595806003
1.74280041572072e-05,0.00019999999494757503
1.7432004157538163e-05,0.00015999999595806003
1.7436004157869125e-05,0.00019999999494757503
1.7440004158200086e-05,0.00015999999595806003
1.7444004158531048e-05,0.00015999999595806003
1.744800415886201e-05,0.00015999999595806003
1.745200415919297e-05,0.00015999999595806003
1.7456004159523932e-05,0.00015999999595806003
1.7460004159854893e-05,0.00015999999595806003
1.7464004160185855e-05,0.00015999999595806003
1.7468004160516816e-05,0.00015999999595806003
1.7472004160847778e-05,0.00015999999595806003
1.747600416117874e-05,0.00015999999595806003
1.74800041615097e-05,0.00015999999595806003
1.7484004161840662e-05,0.00015999999595806003
1.7488004162171624e-05,0.00015999999595806003
1.7492004162502585e-05,0.00019999999494757503
1.7496004162833547e-05,0.00015999999595806003
1.750000416316451e-05,0.00019999999494757503
1.750400416349547e-05,0.00015999999595806003
1.750800416382643e-05,0.00019999999494757503
1.7512004164157393e-05,0.00015999999595806003
1.7516004164488354e-05,0.00015999999595806003
1.7520004164819316e-05,0.00015999999595806003
1.7524004165150277e-05,0.00015999999595806003
1.752800416548124e-05,0.00015999999595806003
1.75320041658122e-05,0.00015999999595806003
1.753600416614316e-05,0.00015999999595806003
1.7540004166474123e-05,0.00015999999595806003
1.7544004166805085e-05,0.00015999999595806003
1.7548004167136046e-05,0.00015999999595806003
1.7552004167467008e-05,0.00015999999595806003
1.755600416779797e-05,0.00015999999595806003
1.756000416812893e-05,0.00015999999595806003
1.7564004168459892e-05,0.00015999999595806003
1.7568004168790854e-05,0.00015999999595806003
1.7572004169121815e-05,0.00015999999595806003
1.7576004169452777e-05,0.00015999999595806003
1.7580004169783738e-05,0.00019999999494757503
1.75840041701147e-05,0.00015999999595806003
1.758800417044566e-05,0.00019999999494757503
1.7592004170776622e-05,0.00015999999595806003
1.7596004171107584e-05,0.00015999999595806003
1.7600004171438545e-05,0.00015999999595806003
1.7604004171769507e-05,0.00015999999595806003
1.760800417210047e-05,0.00015999999595806003
1.761200417243143e-05,0.00015999999595806003
1.761600417276239e-05,0.00019999999494757503
1.7620004173093353e-05,0.00019999999494757503
1.7624004173424314e-05,0.00019999999494757503
1.7628004173755276e-05,0.00019999999494757503
1.7632004174086237e-05,0.00015999999595806003
1.76360041744172e-05,0.00015999999595806003
1.764000417474816e-05,0.00015999999595806003
1.7644004175079122e-05,0.00015999999595806003
1.7648004175410083e-05,0.00015999999595806003
1.7652004175741045e-05,0.00015999999595806003
1.7656004176072006e-05,0.00015999999595806003
1.7660004176402968e-05,0.00019999999494757503
1.766400417673393e-05,0.00015999999595806003
1.766800417706489e-05,0.00019999999494757503
1.7672004177395852e-05,0.00015999999595806003
1.7676004177726814e-05,0.00015999999595806003
1.7680004178057775e-05,0.00015999999595806003
1.7684004178388737e-05,0.00019999999494757503
1.7688004178719698e-05,0.00015999999595806003
1.769200417905066e-05,0.00015999999595806003
1.769600417938162e-05,0.00015999999595806003
1.7700004179712583e-05,0.00015999999595806003
1.7704004180043544e-05,0.00015999999595806003
1.7708004180374505e-05,0.00019999999494757503
1.7712004180705467e-05,0.00015999999595806003
1.771600418103643e-05,0.00019999999494757503
1.772000418136739e-05,0.00015999999595806003
1.772400418169835e-05,0.00015999999595806003
1.7728004182029313e-05,0.00015999999595806003
1.7732004182360274e-05,0.00015999999595806003
1.7736004182691236e-05,0.00015999999595806003
1.7740004183022197e-05,0.00015999999595806003
1.774400418335316e-05,0.00015999999595806003
1.774800418368412e-05,0.00019999999494757503
1.7752004184015082e-05,0.00015999999595806003
1.7756004184346043e-05,0.00015999999595806003
1.7760004184677005e-05,0.00015999999595806003
1.7764004185007966e-05,0.00015999999595806003
1.7768004185338928e-05,0.00015999999595806003
1.777200418566989e-05,0.00015999999595806003
1.777600418600085e-05,0.00015999999595806003
1.7780004186331812e-05,0.00015999999595806003
1.7784004186662774e-05,0.00015999999595806003
1.7788004186993735e-05,0.00015999999595806003
1.7792004187324697e-05,0.00015999999595806003
1.7796004187655658e-05,0.00019999999494757503
1.780000418798662e-05,0.00015999999595806003
1.780400418831758e-05,0.00019999999494757503
1.7808004188648543e-05,0.00015999999595806003
1.7812004188979504e-05,0.00015999999595806003
1.7816004189310466e-05,0.00015999999595806003
1.7820004189641427e-05,0.00015999999595806003
1.782400418997239e-05,0.00015999999595806003
1.782800419030335e-05,0.00019999999494757503
1.783200419063431e-05,0.00015999999595806003
1.7836004190965273e-05,0.00019999999494757503
1.7840004191296234e-05,0.00015999999595806003
1.7844004191627196e-05,0.00019999999494757503
1.7848004191958157e-05,0.00015999999595806003
1.785200419228912e-05,0.00015999999595806003
1.785600419262008e-05,0.00015999999595806003
1.7860004192951042e-05,0.00015999999595806003
1.7864004193282003e-05,0.00015999999595806003
1.7868004193612965e-05,0.00015999999595806003
1.7872004193943926e-05,0.00015999999595806003
1.7876004194274888e-05,0.00015999999595806003
1.788000419460585e-05,0.00015999999595806003
1.788400419493681e-05,0.00015999999595806003
1.7888004195267772e-05,0.00015999999595806003
1.7892004195598734e-05,0.00019999999494757503
1.7896004195929695e-05,0.00015999999595806003
1.7900004196260657e-05,0.00019999999494757503
1.7904004196591618e-05,0.00015999999595806003
1.790800419692258e-05,0.00019999999494757503
1.791200419725354e-05,0.00015999999595806003
1.7916004197584503e-05,0.00015999999595806003
1.7920004197915464e-05,0.00015999999595806003
1.7924004198246426e-05,0.00015999999595806003
1.7928004198577387e-05,0.00015999999595806003
1.793200419890835e-05,0.00019999999494757503
1.793600419923931e-05,0.00015999999595806003
1.794000419957027e-05,0.00019999999494757503
1.7944004199901233e-05,0.00015999999595806003
1.7948004200232195e-05,0.00019999999494757503
1.7952004200563156e-05,0.00011999999696854502
1.7956004200894117e-05,0.00015999999595806003
1.796000420122508e-05,0.00015999999595806003
1.796400420155604e-05,0.00015999999595806003
1.7968004201887002e-05,0.00015999999595806003
1.7972004202217963e-05,0.00015999999595806003
1.7976004202548925e-05,0.00015999999595806003
1.7980004202879886e-05,0.00019999999494757503
1.7984004203210848e-05,0.00015999999595806003
1.798800420354181e-05,0.00019999999494757503
1.799200420387277e-05,0.00015999999595806003
1.7996004204203732e-05,0.00015999999595806003
1.8000004204534694e-05,0.00015999999595806003
1.8004004204865655e-05,0.00015999999595806003
1.8008004205196617e-05,0.00015999999595806003
1.8012004205527578e-05,0.00015999999595806003
1.801600420585854e-05,0.00015999999595806003
1.80200042061895e-05,0.00015999999595806003
1.8024004206520463e-05,0.00015999999595806003
1.8028004206851424e-05,0.00019999999494757503
1.8032004207182386e-05,0.00015999999595806003
1.8036004207513347e-05,0.00019999999494757503
1.804000420784431e-05,0.00015999999595806003
1.804400420817527e-05,0.00015999999595806003
1.804800420850623e-05,0.00015999999595806003
1.8052004208837193e-05,0.00015999999595806003
1.8056004209168155e-05,0.00015999999595806003
1.8060004209499116e-05,0.00015999999595806003
1.8064004209830078e-05,0.00015999999595806003
1.806800421016104e-05,0.00019999999494757503
1.8072004210492e-05,0.00015999999595806003
1.8076004210822962e-05,0.00019999999494757503
1.8080004211153923e-05,0.00015999999595806003
1.8084004211484885e-05,0.00015999999595806003
1.8088004211815846e-05,0.00015999999595806003
1.8092004212146808e-05,0.00015999999595806003
1.809600421247777e-05,0.00015999999595806003
1.810000421280873e-05,0.00019999999494757503
1.8104004213139692e-05,0.00015999999595806003
1.8108004213470654e-05,0.00019999999494757503
1.8112004213801615e-05,0.00015999999595806003
1.8116004214132577e-05,0.00015999999595806003
1.812000421446354e-05,0.00015999999595806003
1.81240042147945e-05,0.00015999999595806003
1.812800421512546e-05,0.00015999999595806003
1.8132004215456423e-05,0.00019999999494757503
1.8136004215787384e-05,0.00015999999595806003
1.8140004216118346e-05,0.00015999999595806003
1.8144004216449307e-05,0.00015999999595806003
1.814800421678027e-05,0.00015999999595806003
1.815200421711123e-05,0.00015999999595806003
1.8156004217442192e-05,0.00019999999494757503
1.8160004217773153e-05,0.00015999999595806003
1.8164004218104115e-05,0.00015999999595806003
1.8168004218435076e-05,0.00015999999595806003
1.8172004218766038e-05,0.00015999999595806003
1.8176004219097e-05,0.00015999999595806003
1.818000421942796e-05,0.00015999999595806003
1.8184004219758922e-05,0.00015999999595806003
1.8188004220089884e-05,0.00015999999595806003
1.8192004220420845e-05,0.00015999999595806003
1.8196004220751807e-05,0.00015999999595806003
1.8200004221082768e-05,0.00015999999595806003
1.820400422141373e-05,0.00015999999595806003
1.820800422174469e-05,0.00015999999595806003
1.8212004222075652e-05,0.00015999999595806003
1.8216004222406614e-05,0.00015999999595806003
1.8220004222737575e-05,0.00015999999595806003
1.8224004223068537e-05,0.00015999999595806003
1.82280042233995e-05,0.00015999999595806003
1.823200422373046e-05,0.00015999999595806003
1.823600422406142e-05,0.00015999999595806003
1.8240004224392383e-05,0.00015999999595806003
1.8244004224723344e-05,0.00015999999595806003
1.8248004225054306e-05,0.00015999999595806003
1.8252004225385267e-05,0.00015999999595806003
1.825600422571623e-05,0.00015999999595806003
1.826000422604719e-05,0.00015999999595806003
1.8264004226378152e-05,0.00015999999595806003
1.8268004226709113e-05,0.00015999999595806003
1.8272004227040075e-05,0.00015999999595806003
1.8276004227371036e-05,0.00019999999494757503
1.8280004227701998e-05,0.00015999999595806003
1.828400422803296e-05,0.00019999999494757503
1.828800422836392e-05,0.00015999999595806003
1.8292004228694882e-05,0.00019999999494757503
1.8296004229025844e-05,0.00015999999595806003
1.8300004229356805e-05,0.00015999999595806003
1.8304004229687767e-05,0.00015999999595806003
1.8308004230018728e-05,0.00015999999595806003
1.831200423034969e-05,0.00015999999595806003
1.831600423068065e-05,0.00015999999595806003
1.8320004231011613e-05,0.00015999999595806003
1.8324004231342574e-05,0.00015999999595806003
1.8328004231673536e-05,0.00015999999595806003
1.8332004232004497e-05,0.00015999999595806003
1.833600423233546e-05,0.00015999999595806003
1.834000423266642e-05,0.00019999999494757503
1.834400423299738e-05,0.00015999999595806003
1.8348004233328343e-05,0.00019999999494757503
1.8352004233659304e-05,0.00015999999595806003
1.8356004233990266e-05,0.00019999999494757503
1.8360004234321227e-05,0.00015999999595806003
1.836400423465219e-05,0.00015999999595806003
1.836800423498315e-05,0.00015999999595806003
1.8372004235314112e-05,0.00015999999595806003
1.8376004235645073e-05,0.00015999999595806003
1.8380004235976035e-05,0.00019999999494757503
1.8384004236306996e-05,0.00015999999595806003
1.8388004236637958e-05,0.00019999999494757503
1.839200423696892e-05,0.00015999999595806003
1.839600423729988e-05,0.00015999999595806003
1.8400004237630842e-05,0.00015999999595806003
1.8404004237961804e-05,0.00015999999595806003
1.8408004238292765e-05,0.00015999999595806003
1.8412004238623727e-05,0.00015999999595806003
1.8416004238954688e-05,0.00015999999595806003
1.842000423928565e-05,0.00015999999595806003
1.842400423961661e-05,0.00015999999595806003
1.8428004239947573e-05,0.00015999999595806003
1.8432004240278534e-05,0.00015999999595806003
1.8436004240609496e-05,0.00015999999595806003
1.8440004240940457e-05,0.00015999999595806003
1.844400424127142e-05,0.00015999999595806003
1.844800424160238e-05,0.00015999999595806003
1.845200424193334e-05,0.00015999999595806003
1.8456004242264303e-05,0.00015999999595806003
1.8460004242595264e-05,0.00015999999595806003
1.8464004242926226e-05,0.00015999999595806003
1.8468004243257187e-05,0.00015999999595806003
1.847200424358815e-05,0.00015999999595806003
1.847600424391911e-05,0.00015999999595806003
1.8480004244250072e-05,0.00015999999595806003
1.8484004244581033e-05,0.00015999999595806003
1.8488004244911995e-05,0.00015999999595806003
1.8492004245242956e-05,0.00015999999595806003
1.8496004245573918e-05,0.00015999999595806003
1.850000424590488e-05,0.00015999999595806003
1.850400424623584e-05,0.00015999999595806003
1.8508004246566802e-05,0.00019999999494757503
1.8512004246897764e-05,0.00015999999595806003
1.8516004247228725e-05,0.00015999999595806003
1.8520004247559687e-05,0.00015999999595806003
1.8524004247890648e-05,0.00015999999595806003
1.852800424822161e-05,0.00015999999595806003
1.853200424855257e-05,0.00015999999595806003
1.8536004248883533e-05,0.00015999999595806003
1.8540004249214494e-05,0.00015999999595806003
1.8544004249545456e-05,0.00015999999595806003
1.8548004249876417e-05,0.00015999999595806003
1.855200425020738e-05,0.00015999999595806003
1.855600425053834e-05,0.00019999999494757503
1.85600042508693e-05,0.00015999999595806003
1.8564004251200263e-05,0.00019999999494757503
1.8568004251531225e-05,0.00015999999595806003
1.8572004251862186e-05,0.00015999999595806003
1.8576004252193148e-05,0.00015999999595806003
1.858000425252411e-05,0.00015999999595806003
1.858400425285507e-05,0.00015999999595806003
1.8588004253186032e-05,0.00019999999494757503
1.8592004253516993e-05,0.00015999999595806003
1.8596004253847955e-05,0.00019999999494757503
1.8600004254178916e-05,0.00015999999595806003
1.8604004254509878e-05,0.00019999999494757503
1.860800425484084e-05,0.00015999999595806003
1.86120042551718e-05,0.00015999999595806003
1.8616004255502762e-05,0.00015999999595806003
1.8620004255833724e-05,0.00015999999595806003
1.8624004256164685e-05,0.00015999999595806003
1.8628004256495647e-05,0.00019999999494757503
1.8632004256826608e-05,0.00015999999595806003
1.863600425715757e-05,0.00015999999595806003
1.864000425748853e-05,0.00015999999595806003
1.8644004257819493e-05,0.00019999999494757503
1.8648004258150454e-05,0.00015999999595806003
1.8652004258481416e-05,0.00019999999494757503
1.8656004258812377e-05,0.00015999999595806003
1.866000425914334e-05,0.00019999999494757503
1.86640042594743e-05,0.00015999999595806003
1.866800425980526e-05,0.00015999999595806003
1.8672004260136223e-05,0.00015999999595806003
1.8676004260467185e-05,0.00015999999595806003
1.8680004260798146e-05,0.00015999999595806003
1.8684004261129108e-05,0.00015999999595806003
1.868800426146007e-05,0.00015999999595806003
1.869200426179103e-05,0.00019999999494757503
1.8696004262121992e-05,0.00015999999595806003
1.8700004262452954e-05,0.00019999999494757503
1.8704004262783915e-05,0.00015999999595806003
1.8708004263114876e-05,0.00015999999595806003
1.8712004263445838e-05,0.00015999999595806003
1.87160042637768e-05,0.00019999999494757503
1.872000426410776e-05,0.00015999999595806003
1.8724004264438722e-05,0.00019999999494757503
1.8728004264769684e-05,0.00015999999595806003
1.8732004265100645e-05,0.00015999999595806003
1.8736004265431607e-05,0.00015999999595806003
1.874000426576257e-05,0.00015999999595806003
1.874400426609353e-05,0.00015999999595806003
1.874800426642449e-05,0.00015999999595806003
1.8752004266755453e-05,0.00015999999595806003
1.8756004267086414e-05,0.00015999999595806003
1.8760004267417376e-05,0.00015999999595806003
1.8764004267748337e-05,0.00019999999494757503
1.87680042680793e-05,0.00015999999595806003
1.877200426841026e-05,0.00015999999595806003
1.8776004268741222e-05,0.00011999999696854502
1.8780004269072183e-05,0.00015999999595806003
1.8784004269403145e-05,0.00015999999595806003
1.8788004269734106e-05,0.00015999999595806003
1.8792004270065068e-05,0.00015999999595806003
1.879600427039603e-05,0.00019999999494757503
1.880000427072699e-05,0.00015999999595806003
1.8804004271057952e-05,0.00019999999494757503
1.8808004271388914e-05,0.00015999999595806003
1.8812004271719875e-05,0.00015999999595806003
1.8816004272050837e-05,0.00015999999595806003
1.8820004272381798e-05,0.00019999999494757503
1.882400427271276e-05,0.00015999999595806003
1.882800427304372e-05,0.00015999999595806003
1.8832004273374682e-05,0.00015999999595806003
1.8836004273705644e-05,0.00019999999494757503
1.8840004274036605e-05,0.00015999999595806003
1.8844004274367567e-05,0.00015999999595806003
1.884800427469853e-05,0.00015999999595806003
1.885200427502949e-05,0.00015999999595806003
1.885600427536045e-05,0.00015999999595806003
1.8860004275691413e-05,0.00019999999494757503
1.8864004276022374e-05,0.00015999999595806003
1.8868004276353336e-05,0.00015999999595806003
1.8872004276684297e-05,0.00015999999595806003
1.887600427701526e-05,0.00015999999595806003
1.888000427734622e-05,0.00015999999595806003
1.8884004277677182e-05,0.00019999999494757503
1.8888004278008143e-05,0.00015999999595806003
1.8892004278339105e-05,0.00019999999494757503
1.8896004278670066e-05,0.00015999999595806003
1.8900004279001028e-05,0.00015999999595806003
1.890400427933199e-05,0.00015999999595806003
1.890800427966295e-05,0.00015999999595806003
1.8912004279993912e-05,0.00015999999595806003
1.8916004280324874e-05,0.00015999999595806003
1.8920004280655835e-05,0.00015999999595806003
1.8924004280986797e-05,0.00015999999595806003
1.8928004281317758e-05,0.00015999999595806003
1.893200428164872e-05,0.00019999999494757503
1.893600428197968e-05,0.00015999999595806003
1.8940004282310643e-05,0.00019999999494757503
1.8944004282641604e-05,0.00015999999595806003
1.8948004282972566e-05,0.00015999999595806003
1.8952004283303527e-05,0.00015999999595806003
1.895600428363449e-05,0.00015999999595806003
1.896000428396545e-05,0.00015999999595806003
1.896400428429641e-05,0.00015999999595806003
1.8968004284627373e-05,0.00015999999595806003
1.8972004284958334e-05,0.00015999999595806003
1.8976004285289296e-05,0.00015999999595806003
1.8980004285620257e-05,0.00015999999595806003
1.898400428595122e-05,0.00015999999595806003
1.898800428628218e-05,0.00019999999494757503
1.8992004286613142e-05,0.00015999999595806003
1.8996004286944103e-05,0.00019999999494757503
1.9000004287275065e-05,0.00015999999595806003
1.9004004287606026e-05,0.00019999999494757503
1.9008004287936988e-05,0.00015999999595806003
1.901200428826795e-05,0.00015999999595806003
1.901600428859891e-05,0.00015999999595806003
1.9020004288929872e-05,0.00015999999595806003
1.9024004289260834e-05,0.00015999999595806003
1.9028004289591795e-05,0.00015999999595806003
1.9032004289922757e-05,0.00015999999595806003
1.9036004290253718e-05,0.00015999999595806003
1.904000429058468e-05,0.00015999999595806003
1.904400429091564e-05,0.00015999999595806003
1.9048004291246603e-05,0.00015999999595806003
1.9052004291577564e-05,0.00015999999595806003
1.9056004291908526e-05,0.00015999999595806003
1.9060004292239487e-05,0.00019999999494757503
1.906400429257045e-05,0.00015999999595806003
1.906800429290141e-05,0.00019999999494757503
1.907200429323237e-05,0.00015999999595806003
1.9076004293563333e-05,0.00015999999595806003
1.9080004293894294e-05,0.00015999999595806003
1.9084004294225256e-05,0.00015999999595806003
1.9088004294556217e-05,0.00015999999595806003
1.909200429488718e-05,0.00015999999595806003
1.909600429521814e-05,0.00015999999595806003
1.9100004295549102e-05,0.00015999999595806003
1.9104004295880063e-05,0.00015999999595806003
1.9108004296211025e-05,0.00015999999595806003
1.9112004296541986e-05,0.00015999999595806003
1.9116004296872948e-05,0.00019999999494757503
1.912000429720391e-05,0.00015999999595806003
1.912400429753487e-05,0.00019999999494757503
1.9128004297865832e-05,0.00015999999595806003
1.9132004298196794e-05,0.00019999999494757503
1.9136004298527755e-05,0.00015999999595806003
1.9140004298858717e-05,0.00015999999595806003
1.9144004299189678e-05,0.00015999999595806003
1.914800429952064e-05,0.00015999999595806003
1.91520042998516e-05,0.00015999999595806003
1.9156004300182563e-05,0.00015999999595806003
1.9160004300513524e-05,0.00015999999595806003
1.9164004300844486e-05,0.00015999999595806003
1.9168004301175447e-05,0.00015999999595806003
1.917200430150641e-05,0.00019999999494757503
1.917600430183737e-05,0.00015999999595806003
1.918000430216833e-05,0.00015999999595806003
1.9184004302499293e-05,0.00015999999595806003
1.9188004302830255e-05,0.00019999999494757503
1.9192004303161216e-05,0.00015999999595806003
1.9196004303492178e-05,0.00015999999595806003
1.920000430382314e-05,0.00015999999595806003
1.92040043041541e-05,0.00019999999494757503
1.9208004304485062e-05,0.00015999999595806003
1.9212004304816023e-05,0.00015999999595806003
1.9216004305146985e-05,0.00015999999595806003
1.9220004305477946e-05,0.00015999999595806003
1.9224004305808908e-05,0.00015999999595806003
1.922800430613987e-05,0.00019999999494757503
1.923200430647083e-05,0.00015999999595806003
1.9236004306801792e-05,0.00015999999595806003
1.9240004307132754e-05,0.00015999999595806003
1.9244004307463715e-05,0.00019999999494757503
1.9248004307794677e-05,0.00015999999595806003
1.925200430812564e-05,0.00019999999494757503
1.92560043084566e-05,0.00019999999494757503
1.926000430878756e-05,0.00015999999595806003
1.9264004309118523e-05,0.00015999999595806003
1.9268004309449484e-05,0.00015999999595806003
1.9272004309780446e-05,0.00015999999595806003
1.9276004310111407e-05,0.00015999999595806003
1.928000431044237e-05,0.00015999999595806003
1.928400431077333e-05,0.00019999999494757503
1.928800431110429e-05,0.00015999999595806003
1.9292004311435253e-05,0.00019999999494757503
1.9296004311766215e-05,0.00015999999595806003
1.9300004312097176e-05,0.00015999999595806003
1.9304004312428138e-05,0.00015999999595806003
1.93080043127591e-05,0.00015999999595806003
1.931200431309006e-05,0.00015999999595806003
1.9316004313421022e-05,0.00015999999595806003
1.9320004313751984e-05,0.00015999999595806003
1.9324004314082945e-05,0.00019999999494757503
1.9328004314413907e-05,0.00015999999595806003
1.9332004314744868e-05,0.00019999999494757503
1.933600431507583e-05,0.00015999999595806003
1.934000431540679e-05,0.00019999999494757503
1.9344004315737752e-05,0.00015999999595806003
1.9348004316068714e-05,0.00015999999595806003
1.9352004316399675e-05,0.00015999999595806003
1.9356004316730637e-05,0.00015999999595806003
1.93600043170616e-05,0.00015999999595806003
1.936400431739256e-05,0.00015999999595806003
1.936800431772352e-05,0.00015999999595806003
1.9372004318054483e-05,0.00019999999494757503
1.9376004318385444e-05,0.00015999999595806003
1.9380004318716406e-05,0.00015999999595806003
1.9384004319047367e-05,0.00015999999595806003
1.938800431937833e-05,0.00015999999595806003
1.939200431970929e-05,0.00015999999595806003
1.9396004320040252e-05,0.00019999999494757503
1.9400004320371213e-05,0.00015999999595806003
1.9404004320702175e-05,0.00015999999595806003
1.9408004321033136e-05,0.00015999999595806003
1.9412004321364098e-05,0.00015999999595806003
1.941600432169506e-05,0.00015999999595806003
1.942000432202602e-05,0.00015999999595806003
1.9424004322356982e-05,0.00015999999595806003
1.9428004322687944e-05,0.00015999999595806003
1.9432004323018905e-05,0.00015999999595806003
1.9436004323349867e-05,0.00015999999595806003
1.9440004323680828e-05,0.00015999999595806003
1.944400432401179e-05,0.00015999999595806003
1.944800432434275e-05,0.00015999999595806003
1.9452004324673713e-05,0.00015999999595806003
1.9456004325004674e-05,0.00015999999595806003
1.9460004325335635e-05,0.00015999999595806003
1.9464004325666597e-05,0.00015999999595806003
1.946800432599756e-05,0.00015999999595806003
1.947200432632852e-05,0.00015999999595806003
1.947600432665948e-05,0.00019999999494757503
1.9480004326990443e-05,0.00015999999595806003
1.9484004327321404e-05,0.00015999999595806003
1.9488004327652366e-05,0.00015999999595806003
1.9492004327983327e-05,0.00015999999595806003
1.949600432831429e-05,0.00015999999595806003
1.950000432864525e-05,0.00015999999595806003
1.9504004328976212e-05,0.00015999999595806003
1.9508004329307173e-05,0.00015999999595806003
1.9512004329638135e-05,0.00015999999595806003
1.9516004329969096e-05,0.00015999999595806003
1.9520004330300058e-05,0.00015999999595806003
1.952400433063102e-05,0.00015999999595806003
1.952800433096198e-05,0.00015999999595806003
1.9532004331292942e-05,0.00019999999494757503
1.9536004331623904e-05,0.00015999999595806003
1.9540004331954865e-05,0.00019999999494757503
1.9544004332285827e-05,0.00015999999595806003
1.9548004332616788e-05,0.00015999999595806003
1.955200433294775e-05,0.00015999999595806003
1.955600433327871e-05,0.00015999999595806003
1.9560004333609673e-05,0.00015999999595806003
1.9564004333940634e-05,0.00019999999494757503
1.9568004334271596e-05,0.00015999999595806003
1.9572004334602557e-05,0.00019999999494757503
1.957600433493352e-05,0.00015999999595806003
1.958000433526448e-05,0.00015999999595806003
1.958400433559544e-05,0.00015999999595806003
1.9588004335926403e-05,0.00015999999595806003
1.9592004336257364e-05,0.00015999999595806003
1.9596004336588326e-05,0.00015999999595806003
1.9600004336919287e-05,0.00015999999595806003
1.960400433725025e-05,0.00015999999595806003
1.960800433758121e-05,0.00015999999595806003
1.9612004337912172e-05,0.00019999999494757503
1.9616004338243133e-05,0.00015999999595806003
1.9620004338574095e-05,0.00019999999494757503
1.9624004338905056e-05,0.00015999999595806003
1.9628004339236018e-05,0.00015999999595806003
1.963200433956698e-05,0.00015999999595806003
1.963600433989794e-05,0.00015999999595806003
1.9640004340228902e-05,0.00015999999595806003
1.9644004340559864e-05,0.00015999999595806003
1.9648004340890825e-05,0.00015999999595806003
1.9652004341221787e-05,0.00015999999595806003
1.9656004341552748e-05,0.00015999999595806003
1.966000434188371e-05,0.00015999999595806003
1.966400434221467e-05,0.00015999999595806003
1.9668004342545633e-05,0.00015999999595806003
1.9672004342876594e-05,0.00015999999595806003
1.9676004343207556e-05,0.00015999999595806003
1.9680004343538517e-05,0.00015999999595806003
1.968400434386948e-05,0.00015999999595806003
1.968800434420044e-05,0.00015999999595806003
1.96920043445314e-05,0.00019999999494757503
1.9696004344862363e-05,0.00019999999494757503
1.9700004345193325e-05,0.00015999999595806003
1.9704004345524286e-05,0.00015999999595806003
1.9708004345855247e-05,0.00015999999595806003
1.971200434618621e-05,0.00015999999595806003
1.971600434651717e-05,0.00015999999595806003
1.9720004346848132e-05,0.00015999999595806003
1.9724004347179093e-05,0.00019999999494757503
1.9728004347510055e-05,0.00015999999595806003
1.9732004347841016e-05,0.00019999999494757503
1.9736004348171978e-05,0.00015999999595806003
1.974000434850294e-05,0.00015999999595806003
1.97440043488339e-05,0.00015999999595806003
1.9748004349164862e-05,0.00015999999595806003
1.9752004349495824e-05,0.00015999999595806003
1.9756004349826785e-05,0.00019999999494757503
1.9760004350157747e-05,0.00015999999595806003
1.9764004350488708e-05,0.00015999999595806003
1.976800435081967e-05,0.00015999999595806003
1.977200435115063e-05,0.00015999999595806003
1.9776004351481593e-05,0.00015999999595806003
1.9780004351812554e-05,0.00015999999595806003
1.9784004352143516e-05,0.00015999999595806003
1.9788004352474477e-05,0.00015999999595806003
1.979200435280544e-05,0.00015999999595806003
1.97960043531364e-05,0.00015999999595806003
1.980000435346736e-05,0.00015999999595806003
1.9804004353798323e-05,0.00015999999595806003
1.9808004354129285e-05,0.00015999999595806003
1.9812004354460246e-05,0.00019999999494757503
1.9816004354791208e-05,0.00015999999595806003
1.982000435512217e-05,0.00019999999494757503
1.982400435545313e-05,0.00015999999595806003
1.9828004355784092e-05,0.00015999999595806003
1.9832004356115053e-05,0.00015999999595806003
1.9836004356446015e-05,0.00015999999595806003
1.9840004356776976e-05,0.00015999999595806003
1.9844004357107938e-05,0.00019999999494757503
1.98480043574389e-05,0.00015999999595806003
1.985200435776986e-05,0.00015999999595806003
1.9856004358100822e-05,0.00015999999595806003
1.9860004358431784e-05,0.00015999999595806003
1.9864004358762745e-05,0.00015999999595806003
1.9868004359093707e-05,0.00015999999595806003
1.987200435942467e-05,0.00015999999595806003
1.987600435975563e-05,0.00015999999595806003
1.988000436008659e-05,0.00015999999595806003
1.9884004360417553e-05,0.00019999999494757503
1.9888004360748514e-05,0.00015999999595806003
1.9892004361079476e-05,0.00019999999494757503
1.9896004361410437e-05,0.00015999999595806003
1.99000043617414e-05,0.00015999999595806003
1.990400436207236e-05,0.00015999999595806003
1.990800436240332e-05,0.00015999999595806003
1.9912004362734283e-05,0.00015999999595806003
1.9916004363065245e-05,0.00015999999595806003
1.9920004363396206e-05,0.00015999999595806003
1.9924004363727168e-05,0.00015999999595806003
1.992800436405813e-05,0.00015999999595806003
1.993200436438909e-05,0.00015999999595806003
1.9936004364720052e-05,0.00015999999595806003
1.9940004365051014e-05,0.00019999999494757503
1.9944004365381975e-05,0.00015999999595806003
1.9948004365712937e-05,0.00015999999595806003
1.9952004366043898e-05,0.00015999999595806003
1.995600436637486e-05,0.00015999999595806003
1.996000436670582e-05,0.00015999999595806003
1.9964004367036782e-05,0.00015999999595806003
1.9968004367367744e-05,0.00015999999595806003
1.9972004367698705e-05,0.00019999999494757503
1.9976004368029667e-05,0.00015999999595806003
1.998000436836063e-05,0.00019999999494757503
1.998400436869159e-05,0.00015999999595806003
1.998800436902255e-05,0.00015999999595806003
1.9992004369353513e-05,0.00015999999595806003
1.9996004369684474e-05,0.00015999999595806003
2.0000004370015436e-05,0.00015999999595806003
2.0004004370346397e-05,0.00015999999595806003
2.000800437067736e-05,0.00011999999696854502
2.001200437100832e-05,0.00015999999595806003
2.0016004371339282e-05,0.00015999999595806003
2.0020004371670243e-05,0.00019999999494757503
2.0024004372001205e-05,0.00015999999595806003
2.0028004372332166e-05,0.00019999999494757503
2.0032004372663128e-05,0.00015999999595806003
2.003600437299409e-05,0.00015999999595806003
2.004000437332505e-05,0.00015999999595806003
2.0044004373656012e-05,0.00015999999595806003
2.0048004373986974e-05,0.00015999999595806003
2.0052004374317935e-05,0.00019999999494757503
2.0056004374648897e-05,0.00015999999595806003
2.0060004374979858e-05,0.00019999999494757503
2.006400437531082e-05,0.00015999999595806003
2.006800437564178e-05,0.00015999999595806003
2.0072004375972743e-05,0.00015999999595806003
2.0076004376303704e-05,0.00015999999595806003
2.0080004376634665e-05,0.00015999999595806003
2.0084004376965627e-05,0.00015999999595806003
2.008800437729659e-05,0.00015999999595806003
2.009200437762755e-05,0.00015999999595806003
2.009600437795851e-05,0.00015999999595806003
2.0100004378289473e-05,0.00015999999595806003
2.0104004378620434e-05,0.00015999999595806003
2.0108004378951396e-05,0.00015999999595806003
2.0112004379282357e-05,0.00015999999595806003
2.011600437961332e-05,0.00019999999494757503
2.012000437994428e-05,0.00015999999595806003
2.0124004380275242e-05,0.00015999999595806003
2.0128004380606203e-05,0.00015999999595806003
2.0132004380937165e-05,0.00015999999595806003
2.0136004381268126e-05,0.00015999999595806003
2.0140004381599088e-05,0.00015999999595806003
2.014400438193005e-05,0.00015999999595806003
2.014800438226101e-05,0.00019999999494757503
2.0152004382591972e-05,0.00015999999595806003
2.0156004382922934e-05,0.00015999999595806003
2.0160004383253895e-05,0.00015999999595806003
2.0164004383584857e-05,0.00015999999595806003
2.0168004383915818e-05,0.00015999999595806003
2.017200438424678e-05,0.00015999999595806003
2.017600438457774e-05,0.00015999999595806003
2.0180004384908703e-05,0.00019999999494757503
2.0184004385239664e-05,0.00015999999595806003
2.0188004385570626e-05,0.00015999999595806003
2.0192004385901587e-05,0.00015999999595806003
2.019600438623255e-05,0.00015999999595806003
2.020000438656351e-05,0.00015999999595806003
2.020400438689447e-05,0.00015999999595806003
2.0208004387225433e-05,0.00015999999595806003
2.0212004387556394e-05,0.00015999999595806003
2.0216004387887356e-05,0.00015999999595806003
2.0220004388218317e-05,0.00019999999494757503
2.022400438854928e-05,0.00015999999595806003
2.022800438888024e-05,0.00019999999494757503
2.0232004389211202e-05,0.00015999999595806003
2.0236004389542163e-05,0.00015999999595806003
2.0240004389873125e-05,0.00015999999595806003
2.0244004390204086e-05,0.00019999999494757503
2.0248004390535048e-05,0.00015999999595806003
2.025200439086601e-05,0.00015999999595806003
2.025600439119697e-05,0.00015999999595806003
2.0260004391527932e-05,0.00015999999595806003
2.0264004391858894e-05,0.00015999999595806003
2.0268004392189855e-05,0.00015999999595806003
2.0272004392520817e-05,0.00015999999595806003
2.0276004392851778e-05,0.00015999999595806003
2.028000439318274e-05,0.00011999999696854502
2.02840043935137e-05,0.00019999999494757503
2.0288004393844663e-05,0.00015999999595806003
2.0292004394175624e-05,0.00015999999595806003
2.0296004394506586e-05,0.00015999999595806003
2.0300004394837547e-05,0.00019999999494757503
2.030400439516851e-05,0.00015999999595806003
2.030800439549947e-05,0.00019999999494757503
2.031200439583043e-05,0.00015999999595806003
2.0316004396161393e-05,0.00015999999595806003
2.0320004396492355e-05,0.00015999999595806003
2.0324004396823316e-05,0.00015999999595806003
2.0328004397154278e-05,0.00015999999595806003
2.033200439748524e-05,0.00015999999595806003
2.03360043978162e-05,0.00015999999595806003
2.0340004398147162e-05,0.00019999999494757503
2.0344004398478123e-05,0.00015999999595806003
2.0348004398809085e-05,0.00019999999494757503
2.0352004399140046e-05,0.00015999999595806003
2.0356004399471008e-05,0.00015999999595806003
2.036000439980197e-05,0.00015999999595806003
2.036400440013293e-05,0.00015999999595806003
2.0368004400463892e-05,0.00015999999595806003
2.0372004400794854e-05,0.00015999999595806003
2.0376004401125815e-05,0.00015999999595806003
2.0380004401456777e-05,0.00015999999595806003
2.0384004401787738e-05,0.00015999999595806003
2.03880044021187e-05,0.00015999999595806003
2.039200440244966e-05,0.00015999999595806003
2.0396004402780623e-05,0.00015999999595806003
2.0400004403111584e-05,0.00015999999595806003
2.0404004403442546e-05,0.00015999999595806003
2.0408004403773507e-05,0.00015999999595806003
2.041200440410447e-05,0.00015999999595806003
2.041600440443543e-05,0.00015999999595806003
2.042000440476639e-05,0.00015999999595806003
2.0424004405097353e-05,0.00015999999595806003
2.0428004405428315e-05,0.00019999999494757503
2.0432004405759276e-05,0.00015999999595806003
2.0436004406090238e-05,0.00015999999595806003
2.04400044064212e-05,0.00015999999595806003
2.044400440675216e-05,0.00015999999595806003
2.0448004407083122e-05,0.00015999999595806003
2.0452004407414084e-05,0.00015999999595806003
2.0456004407745045e-05,0.00015999999595806003
2.0460004408076006e-05,0.00015999999595806003
2.0464004408406968e-05,0.00015999999595806003
2.046800440873793e-05,0.00019999999494757503
2.047200440906889e-05,0.00015999999595806003
2.0476004409399852e-05,0.00015999999595806003
2.0480004409730814e-05,0.00015999999595806003
2.0484004410061775e-05,0.00015999999595806003
2.0488004410392737e-05,0.00015999999595806003
2.04920044107237e-05,0.00015999999595806003
2.049600441105466e-05,0.00015999999595806003
2.050000441138562e-05,0.00015999999595806003
2.0504004411716583e-05,0.00015999999595806003
2.0508004412047544e-05,0.00015999999595806003
2.0512004412378506e-05,0.00015999999595806003
2.0516004412709467e-05,0.00019999999494757503
2.052000441304043e-05,0.00015999999595806003
2.052400441337139e-05,0.00019999999494757503
2.0528004413702352e-05,0.00015999999595806003
2.0532004414033313e-05,0.00015999999595806003
2.0536004414364275e-05,0.00019999999494757503
2.0540004414695236e-05,0.00019999999494757503
2.0544004415026198e-05,0.00015999999595806003
2.054800441535716e-05,0.00015999999595806003
2.055200441568812e-05,0.00015999999595806003
2.0556004416019082e-05,0.00015999999595806003
2.0560004416350044e-05,0.00015999999595806003
2.0564004416681005e-05,0.00015999999595806003
2.0568004417011967e-05,0.00015999999595806003
2.0572004417342928e-05,0.00019999999494757503
2.057600441767389e-05,0.00015999999595806003
2.058000441800485e-05,0.00019999999494757503
2.0584004418335812e-05,0.00015999999595806003
2.0588004418666774e-05,0.00019999999494757503
2.0592004418997735e-05,0.00015999999595806003
2.0596004419328697e-05,0.00019999999494757503
2.060000441965966e-05,0.00015999999595806003
2.060400441999062e-05,0.00015999999595806003
2.060800442032158e-05,0.00015999999595806003
2.0612004420652543e-05,0.00015999999595806003
2.0616004420983504e-05,0.00015999999595806003
2.0620004421314466e-05,0.00015999999595806003
2.0624004421645427e-05,0.00015999999595806003
2.062800442197639e-05,0.00015999999595806003
2.063200442230735e-05,0.00015999999595806003
2.0636004422638312e-05,0.00019999999494757503
2.0640004422969273e-05,0.00015999999595806003
2.0644004423300235e-05,0.00015999999595806003
2.0648004423631196e-05,0.00015999999595806003
2.0652004423962158e-05,0.00015999999595806003
2.065600442429312e-05,0.00015999999595806003
2.066000442462408e-05,0.00019999999494757503
2.0664004424955042e-05,0.00015999999595806003
2.0668004425286004e-05,0.00019999999494757503
2.0672004425616965e-05,0.00015999999595806003
2.0676004425947927e-05,0.00015999999595806003
2.0680004426278888e-05,0.00015999999595806003
2.068400442660985e-05,0.00015999999595806003
2.068800442694081e-05,0.00015999999595806003
2.0692004427271773e-05,0.00015999999595806003
2.0696004427602734e-05,0.00015999999595806003
2.0700004427933696e-05,0.00015999999595806003
2.0704004428264657e-05,0.00015999999595806003
2.070800442859562e-05,0.00015999999595806003
2.071200442892658e-05,0.00015999999595806003
2.071600442925754e-05,0.00019999999494757503
2.0720004429588503e-05,0.00015999999595806003
2.0724004429919464e-05,0.00015999999595806003
2.0728004430250426e-05,0.00015999999595806003
2.0732004430581387e-05,0.00015999999595806003
2.073600443091235e-05,0.00015999999595806003
2.074000443124331e-05,0.00019999999494757503
2.0744004431574272e-05,0.00019999999494757503
2.0748004431905233e-05,0.00019999999494757503
2.0752004432236195e-05,0.00015999999595806003
2.0756004432567156e-05,0.00015999999595806003
2.0760004432898118e-05,0.00015999999595806003
2.076400443322908e-05,0.00015999999595806003
2.076800443356004e-05,0.00015999999595806003
2.0772004433891002e-05,0.00015999999595806003
2.0776004434221964e-05,0.00015999999595806003
2.0780004434552925e-05,0.00019999999494757503
2.0784004434883887e-05,0.00015999999595806003
2.0788004435214848e-05,0.00019999999494757503
2.079200443554581e-05,0.00015999999595806003
2.079600443587677e-05,0.00015999999595806003
2.0800004436207733e-05,0.00015999999595806003
2.0804004436538694e-05,0.00015999999595806003
2.0808004436869656e-05,0.00015999999595806003
2.0812004437200617e-05,0.00015999999595806003
2.081600443753158e-05,0.00015999999595806003
2.082000443786254e-05,0.00015999999595806003
2.08240044381935e-05,0.00015999999595806003
2.0828004438524463e-05,0.00015999999595806003
2.0832004438855424e-05,0.00015999999595806003
2.0836004439186386e-05,0.00015999999595806003
2.0840004439517347e-05,0.00015999999595806003
2.084400443984831e-05,0.00015999999595806003
2.084800444017927e-05,0.00015999999595806003
2.0852004440510232e-05,0.00015999999595806003
2.0856004440841193e-05,0.00015999999595806003
2.0860004441172155e-05,0.00019999999494757503
2.0864004441503116e-05,0.00015999999595806003
2.0868004441834078e-05,0.00015999999595806003
2.087200444216504e-05,0.00015999999595806003
2.0876004442496e-05,0.00019999999494757503
2.0880004442826962e-05,0.00015999999595806003
2.0884004443157924e-05,0.00019999999494757503
2.0888004443488885e-05,0.00015999999595806003
2.0892004443819847e-05,0.00015999999595806003
2.0896004444150808e-05,0.00015999999595806003
2.090000444448177e-05,0.00015999999595806003
2.090400444481273e-05,0.00011999999696854502
2.0908004445143693e-05,0.00015999999595806003
2.0912004445474654e-05,0.00015999999595806003
2.0916004445805616e-05,0.00015999999595806003
2.0920004446136577e-05,0.00015999999595806003
2.092400444646754e-05,0.00015999999595806003
2.09280044467985e-05,0.00015999999595806003
2.093200444712946e-05,0.00015999999595806003
2.0936004447460423e-05,0.00015999999595806003
2.0940004447791385e-05,0.00015999999595806003
2.0944004448122346e-05,0.00015999999595806003
2.0948004448453308e-05,0.00015999999595806003
2.095200444878427e-05,0.00015999999595806003
2.095600444911523e-05,0.00015999999595806003
2.0960004449446192e-05,0.00015999999595806003
2.0964004449777153e-05,0.00019999999494757503
2.0968004450108115e-05,0.00015999999595806003
2.0972004450439076e-05,0.00015999999595806003
2.0976004450770038e-05,0.00015999999595806003
2.0980004451101e-05,0.00015999999595806003
2.098400445143196e-05,0.00015999999595806003
2.0988004451762922e-05,0.00015999999595806003
2.0992004452093884e-05,0.00015999999595806003
2.0996004452424845e-05,0.00019999999494757503
2.1000004452755807e-05,0.00015999999595806003
2.1004004453086768e-05,0.00019999999494757503
2.100800445341773e-05,0.00015999999595806003
2.101200445374869e-05,0.00015999999595806003
2.1016004454079653e-05,0.00015999999595806003
2.1020004454410614e-05,0.00015999999595806003
2.1024004454741576e-05,0.00015999999595806003
2.1028004455072537e-05,0.00015999999595806003
2.10320044554035e-05,0.00015999999595806003
2.103600445573446e-05,0.00015999999595806003
2.104000445606542e-05,0.00015999999595806003
2.1044004456396383e-05,0.00015999999595806003
2.1048004456727345e-05,0.00015999999595806003
2.1052004457058306e-05,0.00015999999595806003
2.1056004457389268e-05,0.00015999999595806003
2.106000445772023e-05,0.00015999999595806003
2.106400445805119e-05,0.00015999999595806003
2.1068004458382152e-05,0.00015999999595806003
2.1072004458713114e-05,0.00015999999595806003
2.1076004459044075e-05,0.00015999999595806003
2.1080004459375036e-05,0.00015999999595806003
2.1084004459705998e-05,0.00015999999595806003
2.108800446003696e-05,0.00015999999595806003
2.109200446036792e-05,0.00015999999595806003
2.1096004460698882e-05,0.00015999999595806003
2.1100004461029844e-05,0.00015999999595806003
2.1104004461360805e-05,0.00015999999595806003
2.1108004461691767e-05,0.00015999999595806003
2.111200446202273e-05,0.00015999999595806003
2.111600446235369e-05,0.00015999999595806003
2.112000446268465e-05,0.00015999999595806003
2.1124004463015613e-05,0.00015999999595806003
2.1128004463346574e-05,0.00015999999595806003
2.1132004463677536e-05,0.00015999999595806003
2.1136004464008497e-05,0.00015999999595806003
2.114000446433946e-05,0.00015999999595806003
2.114400446467042e-05,0.00015999999595806003
2.1148004465001382e-05,0.00015999999595806003
2.1152004465332343e-05,0.00015999999595806003
2.1156004465663305e-05,0.00019999999494757503
2.1160004465994266e-05,0.00015999999595806003
2.1164004466325228e-05,0.00019999999494757503
2.116800446665619e-05,0.00015999999595806003
2.117200446698715e-05,0.00015999999595806003
2.1176004467318112e-05,0.00015999999595806003
2.1180004467649074e-05,0.00015999999595806003
2.1184004467980035e-05,0.00011999999696854502
2.1188004468310997e-05,0.00015999999595806003
2.1192004468641958e-05,0.00015999999595806003
2.119600446897292e-05,0.00019999999494757503
2.120000446930388e-05,0.00015999999595806003
2.1204004469634843e-05,0.00015999999595806003
2.1208004469965804e-05,0.00015999999595806003
2.1212004470296765e-05,0.00015999999595806003
2.1216004470627727e-05,0.00015999999595806003
2.122000447095869e-05,0.00019999999494757503
2.122400447128965e-05,0.00015999999595806003
2.122800447162061e-05,0.00019999999494757503
2.1232004471951573e-05,0.00015999999595806003
2.1236004472282534e-05,0.00015999999595806003
2.1240004472613496e-05,0.00015999999595806003
2.1244004472944457e-05,0.00015999999595806003
2.124800447327542e-05,0.00015999999595806003
2.125200447360638e-05,0.00015999999595806003
2.1256004473937342e-05,0.00015999999595806003
2.1260004474268303e-05,0.00015999999595806003
2.1264004474599265e-05,0.00015999999595806003
2.1268004474930226e-05,0.00015999999595806003
2.1272004475261188e-05,0.00015999999595806003
2.127600447559215e-05,0.00019999999494757503
2.128000447592311e-05,0.00015999999595806003
2.1284004476254072e-05,0.00019999999494757503
2.1288004476585034e-05,0.00015999999595806003
2.1292004476915995e-05,0.00015999999595806003
2.1296004477246957e-05,0.00015999999595806003
2.1300004477577918e-05,0.00015999999595806003
2.130400447790888e-05,0.00015999999595806003
2.130800447823984e-05,0.00019999999494757503
2.1312004478570803e-05,0.00015999999595806003
2.1316004478901764e-05,0.00019999999494757503
2.1320004479232726e-05,0.00015999999595806003
2.1324004479563687e-05,0.00019999999494757503
2.132800447989465e-05,0.00015999999595806003
2.133200448022561e-05,0.00015999999595806003
2.133600448055657e-05,0.00015999999595806003
2.1340004480887533e-05,0.00015999999595806003
2.1344004481218494e-05,0.00015999999595806003
2.1348004481549456e-05,0.00019999999494757503
2.1352004481880417e-05,0.00015999999595806003
2.135600448221138e-05,0.00019999999494757503
2.136000448254234e-05,0.00019999999494757503
2.1364004482873302e-05,0.00019999999494757503
2.1368004483204263e-05,0.00019999999494757503
2.1372004483535225e-05,0.00015999999595806003
2.1376004483866186e-05,0.00019999999494757503
2.1380004484197148e-05,0.00019999999494757503
2.138400448452811e-05,0.00015999999595806003
2.138800448485907e-05,0.00019999999494757503
2.1392004485190032e-05,0.00015999999595806003
2.1396004485520994e-05,0.00023999999393709004
2.1400004485851955e-05,0.00019999999494757503
2.1404004486182917e-05,0.00019999999494757503
2.1408004486513878e-05,0.00019999999494757503
2.141200448684484e-05,0.00019999999494757503
2.14160044871758e-05,0.00019999999494757503
2.1420004487506763e-05,0.00019999999494757503
2.1424004487837724e-05,0.00019999999494757503
2.1428004488168686e-05,0.00023999999393709004
2.1432004488499647e-05,0.00019999999494757503
2.143600448883061e-05,0.00023999999393709004
2.144000448916157e-05,0.00019999999494757503
2.144400448949253e-05,0.00019999999494757503
2.1448004489823493e-05,0.00019999999494757503
2.1452004490154455e-05,0.00019999999494757503
2.1456004490485416e-05,0.00019999999494757503
2.1460004490816377e-05,0.00019999999494757503
2.146400449114734e-05,0.00019999999494757503
2.14680044914783e-05,0.00023999999393709004
2.1472004491809262e-05,0.00019999999494757503
2.1476004492140223e-05,0.00023999999393709004
2.1480004492471185e-05,0.00023999999393709004
2.1484004492802146e-05,0.00023999999393709004
2.1488004493133108e-05,0.00023999999393709004
2.149200449346407e-05,0.00023999999393709004
2.149600449379503e-05,0.00023999999393709004
2.1500004494125992e-05,0.00023999999393709004
2.1504004494456954e-05,0.00019999999494757503
2.1508004494787915e-05,0.00027999999292660505
2.1512004495118877e-05,0.00019999999494757503
2.1516004495449838e-05,0.00023999999393709004
2.15200044957808e-05,0.00023999999393709004
2.152400449611176e-05,0.00023999999393709004
2.1528004496442723e-05,0.00027999999292660505
2.1532004496773684e-05,0.00023999999393709004
2.1536004497104646e-05,0.00027999999292660505
2.1540004497435607e-05,0.00027999999292660505
2.154400449776657e-05,0.00023999999393709004
2.154800449809753e-05,0.00027999999292660505
2.155200449842849e-05,0.00023999999393709004
2.1556004498759453e-05,0.00027999999292660505
2.1560004499090415e-05,0.00027999999292660505
2.1564004499421376e-05,0.00027999999292660505
2.1568004499752338e-05,0.00027999999292660505
2.15720045000833e-05,0.00027999999292660505
2.157600450041426e-05,0.00027999999292660505
2.1580004500745222e-05,0.00027999999292660505
2.1584004501076183e-05,0.00023999999393709004
2.1588004501407145e-05,0.00031999999191612005
2.1592004501738106e-05,0.00023999999393709004
2.1596004502069068e-05,0.00031999999191612005
2.160000450240003e-05,0.00027999999292660505
2.160400450273099e-05,0.00031999999191612005
2.1608004503061952e-05,0.00031999999191612005
2.1612004503392914e-05,0.00031999999191612005
2.1616004503723875e-05,0.00027999999292660505
2.1620004504054837e-05,0.00031999999191612005
2.16240045043858e-05,0.00027999999292660505
2.162800450471676e-05,0.00035999999090563506
2.163200450504772e-05,0.00027999999292660505
2.1636004505378683e-05,0.00031999999191612005
2.1640004505709644e-05,0.00031999999191612005
2.1644004506040606e-05,0.00031999999191612005
2.1648004506371567e-05,0.00031999999191612005
2.165200450670253e-05,0.00031999999191612005
2.165600450703349e-05,0.00031999999191612005
2.166000450736445e-05,0.00035999999090563506
2.1664004507695413e-05,0.00031999999191612005
2.1668004508026375e-05,0.00035999999090563506
2.1672004508357336e-05,0.00031999999191612005
2.1676004508688298e-05,0.00035999999090563506
2.168000450901926e-05,0.00031999999191612005
2.168400450935022e-05,0.00035999999090563506
2.1688004509681182e-05,0.00035999999090563506
2.1692004510012144e-05,0.00035999999090563506
2.1696004510343105e-05,0.00035999999090563506
2.1700004510674067e-05,0.00035999999090563506
2.1704004511005028e-05,0.00031999999191612005
2.170800451133599e-05,0.00039999998989515007
2.171200451166695e-05,0.00031999999191612005
2.1716004511997912e-05,0.00035999999090563506
2.1720004512328874e-05,0.00035999999090563506
2.1724004512659835e-05,0.00039999998989515007
2.1728004512990797e-05,0.00039999998989515007
2.173200451332176e-05,0.00035999999090563506
2.173600451365272e-05,0.00039999998989515007
2.174000451398368e-05,0.00039999998989515007
2.1744004514314643e-05,0.00035999999090563506
2.1748004514645604e-05,0.00043999998888466507
2.1752004514976566e-05,0.00035999999090563506
2.1756004515307527e-05,0.00039999998989515007
2.176000451563849e-05,0.00035999999090563506
2.176400451596945e-05,0.00039999998989515007
2.1768004516300412e-05,0.00039999998989515007
2.1772004516631373e-05,0.00039999998989515007
2.1776004516962335e-05,0.00039999998989515007
2.1780004517293296e-05,0.00043999998888466507
2.1784004517624258e-05,0.00039999998989515007
2.178800451795522e-05,0.0004799999878741801
2.179200451828618e-05,0.00039999998989515007
2.1796004518617142e-05,0.0004799999878741801
2.1800004518948104e-05,0.00043999998888466507
2.1804004519279065e-05,0.00043999998888466507
2.1808004519610027e-05,0.00043999998888466507
2.1812004519940988e-05,0.00039999998989515007
2.181600452027195e-05,0.00043999998888466507
2.182000452060291e-05,0.0004799999878741801
2.1824004520933873e-05,0.00039999998989515007
2.1828004521264834e-05,0.0004799999878741801
2.1832004521595795e-05,0.00039999998989515007
2.1836004521926757e-05,0.0004799999878741801
2.184000452225772e-05,0.00043999998888466507
2.184400452258868e-05,0.0004799999878741801
2.184800452291964e-05,0.0004799999878741801
2.1852004523250603e-05,0.0004799999878741801
2.1856004523581564e-05,0.0004799999878741801
2.1860004523912526e-05,0.0005199999868636951
2.1864004524243487e-05,0.00043999998888466507
2.186800452457445e-05,0.0005199999868636951
2.187200452490541e-05,0.00043999998888466507
2.1876004525236372e-05,0.0005199999868636951
2.1880004525567333e-05,0.0005199999868636951
2.1884004525898295e-05,0.0004799999878741801
2.1888004526229256e-05,0.0005199999868636951
2.1892004526560218e-05,0.0004799999878741801
2.189600452689118e-05,0.0005199999868636951
2.190000452722214e-05,0.0005199999868636951
2.1904004527553102e-05,0.0004799999878741801
2.1908004527884064e-05,0.0005599999858532101
2.1912004528215025e-05,0.0004799999878741801
2.1916004528545987e-05,0.0005599999858532101
2.1920004528876948e-05,0.0005199999868636951
2.192400452920791e-05,0.0005199999868636951
2.192800452953887e-05,0.0005599999858532101
2.1932004529869833e-05,0.0005599999858532101
2.1936004530200794e-05,0.0005599999858532101
2.1940004530531756e-05,0.0005599999858532101
2.1944004530862717e-05,0.0005199999868636951
2.194800453119368e-05,0.0005599999858532101
2.195200453152464e-05,0.0005199999868636951
2.19560045318556e-05,0.0005599999858532101
2.1960004532186563e-05,0.0005599999858532101
2.1964004532517524e-05,0.0005599999858532101
2.1968004532848486e-05,0.0005999999848427251
2.1972004533179447e-05,0.0005599999858532101
2.197600453351041e-05,0.0005999999848427251
2.198000453384137e-05,0.0005999999848427251
2.1984004534172332e-05,0.0005599999858532101
2.1988004534503293e-05,0.0006399999838322401
2.1992004534834255e-05,0.0005599999858532101
2.1996004535165216e-05,0.0006399999838322401
2.2000004535496178e-05,0.0005999999848427251
2.200400453582714e-05,0.0005999999848427251
2.20080045361581e-05,0.0006399999838322401
2.2012004536489062e-05,0.0005999999848427251
2.2016004536820024e-05,0.0006399999838322401
2.2020004537150985e-05,0.0006399999838322401
2.2024004537481947e-05,0.0005999999848427251
2.2028004537812908e-05,0.0006799999828217551
2.203200453814387e-05,0.0005999999848427251
2.203600453847483e-05,0.0006799999828217551
2.2040004538805793e-05,0.0006399999838322401
2.2044004539136754e-05,0.0006399999838322401
2.2048004539467716e-05,0.0006799999828217551
2.2052004539798677e-05,0.0006799999828217551
2.205600454012964e-05,0.0006799999828217551
2.20600045404606e-05,0.0006799999828217551
2.206400454079156e-05,0.0006399999838322401
2.2068004541122523e-05,0.0006799999828217551
2.2072004541453485e-05,0.0006399999838322401
2.2076004541784446e-05,0.0007199999818112701
2.2080004542115407e-05,0.0006799999828217551
2.208400454244637e-05,0.0006799999828217551
2.208800454277733e-05,0.0007199999818112701
2.2092004543108292e-05,0.0006799999828217551
2.2096004543439253e-05,0.0007199999818112701
2.2100004543770215e-05,0.0007199999818112701
2.2104004544101176e-05,0.0006799999828217551
2.2108004544432138e-05,0.0007599999808007851
2.21120045447631e-05,0.0006799999828217551
2.211600454509406e-05,0.0007599999808007851
2.2120004545425022e-05,0.0007199999818112701
2.2124004545755984e-05,0.0007199999818112701
2.2128004546086945e-05,0.0007599999808007851
2.2132004546417907e-05,0.0007199999818112701
2.2136004546748868e-05,0.0007599999808007851
2.214000454707983e-05,0.0007599999808007851
2.214400454741079e-05,0.0007199999818112701
2.2148004547741753e-05,0.0007999999797903001
2.2152004548072714e-05,0.0007199999818112701
2.2156004548403676e-05,0.0007999999797903001
2.2160004548734637e-05,0.0007599999808007851
2.21640045490656e-05,0.0007599999808007851
2.216800454939656e-05,0.0007599999808007851
2.217200454972752e-05,0.0007599999808007851
2.2176004550058483e-05,0.0007999999797903001
2.2180004550389445e-05,0.0008399999787798151
2.2184004550720406e-05,0.0007599999808007851
2.2188004551051368e-05,0.0008399999787798151
2.219200455138233e-05,0.0007599999808007851
2.219600455171329e-05,0.0007999999797903001
2.2200004552044252e-05,0.0007999999797903001
2.2204004552375213e-05,0.0007999999797903001
2.2208004552706175e-05,0.0008399999787798151
2.2212004553037136e-05,0.0007999999797903001
2.2216004553368098e-05,0.0008399999787798151
2.222000455369906e-05,0.0008399999787798151
2.222400455403002e-05,0.0007999999797903001
2.2228004554360982e-05,0.0008799999777693301
2.2232004554691944e-05,0.0007999999797903001
2.2236004555022905e-05,0.0008799999777693301
2.2240004555353867e-05,0.0008399999787798151
2.224400455568483e-05,0.0008399999787798151
2.224800455601579e-05,0.0008799999777693301
2.225200455634675e-05,0.0008399999787798151
2.2256004556677713e-05,0.0008399999787798151
2.2260004557008674e-05,0.0008799999777693301
2.2264004557339636e-05,0.0008399999787798151
2.2268004557670597e-05,0.0009199999767588452
2.227200455800156e-05,0.0008399999787798151
2.227600455833252e-05,0.0009199999767588452
2.2280004558663482e-05,0.0008799999777693301
2.2284004558994443e-05,0.0008799999777693301
2.2288004559325405e-05,0.0009199999767588452
2.2292004559656366e-05,0.0008799999777693301
2.2296004559987328e-05,0.0009199999767588452
2.230000456031829e-05,0.0009199999767588452
2.230400456064925e-05,0.0008799999777693301
2.2308004560980212e-05,0.0009599999757483602
2.2312004561311174e-05,0.0008799999777693301
2.2316004561642135e-05,0.0009599999757483602
2.2320004561973097e-05,0.0009199999767588452
2.2324004562304058e-05,0.0009199999767588452
2.232800456263502e-05,0.0009599999757483602
2.233200456296598e-05,0.0009199999767588452
2.2336004563296942e-05,0.0009599999757483602
2.2340004563627904e-05,0.0009599999757483602
2.2344004563958865e-05,0.0008799999777693301
2.2348004564289827e-05,0.0009999999747378752
2.235200456462079e-05,0.0009199999767588452
2.235600456495175e-05,0.0009999999747378752
2.236000456528271e-05,0.0009599999757483602
2.2364004565613673e-05,0.0009599999757483602
2.2368004565944634e-05,0.0009999999747378752
2.2372004566275596e-05,0.0009999999747378752
2.2376004566606557e-05,0.0009999999747378752
2.238000456693752e-05,0.0009999999747378752
2.238400456726848e-05,0.0009199999767588452
2.2388004567599442e-05,0.0010399999737273902
2.2392004567930403e-05,0.0009199999767588452
2.2396004568261365e-05,0.0010399999737273902
2.2400004568592326e-05,0.0009999999747378752
2.2404004568923288e-05,0.0009999999747378752
2.240800456925425e-05,0.0009999999747378752
2.241200456958521e-05,0.0009999999747378752
2.2416004569916172e-05,0.0010399999737273902
2.2420004570247134e-05,0.0010799999727169052
2.2424004570578095e-05,0.0009999999747378752
2.2428004570909057e-05,0.0010799999727169052
2.2432004571240018e-05,0.0009999999747378752
2.243600457157098e-05,0.0010799999727169052
2.244000457190194e-05,0.0010399999737273902
2.2444004572232903e-05,0.0010399999737273902
2.2448004572563864e-05,0.0010799999727169052
2.2452004572894826e-05,0.0010399999737273902
2.2456004573225787e-05,0.0010399999737273902
2.246000457355675e-05,0.0010799999727169052
2.246400457388771e-05,0.0009999999747378752
2.246800457421867e-05,0.0011199999717064202
2.2472004574549633e-05,0.0009999999747378752
2.2476004574880594e-05,0.0011199999717064202
2.2480004575211556e-05,0.0010799999727169052
2.2484004575542517e-05,0.0010799999727169052
2.248800457587348e-05,0.0010799999727169052
2.249200457620444e-05,0.0010799999727169052
2.2496004576535402e-05,0.0011199999717064202
2.2500004576866363e-05,0.0011599999706959352
2.2504004577197325e-05,0.0010799999727169052
2.2508004577528286e-05,0.0011599999706959352
2.2512004577859248e-05,0.0010399999737273902
2.251600457819021e-05,0.0011599999706959352
2.252000457852117e-05,0.0011199999717064202
2.2524004578852132e-05,0.0011199999717064202
2.2528004579183094e-05,0.0011199999717064202
2.2532004579514055e-05,0.0011199999717064202
2.2536004579845017e-05,0.0011199999717064202
2.2540004580175978e-05,0.0011599999706959352
2.254400458050694e-05,0.0010799999727169052
2.25480045808379e-05,0.0011999999696854502
2.2552004581168863e-05,0.0011199999717064202
2.2556004581499824e-05,0.0011999999696854502
2.2560004581830786e-05,0.0011599999706959352
2.2564004582161747e-05,0.0011599999706959352
2.256800458249271e-05,0.0011999999696854502
2.257200458282367e-05,0.0011599999706959352
2.257600458315463e-05,0.0011599999706959352
2.2580004583485593e-05,0.0011999999696854502
2.2584004583816554e-05,0.0011199999717064202
2.2588004584147516e-05,0.0012399999686749652
2.2592004584478477e-05,0.0011199999717064202
2.259600458480944e-05,0.0011999999696854502
2.26000045851404e-05,0.0011599999706959352
2.2604004585471362e-05,0.0011999999696854502
2.2608004585802323e-05,0.0012399999686749652
2.2612004586133285e-05,0.0011999999696854502
2.2616004586464246e-05,0.0011999999696854502
2.2620004586795208e-05,0.0012399999686749652
2.262400458712617e-05,0.0011599999706959352
2.262800458745713e-05,0.0012799999676644802
2.2632004587788092e-05,0.0011999999696854502
2.2636004588119054e-05,0.0012799999676644802
2.2640004588450015e-05,0.0011999999696854502
2.2644004588780977e-05,0.0012399999686749652
2.2648004589111938e-05,0.0012399999686749652
2.26520045894429e-05,0.0012399999686749652
2.265600458977386e-05,0.0012399999686749652
2.2660004590104823e-05,0.0012799999676644802
2.2664004590435784e-05,0.0011999999696854502
2.2668004590766746e-05,0.0013199999666539952
2.2672004591097707e-05,0.0011999999696854502
2.267600459142867e-05,0.0012799999676644802
2.268000459175963e-05,0.0012399999686749652
2.268400459209059e-05,0.0012799999676644802
2.2688004592421553e-05,0.0013199999666539952
2.2692004592752515e-05,0.0012799999676644802
2.2696004593083476e-05,0.0012799999676644802
2.2700004593414438e-05,0.0013199999666539952
2.27040045937454e-05,0.0012399999686749652
2.270800459407636e-05,0.0013599999656435102
2.2712004594407322e-05,0.0012399999686749652
2.2716004594738283e-05,0.0013599999656435102
2.2720004595069245e-05,0.0012799999676644802
2.2724004595400206e-05,0.0012799999676644802
2.2728004595731168e-05,0.0013199999666539952
2.273200459606213e-05,0.0012799999676644802
2.273600459639309e-05,0.0013199999666539952
2.2740004596724052e-05,0.0013599999656435102
2.2744004597055014e-05,0.0012799999676644802
2.2748004597385975e-05,0.0013999999646330252
2.2752004597716937e-05,0.0012799999676644802
2.2756004598047898e-05,0.0013999999646330252
2.276000459837886e-05,0.0013199999666539952
2.276400459870982e-05,0.0013199999666539952
2.2768004599040783e-05,0.0013599999656435102
2.2772004599371744e-05,0.0013199999666539952
2.2776004599702706e-05,0.0013199999666539952
2.2780004600033667e-05,0.0013599999656435102
2.278400460036463e-05,0.0012799999676644802
2.278800460069559e-05,0.0014399999636225402
2.279200460102655e-05,0.0013199999666539952
2.2796004601357513e-05,0.0013999999646330252
2.2800004601688475e-05,0.0013599999656435102
2.2804004602019436e-05,0.0013599999656435102
2.2808004602350398e-05,0.0013999999646330252
2.281200460268136e-05,0.0013599999656435102
2.281600460301232e-05,0.0013599999656435102
2.2820004603343282e-05,0.0013999999646330252
2.2824004603674244e-05,0.0013199999666539952
2.2828004604005205e-05,0.0014399999636225402
2.2832004604336166e-05,0.0013199999666539952
2.2836004604667128e-05,0.0014399999636225402
2.284000460499809e-05,0.0013999999646330252
2.284400460532905e-05,0.0013999999646330252
2.2848004605660012e-05,0.0014399999636225402
2.2852004605990974e-05,0.0013999999646330252
2.2856004606321935e-05,0.0013999999646330252
2.2860004606652897e-05,0.0014399999636225402
2.286400460698386e-05,0.0013599999656435102
2.286800460731482e-05,0.0014799999626120552
2.287200460764578e-05,0.0013599999656435102
2.2876004607976743e-05,0.0014799999626120552
2.2880004608307704e-05,0.0013999999646330252
2.2884004608638666e-05,0.0013999999646330252
2.2888004608969627e-05,0.0014399999636225402
2.289200460930059e-05,0.0014399999636225402
2.289600460963155e-05,0.0014399999636225402
2.2900004609962512e-05,0.0014799999626120552
2.2904004610293473e-05,0.0013599999656435102
2.2908004610624435e-05,0.0014799999626120552
2.2912004610955396e-05,0.0013599999656435102
2.2916004611286358e-05,0.0014799999626120552
2.292000461161732e-05,0.0014399999636225402
2.292400461194828e-05,0.0014399999636225402
2.2928004612279242e-05,0.0014799999626120552
2.2932004612610204e-05,0.0014399999636225402
2.2936004612941165e-05,0.0014399999636225402
2.2940004613272127e-05,0.0014799999626120552
2.2944004613603088e-05,0.0013999999646330252
2.294800461393405e-05,0.0015199999616015702
2.295200461426501e-05,0.0013999999646330252
2.2956004614595972e-05,0.0015199999616015702
2.2960004614926934e-05,0.0014799999626120552
2.2964004615257895e-05,0.0014799999626120552
2.2968004615588857e-05,0.0015199999616015702
2.297200461591982e-05,0.0014799999626120552
2.297600461625078e-05,0.0014799999626120552
2.298000461658174e-05,0.0015199999616015702
2.2984004616912703e-05,0.0014399999636225402
2.2988004617243664e-05,0.0015599999605910853
2.2992004617574626e-05,0.0013999999646330252
2.2996004617905587e-05,0.0015199999616015702
2.300000461823655e-05,0.0014799999626120552
2.300400461856751e-05,0.0014799999626120552
2.3008004618898472e-05,0.0015199999616015702
2.3012004619229433e-05,0.0014799999626120552
2.3016004619560395e-05,0.0015199999616015702
2.3020004619891356e-05,0.0015199999616015702
2.3024004620222318e-05,0.0014399999636225402
2.302800462055328e-05,0.0015599999605910853
2.303200462088424e-05,0.0014399999636225402
2.3036004621215202e-05,0.0015599999605910853
2.3040004621546164e-05,0.0014799999626120552
2.3044004621877125e-05,0.0015199999616015702
2.3048004622208087e-05,0.0015599999605910853
2.3052004622539048e-05,0.0015199999616015702
2.305600462287001e-05,0.0015199999616015702
2.306000462320097e-05,0.0015599999605910853
2.3064004623531933e-05,0.0014799999626120552
2.3068004623862894e-05,0.0015999999595806003
2.3072004624193856e-05,0.0014799999626120552
2.3076004624524817e-05,0.0015599999605910853
2.308000462485578e-05,0.0015199999616015702
2.308400462518674e-05,0.0015199999616015702
2.30880046255177e-05,0.0015599999605910853
2.3092004625848663e-05,0.0015199999616015702
2.3096004626179624e-05,0.0015199999616015702
2.3100004626510586e-05,0.0015599999605910853
2.3104004626841547e-05,0.0014799999626120552
2.310800462717251e-05,0.0016399999585701153
2.311200462750347e-05,0.0014799999626120552
2.3116004627834432e-05,0.0015999999595806003
2.3120004628165393e-05,0.0015599999605910853
2.3124004628496355e-05,0.0015599999605910853
2.3128004628827316e-05,0.0015999999595806003
2.3132004629158278e-05,0.0015199999616015702
2.313600462948924e-05,0.0015599999605910853
2.31400046298202e-05,0.0015999999595806003
2.3144004630151162e-05,0.0015199999616015702
2.3148004630482124e-05,0.0016399999585701153
2.3152004630813085e-05,0.0015199999616015702
2.3156004631144047e-05,0.0015999999595806003
2.3160004631475008e-05,0.0015599999605910853
2.316400463180597e-05,0.0015599999605910853
2.316800463213693e-05,0.0015999999595806003
2.3172004632467893e-05,0.0015599999605910853
2.3176004632798854e-05,0.0015599999605910853
2.3180004633129816e-05,0.0015999999595806003
2.3184004633460777e-05,0.0015199999616015702
2.318800463379174e-05,0.0016399999585701153
2.31920046341227e-05,0.0015199999616015702
2.319600463445366e-05,0.0016399999585701153
2.3200004634784623e-05,0.0015999999595806003
2.3204004635115584e-05,0.0015599999605910853
2.3208004635446546e-05,0.0015999999595806003
2.3212004635777507e-05,0.0015599999605910853
2.321600463610847e-05,0.0015599999605910853
2.322000463643943e-05,0.0016399999585701153
2.3224004636770392e-05,0.0015199999616015702
2.3228004637101353e-05,0.0016799999575596303
2.3232004637432315e-05,0.0015599999605910853
2.3236004637763276e-05,0.0016399999585701153
2.3240004638094238e-05,0.0015999999595806003
2.32440046384252e-05,0.0015599999605910853
2.324800463875616e-05,0.0016399999585701153
2.3252004639087122e-05,0.0015599999605910853
2.3256004639418084e-05,0.0015999999595806003
2.3260004639749045e-05,0.0016399999585701153
2.3264004640080007e-05,0.0015599999605910853
2.3268004640410968e-05,0.0016799999575596303
2.327200464074193e-05,0.0015599999605910853
2.327600464107289e-05,0.0016799999575596303
2.3280004641403853e-05,0.0015999999595806003
2.3284004641734814e-05,0.0015999999595806003
2.3288004642065776e-05,0.0016399999585701153
2.3292004642396737e-05,0.0015999999595806003
2.32960046427277e-05,0.0015999999595806003
2.330000464305866e-05,0.0016399999585701153
2.330400464338962e-05,0.0015599999605910853
2.3308004643720583e-05,0.0016799999575596303
2.3312004644051545e-05,0.0015599999605910853
2.3316004644382506e-05,0.0016399999585701153
2.3320004644713468e-05,0.0015999999595806003
2.332400464504443e-05,0.0015999999595806003
2.332800464537539e-05,0.0016399999585701153
2.3332004645706352e-05,0.0015999999595806003
2.3336004646037313e-05,0.0016399999585701153
2.3340004646368275e-05,0.0016799999575596303
2.3344004646699236e-05,0.0015599999605910853
2.3348004647030198e-05,0.0017199999565491453
2.335200464736116e-05,0.0015599999605910853
2.335600464769212e-05,0.0016799999575596303
2.3360004648023082e-05,0.0016399999585701153
2.3364004648354044e-05,0.0015999999595806003
2.3368004648685005e-05,0.0016799999575596303
2.3372004649015967e-05,0.0015999999595806003
2.337600464934693e-05,0.0015999999595806003
2.338000464967789e-05,0.0016799999575596303
2.338400465000885e-05,0.0015599999605910853
2.3388004650339813e-05,0.0017199999565491453
2.3392004650670774e-05,0.0015599999605910853
2.3396004651001736e-05,0.0016799999575596303
2.3400004651332697e-05,0.0016399999585701153
2.340400465166366e-05,0.0015999999595806003
2.340800465199462e-05,0.0016799999575596303
2.341200465232558e-05,0.0015999999595806003
2.3416004652656543e-05,0.0016399999585701153
2.3420004652987505e-05,0.0016799999575596303
2.3424004653318466e-05,0.0015599999605910853
2.3428004653649428e-05,0.0017199999565491453
2.343200465398039e-05,0.0015599999605910853
2.343600465431135e-05,0.0016799999575596303
2.3440004654642312e-05,0.0016399999585701153
2.3444004654973274e-05,0.0016399999585701153
2.3448004655304235e-05,0.0016799999575596303
2.3452004655635197e-05,0.0016399999585701153
2.3456004655966158e-05,0.0016399999585701153
2.346000465629712e-05,0.0016799999575596303
2.346400465662808e-05,0.0015599999605910853
2.3468004656959042e-05,0.0017199999565491453
2.3472004657290004e-05,0.0015599999605910853
2.3476004657620965e-05,0.0016799999575596303
2.3480004657951927e-05,0.0016399999585701153
2.348400465828289e-05,0.0015999999595806003
2.348800465861385e-05,0.0016799999575596303
2.349200465894481e-05,0.0015999999595806003
2.3496004659275773e-05,0.0016399999585701153
2.3500004659606734e-05,0.0016799999575596303
2.3504004659937696e-05,0.0015599999605910853
2.3508004660268657e-05,0.0017199999565491453
2.351200466059962e-05,0.0015999999595806003
2.351600466093058e-05,0.0017199999565491453
2.3520004661261542e-05,0.0016399999585701153
2.3524004661592503e-05,0.0016399999585701153
2.3528004661923465e-05,0.0016799999575596303
2.3532004662254426e-05,0.0015999999595806003
2.3536004662585388e-05,0.0016399999585701153
2.354000466291635e-05,0.0016799999575596303
2.354400466324731e-05,0.0015599999605910853
2.3548004663578272e-05,0.0017199999565491453
2.3552004663909234e-05,0.0015999999595806003
2.3556004664240195e-05,0.0017199999565491453
2.3560004664571157e-05,0.0016399999585701153
2.3564004664902118e-05,0.0016399999585701153
2.356800466523308e-05,0.0016799999575596303
2.357200466556404e-05,0.0016399999585701153
2.3576004665895003e-05,0.0016399999585701153
2.3580004666225964e-05,0.0016799999575596303
2.3584004666556925e-05,0.0015599999605910853
2.3588004666887887e-05,0.0017199999565491453
2.359200466721885e-05,0.0015599999605910853
2.359600466754981e-05,0.0016799999575596303
2.360000466788077e-05,0.0016399999585701153
2.3604004668211733e-05,0.0016399999585701153
2.3608004668542694e-05,0.0016799999575596303
2.3612004668873656e-05,0.0016399999585701153
2.3616004669204617e-05,0.0016399999585701153
2.362000466953558e-05,0.0016799999575596303
2.362400466986654e-05,0.0015599999605910853
2.3628004670197502e-05,0.0017199999565491453
2.3632004670528463e-05,0.0015599999605910853
2.3636004670859425e-05,0.0016799999575596303
2.3640004671190386e-05,0.0016399999585701153
2.3644004671521348e-05,0.0016399999585701153
2.364800467185231e-05,0.0016799999575596303
2.365200467218327e-05,0.0015999999595806003
2.3656004672514232e-05,0.0016399999585701153
2.3660004672845194e-05,0.0016799999575596303
2.3664004673176155e-05,0.0015599999605910853
2.3668004673507117e-05,0.0017199999565491453
2.3672004673838078e-05,0.0015599999605910853
2.367600467416904e-05,0.0016799999575596303
2.36800046745e-05,0.0016399999585701153
2.3684004674830963e-05,0.0015999999595806003
2.3688004675161924e-05,0.0016799999575596303
2.3692004675492886e-05,0.0015999999595806003
2.3696004675823847e-05,0.0016399999585701153
2.370000467615481e-05,0.0016799999575596303
2.370400467648577e-05,0.0015599999605910853
2.370800467681673e-05,0.0017199999565491453
2.3712004677147693e-05,0.0015599999605910853
2.3716004677478654e-05,0.0016799999575596303
2.3720004677809616e-05,0.0016399999585701153
2.3724004678140577e-05,0.0015999999595806003
2.372800467847154e-05,0.0016799999575596303
2.37320046788025e-05,0.0015999999595806003
2.3736004679133462e-05,0.0016399999585701153
2.3740004679464423e-05,0.0016799999575596303
2.3744004679795385e-05,0.0015599999605910853
2.3748004680126346e-05,0.0017199999565491453
2.3752004680457308e-05,0.0015599999605910853
2.375600468078827e-05,0.0016799999575596303
2.376000468111923e-05,0.0016399999585701153
2.3764004681450192e-05,0.0015999999595806003
2.3768004681781154e-05,0.0016799999575596303
2.3772004682112115e-05,0.0015999999595806003
2.3776004682443077e-05,0.0015999999595806003
2.3780004682774038e-05,0.0016399999585701153
2.3784004683105e-05,0.0015599999605910853
2.378800468343596e-05,0.0017199999565491453
2.3792004683766923e-05,0.0015599999605910853
2.3796004684097884e-05,0.0016799999575596303
2.3800004684428846e-05,0.0016399999585701153
2.3804004684759807e-05,0.0015999999595806003
2.380800468509077e-05,0.0016799999575596303
2.381200468542173e-05,0.0015999999595806003
2.381600468575269e-05,0.0015999999595806003
2.3820004686083653e-05,0.0016799999575596303
2.3824004686414615e-05,0.0015199999616015702
2.3828004686745576e-05,0.0016799999575596303
2.3832004687076537e-05,0.0015199999616015702
2.38360046874075e-05,0.0016399999585701153
2.384000468773846e-05,0.0015999999595806003
2.3844004688069422e-05,0.0015999999595806003
2.3848004688400383e-05,0.0016399999585701153
2.3852004688731345e-05,0.0015999999595806003
2.3856004689062306e-05,0.0015999999595806003
2.3860004689393268e-05,0.0016399999585701153
2.386400468972423e-05,0.0015199999616015702
2.386800469005519e-05,0.0016799999575596303
2.3872004690386152e-05,0.0015199999616015702
2.3876004690717114e-05,0.0016399999585701153
2.3880004691048075e-05,0.0015999999595806003
2.3884004691379037e-05,0.0015599999605910853
2.3888004691709998e-05,0.0016399999585701153
2.389200469204096e-05,0.0015599999605910853
2.389600469237192e-05,0.0015999999595806003
2.3900004692702883e-05,0.0016399999585701153
2.3904004693033844e-05,0.0014799999626120552
2.3908004693364806e-05,0.0016399999585701153
2.3912004693695767e-05,0.0015599999605910853
2.391600469402673e-05,0.0015999999595806003
2.392000469435769e-05,0.0016399999585701153
2.392400469468865e-05,0.0015599999605910853
2.3928004695019613e-05,0.0015999999595806003
2.3932004695350575e-05,0.0016399999585701153
2.3936004695681536e-05,0.0015199999616015702
2.3940004696012498e-05,0.0016399999585701153
2.394400469634346e-05,0.0015599999605910853
2.394800469667442e-05,0.0015999999595806003
2.3952004697005382e-05,0.0015599999605910853
2.3956004697336343e-05,0.0015999999595806003
2.3960004697667305e-05,0.0015599999605910853
2.3964004697998266e-05,0.0015999999595806003
2.3968004698329228e-05,0.0015599999605910853
2.397200469866019e-05,0.0015999999595806003
2.397600469899115e-05,0.0015599999605910853
2.3980004699322112e-05,0.0015999999595806003
2.3984004699653074e-05,0.0015599999605910853
2.3988004699984035e-05,0.0015999999595806003
2.3992004700314997e-05,0.0015599999605910853
2.399600470064596e-05,0.0015599999605910853
2.400000470097692e-05,0.0015599999605910853
2.400400470130788e-05,0.0015999999595806003
2.4008004701638843e-05,0.0015999999595806003
2.4012004701969804e-05,0.0015999999595806003
2.4016004702300766e-05,0.0015599999605910853
2.4020004702631727e-05,0.0015599999605910853
2.402400470296269e-05,0.0015199999616015702
2.402800470329365e-05,0.0015999999595806003
2.403200470362461e-05,0.0015199999616015702
2.4036004703955573e-05,0.0015999999595806003
2.4040004704286535e-05,0.0015199999616015702
2.4044004704617496e-05,0.0015599999605910853
2.4048004704948458e-05,0.0015599999605910853
2.405200470527942e-05,0.0015999999595806003
2.405600470561038e-05,0.0015599999605910853
2.4060004705941342e-05,0.0015999999595806003
2.4064004706272304e-05,0.0015199999616015702
2.4068004706603265e-05,0.0015599999605910853
2.4072004706934227e-05,0.0015199999616015702
2.4076004707265188e-05,0.0015599999605910853
2.408000470759615e-05,0.0015199999616015702
2.408400470792711e-05,0.0015599999605910853
2.4088004708258072e-05,0.0015199999616015702
2.4092004708589034e-05,0.0015599999605910853
2.4096004708919995e-05,0.0015199999616015702
2.4100004709250957e-05,0.0015599999605910853
2.410400470958192e-05,0.0015199999616015702
2.410800470991288e-05,0.0015199999616015702
2.411200471024384e-05,0.0015199999616015702
2.4116004710574803e-05,0.0015599999605910853
2.4120004710905764e-05,0.0015199999616015702
2.4124004711236726e-05,0.0015599999605910853
2.4128004711567687e-05,0.0015199999616015702
2.413200471189865e-05,0.0015599999605910853
2.413600471222961e-05,0.0015199999616015702
2.4140004712560572e-05,0.0015599999605910853
2.4144004712891533e-05,0.0015199999616015702
2.4148004713222495e-05,0.0015199999616015702
2.4152004713553456e-05,0.0014799999626120552
2.4156004713884418e-05,0.0015199999616015702
2.416000471421538e-05,0.0015599999605910853
2.416400471454634e-05,0.0016799999575596303
2.4168004714877302e-05,0.0017599999555386603
2.4172004715208264e-05,0.0018799999525072053
2.4176004715539225e-05,0.0018399999535176903
2.4180004715870187e-05,0.0017199999565491453
2.4184004716201148e-05,0.0014799999626120552
2.418800471653211e-05,0.0012399999686749652
2.419200471686307e-05,0.0009999999747378752
2.4196004717194033e-05,0.0007999999797903001
2.4200004717524994e-05,0.0006399999838322401
2.4204004717855955e-05,0.0005599999858532101
2.4208004718186917e-05,0.00043999998888466507
2.421200471851788e-05,0.00039999998989515007
2.421600471884884e-05,0.00031999999191612005
2.42200047191798e-05,0.00027999999292660505
2.4224004719510763e-05,0.00023999999393709004
2.4228004719841724e-05,0.00023999999393709004
2.4232004720172686e-05,0.00019999999494757503
2.4236004720503647e-05,0.00023999999393709004
2.424000472083461e-05,0.00019999999494757503
2.424400472116557e-05,0.00019999999494757503
2.4248004721496532e-05,0.00019999999494757503
2.4252004721827493e-05,0.00019999999494757503
2.4256004722158455e-05,0.00019999999494757503
2.4260004722489416e-05,0.00019999999494757503
2.4264004722820378e-05,0.00015999999595806003
2.426800472315134e-05,0.00019999999494757503
2.42720047234823e-05,0.00019999999494757503
2.4276004723813262e-05,0.00019999999494757503
2.4280004724144224e-05,0.00019999999494757503
2.4284004724475185e-05,0.00019999999494757503
2.4288004724806147e-05,0.00019999999494757503
2.4292004725137108e-05,0.00019999999494757503
2.429600472546807e-05,0.00015999999595806003
2.430000472579903e-05,0.00019999999494757503
2.4304004726129993e-05,0.00019999999494757503
2.4308004726460954e-05,0.00019999999494757503
2.4312004726791916e-05,0.00019999999494757503
2.4316004727122877e-05,0.00019999999494757503
2.432000472745384e-05,0.00019999999494757503
2.43240047277848e-05,0.00019999999494757503
2.432800472811576e-05,0.00015999999595806003
2.4332004728446723e-05,0.00019999999494757503
2.4336004728777684e-05,0.00015999999595806003
2.4340004729108646e-05,0.00015999999595806003
2.4344004729439607e-05,0.00015999999595806003
2.434800472977057e-05,0.00015999999595806003
2.435200473010153e-05,0.00015999999595806003
2.4356004730432492e-05,0.00019999999494757503
2.4360004730763453e-05,0.00019999999494757503
2.4364004731094415e-05,0.00019999999494757503
2.4368004731425376e-05,0.00019999999494757503
2.4372004731756338e-05,0.00019999999494757503
2.43760047320873e-05,0.00015999999595806003
2.438000473241826e-05,0.00019999999494757503
2.4384004732749222e-05,0.00019999999494757503
2.4388004733080184e-05,0.00015999999595806003
2.4392004733411145e-05,0.00015999999595806003
2.4396004733742107e-05,0.00019999999494757503
2.4400004734073068e-05,0.00015999999595806003
2.440400473440403e-05,0.00019999999494757503
2.440800473473499e-05,0.00019999999494757503
2.4412004735065953e-05,0.00019999999494757503
2.4416004735396914e-05,0.00015999999595806003
2.4420004735727876e-05,0.00019999999494757503
2.4424004736058837e-05,0.00019999999494757503
2.44280047363898e-05,0.00015999999595806003
2.443200473672076e-05,0.00015999999595806003
2.443600473705172e-05,0.00019999999494757503
2.4440004737382683e-05,0.00015999999595806003
2.4444004737713645e-05,0.00015999999595806003
2.4448004738044606e-05,0.00015999999595806003
2.4452004738375568e-05,0.00019999999494757503
2.445600473870653e-05,0.00015999999595806003
2.446000473903749e-05,0.00019999999494757503
2.4464004739368452e-05,0.00015999999595806003
2.4468004739699413e-05,0.00015999999595806003
2.4472004740030375e-05,0.00015999999595806003
2.4476004740361336e-05,0.00015999999595806003
2.4480004740692298e-05,0.00015999999595806003
2.448400474102326e-05,0.00015999999595806003
2.448800474135422e-05,0.00015999999595806003
2.4492004741685182e-05,0.00019999999494757503
2.4496004742016144e-05,0.00015999999595806003
2.4500004742347105e-05,0.00019999999494757503
2.4504004742678067e-05,0.00015999999595806003
2.4508004743009028e-05,0.00015999999595806003
2.451200474333999e-05,0.00019999999494757503
2.451600474367095e-05,0.00015999999595806003
2.4520004744001913e-05,0.00015999999595806003
2.4524004744332874e-05,0.00015999999595806003
2.4528004744663836e-05,0.00015999999595806003
2.4532004744994797e-05,0.00019999999494757503
2.453600474532576e-05,0.00015999999595806003
2.454000474565672e-05,0.00015999999595806003
2.454400474598768e-05,0.00015999999595806003
2.4548004746318643e-05,0.00019999999494757503
2.4552004746649605e-05,0.00015999999595806003
2.4556004746980566e-05,0.00015999999595806003
2.4560004747311528e-05,0.00015999999595806003
2.456400474764249e-05,0.00019999999494757503
2.456800474797345e-05,0.00015999999595806003
2.4572004748304412e-05,0.00015999999595806003
2.4576004748635374e-05,0.00015999999595806003
2.4580004748966335e-05,0.00019999999494757503
2.4584004749297296e-05,0.00015999999595806003
2.4588004749628258e-05,0.00015999999595806003
2.459200474995922e-05,0.00015999999595806003
2.459600475029018e-05,0.00015999999595806003
2.4600004750621142e-05,0.00015999999595806003
2.4604004750952104e-05,0.00015999999595806003
2.4608004751283065e-05,0.00015999999595806003
2.4612004751614027e-05,0.00015999999595806003
2.461600475194499e-05,0.00015999999595806003
2.462000475227595e-05,0.00019999999494757503
2.462400475260691e-05,0.00015999999595806003
2.4628004752937873e-05,0.00019999999494757503
2.4632004753268834e-05,0.00019999999494757503
2.4636004753599796e-05,0.00015999999595806003
2.4640004753930757e-05,0.00015999999595806003
2.464400475426172e-05,0.00019999999494757503
2.464800475459268e-05,0.00015999999595806003
2.4652004754923642e-05,0.00015999999595806003
2.4656004755254603e-05,0.00015999999595806003
2.4660004755585565e-05,0.00019999999494757503
2.4664004755916526e-05,0.00015999999595806003
2.4668004756247488e-05,0.00019999999494757503
2.467200475657845e-05,0.00015999999595806003
2.467600475690941e-05,0.00019999999494757503
2.4680004757240372e-05,0.00015999999595806003
2.4684004757571334e-05,0.00015999999595806003
2.4688004757902295e-05,0.00015999999595806003
2.4692004758233257e-05,0.00015999999595806003
2.4696004758564218e-05,0.00015999999595806003
2.470000475889518e-05,0.00019999999494757503
2.470400475922614e-05,0.00015999999595806003
2.4708004759557102e-05,0.00015999999595806003
2.4712004759888064e-05,0.00015999999595806003
2.4716004760219025e-05,0.00015999999595806003
2.4720004760549987e-05,0.00015999999595806003
2.472400476088095e-05,0.00019999999494757503
2.472800476121191e-05,0.00019999999494757503
2.473200476154287e-05,0.00019999999494757503
2.4736004761873833e-05,0.00019999999494757503
2.4740004762204794e-05,0.00019999999494757503
2.4744004762535756e-05,0.00015999999595806003
2.4748004762866717e-05,0.00015999999595806003
2.475200476319768e-05,0.00015999999595806003
2.475600476352864e-05,0.00015999999595806003
2.4760004763859602e-05,0.00015999999595806003
2.4764004764190563e-05,0.00015999999595806003
2.4768004764521525e-05,0.00015999999595806003
2.4772004764852486e-05,0.00019999999494757503
2.4776004765183448e-05,0.00015999999595806003
2.478000476551441e-05,0.00015999999595806003
2.478400476584537e-05,0.00015999999595806003
2.4788004766176332e-05,0.00019999999494757503
2.4792004766507294e-05,0.00015999999595806003
2.4796004766838255e-05,0.00019999999494757503
2.4800004767169217e-05,0.00019999999494757503
2.4804004767500178e-05,0.00019999999494757503
2.480800476783114e-05,0.00015999999595806003
2.48120047681621e-05,0.00015999999595806003
2.4816004768493063e-05,0.00015999999595806003
2.4820004768824024e-05,0.00015999999595806003
2.4824004769154986e-05,0.00015999999595806003
2.4828004769485947e-05,0.00015999999595806003
2.483200476981691e-05,0.00015999999595806003
2.483600477014787e-05,0.00015999999595806003
2.484000477047883e-05,0.00015999999595806003
2.4844004770809793e-05,0.00019999999494757503
2.4848004771140754e-05,0.00015999999595806003
2.4852004771471716e-05,0.00019999999494757503
2.4856004771802677e-05,0.00019999999494757503
2.486000477213364e-05,0.00019999999494757503
2.48640047724646e-05,0.00015999999595806003
2.4868004772795562e-05,0.00019999999494757503
2.4872004773126523e-05,0.00015999999595806003
2.4876004773457485e-05,0.00015999999595806003
2.4880004773788446e-05,0.00015999999595806003
2.4884004774119408e-05,0.00015999999595806003
2.488800477445037e-05,0.00015999999595806003
2.489200477478133e-05,0.00015999999595806003
2.4896004775112292e-05,0.00015999999595806003
2.4900004775443254e-05,0.00015999999595806003
2.4904004775774215e-05,0.00015999999595806003
2.4908004776105177e-05,0.00019999999494757503
2.4912004776436138e-05,0.00019999999494757503
2.49160047767671e-05,0.00019999999494757503
2.492000477709806e-05,0.00015999999595806003
2.4924004777429023e-05,0.00015999999595806003
2.4928004777759984e-05,0.00015999999595806003
2.4932004778090946e-05,0.00019999999494757503
2.4936004778421907e-05,0.00015999999595806003
2.494000477875287e-05,0.00019999999494757503
2.494400477908383e-05,0.00019999999494757503
2.494800477941479e-05,0.00015999999595806003
2.4952004779745753e-05,0.00015999999595806003
2.4956004780076714e-05,0.00015999999595806003
2.4960004780407676e-05,0.00015999999595806003
2.4964004780738637e-05,0.00015999999595806003
2.49680047810696e-05,0.00015999999595806003
2.497200478140056e-05,0.00019999999494757503
2.4976004781731522e-05,0.00015999999595806003
2.4980004782062483e-05,0.00019999999494757503
2.4984004782393445e-05,0.00019999999494757503
2.4988004782724406e-05,0.00019999999494757503
2.4992004783055368e-05,0.00015999999595806003
2.499600478338633e-05,0.00019999999494757503
2.500000478371729e-05,0.00015999999595806003
2.5004004784048252e-05,0.00015999999595806003
2.5008004784379214e-05,0.00015999999595806003
2.5012004784710175e-05,0.00015999999595806003
2.5016004785041137e-05,0.00015999999595806003
2.5020004785372098e-05,0.00019999999494757503
2.502400478570306e-05,0.00015999999595806003
2.502800478603402e-05,0.00019999999494757503
2.5032004786364983e-05,0.00019999999494757503
2.5036004786695944e-05,0.00019999999494757503
2.5040004787026906e-05,0.00015999999595806003
2.5044004787357867e-05,0.00019999999494757503
2.504800478768883e-05,0.00015999999595806003
2.505200478801979e-05,0.00019999999494757503
2.505600478835075e-05,0.00015999999595806003
2.5060004788681713e-05,0.00019999999494757503
2.5064004789012675e-05,0.00015999999595806003
2.5068004789343636e-05,0.00019999999494757503
2.5072004789674598e-05,0.00015999999595806003
2.507600479000556e-05,0.00019999999494757503
2.508000479033652e-05,0.00015999999595806003
2.5084004790667482e-05,0.00015999999595806003
2.5088004790998443e-05,0.00015999999595806003
2.5092004791329405e-05,0.00015999999595806003
2.5096004791660366e-05,0.00015999999595806003
2.5100004791991328e-05,0.00019999999494757503
2.510400479232229e-05,0.00015999999595806003
2.510800479265325e-05,0.00019999999494757503
2.5112004792984212e-05,0.00015999999595806003
2.5116004793315174e-05,0.00015999999595806003
2.5120004793646135e-05,0.00015999999595806003
2.5124004793977097e-05,0.00019999999494757503
2.5128004794308058e-05,0.00015999999595806003
2.513200479463902e-05,0.00019999999494757503
2.513600479496998e-05,0.00015999999595806003
2.5140004795300943e-05,0.00019999999494757503
2.5144004795631904e-05,0.00015999999595806003
2.5148004795962866e-05,0.00015999999595806003
2.5152004796293827e-05,0.00015999999595806003
2.515600479662479e-05,0.00019999999494757503
2.516000479695575e-05,0.00015999999595806003
2.516400479728671e-05,0.00015999999595806003
2.5168004797617673e-05,0.00015999999595806003
2.5172004797948635e-05,0.00019999999494757503
2.5176004798279596e-05,0.00015999999595806003
2.5180004798610558e-05,0.00019999999494757503
2.518400479894152e-05,0.00015999999595806003
2.518800479927248e-05,0.00015999999595806003
2.5192004799603442e-05,0.00015999999595806003
2.5196004799934404e-05,0.00015999999595806003
2.5200004800265365e-05,0.00015999999595806003
2.5204004800596326e-05,0.00019999999494757503
2.5208004800927288e-05,0.00015999999595806003
2.521200480125825e-05,0.00019999999494757503
2.521600480158921e-05,0.00015999999595806003
2.5220004801920172e-05,0.00015999999595806003
2.5224004802251134e-05,0.00015999999595806003
2.5228004802582095e-05,0.00015999999595806003
2.5232004802913057e-05,0.00015999999595806003
2.523600480324402e-05,0.00015999999595806003
2.524000480357498e-05,0.00015999999595806003
2.524400480390594e-05,0.00015999999595806003
2.5248004804236903e-05,0.00015999999595806003
2.5252004804567864e-05,0.00015999999595806003
2.5256004804898826e-05,0.00015999999595806003
2.5260004805229787e-05,0.00019999999494757503
2.526400480556075e-05,0.00019999999494757503
2.526800480589171e-05,0.00019999999494757503
2.5272004806222672e-05,0.00015999999595806003
2.5276004806553633e-05,0.00015999999595806003
2.5280004806884595e-05,0.00015999999595806003
2.5284004807215556e-05,0.00015999999595806003
2.5288004807546518e-05,0.00015999999595806003
2.529200480787748e-05,0.00015999999595806003
2.529600480820844e-05,0.00015999999595806003
2.5300004808539402e-05,0.00015999999595806003
2.5304004808870364e-05,0.00019999999494757503
2.5308004809201325e-05,0.00019999999494757503
2.5312004809532287e-05,0.00019999999494757503
2.5316004809863248e-05,0.00019999999494757503
2.532000481019421e-05,0.00015999999595806003
2.532400481052517e-05,0.00015999999595806003
2.5328004810856133e-05,0.00015999999595806003
2.5332004811187094e-05,0.00015999999595806003
2.5336004811518055e-05,0.00015999999595806003
2.5340004811849017e-05,0.00019999999494757503
2.534400481217998e-05,0.00015999999595806003
2.534800481251094e-05,0.00015999999595806003
2.53520048128419e-05,0.00015999999595806003
2.5356004813172863e-05,0.00019999999494757503
2.5360004813503824e-05,0.00015999999595806003
2.5364004813834786e-05,0.00019999999494757503
2.5368004814165747e-05,0.00015999999595806003
2.537200481449671e-05,0.00015999999595806003
2.537600481482767e-05,0.00015999999595806003
2.5380004815158632e-05,0.00015999999595806003
2.5384004815489593e-05,0.00015999999595806003
2.5388004815820555e-05,0.00019999999494757503
2.5392004816151516e-05,0.00015999999595806003
2.5396004816482478e-05,0.00015999999595806003
2.540000481681344e-05,0.00015999999595806003
2.54040048171444e-05,0.00015999999595806003
2.5408004817475362e-05,0.00015999999595806003
2.5412004817806324e-05,0.00015999999595806003
2.5416004818137285e-05,0.00015999999595806003
2.5420004818468247e-05,0.00019999999494757503
2.5424004818799208e-05,0.00015999999595806003
2.542800481913017e-05,0.00019999999494757503
2.543200481946113e-05,0.00015999999595806003
2.5436004819792093e-05,0.00015999999595806003
2.5440004820123054e-05,0.00015999999595806003
2.5444004820454016e-05,0.00015999999595806003
2.5448004820784977e-05,0.00015999999595806003
2.545200482111594e-05,0.00015999999595806003
2.54560048214469e-05,0.00015999999595806003
2.546000482177786e-05,0.00015999999595806003
2.5464004822108823e-05,0.00015999999595806003
2.5468004822439784e-05,0.00019999999494757503
2.5472004822770746e-05,0.00019999999494757503
2.5476004823101707e-05,0.00015999999595806003
2.548000482343267e-05,0.00015999999595806003
2.548400482376363e-05,0.00015999999595806003
2.5488004824094592e-05,0.00015999999595806003
2.5492004824425553e-05,0.00015999999595806003
2.5496004824756515e-05,0.00015999999595806003
2.5500004825087476e-05,0.00019999999494757503
2.5504004825418438e-05,0.00015999999595806003
2.55080048257494e-05,0.00015999999595806003
2.551200482608036e-05,0.00015999999595806003
2.5516004826411322e-05,0.00015999999595806003
2.5520004826742284e-05,0.00015999999595806003
2.5524004827073245e-05,0.00015999999595806003
2.5528004827404207e-05,0.00015999999595806003
2.5532004827735168e-05,0.00019999999494757503
2.553600482806613e-05,0.00015999999595806003
2.554000482839709e-05,0.00019999999494757503
2.5544004828728053e-05,0.00019999999494757503
2.5548004829059014e-05,0.00019999999494757503
2.5552004829389976e-05,0.00015999999595806003
2.5556004829720937e-05,0.00019999999494757503
2.55600048300519e-05,0.00015999999595806003
2.556400483038286e-05,0.00015999999595806003
2.556800483071382e-05,0.00015999999595806003
2.5572004831044783e-05,0.00015999999595806003
2.5576004831375745e-05,0.00015999999595806003
2.5580004831706706e-05,0.00015999999595806003
2.5584004832037667e-05,0.00015999999595806003
2.558800483236863e-05,0.00015999999595806003
2.559200483269959e-05,0.00015999999595806003
2.5596004833030552e-05,0.00019999999494757503
2.5600004833361513e-05,0.00015999999595806003
2.5604004833692475e-05,0.00015999999595806003
2.5608004834023436e-05,0.00015999999595806003
2.5612004834354398e-05,0.00015999999595806003
2.561600483468536e-05,0.00015999999595806003
2.562000483501632e-05,0.00015999999595806003
2.5624004835347282e-05,0.00015999999595806003
2.5628004835678244e-05,0.00019999999494757503
2.5632004836009205e-05,0.00015999999595806003
2.5636004836340167e-05,0.00015999999595806003
2.5640004836671128e-05,0.00015999999595806003
2.564400483700209e-05,0.00015999999595806003
2.564800483733305e-05,0.00015999999595806003
2.5652004837664013e-05,0.00019999999494757503
2.5656004837994974e-05,0.00015999999595806003
2.5660004838325936e-05,0.00019999999494757503
2.5664004838656897e-05,0.00015999999595806003
2.566800483898786e-05,0.00019999999494757503
2.567200483931882e-05,0.00015999999595806003
2.567600483964978e-05,0.00015999999595806003
2.5680004839980743e-05,0.00015999999595806003
2.5684004840311705e-05,0.00015999999595806003
2.5688004840642666e-05,0.00015999999595806003
2.5692004840973628e-05,0.00015999999595806003
2.569600484130459e-05,0.00015999999595806003
2.570000484163555e-05,0.00015999999595806003
2.5704004841966512e-05,0.00015999999595806003
2.5708004842297473e-05,0.00019999999494757503
2.5712004842628435e-05,0.00015999999595806003
2.5716004842959396e-05,0.00019999999494757503
2.5720004843290358e-05,0.00019999999494757503
2.572400484362132e-05,0.00015999999595806003
2.572800484395228e-05,0.00015999999595806003
2.5732004844283242e-05,0.00015999999595806003
2.5736004844614204e-05,0.00015999999595806003
2.5740004844945165e-05,0.00015999999595806003
2.5744004845276127e-05,0.00015999999595806003
2.574800484560709e-05,0.00019999999494757503
2.575200484593805e-05,0.00015999999595806003
2.575600484626901e-05,0.00019999999494757503
2.5760004846599973e-05,0.00015999999595806003
2.5764004846930934e-05,0.00015999999595806003
2.5768004847261896e-05,0.00015999999595806003
2.5772004847592857e-05,0.00015999999595806003
2.577600484792382e-05,0.00015999999595806003
2.578000484825478e-05,0.00015999999595806003
2.578400484858574e-05,0.00015999999595806003
2.5788004848916703e-05,0.00019999999494757503
2.5792004849247665e-05,0.00015999999595806003
2.5796004849578626e-05,0.00019999999494757503
2.5800004849909588e-05,0.00015999999595806003
2.580400485024055e-05,0.00015999999595806003
2.580800485057151e-05,0.00015999999595806003
2.5812004850902472e-05,0.00019999999494757503
2.5816004851233434e-05,0.00015999999595806003
2.5820004851564395e-05,0.00019999999494757503
2.5824004851895357e-05,0.00015999999595806003
2.5828004852226318e-05,0.00019999999494757503
2.583200485255728e-05,0.00015999999595806003
2.583600485288824e-05,0.00015999999595806003
2.5840004853219202e-05,0.00015999999595806003
2.5844004853550164e-05,0.00015999999595806003
2.5848004853881125e-05,0.00015999999595806003
2.5852004854212087e-05,0.00015999999595806003
2.585600485454305e-05,0.00015999999595806003
2.586000485487401e-05,0.00015999999595806003
2.586400485520497e-05,0.00015999999595806003
2.5868004855535933e-05,0.00019999999494757503
2.5872004855866894e-05,0.00015999999595806003
2.5876004856197856e-05,0.00019999999494757503
2.5880004856528817e-05,0.00015999999595806003
2.588400485685978e-05,0.00019999999494757503
2.588800485719074e-05,0.00015999999595806003
2.5892004857521702e-05,0.00015999999595806003
2.5896004857852663e-05,0.00015999999595806003
2.5900004858183625e-05,0.00015999999595806003
2.5904004858514586e-05,0.00015999999595806003
2.5908004858845548e-05,0.00019999999494757503
2.591200485917651e-05,0.00015999999595806003
2.591600485950747e-05,0.00015999999595806003
2.5920004859838432e-05,0.00015999999595806003
2.5924004860169394e-05,0.00015999999595806003
2.5928004860500355e-05,0.00015999999595806003
2.5932004860831317e-05,0.00015999999595806003
2.5936004861162278e-05,0.00015999999595806003
2.594000486149324e-05,0.00019999999494757503
2.59440048618242e-05,0.00015999999595806003
2.5948004862155163e-05,0.00019999999494757503
2.5952004862486124e-05,0.00015999999595806003
2.5956004862817085e-05,0.00019999999494757503
2.5960004863148047e-05,0.00015999999595806003
2.596400486347901e-05,0.00015999999595806003
2.596800486380997e-05,0.00015999999595806003
2.597200486414093e-05,0.00015999999595806003
2.5976004864471893e-05,0.00015999999595806003
2.5980004864802854e-05,0.00015999999595806003
2.5984004865133816e-05,0.00015999999595806003
2.5988004865464777e-05,0.00019999999494757503
2.599200486579574e-05,0.00015999999595806003
2.59960048661267e-05,0.00015999999595806003
2.6000004866457662e-05,0.00015999999595806003
2.6004004866788623e-05,0.00015999999595806003
2.6008004867119585e-05,0.00015999999595806003
2.6012004867450546e-05,0.00019999999494757503
2.6016004867781508e-05,0.00015999999595806003
2.602000486811247e-05,0.00015999999595806003
2.602400486844343e-05,0.00015999999595806003
2.6028004868774392e-05,0.00015999999595806003
2.6032004869105354e-05,0.00015999999595806003
2.6036004869436315e-05,0.00015999999595806003
2.6040004869767277e-05,0.00015999999595806003
2.6044004870098238e-05,0.00019999999494757503
2.60480048704292e-05,0.00015999999595806003
2.605200487076016e-05,0.00019999999494757503
2.6056004871091123e-05,0.00015999999595806003
2.6060004871422084e-05,0.00015999999595806003
2.6064004871753046e-05,0.00015999999595806003
2.6068004872084007e-05,0.00019999999494757503
2.607200487241497e-05,0.00015999999595806003
2.607600487274593e-05,0.00015999999595806003
2.608000487307689e-05,0.00015999999595806003
2.6084004873407853e-05,0.00015999999595806003
2.6088004873738814e-05,0.00015999999595806003
2.6092004874069776e-05,0.00015999999595806003
2.6096004874400737e-05,0.00015999999595806003
2.61000048747317e-05,0.00015999999595806003
2.610400487506266e-05,0.00015999999595806003
2.6108004875393622e-05,0.00015999999595806003
2.6112004875724583e-05,0.00015999999595806003
2.6116004876055545e-05,0.00015999999595806003
2.6120004876386506e-05,0.00019999999494757503
2.6124004876717468e-05,0.00019999999494757503
2.612800487704843e-05,0.00015999999595806003
2.613200487737939e-05,0.00015999999595806003
2.6136004877710352e-05,0.00015999999595806003
2.6140004878041314e-05,0.00019999999494757503
2.6144004878372275e-05,0.00015999999595806003
2.6148004878703237e-05,0.00019999999494757503
2.6152004879034198e-05,0.00015999999595806003
2.615600487936516e-05,0.00015999999595806003
2.616000487969612e-05,0.00015999999595806003
2.6164004880027083e-05,0.00015999999595806003
2.6168004880358044e-05,0.00015999999595806003
2.6172004880689006e-05,0.00015999999595806003
2.6176004881019967e-05,0.00015999999595806003
2.618000488135093e-05,0.00019999999494757503
2.618400488168189e-05,0.00019999999494757503
2.618800488201285e-05,0.00019999999494757503
2.6192004882343813e-05,0.00015999999595806003
2.6196004882674775e-05,0.00019999999494757503
2.6200004883005736e-05,0.00015999999595806003
2.6204004883336697e-05,0.00015999999595806003
2.620800488366766e-05,0.00015999999595806003
2.621200488399862e-05,0.00015999999595806003
2.6216004884329582e-05,0.00015999999595806003
2.6220004884660543e-05,0.00015999999595806003
2.6224004884991505e-05,0.00015999999595806003
2.6228004885322466e-05,0.00015999999595806003
2.6232004885653428e-05,0.00015999999595806003
2.623600488598439e-05,0.00019999999494757503
2.624000488631535e-05,0.00015999999595806003
2.6244004886646312e-05,0.00019999999494757503
2.6248004886977274e-05,0.00015999999595806003
2.6252004887308235e-05,0.00015999999595806003
2.6256004887639197e-05,0.00015999999595806003
2.6260004887970158e-05,0.00015999999595806003
2.626400488830112e-05,0.00015999999595806003
2.626800488863208e-05,0.00015999999595806003
2.6272004888963043e-05,0.00015999999595806003
2.6276004889294004e-05,0.00019999999494757503
2.6280004889624966e-05,0.00015999999595806003
2.6284004889955927e-05,0.00015999999595806003
2.628800489028689e-05,0.00015999999595806003
2.629200489061785e-05,0.00015999999595806003
2.629600489094881e-05,0.00015999999595806003
2.6300004891279773e-05,0.00015999999595806003
2.6304004891610735e-05,0.00015999999595806003
2.6308004891941696e-05,0.00015999999595806003
2.6312004892272658e-05,0.00015999999595806003
2.631600489260362e-05,0.00015999999595806003
2.632000489293458e-05,0.00015999999595806003
2.6324004893265542e-05,0.00019999999494757503
2.6328004893596503e-05,0.00015999999595806003
2.6332004893927465e-05,0.00019999999494757503
2.6336004894258426e-05,0.00015999999595806003
2.6340004894589388e-05,0.00015999999595806003
2.634400489492035e-05,0.00015999999595806003
2.634800489525131e-05,0.00015999999595806003
2.6352004895582272e-05,0.00015999999595806003
2.6356004895913234e-05,0.00019999999494757503
2.6360004896244195e-05,0.00015999999595806003
2.6364004896575157e-05,0.00015999999595806003
2.636800489690612e-05,0.00015999999595806003
2.637200489723708e-05,0.00015999999595806003
2.637600489756804e-05,0.00015999999595806003
2.6380004897899003e-05,0.00015999999595806003
2.6384004898229964e-05,0.00015999999595806003
2.6388004898560926e-05,0.00019999999494757503
2.6392004898891887e-05,0.00015999999595806003
2.639600489922285e-05,0.00015999999595806003
2.640000489955381e-05,0.00015999999595806003
2.6404004899884772e-05,0.00015999999595806003
2.6408004900215733e-05,0.00015999999595806003
2.6412004900546695e-05,0.00015999999595806003
2.6416004900877656e-05,0.00015999999595806003
2.6420004901208618e-05,0.00019999999494757503
2.642400490153958e-05,0.00015999999595806003
2.642800490187054e-05,0.00019999999494757503
2.6432004902201502e-05,0.00015999999595806003
2.6436004902532464e-05,0.00019999999494757503
2.6440004902863425e-05,0.00015999999595806003
2.6444004903194387e-05,0.00019999999494757503
2.6448004903525348e-05,0.00015999999595806003
2.645200490385631e-05,0.00015999999595806003
2.645600490418727e-05,0.00015999999595806003
2.6460004904518232e-05,0.00015999999595806003
2.6464004904849194e-05,0.00015999999595806003
2.6468004905180155e-05,0.00015999999595806003
2.6472004905511117e-05,0.00015999999595806003
2.647600490584208e-05,0.00015999999595806003
2.648000490617304e-05,0.00015999999595806003
2.6484004906504e-05,0.00019999999494757503
2.6488004906834963e-05,0.00015999999595806003
2.6492004907165924e-05,0.00019999999494757503
2.6496004907496886e-05,0.00015999999595806003
2.6500004907827847e-05,0.00019999999494757503
2.650400490815881e-05,0.00015999999595806003
2.650800490848977e-05,0.00015999999595806003
2.6512004908820732e-05,0.00015999999595806003
2.6516004909151693e-05,0.00015999999595806003
2.6520004909482655e-05,0.00015999999595806003
2.6524004909813616e-05,0.00015999999595806003
2.6528004910144578e-05,0.00015999999595806003
2.653200491047554e-05,0.00019999999494757503
2.65360049108065e-05,0.00015999999595806003
2.6540004911137462e-05,0.00015999999595806003
2.6544004911468424e-05,0.00015999999595806003
2.6548004911799385e-05,0.00015999999595806003
2.6552004912130347e-05,0.00015999999595806003
2.6556004912461308e-05,0.00019999999494757503
2.656000491279227e-05,0.00015999999595806003
2.656400491312323e-05,0.00019999999494757503
2.6568004913454193e-05,0.00015999999595806003
2.6572004913785154e-05,0.00015999999595806003
2.6576004914116116e-05,0.00015999999595806003
2.6580004914447077e-05,0.00015999999595806003
2.658400491477804e-05,0.00015999999595806003
2.6588004915109e-05,0.00015999999595806003
2.659200491543996e-05,0.00015999999595806003
2.6596004915770923e-05,0.00019999999494757503
2.6600004916101884e-05,0.00015999999595806003
2.6604004916432846e-05,0.00019999999494757503
2.6608004916763807e-05,0.00015999999595806003
2.661200491709477e-05,0.00019999999494757503
2.661600491742573e-05,0.00015999999595806003
2.6620004917756692e-05,0.00015999999595806003
2.6624004918087653e-05,0.00015999999595806003
2.6628004918418615e-05,0.00015999999595806003
2.6632004918749576e-05,0.00015999999595806003
2.6636004919080538e-05,0.00015999999595806003
2.66400049194115e-05,0.00015999999595806003
2.664400491974246e-05,0.00019999999494757503
2.6648004920073422e-05,0.00015999999595806003
2.6652004920404384e-05,0.00015999999595806003
2.6656004920735345e-05,0.00015999999595806003
2.6660004921066307e-05,0.00015999999595806003
2.6664004921397268e-05,0.00015999999595806003
2.666800492172823e-05,0.00019999999494757503
2.667200492205919e-05,0.00015999999595806003
2.6676004922390153e-05,0.00015999999595806003
2.6680004922721114e-05,0.00015999999595806003
2.6684004923052076e-05,0.00019999999494757503
2.6688004923383037e-05,0.00015999999595806003
2.6692004923714e-05,0.00015999999595806003
2.669600492404496e-05,0.00015999999595806003
2.670000492437592e-05,0.00015999999595806003
2.6704004924706883e-05,0.00015999999595806003
2.6708004925037844e-05,0.00015999999595806003
2.6712004925368806e-05,0.00015999999595806003
2.6716004925699767e-05,0.00015999999595806003
2.672000492603073e-05,0.00015999999595806003
2.672400492636169e-05,0.00019999999494757503
2.6728004926692652e-05,0.00015999999595806003
2.6732004927023613e-05,0.00015999999595806003
2.6736004927354575e-05,0.00011999999696854502
2.6740004927685536e-05,0.00015999999595806003
2.6744004928016498e-05,0.00015999999595806003
2.674800492834746e-05,0.00015999999595806003
2.675200492867842e-05,0.00015999999595806003
2.6756004929009382e-05,0.00019999999494757503
2.6760004929340344e-05,0.00015999999595806003
2.6764004929671305e-05,0.00015999999595806003
2.6768004930002267e-05,0.00015999999595806003
2.6772004930333228e-05,0.00015999999595806003
2.677600493066419e-05,0.00015999999595806003
2.678000493099515e-05,0.00015999999595806003
2.6784004931326113e-05,0.00015999999595806003
2.6788004931657074e-05,0.00015999999595806003
2.6792004931988036e-05,0.00015999999595806003
2.6796004932318997e-05,0.00019999999494757503
2.680000493264996e-05,0.00015999999595806003
2.680400493298092e-05,0.00015999999595806003
2.680800493331188e-05,0.00015999999595806003
2.6812004933642843e-05,0.00015999999595806003
2.6816004933973805e-05,0.00015999999595806003
2.6820004934304766e-05,0.00019999999494757503
2.6824004934635728e-05,0.00015999999595806003
2.682800493496669e-05,0.00015999999595806003
2.683200493529765e-05,0.00015999999595806003
2.6836004935628612e-05,0.00019999999494757503
2.6840004935959573e-05,0.00015999999595806003
2.6844004936290535e-05,0.00019999999494757503
2.6848004936621496e-05,0.00015999999595806003
2.6852004936952458e-05,0.00015999999595806003
2.685600493728342e-05,0.00015999999595806003
2.686000493761438e-05,0.00015999999595806003
2.6864004937945342e-05,0.00015999999595806003
2.6868004938276304e-05,0.00015999999595806003
2.6872004938607265e-05,0.00015999999595806003
2.6876004938938227e-05,0.00015999999595806003
2.6880004939269188e-05,0.00015999999595806003
2.688400493960015e-05,0.00019999999494757503
2.688800493993111e-05,0.00019999999494757503
2.6892004940262073e-05,0.00019999999494757503
2.6896004940593034e-05,0.00015999999595806003
2.6900004940923996e-05,0.00015999999595806003
2.6904004941254957e-05,0.00015999999595806003
2.690800494158592e-05,0.00015999999595806003
2.691200494191688e-05,0.00015999999595806003
2.691600494224784e-05,0.00015999999595806003
2.6920004942578803e-05,0.00015999999595806003
2.6924004942909765e-05,0.00015999999595806003
2.6928004943240726e-05,0.00015999999595806003
2.6932004943571688e-05,0.00015999999595806003
2.693600494390265e-05,0.00015999999595806003
2.694000494423361e-05,0.00015999999595806003
2.6944004944564572e-05,0.00015999999595806003
2.6948004944895534e-05,0.00015999999595806003
2.6952004945226495e-05,0.00015999999595806003
2.6956004945557456e-05,0.00019999999494757503
2.6960004945888418e-05,0.00015999999595806003
2.696400494621938e-05,0.00015999999595806003
2.696800494655034e-05,0.00015999999595806003
2.6972004946881302e-05,0.00015999999595806003
2.6976004947212264e-05,0.00015999999595806003
2.6980004947543225e-05,0.00015999999595806003
2.6984004947874187e-05,0.00015999999595806003
2.698800494820515e-05,0.00015999999595806003
2.699200494853611e-05,0.00015999999595806003
2.699600494886707e-05,0.00015999999595806003
2.7000004949198033e-05,0.00015999999595806003
2.7004004949528994e-05,0.00019999999494757503
2.7008004949859956e-05,0.00015999999595806003
2.7012004950190917e-05,0.00015999999595806003
2.701600495052188e-05,0.00015999999595806003
2.702000495085284e-05,0.00015999999595806003
2.7024004951183802e-05,0.00015999999595806003
2.7028004951514763e-05,0.00015999999595806003
2.7032004951845725e-05,0.00015999999595806003
2.7036004952176686e-05,0.00019999999494757503
2.7040004952507648e-05,0.00015999999595806003
2.704400495283861e-05,0.00015999999595806003
2.704800495316957e-05,0.00015999999595806003
2.7052004953500532e-05,0.00015999999595806003
2.7056004953831494e-05,0.00015999999595806003
2.7060004954162455e-05,0.00015999999595806003
2.7064004954493417e-05,0.00015999999595806003
2.7068004954824378e-05,0.00015999999595806003
2.707200495515534e-05,0.00015999999595806003
2.70760049554863e-05,0.00015999999595806003
2.7080004955817262e-05,0.00015999999595806003
2.7084004956148224e-05,0.00019999999494757503
2.7088004956479185e-05,0.00015999999595806003
2.7092004956810147e-05,0.00019999999494757503
2.709600495714111e-05,0.00019999999494757503
2.710000495747207e-05,0.00019999999494757503
2.710400495780303e-05,0.00015999999595806003
2.7108004958133993e-05,0.00015999999595806003
2.7112004958464954e-05,0.00015999999595806003
2.7116004958795916e-05,0.00019999999494757503
2.7120004959126877e-05,0.00015999999595806003
2.712400495945784e-05,0.00015999999595806003
2.71280049597888e-05,0.00015999999595806003
2.7132004960119762e-05,0.00015999999595806003
2.7136004960450723e-05,0.00015999999595806003
2.7140004960781685e-05,0.00015999999595806003
2.7144004961112646e-05,0.00015999999595806003
2.7148004961443608e-05,0.00015999999595806003
2.715200496177457e-05,0.00015999999595806003
2.715600496210553e-05,0.00015999999595806003
2.7160004962436492e-05,0.00015999999595806003
2.7164004962767454e-05,0.00015999999595806003
2.7168004963098415e-05,0.00015999999595806003
2.7172004963429377e-05,0.00019999999494757503
2.7176004963760338e-05,0.00019999999494757503
2.71800049640913e-05,0.00019999999494757503
2.718400496442226e-05,0.00019999999494757503
2.7188004964753223e-05,0.00019999999494757503
2.7192004965084184e-05,0.00015999999595806003
2.7196004965415146e-05,0.00015999999595806003
2.7200004965746107e-05,0.00015999999595806003
2.720400496607707e-05,0.00015999999595806003
2.720800496640803e-05,0.00015999999595806003
2.721200496673899e-05,0.00015999999595806003
2.7216004967069953e-05,0.00015999999595806003
2.7220004967400914e-05,0.00015999999595806003
2.7224004967731876e-05,0.00015999999595806003
2.7228004968062837e-05,0.00015999999595806003
2.72320049683938e-05,0.00015999999595806003
2.723600496872476e-05,0.00019999999494757503
2.7240004969055722e-05,0.00015999999595806003
2.7244004969386683e-05,0.00019999999494757503
2.7248004969717645e-05,0.00015999999595806003
2.7252004970048606e-05,0.00019999999494757503
2.7256004970379568e-05,0.00019999999494757503
2.726000497071053e-05,0.00019999999494757503
2.726400497104149e-05,0.00015999999595806003
2.7268004971372452e-05,0.00015999999595806003
2.7272004971703414e-05,0.00015999999595806003
2.7276004972034375e-05,0.00015999999595806003
2.7280004972365337e-05,0.00015999999595806003
2.7284004972696298e-05,0.00015999999595806003
2.728800497302726e-05,0.00015999999595806003
2.729200497335822e-05,0.00015999999595806003
2.7296004973689183e-05,0.00015999999595806003
2.7300004974020144e-05,0.00019999999494757503
2.7304004974351106e-05,0.00015999999595806003
2.7308004974682067e-05,0.00019999999494757503
2.731200497501303e-05,0.00015999999595806003
2.731600497534399e-05,0.00019999999494757503
2.732000497567495e-05,0.00015999999595806003
2.7324004976005913e-05,0.00015999999595806003
2.7328004976336874e-05,0.00015999999595806003
2.7332004976667836e-05,0.00015999999595806003
2.7336004976998797e-05,0.00015999999595806003
2.734000497732976e-05,0.00015999999595806003
2.734400497766072e-05,0.00015999999595806003
2.7348004977991682e-05,0.00015999999595806003
2.7352004978322643e-05,0.00015999999595806003
2.7356004978653605e-05,0.00015999999595806003
2.7360004978984566e-05,0.00015999999595806003
2.7364004979315528e-05,0.00015999999595806003
2.736800497964649e-05,0.00015999999595806003
2.737200497997745e-05,0.00019999999494757503
2.7376004980308412e-05,0.00015999999595806003
2.7380004980639374e-05,0.00019999999494757503
2.7384004980970335e-05,0.00015999999595806003
2.7388004981301297e-05,0.00015999999595806003
2.7392004981632258e-05,0.00015999999595806003
2.739600498196322e-05,0.00015999999595806003
2.740000498229418e-05,0.00015999999595806003
2.7404004982625143e-05,0.00015999999595806003
2.7408004982956104e-05,0.00015999999595806003
2.7412004983287066e-05,0.00019999999494757503
2.7416004983618027e-05,0.00015999999595806003
2.742000498394899e-05,0.00019999999494757503
2.742400498427995e-05,0.00015999999595806003
2.742800498461091e-05,0.00015999999595806003
2.7432004984941873e-05,0.00015999999595806003
2.7436004985272835e-05,0.00015999999595806003
2.7440004985603796e-05,0.00015999999595806003
2.7444004985934758e-05,0.00019999999494757503
2.744800498626572e-05,0.00019999999494757503
2.745200498659668e-05,0.00019999999494757503
2.7456004986927642e-05,0.00019999999494757503
2.7460004987258603e-05,0.00019999999494757503
2.7464004987589565e-05,0.00015999999595806003
2.7468004987920526e-05,0.00015999999595806003
2.7472004988251488e-05,0.00015999999595806003
2.747600498858245e-05,0.00015999999595806003
2.748000498891341e-05,0.00011999999696854502
2.7484004989244372e-05,0.00015999999595806003
2.7488004989575334e-05,0.00015999999595806003
2.7492004989906295e-05,0.00019999999494757503
2.7496004990237257e-05,0.00015999999595806003
2.750000499056822e-05,0.00019999999494757503
2.750400499089918e-05,0.00019999999494757503
2.750800499123014e-05,0.00019999999494757503
2.7512004991561103e-05,0.00015999999595806003
2.7516004991892064e-05,0.00015999999595806003
2.7520004992223026e-05,0.00015999999595806003
2.7524004992553987e-05,0.00015999999595806003
2.752800499288495e-05,0.00015999999595806003
2.753200499321591e-05,0.00015999999595806003
2.753600499354687e-05,0.00015999999595806003
2.7540004993877833e-05,0.00015999999595806003
2.7544004994208795e-05,0.00015999999595806003
2.7548004994539756e-05,0.00015999999595806003
2.7552004994870718e-05,0.00015999999595806003
2.755600499520168e-05,0.00015999999595806003
2.756000499553264e-05,0.00015999999595806003
2.7564004995863602e-05,0.00019999999494757503
2.7568004996194564e-05,0.00015999999595806003
2.7572004996525525e-05,0.00019999999494757503
2.7576004996856487e-05,0.00019999999494757503
2.7580004997187448e-05,0.00019999999494757503
2.758400499751841e-05,0.00015999999595806003
2.758800499784937e-05,0.00019999999494757503
2.7592004998180332e-05,0.00015999999595806003
2.7596004998511294e-05,0.00015999999595806003
2.7600004998842255e-05,0.00015999999595806003
2.7604004999173217e-05,0.00015999999595806003
2.760800499950418e-05,0.00015999999595806003
2.761200499983514e-05,0.00015999999595806003
2.76160050001661e-05,0.00015999999595806003
2.7620005000497063e-05,0.00019999999494757503
2.7624005000828024e-05,0.00015999999595806003
2.7628005001158986e-05,0.00019999999494757503
2.7632005001489947e-05,0.00015999999595806003
2.763600500182091e-05,0.00019999999494757503
2.764000500215187e-05,0.00015999999595806003
2.7644005002482832e-05,0.00015999999595806003
2.7648005002813793e-05,0.00015999999595806003
2.7652005003144755e-05,0.00015999999595806003
2.7656005003475716e-05,0.00015999999595806003
2.7660005003806678e-05,0.00015999999595806003
2.766400500413764e-05,0.00015999999595806003
2.76680050044686e-05,0.00015999999595806003
2.7672005004799562e-05,0.00015999999595806003
2.7676005005130524e-05,0.00015999999595806003
2.7680005005461485e-05,0.00019999999494757503
2.7684005005792447e-05,0.00019999999494757503
2.7688005006123408e-05,0.00015999999595806003
2.769200500645437e-05,0.00019999999494757503
2.769600500678533e-05,0.00015999999595806003
2.7700005007116293e-05,0.00015999999595806003
2.7704005007447254e-05,0.00015999999595806003
2.7708005007778215e-05,0.00015999999595806003
2.7712005008109177e-05,0.00015999999595806003
2.771600500844014e-05,0.00015999999595806003
2.77200050087711e-05,0.00015999999595806003
2.772400500910206e-05,0.00015999999595806003
2.7728005009433023e-05,0.00015999999595806003
2.7732005009763984e-05,0.00015999999595806003
2.7736005010094946e-05,0.00015999999595806003
2.7740005010425907e-05,0.00015999999595806003
2.774400501075687e-05,0.00015999999595806003
2.774800501108783e-05,0.00019999999494757503
2.7752005011418792e-05,0.00015999999595806003
2.7756005011749753e-05,0.00015999999595806003
2.7760005012080715e-05,0.00015999999595806003
2.7764005012411676e-05,0.00015999999595806003
2.7768005012742638e-05,0.00015999999595806003
2.77720050130736e-05,0.00015999999595806003
2.777600501340456e-05,0.00015999999595806003
2.7780005013735522e-05,0.00015999999595806003
2.7784005014066484e-05,0.00015999999595806003
2.7788005014397445e-05,0.00015999999595806003
2.7792005014728407e-05,0.00019999999494757503
2.7796005015059368e-05,0.00019999999494757503
2.780000501539033e-05,0.00019999999494757503
2.780400501572129e-05,0.00019999999494757503
2.7808005016052253e-05,0.00015999999595806003
2.7812005016383214e-05,0.00015999999595806003
2.7816005016714176e-05,0.00015999999595806003
2.7820005017045137e-05,0.00015999999595806003
2.78240050173761e-05,0.00015999999595806003
2.782800501770706e-05,0.00015999999595806003
2.783200501803802e-05,0.00015999999595806003
2.7836005018368983e-05,0.00015999999595806003
2.7840005018699944e-05,0.00011999999696854502
2.7844005019030906e-05,0.00015999999595806003
2.7848005019361867e-05,0.00015999999595806003
2.785200501969283e-05,0.00019999999494757503
2.785600502002379e-05,0.00015999999595806003
2.7860005020354752e-05,0.00019999999494757503
2.7864005020685713e-05,0.00015999999595806003
2.7868005021016675e-05,0.00015999999595806003
2.7872005021347636e-05,0.00015999999595806003
2.7876005021678598e-05,0.00015999999595806003
2.788000502200956e-05,0.00015999999595806003
2.788400502234052e-05,0.00015999999595806003
2.7888005022671482e-05,0.00015999999595806003
2.7892005023002444e-05,0.00015999999595806003
2.7896005023333405e-05,0.00015999999595806003
2.7900005023664367e-05,0.00019999999494757503
2.7904005023995328e-05,0.00015999999595806003
2.790800502432629e-05,0.00015999999595806003
2.791200502465725e-05,0.00015999999595806003
2.7916005024988213e-05,0.00019999999494757503
2.7920005025319174e-05,0.00015999999595806003
2.7924005025650136e-05,0.00015999999595806003
2.7928005025981097e-05,0.00015999999595806003
2.793200502631206e-05,0.00015999999595806003
2.793600502664302e-05,0.00015999999595806003
2.794000502697398e-05,0.00015999999595806003
2.7944005027304943e-05,0.00015999999595806003
2.7948005027635905e-05,0.00015999999595806003
2.7952005027966866e-05,0.00015999999595806003
2.7956005028297827e-05,0.00015999999595806003
2.796000502862879e-05,0.00015999999595806003
2.796400502895975e-05,0.00019999999494757503
2.7968005029290712e-05,0.00019999999494757503
2.7972005029621673e-05,0.00019999999494757503
2.7976005029952635e-05,0.00015999999595806003
2.7980005030283596e-05,0.00015999999595806003
2.7984005030614558e-05,0.00015999999595806003
2.798800503094552e-05,0.00015999999595806003
2.799200503127648e-05,0.00015999999595806003
2.7996005031607442e-05,0.00015999999595806003
2.8000005031938404e-05,0.00015999999595806003
2.8004005032269365e-05,0.00015999999595806003
2.8008005032600327e-05,0.00011999999696854502
2.8012005032931288e-05,0.00015999999595806003
2.801600503326225e-05,0.00011999999696854502
2.802000503359321e-05,0.00015999999595806003
2.8024005033924173e-05,0.00019999999494757503
2.8028005034255134e-05,0.00019999999494757503
2.8032005034586096e-05,0.00019999999494757503
2.8036005034917057e-05,0.00019999999494757503
2.804000503524802e-05,0.00015999999595806003
2.804400503557898e-05,0.00019999999494757503
2.804800503590994e-05,0.00015999999595806003
2.8052005036240903e-05,0.00015999999595806003
2.8056005036571865e-05,0.00015999999595806003
2.8060005036902826e-05,0.00015999999595806003
2.8064005037233788e-05,0.00015999999595806003
2.806800503756475e-05,0.00015999999595806003
2.807200503789571e-05,0.00015999999595806003
2.8076005038226672e-05,0.00015999999595806003
2.8080005038557633e-05,0.00015999999595806003
2.8084005038888595e-05,0.00019999999494757503
2.8088005039219556e-05,0.00015999999595806003
2.8092005039550518e-05,0.00019999999494757503
2.809600503988148e-05,0.00015999999595806003
2.810000504021244e-05,0.00019999999494757503
2.8104005040543402e-05,0.00015999999595806003
2.8108005040874364e-05,0.00019999999494757503
2.8112005041205325e-05,0.00015999999595806003
2.8116005041536287e-05,0.00015999999595806003
2.812000504186725e-05,0.00015999999595806003
2.812400504219821e-05,0.00015999999595806003
2.812800504252917e-05,0.00015999999595806003
2.8132005042860133e-05,0.00015999999595806003
2.8136005043191094e-05,0.00015999999595806003
2.8140005043522056e-05,0.00015999999595806003
2.8144005043853017e-05,0.00015999999595806003
2.814800504418398e-05,0.00015999999595806003
2.815200504451494e-05,0.00015999999595806003
2.81560050448459e-05,0.00019999999494757503
2.8160005045176863e-05,0.00015999999595806003
2.8164005045507825e-05,0.00015999999595806003
2.8168005045838786e-05,0.00015999999595806003
2.8172005046169748e-05,0.00015999999595806003
2.817600504650071e-05,0.00015999999595806003
2.818000504683167e-05,0.00015999999595806003
2.8184005047162632e-05,0.00015999999595806003
2.8188005047493594e-05,0.00015999999595806003
2.8192005047824555e-05,0.00015999999595806003
2.8196005048155517e-05,0.00015999999595806003
2.8200005048486478e-05,0.00015999999595806003
2.820400504881744e-05,0.00019999999494757503
2.82080050491484e-05,0.00019999999494757503
2.8212005049479362e-05,0.00019999999494757503
2.8216005049810324e-05,0.00015999999595806003
2.8220005050141285e-05,0.00015999999595806003
2.8224005050472247e-05,0.00015999999595806003
2.822800505080321e-05,0.00019999999494757503
2.823200505113417e-05,0.00015999999595806003
2.823600505146513e-05,0.00019999999494757503
2.8240005051796093e-05,0.00015999999595806003
2.8244005052127054e-05,0.00015999999595806003
2.8248005052458016e-05,0.00015999999595806003
2.8252005052788977e-05,0.00019999999494757503
2.825600505311994e-05,0.00019999999494757503
2.82600050534509e-05,0.00019999999494757503
2.8264005053781862e-05,0.00015999999595806003
2.8268005054112823e-05,0.00019999999494757503
2.8272005054443785e-05,0.00015999999595806003
2.8276005054774746e-05,0.00019999999494757503
2.8280005055105708e-05,0.00015999999595806003
2.828400505543667e-05,0.00019999999494757503
2.828800505576763e-05,0.00015999999595806003
2.8292005056098592e-05,0.00015999999595806003
2.8296005056429554e-05,0.00011999999696854502
2.8300005056760515e-05,0.00015999999595806003
2.8304005057091477e-05,0.00015999999595806003
2.8308005057422438e-05,0.00015999999595806003
2.83120050577534e-05,0.00015999999595806003
2.831600505808436e-05,0.00015999999595806003
2.8320005058415323e-05,0.00015999999595806003
2.8324005058746284e-05,0.00015999999595806003
2.8328005059077245e-05,0.00019999999494757503
2.8332005059408207e-05,0.00019999999494757503
2.833600505973917e-05,0.00019999999494757503
2.834000506007013e-05,0.00019999999494757503
2.834400506040109e-05,0.00015999999595806003
2.8348005060732053e-05,0.00019999999494757503
2.8352005061063014e-05,0.00015999999595806003
2.8356005061393976e-05,0.00015999999595806003
2.8360005061724937e-05,0.00015999999595806003
2.83640050620559e-05,0.00015999999595806003
2.836800506238686e-05,0.00015999999595806003
2.8372005062717822e-05,0.00015999999595806003
2.8376005063048783e-05,0.00015999999595806003
2.8380005063379745e-05,0.00019999999494757503
2.8384005063710706e-05,0.00015999999595806003
2.8388005064041668e-05,0.00015999999595806003
2.839200506437263e-05,0.00015999999595806003
2.839600506470359e-05,0.00019999999494757503
2.8400005065034552e-05,0.00015999999595806003
2.8404005065365514e-05,0.00015999999595806003
2.8408005065696475e-05,0.00015999999595806003
2.8412005066027437e-05,0.00015999999595806003
2.8416005066358398e-05,0.00015999999595806003
2.842000506668936e-05,0.00015999999595806003
2.842400506702032e-05,0.00015999999595806003
2.8428005067351283e-05,0.00015999999595806003
2.8432005067682244e-05,0.00015999999595806003
2.8436005068013206e-05,0.00019999999494757503
2.8440005068344167e-05,0.00015999999595806003
2.844400506867513e-05,0.00015999999595806003
2.844800506900609e-05,0.00015999999595806003
2.845200506933705e-05,0.00015999999595806003
2.8456005069668013e-05,0.00015999999595806003
2.8460005069998974e-05,0.00015999999595806003
2.8464005070329936e-05,0.00015999999595806003
2.8468005070660897e-05,0.00019999999494757503
2.847200507099186e-05,0.00015999999595806003
2.847600507132282e-05,0.00015999999595806003
2.8480005071653782e-05,0.00015999999595806003
2.8484005071984743e-05,0.00015999999595806003
2.8488005072315705e-05,0.00015999999595806003
2.8492005072646666e-05,0.00015999999595806003
2.8496005072977628e-05,0.00015999999595806003
2.850000507330859e-05,0.00015999999595806003
2.850400507363955e-05,0.00015999999595806003
2.8508005073970512e-05,0.00015999999595806003
2.8512005074301474e-05,0.00019999999494757503
2.8516005074632435e-05,0.00019999999494757503
2.8520005074963397e-05,0.00015999999595806003
2.8524005075294358e-05,0.00019999999494757503
2.852800507562532e-05,0.00015999999595806003
2.853200507595628e-05,0.00015999999595806003
2.8536005076287243e-05,0.00015999999595806003
2.8540005076618204e-05,0.00019999999494757503
2.8544005076949166e-05,0.00015999999595806003
2.8548005077280127e-05,0.00015999999595806003
2.855200507761109e-05,0.00015999999595806003
2.855600507794205e-05,0.00015999999595806003
2.856000507827301e-05,0.00015999999595806003
2.8564005078603973e-05,0.00019999999494757503
2.8568005078934935e-05,0.00015999999595806003
2.8572005079265896e-05,0.00015999999595806003
2.8576005079596858e-05,0.00015999999595806003
2.858000507992782e-05,0.00019999999494757503
2.858400508025878e-05,0.00015999999595806003
2.8588005080589742e-05,0.00019999999494757503
2.8592005080920703e-05,0.00015999999595806003
2.8596005081251665e-05,0.00019999999494757503
2.8600005081582626e-05,0.00015999999595806003
2.8604005081913588e-05,0.00015999999595806003
2.860800508224455e-05,0.00015999999595806003
2.861200508257551e-05,0.00015999999595806003
2.8616005082906472e-05,0.00015999999595806003
2.8620005083237434e-05,0.00015999999595806003
2.8624005083568395e-05,0.00015999999595806003
2.8628005083899357e-05,0.00015999999595806003
2.8632005084230318e-05,0.00015999999595806003
2.863600508456128e-05,0.00019999999494757503
2.864000508489224e-05,0.00015999999595806003
2.8644005085223203e-05,0.00019999999494757503
2.8648005085554164e-05,0.00015999999595806003
2.8652005085885126e-05,0.00015999999595806003
2.8656005086216087e-05,0.00015999999595806003
2.866000508654705e-05,0.00015999999595806003
2.866400508687801e-05,0.00015999999595806003
2.866800508720897e-05,0.00015999999595806003
2.8672005087539933e-05,0.00015999999595806003
2.8676005087870895e-05,0.00015999999595806003
2.8680005088201856e-05,0.00015999999595806003
2.8684005088532818e-05,0.00015999999595806003
2.868800508886378e-05,0.00015999999595806003
2.869200508919474e-05,0.00015999999595806003
2.8696005089525702e-05,0.00015999999595806003
2.8700005089856664e-05,0.00015999999595806003
2.8704005090187625e-05,0.00015999999595806003
2.8708005090518586e-05,0.00015999999595806003
2.8712005090849548e-05,0.00015999999595806003
2.871600509118051e-05,0.00015999999595806003
2.872000509151147e-05,0.00015999999595806003
2.8724005091842432e-05,0.00015999999595806003
2.8728005092173394e-05,0.00015999999595806003
2.8732005092504355e-05,0.00015999999595806003
2.8736005092835317e-05,0.00015999999595806003
2.874000509316628e-05,0.00019999999494757503
2.874400509349724e-05,0.00015999999595806003
2.87480050938282e-05,0.00015999999595806003
2.8752005094159163e-05,0.00015999999595806003
2.8756005094490124e-05,0.00015999999595806003
2.8760005094821086e-05,0.00015999999595806003
2.8764005095152047e-05,0.00019999999494757503
2.876800509548301e-05,0.00015999999595806003
2.877200509581397e-05,0.00015999999595806003
2.8776005096144932e-05,0.00015999999595806003
2.8780005096475893e-05,0.00015999999595806003
2.8784005096806855e-05,0.00015999999595806003
2.8788005097137816e-05,0.00015999999595806003
2.8792005097468778e-05,0.00015999999595806003
2.879600509779974e-05,0.00015999999595806003
2.88000050981307e-05,0.00015999999595806003
2.8804005098461662e-05,0.00019999999494757503
2.8808005098792624e-05,0.00015999999595806003
2.8812005099123585e-05,0.00015999999595806003
2.8816005099454547e-05,0.00015999999595806003
2.8820005099785508e-05,0.00015999999595806003
2.882400510011647e-05,0.00015999999595806003
2.882800510044743e-05,0.00015999999595806003
2.8832005100778392e-05,0.00015999999595806003
2.8836005101109354e-05,0.00015999999595806003
2.8840005101440315e-05,0.00015999999595806003
2.8844005101771277e-05,0.00015999999595806003
2.884800510210224e-05,0.00015999999595806003
2.88520051024332e-05,0.00019999999494757503
2.885600510276416e-05,0.00015999999595806003
2.8860005103095123e-05,0.00015999999595806003
2.8864005103426084e-05,0.00015999999595806003
2.8868005103757046e-05,0.00015999999595806003
2.8872005104088007e-05,0.00015999999595806003
2.887600510441897e-05,0.00019999999494757503
2.888000510474993e-05,0.00015999999595806003
2.8884005105080892e-05,0.00019999999494757503
2.8888005105411853e-05,0.00015999999595806003
2.8892005105742815e-05,0.00019999999494757503
2.8896005106073776e-05,0.00015999999595806003
2.8900005106404738e-05,0.00015999999595806003
2.89040051067357e-05,0.00015999999595806003
2.890800510706666e-05,0.00015999999595806003
2.8912005107397622e-05,0.00015999999595806003
2.8916005107728584e-05,0.00015999999595806003
2.8920005108059545e-05,0.00015999999595806003
2.8924005108390507e-05,0.00019999999494757503
2.8928005108721468e-05,0.00015999999595806003
2.893200510905243e-05,0.00015999999595806003
2.893600510938339e-05,0.00015999999595806003
2.8940005109714353e-05,0.00015999999595806003
2.8944005110045314e-05,0.00015999999595806003
2.8948005110376276e-05,0.00015999999595806003
2.8952005110707237e-05,0.00015999999595806003
2.89560051110382e-05,0.00015999999595806003
2.896000511136916e-05,0.00015999999595806003
2.896400511170012e-05,0.00019999999494757503
2.8968005112031083e-05,0.00015999999595806003
2.8972005112362044e-05,0.00015999999595806003
2.8976005112693006e-05,0.00015999999595806003
2.8980005113023967e-05,0.00015999999595806003
2.898400511335493e-05,0.00015999999595806003
2.898800511368589e-05,0.00015999999595806003
2.8992005114016852e-05,0.00015999999595806003
2.8996005114347813e-05,0.00015999999595806003
2.9000005114678775e-05,0.00015999999595806003
2.9004005115009736e-05,0.00015999999595806003
2.9008005115340698e-05,0.00015999999595806003
2.901200511567166e-05,0.00019999999494757503
2.901600511600262e-05,0.00015999999595806003
2.9020005116333582e-05,0.00015999999595806003
2.9024005116664544e-05,0.00015999999595806003
2.9028005116995505e-05,0.00015999999595806003
2.9032005117326467e-05,0.00015999999595806003
2.9036005117657428e-05,0.00015999999595806003
2.904000511798839e-05,0.00015999999595806003
2.904400511831935e-05,0.00019999999494757503
2.9048005118650313e-05,0.00015999999595806003
2.9052005118981274e-05,0.00019999999494757503
2.9056005119312236e-05,0.00015999999595806003
2.9060005119643197e-05,0.00015999999595806003
2.906400511997416e-05,0.00015999999595806003
2.906800512030512e-05,0.00015999999595806003
2.907200512063608e-05,0.00015999999595806003
2.9076005120967043e-05,0.00015999999595806003
2.9080005121298004e-05,0.00015999999595806003
2.9084005121628966e-05,0.00019999999494757503
2.9088005121959927e-05,0.00019999999494757503
2.909200512229089e-05,0.00019999999494757503
2.909600512262185e-05,0.00015999999595806003
2.9100005122952812e-05,0.00015999999595806003
2.9104005123283773e-05,0.00015999999595806003
2.9108005123614735e-05,0.00015999999595806003
2.9112005123945696e-05,0.00015999999595806003
2.9116005124276658e-05,0.00015999999595806003
2.912000512460762e-05,0.00015999999595806003
2.912400512493858e-05,0.00019999999494757503
2.9128005125269542e-05,0.00015999999595806003
2.9132005125600504e-05,0.00015999999595806003
2.9136005125931465e-05,0.00015999999595806003
2.9140005126262427e-05,0.00019999999494757503
2.9144005126593388e-05,0.00015999999595806003
2.914800512692435e-05,0.00019999999494757503
2.915200512725531e-05,0.00015999999595806003
2.9156005127586273e-05,0.00015999999595806003
2.9160005127917234e-05,0.00015999999595806003
2.9164005128248196e-05,0.00015999999595806003
2.9168005128579157e-05,0.00015999999595806003
2.917200512891012e-05,0.00019999999494757503
2.917600512924108e-05,0.00015999999595806003
2.918000512957204e-05,0.00015999999595806003
2.9184005129903003e-05,0.00015999999595806003
2.9188005130233965e-05,0.00015999999595806003
2.9192005130564926e-05,0.00015999999595806003
2.9196005130895888e-05,0.00015999999595806003
2.920000513122685e-05,0.00015999999595806003
2.920400513155781e-05,0.00015999999595806003
2.9208005131888772e-05,0.00015999999595806003
2.9212005132219733e-05,0.00015999999595806003
2.9216005132550695e-05,0.00015999999595806003
2.9220005132881656e-05,0.00019999999494757503
2.9224005133212618e-05,0.00015999999595806003
2.922800513354358e-05,0.00019999999494757503
2.923200513387454e-05,0.00015999999595806003
2.9236005134205502e-05,0.00015999999595806003
2.9240005134536464e-05,0.00015999999595806003
2.9244005134867425e-05,0.00015999999595806003
2.9248005135198387e-05,0.00015999999595806003
2.9252005135529348e-05,0.00015999999595806003
2.925600513586031e-05,0.00015999999595806003
2.926000513619127e-05,0.00015999999595806003
2.9264005136522233e-05,0.00015999999595806003
2.9268005136853194e-05,0.00015999999595806003
2.9272005137184156e-05,0.00015999999595806003
2.9276005137515117e-05,0.00019999999494757503
2.928000513784608e-05,0.00015999999595806003
2.928400513817704e-05,0.00019999999494757503
2.9288005138508e-05,0.00015999999595806003
2.9292005138838963e-05,0.00015999999595806003
2.9296005139169925e-05,0.00015999999595806003
2.9300005139500886e-05,0.00019999999494757503
2.9304005139831848e-05,0.00015999999595806003
2.930800514016281e-05,0.00015999999595806003
2.931200514049377e-05,0.00015999999595806003
2.9316005140824732e-05,0.00015999999595806003
2.9320005141155694e-05,0.00015999999595806003
2.9324005141486655e-05,0.00015999999595806003
2.9328005141817616e-05,0.00015999999595806003
2.9332005142148578e-05,0.00019999999494757503
2.933600514247954e-05,0.00015999999595806003
2.93400051428105e-05,0.00019999999494757503
2.9344005143141462e-05,0.00015999999595806003
2.9348005143472424e-05,0.00019999999494757503
2.9352005143803385e-05,0.00015999999595806003
2.9356005144134347e-05,0.00019999999494757503
2.936000514446531e-05,0.00015999999595806003
2.936400514479627e-05,0.00019999999494757503
2.936800514512723e-05,0.00015999999595806003
2.9372005145458193e-05,0.00015999999595806003
2.9376005145789154e-05,0.00015999999595806003
2.9380005146120116e-05,0.00015999999595806003
2.9384005146451077e-05,0.00015999999595806003
2.938800514678204e-05,0.00015999999595806003
2.9392005147113e-05,0.00015999999595806003
2.9396005147443962e-05,0.00019999999494757503
2.9400005147774923e-05,0.00015999999595806003
2.9404005148105885e-05,0.00019999999494757503
2.9408005148436846e-05,0.00015999999595806003
2.9412005148767808e-05,0.00019999999494757503
2.941600514909877e-05,0.00015999999595806003
2.942000514942973e-05,0.00015999999595806003
2.9424005149760692e-05,0.00015999999595806003
2.9428005150091654e-05,0.00015999999595806003
2.9432005150422615e-05,0.00015999999595806003
2.9436005150753577e-05,0.00015999999595806003
2.9440005151084538e-05,0.00015999999595806003
2.94440051514155e-05,0.00015999999595806003
2.944800515174646e-05,0.00015999999595806003
2.9452005152077423e-05,0.00015999999595806003
2.9456005152408384e-05,0.00015999999595806003
2.9460005152739345e-05,0.00019999999494757503
2.9464005153070307e-05,0.00015999999595806003
2.946800515340127e-05,0.00015999999595806003
2.947200515373223e-05,0.00015999999595806003
2.947600515406319e-05,0.00015999999595806003
2.9480005154394153e-05,0.00015999999595806003
2.9484005154725114e-05,0.00019999999494757503
2.9488005155056076e-05,0.00015999999595806003
2.9492005155387037e-05,0.00015999999595806003
2.9496005155718e-05,0.00015999999595806003
2.950000515604896e-05,0.00015999999595806003
2.9504005156379922e-05,0.00015999999595806003
2.9508005156710883e-05,0.00015999999595806003
2.9512005157041845e-05,0.00015999999595806003
2.9516005157372806e-05,0.00015999999595806003
2.9520005157703768e-05,0.00015999999595806003
2.952400515803473e-05,0.00019999999494757503
2.952800515836569e-05,0.00015999999595806003
2.9532005158696652e-05,0.00019999999494757503
2.9536005159027614e-05,0.00015999999595806003
2.9540005159358575e-05,0.00019999999494757503
2.9544005159689537e-05,0.00015999999595806003
2.9548005160020498e-05,0.00015999999595806003
2.955200516035146e-05,0.00015999999595806003
2.955600516068242e-05,0.00015999999595806003
2.9560005161013383e-05,0.00015999999595806003
2.9564005161344344e-05,0.00019999999494757503
2.9568005161675306e-05,0.00015999999595806003
2.9572005162006267e-05,0.00015999999595806003
2.957600516233723e-05,0.00015999999595806003
2.958000516266819e-05,0.00015999999595806003
2.958400516299915e-05,0.00015999999595806003
2.9588005163330113e-05,0.00015999999595806003
2.9592005163661074e-05,0.00015999999595806003
2.9596005163992036e-05,0.00019999999494757503
2.9600005164322997e-05,0.00015999999595806003
2.960400516465396e-05,0.00019999999494757503
2.960800516498492e-05,0.00019999999494757503
2.9612005165315882e-05,0.00019999999494757503
2.9616005165646843e-05,0.00019999999494757503
2.9620005165977805e-05,0.00019999999494757503
2.9624005166308766e-05,0.00015999999595806003
2.9628005166639728e-05,0.00015999999595806003
2.963200516697069e-05,0.00011999999696854502
2.963600516730165e-05,0.00015999999595806003
2.9640005167632612e-05,0.00015999999595806003
2.9644005167963574e-05,0.00015999999595806003
2.9648005168294535e-05,0.00015999999595806003
2.9652005168625497e-05,0.00015999999595806003
2.9656005168956458e-05,0.00015999999595806003
2.966000516928742e-05,0.00019999999494757503
2.966400516961838e-05,0.00019999999494757503
2.9668005169949343e-05,0.00019999999494757503
2.9672005170280304e-05,0.00015999999595806003
2.9676005170611266e-05,0.00019999999494757503
2.9680005170942227e-05,0.00015999999595806003
2.968400517127319e-05,0.00019999999494757503
2.968800517160415e-05,0.00015999999595806003
2.969200517193511e-05,0.00015999999595806003
2.9696005172266073e-05,0.00015999999595806003
2.9700005172597035e-05,0.00015999999595806003
2.9704005172927996e-05,0.00015999999595806003
2.9708005173258957e-05,0.00015999999595806003
2.971200517358992e-05,0.00015999999595806003
2.971600517392088e-05,0.00015999999595806003
2.9720005174251842e-05,0.00015999999595806003
2.9724005174582803e-05,0.00019999999494757503
2.9728005174913765e-05,0.00015999999595806003
2.9732005175244726e-05,0.00019999999494757503
2.9736005175575688e-05,0.00019999999494757503
2.974000517590665e-05,0.00019999999494757503
2.974400517623761e-05,0.00019999999494757503
2.9748005176568572e-05,0.00015999999595806003
2.9752005176899534e-05,0.00015999999595806003
2.9756005177230495e-05,0.00015999999595806003
2.9760005177561457e-05,0.00011999999696854502
2.9764005177892418e-05,0.00015999999595806003
2.976800517822338e-05,0.00011999999696854502
2.977200517855434e-05,0.00015999999595806003
2.9776005178885303e-05,0.00015999999595806003
2.9780005179216264e-05,0.00015999999595806003
2.9784005179547226e-05,0.00019999999494757503
2.9788005179878187e-05,0.00019999999494757503
2.979200518020915e-05,0.00015999999595806003
2.979600518054011e-05,0.00019999999494757503
2.980000518087107e-05,0.00019999999494757503
2.9804005181202033e-05,0.00019999999494757503
2.9808005181532995e-05,0.00015999999595806003
2.9812005181863956e-05,0.00019999999494757503
2.9816005182194918e-05,0.00015999999595806003
2.982000518252588e-05,0.00019999999494757503
2.982400518285684e-05,0.00015999999595806003
2.9828005183187802e-05,0.00015999999595806003
2.9832005183518763e-05,0.00015999999595806003
2.9836005183849725e-05,0.00015999999595806003
2.9840005184180686e-05,0.00015999999595806003
2.9844005184511648e-05,0.00015999999595806003
2.984800518484261e-05,0.00015999999595806003
2.985200518517357e-05,0.00019999999494757503
2.9856005185504532e-05,0.00015999999595806003
2.9860005185835494e-05,0.00019999999494757503
2.9864005186166455e-05,0.00015999999595806003
2.9868005186497417e-05,0.00019999999494757503
2.987200518682838e-05,0.00015999999595806003
2.987600518715934e-05,0.00015999999595806003
2.98800051874903e-05,0.00015999999595806003
2.9884005187821263e-05,0.00015999999595806003
2.9888005188152224e-05,0.00015999999595806003
2.9892005188483186e-05,0.00015999999595806003
2.9896005188814147e-05,0.00015999999595806003
2.990000518914511e-05,0.00015999999595806003
2.990400518947607e-05,0.00015999999595806003
2.990800518980703e-05,0.00015999999595806003
2.9912005190137993e-05,0.00015999999595806003
2.9916005190468955e-05,0.00019999999494757503
2.9920005190799916e-05,0.00015999999595806003
2.9924005191130878e-05,0.00015999999595806003
2.992800519146184e-05,0.00015999999595806003
2.99320051917928e-05,0.00015999999595806003
2.9936005192123762e-05,0.00015999999595806003
2.9940005192454724e-05,0.00019999999494757503
2.9944005192785685e-05,0.00015999999595806003
2.9948005193116647e-05,0.00019999999494757503
2.9952005193447608e-05,0.00015999999595806003
2.995600519377857e-05,0.00015999999595806003
2.996000519410953e-05,0.00015999999595806003
2.9964005194440492e-05,0.00019999999494757503
2.9968005194771454e-05,0.00015999999595806003
2.9972005195102415e-05,0.00019999999494757503
2.9976005195433377e-05,0.00015999999595806003
2.998000519576434e-05,0.00015999999595806003
2.99840051960953e-05,0.00015999999595806003
2.998800519642626e-05,0.00015999999595806003
2.9992005196757223e-05,0.00015999999595806003
2.9996005197088184e-05,0.00015999999595806003
3.0000005197419146e-05,0.00015999999595806003
3.0004005197750107e-05,0.00015999999595806003
3.000800519808107e-05,0.00011999999696854502
3.001200519841203e-05,0.00019999999494757503
3.0016005198742992e-05,0.00015999999595806003
3.0020005199073953e-05,0.00019999999494757503
3.0024005199404915e-05,0.00015999999595806003
3.0028005199735876e-05,0.00015999999595806003
3.0032005200066838e-05,0.00015999999595806003
3.00360052003978e-05,0.00015999999595806003
3.004000520072876e-05,0.00015999999595806003
3.0044005201059722e-05,0.00015999999595806003
3.0048005201390684e-05,0.00015999999595806003
3.0052005201721645e-05,0.00015999999595806003
3.0056005202052607e-05,0.00015999999595806003
3.0060005202383568e-05,0.00019999999494757503
3.006400520271453e-05,0.00015999999595806003
3.006800520304549e-05,0.00019999999494757503
3.0072005203376453e-05,0.00015999999595806003
3.0076005203707414e-05,0.00015999999595806003
3.0080005204038375e-05,0.00015999999595806003
3.0084005204369337e-05,0.00015999999595806003
3.00880052047003e-05,0.00015999999595806003
3.009200520503126e-05,0.00019999999494757503
3.009600520536222e-05,0.00015999999595806003
3.0100005205693183e-05,0.00019999999494757503
3.0104005206024144e-05,0.00015999999595806003
3.0108005206355106e-05,0.00015999999595806003
3.0112005206686067e-05,0.00015999999595806003
3.011600520701703e-05,0.00019999999494757503
3.012000520734799e-05,0.00015999999595806003
3.0124005207678952e-05,0.00019999999494757503
3.0128005208009913e-05,0.00015999999595806003
3.0132005208340875e-05,0.00015999999595806003
3.0136005208671836e-05,0.00015999999595806003
3.0140005209002798e-05,0.00015999999595806003
3.014400520933376e-05,0.00015999999595806003
3.014800520966472e-05,0.00015999999595806003
3.0152005209995682e-05,0.00015999999595806003
3.0156005210326644e-05,0.00015999999595806003
3.0160005210657605e-05,0.00015999999595806003
3.0164005210988567e-05,0.00019999999494757503
3.0168005211319528e-05,0.00015999999595806003
3.017200521165049e-05,0.00019999999494757503
3.017600521198145e-05,0.00019999999494757503
3.0180005212312413e-05,0.00019999999494757503
3.0184005212643374e-05,0.00019999999494757503
3.0188005212974336e-05,0.00019999999494757503
3.0192005213305297e-05,0.00015999999595806003
3.019600521363626e-05,0.00015999999595806003
3.020000521396722e-05,0.00015999999595806003
3.020400521429818e-05,0.00015999999595806003
3.0208005214629143e-05,0.00015999999595806003
3.0212005214960104e-05,0.00015999999595806003
3.0216005215291066e-05,0.00011999999696854502
3.0220005215622027e-05,0.00015999999595806003
3.022400521595299e-05,0.00015999999595806003
3.022800521628395e-05,0.00019999999494757503
3.0232005216614912e-05,0.00019999999494757503
3.0236005216945873e-05,0.00019999999494757503
3.0240005217276835e-05,0.00019999999494757503
3.0244005217607796e-05,0.00019999999494757503
3.0248005217938758e-05,0.00019999999494757503
3.025200521826972e-05,0.00019999999494757503
3.025600521860068e-05,0.00019999999494757503
3.0260005218931642e-05,0.00015999999595806003
3.0264005219262604e-05,0.00015999999595806003
3.0268005219593565e-05,0.00015999999595806003
3.0272005219924527e-05,0.00015999999595806003
3.0276005220255488e-05,0.00015999999595806003
3.028000522058645e-05,0.00011999999696854502
3.028400522091741e-05,0.00015999999595806003
3.0288005221248373e-05,0.00015999999595806003
3.0292005221579334e-05,0.00019999999494757503
3.0296005221910296e-05,0.00019999999494757503
3.0300005222241257e-05,0.00019999999494757503
3.030400522257222e-05,0.00019999999494757503
3.030800522290318e-05,0.00019999999494757503
3.031200522323414e-05,0.00015999999595806003
3.0316005223565103e-05,0.00015999999595806003
3.0320005223896065e-05,0.00015999999595806003
3.0324005224227026e-05,0.00015999999595806003
3.0328005224557987e-05,0.00015999999595806003
3.033200522488895e-05,0.00015999999595806003
3.033600522521991e-05,0.00011999999696854502
3.0340005225550872e-05,0.00015999999595806003
3.0344005225881833e-05,0.00015999999595806003
3.0348005226212795e-05,0.00015999999595806003
3.0352005226543756e-05,0.00015999999595806003
3.0356005226874718e-05,0.00019999999494757503
3.036000522720568e-05,0.00019999999494757503
3.036400522753664e-05,0.00019999999494757503
3.0368005227867602e-05,0.00015999999595806003
3.0372005228198564e-05,0.00019999999494757503
3.0376005228529525e-05,0.00019999999494757503
3.0380005228860487e-05,0.00015999999595806003
3.0384005229191448e-05,0.00015999999595806003
3.038800522952241e-05,0.00015999999595806003
3.039200522985337e-05,0.00015999999595806003
3.0396005230184333e-05,0.00015999999595806003
3.0400005230515294e-05,0.00015999999595806003
3.0404005230846256e-05,0.00015999999595806003
3.0408005231177217e-05,0.00015999999595806003
3.041200523150818e-05,0.00019999999494757503
3.041600523183914e-05,0.00015999999595806003
3.04200052321701e-05,0.00019999999494757503
3.0424005232501063e-05,0.00019999999494757503
3.0428005232832025e-05,0.00019999999494757503
3.0432005233162986e-05,0.00019999999494757503
3.0436005233493948e-05,0.00019999999494757503
3.044000523382491e-05,0.00015999999595806003
3.044400523415587e-05,0.00015999999595806003
3.0448005234486832e-05,0.00015999999595806003
3.0452005234817793e-05,0.00015999999595806003
3.0456005235148755e-05,0.00015999999595806003
3.0460005235479716e-05,0.00015999999595806003
3.0464005235810678e-05,0.00015999999595806003
3.046800523614164e-05,0.00015999999595806003
3.04720052364726e-05,0.00015999999595806003
3.0476005236803562e-05,0.00019999999494757503
3.0480005237134524e-05,0.00015999999595806003
3.0484005237465485e-05,0.00019999999494757503
3.0488005237796447e-05,0.00015999999595806003
3.049200523812741e-05,0.00015999999595806003
3.049600523845837e-05,0.00015999999595806003
3.050000523878933e-05,0.00019999999494757503
3.0504005239120293e-05,0.00019999999494757503
3.0508005239451254e-05,0.00015999999595806003
3.0512005239782216e-05,0.00015999999595806003
3.0516005240113177e-05,0.00015999999595806003
3.052000524044414e-05,0.00015999999595806003
3.05240052407751e-05,0.00015999999595806003
3.052800524110606e-05,0.00015999999595806003
3.053200524143702e-05,0.00015999999595806003
3.0536005241767985e-05,0.00015999999595806003
3.0540005242098946e-05,0.00019999999494757503
3.054400524242991e-05,0.00015999999595806003
3.054800524276087e-05,0.00019999999494757503
3.055200524309183e-05,0.00019999999494757503
3.055600524342279e-05,0.00019999999494757503
3.0560005243753754e-05,0.00015999999595806003
3.0564005244084715e-05,0.00015999999595806003
3.0568005244415677e-05,0.00015999999595806003
3.057200524474664e-05,0.00015999999595806003
3.05760052450776e-05,0.00015999999595806003
3.058000524540856e-05,0.00015999999595806003
3.058400524573952e-05,0.00015999999595806003
3.0588005246070484e-05,0.00015999999595806003
3.0592005246401445e-05,0.00015999999595806003
3.059600524673241e-05,0.00019999999494757503
3.060000524706337e-05,0.00015999999595806003
3.060400524739433e-05,0.00019999999494757503
3.060800524772529e-05,0.00015999999595806003
3.061200524805625e-05,0.00019999999494757503
3.0616005248387214e-05,0.00015999999595806003
3.0620005248718176e-05,0.00019999999494757503
3.062400524904914e-05,0.00015999999595806003
3.06280052493801e-05,0.00015999999595806003
3.063200524971106e-05,0.00019999999494757503
3.063600525004202e-05,0.00019999999494757503
3.064000525037298e-05,0.00015999999595806003
3.0644005250703945e-05,0.00019999999494757503
3.0648005251034906e-05,0.00015999999595806003
3.065200525136587e-05,0.00019999999494757503
3.065600525169683e-05,0.00015999999595806003
3.066000525202779e-05,0.00015999999595806003
3.066400525235875e-05,0.00015999999595806003
3.0668005252689714e-05,0.00015999999595806003
3.0672005253020675e-05,0.00015999999595806003
3.0676005253351637e-05,0.00015999999595806003
3.06800052536826e-05,0.00015999999595806003
3.068400525401356e-05,0.00019999999494757503
3.068800525434452e-05,0.00015999999595806003
3.069200525467548e-05,0.00019999999494757503
3.0696005255006444e-05,0.00015999999595806003
3.0700005255337406e-05,0.00019999999494757503
3.070400525566837e-05,0.00015999999595806003
3.070800525599933e-05,0.00015999999595806003
3.071200525633029e-05,0.00015999999595806003
3.071600525666125e-05,0.00015999999595806003
3.072000525699221e-05,0.00015999999595806003
3.0724005257323174e-05,0.00015999999595806003
3.0728005257654136e-05,0.00015999999595806003
3.07320052579851e-05,0.00019999999494757503
3.073600525831606e-05,0.00015999999595806003
3.074000525864702e-05,0.00019999999494757503
3.074400525897798e-05,0.00015999999595806003
3.074800525930894e-05,0.00019999999494757503
3.0752005259639905e-05,0.00015999999595806003
3.0756005259970866e-05,0.00019999999494757503
3.076000526030183e-05,0.00015999999595806003
3.076400526063279e-05,0.00015999999595806003
3.076800526096375e-05,0.00015999999595806003
3.077200526129471e-05,0.00019999999494757503
3.0776005261625674e-05,0.00015999999595806003
3.0780005261956635e-05,0.00019999999494757503
3.07840052622876e-05,0.00015999999595806003
3.078800526261856e-05,0.00019999999494757503
3.079200526294952e-05,0.00015999999595806003
3.079600526328048e-05,0.00019999999494757503
3.080000526361144e-05,0.00015999999595806003
3.0804005263942404e-05,0.00015999999595806003
3.0808005264273366e-05,0.00015999999595806003
3.081200526460433e-05,0.00015999999595806003
3.081600526493529e-05,0.00015999999595806003
3.082000526526625e-05,0.00019999999494757503
3.082400526559721e-05,0.00015999999595806003
3.082800526592817e-05,0.00019999999494757503
3.0832005266259134e-05,0.00019999999494757503
3.0836005266590096e-05,0.00015999999595806003
3.084000526692106e-05,0.00015999999595806003
3.084400526725202e-05,0.00015999999595806003
3.084800526758298e-05,0.00015999999595806003
3.085200526791394e-05,0.00015999999595806003
3.08560052682449e-05,0.00015999999595806003
3.0860005268575865e-05,0.00019999999494757503
3.0864005268906826e-05,0.00015999999595806003
3.086800526923779e-05,0.00019999999494757503
3.087200526956875e-05,0.00019999999494757503
3.087600526989971e-05,0.00019999999494757503
3.088000527023067e-05,0.00015999999595806003
3.0884005270561634e-05,0.00015999999595806003
3.0888005270892595e-05,0.00015999999595806003
3.089200527122356e-05,0.00015999999595806003
3.089600527155452e-05,0.00015999999595806003
3.090000527188548e-05,0.00015999999595806003
3.090400527221644e-05,0.00015999999595806003
3.09080052725474e-05,0.00019999999494757503
3.0912005272878364e-05,0.00019999999494757503
3.0916005273209326e-05,0.00019999999494757503
3.092000527354029e-05,0.00015999999595806003
3.092400527387125e-05,0.00015999999595806003
3.092800527420221e-05,0.00015999999595806003
3.093200527453317e-05,0.00019999999494757503
3.093600527486413e-05,0.00015999999595806003
3.0940005275195095e-05,0.00019999999494757503
3.0944005275526056e-05,0.00015999999595806003
3.094800527585702e-05,0.00015999999595806003
3.095200527618798e-05,0.00015999999595806003
3.095600527651894e-05,0.00019999999494757503
3.09600052768499e-05,0.00015999999595806003
3.0964005277180863e-05,0.00019999999494757503
3.0968005277511825e-05,0.00015999999595806003
3.0972005277842786e-05,0.00015999999595806003
3.097600527817375e-05,0.00015999999595806003
3.098000527850471e-05,0.00015999999595806003
3.098400527883567e-05,0.00015999999595806003
3.098800527916663e-05,0.00015999999595806003
3.0992005279497594e-05,0.00015999999595806003
3.0996005279828555e-05,0.00019999999494757503
3.100000528015952e-05,0.00015999999595806003
3.100400528049048e-05,0.00019999999494757503
3.100800528082144e-05,0.00015999999595806003
3.10120052811524e-05,0.00019999999494757503
3.101600528148336e-05,0.00015999999595806003
3.1020005281814324e-05,0.00015999999595806003
3.1024005282145286e-05,0.00015999999595806003
3.102800528247625e-05,0.00015999999595806003
3.103200528280721e-05,0.00015999999595806003
3.103600528313817e-05,0.00015999999595806003
3.104000528346913e-05,0.00015999999595806003
3.104400528380009e-05,0.00015999999595806003
3.1048005284131055e-05,0.00015999999595806003
3.1052005284462016e-05,0.00019999999494757503
3.105600528479298e-05,0.00015999999595806003
3.106000528512394e-05,0.00015999999595806003
3.10640052854549e-05,0.00015999999595806003
3.106800528578586e-05,0.00019999999494757503
3.1072005286116824e-05,0.00015999999595806003
3.1076005286447785e-05,0.00019999999494757503
3.1080005286778746e-05,0.00015999999595806003
3.108400528710971e-05,0.00019999999494757503
3.108800528744067e-05,0.00015999999595806003
3.109200528777163e-05,0.00015999999595806003
3.109600528810259e-05,0.00015999999595806003
3.1100005288433554e-05,0.00019999999494757503
3.1104005288764515e-05,0.00015999999595806003
3.110800528909548e-05,0.00019999999494757503
3.111200528942644e-05,0.00015999999595806003
3.11160052897574e-05,0.00019999999494757503
3.112000529008836e-05,0.00015999999595806003
3.112400529041932e-05,0.00015999999595806003
3.1128005290750284e-05,0.00015999999595806003
3.1132005291081246e-05,0.00015999999595806003
3.113600529141221e-05,0.00015999999595806003
3.114000529174317e-05,0.00015999999595806003
3.114400529207413e-05,0.00015999999595806003
3.114800529240509e-05,0.00019999999494757503
3.115200529273605e-05,0.00015999999595806003
3.1156005293067015e-05,0.00019999999494757503
3.1160005293397976e-05,0.00015999999595806003
3.116400529372894e-05,0.00019999999494757503
3.11680052940599e-05,0.00015999999595806003
3.117200529439086e-05,0.00015999999595806003
3.117600529472182e-05,0.00015999999595806003
3.1180005295052784e-05,0.00015999999595806003
3.1184005295383745e-05,0.00015999999595806003
3.1188005295714707e-05,0.00015999999595806003
3.119200529604567e-05,0.00015999999595806003
3.119600529637663e-05,0.00019999999494757503
3.120000529670759e-05,0.00019999999494757503
3.120400529703855e-05,0.00019999999494757503
3.1208005297369514e-05,0.00015999999595806003
3.1212005297700475e-05,0.00015999999595806003
3.121600529803144e-05,0.00015999999595806003
3.12200052983624e-05,0.00015999999595806003
3.122400529869336e-05,0.00015999999595806003
3.122800529902432e-05,0.00015999999595806003
3.123200529935528e-05,0.00015999999595806003
3.1236005299686244e-05,0.00019999999494757503
3.1240005300017206e-05,0.00015999999595806003
3.124400530034817e-05,0.00015999999595806003
3.124800530067913e-05,0.00015999999595806003
3.125200530101009e-05,0.00015999999595806003
3.125600530134105e-05,0.00015999999595806003
3.126000530167201e-05,0.00015999999595806003
3.1264005302002975e-05,0.00015999999595806003
3.1268005302333936e-05,0.00015999999595806003
3.12720053026649e-05,0.00015999999595806003
3.127600530299586e-05,0.00015999999595806003
3.128000530332682e-05,0.00015999999595806003
3.128400530365778e-05,0.00015999999595806003
3.1288005303988744e-05,0.00015999999595806003
3.1292005304319705e-05,0.00015999999595806003
3.129600530465067e-05,0.00015999999595806003
3.130000530498163e-05,0.00015999999595806003
3.130400530531259e-05,0.00015999999595806003
3.130800530564355e-05,0.00015999999595806003
3.131200530597451e-05,0.00015999999595806003
3.1316005306305474e-05,0.00015999999595806003
3.1320005306636436e-05,0.00015999999595806003
3.13240053069674e-05,0.00019999999494757503
3.132800530729836e-05,0.00015999999595806003
3.133200530762932e-05,0.00015999999595806003
3.133600530796028e-05,0.00015999999595806003
3.134000530829124e-05,0.00019999999494757503
3.1344005308622204e-05,0.00015999999595806003
3.1348005308953166e-05,0.00019999999494757503
3.135200530928413e-05,0.00015999999595806003
3.135600530961509e-05,0.00019999999494757503
3.136000530994605e-05,0.00015999999595806003
3.136400531027701e-05,0.00019999999494757503
3.136800531060797e-05,0.00015999999595806003
3.1372005310938935e-05,0.00015999999595806003
3.1376005311269896e-05,0.00015999999595806003
3.138000531160086e-05,0.00019999999494757503
3.138400531193182e-05,0.00015999999595806003
3.138800531226278e-05,0.00019999999494757503
3.139200531259374e-05,0.00015999999595806003
3.1396005312924704e-05,0.00019999999494757503
3.1400005313255665e-05,0.00015999999595806003
3.140400531358663e-05,0.00019999999494757503
3.140800531391759e-05,0.00015999999595806003
3.141200531424855e-05,0.00015999999595806003
3.141600531457951e-05,0.00015999999595806003
3.142000531491047e-05,0.00019999999494757503
3.1424005315241434e-05,0.00015999999595806003
3.1428005315572396e-05,0.00019999999494757503
3.143200531590336e-05,0.00019999999494757503
3.143600531623432e-05,0.00019999999494757503
3.144000531656528e-05,0.00015999999595806003
3.144400531689624e-05,0.00019999999494757503
3.14480053172272e-05,0.00015999999595806003
3.1452005317558164e-05,0.00019999999494757503
3.1456005317889126e-05,0.00015999999595806003
3.146000531822009e-05,0.00015999999595806003
3.146400531855105e-05,0.00015999999595806003
3.146800531888201e-05,0.00019999999494757503
3.147200531921297e-05,0.00015999999595806003
3.1476005319543933e-05,0.00015999999595806003
3.1480005319874895e-05,0.00015999999595806003
3.1484005320205856e-05,0.00019999999494757503
3.148800532053682e-05,0.00015999999595806003
3.149200532086778e-05,0.00015999999595806003
3.149600532119874e-05,0.00015999999595806003
3.15000053215297e-05,0.00015999999595806003
3.1504005321860664e-05,0.00015999999595806003
3.1508005322191625e-05,0.00019999999494757503
3.151200532252259e-05,0.00015999999595806003
3.151600532285355e-05,0.00019999999494757503
3.152000532318451e-05,0.00015999999595806003
3.152400532351547e-05,0.00015999999595806003
3.152800532384643e-05,0.00015999999595806003
3.1532005324177394e-05,0.00015999999595806003
3.1536005324508356e-05,0.00015999999595806003
3.154000532483932e-05,0.00015999999595806003
3.154400532517028e-05,0.00015999999595806003
3.154800532550124e-05,0.00019999999494757503
3.15520053258322e-05,0.00015999999595806003
3.155600532616316e-05,0.00019999999494757503
3.1560005326494125e-05,0.00015999999595806003
3.1564005326825086e-05,0.00019999999494757503
3.156800532715605e-05,0.00015999999595806003
3.157200532748701e-05,0.00015999999595806003
3.157600532781797e-05,0.00015999999595806003
3.158000532814893e-05,0.00015999999595806003
3.1584005328479893e-05,0.00015999999595806003
3.1588005328810855e-05,0.00015999999595806003
3.1592005329141816e-05,0.00015999999595806003
3.159600532947278e-05,0.00019999999494757503
3.160000532980374e-05,0.00019999999494757503
3.16040053301347e-05,0.00019999999494757503
3.160800533046566e-05,0.00015999999595806003
3.1612005330796624e-05,0.00019999999494757503
3.1616005331127585e-05,0.00015999999595806003
3.162000533145855e-05,0.00015999999595806003
3.162400533178951e-05,0.00015999999595806003
3.162800533212047e-05,0.00015999999595806003
3.163200533245143e-05,0.00015999999595806003
3.163600533278239e-05,0.00019999999494757503
3.1640005333113354e-05,0.00015999999595806003
3.1644005333444316e-05,0.00019999999494757503
3.164800533377528e-05,0.00015999999595806003
3.165200533410624e-05,0.00019999999494757503
3.16560053344372e-05,0.00015999999595806003
3.166000533476816e-05,0.00015999999595806003
3.166400533509912e-05,0.00015999999595806003
3.1668005335430085e-05,0.00015999999595806003
3.1672005335761046e-05,0.00015999999595806003
3.167600533609201e-05,0.00019999999494757503
3.168000533642297e-05,0.00019999999494757503
3.168400533675393e-05,0.00019999999494757503
3.168800533708489e-05,0.00015999999595806003
3.1692005337415854e-05,0.00019999999494757503
3.1696005337746815e-05,0.00015999999595806003
3.1700005338077777e-05,0.00019999999494757503
3.170400533840874e-05,0.00015999999595806003
3.17080053387397e-05,0.00015999999595806003
3.171200533907066e-05,0.00015999999595806003
3.171600533940162e-05,0.00015999999595806003
3.1720005339732584e-05,0.00015999999595806003
3.1724005340063545e-05,0.00019999999494757503
3.172800534039451e-05,0.00019999999494757503
3.173200534072547e-05,0.00019999999494757503
3.173600534105643e-05,0.00015999999595806003
3.174000534138739e-05,0.00015999999595806003
3.174400534171835e-05,0.00015999999595806003
3.1748005342049314e-05,0.00015999999595806003
3.1752005342380276e-05,0.00015999999595806003
3.175600534271124e-05,0.00015999999595806003
3.17600053430422e-05,0.00015999999595806003
3.176400534337316e-05,0.00019999999494757503
3.176800534370412e-05,0.00015999999595806003
3.177200534403508e-05,0.00015999999595806003
3.1776005344366045e-05,0.00015999999595806003
3.1780005344697006e-05,0.00015999999595806003
3.178400534502797e-05,0.00015999999595806003
3.178800534535893e-05,0.00019999999494757503
3.179200534568989e-05,0.00015999999595806003
3.179600534602085e-05,0.00019999999494757503
3.1800005346351814e-05,0.00015999999595806003
3.1804005346682775e-05,0.00019999999494757503
3.1808005347013737e-05,0.00015999999595806003
3.18120053473447e-05,0.00015999999595806003
3.181600534767566e-05,0.00015999999595806003
3.182000534800662e-05,0.00015999999595806003
3.182400534833758e-05,0.00015999999595806003
3.1828005348668544e-05,0.00015999999595806003
3.1832005348999505e-05,0.00015999999595806003
3.183600534933047e-05,0.00015999999595806003
3.184000534966143e-05,0.00015999999595806003
3.184400534999239e-05,0.00019999999494757503
3.184800535032335e-05,0.00015999999595806003
3.185200535065431e-05,0.00015999999595806003
3.1856005350985274e-05,0.00015999999595806003
3.1860005351316236e-05,0.00019999999494757503
3.18640053516472e-05,0.00015999999595806003
3.186800535197816e-05,0.00015999999595806003
3.187200535230912e-05,0.00015999999595806003
3.187600535264008e-05,0.00015999999595806003
3.188000535297104e-05,0.00015999999595806003
3.1884005353302005e-05,0.00019999999494757503
3.1888005353632966e-05,0.00019999999494757503
3.189200535396393e-05,0.00019999999494757503
3.189600535429489e-05,0.00015999999595806003
3.190000535462585e-05,0.00015999999595806003
3.190400535495681e-05,0.00015999999595806003
3.1908005355287774e-05,0.00015999999595806003
3.1912005355618735e-05,0.00015999999595806003
3.19160053559497e-05,0.00015999999595806003
3.192000535628066e-05,0.00015999999595806003
3.192400535661162e-05,0.00015999999595806003
3.192800535694258e-05,0.00015999999595806003
3.193200535727354e-05,0.00015999999595806003
3.1936005357604504e-05,0.00015999999595806003
3.1940005357935466e-05,0.00019999999494757503
3.194400535826643e-05,0.00015999999595806003
3.194800535859739e-05,0.00015999999595806003
3.195200535892835e-05,0.00015999999595806003
3.195600535925931e-05,0.00015999999595806003
3.196000535959027e-05,0.00015999999595806003
3.1964005359921234e-05,0.00019999999494757503
3.1968005360252196e-05,0.00019999999494757503
3.197200536058316e-05,0.00015999999595806003
3.197600536091412e-05,0.00015999999595806003
3.198000536124508e-05,0.00019999999494757503
3.198400536157604e-05,0.00015999999595806003
3.1988005361907e-05,0.00019999999494757503
3.1992005362237965e-05,0.00015999999595806003
3.1996005362568926e-05,0.00015999999595806003
3.200000536289989e-05,0.00015999999595806003
3.200400536323085e-05,0.00015999999595806003
3.200800536356181e-05,0.00015999999595806003
3.201200536389277e-05,0.00015999999595806003
3.2016005364223734e-05,0.00015999999595806003
3.2020005364554695e-05,0.00015999999595806003
3.202400536488566e-05,0.00015999999595806003
3.202800536521662e-05,0.00019999999494757503
3.203200536554758e-05,0.00015999999595806003
3.203600536587854e-05,0.00019999999494757503
3.20400053662095e-05,0.00015999999595806003
3.2044005366540464e-05,0.00019999999494757503
3.2048005366871426e-05,0.00015999999595806003
3.205200536720239e-05,0.00019999999494757503
3.205600536753335e-05,0.00015999999595806003
3.206000536786431e-05,0.00015999999595806003
3.206400536819527e-05,0.00015999999595806003
3.206800536852623e-05,0.00015999999595806003
3.2072005368857195e-05,0.00015999999595806003
3.2076005369188156e-05,0.00019999999494757503
3.208000536951912e-05,0.00015999999595806003
3.208400536985008e-05,0.00019999999494757503
3.208800537018104e-05,0.00019999999494757503
3.2092005370512e-05,0.00019999999494757503
3.2096005370842963e-05,0.00015999999595806003
3.2100005371173925e-05,0.00019999999494757503
3.2104005371504886e-05,0.00015999999595806003
3.210800537183585e-05,0.00015999999595806003
3.211200537216681e-05,0.00015999999595806003
3.211600537249777e-05,0.00015999999595806003
3.212000537282873e-05,0.00015999999595806003
3.2124005373159694e-05,0.00015999999595806003
3.2128005373490655e-05,0.00015999999595806003
3.213200537382162e-05,0.00015999999595806003
3.213600537415258e-05,0.00015999999595806003
3.214000537448354e-05,0.00015999999595806003
3.21440053748145e-05,0.00015999999595806003
3.214800537514546e-05,0.00015999999595806003
3.2152005375476424e-05,0.00015999999595806003
3.2156005375807386e-05,0.00015999999595806003
3.216000537613835e-05,0.00015999999595806003
3.216400537646931e-05,0.00015999999595806003
3.216800537680027e-05,0.00015999999595806003
3.217200537713123e-05,0.00019999999494757503
3.217600537746219e-05,0.00015999999595806003
3.2180005377793155e-05,0.00019999999494757503
3.2184005378124116e-05,0.00015999999595806003
3.218800537845508e-05,0.00015999999595806003
3.219200537878604e-05,0.00015999999595806003
3.2196005379117e-05,0.00015999999595806003
3.220000537944796e-05,0.00015999999595806003
3.2204005379778923e-05,0.00019999999494757503
3.2208005380109885e-05,0.00019999999494757503
3.2212005380440846e-05,0.00019999999494757503
3.221600538077181e-05,0.00015999999595806003
3.222000538110277e-05,0.00019999999494757503
3.222400538143373e-05,0.00015999999595806003
3.222800538176469e-05,0.00015999999595806003
3.2232005382095654e-05,0.00015999999595806003
3.2236005382426615e-05,0.00015999999595806003
3.224000538275758e-05,0.00015999999595806003
3.224400538308854e-05,0.00019999999494757503
3.22480053834195e-05,0.00015999999595806003
3.225200538375046e-05,0.00019999999494757503
3.225600538408142e-05,0.00019999999494757503
3.2260005384412384e-05,0.00015999999595806003
3.2264005384743346e-05,0.00015999999595806003
3.226800538507431e-05,0.00015999999595806003
3.227200538540527e-05,0.00015999999595806003
3.227600538573623e-05,0.00019999999494757503
3.228000538606719e-05,0.00015999999595806003
3.228400538639815e-05,0.00019999999494757503
3.2288005386729115e-05,0.00015999999595806003
3.2292005387060076e-05,0.00019999999494757503
3.229600538739104e-05,0.00019999999494757503
3.2300005387722e-05,0.00019999999494757503
3.230400538805296e-05,0.00019999999494757503
3.230800538838392e-05,0.00015999999595806003
3.2312005388714884e-05,0.00015999999595806003
3.2316005389045845e-05,0.00015999999595806003
3.2320005389376807e-05,0.00015999999595806003
3.232400538970777e-05,0.00015999999595806003
3.232800539003873e-05,0.00015999999595806003
3.233200539036969e-05,0.00015999999595806003
3.233600539070065e-05,0.00015999999595806003
3.2340005391031614e-05,0.00019999999494757503
3.2344005391362575e-05,0.00015999999595806003
3.234800539169354e-05,0.00015999999595806003
3.23520053920245e-05,0.00015999999595806003
3.235600539235546e-05,0.00015999999595806003
3.236000539268642e-05,0.00015999999595806003
3.236400539301738e-05,0.00015999999595806003
3.2368005393348344e-05,0.00015999999595806003
3.2372005393679306e-05,0.00019999999494757503
3.237600539401027e-05,0.00019999999494757503
3.238000539434123e-05,0.00019999999494757503
3.238400539467219e-05,0.00015999999595806003
3.238800539500315e-05,0.00019999999494757503
3.239200539533411e-05,0.00015999999595806003
3.2396005395665075e-05,0.00015999999595806003
3.2400005395996036e-05,0.00015999999595806003
3.2404005396327e-05,0.00015999999595806003
3.240800539665796e-05,0.00015999999595806003
3.241200539698892e-05,0.00019999999494757503
3.241600539731988e-05,0.00015999999595806003
3.2420005397650844e-05,0.00015999999595806003
3.2424005397981805e-05,0.00015999999595806003
3.2428005398312767e-05,0.00019999999494757503
3.243200539864373e-05,0.00015999999595806003
3.243600539897469e-05,0.00019999999494757503
3.244000539930565e-05,0.00015999999595806003
3.244400539963661e-05,0.00015999999595806003
3.2448005399967574e-05,0.00015999999595806003
3.2452005400298535e-05,0.00015999999595806003
3.24560054006295e-05,0.00015999999595806003
3.246000540096046e-05,0.00015999999595806003
3.246400540129142e-05,0.00015999999595806003
3.246800540162238e-05,0.00019999999494757503
3.247200540195334e-05,0.00015999999595806003
3.2476005402284304e-05,0.00019999999494757503
3.2480005402615266e-05,0.00015999999595806003
3.248400540294623e-05,0.00015999999595806003
3.248800540327719e-05,0.00015999999595806003
3.249200540360815e-05,0.00015999999595806003
3.249600540393911e-05,0.00015999999595806003
3.250000540427007e-05,0.00019999999494757503
3.2504005404601035e-05,0.00015999999595806003
3.2508005404931996e-05,0.00015999999595806003
3.251200540526296e-05,0.00015999999595806003
3.251600540559392e-05,0.00019999999494757503
3.252000540592488e-05,0.00015999999595806003
3.252400540625584e-05,0.00015999999595806003
3.2528005406586804e-05,0.00015999999595806003
3.2532005406917765e-05,0.00015999999595806003
3.253600540724873e-05,0.00015999999595806003
3.254000540757969e-05,0.00015999999595806003
3.254400540791065e-05,0.00015999999595806003
3.254800540824161e-05,0.00019999999494757503
3.255200540857257e-05,0.00015999999595806003
3.2556005408903534e-05,0.00015999999595806003
3.2560005409234496e-05,0.00015999999595806003
3.256400540956546e-05,0.00019999999494757503
3.256800540989642e-05,0.00015999999595806003
3.257200541022738e-05,0.00019999999494757503
3.257600541055834e-05,0.00015999999595806003
3.25800054108893e-05,0.00015999999595806003
3.2584005411220264e-05,0.00015999999595806003
3.2588005411551226e-05,0.00019999999494757503
3.259200541188219e-05,0.00015999999595806003
3.259600541221315e-05,0.00019999999494757503
3.260000541254411e-05,0.00019999999494757503
3.260400541287507e-05,0.00019999999494757503
3.260800541320603e-05,0.00015999999595806003
3.2612005413536995e-05,0.00019999999494757503
3.2616005413867956e-05,0.00015999999595806003
3.262000541419892e-05,0.00019999999494757503
3.262400541452988e-05,0.00015999999595806003
3.262800541486084e-05,0.00019999999494757503
3.26320054151918e-05,0.00015999999595806003
3.2636005415522764e-05,0.00015999999595806003
3.2640005415853725e-05,0.00015999999595806003
3.264400541618469e-05,0.00019999999494757503
3.264800541651565e-05,0.00015999999595806003
3.265200541684661e-05,0.00015999999595806003
3.265600541717757e-05,0.00015999999595806003
3.266000541750853e-05,0.00019999999494757503
3.2664005417839494e-05,0.00015999999595806003
3.2668005418170456e-05,0.00019999999494757503
3.267200541850142e-05,0.00015999999595806003
3.267600541883238e-05,0.00015999999595806003
3.268000541916334e-05,0.00015999999595806003
3.26840054194943e-05,0.00019999999494757503
3.268800541982526e-05,0.00015999999595806003
3.2692005420156225e-05,0.00019999999494757503
3.2696005420487186e-05,0.00015999999595806003
3.270000542081815e-05,0.00015999999595806003
3.270400542114911e-05,0.00015999999595806003
3.270800542148007e-05,0.00019999999494757503
3.271200542181103e-05,0.00015999999595806003
3.2716005422141993e-05,0.00015999999595806003
