Time (s),Voltage (V)
-3.2808e-05,0.00011999999696854502
-3.280399999966904e-05,0.00015999999595806003
-3.279999999933808e-05,0.00015999999595806003
-3.279599999900712e-05,0.00015999999595806003
-3.2791999998676156e-05,0.00015999999595806003
-3.2787999998345194e-05,0.00015999999595806003
-3.278399999801423e-05,0.00015999999595806003
-3.277999999768327e-05,0.00015999999595806003
-3.277599999735231e-05,0.00011999999696854502
-3.277199999702135e-05,0.00015999999595806003
-3.276799999669039e-05,0.00015999999595806003
-3.2763999996359425e-05,0.00015999999595806003
-3.2759999996028464e-05,0.00015999999595806003
-3.27559999956975e-05,0.00015999999595806003
-3.275199999536654e-05,0.00015999999595806003
-3.274799999503558e-05,0.00015999999595806003
-3.274399999470462e-05,0.00011999999696854502
-3.2739999994373656e-05,0.00015999999595806003
-3.2735999994042695e-05,0.00011999999696854502
-3.2731999993711733e-05,0.00015999999595806003
-3.272799999338077e-05,0.00011999999696854502
-3.272399999304981e-05,0.00015999999595806003
-3.271999999271885e-05,0.00015999999595806003
-3.271599999238789e-05,0.00019999999494757503
-3.2711999992056926e-05,0.00015999999595806003
-3.2707999991725965e-05,0.00015999999595806003
-3.2703999991395e-05,0.00015999999595806003
-3.269999999106404e-05,0.00015999999595806003
-3.269599999073308e-05,0.00015999999595806003
-3.269199999040212e-05,0.00015999999595806003
-3.268799999007116e-05,0.00015999999595806003
-3.2683999989740196e-05,0.00015999999595806003
-3.2679999989409234e-05,0.00011999999696854502
-3.267599998907827e-05,0.00011999999696854502
-3.267199998874731e-05,0.00011999999696854502
-3.266799998841635e-05,0.00015999999595806003
-3.266399998808539e-05,0.00015999999595806003
-3.265999998775443e-05,0.00015999999595806003
-3.2655999987423465e-05,0.00015999999595806003
-3.2651999987092504e-05,0.00015999999595806003
-3.264799998676154e-05,0.00015999999595806003
-3.264399998643058e-05,0.00019999999494757503
-3.263999998609962e-05,0.00015999999595806003
-3.263599998576866e-05,0.00019999999494757503
-3.2631999985437696e-05,0.00011999999696854502
-3.2627999985106735e-05,0.00015999999595806003
-3.2623999984775773e-05,0.00011999999696854502
-3.261999998444481e-05,0.00011999999696854502
-3.261599998411385e-05,0.00011999999696854502
-3.261199998378289e-05,0.00011999999696854502
-3.260799998345193e-05,0.00011999999696854502
-3.2603999983120966e-05,0.00015999999595806003
-3.2599999982790004e-05,0.00015999999595806003
-3.259599998245904e-05,0.00019999999494757503
-3.259199998212808e-05,0.00015999999595806003
-3.258799998179712e-05,0.00015999999595806003
-3.258399998146616e-05,0.00015999999595806003
-3.25799999811352e-05,0.00015999999595806003
-3.2575999980804236e-05,0.00015999999595806003
-3.2571999980473274e-05,0.00015999999595806003
-3.256799998014231e-05,0.00015999999595806003
-3.256399997981135e-05,0.00015999999595806003
-3.255999997948039e-05,0.00011999999696854502
-3.255599997914943e-05,0.00015999999595806003
-3.255199997881847e-05,0.00011999999696854502
-3.2547999978487505e-05,0.00015999999595806003
-3.2543999978156544e-05,0.00015999999595806003
-3.253999997782558e-05,0.00015999999595806003
-3.253599997749462e-05,0.00015999999595806003
-3.253199997716366e-05,0.00015999999595806003
-3.25279999768327e-05,0.00015999999595806003
-3.2523999976501736e-05,0.00015999999595806003
-3.2519999976170775e-05,0.00015999999595806003
-3.251599997583981e-05,0.00015999999595806003
-3.251199997550885e-05,0.00015999999595806003
-3.250799997517789e-05,0.00015999999595806003
-3.250399997484693e-05,0.00015999999595806003
-3.249999997451597e-05,0.00015999999595806003
-3.2495999974185006e-05,0.00011999999696854502
-3.2491999973854044e-05,0.00011999999696854502
-3.248799997352308e-05,0.00011999999696854502
-3.248399997319212e-05,0.00015999999595806003
-3.247999997286116e-05,0.00015999999595806003
-3.24759999725302e-05,0.00015999999595806003
-3.247199997219924e-05,0.00015999999595806003
-3.2467999971868276e-05,0.00015999999595806003
-3.2463999971537314e-05,0.00015999999595806003
-3.245999997120635e-05,0.00015999999595806003
-3.245599997087539e-05,0.00015999999595806003
-3.245199997054443e-05,0.00015999999595806003
-3.244799997021347e-05,0.00015999999595806003
-3.244399996988251e-05,0.00015999999595806003
-3.2439999969551545e-05,0.00015999999595806003
-3.2435999969220584e-05,0.00015999999595806003
-3.243199996888962e-05,0.00015999999595806003
-3.242799996855866e-05,0.00015999999595806003
-3.24239999682277e-05,0.00011999999696854502
-3.241999996789674e-05,0.00015999999595806003
-3.2415999967565776e-05,0.00015999999595806003
-3.2411999967234815e-05,0.00015999999595806003
-3.240799996690385e-05,0.00011999999696854502
-3.240399996657289e-05,0.00015999999595806003
-3.239999996624193e-05,0.00015999999595806003
-3.239599996591097e-05,0.00019999999494757503
-3.239199996558001e-05,0.00015999999595806003
-3.2387999965249046e-05,0.00015999999595806003
-3.2383999964918084e-05,0.00015999999595806003
-3.237999996458712e-05,0.00015999999595806003
-3.237599996425616e-05,0.00015999999595806003
-3.23719999639252e-05,0.00015999999595806003
-3.236799996359424e-05,0.00011999999696854502
-3.236399996326328e-05,0.00015999999595806003
-3.2359999962932315e-05,0.00011999999696854502
-3.2355999962601354e-05,0.00015999999595806003
-3.235199996227039e-05,0.00015999999595806003
-3.234799996193943e-05,0.00015999999595806003
-3.234399996160847e-05,0.00015999999595806003
-3.233999996127751e-05,0.00015999999595806003
-3.2335999960946547e-05,0.00015999999595806003
-3.2331999960615585e-05,0.00015999999595806003
-3.2327999960284624e-05,0.00015999999595806003
-3.232399995995366e-05,0.00015999999595806003
-3.23199999596227e-05,0.00015999999595806003
-3.231599995929174e-05,0.00015999999595806003
-3.231199995896078e-05,0.00015999999595806003
-3.2307999958629816e-05,0.00015999999595806003
-3.2303999958298855e-05,0.00015999999595806003
-3.229999995796789e-05,0.00015999999595806003
-3.229599995763693e-05,0.00015999999595806003
-3.229199995730597e-05,0.00015999999595806003
-3.228799995697501e-05,0.00011999999696854502
-3.228399995664405e-05,0.00015999999595806003
-3.2279999956313086e-05,0.00015999999595806003
-3.2275999955982124e-05,0.00015999999595806003
-3.227199995565116e-05,0.00011999999696854502
-3.22679999553202e-05,0.00015999999595806003
-3.226399995498924e-05,0.00015999999595806003
-3.225999995465828e-05,0.00015999999595806003
-3.225599995432732e-05,0.00015999999595806003
-3.2251999953996355e-05,0.00015999999595806003
-3.2247999953665394e-05,0.00015999999595806003
-3.224399995333443e-05,0.00015999999595806003
-3.223999995300347e-05,0.00011999999696854502
-3.223599995267251e-05,0.00015999999595806003
-3.223199995234155e-05,0.00015999999595806003
-3.2227999952010586e-05,0.00015999999595806003
-3.2223999951679625e-05,0.00015999999595806003
-3.2219999951348664e-05,0.00015999999595806003
-3.22159999510177e-05,0.00011999999696854502
-3.221199995068674e-05,0.00015999999595806003
-3.220799995035578e-05,0.00015999999595806003
-3.220399995002482e-05,0.00015999999595806003
-3.2199999949693856e-05,0.00015999999595806003
-3.2195999949362895e-05,0.00015999999595806003
-3.219199994903193e-05,0.00015999999595806003
-3.218799994870097e-05,0.00015999999595806003
-3.218399994837001e-05,0.00011999999696854502
-3.217999994803905e-05,0.00015999999595806003
-3.217599994770809e-05,0.00011999999696854502
-3.2171999947377126e-05,0.00015999999595806003
-3.2167999947046164e-05,0.00015999999595806003
-3.21639999467152e-05,0.00015999999595806003
-3.215999994638424e-05,0.00011999999696854502
-3.215599994605328e-05,0.00015999999595806003
-3.215199994572232e-05,0.00015999999595806003
-3.214799994539136e-05,0.00019999999494757503
-3.2143999945060395e-05,0.00015999999595806003
-3.2139999944729434e-05,0.00015999999595806003
-3.213599994439847e-05,0.00011999999696854502
-3.213199994406751e-05,0.00015999999595806003
-3.212799994373655e-05,0.00015999999595806003
-3.212399994340559e-05,0.00015999999595806003
-3.2119999943074626e-05,0.00015999999595806003
-3.2115999942743665e-05,0.00015999999595806003
-3.2111999942412703e-05,0.00015999999595806003
-3.210799994208174e-05,0.00015999999595806003
-3.210399994175078e-05,0.00011999999696854502
-3.209999994141982e-05,0.00015999999595806003
-3.209599994108886e-05,0.00011999999696854502
-3.2091999940757896e-05,0.00015999999595806003
-3.2087999940426935e-05,0.00015999999595806003
-3.208399994009597e-05,0.00015999999595806003
-3.207999993976501e-05,0.00015999999595806003
-3.207599993943405e-05,0.00015999999595806003
-3.207199993910309e-05,0.00015999999595806003
-3.206799993877213e-05,0.00019999999494757503
-3.2063999938441166e-05,0.00015999999595806003
-3.2059999938110204e-05,0.00015999999595806003
-3.205599993777924e-05,0.00011999999696854502
-3.205199993744828e-05,0.00015999999595806003
-3.204799993711732e-05,0.00015999999595806003
-3.204399993678636e-05,0.00011999999696854502
-3.20399999364554e-05,0.00015999999595806003
-3.2035999936124435e-05,0.00015999999595806003
-3.2031999935793474e-05,0.00015999999595806003
-3.202799993546251e-05,0.00019999999494757503
-3.202399993513155e-05,0.00015999999595806003
-3.201999993480059e-05,0.00015999999595806003
-3.201599993446963e-05,0.00015999999595806003
-3.2011999934138666e-05,0.00015999999595806003
-3.2007999933807705e-05,0.00011999999696854502
-3.200399993347674e-05,0.00015999999595806003
-3.199999993314578e-05,0.00011999999696854502
-3.199599993281482e-05,0.00015999999595806003
-3.199199993248386e-05,0.00015999999595806003
-3.19879999321529e-05,0.00015999999595806003
-3.1983999931821936e-05,0.00015999999595806003
-3.1979999931490974e-05,0.00015999999595806003
-3.197599993116001e-05,0.00015999999595806003
-3.197199993082905e-05,0.00015999999595806003
-3.196799993049809e-05,0.00015999999595806003
-3.196399993016713e-05,0.00015999999595806003
-3.195999992983617e-05,0.00015999999595806003
-3.1955999929505206e-05,0.00015999999595806003
-3.1951999929174244e-05,0.00011999999696854502
-3.194799992884328e-05,0.00015999999595806003
-3.194399992851232e-05,0.00015999999595806003
-3.193999992818136e-05,0.00015999999595806003
-3.19359999278504e-05,0.00015999999595806003
-3.193199992751944e-05,0.00015999999595806003
-3.1927999927188475e-05,0.00015999999595806003
-3.1923999926857514e-05,0.00015999999595806003
-3.191999992652655e-05,0.00011999999696854502
-3.191599992619559e-05,0.00015999999595806003
-3.191199992586463e-05,0.00015999999595806003
-3.190799992553367e-05,0.00015999999595806003
-3.1903999925202706e-05,0.00015999999595806003
-3.1899999924871745e-05,0.00015999999595806003
-3.189599992454078e-05,0.00015999999595806003
-3.189199992420982e-05,0.00015999999595806003
-3.188799992387886e-05,0.00011999999696854502
-3.18839999235479e-05,0.00015999999595806003
-3.187999992321694e-05,0.00011999999696854502
-3.1875999922885976e-05,0.00015999999595806003
-3.1871999922555014e-05,0.00015999999595806003
-3.186799992222405e-05,0.00015999999595806003
-3.186399992189309e-05,0.00015999999595806003
-3.185999992156213e-05,0.00015999999595806003
-3.185599992123117e-05,0.00015999999595806003
-3.185199992090021e-05,0.00015999999595806003
-3.1847999920569245e-05,0.00015999999595806003
-3.1843999920238284e-05,0.00015999999595806003
-3.183999991990732e-05,0.00015999999595806003
-3.183599991957636e-05,0.00015999999595806003
-3.18319999192454e-05,0.00015999999595806003
-3.182799991891444e-05,0.00015999999595806003
-3.1823999918583477e-05,0.00015999999595806003
-3.1819999918252515e-05,0.00015999999595806003
-3.1815999917921554e-05,0.00015999999595806003
-3.181199991759059e-05,0.00011999999696854502
-3.180799991725963e-05,0.00011999999696854502
-3.180399991692867e-05,0.00015999999595806003
-3.179999991659771e-05,0.00015999999595806003
-3.1795999916266746e-05,0.00015999999595806003
-3.1791999915935785e-05,0.00015999999595806003
-3.178799991560482e-05,0.00015999999595806003
-3.178399991527386e-05,0.00015999999595806003
-3.17799999149429e-05,0.00015999999595806003
-3.177599991461194e-05,0.00015999999595806003
-3.177199991428098e-05,0.00015999999595806003
-3.1767999913950016e-05,0.00015999999595806003
-3.1763999913619054e-05,0.00015999999595806003
-3.175999991328809e-05,0.00015999999595806003
-3.175599991295713e-05,0.00015999999595806003
-3.175199991262617e-05,0.00015999999595806003
-3.174799991229521e-05,0.00015999999595806003
-3.174399991196425e-05,0.00015999999595806003
-3.1739999911633285e-05,0.00015999999595806003
-3.1735999911302324e-05,0.00015999999595806003
-3.173199991097136e-05,0.00015999999595806003
-3.17279999106404e-05,0.00015999999595806003
-3.172399991030944e-05,0.00015999999595806003
-3.171999990997848e-05,0.00015999999595806003
-3.1715999909647517e-05,0.00015999999595806003
-3.1711999909316555e-05,0.00011999999696854502
-3.1707999908985594e-05,0.00015999999595806003
-3.170399990865463e-05,0.00015999999595806003
-3.169999990832367e-05,0.00015999999595806003
-3.169599990799271e-05,0.00015999999595806003
-3.169199990766175e-05,0.00015999999595806003
-3.1687999907330786e-05,0.00011999999696854502
-3.1683999906999825e-05,0.00015999999595806003
-3.167999990666886e-05,0.00015999999595806003
-3.16759999063379e-05,0.00015999999595806003
-3.167199990600694e-05,0.00015999999595806003
-3.166799990567598e-05,0.00019999999494757503
-3.166399990534502e-05,0.00015999999595806003
-3.1659999905014056e-05,0.00015999999595806003
-3.1655999904683094e-05,0.00015999999595806003
-3.165199990435213e-05,0.00015999999595806003
-3.164799990402117e-05,0.00015999999595806003
-3.164399990369021e-05,0.00015999999595806003
-3.163999990335925e-05,0.00015999999595806003
-3.163599990302829e-05,0.00015999999595806003
-3.1631999902697325e-05,0.00011999999696854502
-3.1627999902366364e-05,0.00015999999595806003
-3.16239999020354e-05,0.00015999999595806003
-3.161999990170444e-05,0.00015999999595806003
-3.161599990137348e-05,0.00015999999595806003
-3.161199990104252e-05,0.00015999999595806003
-3.1607999900711556e-05,0.00015999999595806003
-3.1603999900380595e-05,0.00015999999595806003
-3.1599999900049633e-05,0.00015999999595806003
-3.159599989971867e-05,0.00015999999595806003
-3.159199989938771e-05,0.00015999999595806003
-3.158799989905675e-05,0.00015999999595806003
-3.158399989872579e-05,0.00015999999595806003
-3.1579999898394826e-05,0.00015999999595806003
-3.1575999898063865e-05,0.00015999999595806003
-3.15719998977329e-05,0.00015999999595806003
-3.156799989740194e-05,0.00015999999595806003
-3.156399989707098e-05,0.00011999999696854502
-3.155999989674002e-05,0.00011999999696854502
-3.155599989640906e-05,0.00015999999595806003
-3.1551999896078096e-05,0.00015999999595806003
-3.1547999895747134e-05,0.00015999999595806003
-3.154399989541617e-05,0.00015999999595806003
-3.153999989508521e-05,0.00015999999595806003
-3.153599989475425e-05,0.00011999999696854502
-3.153199989442329e-05,0.00015999999595806003
-3.152799989409233e-05,0.00015999999595806003
-3.1523999893761365e-05,0.00015999999595806003
-3.1519999893430404e-05,0.00015999999595806003
-3.151599989309944e-05,0.00015999999595806003
-3.151199989276848e-05,0.00011999999696854502
-3.150799989243752e-05,0.00015999999595806003
-3.150399989210656e-05,0.00015999999595806003
-3.1499999891775596e-05,0.00015999999595806003
-3.1495999891444635e-05,0.00015999999595806003
-3.1491999891113673e-05,0.00015999999595806003
-3.148799989078271e-05,0.00015999999595806003
-3.148399989045175e-05,0.00015999999595806003
-3.147999989012079e-05,0.00015999999595806003
-3.147599988978983e-05,0.00015999999595806003
-3.1471999889458866e-05,0.00011999999696854502
-3.1467999889127905e-05,0.00015999999595806003
-3.146399988879694e-05,0.00011999999696854502
-3.145999988846598e-05,0.00015999999595806003
-3.145599988813502e-05,0.00015999999595806003
-3.145199988780406e-05,0.00015999999595806003
-3.14479998874731e-05,0.00015999999595806003
-3.1443999887142136e-05,0.00015999999595806003
-3.1439999886811174e-05,0.00015999999595806003
-3.143599988648021e-05,0.00015999999595806003
-3.143199988614925e-05,0.00015999999595806003
-3.142799988581829e-05,0.00015999999595806003
-3.142399988548733e-05,0.00011999999696854502
-3.141999988515637e-05,0.00015999999595806003
-3.1415999884825405e-05,0.00011999999696854502
-3.1411999884494444e-05,0.00015999999595806003
-3.140799988416348e-05,0.00011999999696854502
-3.140399988383252e-05,0.00015999999595806003
-3.139999988350156e-05,0.00015999999595806003
-3.13959998831706e-05,0.00015999999595806003
-3.1391999882839636e-05,0.00011999999696854502
-3.1387999882508675e-05,0.00015999999595806003
-3.138399988217771e-05,0.00015999999595806003
-3.137999988184675e-05,0.00015999999595806003
-3.137599988151579e-05,0.00015999999595806003
-3.137199988118483e-05,0.00015999999595806003
-3.136799988085387e-05,0.00015999999595806003
-3.1363999880522906e-05,0.00015999999595806003
-3.1359999880191944e-05,0.00015999999595806003
-3.135599987986098e-05,0.00015999999595806003
-3.135199987953002e-05,0.00015999999595806003
-3.134799987919906e-05,0.00015999999595806003
-3.13439998788681e-05,0.00011999999696854502
-3.133999987853714e-05,0.00015999999595806003
-3.1335999878206176e-05,0.00011999999696854502
-3.1331999877875214e-05,0.00015999999595806003
-3.132799987754425e-05,0.00015999999595806003
-3.132399987721329e-05,0.00015999999595806003
-3.131999987688233e-05,0.00015999999595806003
-3.131599987655137e-05,0.00015999999595806003
-3.131199987622041e-05,0.00015999999595806003
-3.1307999875889445e-05,0.00015999999595806003
-3.1303999875558484e-05,0.00015999999595806003
-3.129999987522752e-05,0.00015999999595806003
-3.129599987489656e-05,0.00015999999595806003
-3.12919998745656e-05,0.00015999999595806003
-3.128799987423464e-05,0.00015999999595806003
-3.1283999873903676e-05,0.00015999999595806003
-3.1279999873572715e-05,0.00011999999696854502
-3.127599987324175e-05,0.00015999999595806003
-3.127199987291079e-05,0.00015999999595806003
-3.126799987257983e-05,0.00015999999595806003
-3.126399987224887e-05,0.00015999999595806003
-3.125999987191791e-05,0.00015999999595806003
-3.1255999871586946e-05,0.00011999999696854502
-3.1251999871255984e-05,0.00015999999595806003
-3.124799987092502e-05,0.00011999999696854502
-3.124399987059406e-05,0.00015999999595806003
-3.12399998702631e-05,0.00011999999696854502
-3.123599986993214e-05,0.00015999999595806003
-3.123199986960118e-05,0.00015999999595806003
-3.1227999869270215e-05,0.00015999999595806003
-3.1223999868939254e-05,0.00015999999595806003
-3.121999986860829e-05,0.00015999999595806003
-3.121599986827733e-05,0.00015999999595806003
-3.121199986794637e-05,0.00015999999595806003
-3.120799986761541e-05,0.00011999999696854502
-3.1203999867284447e-05,0.00015999999595806003
-3.1199999866953485e-05,0.00011999999696854502
-3.1195999866622524e-05,0.00011999999696854502
-3.119199986629156e-05,0.00015999999595806003
-3.11879998659606e-05,0.00011999999696854502
-3.118399986562964e-05,0.00011999999696854502
-3.117999986529868e-05,0.00015999999595806003
-3.1175999864967716e-05,0.00015999999595806003
-3.1171999864636755e-05,0.00019999999494757503
-3.116799986430579e-05,0.00015999999595806003
-3.116399986397483e-05,0.00015999999595806003
-3.115999986364387e-05,0.00015999999595806003
-3.115599986331291e-05,0.00015999999595806003
-3.115199986298195e-05,0.00011999999696854502
-3.1147999862650986e-05,0.00011999999696854502
-3.1143999862320024e-05,0.00011999999696854502
-3.113999986198906e-05,0.00015999999595806003
-3.11359998616581e-05,0.00015999999595806003
-3.113199986132714e-05,0.00015999999595806003
-3.112799986099618e-05,0.00015999999595806003
-3.112399986066522e-05,0.00015999999595806003
-3.1119999860334255e-05,0.00015999999595806003
-3.1115999860003294e-05,0.00015999999595806003
-3.111199985967233e-05,0.00015999999595806003
-3.110799985934137e-05,0.00015999999595806003
-3.110399985901041e-05,0.00015999999595806003
-3.109999985867945e-05,0.00015999999595806003
-3.1095999858348487e-05,0.00015999999595806003
-3.1091999858017525e-05,0.00015999999595806003
-3.1087999857686564e-05,0.00011999999696854502
-3.10839998573556e-05,0.00015999999595806003
-3.107999985702464e-05,0.00015999999595806003
-3.107599985669368e-05,0.00015999999595806003
-3.107199985636272e-05,0.00011999999696854502
-3.1067999856031756e-05,0.00015999999595806003
-3.1063999855700795e-05,0.00015999999595806003
-3.105999985536983e-05,0.00015999999595806003
-3.105599985503887e-05,0.00015999999595806003
-3.105199985470791e-05,0.00015999999595806003
-3.104799985437695e-05,0.00015999999595806003
-3.104399985404599e-05,0.00015999999595806003
-3.1039999853715026e-05,0.00011999999696854502
-3.1035999853384064e-05,0.00015999999595806003
-3.10319998530531e-05,0.00011999999696854502
-3.102799985272214e-05,0.00015999999595806003
-3.102399985239118e-05,0.00011999999696854502
-3.101999985206022e-05,0.00015999999595806003
-3.101599985172926e-05,0.00015999999595806003
-3.1011999851398295e-05,0.00019999999494757503
-3.1007999851067334e-05,0.00015999999595806003
-3.100399985073637e-05,0.00019999999494757503
-3.099999985040541e-05,0.00015999999595806003
-3.099599985007445e-05,0.00015999999595806003
-3.099199984974349e-05,0.00015999999595806003
-3.0987999849412526e-05,0.00015999999595806003
-3.0983999849081565e-05,0.00011999999696854502
-3.0979999848750603e-05,0.00015999999595806003
-3.097599984841964e-05,0.00011999999696854502
-3.097199984808868e-05,0.00011999999696854502
-3.096799984775772e-05,0.00011999999696854502
-3.096399984742676e-05,0.00015999999595806003
-3.0959999847095796e-05,0.00015999999595806003
-3.0955999846764835e-05,0.00015999999595806003
-3.095199984643387e-05,0.00015999999595806003
-3.094799984610291e-05,0.00015999999595806003
-3.094399984577195e-05,0.00015999999595806003
-3.093999984544099e-05,0.00019999999494757503
-3.093599984511003e-05,0.00015999999595806003
-3.0931999844779066e-05,0.00015999999595806003
-3.0927999844448104e-05,0.00015999999595806003
-3.092399984411714e-05,0.00015999999595806003
-3.091999984378618e-05,0.00015999999595806003
-3.091599984345522e-05,0.00011999999696854502
-3.091199984312426e-05,0.00011999999696854502
-3.09079998427933e-05,0.00011999999696854502
-3.0903999842462335e-05,0.00011999999696854502
-3.0899999842131374e-05,0.00015999999595806003
-3.089599984180041e-05,0.00015999999595806003
-3.089199984146945e-05,0.00015999999595806003
-3.088799984113849e-05,0.00015999999595806003
-3.088399984080753e-05,0.00015999999595806003
-3.0879999840476566e-05,0.00015999999595806003
-3.0875999840145605e-05,0.00019999999494757503
-3.0871999839814643e-05,0.00015999999595806003
-3.086799983948368e-05,0.00015999999595806003
-3.086399983915272e-05,0.00015999999595806003
-3.085999983882176e-05,0.00015999999595806003
-3.08559998384908e-05,0.00011999999696854502
-3.0851999838159836e-05,0.00015999999595806003
-3.0847999837828874e-05,0.00011999999696854502
-3.084399983749791e-05,0.00011999999696854502
-3.083999983716695e-05,0.00011999999696854502
-3.083599983683599e-05,0.00015999999595806003
-3.083199983650503e-05,0.00015999999595806003
-3.082799983617407e-05,0.00019999999494757503
-3.0823999835843106e-05,0.00015999999595806003
-3.0819999835512144e-05,0.00019999999494757503
-3.081599983518118e-05,0.00015999999595806003
-3.081199983485022e-05,0.00015999999595806003
-3.080799983451926e-05,0.00015999999595806003
-3.08039998341883e-05,0.00015999999595806003
-3.079999983385734e-05,0.00011999999696854502
-3.0795999833526375e-05,0.00015999999595806003
-3.0791999833195414e-05,0.00011999999696854502
-3.078799983286445e-05,0.00011999999696854502
-3.078399983253349e-05,0.00011999999696854502
-3.077999983220253e-05,0.00015999999595806003
-3.077599983187157e-05,0.00011999999696854502
-3.0771999831540606e-05,0.00015999999595806003
-3.0767999831209645e-05,0.00011999999696854502
-3.076399983087868e-05,0.00015999999595806003
-3.075999983054772e-05,0.00015999999595806003
-3.075599983021676e-05,0.00015999999595806003
-3.07519998298858e-05,0.00015999999595806003
-3.074799982955484e-05,0.00015999999595806003
-3.0743999829223876e-05,0.00011999999696854502
-3.0739999828892914e-05,0.00015999999595806003
-3.073599982856195e-05,0.00015999999595806003
-3.073199982823099e-05,0.00015999999595806003
-3.072799982790003e-05,0.00015999999595806003
-3.072399982756907e-05,0.00015999999595806003
-3.071999982723811e-05,0.00015999999595806003
-3.0715999826907146e-05,0.00015999999595806003
-3.0711999826576184e-05,0.00015999999595806003
-3.070799982624522e-05,0.00011999999696854502
-3.070399982591426e-05,0.00011999999696854502
-3.06999998255833e-05,0.00015999999595806003
-3.069599982525234e-05,0.00015999999595806003
-3.069199982492138e-05,0.00015999999595806003
-3.0687999824590415e-05,0.00015999999595806003
-3.0683999824259454e-05,0.00015999999595806003
-3.067999982392849e-05,0.00015999999595806003
-3.067599982359753e-05,0.00015999999595806003
-3.067199982326657e-05,0.00015999999595806003
-3.066799982293561e-05,0.00015999999595806003
-3.0663999822604646e-05,0.00015999999595806003
-3.0659999822273685e-05,0.00015999999595806003
-3.065599982194272e-05,0.00011999999696854502
-3.065199982161176e-05,0.00015999999595806003
-3.06479998212808e-05,0.00011999999696854502
-3.064399982094984e-05,0.00015999999595806003
-3.063999982061888e-05,0.00015999999595806003
-3.0635999820287916e-05,0.00015999999595806003
-3.0631999819956954e-05,0.00015999999595806003
-3.062799981962599e-05,0.00015999999595806003
-3.062399981929503e-05,0.00015999999595806003
-3.061999981896407e-05,0.00015999999595806003
-3.061599981863311e-05,0.00015999999595806003
-3.061199981830215e-05,0.00015999999595806003
-3.0607999817971185e-05,0.00015999999595806003
-3.0603999817640224e-05,0.00015999999595806003
-3.059999981730926e-05,0.00015999999595806003
-3.05959998169783e-05,0.00015999999595806003
-3.059199981664734e-05,0.00011999999696854502
-3.058799981631638e-05,0.00015999999595806003
-3.0583999815985417e-05,0.00011999999696854502
-3.0579999815654455e-05,0.00011999999696854502
-3.0575999815323494e-05,0.00015999999595806003
-3.057199981499253e-05,0.00015999999595806003
-3.056799981466157e-05,0.00015999999595806003
-3.056399981433061e-05,0.00019999999494757503
-3.055999981399965e-05,0.00015999999595806003
-3.0555999813668686e-05,0.00015999999595806003
-3.0551999813337725e-05,0.00015999999595806003
-3.054799981300676e-05,0.00015999999595806003
-3.05439998126758e-05,0.00011999999696854502
-3.053999981234484e-05,0.00015999999595806003
-3.053599981201388e-05,0.00011999999696854502
-3.053199981168292e-05,0.00015999999595806003
-3.0527999811351956e-05,0.00015999999595806003
-3.0523999811020994e-05,0.00015999999595806003
-3.051999981069003e-05,0.00015999999595806003
-3.051599981035907e-05,0.00015999999595806003
-3.051199981002811e-05,0.00015999999595806003
-3.050799980969715e-05,0.00015999999595806003
-3.0503999809366187e-05,0.00015999999595806003
-3.0499999809035225e-05,0.00015999999595806003
-3.0495999808704264e-05,0.00015999999595806003
-3.0491999808373302e-05,0.00015999999595806003
-3.048799980804234e-05,0.00015999999595806003
-3.048399980771138e-05,0.00015999999595806003
-3.0479999807380418e-05,0.00011999999696854502
-3.0475999807049456e-05,0.00015999999595806003
-3.0471999806718495e-05,0.00011999999696854502
-3.0467999806387534e-05,0.00015999999595806003
-3.0463999806056572e-05,0.00015999999595806003
-3.045999980572561e-05,0.00015999999595806003
-3.045599980539465e-05,0.00015999999595806003
-3.0451999805063688e-05,0.00015999999595806003
-3.0447999804732726e-05,0.00015999999595806003
-3.0443999804401765e-05,0.00015999999595806003
-3.0439999804070803e-05,0.00015999999595806003
-3.043599980373984e-05,0.00015999999595806003
-3.043199980340888e-05,0.00015999999595806003
-3.042799980307792e-05,0.00015999999595806003
-3.0423999802746957e-05,0.00015999999595806003
-3.0419999802415996e-05,0.00015999999595806003
-3.0415999802085034e-05,0.00011999999696854502
-3.0411999801754073e-05,0.00015999999595806003
-3.040799980142311e-05,0.00011999999696854502
-3.040399980109215e-05,0.00015999999595806003
-3.0399999800761188e-05,0.00011999999696854502
-3.0395999800430227e-05,0.00015999999595806003
-3.0391999800099265e-05,0.00015999999595806003
-3.0387999799768304e-05,0.00015999999595806003
-3.0383999799437342e-05,0.00015999999595806003
-3.037999979910638e-05,0.00015999999595806003
-3.037599979877542e-05,0.00015999999595806003
-3.0371999798444458e-05,0.00015999999595806003
-3.0367999798113496e-05,0.00015999999595806003
-3.0363999797782535e-05,0.00015999999595806003
-3.0359999797451573e-05,0.00015999999595806003
-3.0355999797120612e-05,0.00015999999595806003
-3.035199979678965e-05,0.00011999999696854502
-3.034799979645869e-05,0.00015999999595806003
-3.0343999796127728e-05,0.00011999999696854502
-3.0339999795796766e-05,0.00015999999595806003
-3.0335999795465805e-05,0.00015999999595806003
-3.0331999795134843e-05,0.00015999999595806003
-3.032799979480388e-05,0.00015999999595806003
-3.032399979447292e-05,0.00019999999494757503
-3.031999979414196e-05,0.00015999999595806003
-3.0315999793810997e-05,0.00019999999494757503
-3.0311999793480036e-05,0.00015999999595806003
-3.0307999793149074e-05,0.00015999999595806003
-3.0303999792818113e-05,0.00015999999595806003
-3.029999979248715e-05,0.00011999999696854502
-3.029599979215619e-05,0.00011999999696854502
-3.0291999791825228e-05,0.00011999999696854502
-3.0287999791494267e-05,0.00011999999696854502
-3.0283999791163305e-05,0.00015999999595806003
-3.0279999790832344e-05,0.00011999999696854502
-3.0275999790501382e-05,0.00015999999595806003
-3.027199979017042e-05,0.00015999999595806003
-3.026799978983946e-05,0.00015999999595806003
-3.0263999789508498e-05,0.00015999999595806003
-3.0259999789177536e-05,0.00015999999595806003
-3.0255999788846575e-05,0.00015999999595806003
-3.0251999788515613e-05,0.00015999999595806003
-3.0247999788184652e-05,0.00015999999595806003
-3.024399978785369e-05,0.00015999999595806003
-3.023999978752273e-05,0.00015999999595806003
-3.0235999787191767e-05,0.00015999999595806003
-3.0231999786860806e-05,0.00015999999595806003
-3.0227999786529844e-05,0.00015999999595806003
-3.0223999786198883e-05,0.00015999999595806003
-3.021999978586792e-05,0.00015999999595806003
-3.021599978553696e-05,0.00015999999595806003
-3.0211999785206e-05,0.00015999999595806003
-3.0207999784875037e-05,0.00015999999595806003
-3.0203999784544076e-05,0.00015999999595806003
-3.0199999784213114e-05,0.00015999999595806003
-3.0195999783882153e-05,0.00015999999595806003
-3.019199978355119e-05,0.00015999999595806003
-3.018799978322023e-05,0.00015999999595806003
-3.0183999782889268e-05,0.00015999999595806003
-3.0179999782558307e-05,0.00015999999595806003
-3.0175999782227345e-05,0.00015999999595806003
-3.0171999781896384e-05,0.00015999999595806003
-3.0167999781565422e-05,0.00015999999595806003
-3.016399978123446e-05,0.00015999999595806003
-3.01599997809035e-05,0.00011999999696854502
-3.0155999780572538e-05,0.00015999999595806003
-3.0151999780241576e-05,0.00015999999595806003
-3.0147999779910615e-05,0.00015999999595806003
-3.0143999779579653e-05,0.00011999999696854502
-3.0139999779248692e-05,0.00015999999595806003
-3.013599977891773e-05,0.00015999999595806003
-3.013199977858677e-05,0.00015999999595806003
-3.0127999778255807e-05,0.00015999999595806003
-3.0123999777924846e-05,0.00019999999494757503
-3.0119999777593884e-05,0.00015999999595806003
-3.0115999777262923e-05,0.00015999999595806003
-3.011199977693196e-05,0.00015999999595806003
-3.0107999776601e-05,0.00015999999595806003
-3.010399977627004e-05,0.00015999999595806003
-3.0099999775939077e-05,0.00011999999696854502
-3.0095999775608116e-05,0.00011999999696854502
-3.0091999775277154e-05,0.00015999999595806003
-3.0087999774946193e-05,0.00015999999595806003
-3.008399977461523e-05,0.00015999999595806003
-3.007999977428427e-05,0.00015999999595806003
-3.0075999773953308e-05,0.00015999999595806003
-3.0071999773622347e-05,0.00015999999595806003
-3.0067999773291385e-05,0.00015999999595806003
-3.0063999772960424e-05,0.00015999999595806003
-3.0059999772629462e-05,0.00015999999595806003
-3.00559997722985e-05,0.00011999999696854502
-3.005199977196754e-05,0.00011999999696854502
-3.0047999771636578e-05,0.00011999999696854502
-3.0043999771305616e-05,0.00015999999595806003
-3.0039999770974655e-05,0.00015999999595806003
-3.0035999770643693e-05,0.00015999999595806003
-3.0031999770312732e-05,0.00015999999595806003
-3.002799976998177e-05,0.00015999999595806003
-3.002399976965081e-05,0.00015999999595806003
-3.0019999769319847e-05,0.00015999999595806003
-3.0015999768988886e-05,0.00015999999595806003
-3.0011999768657924e-05,0.00015999999595806003
-3.0007999768326963e-05,0.00015999999595806003
-3.0003999767996e-05,0.00015999999595806003
-2.999999976766504e-05,0.00015999999595806003
-2.999599976733408e-05,0.00015999999595806003
-2.9991999767003117e-05,0.00015999999595806003
-2.9987999766672155e-05,0.00015999999595806003
-2.9983999766341194e-05,0.00015999999595806003
-2.9979999766010232e-05,0.00015999999595806003
-2.997599976567927e-05,0.00015999999595806003
-2.997199976534831e-05,0.00015999999595806003
-2.9967999765017348e-05,0.00015999999595806003
-2.9963999764686387e-05,0.00015999999595806003
-2.9959999764355425e-05,0.00015999999595806003
-2.9955999764024464e-05,0.00015999999595806003
-2.9951999763693502e-05,0.00015999999595806003
-2.994799976336254e-05,0.00015999999595806003
-2.994399976303158e-05,0.00015999999595806003
-2.9939999762700618e-05,0.00015999999595806003
-2.9935999762369656e-05,0.00011999999696854502
-2.9931999762038695e-05,0.00015999999595806003
-2.9927999761707733e-05,0.00011999999696854502
-2.9923999761376772e-05,0.00015999999595806003
-2.991999976104581e-05,0.00015999999595806003
-2.991599976071485e-05,0.00019999999494757503
-2.9911999760383887e-05,0.00015999999595806003
-2.9907999760052926e-05,0.00019999999494757503
-2.9903999759721964e-05,0.00015999999595806003
-2.9899999759391003e-05,0.00015999999595806003
-2.989599975906004e-05,0.00015999999595806003
-2.989199975872908e-05,0.00015999999595806003
-2.988799975839812e-05,0.00015999999595806003
-2.9883999758067157e-05,0.00015999999595806003
-2.9879999757736195e-05,0.00015999999595806003
-2.9875999757405234e-05,0.00015999999595806003
-2.9871999757074272e-05,0.00015999999595806003
-2.986799975674331e-05,0.00015999999595806003
-2.986399975641235e-05,0.00015999999595806003
-2.9859999756081388e-05,0.00015999999595806003
-2.9855999755750426e-05,0.00015999999595806003
-2.9851999755419465e-05,0.00015999999595806003
-2.9847999755088504e-05,0.00015999999595806003
-2.9843999754757542e-05,0.00015999999595806003
-2.983999975442658e-05,0.00015999999595806003
-2.983599975409562e-05,0.00015999999595806003
-2.9831999753764658e-05,0.00015999999595806003
-2.9827999753433696e-05,0.00015999999595806003
-2.9823999753102735e-05,0.00015999999595806003
-2.9819999752771773e-05,0.00015999999595806003
-2.981599975244081e-05,0.00015999999595806003
-2.981199975210985e-05,0.00015999999595806003
-2.980799975177889e-05,0.00011999999696854502
-2.9803999751447927e-05,0.00015999999595806003
-2.9799999751116966e-05,0.00015999999595806003
-2.9795999750786004e-05,0.00015999999595806003
-2.9791999750455043e-05,0.00015999999595806003
-2.978799975012408e-05,0.00015999999595806003
-2.978399974979312e-05,0.00015999999595806003
-2.9779999749462158e-05,0.00015999999595806003
-2.9775999749131197e-05,0.00015999999595806003
-2.9771999748800235e-05,0.00015999999595806003
-2.9767999748469274e-05,0.00011999999696854502
-2.9763999748138312e-05,0.00015999999595806003
-2.975999974780735e-05,0.00015999999595806003
-2.975599974747639e-05,0.00015999999595806003
-2.9751999747145428e-05,0.00015999999595806003
-2.9747999746814466e-05,0.00015999999595806003
-2.9743999746483505e-05,0.00015999999595806003
-2.9739999746152543e-05,0.00015999999595806003
-2.9735999745821582e-05,0.00011999999696854502
-2.973199974549062e-05,0.00015999999595806003
-2.972799974515966e-05,0.00011999999696854502
-2.9723999744828697e-05,0.00015999999595806003
-2.9719999744497736e-05,0.00015999999595806003
-2.9715999744166775e-05,0.00015999999595806003
-2.9711999743835813e-05,0.00015999999595806003
-2.970799974350485e-05,0.00015999999595806003
-2.970399974317389e-05,0.00015999999595806003
-2.969999974284293e-05,0.00015999999595806003
-2.9695999742511967e-05,0.00015999999595806003
-2.9691999742181006e-05,0.00015999999595806003
-2.9687999741850044e-05,0.00015999999595806003
-2.9683999741519083e-05,0.00015999999595806003
-2.967999974118812e-05,0.00011999999696854502
-2.967599974085716e-05,0.00015999999595806003
-2.9671999740526198e-05,0.00015999999595806003
-2.9667999740195237e-05,0.00015999999595806003
-2.9663999739864275e-05,0.00015999999595806003
-2.9659999739533314e-05,0.00015999999595806003
-2.9655999739202352e-05,0.00015999999595806003
-2.965199973887139e-05,0.00015999999595806003
-2.964799973854043e-05,0.00015999999595806003
-2.9643999738209468e-05,0.00015999999595806003
-2.9639999737878506e-05,0.00015999999595806003
-2.9635999737547545e-05,0.00015999999595806003
-2.9631999737216583e-05,0.00015999999595806003
-2.9627999736885622e-05,0.00015999999595806003
-2.962399973655466e-05,0.00015999999595806003
-2.96199997362237e-05,0.00015999999595806003
-2.9615999735892737e-05,0.00015999999595806003
-2.9611999735561776e-05,0.00015999999595806003
-2.9607999735230814e-05,0.00015999999595806003
-2.9603999734899853e-05,0.00015999999595806003
-2.959999973456889e-05,0.00015999999595806003
-2.959599973423793e-05,0.00015999999595806003
-2.959199973390697e-05,0.00015999999595806003
-2.9587999733576007e-05,0.00015999999595806003
-2.9583999733245046e-05,0.00015999999595806003
-2.9579999732914084e-05,0.00015999999595806003
-2.9575999732583123e-05,0.00011999999696854502
-2.957199973225216e-05,0.00015999999595806003
-2.95679997319212e-05,0.00015999999595806003
-2.9563999731590238e-05,0.00015999999595806003
-2.9559999731259277e-05,0.00015999999595806003
-2.9555999730928315e-05,0.00015999999595806003
-2.9551999730597354e-05,0.00015999999595806003
-2.9547999730266392e-05,0.00015999999595806003
-2.954399972993543e-05,0.00015999999595806003
-2.953999972960447e-05,0.00015999999595806003
-2.9535999729273508e-05,0.00015999999595806003
-2.9531999728942546e-05,0.00015999999595806003
-2.9527999728611585e-05,0.00015999999595806003
-2.9523999728280623e-05,0.00015999999595806003
-2.9519999727949662e-05,0.00015999999595806003
-2.95159997276187e-05,0.00015999999595806003
-2.951199972728774e-05,0.00015999999595806003
-2.9507999726956777e-05,0.00015999999595806003
-2.9503999726625816e-05,0.00011999999696854502
-2.9499999726294854e-05,0.00015999999595806003
-2.9495999725963893e-05,0.00015999999595806003
-2.949199972563293e-05,0.00015999999595806003
-2.948799972530197e-05,0.00015999999595806003
-2.948399972497101e-05,0.00015999999595806003
-2.9479999724640047e-05,0.00015999999595806003
-2.9475999724309085e-05,0.00015999999595806003
-2.9471999723978124e-05,0.00015999999595806003
-2.9467999723647163e-05,0.00015999999595806003
-2.94639997233162e-05,0.00011999999696854502
-2.945999972298524e-05,0.00015999999595806003
-2.9455999722654278e-05,0.00015999999595806003
-2.9451999722323317e-05,0.00015999999595806003
-2.9447999721992355e-05,0.00015999999595806003
-2.9443999721661394e-05,0.00015999999595806003
-2.9439999721330432e-05,0.00015999999595806003
-2.943599972099947e-05,0.00015999999595806003
-2.943199972066851e-05,0.00015999999595806003
-2.9427999720337548e-05,0.00015999999595806003
-2.9423999720006586e-05,0.00015999999595806003
-2.9419999719675625e-05,0.00015999999595806003
-2.9415999719344663e-05,0.00015999999595806003
-2.9411999719013702e-05,0.00015999999595806003
-2.940799971868274e-05,0.00015999999595806003
-2.940399971835178e-05,0.00015999999595806003
-2.9399999718020817e-05,0.00015999999595806003
-2.9395999717689856e-05,0.00015999999595806003
-2.9391999717358894e-05,0.00015999999595806003
-2.9387999717027933e-05,0.00015999999595806003
-2.938399971669697e-05,0.00015999999595806003
-2.937999971636601e-05,0.00015999999595806003
-2.937599971603505e-05,0.00015999999595806003
-2.9371999715704087e-05,0.00015999999595806003
-2.9367999715373125e-05,0.00015999999595806003
-2.9363999715042164e-05,0.00015999999595806003
-2.9359999714711202e-05,0.00015999999595806003
-2.935599971438024e-05,0.00015999999595806003
-2.935199971404928e-05,0.00015999999595806003
-2.9347999713718318e-05,0.00015999999595806003
-2.9343999713387357e-05,0.00015999999595806003
-2.9339999713056395e-05,0.00015999999595806003
-2.9335999712725434e-05,0.00015999999595806003
-2.9331999712394472e-05,0.00011999999696854502
-2.932799971206351e-05,0.00011999999696854502
-2.932399971173255e-05,0.00015999999595806003
-2.9319999711401588e-05,0.00015999999595806003
-2.9315999711070626e-05,0.00015999999595806003
-2.9311999710739665e-05,0.00015999999595806003
-2.9307999710408703e-05,0.00015999999595806003
-2.930399971007774e-05,0.00015999999595806003
-2.929999970974678e-05,0.00019999999494757503
-2.929599970941582e-05,0.00015999999595806003
-2.9291999709084857e-05,0.00015999999595806003
-2.9287999708753896e-05,0.00015999999595806003
-2.9283999708422934e-05,0.00015999999595806003
-2.9279999708091973e-05,0.00011999999696854502
-2.927599970776101e-05,0.00015999999595806003
-2.927199970743005e-05,0.00015999999595806003
-2.926799970709909e-05,0.00015999999595806003
-2.9263999706768127e-05,0.00015999999595806003
-2.9259999706437165e-05,0.00015999999595806003
-2.9255999706106204e-05,0.00015999999595806003
-2.9251999705775242e-05,0.00015999999595806003
-2.924799970544428e-05,0.00015999999595806003
-2.924399970511332e-05,0.00015999999595806003
-2.9239999704782358e-05,0.00015999999595806003
-2.9235999704451396e-05,0.00015999999595806003
-2.9231999704120435e-05,0.00015999999595806003
-2.9227999703789473e-05,0.00015999999595806003
-2.9223999703458512e-05,0.00015999999595806003
-2.921999970312755e-05,0.00015999999595806003
-2.921599970279659e-05,0.00015999999595806003
-2.9211999702465628e-05,0.00015999999595806003
-2.9207999702134666e-05,0.00011999999696854502
-2.9203999701803705e-05,0.00015999999595806003
-2.9199999701472743e-05,0.00015999999595806003
-2.919599970114178e-05,0.00015999999595806003
-2.919199970081082e-05,0.00015999999595806003
-2.918799970047986e-05,0.00015999999595806003
-2.9183999700148897e-05,0.00011999999696854502
-2.9179999699817936e-05,0.00015999999595806003
-2.9175999699486974e-05,0.00015999999595806003
-2.9171999699156013e-05,0.00015999999595806003
-2.916799969882505e-05,0.00015999999595806003
-2.916399969849409e-05,0.00015999999595806003
-2.9159999698163128e-05,0.00011999999696854502
-2.9155999697832167e-05,0.00015999999595806003
-2.9151999697501205e-05,0.00015999999595806003
-2.9147999697170244e-05,0.00015999999595806003
-2.9143999696839282e-05,0.00015999999595806003
-2.913999969650832e-05,0.00015999999595806003
-2.913599969617736e-05,0.00015999999595806003
-2.9131999695846398e-05,0.00015999999595806003
-2.9127999695515436e-05,0.00015999999595806003
-2.9123999695184475e-05,0.00015999999595806003
-2.9119999694853513e-05,0.00015999999595806003
-2.9115999694522552e-05,0.00015999999595806003
-2.911199969419159e-05,0.00015999999595806003
-2.910799969386063e-05,0.00015999999595806003
-2.9103999693529667e-05,0.00015999999595806003
-2.9099999693198706e-05,0.00015999999595806003
-2.9095999692867745e-05,0.00015999999595806003
-2.9091999692536783e-05,0.00015999999595806003
-2.908799969220582e-05,0.00015999999595806003
-2.908399969187486e-05,0.00015999999595806003
-2.90799996915439e-05,0.00015999999595806003
-2.9075999691212937e-05,0.00015999999595806003
-2.9071999690881976e-05,0.00015999999595806003
-2.9067999690551014e-05,0.00015999999595806003
-2.9063999690220053e-05,0.00015999999595806003
-2.905999968988909e-05,0.00015999999595806003
-2.905599968955813e-05,0.00015999999595806003
-2.9051999689227168e-05,0.00015999999595806003
-2.9047999688896207e-05,0.00015999999595806003
-2.9043999688565245e-05,0.00015999999595806003
-2.9039999688234284e-05,0.00015999999595806003
-2.9035999687903322e-05,0.00015999999595806003
-2.903199968757236e-05,0.00015999999595806003
-2.90279996872414e-05,0.00015999999595806003
-2.9023999686910438e-05,0.00015999999595806003
-2.9019999686579476e-05,0.00015999999595806003
-2.9015999686248515e-05,0.00015999999595806003
-2.9011999685917553e-05,0.00015999999595806003
-2.9007999685586592e-05,0.00015999999595806003
-2.900399968525563e-05,0.00015999999595806003
-2.899999968492467e-05,0.00015999999595806003
-2.8995999684593707e-05,0.00015999999595806003
-2.8991999684262746e-05,0.00011999999696854502
-2.8987999683931784e-05,0.00015999999595806003
-2.8983999683600823e-05,0.00011999999696854502
-2.897999968326986e-05,0.00015999999595806003
-2.89759996829389e-05,0.00015999999595806003
-2.897199968260794e-05,0.00015999999595806003
-2.8967999682276977e-05,0.00015999999595806003
-2.8963999681946016e-05,0.00015999999595806003
-2.8959999681615054e-05,0.00011999999696854502
-2.8955999681284093e-05,0.00015999999595806003
-2.895199968095313e-05,0.00015999999595806003
-2.894799968062217e-05,0.00015999999595806003
-2.8943999680291208e-05,0.00015999999595806003
-2.8939999679960247e-05,0.00015999999595806003
-2.8935999679629285e-05,0.00015999999595806003
-2.8931999679298324e-05,0.00015999999595806003
-2.8927999678967362e-05,0.00011999999696854502
-2.89239996786364e-05,0.00015999999595806003
-2.891999967830544e-05,0.00011999999696854502
-2.8915999677974478e-05,0.00015999999595806003
-2.8911999677643516e-05,0.00011999999696854502
-2.8907999677312555e-05,0.00015999999595806003
-2.8903999676981593e-05,0.00015999999595806003
-2.8899999676650632e-05,0.00015999999595806003
-2.889599967631967e-05,0.00015999999595806003
-2.889199967598871e-05,0.00015999999595806003
-2.8887999675657747e-05,0.00015999999595806003
-2.8883999675326786e-05,0.00015999999595806003
-2.8879999674995824e-05,0.00015999999595806003
-2.8875999674664863e-05,0.00015999999595806003
-2.88719996743339e-05,0.00015999999595806003
-2.886799967400294e-05,0.00015999999595806003
-2.886399967367198e-05,0.00015999999595806003
-2.8859999673341017e-05,0.00015999999595806003
-2.8855999673010055e-05,0.00015999999595806003
-2.8851999672679094e-05,0.00015999999595806003
-2.8847999672348133e-05,0.00015999999595806003
-2.884399967201717e-05,0.00015999999595806003
-2.883999967168621e-05,0.00015999999595806003
-2.8835999671355248e-05,0.00015999999595806003
-2.8831999671024287e-05,0.00011999999696854502
-2.8827999670693325e-05,0.00015999999595806003
-2.8823999670362364e-05,0.00015999999595806003
-2.8819999670031402e-05,0.00015999999595806003
-2.881599966970044e-05,0.00015999999595806003
-2.881199966936948e-05,0.00019999999494757503
-2.8807999669038518e-05,0.00015999999595806003
-2.8803999668707556e-05,0.00015999999595806003
-2.8799999668376595e-05,0.00015999999595806003
-2.8795999668045633e-05,0.00015999999595806003
-2.8791999667714672e-05,0.00015999999595806003
-2.878799966738371e-05,0.00015999999595806003
-2.878399966705275e-05,0.00015999999595806003
-2.8779999666721787e-05,0.00015999999595806003
-2.8775999666390826e-05,0.00015999999595806003
-2.8771999666059864e-05,0.00015999999595806003
-2.8767999665728903e-05,0.00015999999595806003
-2.876399966539794e-05,0.00015999999595806003
-2.875999966506698e-05,0.00015999999595806003
-2.875599966473602e-05,0.00015999999595806003
-2.8751999664405057e-05,0.00015999999595806003
-2.8747999664074095e-05,0.00015999999595806003
-2.8743999663743134e-05,0.00011999999696854502
-2.8739999663412172e-05,0.00015999999595806003
-2.873599966308121e-05,0.00015999999595806003
-2.873199966275025e-05,0.00015999999595806003
-2.8727999662419288e-05,0.00015999999595806003
-2.8723999662088326e-05,0.00015999999595806003
-2.8719999661757365e-05,0.00015999999595806003
-2.8715999661426404e-05,0.00015999999595806003
-2.8711999661095442e-05,0.00015999999595806003
-2.870799966076448e-05,0.00015999999595806003
-2.870399966043352e-05,0.00015999999595806003
-2.8699999660102558e-05,0.00015999999595806003
-2.8695999659771596e-05,0.00015999999595806003
-2.8691999659440635e-05,0.00015999999595806003
-2.8687999659109673e-05,0.00015999999595806003
-2.868399965877871e-05,0.00019999999494757503
-2.867999965844775e-05,0.00015999999595806003
-2.867599965811679e-05,0.00015999999595806003
-2.8671999657785827e-05,0.00015999999595806003
-2.8667999657454866e-05,0.00015999999595806003
-2.8663999657123904e-05,0.00015999999595806003
-2.8659999656792943e-05,0.00015999999595806003
-2.865599965646198e-05,0.00015999999595806003
-2.865199965613102e-05,0.00015999999595806003
-2.8647999655800058e-05,0.00015999999595806003
-2.8643999655469097e-05,0.00015999999595806003
-2.8639999655138135e-05,0.00015999999595806003
-2.8635999654807174e-05,0.00015999999595806003
-2.8631999654476212e-05,0.00011999999696854502
-2.862799965414525e-05,0.00015999999595806003
-2.862399965381429e-05,0.00011999999696854502
-2.8619999653483328e-05,0.00015999999595806003
-2.8615999653152366e-05,0.00015999999595806003
-2.8611999652821405e-05,0.00015999999595806003
-2.8607999652490443e-05,0.00015999999595806003
-2.8603999652159482e-05,0.00015999999595806003
-2.859999965182852e-05,0.00011999999696854502
-2.859599965149756e-05,0.00015999999595806003
-2.8591999651166598e-05,0.00011999999696854502
-2.8587999650835636e-05,0.00015999999595806003
-2.8583999650504675e-05,0.00015999999595806003
-2.8579999650173713e-05,0.00015999999595806003
-2.857599964984275e-05,0.00015999999595806003
-2.857199964951179e-05,0.00015999999595806003
-2.856799964918083e-05,0.00015999999595806003
-2.8563999648849867e-05,0.00015999999595806003
-2.8559999648518906e-05,0.00015999999595806003
-2.8555999648187944e-05,0.00015999999595806003
-2.8551999647856983e-05,0.00015999999595806003
-2.854799964752602e-05,0.00015999999595806003
-2.854399964719506e-05,0.00015999999595806003
-2.8539999646864098e-05,0.00015999999595806003
-2.8535999646533137e-05,0.00015999999595806003
-2.8531999646202175e-05,0.00015999999595806003
-2.8527999645871214e-05,0.00015999999595806003
-2.8523999645540252e-05,0.00015999999595806003
-2.851999964520929e-05,0.00015999999595806003
-2.851599964487833e-05,0.00015999999595806003
-2.8511999644547368e-05,0.00015999999595806003
-2.8507999644216406e-05,0.00015999999595806003
-2.8503999643885445e-05,0.00011999999696854502
-2.8499999643554483e-05,0.00015999999595806003
-2.8495999643223522e-05,0.00015999999595806003
-2.849199964289256e-05,0.00015999999595806003
-2.84879996425616e-05,0.00015999999595806003
-2.8483999642230637e-05,0.00015999999595806003
-2.8479999641899676e-05,0.00015999999595806003
-2.8475999641568714e-05,0.00015999999595806003
-2.8471999641237753e-05,0.00015999999595806003
-2.846799964090679e-05,0.00015999999595806003
-2.846399964057583e-05,0.00015999999595806003
-2.845999964024487e-05,0.00015999999595806003
-2.8455999639913907e-05,0.00015999999595806003
-2.8451999639582946e-05,0.00015999999595806003
-2.8447999639251984e-05,0.00015999999595806003
-2.8443999638921023e-05,0.00015999999595806003
-2.843999963859006e-05,0.00015999999595806003
-2.84359996382591e-05,0.00015999999595806003
-2.8431999637928138e-05,0.00015999999595806003
-2.8427999637597177e-05,0.00015999999595806003
-2.8423999637266215e-05,0.00015999999595806003
-2.8419999636935254e-05,0.00015999999595806003
-2.8415999636604292e-05,0.00015999999595806003
-2.841199963627333e-05,0.00015999999595806003
-2.840799963594237e-05,0.00015999999595806003
-2.8403999635611408e-05,0.00015999999595806003
-2.8399999635280446e-05,0.00015999999595806003
-2.8395999634949485e-05,0.00015999999595806003
-2.8391999634618523e-05,0.00011999999696854502
-2.8387999634287562e-05,0.00015999999595806003
-2.83839996339566e-05,0.00015999999595806003
-2.837999963362564e-05,0.00015999999595806003
-2.8375999633294677e-05,0.00015999999595806003
-2.8371999632963716e-05,0.00015999999595806003
-2.8367999632632754e-05,0.00015999999595806003
-2.8363999632301793e-05,0.00015999999595806003
-2.835999963197083e-05,0.00015999999595806003
-2.835599963163987e-05,0.00015999999595806003
-2.835199963130891e-05,0.00015999999595806003
-2.8347999630977947e-05,0.00015999999595806003
-2.8343999630646986e-05,0.00011999999696854502
-2.8339999630316024e-05,0.00015999999595806003
-2.8335999629985063e-05,0.00015999999595806003
-2.83319996296541e-05,0.00015999999595806003
-2.832799962932314e-05,0.00015999999595806003
-2.8323999628992178e-05,0.00015999999595806003
-2.8319999628661217e-05,0.00015999999595806003
-2.8315999628330255e-05,0.00015999999595806003
-2.8311999627999294e-05,0.00015999999595806003
-2.8307999627668332e-05,0.00015999999595806003
-2.830399962733737e-05,0.00015999999595806003
-2.829999962700641e-05,0.00015999999595806003
-2.8295999626675448e-05,0.00015999999595806003
-2.8291999626344486e-05,0.00015999999595806003
-2.8287999626013525e-05,0.00015999999595806003
-2.8283999625682563e-05,0.00015999999595806003
-2.8279999625351602e-05,0.00011999999696854502
-2.827599962502064e-05,0.00015999999595806003
-2.827199962468968e-05,0.00011999999696854502
-2.8267999624358717e-05,0.00011999999696854502
-2.8263999624027756e-05,0.00011999999696854502
-2.8259999623696794e-05,0.00011999999696854502
-2.8255999623365833e-05,0.00011999999696854502
-2.825199962303487e-05,0.00015999999595806003
-2.824799962270391e-05,0.00015999999595806003
-2.824399962237295e-05,0.00015999999595806003
-2.8239999622041987e-05,0.00015999999595806003
-2.8235999621711025e-05,0.00015999999595806003
-2.8231999621380064e-05,0.00015999999595806003
-2.8227999621049102e-05,0.00019999999494757503
-2.822399962071814e-05,0.00015999999595806003
-2.821999962038718e-05,0.00015999999595806003
-2.8215999620056218e-05,0.00011999999696854502
-2.8211999619725257e-05,0.00011999999696854502
-2.8207999619394295e-05,0.00011999999696854502
-2.8203999619063334e-05,0.00015999999595806003
-2.8199999618732372e-05,0.00015999999595806003
-2.819599961840141e-05,0.00015999999595806003
-2.819199961807045e-05,0.00015999999595806003
-2.8187999617739488e-05,0.00015999999595806003
-2.8183999617408526e-05,0.00015999999595806003
-2.8179999617077565e-05,0.00019999999494757503
-2.8175999616746603e-05,0.00015999999595806003
-2.8171999616415642e-05,0.00019999999494757503
-2.816799961608468e-05,0.00015999999595806003
-2.816399961575372e-05,0.00019999999494757503
-2.8159999615422757e-05,0.00015999999595806003
-2.8155999615091796e-05,0.00015999999595806003
-2.8151999614760834e-05,0.00011999999696854502
-2.8147999614429873e-05,0.00015999999595806003
-2.814399961409891e-05,0.00011999999696854502
-2.813999961376795e-05,0.00015999999595806003
-2.813599961343699e-05,0.00011999999696854502
-2.8131999613106027e-05,0.00015999999595806003
-2.8127999612775065e-05,0.00015999999595806003
-2.8123999612444104e-05,0.00015999999595806003
-2.8119999612113142e-05,0.00015999999595806003
-2.811599961178218e-05,0.00015999999595806003
-2.811199961145122e-05,0.00015999999595806003
-2.8107999611120258e-05,0.00015999999595806003
-2.8103999610789296e-05,0.00015999999595806003
-2.8099999610458335e-05,0.00015999999595806003
-2.8095999610127374e-05,0.00015999999595806003
-2.8091999609796412e-05,0.00015999999595806003
-2.808799960946545e-05,0.00011999999696854502
-2.808399960913449e-05,0.00015999999595806003
-2.8079999608803528e-05,0.00011999999696854502
-2.8075999608472566e-05,0.00015999999595806003
-2.8071999608141605e-05,0.00015999999595806003
-2.8067999607810643e-05,0.00015999999595806003
-2.806399960747968e-05,0.00015999999595806003
-2.805999960714872e-05,0.00015999999595806003
-2.805599960681776e-05,0.00015999999595806003
-2.8051999606486797e-05,0.00015999999595806003
-2.8047999606155836e-05,0.00015999999595806003
-2.8043999605824874e-05,0.00015999999595806003
-2.8039999605493913e-05,0.00015999999595806003
-2.803599960516295e-05,0.00015999999595806003
-2.803199960483199e-05,0.00015999999595806003
-2.8027999604501028e-05,0.00015999999595806003
-2.8023999604170067e-05,0.00015999999595806003
-2.8019999603839105e-05,0.00015999999595806003
-2.8015999603508144e-05,0.00015999999595806003
-2.8011999603177182e-05,0.00015999999595806003
-2.800799960284622e-05,0.00011999999696854502
-2.800399960251526e-05,0.00015999999595806003
-2.7999999602184298e-05,0.00015999999595806003
-2.7995999601853336e-05,0.00015999999595806003
-2.7991999601522375e-05,0.00015999999595806003
-2.7987999601191413e-05,0.00019999999494757503
-2.7983999600860452e-05,0.00015999999595806003
-2.797999960052949e-05,0.00015999999595806003
-2.797599960019853e-05,0.00015999999595806003
-2.7971999599867568e-05,0.00015999999595806003
-2.7967999599536606e-05,0.00015999999595806003
-2.7963999599205645e-05,0.00015999999595806003
-2.7959999598874683e-05,0.00011999999696854502
-2.795599959854372e-05,0.00015999999595806003
-2.795199959821276e-05,0.00015999999595806003
-2.79479995978818e-05,0.00015999999595806003
-2.7943999597550837e-05,0.00015999999595806003
-2.7939999597219876e-05,0.00015999999595806003
-2.7935999596888914e-05,0.00015999999595806003
-2.7931999596557953e-05,0.00015999999595806003
-2.792799959622699e-05,0.00015999999595806003
-2.792399959589603e-05,0.00015999999595806003
-2.7919999595565068e-05,0.00015999999595806003
-2.7915999595234107e-05,0.00015999999595806003
-2.7911999594903145e-05,0.00015999999595806003
-2.7907999594572184e-05,0.00015999999595806003
-2.7903999594241222e-05,0.00015999999595806003
-2.789999959391026e-05,0.00015999999595806003
-2.78959995935793e-05,0.00015999999595806003
-2.7891999593248338e-05,0.00015999999595806003
-2.7887999592917376e-05,0.00015999999595806003
-2.7883999592586415e-05,0.00015999999595806003
-2.7879999592255453e-05,0.00015999999595806003
-2.7875999591924492e-05,0.00015999999595806003
-2.787199959159353e-05,0.00011999999696854502
-2.786799959126257e-05,0.00015999999595806003
-2.7863999590931607e-05,0.00011999999696854502
-2.7859999590600646e-05,0.00015999999595806003
-2.7855999590269684e-05,0.00015999999595806003
-2.7851999589938723e-05,0.00015999999595806003
-2.784799958960776e-05,0.00015999999595806003
-2.78439995892768e-05,0.00019999999494757503
-2.783999958894584e-05,0.00015999999595806003
-2.7835999588614877e-05,0.00019999999494757503
-2.7831999588283916e-05,0.00015999999595806003
-2.7827999587952954e-05,0.00015999999595806003
-2.7823999587621993e-05,0.00015999999595806003
-2.781999958729103e-05,0.00015999999595806003
-2.781599958696007e-05,0.00011999999696854502
-2.7811999586629108e-05,0.00015999999595806003
-2.7807999586298147e-05,0.00011999999696854502
-2.7803999585967185e-05,0.00015999999595806003
-2.7799999585636224e-05,0.00011999999696854502
-2.7795999585305262e-05,0.00015999999595806003
-2.77919995849743e-05,0.00015999999595806003
-2.778799958464334e-05,0.00015999999595806003
-2.7783999584312378e-05,0.00015999999595806003
-2.7779999583981416e-05,0.00019999999494757503
-2.7775999583650455e-05,0.00015999999595806003
-2.7771999583319493e-05,0.00019999999494757503
-2.7767999582988532e-05,0.00015999999595806003
-2.776399958265757e-05,0.00019999999494757503
-2.775999958232661e-05,0.00011999999696854502
-2.7755999581995647e-05,0.00015999999595806003
-2.7751999581664686e-05,0.00011999999696854502
-2.7747999581333724e-05,0.00011999999696854502
-2.7743999581002763e-05,0.00011999999696854502
-2.77399995806718e-05,0.00011999999696854502
-2.773599958034084e-05,0.00011999999696854502
-2.773199958000988e-05,0.00015999999595806003
-2.7727999579678917e-05,0.00011999999696854502
-2.7723999579347955e-05,0.00015999999595806003
-2.7719999579016994e-05,0.00015999999595806003
-2.7715999578686033e-05,0.00019999999494757503
-2.771199957835507e-05,0.00015999999595806003
-2.770799957802411e-05,0.00015999999595806003
-2.7703999577693148e-05,0.00015999999595806003
-2.7699999577362187e-05,0.00015999999595806003
-2.7695999577031225e-05,0.00015999999595806003
-2.7691999576700264e-05,0.00015999999595806003
-2.7687999576369302e-05,0.00011999999696854502
-2.768399957603834e-05,0.00011999999696854502
-2.767999957570738e-05,0.00011999999696854502
-2.7675999575376418e-05,0.00015999999595806003
-2.7671999575045456e-05,0.00011999999696854502
-2.7667999574714495e-05,0.00015999999595806003
-2.7663999574383533e-05,0.00011999999696854502
-2.7659999574052572e-05,0.00015999999595806003
-2.765599957372161e-05,0.00015999999595806003
-2.765199957339065e-05,0.00015999999595806003
-2.7647999573059687e-05,0.00015999999595806003
-2.7643999572728726e-05,0.00015999999595806003
-2.7639999572397764e-05,0.00015999999595806003
-2.7635999572066803e-05,0.00015999999595806003
-2.763199957173584e-05,0.00015999999595806003
-2.762799957140488e-05,0.00015999999595806003
-2.762399957107392e-05,0.00011999999696854502
-2.7619999570742957e-05,0.00015999999595806003
-2.7615999570411995e-05,0.00011999999696854502
-2.7611999570081034e-05,0.00011999999696854502
-2.7607999569750072e-05,0.00011999999696854502
-2.760399956941911e-05,0.00015999999595806003
-2.759999956908815e-05,0.00011999999696854502
-2.7595999568757188e-05,0.00015999999595806003
-2.7591999568426227e-05,0.00015999999595806003
-2.7587999568095265e-05,0.00019999999494757503
-2.7583999567764304e-05,0.00015999999595806003
-2.7579999567433342e-05,0.00019999999494757503
-2.757599956710238e-05,0.00015999999595806003
-2.757199956677142e-05,0.00015999999595806003
-2.7567999566440458e-05,0.00015999999595806003
-2.7563999566109496e-05,0.00015999999595806003
-2.7559999565778535e-05,0.00015999999595806003
-2.7555999565447573e-05,0.00015999999595806003
-2.755199956511661e-05,0.00011999999696854502
-2.754799956478565e-05,0.00015999999595806003
-2.754399956445469e-05,0.00011999999696854502
-2.7539999564123727e-05,0.00015999999595806003
-2.7535999563792766e-05,0.00011999999696854502
-2.7531999563461804e-05,0.00015999999595806003
-2.7527999563130843e-05,0.00015999999595806003
-2.752399956279988e-05,0.00019999999494757503
-2.751999956246892e-05,0.00015999999595806003
-2.751599956213796e-05,0.00015999999595806003
-2.7511999561806997e-05,0.00015999999595806003
-2.7507999561476035e-05,0.00015999999595806003
-2.7503999561145074e-05,0.00015999999595806003
-2.7499999560814112e-05,0.00015999999595806003
-2.749599956048315e-05,0.00015999999595806003
-2.749199956015219e-05,0.00015999999595806003
-2.7487999559821228e-05,0.00015999999595806003
-2.7483999559490266e-05,0.00015999999595806003
-2.7479999559159305e-05,0.00015999999595806003
-2.7475999558828343e-05,0.00015999999595806003
-2.7471999558497382e-05,0.00015999999595806003
-2.746799955816642e-05,0.00015999999595806003
-2.746399955783546e-05,0.00015999999595806003
-2.7459999557504498e-05,0.00015999999595806003
-2.7455999557173536e-05,0.00015999999595806003
-2.7451999556842575e-05,0.00015999999595806003
-2.7447999556511613e-05,0.00015999999595806003
-2.744399955618065e-05,0.00015999999595806003
-2.743999955584969e-05,0.00015999999595806003
-2.743599955551873e-05,0.00015999999595806003
-2.7431999555187767e-05,0.00015999999595806003
-2.7427999554856806e-05,0.00015999999595806003
-2.7423999554525844e-05,0.00015999999595806003
-2.7419999554194883e-05,0.00015999999595806003
-2.741599955386392e-05,0.00015999999595806003
-2.741199955353296e-05,0.00015999999595806003
-2.7407999553201998e-05,0.00015999999595806003
-2.7403999552871037e-05,0.00019999999494757503
-2.7399999552540075e-05,0.00015999999595806003
-2.7395999552209114e-05,0.00015999999595806003
-2.7391999551878152e-05,0.00015999999595806003
-2.738799955154719e-05,0.00015999999595806003
-2.738399955121623e-05,0.00015999999595806003
-2.7379999550885268e-05,0.00015999999595806003
-2.7375999550554306e-05,0.00015999999595806003
-2.7371999550223345e-05,0.00015999999595806003
-2.7367999549892383e-05,0.00015999999595806003
-2.7363999549561422e-05,0.00015999999595806003
-2.735999954923046e-05,0.00015999999595806003
-2.73559995488995e-05,0.00015999999595806003
-2.7351999548568537e-05,0.00015999999595806003
-2.7347999548237576e-05,0.00015999999595806003
-2.7343999547906615e-05,0.00015999999595806003
-2.7339999547575653e-05,0.00015999999595806003
-2.733599954724469e-05,0.00015999999595806003
-2.733199954691373e-05,0.00015999999595806003
-2.732799954658277e-05,0.00015999999595806003
-2.7323999546251807e-05,0.00015999999595806003
-2.7319999545920846e-05,0.00015999999595806003
-2.7315999545589884e-05,0.00015999999595806003
-2.7311999545258923e-05,0.00011999999696854502
-2.730799954492796e-05,0.00015999999595806003
-2.7303999544597e-05,0.00011999999696854502
-2.7299999544266038e-05,0.00015999999595806003
-2.7295999543935077e-05,0.00011999999696854502
-2.7291999543604115e-05,0.00015999999595806003
-2.7287999543273154e-05,0.00015999999595806003
-2.7283999542942192e-05,0.00015999999595806003
-2.727999954261123e-05,0.00015999999595806003
-2.727599954228027e-05,0.00019999999494757503
-2.7271999541949308e-05,0.00015999999595806003
-2.7267999541618346e-05,0.00015999999595806003
-2.7263999541287385e-05,0.00015999999595806003
-2.7259999540956423e-05,0.00015999999595806003
-2.7255999540625462e-05,0.00011999999696854502
-2.72519995402945e-05,0.00011999999696854502
-2.724799953996354e-05,0.00011999999696854502
-2.7243999539632577e-05,0.00015999999595806003
-2.7239999539301616e-05,0.00011999999696854502
-2.7235999538970654e-05,0.00015999999595806003
-2.7231999538639693e-05,0.00011999999696854502
-2.722799953830873e-05,0.00019999999494757503
-2.722399953797777e-05,0.00015999999595806003
-2.721999953764681e-05,0.00019999999494757503
-2.7215999537315847e-05,0.00019999999494757503
-2.7211999536984886e-05,0.00019999999494757503
-2.7207999536653924e-05,0.00015999999595806003
-2.7203999536322963e-05,0.00015999999595806003
-2.7199999535992e-05,0.00015999999595806003
-2.719599953566104e-05,0.00015999999595806003
-2.7191999535330078e-05,0.00011999999696854502
-2.7187999534999117e-05,0.00011999999696854502
-2.7183999534668155e-05,0.00011999999696854502
-2.7179999534337194e-05,0.00015999999595806003
-2.7175999534006232e-05,0.00011999999696854502
-2.717199953367527e-05,0.00015999999595806003
-2.716799953334431e-05,0.00011999999696854502
-2.7163999533013348e-05,0.00015999999595806003
-2.7159999532682386e-05,0.00015999999595806003
-2.7155999532351425e-05,0.00019999999494757503
-2.7151999532020463e-05,0.00015999999595806003
-2.7147999531689502e-05,0.00019999999494757503
-2.714399953135854e-05,0.00015999999595806003
-2.713999953102758e-05,0.00015999999595806003
-2.7135999530696617e-05,0.00011999999696854502
-2.7131999530365656e-05,0.00015999999595806003
-2.7127999530034694e-05,0.00011999999696854502
-2.7123999529703733e-05,0.00011999999696854502
-2.711999952937277e-05,0.00011999999696854502
-2.711599952904181e-05,0.00015999999595806003
-2.711199952871085e-05,0.00015999999595806003
-2.7107999528379887e-05,0.00015999999595806003
-2.7103999528048925e-05,0.00015999999595806003
-2.7099999527717964e-05,0.00015999999595806003
-2.7095999527387003e-05,0.00015999999595806003
-2.709199952705604e-05,0.00019999999494757503
-2.708799952672508e-05,0.00015999999595806003
-2.7083999526394118e-05,0.00015999999595806003
-2.7079999526063157e-05,0.00015999999595806003
-2.7075999525732195e-05,0.00015999999595806003
-2.7071999525401234e-05,0.00011999999696854502
-2.7067999525070272e-05,0.00015999999595806003
-2.706399952473931e-05,0.00011999999696854502
-2.705999952440835e-05,0.00011999999696854502
-2.7055999524077388e-05,0.00011999999696854502
-2.7051999523746426e-05,0.00015999999595806003
-2.7047999523415465e-05,0.00015999999595806003
-2.7043999523084503e-05,0.00015999999595806003
-2.7039999522753542e-05,0.00015999999595806003
-2.703599952242258e-05,0.00019999999494757503
-2.703199952209162e-05,0.00015999999595806003
-2.7027999521760657e-05,0.00019999999494757503
-2.7023999521429696e-05,0.00015999999595806003
-2.7019999521098734e-05,0.00015999999595806003
-2.7015999520767773e-05,0.00015999999595806003
-2.701199952043681e-05,0.00015999999595806003
-2.700799952010585e-05,0.00011999999696854502
-2.700399951977489e-05,0.00015999999595806003
-2.6999999519443927e-05,0.00015999999595806003
-2.6995999519112965e-05,0.00015999999595806003
-2.6991999518782004e-05,0.00015999999595806003
-2.6987999518451042e-05,0.00015999999595806003
-2.698399951812008e-05,0.00015999999595806003
-2.697999951778912e-05,0.00015999999595806003
-2.6975999517458158e-05,0.00015999999595806003
-2.6971999517127197e-05,0.00015999999595806003
-2.6967999516796235e-05,0.00011999999696854502
-2.6963999516465274e-05,0.00015999999595806003
-2.6959999516134312e-05,0.00015999999595806003
-2.695599951580335e-05,0.00015999999595806003
-2.695199951547239e-05,0.00015999999595806003
-2.6947999515141428e-05,0.00015999999595806003
-2.6943999514810466e-05,0.00015999999595806003
-2.6939999514479505e-05,0.00015999999595806003
-2.6935999514148543e-05,0.00011999999696854502
-2.693199951381758e-05,0.00015999999595806003
-2.692799951348662e-05,0.00011999999696854502
-2.692399951315566e-05,0.00015999999595806003
-2.6919999512824697e-05,0.00015999999595806003
-2.6915999512493736e-05,0.00015999999595806003
-2.6911999512162774e-05,0.00015999999595806003
-2.6907999511831813e-05,0.00015999999595806003
-2.690399951150085e-05,0.00015999999595806003
-2.689999951116989e-05,0.00019999999494757503
-2.689599951083893e-05,0.00015999999595806003
-2.6891999510507967e-05,0.00015999999595806003
-2.6887999510177005e-05,0.00015999999595806003
-2.6883999509846044e-05,0.00015999999595806003
-2.6879999509515082e-05,0.00011999999696854502
-2.687599950918412e-05,0.00015999999595806003
-2.687199950885316e-05,0.00015999999595806003
-2.6867999508522198e-05,0.00015999999595806003
-2.6863999508191236e-05,0.00015999999595806003
-2.6859999507860275e-05,0.00015999999595806003
-2.6855999507529313e-05,0.00011999999696854502
-2.6851999507198352e-05,0.00015999999595806003
-2.684799950686739e-05,0.00015999999595806003
-2.684399950653643e-05,0.00015999999595806003
-2.6839999506205468e-05,0.00015999999595806003
-2.6835999505874506e-05,0.00015999999595806003
-2.6831999505543545e-05,0.00015999999595806003
-2.6827999505212583e-05,0.00015999999595806003
-2.682399950488162e-05,0.00015999999595806003
-2.681999950455066e-05,0.00015999999595806003
-2.68159995042197e-05,0.00015999999595806003
-2.6811999503888737e-05,0.00015999999595806003
-2.6807999503557776e-05,0.00011999999696854502
-2.6803999503226814e-05,0.00011999999696854502
-2.6799999502895853e-05,0.00011999999696854502
-2.679599950256489e-05,0.00011999999696854502
-2.679199950223393e-05,0.00015999999595806003
-2.6787999501902968e-05,0.00015999999595806003
-2.6783999501572007e-05,0.00015999999595806003
-2.6779999501241045e-05,0.00015999999595806003
-2.6775999500910084e-05,0.00015999999595806003
-2.6771999500579122e-05,0.00015999999595806003
-2.676799950024816e-05,0.00015999999595806003
-2.67639994999172e-05,0.00015999999595806003
-2.6759999499586238e-05,0.00015999999595806003
-2.6755999499255276e-05,0.00015999999595806003
-2.6751999498924315e-05,0.00011999999696854502
-2.6747999498593353e-05,0.00015999999595806003
-2.6743999498262392e-05,0.00011999999696854502
-2.673999949793143e-05,0.00015999999595806003
-2.673599949760047e-05,0.00015999999595806003
-2.6731999497269507e-05,0.00015999999595806003
-2.6727999496938546e-05,0.00015999999595806003
-2.6723999496607584e-05,0.00015999999595806003
-2.6719999496276623e-05,0.00015999999595806003
-2.671599949594566e-05,0.00015999999595806003
-2.67119994956147e-05,0.00015999999595806003
-2.670799949528374e-05,0.00015999999595806003
-2.6703999494952777e-05,0.00015999999595806003
-2.6699999494621816e-05,0.00015999999595806003
-2.6695999494290854e-05,0.00015999999595806003
-2.6691999493959893e-05,0.00015999999595806003
-2.668799949362893e-05,0.00011999999696854502
-2.668399949329797e-05,0.00015999999595806003
-2.6679999492967008e-05,0.00011999999696854502
-2.6675999492636047e-05,0.00015999999595806003
-2.6671999492305085e-05,0.00011999999696854502
-2.6667999491974124e-05,0.00015999999595806003
-2.6663999491643162e-05,0.00015999999595806003
-2.66599994913122e-05,0.00015999999595806003
-2.665599949098124e-05,0.00015999999595806003
-2.6651999490650278e-05,0.00019999999494757503
-2.6647999490319316e-05,0.00015999999595806003
-2.6643999489988355e-05,0.00015999999595806003
-2.6639999489657393e-05,0.00015999999595806003
-2.6635999489326432e-05,0.00015999999595806003
-2.663199948899547e-05,0.00011999999696854502
-2.662799948866451e-05,0.00015999999595806003
-2.6623999488333547e-05,0.00015999999595806003
-2.6619999488002586e-05,0.00015999999595806003
-2.6615999487671624e-05,0.00011999999696854502
-2.6611999487340663e-05,0.00015999999595806003
-2.66079994870097e-05,0.00011999999696854502
-2.660399948667874e-05,0.00015999999595806003
-2.659999948634778e-05,0.00015999999595806003
-2.6595999486016817e-05,0.00015999999595806003
-2.6591999485685856e-05,0.00015999999595806003
-2.6587999485354894e-05,0.00019999999494757503
-2.6583999485023933e-05,0.00015999999595806003
-2.657999948469297e-05,0.00015999999595806003
-2.657599948436201e-05,0.00015999999595806003
-2.6571999484031048e-05,0.00015999999595806003
-2.6567999483700087e-05,0.00015999999595806003
-2.6563999483369125e-05,0.00015999999595806003
-2.6559999483038164e-05,0.00015999999595806003
-2.6555999482707202e-05,0.00015999999595806003
-2.655199948237624e-05,0.00015999999595806003
-2.654799948204528e-05,0.00015999999595806003
-2.6543999481714318e-05,0.00015999999595806003
-2.6539999481383356e-05,0.00015999999595806003
-2.6535999481052395e-05,0.00015999999595806003
-2.6531999480721433e-05,0.00015999999595806003
-2.6527999480390472e-05,0.00015999999595806003
-2.652399948005951e-05,0.00015999999595806003
-2.651999947972855e-05,0.00015999999595806003
-2.6515999479397587e-05,0.00015999999595806003
-2.6511999479066626e-05,0.00015999999595806003
-2.6507999478735664e-05,0.00015999999595806003
-2.6503999478404703e-05,0.00015999999595806003
-2.649999947807374e-05,0.00015999999595806003
-2.649599947774278e-05,0.00011999999696854502
-2.649199947741182e-05,0.00015999999595806003
-2.6487999477080857e-05,0.00015999999595806003
-2.6483999476749895e-05,0.00015999999595806003
-2.6479999476418934e-05,0.00015999999595806003
-2.6475999476087972e-05,0.00015999999595806003
-2.647199947575701e-05,0.00011999999696854502
-2.646799947542605e-05,0.00015999999595806003
-2.6463999475095088e-05,0.00015999999595806003
-2.6459999474764127e-05,0.00019999999494757503
-2.6455999474433165e-05,0.00015999999595806003
-2.6451999474102204e-05,0.00015999999595806003
-2.6447999473771242e-05,0.00011999999696854502
-2.644399947344028e-05,0.00015999999595806003
-2.643999947310932e-05,0.00015999999595806003
-2.6435999472778358e-05,0.00015999999595806003
-2.6431999472447396e-05,0.00015999999595806003
-2.6427999472116435e-05,0.00015999999595806003
-2.6423999471785473e-05,0.00015999999595806003
-2.6419999471454512e-05,0.00015999999595806003
-2.641599947112355e-05,0.00015999999595806003
-2.641199947079259e-05,0.00019999999494757503
-2.6407999470461627e-05,0.00015999999595806003
-2.6403999470130666e-05,0.00015999999595806003
-2.6399999469799704e-05,0.00015999999595806003
-2.6395999469468743e-05,0.00015999999595806003
-2.639199946913778e-05,0.00011999999696854502
-2.638799946880682e-05,0.00015999999595806003
-2.638399946847586e-05,0.00015999999595806003
-2.6379999468144897e-05,0.00019999999494757503
-2.6375999467813935e-05,0.00011999999696854502
-2.6371999467482974e-05,0.00015999999595806003
-2.6367999467152012e-05,0.00015999999595806003
-2.636399946682105e-05,0.00015999999595806003
-2.635999946649009e-05,0.00015999999595806003
-2.6355999466159128e-05,0.00015999999595806003
-2.6351999465828166e-05,0.00015999999595806003
-2.6347999465497205e-05,0.00015999999595806003
-2.6343999465166244e-05,0.00015999999595806003
-2.6339999464835282e-05,0.00015999999595806003
-2.633599946450432e-05,0.00015999999595806003
-2.633199946417336e-05,0.00015999999595806003
-2.6327999463842398e-05,0.00015999999595806003
-2.6323999463511436e-05,0.00015999999595806003
-2.6319999463180475e-05,0.00015999999595806003
-2.6315999462849513e-05,0.00015999999595806003
-2.631199946251855e-05,0.00015999999595806003
-2.630799946218759e-05,0.00015999999595806003
-2.630399946185663e-05,0.00015999999595806003
-2.6299999461525667e-05,0.00019999999494757503
-2.6295999461194706e-05,0.00015999999595806003
-2.6291999460863744e-05,0.00015999999595806003
-2.6287999460532783e-05,0.00015999999595806003
-2.628399946020182e-05,0.00015999999595806003
-2.627999945987086e-05,0.00015999999595806003
-2.6275999459539898e-05,0.00015999999595806003
-2.6271999459208937e-05,0.00015999999595806003
-2.6267999458877975e-05,0.00015999999595806003
-2.6263999458547014e-05,0.00015999999595806003
-2.6259999458216052e-05,0.00015999999595806003
-2.625599945788509e-05,0.00015999999595806003
-2.625199945755413e-05,0.00015999999595806003
-2.6247999457223168e-05,0.00015999999595806003
-2.6243999456892206e-05,0.00015999999595806003
-2.6239999456561245e-05,0.00015999999595806003
-2.6235999456230283e-05,0.00015999999595806003
-2.6231999455899322e-05,0.00015999999595806003
-2.622799945556836e-05,0.00015999999595806003
-2.62239994552374e-05,0.00015999999595806003
-2.6219999454906438e-05,0.00015999999595806003
-2.6215999454575476e-05,0.00015999999595806003
-2.6211999454244515e-05,0.00015999999595806003
-2.6207999453913553e-05,0.00015999999595806003
-2.620399945358259e-05,0.00015999999595806003
-2.619999945325163e-05,0.00015999999595806003
-2.619599945292067e-05,0.00015999999595806003
-2.6191999452589707e-05,0.00011999999696854502
-2.6187999452258746e-05,0.00015999999595806003
-2.6183999451927784e-05,0.00011999999696854502
-2.6179999451596823e-05,0.00015999999595806003
-2.617599945126586e-05,0.00011999999696854502
-2.61719994509349e-05,0.00015999999595806003
-2.6167999450603938e-05,0.00015999999595806003
-2.6163999450272977e-05,0.00015999999595806003
-2.6159999449942015e-05,0.00015999999595806003
-2.6155999449611054e-05,0.00015999999595806003
-2.6151999449280092e-05,0.00015999999595806003
-2.614799944894913e-05,0.00015999999595806003
-2.614399944861817e-05,0.00015999999595806003
-2.6139999448287208e-05,0.00015999999595806003
-2.6135999447956246e-05,0.00015999999595806003
-2.6131999447625285e-05,0.00015999999595806003
-2.6127999447294323e-05,0.00011999999696854502
-2.6123999446963362e-05,0.00011999999696854502
-2.61199994466324e-05,0.00015999999595806003
-2.611599944630144e-05,0.00015999999595806003
-2.6111999445970477e-05,0.00015999999595806003
-2.6107999445639516e-05,0.00019999999494757503
-2.6103999445308554e-05,0.00015999999595806003
-2.6099999444977593e-05,0.00015999999595806003
-2.609599944464663e-05,0.00015999999595806003
-2.609199944431567e-05,0.00019999999494757503
-2.608799944398471e-05,0.00015999999595806003
-2.6083999443653747e-05,0.00019999999494757503
-2.6079999443322786e-05,0.00015999999595806003
-2.6075999442991824e-05,0.00015999999595806003
-2.6071999442660863e-05,0.00011999999696854502
-2.60679994423299e-05,0.00015999999595806003
-2.606399944199894e-05,0.00011999999696854502
-2.6059999441667978e-05,0.00015999999595806003
-2.6055999441337017e-05,0.00011999999696854502
-2.6051999441006055e-05,0.00015999999595806003
-2.6047999440675094e-05,0.00015999999595806003
-2.6043999440344132e-05,0.00015999999595806003
-2.603999944001317e-05,0.00015999999595806003
-2.603599943968221e-05,0.00015999999595806003
-2.6031999439351248e-05,0.00015999999595806003
-2.6027999439020286e-05,0.00015999999595806003
-2.6023999438689325e-05,0.00015999999595806003
-2.6019999438358363e-05,0.00015999999595806003
-2.6015999438027402e-05,0.00011999999696854502
-2.601199943769644e-05,0.00015999999595806003
-2.600799943736548e-05,0.00015999999595806003
-2.6003999437034517e-05,0.00015999999595806003
-2.5999999436703556e-05,0.00015999999595806003
-2.5995999436372594e-05,0.00015999999595806003
-2.5991999436041633e-05,0.00015999999595806003
-2.598799943571067e-05,0.00015999999595806003
-2.598399943537971e-05,0.00015999999595806003
-2.597999943504875e-05,0.00015999999595806003
-2.5975999434717787e-05,0.00015999999595806003
-2.5971999434386826e-05,0.00015999999595806003
-2.5967999434055864e-05,0.00015999999595806003
-2.5963999433724903e-05,0.00015999999595806003
-2.595999943339394e-05,0.00015999999595806003
-2.595599943306298e-05,0.00015999999595806003
-2.5951999432732018e-05,0.00015999999595806003
-2.5947999432401057e-05,0.00015999999595806003
-2.5943999432070095e-05,0.00011999999696854502
-2.5939999431739134e-05,0.00015999999595806003
-2.5935999431408172e-05,0.00011999999696854502
-2.593199943107721e-05,0.00015999999595806003
-2.592799943074625e-05,0.00015999999595806003
-2.5923999430415288e-05,0.00015999999595806003
-2.5919999430084326e-05,0.00015999999595806003
-2.5915999429753365e-05,0.00015999999595806003
-2.5911999429422403e-05,0.00015999999595806003
-2.5907999429091442e-05,0.00015999999595806003
-2.590399942876048e-05,0.00015999999595806003
-2.589999942842952e-05,0.00015999999595806003
-2.5895999428098557e-05,0.00015999999595806003
-2.5891999427767596e-05,0.00015999999595806003
-2.5887999427436634e-05,0.00015999999595806003
-2.5883999427105673e-05,0.00015999999595806003
-2.587999942677471e-05,0.00015999999595806003
-2.587599942644375e-05,0.00015999999595806003
-2.587199942611279e-05,0.00015999999595806003
-2.5867999425781827e-05,0.00015999999595806003
-2.5863999425450865e-05,0.00011999999696854502
-2.5859999425119904e-05,0.00015999999595806003
-2.5855999424788942e-05,0.00011999999696854502
-2.585199942445798e-05,0.00015999999595806003
-2.584799942412702e-05,0.00015999999595806003
-2.5843999423796058e-05,0.00015999999595806003
-2.5839999423465097e-05,0.00015999999595806003
-2.5835999423134135e-05,0.00015999999595806003
-2.5831999422803174e-05,0.00015999999595806003
-2.5827999422472212e-05,0.00015999999595806003
-2.582399942214125e-05,0.00011999999696854502
-2.581999942181029e-05,0.00015999999595806003
-2.5815999421479328e-05,0.00015999999595806003
-2.5811999421148366e-05,0.00015999999595806003
-2.5807999420817405e-05,0.00015999999595806003
-2.5803999420486443e-05,0.00015999999595806003
-2.5799999420155482e-05,0.00015999999595806003
-2.579599941982452e-05,0.00015999999595806003
-2.579199941949356e-05,0.00015999999595806003
-2.5787999419162597e-05,0.00015999999595806003
-2.5783999418831636e-05,0.00011999999696854502
-2.5779999418500674e-05,0.00015999999595806003
-2.5775999418169713e-05,0.00015999999595806003
-2.577199941783875e-05,0.00015999999595806003
-2.576799941750779e-05,0.00015999999595806003
-2.576399941717683e-05,0.00015999999595806003
-2.5759999416845867e-05,0.00015999999595806003
-2.5755999416514905e-05,0.00015999999595806003
-2.5751999416183944e-05,0.00015999999595806003
-2.5747999415852982e-05,0.00015999999595806003
-2.574399941552202e-05,0.00015999999595806003
-2.573999941519106e-05,0.00015999999595806003
-2.5735999414860098e-05,0.00015999999595806003
-2.5731999414529136e-05,0.00015999999595806003
-2.5727999414198175e-05,0.00011999999696854502
-2.5723999413867214e-05,0.00015999999595806003
-2.5719999413536252e-05,0.00015999999595806003
-2.571599941320529e-05,0.00015999999595806003
-2.571199941287433e-05,0.00015999999595806003
-2.5707999412543368e-05,0.00015999999595806003
-2.5703999412212406e-05,0.00015999999595806003
-2.5699999411881445e-05,0.00015999999595806003
-2.5695999411550483e-05,0.00015999999595806003
-2.569199941121952e-05,0.00015999999595806003
-2.568799941088856e-05,0.00015999999595806003
-2.56839994105576e-05,0.00019999999494757503
-2.5679999410226637e-05,0.00015999999595806003
-2.5675999409895676e-05,0.00019999999494757503
-2.5671999409564714e-05,0.00015999999595806003
-2.5667999409233753e-05,0.00015999999595806003
-2.566399940890279e-05,0.00015999999595806003
-2.565999940857183e-05,0.00015999999595806003
-2.5655999408240868e-05,0.00015999999595806003
-2.5651999407909907e-05,0.00015999999595806003
-2.5647999407578945e-05,0.00015999999595806003
-2.5643999407247984e-05,0.00015999999595806003
-2.5639999406917022e-05,0.00015999999595806003
-2.563599940658606e-05,0.00015999999595806003
-2.56319994062551e-05,0.00015999999595806003
-2.5627999405924138e-05,0.00015999999595806003
-2.5623999405593176e-05,0.00015999999595806003
-2.5619999405262215e-05,0.00015999999595806003
-2.5615999404931253e-05,0.00015999999595806003
-2.5611999404600292e-05,0.00015999999595806003
-2.560799940426933e-05,0.00015999999595806003
-2.560399940393837e-05,0.00015999999595806003
-2.5599999403607407e-05,0.00015999999595806003
-2.5595999403276446e-05,0.00015999999595806003
-2.5591999402945485e-05,0.00015999999595806003
-2.5587999402614523e-05,0.00015999999595806003
-2.558399940228356e-05,0.00015999999595806003
-2.55799994019526e-05,0.00015999999595806003
-2.557599940162164e-05,0.00015999999595806003
-2.5571999401290677e-05,0.00015999999595806003
-2.5567999400959716e-05,0.00015999999595806003
-2.5563999400628754e-05,0.00015999999595806003
-2.5559999400297793e-05,0.00015999999595806003
-2.555599939996683e-05,0.00015999999595806003
-2.555199939963587e-05,0.00015999999595806003
-2.5547999399304908e-05,0.00015999999595806003
-2.5543999398973947e-05,0.00015999999595806003
-2.5539999398642985e-05,0.00015999999595806003
-2.5535999398312024e-05,0.00015999999595806003
-2.5531999397981062e-05,0.00015999999595806003
-2.55279993976501e-05,0.00015999999595806003
-2.552399939731914e-05,0.00015999999595806003
-2.5519999396988178e-05,0.00015999999595806003
-2.5515999396657216e-05,0.00015999999595806003
-2.5511999396326255e-05,0.00011999999696854502
-2.5507999395995293e-05,0.00015999999595806003
-2.5503999395664332e-05,0.00015999999595806003
-2.549999939533337e-05,0.00015999999595806003
-2.549599939500241e-05,0.00015999999595806003
-2.5491999394671447e-05,0.00015999999595806003
-2.5487999394340486e-05,0.00015999999595806003
-2.5483999394009524e-05,0.00019999999494757503
-2.5479999393678563e-05,0.00015999999595806003
-2.54759993933476e-05,0.00015999999595806003
-2.547199939301664e-05,0.00015999999595806003
-2.546799939268568e-05,0.00015999999595806003
-2.5463999392354717e-05,0.00011999999696854502
-2.5459999392023756e-05,0.00015999999595806003
-2.5455999391692794e-05,0.00015999999595806003
-2.5451999391361833e-05,0.00015999999595806003
-2.544799939103087e-05,0.00015999999595806003
-2.544399939069991e-05,0.00015999999595806003
-2.5439999390368948e-05,0.00015999999595806003
-2.5435999390037987e-05,0.00015999999595806003
-2.5431999389707025e-05,0.00015999999595806003
-2.5427999389376064e-05,0.00015999999595806003
-2.5423999389045102e-05,0.00015999999595806003
-2.541999938871414e-05,0.00015999999595806003
-2.541599938838318e-05,0.00015999999595806003
-2.5411999388052218e-05,0.00015999999595806003
-2.5407999387721256e-05,0.00015999999595806003
-2.5403999387390295e-05,0.00015999999595806003
-2.5399999387059333e-05,0.00015999999595806003
-2.5395999386728372e-05,0.00015999999595806003
-2.539199938639741e-05,0.00015999999595806003
-2.538799938606645e-05,0.00015999999595806003
-2.5383999385735487e-05,0.00015999999595806003
-2.5379999385404526e-05,0.00015999999595806003
-2.5375999385073564e-05,0.00011999999696854502
-2.5371999384742603e-05,0.00015999999595806003
-2.536799938441164e-05,0.00011999999696854502
-2.536399938408068e-05,0.00019999999494757503
-2.535999938374972e-05,0.00015999999595806003
-2.5355999383418757e-05,0.00019999999494757503
-2.5351999383087795e-05,0.00015999999595806003
-2.5347999382756834e-05,0.00015999999595806003
-2.5343999382425873e-05,0.00011999999696854502
-2.533999938209491e-05,0.00015999999595806003
-2.533599938176395e-05,0.00015999999595806003
-2.5331999381432988e-05,0.00015999999595806003
-2.5327999381102027e-05,0.00015999999595806003
-2.5323999380771065e-05,0.00015999999595806003
-2.5319999380440104e-05,0.00015999999595806003
-2.5315999380109142e-05,0.00015999999595806003
-2.531199937977818e-05,0.00015999999595806003
-2.530799937944722e-05,0.00015999999595806003
-2.5303999379116258e-05,0.00015999999595806003
-2.5299999378785296e-05,0.00015999999595806003
-2.5295999378454335e-05,0.00015999999595806003
-2.5291999378123373e-05,0.00015999999595806003
-2.5287999377792412e-05,0.00015999999595806003
-2.528399937746145e-05,0.00015999999595806003
-2.527999937713049e-05,0.00015999999595806003
-2.5275999376799527e-05,0.00015999999595806003
-2.5271999376468566e-05,0.00015999999595806003
-2.5267999376137604e-05,0.00015999999595806003
-2.5263999375806643e-05,0.00015999999595806003
-2.525999937547568e-05,0.00015999999595806003
-2.525599937514472e-05,0.00011999999696854502
-2.525199937481376e-05,0.00015999999595806003
-2.5247999374482797e-05,0.00015999999595806003
-2.5243999374151835e-05,0.00015999999595806003
-2.5239999373820874e-05,0.00015999999595806003
-2.5235999373489912e-05,0.00015999999595806003
-2.523199937315895e-05,0.00015999999595806003
-2.522799937282799e-05,0.00019999999494757503
-2.5223999372497028e-05,0.00015999999595806003
-2.5219999372166067e-05,0.00015999999595806003
-2.5215999371835105e-05,0.00015999999595806003
-2.5211999371504144e-05,0.00015999999595806003
-2.5207999371173182e-05,0.00015999999595806003
-2.520399937084222e-05,0.00015999999595806003
-2.519999937051126e-05,0.00015999999595806003
-2.5195999370180298e-05,0.00015999999595806003
-2.5191999369849336e-05,0.00015999999595806003
-2.5187999369518375e-05,0.00015999999595806003
-2.5183999369187413e-05,0.00015999999595806003
-2.517999936885645e-05,0.00015999999595806003
-2.517599936852549e-05,0.00015999999595806003
-2.517199936819453e-05,0.00015999999595806003
-2.5167999367863567e-05,0.00015999999595806003
-2.5163999367532606e-05,0.00015999999595806003
-2.5159999367201644e-05,0.00015999999595806003
-2.5155999366870683e-05,0.00015999999595806003
-2.515199936653972e-05,0.00015999999595806003
-2.514799936620876e-05,0.00015999999595806003
-2.51439993658778e-05,0.00015999999595806003
-2.5139999365546837e-05,0.00015999999595806003
-2.5135999365215875e-05,0.00015999999595806003
-2.5131999364884914e-05,0.00015999999595806003
-2.5127999364553952e-05,0.00015999999595806003
-2.512399936422299e-05,0.00015999999595806003
-2.511999936389203e-05,0.00015999999595806003
-2.5115999363561068e-05,0.00015999999595806003
-2.5111999363230106e-05,0.00015999999595806003
-2.5107999362899145e-05,0.00015999999595806003
-2.5103999362568183e-05,0.00015999999595806003
-2.5099999362237222e-05,0.00015999999595806003
-2.509599936190626e-05,0.00011999999696854502
-2.50919993615753e-05,0.00015999999595806003
-2.5087999361244338e-05,0.00015999999595806003
-2.5083999360913376e-05,0.00015999999595806003
-2.5079999360582415e-05,0.00011999999696854502
-2.5075999360251453e-05,0.00015999999595806003
-2.507199935992049e-05,0.00015999999595806003
-2.506799935958953e-05,0.00015999999595806003
-2.506399935925857e-05,0.00015999999595806003
-2.5059999358927607e-05,0.00015999999595806003
-2.5055999358596646e-05,0.00015999999595806003
-2.5051999358265684e-05,0.00015999999595806003
-2.5047999357934723e-05,0.00015999999595806003
-2.504399935760376e-05,0.00015999999595806003
-2.50399993572728e-05,0.00015999999595806003
-2.5035999356941838e-05,0.00015999999595806003
-2.5031999356610877e-05,0.00015999999595806003
-2.5027999356279915e-05,0.00015999999595806003
-2.5023999355948954e-05,0.00015999999595806003
-2.5019999355617992e-05,0.00015999999595806003
-2.501599935528703e-05,0.00015999999595806003
-2.501199935495607e-05,0.00015999999595806003
-2.5007999354625108e-05,0.00011999999696854502
-2.5003999354294146e-05,0.00015999999595806003
-2.4999999353963185e-05,0.00015999999595806003
-2.4995999353632223e-05,0.00015999999595806003
-2.4991999353301262e-05,0.00015999999595806003
-2.49879993529703e-05,0.00015999999595806003
-2.498399935263934e-05,0.00015999999595806003
-2.4979999352308377e-05,0.00015999999595806003
-2.4975999351977416e-05,0.00015999999595806003
-2.4971999351646455e-05,0.00015999999595806003
-2.4967999351315493e-05,0.00011999999696854502
-2.496399935098453e-05,0.00015999999595806003
-2.495999935065357e-05,0.00015999999595806003
-2.495599935032261e-05,0.00015999999595806003
-2.4951999349991647e-05,0.00015999999595806003
-2.4947999349660686e-05,0.00015999999595806003
-2.4943999349329724e-05,0.00015999999595806003
-2.4939999348998763e-05,0.00015999999595806003
-2.49359993486678e-05,0.00015999999595806003
-2.493199934833684e-05,0.00015999999595806003
-2.4927999348005878e-05,0.00011999999696854502
-2.4923999347674917e-05,0.00015999999595806003
-2.4919999347343955e-05,0.00015999999595806003
-2.4915999347012994e-05,0.00015999999595806003
-2.4911999346682032e-05,0.00015999999595806003
-2.490799934635107e-05,0.00015999999595806003
-2.490399934602011e-05,0.00015999999595806003
-2.4899999345689148e-05,0.00015999999595806003
-2.4895999345358186e-05,0.00015999999595806003
-2.4891999345027225e-05,0.00015999999595806003
-2.4887999344696263e-05,0.00015999999595806003
-2.4883999344365302e-05,0.00015999999595806003
-2.487999934403434e-05,0.00015999999595806003
-2.487599934370338e-05,0.00015999999595806003
-2.4871999343372417e-05,0.00015999999595806003
-2.4867999343041456e-05,0.00019999999494757503
-2.4863999342710494e-05,0.00015999999595806003
-2.4859999342379533e-05,0.00015999999595806003
-2.485599934204857e-05,0.00011999999696854502
-2.485199934171761e-05,0.00015999999595806003
-2.484799934138665e-05,0.00011999999696854502
-2.4843999341055687e-05,0.00015999999595806003
-2.4839999340724726e-05,0.00015999999595806003
-2.4835999340393764e-05,0.00015999999595806003
-2.4831999340062803e-05,0.00015999999595806003
-2.482799933973184e-05,0.00015999999595806003
-2.482399933940088e-05,0.00015999999595806003
-2.4819999339069918e-05,0.00015999999595806003
-2.4815999338738957e-05,0.00015999999595806003
-2.4811999338407995e-05,0.00015999999595806003
-2.4807999338077034e-05,0.00011999999696854502
-2.4803999337746072e-05,0.00015999999595806003
-2.479999933741511e-05,0.00015999999595806003
-2.479599933708415e-05,0.00015999999595806003
-2.4791999336753188e-05,0.00015999999595806003
-2.4787999336422226e-05,0.00015999999595806003
-2.4783999336091265e-05,0.00015999999595806003
-2.4779999335760303e-05,0.00015999999595806003
-2.4775999335429342e-05,0.00015999999595806003
-2.477199933509838e-05,0.00015999999595806003
-2.476799933476742e-05,0.00015999999595806003
-2.4763999334436457e-05,0.00015999999595806003
-2.4759999334105496e-05,0.00015999999595806003
-2.4755999333774534e-05,0.00015999999595806003
-2.4751999333443573e-05,0.00015999999595806003
-2.474799933311261e-05,0.00015999999595806003
-2.474399933278165e-05,0.00015999999595806003
-2.473999933245069e-05,0.00015999999595806003
-2.4735999332119727e-05,0.00015999999595806003
-2.4731999331788765e-05,0.00015999999595806003
-2.4727999331457804e-05,0.00015999999595806003
-2.4723999331126843e-05,0.00015999999595806003
-2.471999933079588e-05,0.00015999999595806003
-2.471599933046492e-05,0.00015999999595806003
-2.4711999330133958e-05,0.00015999999595806003
-2.4707999329802997e-05,0.00019999999494757503
-2.4703999329472035e-05,0.00015999999595806003
-2.4699999329141074e-05,0.00015999999595806003
-2.4695999328810112e-05,0.00015999999595806003
-2.469199932847915e-05,0.00015999999595806003
-2.468799932814819e-05,0.00015999999595806003
-2.4683999327817228e-05,0.00015999999595806003
-2.4679999327486266e-05,0.00011999999696854502
-2.4675999327155305e-05,0.00015999999595806003
-2.4671999326824343e-05,0.00015999999595806003
-2.4667999326493382e-05,0.00015999999595806003
-2.466399932616242e-05,0.00015999999595806003
-2.465999932583146e-05,0.00015999999595806003
-2.4655999325500497e-05,0.00015999999595806003
-2.4651999325169536e-05,0.00015999999595806003
-2.4647999324838574e-05,0.00015999999595806003
-2.4643999324507613e-05,0.00015999999595806003
-2.463999932417665e-05,0.00015999999595806003
-2.463599932384569e-05,0.00015999999595806003
-2.463199932351473e-05,0.00011999999696854502
-2.4627999323183767e-05,0.00015999999595806003
-2.4623999322852805e-05,0.00015999999595806003
-2.4619999322521844e-05,0.00015999999595806003
-2.4615999322190882e-05,0.00011999999696854502
-2.461199932185992e-05,0.00011999999696854502
-2.460799932152896e-05,0.00011999999696854502
-2.4603999321197998e-05,0.00015999999595806003
-2.4599999320867036e-05,0.00015999999595806003
-2.4595999320536075e-05,0.00015999999595806003
-2.4591999320205114e-05,0.00015999999595806003
-2.4587999319874152e-05,0.00019999999494757503
-2.458399931954319e-05,0.00015999999595806003
-2.457999931921223e-05,0.00019999999494757503
-2.4575999318881268e-05,0.00015999999595806003
-2.4571999318550306e-05,0.00015999999595806003
-2.4567999318219345e-05,0.00015999999595806003
-2.4563999317888383e-05,0.00015999999595806003
-2.455999931755742e-05,0.00011999999696854502
-2.455599931722646e-05,0.00015999999595806003
-2.45519993168955e-05,0.00015999999595806003
-2.4547999316564537e-05,0.00015999999595806003
-2.4543999316233576e-05,0.00015999999595806003
-2.4539999315902614e-05,0.00015999999595806003
-2.4535999315571653e-05,0.00015999999595806003
-2.453199931524069e-05,0.00015999999595806003
-2.452799931490973e-05,0.00015999999595806003
-2.4523999314578768e-05,0.00015999999595806003
-2.4519999314247807e-05,0.00015999999595806003
-2.4515999313916845e-05,0.00015999999595806003
-2.4511999313585884e-05,0.00015999999595806003
-2.4507999313254922e-05,0.00019999999494757503
-2.450399931292396e-05,0.00015999999595806003
-2.4499999312593e-05,0.00015999999595806003
-2.4495999312262038e-05,0.00015999999595806003
-2.4491999311931076e-05,0.00015999999595806003
-2.4487999311600115e-05,0.00015999999595806003
-2.4483999311269153e-05,0.00015999999595806003
-2.4479999310938192e-05,0.00011999999696854502
-2.447599931060723e-05,0.00015999999595806003
-2.447199931027627e-05,0.00011999999696854502
-2.4467999309945308e-05,0.00015999999595806003
-2.4463999309614346e-05,0.00015999999595806003
-2.4459999309283385e-05,0.00015999999595806003
-2.4455999308952423e-05,0.00015999999595806003
-2.445199930862146e-05,0.00019999999494757503
-2.44479993082905e-05,0.00015999999595806003
-2.444399930795954e-05,0.00015999999595806003
-2.4439999307628577e-05,0.00015999999595806003
-2.4435999307297616e-05,0.00015999999595806003
-2.4431999306966654e-05,0.00015999999595806003
-2.4427999306635693e-05,0.00015999999595806003
-2.442399930630473e-05,0.00015999999595806003
-2.441999930597377e-05,0.00015999999595806003
-2.4415999305642808e-05,0.00011999999696854502
-2.4411999305311847e-05,0.00015999999595806003
-2.4407999304980885e-05,0.00015999999595806003
-2.4403999304649924e-05,0.00019999999494757503
-2.4399999304318962e-05,0.00015999999595806003
-2.4395999303988e-05,0.00015999999595806003
-2.439199930365704e-05,0.00015999999595806003
-2.4387999303326078e-05,0.00015999999595806003
-2.4383999302995116e-05,0.00011999999696854502
-2.4379999302664155e-05,0.00015999999595806003
-2.4375999302333193e-05,0.00015999999595806003
-2.4371999302002232e-05,0.00015999999595806003
-2.436799930167127e-05,0.00011999999696854502
-2.436399930134031e-05,0.00015999999595806003
-2.4359999301009347e-05,0.00015999999595806003
-2.4355999300678386e-05,0.00015999999595806003
-2.4351999300347424e-05,0.00015999999595806003
-2.4347999300016463e-05,0.00015999999595806003
-2.43439992996855e-05,0.00015999999595806003
-2.433999929935454e-05,0.00015999999595806003
-2.433599929902358e-05,0.00015999999595806003
-2.4331999298692617e-05,0.00015999999595806003
-2.4327999298361656e-05,0.00011999999696854502
-2.4323999298030694e-05,0.00015999999595806003
-2.4319999297699733e-05,0.00011999999696854502
-2.431599929736877e-05,0.00015999999595806003
-2.431199929703781e-05,0.00011999999696854502
-2.4307999296706848e-05,0.00015999999595806003
-2.4303999296375887e-05,0.00011999999696854502
-2.4299999296044925e-05,0.00011999999696854502
-2.4295999295713964e-05,0.00015999999595806003
-2.4291999295383002e-05,0.00015999999595806003
-2.428799929505204e-05,0.00015999999595806003
-2.428399929472108e-05,0.00015999999595806003
-2.4279999294390118e-05,0.00015999999595806003
-2.4275999294059156e-05,0.00015999999595806003
-2.4271999293728195e-05,0.00015999999595806003
-2.4267999293397233e-05,0.00019999999494757503
-2.4263999293066272e-05,0.00015999999595806003
-2.425999929273531e-05,0.00015999999595806003
-2.425599929240435e-05,0.00015999999595806003
-2.4251999292073387e-05,0.00015999999595806003
-2.4247999291742426e-05,0.00011999999696854502
-2.4243999291411464e-05,0.00011999999696854502
-2.4239999291080503e-05,0.00011999999696854502
-2.423599929074954e-05,0.00015999999595806003
-2.423199929041858e-05,0.00015999999595806003
-2.422799929008762e-05,0.00015999999595806003
-2.4223999289756657e-05,0.00015999999595806003
-2.4219999289425696e-05,0.00019999999494757503
-2.4215999289094734e-05,0.00015999999595806003
-2.4211999288763773e-05,0.00019999999494757503
-2.420799928843281e-05,0.00015999999595806003
-2.420399928810185e-05,0.00015999999595806003
-2.4199999287770888e-05,0.00015999999595806003
-2.4195999287439927e-05,0.00015999999595806003
-2.4191999287108965e-05,0.00015999999595806003
-2.4187999286778004e-05,0.00015999999595806003
-2.4183999286447042e-05,0.00015999999595806003
-2.417999928611608e-05,0.00015999999595806003
-2.417599928578512e-05,0.00011999999696854502
-2.4171999285454158e-05,0.00011999999696854502
-2.4167999285123196e-05,0.00011999999696854502
-2.4163999284792235e-05,0.00015999999595806003
-2.4159999284461273e-05,0.00015999999595806003
-2.4155999284130312e-05,0.00015999999595806003
-2.415199928379935e-05,0.00015999999595806003
-2.414799928346839e-05,0.00019999999494757503
-2.4143999283137427e-05,0.00015999999595806003
-2.4139999282806466e-05,0.00019999999494757503
-2.4135999282475504e-05,0.00015999999595806003
-2.4131999282144543e-05,0.00015999999595806003
-2.412799928181358e-05,0.00011999999696854502
-2.412399928148262e-05,0.00011999999696854502
-2.411999928115166e-05,0.00011999999696854502
-2.4115999280820697e-05,0.00011999999696854502
-2.4111999280489735e-05,0.00011999999696854502
-2.4107999280158774e-05,0.00015999999595806003
-2.4103999279827812e-05,0.00015999999595806003
-2.409999927949685e-05,0.00019999999494757503
-2.409599927916589e-05,0.00015999999595806003
-2.4091999278834928e-05,0.00019999999494757503
-2.4087999278503967e-05,0.00015999999595806003
-2.4083999278173005e-05,0.00015999999595806003
-2.4079999277842044e-05,0.00015999999595806003
-2.4075999277511082e-05,0.00015999999595806003
-2.407199927718012e-05,0.00015999999595806003
-2.406799927684916e-05,0.00015999999595806003
-2.4063999276518198e-05,0.00015999999595806003
-2.4059999276187236e-05,0.00015999999595806003
-2.4055999275856275e-05,0.00015999999595806003
-2.4051999275525313e-05,0.00015999999595806003
-2.4047999275194352e-05,0.00011999999696854502
-2.404399927486339e-05,0.00015999999595806003
-2.403999927453243e-05,0.00011999999696854502
-2.4035999274201467e-05,0.00015999999595806003
-2.4031999273870506e-05,0.00011999999696854502
-2.4027999273539544e-05,0.00015999999595806003
-2.4023999273208583e-05,0.00015999999595806003
-2.401999927287762e-05,0.00015999999595806003
-2.401599927254666e-05,0.00015999999595806003
-2.40119992722157e-05,0.00015999999595806003
-2.4007999271884737e-05,0.00015999999595806003
-2.4003999271553775e-05,0.00015999999595806003
-2.3999999271222814e-05,0.00015999999595806003
-2.3995999270891852e-05,0.00015999999595806003
-2.399199927056089e-05,0.00015999999595806003
-2.398799927022993e-05,0.00015999999595806003
-2.3983999269898968e-05,0.00011999999696854502
-2.3979999269568006e-05,0.00015999999595806003
-2.3975999269237045e-05,0.00015999999595806003
-2.3971999268906084e-05,0.00015999999595806003
-2.3967999268575122e-05,0.00015999999595806003
-2.396399926824416e-05,0.00015999999595806003
-2.39599992679132e-05,0.00015999999595806003
-2.3955999267582238e-05,0.00015999999595806003
-2.3951999267251276e-05,0.00015999999595806003
-2.3947999266920315e-05,0.00015999999595806003
-2.3943999266589353e-05,0.00015999999595806003
-2.393999926625839e-05,0.00015999999595806003
-2.393599926592743e-05,0.00015999999595806003
-2.393199926559647e-05,0.00015999999595806003
-2.3927999265265507e-05,0.00015999999595806003
-2.3923999264934546e-05,0.00015999999595806003
-2.3919999264603584e-05,0.00011999999696854502
-2.3915999264272623e-05,0.00015999999595806003
-2.391199926394166e-05,0.00015999999595806003
-2.39079992636107e-05,0.00015999999595806003
-2.3903999263279738e-05,0.00015999999595806003
-2.3899999262948777e-05,0.00019999999494757503
-2.3895999262617815e-05,0.00015999999595806003
-2.3891999262286854e-05,0.00015999999595806003
-2.3887999261955892e-05,0.00015999999595806003
-2.388399926162493e-05,0.00015999999595806003
-2.387999926129397e-05,0.00015999999595806003
-2.3875999260963008e-05,0.00015999999595806003
-2.3871999260632046e-05,0.00011999999696854502
-2.3867999260301085e-05,0.00015999999595806003
-2.3863999259970123e-05,0.00011999999696854502
-2.3859999259639162e-05,0.00015999999595806003
-2.38559992593082e-05,0.00015999999595806003
-2.385199925897724e-05,0.00015999999595806003
-2.3847999258646278e-05,0.00015999999595806003
-2.3843999258315316e-05,0.00015999999595806003
-2.3839999257984355e-05,0.00015999999595806003
-2.3835999257653393e-05,0.00015999999595806003
-2.383199925732243e-05,0.00015999999595806003
-2.382799925699147e-05,0.00015999999595806003
-2.382399925666051e-05,0.00015999999595806003
-2.3819999256329547e-05,0.00015999999595806003
-2.3815999255998586e-05,0.00011999999696854502
-2.3811999255667624e-05,0.00015999999595806003
-2.3807999255336663e-05,0.00015999999595806003
-2.38039992550057e-05,0.00015999999595806003
-2.379999925467474e-05,0.00015999999595806003
-2.3795999254343778e-05,0.00015999999595806003
-2.3791999254012817e-05,0.00015999999595806003
-2.3787999253681855e-05,0.00015999999595806003
-2.3783999253350894e-05,0.00015999999595806003
-2.3779999253019932e-05,0.00019999999494757503
-2.377599925268897e-05,0.00015999999595806003
-2.377199925235801e-05,0.00019999999494757503
-2.3767999252027048e-05,0.00015999999595806003
-2.3763999251696086e-05,0.00015999999595806003
-2.3759999251365125e-05,0.00015999999595806003
-2.3755999251034163e-05,0.00015999999595806003
-2.3751999250703202e-05,0.00015999999595806003
-2.374799925037224e-05,0.00015999999595806003
-2.374399925004128e-05,0.00011999999696854502
-2.3739999249710317e-05,0.00015999999595806003
-2.3735999249379356e-05,0.00011999999696854502
-2.3731999249048394e-05,0.00015999999595806003
-2.3727999248717433e-05,0.00015999999595806003
-2.372399924838647e-05,0.00015999999595806003
-2.371999924805551e-05,0.00015999999595806003
-2.371599924772455e-05,0.00015999999595806003
-2.3711999247393587e-05,0.00015999999595806003
-2.3707999247062626e-05,0.00019999999494757503
-2.3703999246731664e-05,0.00015999999595806003
-2.3699999246400703e-05,0.00019999999494757503
-2.369599924606974e-05,0.00015999999595806003
-2.369199924573878e-05,0.00015999999595806003
-2.3687999245407818e-05,0.00011999999696854502
-2.3683999245076857e-05,0.00015999999595806003
-2.3679999244745895e-05,0.00011999999696854502
-2.3675999244414934e-05,0.00015999999595806003
-2.3671999244083972e-05,0.00015999999595806003
-2.366799924375301e-05,0.00015999999595806003
-2.366399924342205e-05,0.00011999999696854502
-2.3659999243091088e-05,0.00019999999494757503
-2.3655999242760126e-05,0.00015999999595806003
-2.3651999242429165e-05,0.00019999999494757503
-2.3647999242098203e-05,0.00015999999595806003
-2.3643999241767242e-05,0.00015999999595806003
-2.363999924143628e-05,0.00015999999595806003
-2.363599924110532e-05,0.00015999999595806003
-2.3631999240774357e-05,0.00015999999595806003
-2.3627999240443396e-05,0.00015999999595806003
-2.3623999240112434e-05,0.00015999999595806003
-2.3619999239781473e-05,0.00015999999595806003
-2.361599923945051e-05,0.00015999999595806003
-2.361199923911955e-05,0.00015999999595806003
-2.360799923878859e-05,0.00015999999595806003
-2.3603999238457627e-05,0.00015999999595806003
-2.3599999238126665e-05,0.00015999999595806003
-2.3595999237795704e-05,0.00015999999595806003
-2.3591999237464743e-05,0.00015999999595806003
-2.358799923713378e-05,0.00015999999595806003
-2.358399923680282e-05,0.00015999999595806003
-2.3579999236471858e-05,0.00019999999494757503
-2.3575999236140897e-05,0.00015999999595806003
-2.3571999235809935e-05,0.00015999999595806003
-2.3567999235478974e-05,0.00015999999595806003
-2.3563999235148012e-05,0.00015999999595806003
-2.355999923481705e-05,0.00011999999696854502
-2.355599923448609e-05,0.00015999999595806003
-2.3551999234155128e-05,0.00011999999696854502
-2.3547999233824166e-05,0.00015999999595806003
-2.3543999233493205e-05,0.00015999999595806003
-2.3539999233162243e-05,0.00019999999494757503
-2.3535999232831282e-05,0.00015999999595806003
-2.353199923250032e-05,0.00019999999494757503
-2.352799923216936e-05,0.00015999999595806003
-2.3523999231838397e-05,0.00015999999595806003
-2.3519999231507436e-05,0.00015999999595806003
-2.3515999231176474e-05,0.00015999999595806003
-2.3511999230845513e-05,0.00015999999595806003
-2.350799923051455e-05,0.00015999999595806003
-2.350399923018359e-05,0.00015999999595806003
-2.349999922985263e-05,0.00015999999595806003
-2.3495999229521667e-05,0.00015999999595806003
-2.3491999229190705e-05,0.00015999999595806003
-2.3487999228859744e-05,0.00015999999595806003
-2.3483999228528782e-05,0.00019999999494757503
-2.347999922819782e-05,0.00015999999595806003
-2.347599922786686e-05,0.00015999999595806003
-2.3471999227535898e-05,0.00011999999696854502
-2.3467999227204937e-05,0.00015999999595806003
-2.3463999226873975e-05,0.00015999999595806003
-2.3459999226543014e-05,0.00019999999494757503
-2.3455999226212052e-05,0.00015999999595806003
-2.345199922588109e-05,0.00015999999595806003
-2.344799922555013e-05,0.00015999999595806003
-2.3443999225219168e-05,0.00015999999595806003
-2.3439999224888206e-05,0.00015999999595806003
-2.3435999224557245e-05,0.00015999999595806003
-2.3431999224226283e-05,0.00015999999595806003
-2.342799922389532e-05,0.00015999999595806003
-2.342399922356436e-05,0.00011999999696854502
-2.34199992232334e-05,0.00015999999595806003
-2.3415999222902437e-05,0.00015999999595806003
-2.3411999222571476e-05,0.00015999999595806003
-2.3407999222240514e-05,0.00015999999595806003
-2.3403999221909553e-05,0.00019999999494757503
-2.339999922157859e-05,0.00015999999595806003
-2.339599922124763e-05,0.00019999999494757503
-2.339199922091667e-05,0.00015999999595806003
-2.3387999220585707e-05,0.00015999999595806003
-2.3383999220254745e-05,0.00011999999696854502
-2.3379999219923784e-05,0.00015999999595806003
-2.3375999219592822e-05,0.00015999999595806003
-2.337199921926186e-05,0.00015999999595806003
-2.33679992189309e-05,0.00011999999696854502
-2.3363999218599938e-05,0.00015999999595806003
-2.3359999218268976e-05,0.00011999999696854502
-2.3355999217938015e-05,0.00015999999595806003
-2.3351999217607053e-05,0.00011999999696854502
-2.3347999217276092e-05,0.00015999999595806003
-2.334399921694513e-05,0.00015999999595806003
-2.333999921661417e-05,0.00015999999595806003
-2.3335999216283208e-05,0.00015999999595806003
-2.3331999215952246e-05,0.00015999999595806003
-2.3327999215621285e-05,0.00015999999595806003
-2.3323999215290323e-05,0.00019999999494757503
-2.331999921495936e-05,0.00015999999595806003
-2.33159992146284e-05,0.00015999999595806003
-2.331199921429744e-05,0.00015999999595806003
-2.3307999213966477e-05,0.00015999999595806003
-2.3303999213635516e-05,0.00011999999696854502
-2.3299999213304554e-05,0.00015999999595806003
-2.3295999212973593e-05,0.00015999999595806003
-2.329199921264263e-05,0.00015999999595806003
-2.328799921231167e-05,0.00015999999595806003
-2.3283999211980708e-05,0.00015999999595806003
-2.3279999211649747e-05,0.00015999999595806003
-2.3275999211318785e-05,0.00019999999494757503
-2.3271999210987824e-05,0.00015999999595806003
-2.3267999210656862e-05,0.00019999999494757503
-2.32639992103259e-05,0.00015999999595806003
-2.325999920999494e-05,0.00015999999595806003
-2.3255999209663978e-05,0.00015999999595806003
-2.3251999209333016e-05,0.00015999999595806003
-2.3247999209002055e-05,0.00011999999696854502
-2.3243999208671093e-05,0.00015999999595806003
-2.3239999208340132e-05,0.00011999999696854502
-2.323599920800917e-05,0.00015999999595806003
-2.323199920767821e-05,0.00011999999696854502
-2.3227999207347247e-05,0.00015999999595806003
-2.3223999207016286e-05,0.00015999999595806003
-2.3219999206685325e-05,0.00015999999595806003
-2.3215999206354363e-05,0.00015999999595806003
-2.32119992060234e-05,0.00019999999494757503
-2.320799920569244e-05,0.00015999999595806003
-2.320399920536148e-05,0.00019999999494757503
-2.3199999205030517e-05,0.00015999999595806003
-2.3195999204699556e-05,0.00015999999595806003
-2.3191999204368594e-05,0.00015999999595806003
-2.3187999204037633e-05,0.00015999999595806003
-2.318399920370667e-05,0.00011999999696854502
-2.317999920337571e-05,0.00015999999595806003
-2.3175999203044748e-05,0.00015999999595806003
-2.3171999202713787e-05,0.00015999999595806003
-2.3167999202382825e-05,0.00015999999595806003
-2.3163999202051864e-05,0.00015999999595806003
-2.3159999201720902e-05,0.00015999999595806003
-2.315599920138994e-05,0.00019999999494757503
-2.315199920105898e-05,0.00015999999595806003
-2.3147999200728018e-05,0.00015999999595806003
-2.3143999200397056e-05,0.00015999999595806003
-2.3139999200066095e-05,0.00015999999595806003
-2.3135999199735133e-05,0.00015999999595806003
-2.3131999199404172e-05,0.00019999999494757503
-2.312799919907321e-05,0.00015999999595806003
-2.312399919874225e-05,0.00015999999595806003
-2.3119999198411287e-05,0.00015999999595806003
-2.3115999198080326e-05,0.00015999999595806003
-2.3111999197749364e-05,0.00011999999696854502
-2.3107999197418403e-05,0.00011999999696854502
-2.310399919708744e-05,0.00011999999696854502
-2.309999919675648e-05,0.00015999999595806003
-2.309599919642552e-05,0.00015999999595806003
-2.3091999196094557e-05,0.00019999999494757503
-2.3087999195763596e-05,0.00019999999494757503
-2.3083999195432634e-05,0.00019999999494757503
-2.3079999195101673e-05,0.00015999999595806003
-2.307599919477071e-05,0.00015999999595806003
-2.307199919443975e-05,0.00015999999595806003
-2.3067999194108788e-05,0.00015999999595806003
-2.3063999193777827e-05,0.00015999999595806003
-2.3059999193446865e-05,0.00015999999595806003
-2.3055999193115904e-05,0.00011999999696854502
-2.3051999192784942e-05,0.00015999999595806003
-2.304799919245398e-05,0.00015999999595806003
-2.304399919212302e-05,0.00019999999494757503
-2.3039999191792058e-05,0.00015999999595806003
-2.3035999191461096e-05,0.00019999999494757503
-2.3031999191130135e-05,0.00015999999595806003
-2.3027999190799173e-05,0.00015999999595806003
-2.3023999190468212e-05,0.00015999999595806003
-2.301999919013725e-05,0.00015999999595806003
-2.301599918980629e-05,0.00015999999595806003
-2.3011999189475327e-05,0.00015999999595806003
-2.3007999189144366e-05,0.00015999999595806003
-2.3003999188813404e-05,0.00015999999595806003
-2.2999999188482443e-05,0.00015999999595806003
-2.299599918815148e-05,0.00015999999595806003
-2.299199918782052e-05,0.00015999999595806003
-2.298799918748956e-05,0.00015999999595806003
-2.2983999187158597e-05,0.00015999999595806003
-2.2979999186827635e-05,0.00015999999595806003
-2.2975999186496674e-05,0.00011999999696854502
-2.2971999186165713e-05,0.00015999999595806003
-2.296799918583475e-05,0.00015999999595806003
-2.296399918550379e-05,0.00015999999595806003
-2.2959999185172828e-05,0.00015999999595806003
-2.2955999184841867e-05,0.00015999999595806003
-2.2951999184510905e-05,0.00015999999595806003
-2.2947999184179944e-05,0.00015999999595806003
-2.2943999183848982e-05,0.00015999999595806003
-2.293999918351802e-05,0.00015999999595806003
-2.293599918318706e-05,0.00015999999595806003
-2.2931999182856098e-05,0.00015999999595806003
-2.2927999182525136e-05,0.00015999999595806003
-2.2923999182194175e-05,0.00015999999595806003
-2.2919999181863213e-05,0.00015999999595806003
-2.2915999181532252e-05,0.00015999999595806003
-2.291199918120129e-05,0.00015999999595806003
-2.290799918087033e-05,0.00015999999595806003
-2.2903999180539367e-05,0.00015999999595806003
-2.2899999180208406e-05,0.00015999999595806003
-2.2895999179877444e-05,0.00015999999595806003
-2.2891999179546483e-05,0.00015999999595806003
-2.288799917921552e-05,0.00015999999595806003
-2.288399917888456e-05,0.00015999999595806003
-2.28799991785536e-05,0.00015999999595806003
-2.2875999178222637e-05,0.00015999999595806003
-2.2871999177891675e-05,0.00015999999595806003
-2.2867999177560714e-05,0.00015999999595806003
-2.2863999177229752e-05,0.00011999999696854502
-2.285999917689879e-05,0.00015999999595806003
-2.285599917656783e-05,0.00015999999595806003
-2.2851999176236868e-05,0.00015999999595806003
-2.2847999175905907e-05,0.00015999999595806003
-2.2843999175574945e-05,0.00015999999595806003
-2.2839999175243984e-05,0.00015999999595806003
-2.2835999174913022e-05,0.00015999999595806003
-2.283199917458206e-05,0.00015999999595806003
-2.28279991742511e-05,0.00019999999494757503
-2.2823999173920138e-05,0.00015999999595806003
-2.2819999173589176e-05,0.00015999999595806003
-2.2815999173258215e-05,0.00011999999696854502
-2.2811999172927253e-05,0.00015999999595806003
-2.280799917259629e-05,0.00015999999595806003
-2.280399917226533e-05,0.00015999999595806003
-2.279999917193437e-05,0.00015999999595806003
-2.2795999171603407e-05,0.00015999999595806003
-2.2791999171272446e-05,0.00015999999595806003
-2.2787999170941484e-05,0.00015999999595806003
-2.2783999170610523e-05,0.00015999999595806003
-2.277999917027956e-05,0.00015999999595806003
-2.27759991699486e-05,0.00011999999696854502
-2.277199916961764e-05,0.00015999999595806003
-2.2767999169286677e-05,0.00015999999595806003
-2.2763999168955715e-05,0.00015999999595806003
-2.2759999168624754e-05,0.00015999999595806003
-2.2755999168293792e-05,0.00015999999595806003
-2.275199916796283e-05,0.00015999999595806003
-2.274799916763187e-05,0.00015999999595806003
-2.2743999167300908e-05,0.00015999999595806003
-2.2739999166969946e-05,0.00015999999595806003
-2.2735999166638985e-05,0.00011999999696854502
-2.2731999166308023e-05,0.00015999999595806003
-2.2727999165977062e-05,0.00011999999696854502
-2.27239991656461e-05,0.00015999999595806003
-2.271999916531514e-05,0.00011999999696854502
-2.2715999164984178e-05,0.00015999999595806003
-2.2711999164653216e-05,0.00015999999595806003
-2.2707999164322255e-05,0.00019999999494757503
-2.2703999163991293e-05,0.00015999999595806003
-2.269999916366033e-05,0.00015999999595806003
-2.269599916332937e-05,0.00015999999595806003
-2.269199916299841e-05,0.00015999999595806003
-2.2687999162667447e-05,0.00015999999595806003
-2.2683999162336486e-05,0.00015999999595806003
-2.2679999162005524e-05,0.00015999999595806003
-2.2675999161674563e-05,0.00015999999595806003
-2.26719991613436e-05,0.00011999999696854502
-2.266799916101264e-05,0.00015999999595806003
-2.2663999160681678e-05,0.00015999999595806003
-2.2659999160350717e-05,0.00015999999595806003
-2.2655999160019755e-05,0.00015999999595806003
-2.2651999159688794e-05,0.00015999999595806003
-2.2647999159357832e-05,0.00015999999595806003
-2.264399915902687e-05,0.00015999999595806003
-2.263999915869591e-05,0.00015999999595806003
-2.2635999158364948e-05,0.00019999999494757503
-2.2631999158033986e-05,0.00015999999595806003
-2.2627999157703025e-05,0.00015999999595806003
-2.2623999157372063e-05,0.00015999999595806003
-2.2619999157041102e-05,0.00015999999595806003
-2.261599915671014e-05,0.00015999999595806003
-2.261199915637918e-05,0.00015999999595806003
-2.2607999156048217e-05,0.00015999999595806003
-2.2603999155717256e-05,0.00015999999595806003
-2.2599999155386294e-05,0.00015999999595806003
-2.2595999155055333e-05,0.00015999999595806003
-2.259199915472437e-05,0.00015999999595806003
-2.258799915439341e-05,0.00015999999595806003
-2.258399915406245e-05,0.00015999999595806003
-2.2579999153731487e-05,0.00015999999595806003
-2.2575999153400526e-05,0.00015999999595806003
-2.2571999153069564e-05,0.00015999999595806003
-2.2567999152738603e-05,0.00015999999595806003
-2.256399915240764e-05,0.00015999999595806003
-2.255999915207668e-05,0.00015999999595806003
-2.2555999151745718e-05,0.00015999999595806003
-2.2551999151414757e-05,0.00015999999595806003
-2.2547999151083795e-05,0.00015999999595806003
-2.2543999150752834e-05,0.00015999999595806003
-2.2539999150421872e-05,0.00015999999595806003
-2.253599915009091e-05,0.00015999999595806003
-2.253199914975995e-05,0.00015999999595806003
-2.2527999149428988e-05,0.00015999999595806003
-2.2523999149098026e-05,0.00015999999595806003
-2.2519999148767065e-05,0.00015999999595806003
-2.2515999148436103e-05,0.00019999999494757503
-2.2511999148105142e-05,0.00015999999595806003
-2.250799914777418e-05,0.00015999999595806003
-2.250399914744322e-05,0.00015999999595806003
-2.2499999147112257e-05,0.00015999999595806003
-2.2495999146781296e-05,0.00011999999696854502
-2.2491999146450334e-05,0.00015999999595806003
-2.2487999146119373e-05,0.00015999999595806003
-2.248399914578841e-05,0.00015999999595806003
-2.247999914545745e-05,0.00015999999595806003
-2.247599914512649e-05,0.00015999999595806003
-2.2471999144795527e-05,0.00015999999595806003
-2.2467999144464566e-05,0.00015999999595806003
-2.2463999144133604e-05,0.00015999999595806003
-2.2459999143802643e-05,0.00015999999595806003
-2.245599914347168e-05,0.00015999999595806003
-2.245199914314072e-05,0.00015999999595806003
-2.2447999142809758e-05,0.00011999999696854502
-2.2443999142478797e-05,0.00015999999595806003
-2.2439999142147835e-05,0.00015999999595806003
-2.2435999141816874e-05,0.00015999999595806003
-2.2431999141485912e-05,0.00015999999595806003
-2.242799914115495e-05,0.00015999999595806003
-2.242399914082399e-05,0.00015999999595806003
-2.2419999140493028e-05,0.00015999999595806003
-2.2415999140162066e-05,0.00015999999595806003
-2.2411999139831105e-05,0.00015999999595806003
-2.2407999139500143e-05,0.00011999999696854502
-2.2403999139169182e-05,0.00015999999595806003
-2.239999913883822e-05,0.00015999999595806003
-2.239599913850726e-05,0.00019999999494757503
-2.2391999138176297e-05,0.00015999999595806003
-2.2387999137845336e-05,0.00019999999494757503
-2.2383999137514374e-05,0.00015999999595806003
-2.2379999137183413e-05,0.00015999999595806003
-2.237599913685245e-05,0.00015999999595806003
-2.237199913652149e-05,0.00015999999595806003
-2.236799913619053e-05,0.00015999999595806003
-2.2363999135859567e-05,0.00015999999595806003
-2.2359999135528605e-05,0.00015999999595806003
-2.2355999135197644e-05,0.00015999999595806003
-2.2351999134866682e-05,0.00015999999595806003
-2.234799913453572e-05,0.00015999999595806003
-2.234399913420476e-05,0.00015999999595806003
-2.2339999133873798e-05,0.00015999999595806003
-2.2335999133542837e-05,0.00015999999595806003
-2.2331999133211875e-05,0.00015999999595806003
-2.2327999132880914e-05,0.00015999999595806003
-2.2323999132549952e-05,0.00015999999595806003
-2.231999913221899e-05,0.00015999999595806003
-2.231599913188803e-05,0.00015999999595806003
-2.2311999131557068e-05,0.00015999999595806003
-2.2307999131226106e-05,0.00015999999595806003
-2.2303999130895145e-05,0.00015999999595806003
-2.2299999130564183e-05,0.00015999999595806003
-2.2295999130233222e-05,0.00015999999595806003
-2.229199912990226e-05,0.00015999999595806003
-2.22879991295713e-05,0.00011999999696854502
-2.2283999129240337e-05,0.00015999999595806003
-2.2279999128909376e-05,0.00015999999595806003
-2.2275999128578414e-05,0.00015999999595806003
-2.2271999128247453e-05,0.00015999999595806003
-2.226799912791649e-05,0.00015999999595806003
-2.226399912758553e-05,0.00011999999696854502
-2.225999912725457e-05,0.00015999999595806003
-2.2255999126923607e-05,0.00011999999696854502
-2.2251999126592645e-05,0.00015999999595806003
-2.2247999126261684e-05,0.00015999999595806003
-2.2243999125930722e-05,0.00015999999595806003
-2.223999912559976e-05,0.00015999999595806003
-2.22359991252688e-05,0.00015999999595806003
-2.2231999124937838e-05,0.00015999999595806003
-2.2227999124606876e-05,0.00015999999595806003
-2.2223999124275915e-05,0.00011999999696854502
-2.2219999123944954e-05,0.00015999999595806003
-2.2215999123613992e-05,0.00015999999595806003
-2.221199912328303e-05,0.00015999999595806003
-2.220799912295207e-05,0.00015999999595806003
-2.2203999122621108e-05,0.00015999999595806003
-2.2199999122290146e-05,0.00015999999595806003
-2.2195999121959185e-05,0.00015999999595806003
-2.2191999121628223e-05,0.00011999999696854502
-2.218799912129726e-05,0.00015999999595806003
-2.21839991209663e-05,0.00015999999595806003
-2.217999912063534e-05,0.00015999999595806003
-2.2175999120304377e-05,0.00015999999595806003
-2.2171999119973416e-05,0.00015999999595806003
-2.2167999119642454e-05,0.00015999999595806003
-2.2163999119311493e-05,0.00015999999595806003
-2.215999911898053e-05,0.00015999999595806003
-2.215599911864957e-05,0.00015999999595806003
-2.2151999118318608e-05,0.00015999999595806003
-2.2147999117987647e-05,0.00015999999595806003
-2.2143999117656685e-05,0.00011999999696854502
-2.2139999117325724e-05,0.00015999999595806003
-2.2135999116994762e-05,0.00011999999696854502
-2.21319991166638e-05,0.00015999999595806003
-2.212799911633284e-05,0.00015999999595806003
-2.2123999116001878e-05,0.00015999999595806003
-2.2119999115670916e-05,0.00015999999595806003
-2.2115999115339955e-05,0.00015999999595806003
-2.2111999115008993e-05,0.00015999999595806003
-2.2107999114678032e-05,0.00015999999595806003
-2.210399911434707e-05,0.00015999999595806003
-2.209999911401611e-05,0.00019999999494757503
-2.2095999113685148e-05,0.00015999999595806003
-2.2091999113354186e-05,0.00015999999595806003
-2.2087999113023225e-05,0.00015999999595806003
-2.2083999112692263e-05,0.00015999999595806003
-2.20799991123613e-05,0.00015999999595806003
-2.207599911203034e-05,0.00015999999595806003
-2.207199911169938e-05,0.00015999999595806003
-2.2067999111368417e-05,0.00019999999494757503
-2.2063999111037456e-05,0.00015999999595806003
-2.2059999110706494e-05,0.00015999999595806003
-2.2055999110375533e-05,0.00015999999595806003
-2.205199911004457e-05,0.00015999999595806003
-2.204799910971361e-05,0.00011999999696854502
-2.2043999109382648e-05,0.00015999999595806003
-2.2039999109051687e-05,0.00011999999696854502
-2.2035999108720725e-05,0.00015999999595806003
-2.2031999108389764e-05,0.00015999999595806003
-2.2027999108058802e-05,0.00019999999494757503
-2.202399910772784e-05,0.00015999999595806003
-2.201999910739688e-05,0.00019999999494757503
-2.2015999107065918e-05,0.00015999999595806003
-2.2011999106734956e-05,0.00015999999595806003
-2.2007999106403995e-05,0.00015999999595806003
-2.2003999106073033e-05,0.00015999999595806003
-2.1999999105742072e-05,0.00015999999595806003
-2.199599910541111e-05,0.00015999999595806003
-2.199199910508015e-05,0.00015999999595806003
-2.1987999104749187e-05,0.00015999999595806003
-2.1983999104418226e-05,0.00011999999696854502
-2.1979999104087264e-05,0.00015999999595806003
-2.1975999103756303e-05,0.00011999999696854502
-2.197199910342534e-05,0.00015999999595806003
-2.196799910309438e-05,0.00015999999595806003
-2.196399910276342e-05,0.00015999999595806003
-2.1959999102432457e-05,0.00015999999595806003
-2.1955999102101496e-05,0.00015999999595806003
-2.1951999101770534e-05,0.00015999999595806003
-2.1947999101439573e-05,0.00019999999494757503
-2.194399910110861e-05,0.00015999999595806003
-2.193999910077765e-05,0.00019999999494757503
-2.1935999100446688e-05,0.00015999999595806003
-2.1931999100115727e-05,0.00015999999595806003
-2.1927999099784765e-05,0.00011999999696854502
-2.1923999099453804e-05,0.00011999999696854502
-2.1919999099122842e-05,0.00011999999696854502
-2.191599909879188e-05,0.00015999999595806003
-2.191199909846092e-05,0.00015999999595806003
-2.1907999098129958e-05,0.00019999999494757503
-2.1903999097798996e-05,0.00015999999595806003
-2.1899999097468035e-05,0.00019999999494757503
-2.1895999097137073e-05,0.00015999999595806003
-2.1891999096806112e-05,0.00015999999595806003
-2.188799909647515e-05,0.00015999999595806003
-2.188399909614419e-05,0.00015999999595806003
-2.1879999095813227e-05,0.00011999999696854502
-2.1875999095482266e-05,0.00015999999595806003
-2.1871999095151304e-05,0.00015999999595806003
-2.1867999094820343e-05,0.00019999999494757503
-2.186399909448938e-05,0.00015999999595806003
-2.185999909415842e-05,0.00019999999494757503
-2.185599909382746e-05,0.00015999999595806003
-2.1851999093496497e-05,0.00015999999595806003
-2.1847999093165536e-05,0.00015999999595806003
-2.1843999092834574e-05,0.00015999999595806003
-2.1839999092503613e-05,0.00015999999595806003
-2.183599909217265e-05,0.00019999999494757503
-2.183199909184169e-05,0.00015999999595806003
-2.1827999091510728e-05,0.00015999999595806003
-2.1823999091179767e-05,0.00011999999696854502
-2.1819999090848805e-05,0.00015999999595806003
-2.1815999090517844e-05,0.00011999999696854502
-2.1811999090186882e-05,0.00015999999595806003
-2.180799908985592e-05,0.00015999999595806003
-2.180399908952496e-05,0.00015999999595806003
-2.1799999089193998e-05,0.00015999999595806003
-2.1795999088863036e-05,0.00019999999494757503
-2.1791999088532075e-05,0.00015999999595806003
-2.1787999088201113e-05,0.00019999999494757503
-2.1783999087870152e-05,0.00015999999595806003
-2.177999908753919e-05,0.00019999999494757503
-2.177599908720823e-05,0.00015999999595806003
-2.1771999086877267e-05,0.00015999999595806003
-2.1767999086546306e-05,0.00011999999696854502
-2.1763999086215344e-05,0.00015999999595806003
-2.1759999085884383e-05,0.00011999999696854502
-2.175599908555342e-05,0.00015999999595806003
-2.175199908522246e-05,0.00015999999595806003
-2.17479990848915e-05,0.00015999999595806003
-2.1743999084560537e-05,0.00015999999595806003
-2.1739999084229575e-05,0.00019999999494757503
-2.1735999083898614e-05,0.00015999999595806003
-2.1731999083567652e-05,0.00015999999595806003
-2.172799908323669e-05,0.00015999999595806003
-2.172399908290573e-05,0.00015999999595806003
-2.1719999082574768e-05,0.00015999999595806003
-2.1715999082243807e-05,0.00015999999595806003
-2.1711999081912845e-05,0.00011999999696854502
-2.1707999081581884e-05,0.00015999999595806003
-2.1703999081250922e-05,0.00015999999595806003
-2.169999908091996e-05,0.00015999999595806003
-2.1695999080589e-05,0.00011999999696854502
-2.1691999080258038e-05,0.00011999999696854502
-2.1687999079927076e-05,0.00011999999696854502
-2.1683999079596115e-05,0.00015999999595806003
-2.1679999079265153e-05,0.00015999999595806003
-2.1675999078934192e-05,0.00019999999494757503
-2.167199907860323e-05,0.00015999999595806003
-2.166799907827227e-05,0.00019999999494757503
-2.1663999077941307e-05,0.00015999999595806003
-2.1659999077610346e-05,0.00019999999494757503
-2.1655999077279384e-05,0.00015999999595806003
-2.1651999076948423e-05,0.00019999999494757503
-2.164799907661746e-05,0.00011999999696854502
-2.16439990762865e-05,0.00011999999696854502
-2.163999907595554e-05,0.00011999999696854502
-2.1635999075624577e-05,0.00015999999595806003
-2.1631999075293615e-05,0.00011999999696854502
-2.1627999074962654e-05,0.00015999999595806003
-2.1623999074631692e-05,0.00015999999595806003
-2.161999907430073e-05,0.00019999999494757503
-2.161599907396977e-05,0.00015999999595806003
-2.1611999073638808e-05,0.00019999999494757503
-2.1607999073307846e-05,0.00015999999595806003
-2.1603999072976885e-05,0.00015999999595806003
-2.1599999072645924e-05,0.00015999999595806003
-2.1595999072314962e-05,0.00015999999595806003
-2.1591999071984e-05,0.00015999999595806003
-2.158799907165304e-05,0.00015999999595806003
-2.1583999071322078e-05,0.00015999999595806003
-2.1579999070991116e-05,0.00015999999595806003
-2.1575999070660155e-05,0.00015999999595806003
-2.1571999070329193e-05,0.00015999999595806003
-2.156799906999823e-05,0.00015999999595806003
-2.156399906966727e-05,0.00015999999595806003
-2.155999906933631e-05,0.00011999999696854502
-2.1555999069005347e-05,0.00015999999595806003
-2.1551999068674386e-05,0.00015999999595806003
-2.1547999068343424e-05,0.00015999999595806003
-2.1543999068012463e-05,0.00015999999595806003
-2.15399990676815e-05,0.00019999999494757503
-2.153599906735054e-05,0.00015999999595806003
-2.1531999067019578e-05,0.00019999999494757503
-2.1527999066688617e-05,0.00015999999595806003
-2.1523999066357655e-05,0.00015999999595806003
-2.1519999066026694e-05,0.00015999999595806003
-2.1515999065695732e-05,0.00015999999595806003
-2.151199906536477e-05,0.00011999999696854502
-2.150799906503381e-05,0.00015999999595806003
-2.1503999064702848e-05,0.00015999999595806003
-2.1499999064371886e-05,0.00015999999595806003
-2.1495999064040925e-05,0.00015999999595806003
-2.1491999063709963e-05,0.00019999999494757503
-2.1487999063379002e-05,0.00015999999595806003
-2.148399906304804e-05,0.00015999999595806003
-2.147999906271708e-05,0.00015999999595806003
-2.1475999062386117e-05,0.00011999999696854502
-2.1471999062055156e-05,0.00011999999696854502
-2.1467999061724195e-05,0.00015999999595806003
-2.1463999061393233e-05,0.00015999999595806003
-2.145999906106227e-05,0.00019999999494757503
-2.145599906073131e-05,0.00015999999595806003
-2.145199906040035e-05,0.00015999999595806003
-2.1447999060069387e-05,0.00015999999595806003
-2.1443999059738426e-05,0.00015999999595806003
-2.1439999059407464e-05,0.00015999999595806003
-2.1435999059076503e-05,0.00015999999595806003
-2.143199905874554e-05,0.00015999999595806003
-2.142799905841458e-05,0.00015999999595806003
-2.1423999058083618e-05,0.00011999999696854502
-2.1419999057752657e-05,0.00015999999595806003
-2.1415999057421695e-05,0.00015999999595806003
-2.1411999057090734e-05,0.00015999999595806003
-2.1407999056759772e-05,0.00011999999696854502
-2.140399905642881e-05,0.00015999999595806003
-2.139999905609785e-05,0.00015999999595806003
-2.1395999055766888e-05,0.00015999999595806003
-2.1391999055435926e-05,0.00015999999595806003
-2.1387999055104965e-05,0.00015999999595806003
-2.1383999054774003e-05,0.00015999999595806003
-2.1379999054443042e-05,0.00019999999494757503
-2.137599905411208e-05,0.00015999999595806003
-2.137199905378112e-05,0.00019999999494757503
-2.1367999053450157e-05,0.00015999999595806003
-2.1363999053119196e-05,0.00011999999696854502
-2.1359999052788234e-05,0.00015999999595806003
-2.1355999052457273e-05,0.00011999999696854502
-2.135199905212631e-05,0.00011999999696854502
-2.134799905179535e-05,0.00015999999595806003
-2.134399905146439e-05,0.00015999999595806003
-2.1339999051133427e-05,0.00019999999494757503
-2.1335999050802466e-05,0.00015999999595806003
-2.1331999050471504e-05,0.00019999999494757503
-2.1327999050140543e-05,0.00015999999595806003
-2.132399904980958e-05,0.00015999999595806003
-2.131999904947862e-05,0.00015999999595806003
-2.1315999049147658e-05,0.00015999999595806003
-2.1311999048816697e-05,0.00015999999595806003
-2.1307999048485735e-05,0.00015999999595806003
-2.1303999048154774e-05,0.00015999999595806003
-2.1299999047823812e-05,0.00015999999595806003
-2.129599904749285e-05,0.00015999999595806003
-2.129199904716189e-05,0.00015999999595806003
-2.1287999046830928e-05,0.00015999999595806003
-2.1283999046499966e-05,0.00015999999595806003
-2.1279999046169005e-05,0.00011999999696854502
-2.1275999045838043e-05,0.00015999999595806003
-2.1271999045507082e-05,0.00015999999595806003
-2.126799904517612e-05,0.00015999999595806003
-2.126399904484516e-05,0.00015999999595806003
-2.1259999044514197e-05,0.00015999999595806003
-2.1255999044183236e-05,0.00015999999595806003
-2.1251999043852274e-05,0.00019999999494757503
-2.1247999043521313e-05,0.00015999999595806003
-2.124399904319035e-05,0.00015999999595806003
-2.123999904285939e-05,0.00015999999595806003
-2.123599904252843e-05,0.00015999999595806003
-2.1231999042197467e-05,0.00015999999595806003
-2.1227999041866505e-05,0.00015999999595806003
-2.1223999041535544e-05,0.00015999999595806003
-2.1219999041204583e-05,0.00015999999595806003
-2.121599904087362e-05,0.00015999999595806003
-2.121199904054266e-05,0.00015999999595806003
-2.1207999040211698e-05,0.00015999999595806003
-2.1203999039880737e-05,0.00015999999595806003
-2.1199999039549775e-05,0.00011999999696854502
-2.1195999039218814e-05,0.00015999999595806003
-2.1191999038887852e-05,0.00011999999696854502
-2.118799903855689e-05,0.00015999999595806003
-2.118399903822593e-05,0.00015999999595806003
-2.1179999037894968e-05,0.00019999999494757503
-2.1175999037564006e-05,0.00015999999595806003
-2.1171999037233045e-05,0.00019999999494757503
-2.1167999036902083e-05,0.00015999999595806003
-2.1163999036571122e-05,0.00015999999595806003
-2.115999903624016e-05,0.00015999999595806003
-2.11559990359092e-05,0.00015999999595806003
-2.1151999035578237e-05,0.00011999999696854502
-2.1147999035247276e-05,0.00015999999595806003
-2.1143999034916314e-05,0.00011999999696854502
-2.1139999034585353e-05,0.00015999999595806003
-2.113599903425439e-05,0.00011999999696854502
-2.113199903392343e-05,0.00015999999595806003
-2.112799903359247e-05,0.00015999999595806003
-2.1123999033261507e-05,0.00015999999595806003
-2.1119999032930545e-05,0.00015999999595806003
-2.1115999032599584e-05,0.00015999999595806003
-2.1111999032268622e-05,0.00015999999595806003
-2.110799903193766e-05,0.00019999999494757503
-2.11039990316067e-05,0.00015999999595806003
-2.1099999031275738e-05,0.00019999999494757503
-2.1095999030944777e-05,0.00015999999595806003
-2.1091999030613815e-05,0.00015999999595806003
-2.1087999030282854e-05,0.00011999999696854502
-2.1083999029951892e-05,0.00011999999696854502
-2.107999902962093e-05,0.00011999999696854502
-2.107599902928997e-05,0.00011999999696854502
-2.1071999028959008e-05,0.00011999999696854502
-2.1067999028628046e-05,0.00015999999595806003
-2.1063999028297085e-05,0.00015999999595806003
-2.1059999027966123e-05,0.00015999999595806003
-2.105599902763516e-05,0.00015999999595806003
-2.10519990273042e-05,0.00019999999494757503
-2.104799902697324e-05,0.00015999999595806003
-2.1043999026642277e-05,0.00019999999494757503
-2.1039999026311316e-05,0.00015999999595806003
-2.1035999025980354e-05,0.00015999999595806003
-2.1031999025649393e-05,0.00015999999595806003
-2.102799902531843e-05,0.00015999999595806003
-2.102399902498747e-05,0.00011999999696854502
-2.101999902465651e-05,0.00015999999595806003
-2.1015999024325547e-05,0.00011999999696854502
-2.1011999023994585e-05,0.00015999999595806003
-2.1007999023663624e-05,0.00011999999696854502
-2.1003999023332662e-05,0.00015999999595806003
-2.09999990230017e-05,0.00011999999696854502
-2.099599902267074e-05,0.00015999999595806003
-2.0991999022339778e-05,0.00015999999595806003
-2.0987999022008816e-05,0.00019999999494757503
-2.0983999021677855e-05,0.00015999999595806003
-2.0979999021346893e-05,0.00019999999494757503
-2.0975999021015932e-05,0.00015999999595806003
-2.097199902068497e-05,0.00019999999494757503
-2.096799902035401e-05,0.00015999999595806003
-2.0963999020023048e-05,0.00015999999595806003
-2.0959999019692086e-05,0.00011999999696854502
-2.0955999019361125e-05,0.00011999999696854502
-2.0951999019030163e-05,0.00011999999696854502
-2.09479990186992e-05,0.00011999999696854502
-2.094399901836824e-05,0.00011999999696854502
-2.093999901803728e-05,0.00015999999595806003
-2.0935999017706317e-05,0.00015999999595806003
-2.0931999017375356e-05,0.00015999999595806003
-2.0927999017044394e-05,0.00015999999595806003
-2.0923999016713433e-05,0.00019999999494757503
-2.091999901638247e-05,0.00015999999595806003
-2.091599901605151e-05,0.00019999999494757503
-2.0911999015720548e-05,0.00015999999595806003
-2.0907999015389587e-05,0.00015999999595806003
-2.0903999015058625e-05,0.00015999999595806003
-2.0899999014727664e-05,0.00015999999595806003
-2.0895999014396702e-05,0.00015999999595806003
-2.089199901406574e-05,0.00015999999595806003
-2.088799901373478e-05,0.00011999999696854502
-2.0883999013403818e-05,0.00011999999696854502
-2.0879999013072856e-05,0.00011999999696854502
-2.0875999012741895e-05,0.00011999999696854502
-2.0871999012410933e-05,0.00011999999696854502
-2.0867999012079972e-05,0.00015999999595806003
-2.086399901174901e-05,0.00015999999595806003
-2.085999901141805e-05,0.00015999999595806003
-2.0855999011087087e-05,0.00015999999595806003
-2.0851999010756126e-05,0.00019999999494757503
-2.0847999010425165e-05,0.00019999999494757503
-2.0843999010094203e-05,0.00019999999494757503
-2.083999900976324e-05,0.00015999999595806003
-2.083599900943228e-05,0.00015999999595806003
-2.083199900910132e-05,0.00011999999696854502
-2.0827999008770357e-05,0.00015999999595806003
-2.0823999008439396e-05,0.00011999999696854502
-2.0819999008108434e-05,0.00015999999595806003
-2.0815999007777473e-05,0.00011999999696854502
-2.081199900744651e-05,0.00015999999595806003
-2.080799900711555e-05,0.00015999999595806003
-2.0803999006784588e-05,0.00019999999494757503
-2.0799999006453627e-05,0.00015999999595806003
-2.0795999006122665e-05,0.00015999999595806003
-2.0791999005791704e-05,0.00015999999595806003
-2.0787999005460742e-05,0.00015999999595806003
-2.078399900512978e-05,0.00015999999595806003
-2.077999900479882e-05,0.00015999999595806003
-2.0775999004467858e-05,0.00015999999595806003
-2.0771999004136896e-05,0.00015999999595806003
-2.0767999003805935e-05,0.00015999999595806003
-2.0763999003474973e-05,0.00015999999595806003
-2.0759999003144012e-05,0.00011999999696854502
-2.075599900281305e-05,0.00015999999595806003
-2.075199900248209e-05,0.00011999999696854502
-2.0747999002151127e-05,0.00015999999595806003
-2.0743999001820166e-05,0.00015999999595806003
-2.0739999001489204e-05,0.00015999999595806003
-2.0735999001158243e-05,0.00015999999595806003
-2.073199900082728e-05,0.00019999999494757503
-2.072799900049632e-05,0.00019999999494757503
-2.072399900016536e-05,0.00019999999494757503
-2.0719998999834397e-05,0.00015999999595806003
-2.0715998999503436e-05,0.00015999999595806003
-2.0711998999172474e-05,0.00015999999595806003
-2.0707998998841513e-05,0.00015999999595806003
-2.070399899851055e-05,0.00011999999696854502
-2.069999899817959e-05,0.00011999999696854502
-2.0695998997848628e-05,0.00011999999696854502
-2.0691998997517667e-05,0.00015999999595806003
-2.0687998997186705e-05,0.00011999999696854502
-2.0683998996855744e-05,0.00015999999595806003
-2.0679998996524782e-05,0.00015999999595806003
-2.067599899619382e-05,0.00015999999595806003
-2.067199899586286e-05,0.00015999999595806003
-2.0667998995531898e-05,0.00015999999595806003
-2.0663998995200936e-05,0.00015999999595806003
-2.0659998994869975e-05,0.00019999999494757503
-2.0655998994539013e-05,0.00015999999595806003
-2.0651998994208052e-05,0.00015999999595806003
-2.064799899387709e-05,0.00015999999595806003
-2.064399899354613e-05,0.00015999999595806003
-2.0639998993215167e-05,0.00015999999595806003
-2.0635998992884206e-05,0.00015999999595806003
-2.0631998992553244e-05,0.00011999999696854502
-2.0627998992222283e-05,0.00015999999595806003
-2.062399899189132e-05,0.00015999999595806003
-2.061999899156036e-05,0.00015999999595806003
-2.06159989912294e-05,0.00015999999595806003
-2.0611998990898437e-05,0.00019999999494757503
-2.0607998990567475e-05,0.00015999999595806003
-2.0603998990236514e-05,0.00019999999494757503
-2.0599998989905553e-05,0.00015999999595806003
-2.059599898957459e-05,0.00015999999595806003
-2.059199898924363e-05,0.00015999999595806003
-2.0587998988912668e-05,0.00015999999595806003
-2.0583998988581707e-05,0.00015999999595806003
-2.0579998988250745e-05,0.00015999999595806003
-2.0575998987919784e-05,0.00011999999696854502
-2.0571998987588822e-05,0.00015999999595806003
-2.056799898725786e-05,0.00011999999696854502
-2.05639989869269e-05,0.00015999999595806003
-2.0559998986595938e-05,0.00015999999595806003
-2.0555998986264976e-05,0.00015999999595806003
-2.0551998985934015e-05,0.00015999999595806003
-2.0547998985603053e-05,0.00015999999595806003
-2.0543998985272092e-05,0.00015999999595806003
-2.053999898494113e-05,0.00015999999595806003
-2.053599898461017e-05,0.00015999999595806003
-2.0531998984279207e-05,0.00019999999494757503
-2.0527998983948246e-05,0.00015999999595806003
-2.0523998983617284e-05,0.00015999999595806003
-2.0519998983286323e-05,0.00015999999595806003
-2.051599898295536e-05,0.00015999999595806003
-2.05119989826244e-05,0.00011999999696854502
-2.050799898229344e-05,0.00015999999595806003
-2.0503998981962477e-05,0.00015999999595806003
-2.0499998981631515e-05,0.00015999999595806003
-2.0495998981300554e-05,0.00015999999595806003
-2.0491998980969592e-05,0.00015999999595806003
-2.048799898063863e-05,0.00015999999595806003
-2.048399898030767e-05,0.00015999999595806003
-2.0479998979976708e-05,0.00015999999595806003
-2.0475998979645746e-05,0.00019999999494757503
-2.0471998979314785e-05,0.00015999999595806003
-2.0467998978983824e-05,0.00015999999595806003
-2.0463998978652862e-05,0.00015999999595806003
-2.04599989783219e-05,0.00015999999595806003
-2.045599897799094e-05,0.00015999999595806003
-2.0451998977659978e-05,0.00015999999595806003
-2.0447998977329016e-05,0.00015999999595806003
-2.0443998976998055e-05,0.00015999999595806003
-2.0439998976667093e-05,0.00015999999595806003
-2.043599897633613e-05,0.00015999999595806003
-2.043199897600517e-05,0.00015999999595806003
-2.042799897567421e-05,0.00015999999595806003
-2.0423998975343247e-05,0.00015999999595806003
-2.0419998975012286e-05,0.00019999999494757503
-2.0415998974681324e-05,0.00015999999595806003
-2.0411998974350363e-05,0.00015999999595806003
-2.04079989740194e-05,0.00015999999595806003
-2.040399897368844e-05,0.00015999999595806003
-2.0399998973357478e-05,0.00015999999595806003
-2.0395998973026517e-05,0.00015999999595806003
-2.0391998972695555e-05,0.00015999999595806003
-2.0387998972364594e-05,0.00015999999595806003
-2.0383998972033632e-05,0.00015999999595806003
-2.037999897170267e-05,0.00015999999595806003
-2.037599897137171e-05,0.00015999999595806003
-2.0371998971040748e-05,0.00015999999595806003
-2.0367998970709786e-05,0.00015999999595806003
-2.0363998970378825e-05,0.00015999999595806003
-2.0359998970047863e-05,0.00015999999595806003
-2.0355998969716902e-05,0.00019999999494757503
-2.035199896938594e-05,0.00015999999595806003
-2.034799896905498e-05,0.00019999999494757503
-2.0343998968724018e-05,0.00015999999595806003
-2.0339998968393056e-05,0.00015999999595806003
-2.0335998968062095e-05,0.00015999999595806003
-2.0331998967731133e-05,0.00015999999595806003
-2.032799896740017e-05,0.00015999999595806003
-2.032399896706921e-05,0.00015999999595806003
-2.031999896673825e-05,0.00015999999595806003
-2.0315998966407287e-05,0.00015999999595806003
-2.0311998966076326e-05,0.00015999999595806003
-2.0307998965745364e-05,0.00015999999595806003
-2.0303998965414403e-05,0.00015999999595806003
-2.029999896508344e-05,0.00015999999595806003
-2.029599896475248e-05,0.00015999999595806003
-2.0291998964421518e-05,0.00015999999595806003
-2.0287998964090557e-05,0.00015999999595806003
-2.0283998963759595e-05,0.00015999999595806003
-2.0279998963428634e-05,0.00015999999595806003
-2.0275998963097672e-05,0.00015999999595806003
-2.027199896276671e-05,0.00015999999595806003
-2.026799896243575e-05,0.00015999999595806003
-2.0263998962104788e-05,0.00015999999595806003
-2.0259998961773826e-05,0.00015999999595806003
-2.0255998961442865e-05,0.00011999999696854502
-2.0251998961111903e-05,0.00015999999595806003
-2.0247998960780942e-05,0.00015999999595806003
-2.024399896044998e-05,0.00015999999595806003
-2.023999896011902e-05,0.00015999999595806003
-2.0235998959788057e-05,0.00019999999494757503
-2.0231998959457096e-05,0.00015999999595806003
-2.0227998959126134e-05,0.00015999999595806003
-2.0223998958795173e-05,0.00011999999696854502
-2.021999895846421e-05,0.00015999999595806003
-2.021599895813325e-05,0.00015999999595806003
-2.021199895780229e-05,0.00015999999595806003
-2.0207998957471327e-05,0.00015999999595806003
-2.0203998957140366e-05,0.00015999999595806003
-2.0199998956809404e-05,0.00015999999595806003
-2.0195998956478443e-05,0.00019999999494757503
-2.019199895614748e-05,0.00015999999595806003
-2.018799895581652e-05,0.00015999999595806003
-2.0183998955485558e-05,0.00015999999595806003
-2.0179998955154597e-05,0.00015999999595806003
-2.0175998954823635e-05,0.00015999999595806003
-2.0171998954492674e-05,0.00015999999595806003
-2.0167998954161712e-05,0.00011999999696854502
-2.016399895383075e-05,0.00015999999595806003
-2.015999895349979e-05,0.00015999999595806003
-2.0155998953168828e-05,0.00019999999494757503
-2.0151998952837866e-05,0.00015999999595806003
-2.0147998952506905e-05,0.00015999999595806003
-2.0143998952175943e-05,0.00011999999696854502
-2.0139998951844982e-05,0.00015999999595806003
-2.013599895151402e-05,0.00015999999595806003
-2.013199895118306e-05,0.00015999999595806003
-2.0127998950852097e-05,0.00011999999696854502
-2.0123998950521136e-05,0.00015999999595806003
-2.0119998950190174e-05,0.00015999999595806003
-2.0115998949859213e-05,0.00015999999595806003
-2.011199894952825e-05,0.00015999999595806003
-2.010799894919729e-05,0.00019999999494757503
-2.010399894886633e-05,0.00015999999595806003
-2.0099998948535367e-05,0.00015999999595806003
-2.0095998948204406e-05,0.00015999999595806003
-2.0091998947873444e-05,0.00015999999595806003
-2.0087998947542483e-05,0.00015999999595806003
-2.008399894721152e-05,0.00015999999595806003
-2.007999894688056e-05,0.00015999999595806003
-2.0075998946549598e-05,0.00015999999595806003
-2.0071998946218637e-05,0.00015999999595806003
-2.0067998945887675e-05,0.00015999999595806003
-2.0063998945556714e-05,0.00011999999696854502
-2.0059998945225752e-05,0.00015999999595806003
-2.005599894489479e-05,0.00015999999595806003
-2.005199894456383e-05,0.00015999999595806003
-2.0047998944232868e-05,0.00015999999595806003
-2.0043998943901906e-05,0.00015999999595806003
-2.0039998943570945e-05,0.00015999999595806003
-2.0035998943239983e-05,0.00015999999595806003
-2.0031998942909022e-05,0.00015999999595806003
-2.002799894257806e-05,0.00019999999494757503
-2.00239989422471e-05,0.00015999999595806003
-2.0019998941916137e-05,0.00015999999595806003
-2.0015998941585176e-05,0.00015999999595806003
-2.0011998941254214e-05,0.00015999999595806003
-2.0007998940923253e-05,0.00015999999595806003
-2.000399894059229e-05,0.00015999999595806003
-1.999999894026133e-05,0.00015999999595806003
-1.999599893993037e-05,0.00019999999494757503
-1.9991998939599407e-05,0.00015999999595806003
-1.9987998939268445e-05,0.00015999999595806003
-1.9983998938937484e-05,0.00015999999595806003
-1.9979998938606522e-05,0.00015999999595806003
-1.997599893827556e-05,0.00015999999595806003
-1.99719989379446e-05,0.00015999999595806003
-1.9967998937613638e-05,0.00015999999595806003
-1.9963998937282677e-05,0.00015999999595806003
-1.9959998936951715e-05,0.00015999999595806003
-1.9955998936620754e-05,0.00015999999595806003
-1.9951998936289792e-05,0.00015999999595806003
-1.994799893595883e-05,0.00015999999595806003
-1.994399893562787e-05,0.00015999999595806003
-1.9939998935296908e-05,0.00015999999595806003
-1.9935998934965946e-05,0.00015999999595806003
-1.9931998934634985e-05,0.00015999999595806003
-1.9927998934304023e-05,0.00015999999595806003
-1.9923998933973062e-05,0.00015999999595806003
-1.99199989336421e-05,0.00015999999595806003
-1.991599893331114e-05,0.00015999999595806003
-1.9911998932980177e-05,0.00015999999595806003
-1.9907998932649216e-05,0.00015999999595806003
-1.9903998932318254e-05,0.00015999999595806003
-1.9899998931987293e-05,0.00015999999595806003
-1.989599893165633e-05,0.00015999999595806003
-1.989199893132537e-05,0.00015999999595806003
-1.988799893099441e-05,0.00015999999595806003
-1.9883998930663447e-05,0.00015999999595806003
-1.9879998930332485e-05,0.00011999999696854502
-1.9875998930001524e-05,0.00015999999595806003
-1.9871998929670562e-05,0.00015999999595806003
-1.98679989293396e-05,0.00015999999595806003
-1.986399892900864e-05,0.00015999999595806003
-1.9859998928677678e-05,0.00015999999595806003
-1.9855998928346716e-05,0.00015999999595806003
-1.9851998928015755e-05,0.00015999999595806003
-1.9847998927684794e-05,0.00015999999595806003
-1.9843998927353832e-05,0.00015999999595806003
-1.983999892702287e-05,0.00015999999595806003
-1.983599892669191e-05,0.00015999999595806003
-1.9831998926360948e-05,0.00015999999595806003
-1.9827998926029986e-05,0.00015999999595806003
-1.9823998925699025e-05,0.00015999999595806003
-1.9819998925368063e-05,0.00015999999595806003
-1.98159989250371e-05,0.00015999999595806003
-1.981199892470614e-05,0.00015999999595806003
-1.980799892437518e-05,0.00015999999595806003
-1.9803998924044217e-05,0.00015999999595806003
-1.9799998923713256e-05,0.00015999999595806003
-1.9795998923382294e-05,0.00015999999595806003
-1.9791998923051333e-05,0.00015999999595806003
-1.978799892272037e-05,0.00015999999595806003
-1.978399892238941e-05,0.00015999999595806003
-1.9779998922058448e-05,0.00015999999595806003
-1.9775998921727487e-05,0.00015999999595806003
-1.9771998921396525e-05,0.00015999999595806003
-1.9767998921065564e-05,0.00015999999595806003
-1.9763998920734602e-05,0.00019999999494757503
-1.975999892040364e-05,0.00015999999595806003
-1.975599892007268e-05,0.00019999999494757503
-1.9751998919741718e-05,0.00015999999595806003
-1.9747998919410756e-05,0.00015999999595806003
-1.9743998919079795e-05,0.00015999999595806003
-1.9739998918748833e-05,0.00015999999595806003
-1.9735998918417872e-05,0.00015999999595806003
-1.973199891808691e-05,0.00015999999595806003
-1.972799891775595e-05,0.00015999999595806003
-1.9723998917424988e-05,0.00015999999595806003
-1.9719998917094026e-05,0.00015999999595806003
-1.9715998916763065e-05,0.00015999999595806003
-1.9711998916432103e-05,0.00015999999595806003
-1.970799891610114e-05,0.00019999999494757503
-1.970399891577018e-05,0.00015999999595806003
-1.969999891543922e-05,0.00015999999595806003
-1.9695998915108257e-05,0.00015999999595806003
-1.9691998914777296e-05,0.00015999999595806003
-1.9687998914446334e-05,0.00011999999696854502
-1.9683998914115373e-05,0.00015999999595806003
-1.967999891378441e-05,0.00015999999595806003
-1.967599891345345e-05,0.00019999999494757503
-1.9671998913122488e-05,0.00015999999595806003
-1.9667998912791527e-05,0.00015999999595806003
-1.9663998912460565e-05,0.00015999999595806003
-1.9659998912129604e-05,0.00015999999595806003
-1.9655998911798642e-05,0.00015999999595806003
-1.965199891146768e-05,0.00015999999595806003
-1.964799891113672e-05,0.00011999999696854502
-1.9643998910805758e-05,0.00015999999595806003
-1.9639998910474796e-05,0.00011999999696854502
-1.9635998910143835e-05,0.00019999999494757503
-1.9631998909812873e-05,0.00015999999595806003
-1.9627998909481912e-05,0.00019999999494757503
-1.962399890915095e-05,0.00015999999595806003
-1.961999890881999e-05,0.00015999999595806003
-1.9615998908489027e-05,0.00015999999595806003
-1.9611998908158066e-05,0.00015999999595806003
-1.9607998907827104e-05,0.00015999999595806003
-1.9603998907496143e-05,0.00015999999595806003
-1.959999890716518e-05,0.00015999999595806003
-1.959599890683422e-05,0.00015999999595806003
-1.959199890650326e-05,0.00015999999595806003
-1.9587998906172297e-05,0.00015999999595806003
-1.9583998905841336e-05,0.00015999999595806003
-1.9579998905510374e-05,0.00015999999595806003
-1.9575998905179413e-05,0.00015999999595806003
-1.957199890484845e-05,0.00015999999595806003
-1.956799890451749e-05,0.00015999999595806003
-1.9563998904186528e-05,0.00019999999494757503
-1.9559998903855567e-05,0.00015999999595806003
-1.9555998903524605e-05,0.00019999999494757503
-1.9551998903193644e-05,0.00019999999494757503
-1.9547998902862682e-05,0.00019999999494757503
-1.954399890253172e-05,0.00019999999494757503
-1.953999890220076e-05,0.00015999999595806003
-1.9535998901869798e-05,0.00015999999595806003
-1.9531998901538836e-05,0.00015999999595806003
-1.9527998901207875e-05,0.00011999999696854502
-1.9523998900876913e-05,0.00015999999595806003
-1.9519998900545952e-05,0.00011999999696854502
-1.951599890021499e-05,0.00015999999595806003
-1.951199889988403e-05,0.00015999999595806003
-1.9507998899553067e-05,0.00019999999494757503
-1.9503998899222106e-05,0.00015999999595806003
-1.9499998898891144e-05,0.00019999999494757503
-1.9495998898560183e-05,0.00015999999595806003
-1.949199889822922e-05,0.00019999999494757503
-1.948799889789826e-05,0.00019999999494757503
-1.94839988975673e-05,0.00019999999494757503
-1.9479998897236337e-05,0.00015999999595806003
-1.9475998896905375e-05,0.00019999999494757503
-1.9471998896574414e-05,0.00015999999595806003
-1.9467998896243453e-05,0.00015999999595806003
-1.946399889591249e-05,0.00015999999595806003
-1.945999889558153e-05,0.00015999999595806003
-1.9455998895250568e-05,0.00015999999595806003
-1.9451998894919607e-05,0.00015999999595806003
-1.9447998894588645e-05,0.00015999999595806003
-1.9443998894257684e-05,0.00019999999494757503
-1.9439998893926722e-05,0.00019999999494757503
-1.943599889359576e-05,0.00019999999494757503
-1.94319988932648e-05,0.00019999999494757503
-1.9427998892933838e-05,0.00019999999494757503
-1.9423998892602876e-05,0.00019999999494757503
-1.9419998892271915e-05,0.00019999999494757503
-1.9415998891940953e-05,0.00019999999494757503
-1.9411998891609992e-05,0.00015999999595806003
-1.940799889127903e-05,0.00015999999595806003
-1.940399889094807e-05,0.00019999999494757503
-1.9399998890617107e-05,0.00015999999595806003
-1.9395998890286146e-05,0.00019999999494757503
-1.9391998889955184e-05,0.00015999999595806003
-1.9387998889624223e-05,0.00019999999494757503
-1.938399888929326e-05,0.00019999999494757503
-1.93799988889623e-05,0.00015999999595806003
-1.937599888863134e-05,0.00019999999494757503
-1.9371998888300377e-05,0.00019999999494757503
-1.9367998887969415e-05,0.00015999999595806003
-1.9363998887638454e-05,0.00019999999494757503
-1.9359998887307492e-05,0.00015999999595806003
-1.935599888697653e-05,0.00019999999494757503
-1.935199888664557e-05,0.00019999999494757503
-1.9347998886314608e-05,0.00019999999494757503
-1.9343998885983647e-05,0.00019999999494757503
-1.9339998885652685e-05,0.00015999999595806003
-1.9335998885321724e-05,0.00019999999494757503
-1.9331998884990762e-05,0.00019999999494757503
-1.93279988846598e-05,0.00015999999595806003
-1.932399888432884e-05,0.00019999999494757503
-1.9319998883997878e-05,0.00015999999595806003
-1.9315998883666916e-05,0.00019999999494757503
-1.9311998883335955e-05,0.00019999999494757503
-1.9307998883004993e-05,0.00023999999393709004
-1.930399888267403e-05,0.00023999999393709004
-1.929999888234307e-05,0.00019999999494757503
-1.929599888201211e-05,0.00019999999494757503
-1.9291998881681147e-05,0.00023999999393709004
-1.9287998881350186e-05,0.00015999999595806003
-1.9283998881019224e-05,0.00019999999494757503
-1.9279998880688263e-05,0.00015999999595806003
-1.92759988803573e-05,0.00023999999393709004
-1.927199888002634e-05,0.00019999999494757503
-1.926799887969538e-05,0.00023999999393709004
-1.9263998879364417e-05,0.00023999999393709004
-1.9259998879033455e-05,0.00019999999494757503
-1.9255998878702494e-05,0.00019999999494757503
-1.9251998878371532e-05,0.00019999999494757503
-1.924799887804057e-05,0.00019999999494757503
-1.924399887770961e-05,0.00023999999393709004
-1.9239998877378648e-05,0.00019999999494757503
-1.9235998877047686e-05,0.00023999999393709004
-1.9231998876716725e-05,0.00019999999494757503
-1.9227998876385763e-05,0.00023999999393709004
-1.9223998876054802e-05,0.00023999999393709004
-1.921999887572384e-05,0.00023999999393709004
-1.921599887539288e-05,0.00023999999393709004
-1.9211998875061918e-05,0.00023999999393709004
-1.9207998874730956e-05,0.00019999999494757503
-1.9203998874399995e-05,0.00023999999393709004
-1.9199998874069033e-05,0.00019999999494757503
-1.919599887373807e-05,0.00023999999393709004
-1.919199887340711e-05,0.00019999999494757503
-1.918799887307615e-05,0.00019999999494757503
-1.9183998872745187e-05,0.00023999999393709004
-1.9179998872414226e-05,0.00023999999393709004
-1.9175998872083264e-05,0.00023999999393709004
-1.9171998871752303e-05,0.00023999999393709004
-1.916799887142134e-05,0.00023999999393709004
-1.916399887109038e-05,0.00023999999393709004
-1.9159998870759418e-05,0.00019999999494757503
-1.9155998870428457e-05,0.00023999999393709004
-1.9151998870097495e-05,0.00019999999494757503
-1.9147998869766534e-05,0.00023999999393709004
-1.9143998869435572e-05,0.00027999999292660505
-1.913999886910461e-05,0.00023999999393709004
-1.913599886877365e-05,0.00023999999393709004
-1.9131998868442688e-05,0.00023999999393709004
-1.9127998868111726e-05,0.00019999999494757503
-1.9123998867780765e-05,0.00027999999292660505
-1.9119998867449803e-05,0.00023999999393709004
-1.9115998867118842e-05,0.00027999999292660505
-1.911199886678788e-05,0.00023999999393709004
-1.910799886645692e-05,0.00027999999292660505
-1.9103998866125957e-05,0.00027999999292660505
-1.9099998865794996e-05,0.00027999999292660505
-1.9095998865464035e-05,0.00023999999393709004
-1.9091998865133073e-05,0.00027999999292660505
-1.908799886480211e-05,0.00023999999393709004
-1.908399886447115e-05,0.00027999999292660505
-1.907999886414019e-05,0.00019999999494757503
-1.9075998863809227e-05,0.00023999999393709004
-1.9071998863478266e-05,0.00023999999393709004
-1.9067998863147304e-05,0.00023999999393709004
-1.9063998862816343e-05,0.00027999999292660505
-1.905999886248538e-05,0.00027999999292660505
-1.905599886215442e-05,0.00027999999292660505
-1.9051998861823458e-05,0.00027999999292660505
-1.9047998861492497e-05,0.00023999999393709004
-1.9043998861161535e-05,0.00027999999292660505
-1.9039998860830574e-05,0.00023999999393709004
-1.9035998860499612e-05,0.00027999999292660505
-1.903199886016865e-05,0.00023999999393709004
-1.902799885983769e-05,0.00027999999292660505
-1.9023998859506728e-05,0.00027999999292660505
-1.9019998859175766e-05,0.00027999999292660505
-1.9015998858844805e-05,0.00027999999292660505
-1.9011998858513843e-05,0.00027999999292660505
-1.9007998858182882e-05,0.00023999999393709004
-1.900399885785192e-05,0.00027999999292660505
-1.899999885752096e-05,0.00023999999393709004
-1.8995998857189997e-05,0.00031999999191612005
-1.8991998856859036e-05,0.00027999999292660505
-1.8987998856528074e-05,0.00027999999292660505
-1.8983998856197113e-05,0.00027999999292660505
-1.897999885586615e-05,0.00027999999292660505
-1.897599885553519e-05,0.00027999999292660505
-1.897199885520423e-05,0.00031999999191612005
-1.8967998854873267e-05,0.00027999999292660505
-1.8963998854542306e-05,0.00031999999191612005
-1.8959998854211344e-05,0.00023999999393709004
-1.8955998853880383e-05,0.00031999999191612005
-1.895199885354942e-05,0.00027999999292660505
-1.894799885321846e-05,0.00031999999191612005
-1.8943998852887498e-05,0.00031999999191612005
-1.8939998852556537e-05,0.00031999999191612005
-1.8935998852225575e-05,0.00027999999292660505
-1.8931998851894614e-05,0.00031999999191612005
-1.8927998851563652e-05,0.00027999999292660505
-1.892399885123269e-05,0.00031999999191612005
-1.891999885090173e-05,0.00027999999292660505
-1.8915998850570768e-05,0.00031999999191612005
-1.8911998850239806e-05,0.00027999999292660505
-1.8907998849908845e-05,0.00031999999191612005
-1.8903998849577883e-05,0.00031999999191612005
-1.8899998849246922e-05,0.00031999999191612005
-1.889599884891596e-05,0.00031999999191612005
-1.8891998848585e-05,0.00031999999191612005
-1.8887998848254037e-05,0.00031999999191612005
-1.8883998847923076e-05,0.00035999999090563506
-1.8879998847592114e-05,0.00027999999292660505
-1.8875998847261153e-05,0.00035999999090563506
-1.887199884693019e-05,0.00031999999191612005
-1.886799884659923e-05,0.00035999999090563506
-1.886399884626827e-05,0.00035999999090563506
-1.8859998845937307e-05,0.00035999999090563506
-1.8855998845606345e-05,0.00035999999090563506
-1.8851998845275384e-05,0.00031999999191612005
-1.8847998844944423e-05,0.00027999999292660505
-1.884399884461346e-05,0.00035999999090563506
-1.88399988442825e-05,0.00027999999292660505
-1.8835998843951538e-05,0.00035999999090563506
-1.8831998843620577e-05,0.00031999999191612005
-1.8827998843289615e-05,0.00035999999090563506
-1.8823998842958654e-05,0.00035999999090563506
-1.8819998842627692e-05,0.00035999999090563506
-1.881599884229673e-05,0.00031999999191612005
-1.881199884196577e-05,0.00035999999090563506
-1.8807998841634808e-05,0.00031999999191612005
-1.8803998841303846e-05,0.00039999998989515007
-1.8799998840972885e-05,0.00031999999191612005
-1.8795998840641923e-05,0.00035999999090563506
-1.8791998840310962e-05,0.00035999999090563506
-1.878799883998e-05,0.00035999999090563506
-1.878399883964904e-05,0.00039999998989515007
-1.8779998839318077e-05,0.00035999999090563506
-1.8775998838987116e-05,0.00035999999090563506
-1.8771998838656154e-05,0.00039999998989515007
-1.8767998838325193e-05,0.00031999999191612005
-1.876399883799423e-05,0.00039999998989515007
-1.875999883766327e-05,0.00031999999191612005
-1.875599883733231e-05,0.00035999999090563506
-1.8751998837001347e-05,0.00035999999090563506
-1.8747998836670385e-05,0.00039999998989515007
-1.8743998836339424e-05,0.00035999999090563506
-1.8739998836008462e-05,0.00039999998989515007
-1.87359988356775e-05,0.00039999998989515007
-1.873199883534654e-05,0.00039999998989515007
-1.8727998835015578e-05,0.00035999999090563506
-1.8723998834684617e-05,0.00043999998888466507
-1.8719998834353655e-05,0.00031999999191612005
-1.8715998834022694e-05,0.00039999998989515007
-1.8711998833691732e-05,0.00035999999090563506
-1.870799883336077e-05,0.00039999998989515007
-1.870399883302981e-05,0.00039999998989515007
-1.8699998832698848e-05,0.00039999998989515007
-1.8695998832367886e-05,0.00039999998989515007
-1.8691998832036925e-05,0.00039999998989515007
-1.8687998831705963e-05,0.00039999998989515007
-1.8683998831375e-05,0.00043999998888466507
-1.867999883104404e-05,0.00035999999090563506
-1.867599883071308e-05,0.00039999998989515007
-1.8671998830382117e-05,0.00035999999090563506
-1.8667998830051156e-05,0.00039999998989515007
-1.8663998829720194e-05,0.00039999998989515007
-1.8659998829389233e-05,0.00039999998989515007
-1.865599882905827e-05,0.00039999998989515007
-1.865199882872731e-05,0.00043999998888466507
-1.864799882839635e-05,0.00039999998989515007
-1.8643998828065387e-05,0.00043999998888466507
-1.8639998827734425e-05,0.00035999999090563506
-1.8635998827403464e-05,0.00043999998888466507
-1.8631998827072502e-05,0.00039999998989515007
-1.862799882674154e-05,0.00039999998989515007
-1.862399882641058e-05,0.00043999998888466507
-1.8619998826079618e-05,0.00039999998989515007
-1.8615998825748656e-05,0.00043999998888466507
-1.8611998825417695e-05,0.00043999998888466507
-1.8607998825086733e-05,0.00039999998989515007
-1.8603998824755772e-05,0.0004799999878741801
-1.859999882442481e-05,0.00039999998989515007
-1.859599882409385e-05,0.00043999998888466507
-1.8591998823762888e-05,0.00039999998989515007
-1.8587998823431926e-05,0.00043999998888466507
-1.8583998823100965e-05,0.00043999998888466507
-1.8579998822770003e-05,0.00043999998888466507
-1.857599882243904e-05,0.00043999998888466507
-1.857199882210808e-05,0.0004799999878741801
-1.856799882177712e-05,0.00039999998989515007
-1.8563998821446157e-05,0.0004799999878741801
-1.8559998821115196e-05,0.00039999998989515007
-1.8555998820784234e-05,0.0004799999878741801
-1.8551998820453273e-05,0.00043999998888466507
-1.854799882012231e-05,0.00043999998888466507
-1.854399881979135e-05,0.00043999998888466507
-1.8539998819460388e-05,0.0004799999878741801
-1.8535998819129427e-05,0.0004799999878741801
-1.8531998818798465e-05,0.0004799999878741801
-1.8527998818467504e-05,0.00043999998888466507
-1.8523998818136542e-05,0.0005199999868636951
-1.851999881780558e-05,0.00043999998888466507
-1.851599881747462e-05,0.0005199999868636951
-1.8511998817143658e-05,0.00043999998888466507
-1.8507998816812696e-05,0.0004799999878741801
-1.8503998816481735e-05,0.0004799999878741801
-1.8499998816150773e-05,0.0004799999878741801
-1.8495998815819812e-05,0.0004799999878741801
-1.849199881548885e-05,0.0004799999878741801
-1.848799881515789e-05,0.00043999998888466507
-1.8483998814826927e-05,0.0005199999868636951
-1.8479998814495966e-05,0.00043999998888466507
-1.8475998814165004e-05,0.0005199999868636951
-1.8471998813834043e-05,0.00043999998888466507
-1.846799881350308e-05,0.0004799999878741801
-1.846399881317212e-05,0.0005199999868636951
-1.845999881284116e-05,0.0005199999868636951
-1.8455998812510197e-05,0.0005199999868636951
-1.8451998812179236e-05,0.0005199999868636951
-1.8447998811848274e-05,0.0004799999878741801
-1.8443998811517313e-05,0.0005599999858532101
-1.843999881118635e-05,0.0004799999878741801
-1.843599881085539e-05,0.0005199999868636951
-1.8431998810524428e-05,0.0004799999878741801
-1.8427998810193467e-05,0.0005199999868636951
-1.8423998809862505e-05,0.0005199999868636951
-1.8419998809531544e-05,0.0005199999868636951
-1.8415998809200582e-05,0.0005199999868636951
-1.841199880886962e-05,0.0005199999868636951
-1.840799880853866e-05,0.0004799999878741801
-1.8403998808207698e-05,0.0005599999858532101
-1.8399998807876736e-05,0.0004799999878741801
-1.8395998807545775e-05,0.0005599999858532101
-1.8391998807214813e-05,0.0005199999868636951
-1.8387998806883852e-05,0.0005199999868636951
-1.838399880655289e-05,0.0005199999868636951
-1.837999880622193e-05,0.0005199999868636951
-1.8375998805890967e-05,0.0005199999868636951
-1.8371998805560006e-05,0.0005599999858532101
-1.8367998805229044e-05,0.0005199999868636951
-1.8363998804898083e-05,0.0005999999848427251
-1.835999880456712e-05,0.0005199999868636951
-1.835599880423616e-05,0.0005599999858532101
-1.83519988039052e-05,0.0005199999868636951
-1.8347998803574237e-05,0.0005199999868636951
-1.8343998803243276e-05,0.0005599999858532101
-1.8339998802912314e-05,0.0005199999868636951
-1.8335998802581353e-05,0.0005599999858532101
-1.833199880225039e-05,0.0005599999858532101
-1.832799880191943e-05,0.0005599999858532101
-1.8323998801588468e-05,0.0005999999848427251
-1.8319998801257507e-05,0.0005199999868636951
-1.8315998800926545e-05,0.0005999999848427251
-1.8311998800595584e-05,0.0005199999868636951
-1.8307998800264622e-05,0.0005599999858532101
-1.830399879993366e-05,0.0005999999848427251
-1.82999987996027e-05,0.0005599999858532101
-1.8295998799271738e-05,0.0005599999858532101
-1.8291998798940776e-05,0.0005999999848427251
-1.8287998798609815e-05,0.0005599999858532101
-1.8283998798278853e-05,0.0006399999838322401
-1.8279998797947892e-05,0.0005599999858532101
-1.827599879761693e-05,0.0005999999848427251
-1.827199879728597e-05,0.0005599999858532101
-1.8267998796955007e-05,0.0005999999848427251
-1.8263998796624046e-05,0.0005999999848427251
-1.8259998796293084e-05,0.0005599999858532101
-1.8255998795962123e-05,0.0005999999848427251
-1.825199879563116e-05,0.0005999999848427251
-1.82479987953002e-05,0.0005599999858532101
-1.824399879496924e-05,0.0006399999838322401
-1.8239998794638277e-05,0.0005599999858532101
-1.8235998794307315e-05,0.0006399999838322401
-1.8231998793976354e-05,0.0005999999848427251
-1.8227998793645392e-05,0.0005999999848427251
-1.822399879331443e-05,0.0006399999838322401
-1.821999879298347e-05,0.0005999999848427251
-1.8215998792652508e-05,0.0005999999848427251
-1.8211998792321547e-05,0.0006399999838322401
-1.8207998791990585e-05,0.0005999999848427251
-1.8203998791659624e-05,0.0006799999828217551
-1.8199998791328662e-05,0.0005999999848427251
-1.81959987909977e-05,0.0006399999838322401
-1.819199879066674e-05,0.0005999999848427251
-1.8187998790335778e-05,0.0005999999848427251
-1.8183998790004816e-05,0.0006399999838322401
-1.8179998789673855e-05,0.0005999999848427251
-1.8175998789342893e-05,0.0006399999838322401
-1.8171998789011932e-05,0.0006799999828217551
-1.816799878868097e-05,0.0005999999848427251
-1.816399878835001e-05,0.0006799999828217551
-1.8159998788019047e-05,0.0005999999848427251
-1.8155998787688086e-05,0.0006799999828217551
-1.8151998787357124e-05,0.0006399999838322401
-1.8147998787026163e-05,0.0006399999838322401
-1.81439987866952e-05,0.0006399999838322401
-1.813999878636424e-05,0.0006399999838322401
-1.813599878603328e-05,0.0006399999838322401
-1.8131998785702317e-05,0.0006799999828217551
-1.8127998785371355e-05,0.0006399999838322401
-1.8123998785040394e-05,0.0007199999818112701
-1.8119998784709432e-05,0.0006399999838322401
-1.811599878437847e-05,0.0006799999828217551
-1.811199878404751e-05,0.0006799999828217551
-1.8107998783716548e-05,0.0006799999828217551
-1.8103998783385586e-05,0.0007199999818112701
-1.8099998783054625e-05,0.0006799999828217551
-1.8095998782723664e-05,0.0006799999828217551
-1.8091998782392702e-05,0.0007199999818112701
-1.808799878206174e-05,0.0006399999838322401
-1.808399878173078e-05,0.0007199999818112701
-1.8079998781399818e-05,0.0006399999838322401
-1.8075998781068856e-05,0.0006799999828217551
-1.8071998780737895e-05,0.0006399999838322401
-1.8067998780406933e-05,0.0006399999838322401
-1.806399878007597e-05,0.0006799999828217551
-1.805999877974501e-05,0.0006799999828217551
-1.805599877941405e-05,0.0006799999828217551
-1.8051998779083087e-05,0.0007199999818112701
-1.8047998778752126e-05,0.0007199999818112701
-1.8043998778421164e-05,0.0007999999797903001
-1.8039998778090203e-05,0.0006799999828217551
-1.803599877775924e-05,0.0007599999808007851
-1.803199877742828e-05,0.0007199999818112701
-1.8027998777097318e-05,0.0007199999818112701
-1.8023998776766357e-05,0.0007199999818112701
-1.8019998776435395e-05,0.0006799999828217551
-1.8015998776104434e-05,0.0006799999828217551
-1.8011998775773472e-05,0.0007199999818112701
-1.800799877544251e-05,0.0006799999828217551
-1.800399877511155e-05,0.0007599999808007851
-1.7999998774780588e-05,0.0007199999818112701
-1.7995998774449626e-05,0.0007599999808007851
-1.7991998774118665e-05,0.0007199999818112701
-1.7987998773787703e-05,0.0007199999818112701
-1.7983998773456742e-05,0.0007599999808007851
-1.797999877312578e-05,0.0007199999818112701
-1.797599877279482e-05,0.0007599999808007851
-1.7971998772463858e-05,0.0007599999808007851
-1.7967998772132896e-05,0.0007199999818112701
-1.7963998771801935e-05,0.0007999999797903001
-1.7959998771470973e-05,0.0007199999818112701
-1.795599877114001e-05,0.0007599999808007851
-1.795199877080905e-05,0.0007199999818112701
-1.794799877047809e-05,0.0007599999808007851
-1.7943998770147127e-05,0.0007599999808007851
-1.7939998769816166e-05,0.0007199999818112701
-1.7935998769485204e-05,0.0007599999808007851
-1.7931998769154243e-05,0.0007999999797903001
-1.792799876882328e-05,0.0007599999808007851
-1.792399876849232e-05,0.0008399999787798151
-1.7919998768161358e-05,0.0007599999808007851
-1.7915998767830397e-05,0.0007999999797903001
-1.7911998767499435e-05,0.0007599999808007851
-1.7907998767168474e-05,0.0007599999808007851
-1.7903998766837512e-05,0.0007999999797903001
-1.789999876650655e-05,0.0007599999808007851
-1.789599876617559e-05,0.0007599999808007851
-1.7891998765844628e-05,0.0007999999797903001
-1.7887998765513666e-05,0.0007599999808007851
-1.7883998765182705e-05,0.0008399999787798151
-1.7879998764851743e-05,0.0007199999818112701
-1.7875998764520782e-05,0.0007999999797903001
-1.787199876418982e-05,0.0007999999797903001
-1.786799876385886e-05,0.0007999999797903001
-1.7863998763527897e-05,0.0008399999787798151
-1.7859998763196936e-05,0.0007999999797903001
-1.7855998762865974e-05,0.0007999999797903001
-1.7851998762535013e-05,0.0007999999797903001
-1.784799876220405e-05,0.0007599999808007851
-1.784399876187309e-05,0.0008399999787798151
-1.783999876154213e-05,0.0007999999797903001
-1.7835998761211167e-05,0.0008399999787798151
-1.7831998760880206e-05,0.0007999999797903001
-1.7827998760549244e-05,0.0007999999797903001
-1.7823998760218283e-05,0.0008399999787798151
-1.781999875988732e-05,0.0007999999797903001
-1.781599875955636e-05,0.0008399999787798151
-1.7811998759225398e-05,0.0008399999787798151
-1.7807998758894437e-05,0.0007999999797903001
-1.7803998758563475e-05,0.0008799999777693301
-1.7799998758232514e-05,0.0007999999797903001
-1.7795998757901552e-05,0.0008799999777693301
-1.779199875757059e-05,0.0008399999787798151
-1.778799875723963e-05,0.0008399999787798151
-1.7783998756908668e-05,0.0008399999787798151
-1.7779998756577706e-05,0.0008399999787798151
-1.7775998756246745e-05,0.0008399999787798151
-1.7771998755915783e-05,0.0008799999777693301
-1.7767998755584822e-05,0.0007999999797903001
-1.776399875525386e-05,0.0009199999767588452
-1.77599987549229e-05,0.0008399999787798151
-1.7755998754591937e-05,0.0008799999777693301
-1.7751998754260976e-05,0.0008399999787798151
-1.7747998753930014e-05,0.0008399999787798151
-1.7743998753599053e-05,0.0008799999777693301
-1.773999875326809e-05,0.0008399999787798151
-1.773599875293713e-05,0.0008799999777693301
-1.773199875260617e-05,0.0008799999777693301
-1.7727998752275207e-05,0.0008399999787798151
-1.7723998751944246e-05,0.0009199999767588452
-1.7719998751613284e-05,0.0008399999787798151
-1.7715998751282323e-05,0.0009199999767588452
-1.771199875095136e-05,0.0008799999777693301
-1.77079987506204e-05,0.0008799999777693301
-1.7703998750289438e-05,0.0008799999777693301
-1.7699998749958477e-05,0.0008799999777693301
-1.7695998749627515e-05,0.0008799999777693301
-1.7691998749296554e-05,0.0009199999767588452
-1.7687998748965592e-05,0.0008399999787798151
-1.768399874863463e-05,0.0009599999757483602
-1.767999874830367e-05,0.0008799999777693301
-1.7675998747972708e-05,0.0009199999767588452
-1.7671998747641746e-05,0.0008799999777693301
-1.7667998747310785e-05,0.0009199999767588452
-1.7663998746979823e-05,0.0009199999767588452
-1.7659998746648862e-05,0.0008799999777693301
-1.76559987463179e-05,0.0008799999777693301
-1.765199874598694e-05,0.0009199999767588452
-1.7647998745655977e-05,0.0009199999767588452
-1.7643998745325016e-05,0.0009999999747378752
-1.7639998744994054e-05,0.0008799999777693301
-1.7635998744663093e-05,0.0009599999757483602
-1.763199874433213e-05,0.0009199999767588452
-1.762799874400117e-05,0.0009199999767588452
-1.762399874367021e-05,0.0009199999767588452
-1.7619998743339247e-05,0.0008799999777693301
-1.7615998743008285e-05,0.0009199999767588452
-1.7611998742677324e-05,0.0009599999757483602
-1.7607998742346362e-05,0.0008799999777693301
-1.76039987420154e-05,0.0009999999747378752
-1.759999874168444e-05,0.0009199999767588452
-1.7595998741353478e-05,0.0009999999747378752
-1.7591998741022517e-05,0.0009599999757483602
-1.7587998740691555e-05,0.0009599999757483602
-1.7583998740360594e-05,0.0009599999757483602
-1.7579998740029632e-05,0.0009199999767588452
-1.757599873969867e-05,0.0009599999757483602
-1.757199873936771e-05,0.0009599999757483602
-1.7567998739036748e-05,0.0009199999767588452
-1.7563998738705786e-05,0.0009999999747378752
-1.7559998738374825e-05,0.0009199999767588452
-1.7555998738043863e-05,0.0009999999747378752
-1.7551998737712902e-05,0.0009599999757483602
-1.754799873738194e-05,0.0009599999757483602
-1.754399873705098e-05,0.0009999999747378752
-1.7539998736720017e-05,0.0009599999757483602
-1.7535998736389056e-05,0.0009599999757483602
-1.7531998736058094e-05,0.0009999999747378752
-1.7527998735727133e-05,0.0009599999757483602
-1.752399873539617e-05,0.0010399999737273902
-1.751999873506521e-05,0.0009599999757483602
-1.751599873473425e-05,0.0010399999737273902
-1.7511998734403287e-05,0.0009599999757483602
-1.7507998734072325e-05,0.0009999999747378752
-1.7503998733741364e-05,0.0009999999747378752
-1.7499998733410402e-05,0.0009599999757483602
-1.749599873307944e-05,0.0009999999747378752
-1.749199873274848e-05,0.0009999999747378752
-1.7487998732417518e-05,0.0009599999757483602
-1.7483998732086556e-05,0.0010799999727169052
-1.7479998731755595e-05,0.0009599999757483602
-1.7475998731424633e-05,0.0010399999737273902
-1.7471998731093672e-05,0.0009999999747378752
-1.746799873076271e-05,0.0009999999747378752
-1.746399873043175e-05,0.0010399999737273902
-1.7459998730100788e-05,0.0009999999747378752
-1.7455998729769826e-05,0.0009999999747378752
-1.7451998729438865e-05,0.0010399999737273902
-1.7447998729107903e-05,0.0009999999747378752
-1.744399872877694e-05,0.0010799999727169052
-1.743999872844598e-05,0.0009999999747378752
-1.743599872811502e-05,0.0010799999727169052
-1.7431998727784057e-05,0.0009999999747378752
-1.7427998727453096e-05,0.0010399999737273902
-1.7423998727122134e-05,0.0010399999737273902
-1.7419998726791173e-05,0.0010399999737273902
-1.741599872646021e-05,0.0009999999747378752
-1.741199872612925e-05,0.0010399999737273902
-1.7407998725798288e-05,0.0009999999747378752
-1.7403998725467327e-05,0.0010799999727169052
-1.7399998725136365e-05,0.0009999999747378752
-1.7395998724805404e-05,0.0010799999727169052
-1.7391998724474442e-05,0.0010399999737273902
-1.738799872414348e-05,0.0010399999737273902
-1.738399872381252e-05,0.0010799999727169052
-1.7379998723481558e-05,0.0010399999737273902
-1.7375998723150596e-05,0.0010399999737273902
-1.7371998722819635e-05,0.0010799999727169052
-1.7367998722488673e-05,0.0009999999747378752
-1.7363998722157712e-05,0.0011199999717064202
-1.735999872182675e-05,0.0010399999737273902
-1.735599872149579e-05,0.0011199999717064202
-1.7351998721164827e-05,0.0010799999727169052
-1.7347998720833866e-05,0.0010799999727169052
-1.7343998720502905e-05,0.0010799999727169052
-1.7339998720171943e-05,0.0010799999727169052
-1.733599871984098e-05,0.0010399999737273902
-1.733199871951002e-05,0.0010799999727169052
-1.732799871917906e-05,0.0010399999737273902
-1.7323998718848097e-05,0.0011599999706959352
-1.7319998718517136e-05,0.0010399999737273902
-1.7315998718186174e-05,0.0011599999706959352
-1.7311998717855213e-05,0.0010799999727169052
-1.730799871752425e-05,0.0011199999717064202
-1.730399871719329e-05,0.0011199999717064202
-1.7299998716862328e-05,0.0011199999717064202
-1.7295998716531367e-05,0.0010799999727169052
-1.7291998716200405e-05,0.0011199999717064202
-1.7287998715869444e-05,0.0010799999727169052
-1.7283998715538482e-05,0.0011599999706959352
-1.727999871520752e-05,0.0010799999727169052
-1.727599871487656e-05,0.0011599999706959352
-1.7271998714545598e-05,0.0010799999727169052
-1.7267998714214636e-05,0.0011199999717064202
-1.7263998713883675e-05,0.0011199999717064202
-1.7259998713552713e-05,0.0011199999717064202
-1.7255998713221752e-05,0.0010799999727169052
-1.725199871289079e-05,0.0011199999717064202
-1.724799871255983e-05,0.0010799999727169052
-1.7243998712228867e-05,0.0011999999696854502
-1.7239998711897906e-05,0.0010799999727169052
-1.7235998711566944e-05,0.0011999999696854502
-1.7231998711235983e-05,0.0011199999717064202
-1.722799871090502e-05,0.0011199999717064202
-1.722399871057406e-05,0.0011599999706959352
-1.72199987102431e-05,0.0011199999717064202
-1.7215998709912137e-05,0.0011199999717064202
-1.7211998709581176e-05,0.0011599999706959352
-1.7207998709250214e-05,0.0010799999727169052
-1.7203998708919253e-05,0.0012399999686749652
-1.719999870858829e-05,0.0010799999727169052
-1.719599870825733e-05,0.0011999999696854502
-1.7191998707926368e-05,0.0011599999706959352
-1.7187998707595407e-05,0.0011599999706959352
-1.7183998707264445e-05,0.0011599999706959352
-1.7179998706933484e-05,0.0011199999717064202
-1.7175998706602522e-05,0.0011599999706959352
-1.717199870627156e-05,0.0011599999706959352
-1.71679987059406e-05,0.0011199999717064202
-1.7163998705609638e-05,0.0012399999686749652
-1.7159998705278676e-05,0.0011199999717064202
-1.7155998704947715e-05,0.0011999999696854502
-1.7151998704616753e-05,0.0011599999706959352
-1.7147998704285792e-05,0.0011999999696854502
-1.714399870395483e-05,0.0011999999696854502
-1.713999870362387e-05,0.0011599999706959352
-1.7135998703292907e-05,0.0011599999706959352
-1.7131998702961946e-05,0.0011999999696854502
-1.7127998702630984e-05,0.0011199999717064202
-1.7123998702300023e-05,0.0012399999686749652
-1.711999870196906e-05,0.0011599999706959352
-1.71159987016381e-05,0.0012399999686749652
-1.711199870130714e-05,0.0011999999696854502
-1.7107998700976177e-05,0.0011999999696854502
-1.7103998700645215e-05,0.0011999999696854502
-1.7099998700314254e-05,0.0011999999696854502
-1.7095998699983293e-05,0.0011999999696854502
-1.709199869965233e-05,0.0011999999696854502
-1.708799869932137e-05,0.0011599999706959352
-1.7083998698990408e-05,0.0012799999676644802
-1.7079998698659447e-05,0.0011599999706959352
-1.7075998698328485e-05,0.0012799999676644802
-1.7071998697997524e-05,0.0011999999696854502
-1.7067998697666562e-05,0.0012399999686749652
-1.70639986973356e-05,0.0012399999686749652
-1.705999869700464e-05,0.0011999999696854502
-1.7055998696673678e-05,0.0011999999696854502
-1.7051998696342716e-05,0.0012399999686749652
-1.7047998696011755e-05,0.0011599999706959352
-1.7043998695680793e-05,0.0012799999676644802
-1.7039998695349832e-05,0.0011999999696854502
-1.703599869501887e-05,0.0012399999686749652
-1.703199869468791e-05,0.0011999999696854502
-1.7027998694356947e-05,0.0012399999686749652
-1.7023998694025986e-05,0.0011999999696854502
-1.7019998693695024e-05,0.0012799999676644802
-1.7015998693364063e-05,0.0011999999696854502
-1.70119986930331e-05,0.0012799999676644802
-1.700799869270214e-05,0.0011999999696854502
-1.700399869237118e-05,0.0012799999676644802
-1.6999998692040217e-05,0.0011999999696854502
-1.6995998691709255e-05,0.0012799999676644802
-1.6991998691378294e-05,0.0011999999696854502
-1.6987998691047332e-05,0.0013199999666539952
-1.698399869071637e-05,0.0012399999686749652
-1.697999869038541e-05,0.0013199999666539952
-1.6975998690054448e-05,0.0012399999686749652
-1.6971998689723487e-05,0.0013199999666539952
-1.6967998689392525e-05,0.0011999999696854502
-1.6963998689061564e-05,0.0013199999666539952
-1.6959998688730602e-05,0.0012399999686749652
-1.695599868839964e-05,0.0013199999666539952
-1.695199868806868e-05,0.0012399999686749652
-1.6947998687737718e-05,0.0013199999666539952
-1.6943998687406756e-05,0.0012399999686749652
-1.6939998687075795e-05,0.0013199999666539952
-1.6935998686744833e-05,0.0012399999686749652
-1.693199868641387e-05,0.0013199999666539952
-1.692799868608291e-05,0.0012399999686749652
-1.692399868575195e-05,0.0013199999666539952
-1.6919998685420987e-05,0.0012399999686749652
-1.6915998685090026e-05,0.0013199999666539952
-1.6911998684759064e-05,0.0012399999686749652
-1.6907998684428103e-05,0.0013199999666539952
-1.690399868409714e-05,0.0012399999686749652
-1.689999868376618e-05,0.0013599999656435102
-1.689599868343522e-05,0.0012799999676644802
-1.6891998683104257e-05,0.0013199999666539952
-1.6887998682773295e-05,0.0012799999676644802
-1.6883998682442334e-05,0.0013199999666539952
-1.6879998682111372e-05,0.0012799999676644802
-1.687599868178041e-05,0.0013599999656435102
-1.687199868144945e-05,0.0012799999676644802
-1.6867998681118488e-05,0.0013599999656435102
-1.6863998680787526e-05,0.0012799999676644802
-1.6859998680456565e-05,0.0013599999656435102
-1.6855998680125603e-05,0.0012799999676644802
-1.6851998679794642e-05,0.0013599999656435102
-1.684799867946368e-05,0.0012799999676644802
-1.684399867913272e-05,0.0013599999656435102
-1.6839998678801758e-05,0.0012799999676644802
-1.6835998678470796e-05,0.0013599999656435102
-1.6831998678139835e-05,0.0012799999676644802
-1.6827998677808873e-05,0.0013599999656435102
-1.682399867747791e-05,0.0012799999676644802
-1.681999867714695e-05,0.0013599999656435102
-1.681599867681599e-05,0.0012799999676644802
-1.6811998676485027e-05,0.0013599999656435102
-1.6807998676154066e-05,0.0012799999676644802
-1.6803998675823104e-05,0.0013599999656435102
-1.6799998675492143e-05,0.0012799999676644802
-1.679599867516118e-05,0.0013599999656435102
-1.679199867483022e-05,0.0012399999686749652
-1.6787998674499258e-05,0.0012399999686749652
-1.6783998674168297e-05,0.0010799999727169052
-1.6779998673837335e-05,0.0009199999767588452
-1.6775998673506374e-05,0.0007599999808007851
-1.6771998673175412e-05,0.0006399999838322401
-1.676799867284445e-05,0.0004799999878741801
-1.676399867251349e-05,0.00039999998989515007
-1.6759998672182528e-05,0.00031999999191612005
-1.6755998671851566e-05,0.00027999999292660505
-1.6751998671520605e-05,0.00023999999393709004
-1.6747998671189643e-05,0.00023999999393709004
-1.6743998670858682e-05,0.00019999999494757503
-1.673999867052772e-05,0.00019999999494757503
-1.673599867019676e-05,0.00019999999494757503
-1.6731998669865797e-05,0.00019999999494757503
-1.6727998669534836e-05,0.00015999999595806003
-1.6723998669203875e-05,0.00015999999595806003
-1.6719998668872913e-05,0.00015999999595806003
-1.671599866854195e-05,0.00015999999595806003
-1.671199866821099e-05,0.00015999999595806003
-1.670799866788003e-05,0.00019999999494757503
-1.6703998667549067e-05,0.00015999999595806003
-1.6699998667218106e-05,0.00019999999494757503
-1.6695998666887144e-05,0.00015999999595806003
-1.6691998666556183e-05,0.00019999999494757503
-1.668799866622522e-05,0.00015999999595806003
-1.668399866589426e-05,0.00015999999595806003
-1.6679998665563298e-05,0.00015999999595806003
-1.6675998665232337e-05,0.00015999999595806003
-1.6671998664901375e-05,0.00015999999595806003
-1.6667998664570414e-05,0.00015999999595806003
-1.6663998664239452e-05,0.00015999999595806003
-1.665999866390849e-05,0.00015999999595806003
-1.665599866357753e-05,0.00015999999595806003
-1.6651998663246568e-05,0.00019999999494757503
-1.6647998662915606e-05,0.00015999999595806003
-1.6643998662584645e-05,0.00015999999595806003
-1.6639998662253683e-05,0.00015999999595806003
-1.6635998661922722e-05,0.00015999999595806003
-1.663199866159176e-05,0.00015999999595806003
-1.66279986612608e-05,0.00019999999494757503
-1.6623998660929837e-05,0.00015999999595806003
-1.6619998660598876e-05,0.00015999999595806003
-1.6615998660267914e-05,0.00015999999595806003
-1.6611998659936953e-05,0.00015999999595806003
-1.660799865960599e-05,0.00015999999595806003
-1.660399865927503e-05,0.00015999999595806003
-1.659999865894407e-05,0.00015999999595806003
-1.6595998658613107e-05,0.00015999999595806003
-1.6591998658282146e-05,0.00015999999595806003
-1.6587998657951184e-05,0.00019999999494757503
-1.6583998657620223e-05,0.00015999999595806003
-1.657999865728926e-05,0.00015999999595806003
-1.65759986569583e-05,0.00015999999595806003
-1.6571998656627338e-05,0.00015999999595806003
-1.6567998656296377e-05,0.00015999999595806003
-1.6563998655965415e-05,0.00015999999595806003
-1.6559998655634454e-05,0.00015999999595806003
-1.6555998655303492e-05,0.00015999999595806003
-1.655199865497253e-05,0.00015999999595806003
-1.654799865464157e-05,0.00015999999595806003
-1.6543998654310608e-05,0.00015999999595806003
-1.6539998653979646e-05,0.00019999999494757503
-1.6535998653648685e-05,0.00015999999595806003
-1.6531998653317723e-05,0.00015999999595806003
-1.6527998652986762e-05,0.00015999999595806003
-1.65239986526558e-05,0.00015999999595806003
-1.651999865232484e-05,0.00015999999595806003
-1.6515998651993877e-05,0.00015999999595806003
-1.6511998651662916e-05,0.00015999999595806003
-1.6507998651331954e-05,0.00015999999595806003
-1.6503998651000993e-05,0.00015999999595806003
-1.649999865067003e-05,0.00015999999595806003
-1.649599865033907e-05,0.00015999999595806003
-1.649199865000811e-05,0.00015999999595806003
-1.6487998649677147e-05,0.00015999999595806003
-1.6483998649346185e-05,0.00015999999595806003
-1.6479998649015224e-05,0.00015999999595806003
-1.6475998648684263e-05,0.00015999999595806003
-1.64719986483533e-05,0.00015999999595806003
-1.646799864802234e-05,0.00015999999595806003
-1.6463998647691378e-05,0.00015999999595806003
-1.6459998647360417e-05,0.00015999999595806003
-1.6455998647029455e-05,0.00015999999595806003
-1.6451998646698494e-05,0.00019999999494757503
-1.6447998646367532e-05,0.00015999999595806003
-1.644399864603657e-05,0.00015999999595806003
-1.643999864570561e-05,0.00015999999595806003
-1.6435998645374648e-05,0.00015999999595806003
-1.6431998645043686e-05,0.00015999999595806003
-1.6427998644712725e-05,0.00015999999595806003
-1.6423998644381763e-05,0.00015999999595806003
-1.6419998644050802e-05,0.00015999999595806003
-1.641599864371984e-05,0.00015999999595806003
-1.641199864338888e-05,0.00019999999494757503
-1.6407998643057917e-05,0.00015999999595806003
-1.6403998642726956e-05,0.00015999999595806003
-1.6399998642395994e-05,0.00015999999595806003
-1.6395998642065033e-05,0.00015999999595806003
-1.639199864173407e-05,0.00015999999595806003
-1.638799864140311e-05,0.00015999999595806003
-1.638399864107215e-05,0.00015999999595806003
-1.6379998640741187e-05,0.00015999999595806003
-1.6375998640410225e-05,0.00015999999595806003
-1.6371998640079264e-05,0.00019999999494757503
-1.6367998639748302e-05,0.00015999999595806003
-1.636399863941734e-05,0.00015999999595806003
-1.635999863908638e-05,0.00015999999595806003
-1.6355998638755418e-05,0.00015999999595806003
-1.6351998638424456e-05,0.00015999999595806003
-1.6347998638093495e-05,0.00015999999595806003
-1.6343998637762534e-05,0.00015999999595806003
-1.6339998637431572e-05,0.00015999999595806003
-1.633599863710061e-05,0.00015999999595806003
-1.633199863676965e-05,0.00015999999595806003
-1.6327998636438688e-05,0.00011999999696854502
-1.6323998636107726e-05,0.00015999999595806003
-1.6319998635776765e-05,0.00015999999595806003
-1.6315998635445803e-05,0.00015999999595806003
-1.631199863511484e-05,0.00015999999595806003
-1.630799863478388e-05,0.00015999999595806003
-1.630399863445292e-05,0.00015999999595806003
-1.6299998634121957e-05,0.00015999999595806003
-1.6295998633790996e-05,0.00015999999595806003
-1.6291998633460034e-05,0.00019999999494757503
-1.6287998633129073e-05,0.00015999999595806003
-1.628399863279811e-05,0.00015999999595806003
-1.627999863246715e-05,0.00015999999595806003
-1.6275998632136188e-05,0.00015999999595806003
-1.6271998631805227e-05,0.00015999999595806003
-1.6267998631474265e-05,0.00015999999595806003
-1.6263998631143304e-05,0.00015999999595806003
-1.6259998630812342e-05,0.00015999999595806003
-1.625599863048138e-05,0.00015999999595806003
-1.625199863015042e-05,0.00019999999494757503
-1.6247998629819458e-05,0.00015999999595806003
-1.6243998629488496e-05,0.00015999999595806003
-1.6239998629157535e-05,0.00015999999595806003
-1.6235998628826573e-05,0.00015999999595806003
-1.6231998628495612e-05,0.00015999999595806003
-1.622799862816465e-05,0.00015999999595806003
-1.622399862783369e-05,0.00015999999595806003
-1.6219998627502728e-05,0.00019999999494757503
-1.6215998627171766e-05,0.00015999999595806003
-1.6211998626840805e-05,0.00015999999595806003
-1.6207998626509843e-05,0.00011999999696854502
-1.620399862617888e-05,0.00015999999595806003
-1.619999862584792e-05,0.00015999999595806003
-1.619599862551696e-05,0.00015999999595806003
-1.6191998625185997e-05,0.00015999999595806003
-1.6187998624855036e-05,0.00015999999595806003
-1.6183998624524074e-05,0.00015999999595806003
-1.6179998624193113e-05,0.00015999999595806003
-1.617599862386215e-05,0.00015999999595806003
-1.617199862353119e-05,0.00015999999595806003
-1.6167998623200228e-05,0.00015999999595806003
-1.6163998622869267e-05,0.00015999999595806003
-1.6159998622538305e-05,0.00015999999595806003
-1.6155998622207344e-05,0.00015999999595806003
-1.6151998621876382e-05,0.00015999999595806003
-1.614799862154542e-05,0.00015999999595806003
-1.614399862121446e-05,0.00011999999696854502
-1.6139998620883498e-05,0.00015999999595806003
-1.6135998620552536e-05,0.00015999999595806003
-1.6131998620221575e-05,0.00015999999595806003
-1.6127998619890613e-05,0.00015999999595806003
-1.6123998619559652e-05,0.00015999999595806003
-1.611999861922869e-05,0.00015999999595806003
-1.611599861889773e-05,0.00015999999595806003
-1.6111998618566767e-05,0.00015999999595806003
-1.6107998618235806e-05,0.00015999999595806003
-1.6103998617904844e-05,0.00015999999595806003
-1.6099998617573883e-05,0.00015999999595806003
-1.609599861724292e-05,0.00015999999595806003
-1.609199861691196e-05,0.00015999999595806003
-1.6087998616581e-05,0.00011999999696854502
-1.6083998616250037e-05,0.00015999999595806003
-1.6079998615919076e-05,0.00015999999595806003
-1.6075998615588114e-05,0.00015999999595806003
-1.6071998615257153e-05,0.00015999999595806003
-1.606799861492619e-05,0.00015999999595806003
-1.606399861459523e-05,0.00015999999595806003
-1.6059998614264268e-05,0.00019999999494757503
-1.6055998613933307e-05,0.00015999999595806003
-1.6051998613602345e-05,0.00019999999494757503
-1.6047998613271384e-05,0.00015999999595806003
-1.6043998612940422e-05,0.00015999999595806003
-1.603999861260946e-05,0.00015999999595806003
-1.60359986122785e-05,0.00011999999696854502
-1.6031998611947538e-05,0.00011999999696854502
-1.6027998611616576e-05,0.00015999999595806003
-1.6023998611285615e-05,0.00011999999696854502
-1.6019998610954653e-05,0.00015999999595806003
-1.6015998610623692e-05,0.00015999999595806003
-1.601199861029273e-05,0.00019999999494757503
-1.600799860996177e-05,0.00019999999494757503
-1.6003998609630807e-05,0.00019999999494757503
-1.5999998609299846e-05,0.00015999999595806003
-1.5995998608968884e-05,0.00019999999494757503
-1.5991998608637923e-05,0.00015999999595806003
-1.598799860830696e-05,0.00015999999595806003
-1.5983998607976e-05,0.00011999999696854502
-1.597999860764504e-05,0.00015999999595806003
-1.5975998607314077e-05,0.00011999999696854502
-1.5971998606983116e-05,0.00015999999595806003
-1.5967998606652154e-05,0.00015999999595806003
-1.5963998606321193e-05,0.00015999999595806003
-1.595999860599023e-05,0.00015999999595806003
-1.595599860565927e-05,0.00015999999595806003
-1.5951998605328308e-05,0.00015999999595806003
-1.5947998604997347e-05,0.00019999999494757503
-1.5943998604666385e-05,0.00015999999595806003
-1.5939998604335424e-05,0.00019999999494757503
-1.5935998604004462e-05,0.00015999999595806003
-1.59319986036735e-05,0.00019999999494757503
-1.592799860334254e-05,0.00015999999595806003
-1.5923998603011578e-05,0.00019999999494757503
-1.5919998602680616e-05,0.00015999999595806003
-1.5915998602349655e-05,0.00015999999595806003
-1.5911998602018693e-05,0.00015999999595806003
-1.5907998601687732e-05,0.00015999999595806003
-1.590399860135677e-05,0.00011999999696854502
-1.589999860102581e-05,0.00015999999595806003
-1.5895998600694847e-05,0.00015999999595806003
-1.5891998600363886e-05,0.00015999999595806003
-1.5887998600032924e-05,0.00015999999595806003
-1.5883998599701963e-05,0.00019999999494757503
-1.5879998599371e-05,0.00015999999595806003
-1.587599859904004e-05,0.00019999999494757503
-1.587199859870908e-05,0.00015999999595806003
-1.5867998598378117e-05,0.00015999999595806003
-1.5863998598047155e-05,0.00015999999595806003
-1.5859998597716194e-05,0.00015999999595806003
-1.5855998597385232e-05,0.00015999999595806003
-1.585199859705427e-05,0.00015999999595806003
-1.584799859672331e-05,0.00011999999696854502
-1.5843998596392348e-05,0.00015999999595806003
-1.5839998596061387e-05,0.00011999999696854502
-1.5835998595730425e-05,0.00015999999595806003
-1.5831998595399464e-05,0.00015999999595806003
-1.5827998595068502e-05,0.00015999999595806003
-1.582399859473754e-05,0.00015999999595806003
-1.581999859440658e-05,0.00015999999595806003
-1.5815998594075618e-05,0.00015999999595806003
-1.5811998593744656e-05,0.00019999999494757503
-1.5807998593413695e-05,0.00015999999595806003
-1.5803998593082733e-05,0.00015999999595806003
-1.5799998592751772e-05,0.00015999999595806003
-1.579599859242081e-05,0.00015999999595806003
-1.579199859208985e-05,0.00015999999595806003
-1.5787998591758887e-05,0.00011999999696854502
-1.5783998591427926e-05,0.00015999999595806003
-1.5779998591096964e-05,0.00015999999595806003
-1.5775998590766003e-05,0.00015999999595806003
-1.577199859043504e-05,0.00019999999494757503
-1.576799859010408e-05,0.00015999999595806003
-1.576399858977312e-05,0.00015999999595806003
-1.5759998589442157e-05,0.00015999999595806003
-1.5755998589111195e-05,0.00015999999595806003
-1.5751998588780234e-05,0.00015999999595806003
-1.5747998588449272e-05,0.00015999999595806003
-1.574399858811831e-05,0.00015999999595806003
-1.573999858778735e-05,0.00015999999595806003
-1.5735998587456388e-05,0.00015999999595806003
-1.5731998587125426e-05,0.00015999999595806003
-1.5727998586794465e-05,0.00015999999595806003
-1.5723998586463504e-05,0.00015999999595806003
-1.5719998586132542e-05,0.00015999999595806003
-1.571599858580158e-05,0.00015999999595806003
-1.571199858547062e-05,0.00015999999595806003
-1.5707998585139658e-05,0.00015999999595806003
-1.5703998584808696e-05,0.00015999999595806003
-1.5699998584477735e-05,0.00015999999595806003
-1.5695998584146773e-05,0.00015999999595806003
-1.569199858381581e-05,0.00015999999595806003
-1.568799858348485e-05,0.00015999999595806003
-1.568399858315389e-05,0.00015999999595806003
-1.5679998582822927e-05,0.00015999999595806003
-1.5675998582491966e-05,0.00015999999595806003
-1.5671998582161004e-05,0.00015999999595806003
-1.5667998581830043e-05,0.00015999999595806003
-1.566399858149908e-05,0.00011999999696854502
-1.565999858116812e-05,0.00015999999595806003
-1.5655998580837158e-05,0.00011999999696854502
-1.5651998580506197e-05,0.00015999999595806003
-1.5647998580175235e-05,0.00015999999595806003
-1.5643998579844274e-05,0.00015999999595806003
-1.5639998579513312e-05,0.00015999999595806003
-1.563599857918235e-05,0.00015999999595806003
-1.563199857885139e-05,0.00015999999595806003
-1.5627998578520428e-05,0.00015999999595806003
-1.5623998578189466e-05,0.00015999999595806003
-1.5619998577858505e-05,0.00015999999595806003
-1.5615998577527543e-05,0.00015999999595806003
-1.5611998577196582e-05,0.00015999999595806003
-1.560799857686562e-05,0.00015999999595806003
-1.560399857653466e-05,0.00015999999595806003
-1.5599998576203698e-05,0.00015999999595806003
-1.5595998575872736e-05,0.00015999999595806003
-1.5591998575541775e-05,0.00015999999595806003
-1.5587998575210813e-05,0.00015999999595806003
-1.558399857487985e-05,0.00015999999595806003
-1.557999857454889e-05,0.00015999999595806003
-1.557599857421793e-05,0.00011999999696854502
-1.5571998573886967e-05,0.00015999999595806003
-1.5567998573556006e-05,0.00015999999595806003
-1.5563998573225044e-05,0.00015999999595806003
-1.5559998572894083e-05,0.00015999999595806003
-1.555599857256312e-05,0.00019999999494757503
-1.555199857223216e-05,0.00015999999595806003
-1.5547998571901198e-05,0.00015999999595806003
-1.5543998571570237e-05,0.00015999999595806003
-1.5539998571239275e-05,0.00015999999595806003
-1.5535998570908314e-05,0.00015999999595806003
-1.5531998570577352e-05,0.00015999999595806003
-1.552799857024639e-05,0.00015999999595806003
-1.552399856991543e-05,0.00015999999595806003
-1.5519998569584468e-05,0.00015999999595806003
-1.5515998569253506e-05,0.00019999999494757503
-1.5511998568922545e-05,0.00015999999595806003
-1.5507998568591583e-05,0.00015999999595806003
-1.5503998568260622e-05,0.00015999999595806003
-1.549999856792966e-05,0.00015999999595806003
-1.54959985675987e-05,0.00015999999595806003
-1.5491998567267737e-05,0.00015999999595806003
-1.5487998566936776e-05,0.00015999999595806003
-1.5483998566605814e-05,0.00015999999595806003
-1.5479998566274853e-05,0.00015999999595806003
-1.547599856594389e-05,0.00015999999595806003
-1.547199856561293e-05,0.00015999999595806003
-1.546799856528197e-05,0.00015999999595806003
-1.5463998564951007e-05,0.00015999999595806003
-1.5459998564620046e-05,0.00015999999595806003
-1.5455998564289084e-05,0.00011999999696854502
-1.5451998563958123e-05,0.00015999999595806003
-1.544799856362716e-05,0.00015999999595806003
-1.54439985632962e-05,0.00015999999595806003
-1.5439998562965238e-05,0.00015999999595806003
-1.5435998562634277e-05,0.00015999999595806003
-1.5431998562303315e-05,0.00015999999595806003
-1.5427998561972354e-05,0.00015999999595806003
-1.5423998561641392e-05,0.00011999999696854502
-1.541999856131043e-05,0.00015999999595806003
-1.541599856097947e-05,0.00011999999696854502
-1.5411998560648508e-05,0.00015999999595806003
-1.5407998560317546e-05,0.00015999999595806003
-1.5403998559986585e-05,0.00015999999595806003
-1.5399998559655623e-05,0.00015999999595806003
-1.5395998559324662e-05,0.00015999999595806003
-1.53919985589937e-05,0.00015999999595806003
-1.538799855866274e-05,0.00015999999595806003
-1.5383998558331777e-05,0.00015999999595806003
-1.5379998558000816e-05,0.00015999999595806003
-1.5375998557669854e-05,0.00015999999595806003
-1.5371998557338893e-05,0.00015999999595806003
-1.536799855700793e-05,0.00015999999595806003
-1.536399855667697e-05,0.00019999999494757503
-1.535999855634601e-05,0.00015999999595806003
-1.5355998556015047e-05,0.00015999999595806003
-1.5351998555684085e-05,0.00015999999595806003
-1.5347998555353124e-05,0.00015999999595806003
-1.5343998555022163e-05,0.00015999999595806003
-1.53399985546912e-05,0.00015999999595806003
-1.533599855436024e-05,0.00015999999595806003
-1.5331998554029278e-05,0.00015999999595806003
-1.5327998553698317e-05,0.00015999999595806003
-1.5323998553367355e-05,0.00019999999494757503
-1.5319998553036394e-05,0.00015999999595806003
-1.5315998552705432e-05,0.00015999999595806003
-1.531199855237447e-05,0.00015999999595806003
-1.530799855204351e-05,0.00015999999595806003
-1.5303998551712548e-05,0.00015999999595806003
-1.5299998551381586e-05,0.00015999999595806003
-1.5295998551050625e-05,0.00015999999595806003
-1.5291998550719663e-05,0.00015999999595806003
-1.5287998550388702e-05,0.00015999999595806003
-1.528399855005774e-05,0.00015999999595806003
-1.527999854972678e-05,0.00015999999595806003
-1.5275998549395817e-05,0.00019999999494757503
-1.5271998549064856e-05,0.00015999999595806003
-1.5267998548733894e-05,0.00015999999595806003
-1.5263998548402933e-05,0.00015999999595806003
-1.525999854807197e-05,0.00015999999595806003
-1.525599854774101e-05,0.00015999999595806003
-1.5251998547410048e-05,0.00015999999595806003
-1.5247998547079087e-05,0.00015999999595806003
-1.5243998546748125e-05,0.00015999999595806003
-1.5239998546417164e-05,0.00015999999595806003
-1.5235998546086202e-05,0.00015999999595806003
-1.5231998545755241e-05,0.00015999999595806003
-1.522799854542428e-05,0.00015999999595806003
-1.5223998545093318e-05,0.00015999999595806003
-1.5219998544762357e-05,0.00015999999595806003
-1.5215998544431395e-05,0.00015999999595806003
-1.5211998544100434e-05,0.00015999999595806003
-1.5207998543769472e-05,0.00015999999595806003
-1.520399854343851e-05,0.00015999999595806003
-1.5199998543107549e-05,0.00015999999595806003
-1.5195998542776588e-05,0.00015999999595806003
-1.5191998542445626e-05,0.00015999999595806003
-1.5187998542114665e-05,0.00015999999595806003
-1.5183998541783703e-05,0.00015999999595806003
-1.5179998541452742e-05,0.00015999999595806003
-1.517599854112178e-05,0.00015999999595806003
-1.5171998540790819e-05,0.00015999999595806003
-1.5167998540459857e-05,0.00015999999595806003
-1.5163998540128896e-05,0.00019999999494757503
-1.5159998539797934e-05,0.00015999999595806003
-1.5155998539466973e-05,0.00015999999595806003
-1.5151998539136011e-05,0.00015999999595806003
-1.514799853880505e-05,0.00015999999595806003
-1.5143998538474088e-05,0.00011999999696854502
-1.5139998538143127e-05,0.00015999999595806003
-1.5135998537812165e-05,0.00015999999595806003
-1.5131998537481204e-05,0.00015999999595806003
-1.5127998537150242e-05,0.00015999999595806003
-1.5123998536819281e-05,0.00015999999595806003
-1.511999853648832e-05,0.00015999999595806003
-1.5115998536157358e-05,0.00019999999494757503
-1.5111998535826396e-05,0.00015999999595806003
-1.5107998535495435e-05,0.00015999999595806003
-1.5103998535164473e-05,0.00015999999595806003
-1.5099998534833512e-05,0.00015999999595806003
-1.509599853450255e-05,0.00011999999696854502
-1.5091998534171589e-05,0.00015999999595806003
-1.5087998533840628e-05,0.00015999999595806003
-1.5083998533509666e-05,0.00015999999595806003
-1.5079998533178705e-05,0.00015999999595806003
-1.5075998532847743e-05,0.00015999999595806003
-1.5071998532516782e-05,0.00015999999595806003
-1.506799853218582e-05,0.00015999999595806003
-1.5063998531854859e-05,0.00015999999595806003
-1.5059998531523897e-05,0.00015999999595806003
-1.5055998531192936e-05,0.00015999999595806003
-1.5051998530861974e-05,0.00015999999595806003
-1.5047998530531013e-05,0.00015999999595806003
-1.5043998530200051e-05,0.00019999999494757503
-1.503999852986909e-05,0.00015999999595806003
-1.5035998529538128e-05,0.00019999999494757503
-1.5031998529207167e-05,0.00015999999595806003
-1.5027998528876205e-05,0.00015999999595806003
-1.5023998528545244e-05,0.00015999999595806003
-1.5019998528214282e-05,0.00015999999595806003
-1.501599852788332e-05,0.00015999999595806003
-1.501199852755236e-05,0.00015999999595806003
-1.5007998527221398e-05,0.00015999999595806003
-1.5003998526890436e-05,0.00015999999595806003
-1.4999998526559475e-05,0.00015999999595806003
-1.4995998526228513e-05,0.00019999999494757503
-1.4991998525897552e-05,0.00015999999595806003
-1.498799852556659e-05,0.00019999999494757503
-1.4983998525235629e-05,0.00015999999595806003
-1.4979998524904667e-05,0.00015999999595806003
-1.4975998524573706e-05,0.00015999999595806003
-1.4971998524242745e-05,0.00015999999595806003
-1.4967998523911783e-05,0.00015999999595806003
-1.4963998523580822e-05,0.00015999999595806003
-1.495999852324986e-05,0.00015999999595806003
-1.4955998522918899e-05,0.00015999999595806003
-1.4951998522587937e-05,0.00015999999595806003
-1.4947998522256976e-05,0.00015999999595806003
-1.4943998521926014e-05,0.00015999999595806003
-1.4939998521595053e-05,0.00015999999595806003
-1.4935998521264091e-05,0.00015999999595806003
-1.493199852093313e-05,0.00015999999595806003
-1.4927998520602168e-05,0.00015999999595806003
-1.4923998520271207e-05,0.00015999999595806003
-1.4919998519940245e-05,0.00015999999595806003
-1.4915998519609284e-05,0.00015999999595806003
-1.4911998519278322e-05,0.00015999999595806003
-1.490799851894736e-05,0.00015999999595806003
-1.49039985186164e-05,0.00015999999595806003
-1.4899998518285438e-05,0.00015999999595806003
-1.4895998517954476e-05,0.00015999999595806003
-1.4891998517623515e-05,0.00015999999595806003
-1.4887998517292553e-05,0.00015999999595806003
-1.4883998516961592e-05,0.00015999999595806003
-1.487999851663063e-05,0.00015999999595806003
-1.4875998516299669e-05,0.00015999999595806003
-1.4871998515968707e-05,0.00015999999595806003
-1.4867998515637746e-05,0.00015999999595806003
-1.4863998515306784e-05,0.00011999999696854502
-1.4859998514975823e-05,0.00015999999595806003
-1.4855998514644861e-05,0.00015999999595806003
-1.48519985143139e-05,0.00015999999595806003
-1.4847998513982939e-05,0.00015999999595806003
-1.4843998513651977e-05,0.00015999999595806003
-1.4839998513321016e-05,0.00015999999595806003
-1.4835998512990054e-05,0.00015999999595806003
-1.4831998512659093e-05,0.00015999999595806003
-1.4827998512328131e-05,0.00015999999595806003
-1.482399851199717e-05,0.00015999999595806003
-1.4819998511666208e-05,0.00019999999494757503
-1.4815998511335247e-05,0.00015999999595806003
-1.4811998511004285e-05,0.00015999999595806003
-1.4807998510673324e-05,0.00015999999595806003
-1.4803998510342362e-05,0.00015999999595806003
-1.47999985100114e-05,0.00015999999595806003
-1.479599850968044e-05,0.00015999999595806003
-1.4791998509349478e-05,0.00015999999595806003
-1.4787998509018516e-05,0.00015999999595806003
-1.4783998508687555e-05,0.00015999999595806003
-1.4779998508356593e-05,0.00015999999595806003
-1.4775998508025632e-05,0.00011999999696854502
-1.477199850769467e-05,0.00015999999595806003
-1.4767998507363709e-05,0.00015999999595806003
-1.4763998507032747e-05,0.00019999999494757503
-1.4759998506701786e-05,0.00015999999595806003
-1.4755998506370824e-05,0.00019999999494757503
-1.4751998506039863e-05,0.00015999999595806003
-1.4747998505708901e-05,0.00019999999494757503
-1.474399850537794e-05,0.00015999999595806003
-1.4739998505046978e-05,0.00015999999595806003
-1.4735998504716017e-05,0.00011999999696854502
-1.4731998504385055e-05,0.00015999999595806003
-1.4727998504054094e-05,0.00011999999696854502
-1.4723998503723133e-05,0.00015999999595806003
-1.4719998503392171e-05,0.00015999999595806003
-1.471599850306121e-05,0.00019999999494757503
-1.4711998502730248e-05,0.00015999999595806003
-1.4707998502399287e-05,0.00015999999595806003
-1.4703998502068325e-05,0.00015999999595806003
-1.4699998501737364e-05,0.00015999999595806003
-1.4695998501406402e-05,0.00015999999595806003
-1.469199850107544e-05,0.00015999999595806003
-1.468799850074448e-05,0.00015999999595806003
-1.4683998500413518e-05,0.00015999999595806003
-1.4679998500082556e-05,0.00015999999595806003
-1.4675998499751595e-05,0.00015999999595806003
-1.4671998499420633e-05,0.00015999999595806003
-1.4667998499089672e-05,0.00015999999595806003
-1.466399849875871e-05,0.00015999999595806003
-1.4659998498427749e-05,0.00015999999595806003
-1.4655998498096787e-05,0.00011999999696854502
-1.4651998497765826e-05,0.00015999999595806003
-1.4647998497434864e-05,0.00015999999595806003
-1.4643998497103903e-05,0.00015999999595806003
-1.4639998496772941e-05,0.00015999999595806003
-1.463599849644198e-05,0.00015999999595806003
-1.4631998496111018e-05,0.00015999999595806003
-1.4627998495780057e-05,0.00015999999595806003
-1.4623998495449095e-05,0.00015999999595806003
-1.4619998495118134e-05,0.00015999999595806003
-1.4615998494787172e-05,0.00015999999595806003
-1.4611998494456211e-05,0.00015999999595806003
-1.460799849412525e-05,0.00011999999696854502
-1.4603998493794288e-05,0.00015999999595806003
-1.4599998493463327e-05,0.00015999999595806003
-1.4595998493132365e-05,0.00015999999595806003
-1.4591998492801404e-05,0.00015999999595806003
-1.4587998492470442e-05,0.00015999999595806003
-1.458399849213948e-05,0.00015999999595806003
-1.4579998491808519e-05,0.00015999999595806003
-1.4575998491477558e-05,0.00015999999595806003
-1.4571998491146596e-05,0.00015999999595806003
-1.4567998490815635e-05,0.00015999999595806003
-1.4563998490484673e-05,0.00015999999595806003
-1.4559998490153712e-05,0.00015999999595806003
-1.455599848982275e-05,0.00015999999595806003
-1.4551998489491789e-05,0.00015999999595806003
-1.4547998489160827e-05,0.00019999999494757503
-1.4543998488829866e-05,0.00015999999595806003
-1.4539998488498904e-05,0.00015999999595806003
-1.4535998488167943e-05,0.00011999999696854502
-1.4531998487836981e-05,0.00015999999595806003
-1.452799848750602e-05,0.00015999999595806003
-1.4523998487175058e-05,0.00015999999595806003
-1.4519998486844097e-05,0.00015999999595806003
-1.4515998486513135e-05,0.00015999999595806003
-1.4511998486182174e-05,0.00015999999595806003
-1.4507998485851212e-05,0.00015999999595806003
-1.4503998485520251e-05,0.00015999999595806003
-1.449999848518929e-05,0.00019999999494757503
-1.4495998484858328e-05,0.00015999999595806003
-1.4491998484527366e-05,0.00015999999595806003
-1.4487998484196405e-05,0.00015999999595806003
-1.4483998483865443e-05,0.00015999999595806003
-1.4479998483534482e-05,0.00011999999696854502
-1.447599848320352e-05,0.00015999999595806003
-1.4471998482872559e-05,0.00011999999696854502
-1.4467998482541598e-05,0.00015999999595806003
-1.4463998482210636e-05,0.00015999999595806003
-1.4459998481879675e-05,0.00015999999595806003
-1.4455998481548713e-05,0.00015999999595806003
-1.4451998481217752e-05,0.00015999999595806003
-1.444799848088679e-05,0.00015999999595806003
-1.4443998480555829e-05,0.00015999999595806003
-1.4439998480224867e-05,0.00015999999595806003
-1.4435998479893906e-05,0.00019999999494757503
-1.4431998479562944e-05,0.00015999999595806003
-1.4427998479231983e-05,0.00015999999595806003
-1.4423998478901021e-05,0.00015999999595806003
-1.441999847857006e-05,0.00015999999595806003
-1.4415998478239098e-05,0.00011999999696854502
-1.4411998477908137e-05,0.00015999999595806003
-1.4407998477577175e-05,0.00011999999696854502
-1.4403998477246214e-05,0.00015999999595806003
-1.4399998476915252e-05,0.00015999999595806003
-1.439599847658429e-05,0.00015999999595806003
-1.439199847625333e-05,0.00015999999595806003
-1.4387998475922368e-05,0.00015999999595806003
-1.4383998475591406e-05,0.00015999999595806003
-1.4379998475260445e-05,0.00015999999595806003
-1.4375998474929483e-05,0.00015999999595806003
-1.4371998474598522e-05,0.00019999999494757503
-1.436799847426756e-05,0.00015999999595806003
-1.4363998473936599e-05,0.00015999999595806003
-1.4359998473605637e-05,0.00015999999595806003
-1.4355998473274676e-05,0.00015999999595806003
-1.4351998472943714e-05,0.00015999999595806003
-1.4347998472612753e-05,0.00015999999595806003
-1.4343998472281792e-05,0.00015999999595806003
-1.433999847195083e-05,0.00015999999595806003
-1.4335998471619869e-05,0.00015999999595806003
-1.4331998471288907e-05,0.00015999999595806003
-1.4327998470957946e-05,0.00015999999595806003
-1.4323998470626984e-05,0.00015999999595806003
-1.4319998470296023e-05,0.00015999999595806003
-1.4315998469965061e-05,0.00015999999595806003
-1.43119984696341e-05,0.00015999999595806003
-1.4307998469303138e-05,0.00015999999595806003
-1.4303998468972177e-05,0.00015999999595806003
-1.4299998468641215e-05,0.00015999999595806003
-1.4295998468310254e-05,0.00011999999696854502
-1.4291998467979292e-05,0.00015999999595806003
-1.428799846764833e-05,0.00015999999595806003
-1.428399846731737e-05,0.00015999999595806003
-1.4279998466986408e-05,0.00015999999595806003
-1.4275998466655446e-05,0.00015999999595806003
-1.4271998466324485e-05,0.00015999999595806003
-1.4267998465993523e-05,0.00015999999595806003
-1.4263998465662562e-05,0.00015999999595806003
-1.42599984653316e-05,0.00015999999595806003
-1.4255998465000639e-05,0.00015999999595806003
-1.4251998464669677e-05,0.00015999999595806003
-1.4247998464338716e-05,0.00015999999595806003
-1.4243998464007754e-05,0.00015999999595806003
-1.4239998463676793e-05,0.00015999999595806003
-1.4235998463345831e-05,0.00015999999595806003
-1.423199846301487e-05,0.00015999999595806003
-1.4227998462683908e-05,0.00019999999494757503
-1.4223998462352947e-05,0.00015999999595806003
-1.4219998462021986e-05,0.00015999999595806003
-1.4215998461691024e-05,0.00015999999595806003
-1.4211998461360063e-05,0.00015999999595806003
-1.4207998461029101e-05,0.00015999999595806003
-1.420399846069814e-05,0.00015999999595806003
-1.4199998460367178e-05,0.00015999999595806003
-1.4195998460036217e-05,0.00015999999595806003
-1.4191998459705255e-05,0.00015999999595806003
-1.4187998459374294e-05,0.00015999999595806003
-1.4183998459043332e-05,0.00015999999595806003
-1.417999845871237e-05,0.00019999999494757503
-1.417599845838141e-05,0.00015999999595806003
-1.4171998458050448e-05,0.00015999999595806003
-1.4167998457719486e-05,0.00015999999595806003
-1.4163998457388525e-05,0.00015999999595806003
-1.4159998457057563e-05,0.00015999999595806003
-1.4155998456726602e-05,0.00015999999595806003
-1.415199845639564e-05,0.00015999999595806003
-1.4147998456064679e-05,0.00015999999595806003
-1.4143998455733717e-05,0.00015999999595806003
-1.4139998455402756e-05,0.00015999999595806003
-1.4135998455071794e-05,0.00015999999595806003
-1.4131998454740833e-05,0.00015999999595806003
-1.4127998454409871e-05,0.00011999999696854502
-1.412399845407891e-05,0.00015999999595806003
-1.4119998453747948e-05,0.00015999999595806003
-1.4115998453416987e-05,0.00015999999595806003
-1.4111998453086025e-05,0.00015999999595806003
-1.4107998452755064e-05,0.00015999999595806003
-1.4103998452424102e-05,0.00015999999595806003
-1.4099998452093141e-05,0.00015999999595806003
-1.409599845176218e-05,0.00015999999595806003
-1.4091998451431218e-05,0.00015999999595806003
-1.4087998451100257e-05,0.00011999999696854502
-1.4083998450769295e-05,0.00015999999595806003
-1.4079998450438334e-05,0.00015999999595806003
-1.4075998450107372e-05,0.00015999999595806003
-1.407199844977641e-05,0.00015999999595806003
-1.4067998449445449e-05,0.00015999999595806003
-1.4063998449114488e-05,0.00015999999595806003
-1.4059998448783526e-05,0.00015999999595806003
-1.4055998448452565e-05,0.00015999999595806003
-1.4051998448121603e-05,0.00019999999494757503
-1.4047998447790642e-05,0.00015999999595806003
-1.404399844745968e-05,0.00015999999595806003
-1.4039998447128719e-05,0.00015999999595806003
-1.4035998446797757e-05,0.00015999999595806003
-1.4031998446466796e-05,0.00015999999595806003
-1.4027998446135834e-05,0.00015999999595806003
-1.4023998445804873e-05,0.00015999999595806003
-1.4019998445473911e-05,0.00015999999595806003
-1.401599844514295e-05,0.00015999999595806003
-1.4011998444811988e-05,0.00015999999595806003
-1.4007998444481027e-05,0.00015999999595806003
-1.4003998444150065e-05,0.00015999999595806003
-1.3999998443819104e-05,0.00015999999595806003
-1.3995998443488142e-05,0.00015999999595806003
-1.3991998443157181e-05,0.00015999999595806003
-1.398799844282622e-05,0.00015999999595806003
-1.3983998442495258e-05,0.00015999999595806003
-1.3979998442164296e-05,0.00015999999595806003
-1.3975998441833335e-05,0.00015999999595806003
-1.3971998441502374e-05,0.00015999999595806003
-1.3967998441171412e-05,0.00015999999595806003
-1.396399844084045e-05,0.00015999999595806003
-1.3959998440509489e-05,0.00015999999595806003
-1.3955998440178528e-05,0.00015999999595806003
-1.3951998439847566e-05,0.00015999999595806003
-1.3947998439516605e-05,0.00015999999595806003
-1.3943998439185643e-05,0.00015999999595806003
-1.3939998438854682e-05,0.00019999999494757503
-1.393599843852372e-05,0.00015999999595806003
-1.3931998438192759e-05,0.00015999999595806003
-1.3927998437861797e-05,0.00015999999595806003
-1.3923998437530836e-05,0.00015999999595806003
-1.3919998437199874e-05,0.00011999999696854502
-1.3915998436868913e-05,0.00015999999595806003
-1.3911998436537951e-05,0.00015999999595806003
-1.390799843620699e-05,0.00015999999595806003
-1.3903998435876028e-05,0.00015999999595806003
-1.3899998435545067e-05,0.00019999999494757503
-1.3895998435214105e-05,0.00015999999595806003
-1.3891998434883144e-05,0.00015999999595806003
-1.3887998434552182e-05,0.00015999999595806003
-1.3883998434221221e-05,0.00015999999595806003
-1.387999843389026e-05,0.00015999999595806003
-1.3875998433559298e-05,0.00019999999494757503
-1.3871998433228336e-05,0.00015999999595806003
-1.3867998432897375e-05,0.00015999999595806003
-1.3863998432566413e-05,0.00011999999696854502
-1.3859998432235452e-05,0.00011999999696854502
-1.385599843190449e-05,0.00011999999696854502
-1.3851998431573529e-05,0.00015999999595806003
-1.3847998431242568e-05,0.00011999999696854502
-1.3843998430911606e-05,0.00015999999595806003
-1.3839998430580645e-05,0.00015999999595806003
-1.3835998430249683e-05,0.00015999999595806003
-1.3831998429918722e-05,0.00015999999595806003
-1.382799842958776e-05,0.00019999999494757503
-1.3823998429256799e-05,0.00019999999494757503
-1.3819998428925837e-05,0.00019999999494757503
-1.3815998428594876e-05,0.00015999999595806003
-1.3811998428263914e-05,0.00015999999595806003
-1.3807998427932953e-05,0.00015999999595806003
-1.3803998427601991e-05,0.00015999999595806003
-1.379999842727103e-05,0.00011999999696854502
-1.3795998426940068e-05,0.00011999999696854502
-1.3791998426609107e-05,0.00011999999696854502
-1.3787998426278145e-05,0.00015999999595806003
-1.3783998425947184e-05,0.00011999999696854502
-1.3779998425616222e-05,0.00015999999595806003
-1.377599842528526e-05,0.00015999999595806003
-1.37719984249543e-05,0.00019999999494757503
-1.3767998424623338e-05,0.00015999999595806003
-1.3763998424292376e-05,0.00015999999595806003
-1.3759998423961415e-05,0.00015999999595806003
-1.3755998423630453e-05,0.00015999999595806003
-1.3751998423299492e-05,0.00015999999595806003
-1.374799842296853e-05,0.00015999999595806003
-1.3743998422637569e-05,0.00015999999595806003
-1.3739998422306607e-05,0.00015999999595806003
-1.3735998421975646e-05,0.00015999999595806003
-1.3731998421644684e-05,0.00015999999595806003
-1.3727998421313723e-05,0.00011999999696854502
-1.3723998420982762e-05,0.00015999999595806003
-1.37199984206518e-05,0.00011999999696854502
-1.3715998420320839e-05,0.00015999999595806003
-1.3711998419989877e-05,0.00015999999595806003
-1.3707998419658916e-05,0.00015999999595806003
-1.3703998419327954e-05,0.00015999999595806003
-1.3699998418996993e-05,0.00019999999494757503
-1.3695998418666031e-05,0.00015999999595806003
-1.369199841833507e-05,0.00019999999494757503
-1.3687998418004108e-05,0.00015999999595806003
-1.3683998417673147e-05,0.00015999999595806003
-1.3679998417342185e-05,0.00015999999595806003
-1.3675998417011224e-05,0.00015999999595806003
-1.3671998416680262e-05,0.00011999999696854502
-1.36679984163493e-05,0.00015999999595806003
-1.366399841601834e-05,0.00015999999595806003
-1.3659998415687378e-05,0.00015999999595806003
-1.3655998415356416e-05,0.00015999999595806003
-1.3651998415025455e-05,0.00015999999595806003
-1.3647998414694493e-05,0.00015999999595806003
-1.3643998414363532e-05,0.00015999999595806003
-1.363999841403257e-05,0.00015999999595806003
-1.3635998413701609e-05,0.00015999999595806003
-1.3631998413370647e-05,0.00015999999595806003
-1.3627998413039686e-05,0.00015999999595806003
-1.3623998412708724e-05,0.00015999999595806003
-1.3619998412377763e-05,0.00015999999595806003
-1.3615998412046801e-05,0.00015999999595806003
-1.361199841171584e-05,0.00015999999595806003
-1.3607998411384878e-05,0.00011999999696854502
-1.3603998411053917e-05,0.00015999999595806003
-1.3599998410722956e-05,0.00011999999696854502
-1.3595998410391994e-05,0.00011999999696854502
-1.3591998410061033e-05,0.00011999999696854502
-1.3587998409730071e-05,0.00015999999595806003
-1.358399840939911e-05,0.00011999999696854502
-1.3579998409068148e-05,0.00019999999494757503
-1.3575998408737187e-05,0.00015999999595806003
-1.3571998408406225e-05,0.00019999999494757503
-1.3567998408075264e-05,0.00015999999595806003
-1.3563998407744302e-05,0.00015999999595806003
-1.355999840741334e-05,0.00015999999595806003
-1.355599840708238e-05,0.00015999999595806003
-1.3551998406751418e-05,0.00015999999595806003
-1.3547998406420456e-05,0.00015999999595806003
-1.3543998406089495e-05,0.00011999999696854502
-1.3539998405758533e-05,0.00015999999595806003
-1.3535998405427572e-05,0.00015999999595806003
-1.353199840509661e-05,0.00019999999494757503
-1.3527998404765649e-05,0.00015999999595806003
-1.3523998404434687e-05,0.00015999999595806003
-1.3519998404103726e-05,0.00015999999595806003
-1.3515998403772764e-05,0.00015999999595806003
-1.3511998403441803e-05,0.00015999999595806003
-1.3507998403110841e-05,0.00015999999595806003
-1.350399840277988e-05,0.00011999999696854502
-1.3499998402448918e-05,0.00015999999595806003
-1.3495998402117957e-05,0.00015999999595806003
-1.3491998401786995e-05,0.00019999999494757503
-1.3487998401456034e-05,0.00015999999595806003
-1.3483998401125072e-05,0.00015999999595806003
-1.3479998400794111e-05,0.00015999999595806003
-1.347599840046315e-05,0.00015999999595806003
-1.3471998400132188e-05,0.00015999999595806003
-1.3467998399801227e-05,0.00015999999595806003
-1.3463998399470265e-05,0.00011999999696854502
-1.3459998399139304e-05,0.00015999999595806003
-1.3455998398808342e-05,0.00015999999595806003
-1.345199839847738e-05,0.00019999999494757503
-1.3447998398146419e-05,0.00015999999595806003
-1.3443998397815458e-05,0.00015999999595806003
-1.3439998397484496e-05,0.00015999999595806003
-1.3435998397153535e-05,0.00015999999595806003
-1.3431998396822573e-05,0.00015999999595806003
-1.3427998396491612e-05,0.00015999999595806003
-1.342399839616065e-05,0.00015999999595806003
-1.3419998395829689e-05,0.00015999999595806003
-1.3415998395498727e-05,0.00015999999595806003
-1.3411998395167766e-05,0.00015999999595806003
-1.3407998394836804e-05,0.00015999999595806003
-1.3403998394505843e-05,0.00015999999595806003
-1.3399998394174881e-05,0.00015999999595806003
-1.339599839384392e-05,0.00015999999595806003
-1.3391998393512958e-05,0.00011999999696854502
-1.3387998393181997e-05,0.00015999999595806003
-1.3383998392851035e-05,0.00015999999595806003
-1.3379998392520074e-05,0.00015999999595806003
-1.3375998392189112e-05,0.00015999999595806003
-1.3371998391858151e-05,0.00015999999595806003
-1.336799839152719e-05,0.00015999999595806003
-1.3363998391196228e-05,0.00019999999494757503
-1.3359998390865266e-05,0.00015999999595806003
-1.3355998390534305e-05,0.00015999999595806003
-1.3351998390203343e-05,0.00015999999595806003
-1.3347998389872382e-05,0.00015999999595806003
-1.334399838954142e-05,0.00015999999595806003
-1.3339998389210459e-05,0.00015999999595806003
-1.3335998388879498e-05,0.00015999999595806003
-1.3331998388548536e-05,0.00015999999595806003
-1.3327998388217575e-05,0.00015999999595806003
-1.3323998387886613e-05,0.00015999999595806003
-1.3319998387555652e-05,0.00015999999595806003
-1.331599838722469e-05,0.00015999999595806003
-1.3311998386893729e-05,0.00015999999595806003
-1.3307998386562767e-05,0.00015999999595806003
-1.3303998386231806e-05,0.00015999999595806003
-1.3299998385900844e-05,0.00019999999494757503
-1.3295998385569883e-05,0.00015999999595806003
-1.3291998385238921e-05,0.00019999999494757503
-1.328799838490796e-05,0.00015999999595806003
-1.3283998384576998e-05,0.00019999999494757503
-1.3279998384246037e-05,0.00015999999595806003
-1.3275998383915075e-05,0.00015999999595806003
-1.3271998383584114e-05,0.00011999999696854502
-1.3267998383253152e-05,0.00011999999696854502
-1.3263998382922191e-05,0.00011999999696854502
-1.325999838259123e-05,0.00015999999595806003
-1.3255998382260268e-05,0.00011999999696854502
-1.3251998381929306e-05,0.00015999999595806003
-1.3247998381598345e-05,0.00015999999595806003
-1.3243998381267383e-05,0.00019999999494757503
-1.3239998380936422e-05,0.00015999999595806003
-1.323599838060546e-05,0.00019999999494757503
-1.3231998380274499e-05,0.00015999999595806003
-1.3227998379943537e-05,0.00015999999595806003
-1.3223998379612576e-05,0.00015999999595806003
-1.3219998379281615e-05,0.00015999999595806003
-1.3215998378950653e-05,0.00015999999595806003
-1.3211998378619692e-05,0.00015999999595806003
-1.320799837828873e-05,0.00015999999595806003
-1.3203998377957769e-05,0.00019999999494757503
-1.3199998377626807e-05,0.00015999999595806003
-1.3195998377295846e-05,0.00015999999595806003
-1.3191998376964884e-05,0.00015999999595806003
-1.3187998376633923e-05,0.00015999999595806003
-1.3183998376302961e-05,0.00011999999696854502
-1.3179998375972e-05,0.00015999999595806003
-1.3175998375641038e-05,0.00015999999595806003
-1.3171998375310077e-05,0.00019999999494757503
-1.3167998374979115e-05,0.00015999999595806003
-1.3163998374648154e-05,0.00019999999494757503
-1.3159998374317192e-05,0.00015999999595806003
-1.315599837398623e-05,0.00019999999494757503
-1.315199837365527e-05,0.00015999999595806003
-1.3147998373324308e-05,0.00015999999595806003
-1.3143998372993346e-05,0.00015999999595806003
-1.3139998372662385e-05,0.00015999999595806003
-1.3135998372331423e-05,0.00015999999595806003
-1.3131998372000462e-05,0.00015999999595806003
-1.31279983716695e-05,0.00011999999696854502
-1.3123998371338539e-05,0.00015999999595806003
-1.3119998371007577e-05,0.00015999999595806003
-1.3115998370676616e-05,0.00015999999595806003
-1.3111998370345654e-05,0.00015999999595806003
-1.3107998370014693e-05,0.00015999999595806003
-1.3103998369683731e-05,0.00015999999595806003
-1.309999836935277e-05,0.00015999999595806003
-1.3095998369021809e-05,0.00015999999595806003
-1.3091998368690847e-05,0.00015999999595806003
-1.3087998368359886e-05,0.00015999999595806003
-1.3083998368028924e-05,0.00015999999595806003
-1.3079998367697963e-05,0.00015999999595806003
-1.3075998367367001e-05,0.00015999999595806003
-1.307199836703604e-05,0.00015999999595806003
-1.3067998366705078e-05,0.00015999999595806003
-1.3063998366374117e-05,0.00015999999595806003
-1.3059998366043155e-05,0.00015999999595806003
-1.3055998365712194e-05,0.00015999999595806003
-1.3051998365381232e-05,0.00015999999595806003
-1.304799836505027e-05,0.00015999999595806003
-1.304399836471931e-05,0.00015999999595806003
-1.3039998364388348e-05,0.00015999999595806003
-1.3035998364057386e-05,0.00015999999595806003
-1.3031998363726425e-05,0.00015999999595806003
-1.3027998363395463e-05,0.00015999999595806003
-1.3023998363064502e-05,0.00011999999696854502
-1.301999836273354e-05,0.00015999999595806003
-1.3015998362402579e-05,0.00015999999595806003
-1.3011998362071617e-05,0.00019999999494757503
-1.3007998361740656e-05,0.00015999999595806003
-1.3003998361409694e-05,0.00015999999595806003
-1.2999998361078733e-05,0.00015999999595806003
-1.2995998360747771e-05,0.00015999999595806003
-1.299199836041681e-05,0.00011999999696854502
-1.2987998360085848e-05,0.00015999999595806003
-1.2983998359754887e-05,0.00015999999595806003
-1.2979998359423925e-05,0.00015999999595806003
-1.2975998359092964e-05,0.00015999999595806003
-1.2971998358762003e-05,0.00015999999595806003
-1.2967998358431041e-05,0.00015999999595806003
-1.296399835810008e-05,0.00015999999595806003
-1.2959998357769118e-05,0.00015999999595806003
-1.2955998357438157e-05,0.00015999999595806003
-1.2951998357107195e-05,0.00015999999595806003
-1.2947998356776234e-05,0.00015999999595806003
-1.2943998356445272e-05,0.00015999999595806003
-1.293999835611431e-05,0.00015999999595806003
-1.293599835578335e-05,0.00015999999595806003
-1.2931998355452388e-05,0.00015999999595806003
-1.2927998355121426e-05,0.00015999999595806003
-1.2923998354790465e-05,0.00015999999595806003
-1.2919998354459503e-05,0.00015999999595806003
-1.2915998354128542e-05,0.00019999999494757503
-1.291199835379758e-05,0.00015999999595806003
-1.2907998353466619e-05,0.00015999999595806003
-1.2903998353135657e-05,0.00015999999595806003
-1.2899998352804696e-05,0.00015999999595806003
-1.2895998352473734e-05,0.00015999999595806003
-1.2891998352142773e-05,0.00015999999595806003
-1.2887998351811811e-05,0.00015999999595806003
-1.288399835148085e-05,0.00015999999595806003
-1.2879998351149888e-05,0.00015999999595806003
-1.2875998350818927e-05,0.00019999999494757503
-1.2871998350487965e-05,0.00015999999595806003
-1.2867998350157004e-05,0.00015999999595806003
-1.2863998349826042e-05,0.00015999999595806003
-1.2859998349495081e-05,0.00015999999595806003
-1.285599834916412e-05,0.00015999999595806003
-1.2851998348833158e-05,0.00015999999595806003
-1.2847998348502197e-05,0.00015999999595806003
-1.2843998348171235e-05,0.00015999999595806003
-1.2839998347840274e-05,0.00015999999595806003
-1.2835998347509312e-05,0.00015999999595806003
-1.283199834717835e-05,0.00015999999595806003
-1.2827998346847389e-05,0.00015999999595806003
-1.2823998346516428e-05,0.00011999999696854502
-1.2819998346185466e-05,0.00015999999595806003
-1.2815998345854505e-05,0.00015999999595806003
-1.2811998345523543e-05,0.00015999999595806003
-1.2807998345192582e-05,0.00015999999595806003
-1.280399834486162e-05,0.00015999999595806003
-1.2799998344530659e-05,0.00015999999595806003
-1.2795998344199697e-05,0.00015999999595806003
-1.2791998343868736e-05,0.00015999999595806003
-1.2787998343537774e-05,0.00015999999595806003
-1.2783998343206813e-05,0.00015999999595806003
-1.2779998342875851e-05,0.00015999999595806003
-1.277599834254489e-05,0.00015999999595806003
-1.2771998342213928e-05,0.00015999999595806003
-1.2767998341882967e-05,0.00015999999595806003
-1.2763998341552005e-05,0.00015999999595806003
-1.2759998341221044e-05,0.00015999999595806003
-1.2755998340890082e-05,0.00015999999595806003
-1.2751998340559121e-05,0.00015999999595806003
-1.274799834022816e-05,0.00015999999595806003
-1.2743998339897198e-05,0.00015999999595806003
-1.2739998339566236e-05,0.00015999999595806003
-1.2735998339235275e-05,0.00015999999595806003
-1.2731998338904313e-05,0.00015999999595806003
-1.2727998338573352e-05,0.00015999999595806003
-1.272399833824239e-05,0.00015999999595806003
-1.2719998337911429e-05,0.00015999999595806003
-1.2715998337580468e-05,0.00015999999595806003
-1.2711998337249506e-05,0.00015999999595806003
-1.2707998336918545e-05,0.00015999999595806003
-1.2703998336587583e-05,0.00011999999696854502
-1.2699998336256622e-05,0.00015999999595806003
-1.269599833592566e-05,0.00015999999595806003
-1.2691998335594699e-05,0.00015999999595806003
-1.2687998335263737e-05,0.00011999999696854502
-1.2683998334932776e-05,0.00015999999595806003
-1.2679998334601814e-05,0.00015999999595806003
-1.2675998334270853e-05,0.00015999999595806003
-1.2671998333939891e-05,0.00015999999595806003
-1.266799833360893e-05,0.00015999999595806003
-1.2663998333277968e-05,0.00015999999595806003
-1.2659998332947007e-05,0.00015999999595806003
-1.2655998332616045e-05,0.00015999999595806003
-1.2651998332285084e-05,0.00015999999595806003
-1.2647998331954122e-05,0.00015999999595806003
-1.264399833162316e-05,0.00015999999595806003
-1.26399983312922e-05,0.00015999999595806003
-1.2635998330961238e-05,0.00015999999595806003
-1.2631998330630276e-05,0.00015999999595806003
-1.2627998330299315e-05,0.00015999999595806003
-1.2623998329968353e-05,0.00011999999696854502
-1.2619998329637392e-05,0.00015999999595806003
-1.261599832930643e-05,0.00015999999595806003
-1.2611998328975469e-05,0.00015999999595806003
-1.2607998328644507e-05,0.00015999999595806003
-1.2603998328313546e-05,0.00015999999595806003
-1.2599998327982585e-05,0.00015999999595806003
-1.2595998327651623e-05,0.00015999999595806003
-1.2591998327320662e-05,0.00015999999595806003
-1.25879983269897e-05,0.00015999999595806003
-1.2583998326658739e-05,0.00015999999595806003
-1.2579998326327777e-05,0.00015999999595806003
-1.2575998325996816e-05,0.00015999999595806003
-1.2571998325665854e-05,0.00015999999595806003
-1.2567998325334893e-05,0.00011999999696854502
-1.2563998325003931e-05,0.00015999999595806003
-1.255999832467297e-05,0.00015999999595806003
-1.2555998324342008e-05,0.00019999999494757503
-1.2551998324011047e-05,0.00015999999595806003
-1.2547998323680085e-05,0.00015999999595806003
-1.2543998323349124e-05,0.00015999999595806003
-1.2539998323018162e-05,0.00015999999595806003
-1.25359983226872e-05,0.00015999999595806003
-1.253199832235624e-05,0.00019999999494757503
-1.2527998322025278e-05,0.00015999999595806003
-1.2523998321694316e-05,0.00015999999595806003
-1.2519998321363355e-05,0.00015999999595806003
-1.2515998321032393e-05,0.00015999999595806003
-1.2511998320701432e-05,0.00015999999595806003
-1.250799832037047e-05,0.00015999999595806003
-1.2503998320039509e-05,0.00015999999595806003
-1.2499998319708547e-05,0.00015999999595806003
-1.2495998319377586e-05,0.00015999999595806003
-1.2491998319046624e-05,0.00015999999595806003
-1.2487998318715663e-05,0.00015999999595806003
-1.2483998318384701e-05,0.00015999999595806003
-1.247999831805374e-05,0.00015999999595806003
-1.2475998317722779e-05,0.00015999999595806003
-1.2471998317391817e-05,0.00015999999595806003
-1.2467998317060856e-05,0.00015999999595806003
-1.2463998316729894e-05,0.00015999999595806003
-1.2459998316398933e-05,0.00015999999595806003
-1.2455998316067971e-05,0.00015999999595806003
-1.245199831573701e-05,0.00015999999595806003
-1.2447998315406048e-05,0.00015999999595806003
-1.2443998315075087e-05,0.00015999999595806003
-1.2439998314744125e-05,0.00015999999595806003
-1.2435998314413164e-05,0.00015999999595806003
-1.2431998314082202e-05,0.00015999999595806003
-1.242799831375124e-05,0.00015999999595806003
-1.242399831342028e-05,0.00011999999696854502
-1.2419998313089318e-05,0.00011999999696854502
-1.2415998312758356e-05,0.00011999999696854502
-1.2411998312427395e-05,0.00015999999595806003
-1.2407998312096433e-05,0.00015999999595806003
-1.2403998311765472e-05,0.00015999999595806003
-1.239999831143451e-05,0.00015999999595806003
-1.2395998311103549e-05,0.00015999999595806003
-1.2391998310772587e-05,0.00015999999595806003
-1.2387998310441626e-05,0.00019999999494757503
-1.2383998310110664e-05,0.00015999999595806003
-1.2379998309779703e-05,0.00015999999595806003
-1.2375998309448741e-05,0.00015999999595806003
-1.237199830911778e-05,0.00015999999595806003
-1.2367998308786818e-05,0.00011999999696854502
-1.2363998308455857e-05,0.00015999999595806003
-1.2359998308124895e-05,0.00015999999595806003
-1.2355998307793934e-05,0.00015999999595806003
-1.2351998307462973e-05,0.00015999999595806003
-1.2347998307132011e-05,0.00015999999595806003
-1.234399830680105e-05,0.00015999999595806003
-1.2339998306470088e-05,0.00015999999595806003
-1.2335998306139127e-05,0.00015999999595806003
-1.2331998305808165e-05,0.00015999999595806003
-1.2327998305477204e-05,0.00015999999595806003
-1.2323998305146242e-05,0.00015999999595806003
-1.231999830481528e-05,0.00015999999595806003
-1.2315998304484319e-05,0.00015999999595806003
-1.2311998304153358e-05,0.00015999999595806003
-1.2307998303822396e-05,0.00015999999595806003
-1.2303998303491435e-05,0.00015999999595806003
-1.2299998303160473e-05,0.00015999999595806003
-1.2295998302829512e-05,0.00015999999595806003
-1.229199830249855e-05,0.00015999999595806003
-1.2287998302167589e-05,0.00011999999696854502
-1.2283998301836627e-05,0.00015999999595806003
-1.2279998301505666e-05,0.00015999999595806003
-1.2275998301174704e-05,0.00015999999595806003
-1.2271998300843743e-05,0.00015999999595806003
-1.2267998300512781e-05,0.00019999999494757503
-1.226399830018182e-05,0.00015999999595806003
-1.2259998299850858e-05,0.00015999999595806003
-1.2255998299519897e-05,0.00015999999595806003
-1.2251998299188935e-05,0.00015999999595806003
-1.2247998298857974e-05,0.00015999999595806003
-1.2243998298527012e-05,0.00015999999595806003
-1.2239998298196051e-05,0.00015999999595806003
-1.223599829786509e-05,0.00015999999595806003
-1.2231998297534128e-05,0.00015999999595806003
-1.2227998297203166e-05,0.00015999999595806003
-1.2223998296872205e-05,0.00015999999595806003
-1.2219998296541244e-05,0.00015999999595806003
-1.2215998296210282e-05,0.00015999999595806003
-1.221199829587932e-05,0.00015999999595806003
-1.2207998295548359e-05,0.00015999999595806003
-1.2203998295217398e-05,0.00015999999595806003
-1.2199998294886436e-05,0.00015999999595806003
-1.2195998294555475e-05,0.00015999999595806003
-1.2191998294224513e-05,0.00015999999595806003
-1.2187998293893552e-05,0.00015999999595806003
-1.218399829356259e-05,0.00015999999595806003
-1.2179998293231629e-05,0.00015999999595806003
-1.2175998292900667e-05,0.00015999999595806003
-1.2171998292569706e-05,0.00015999999595806003
-1.2167998292238744e-05,0.00015999999595806003
-1.2163998291907783e-05,0.00015999999595806003
-1.2159998291576821e-05,0.00015999999595806003
-1.215599829124586e-05,0.00015999999595806003
-1.2151998290914898e-05,0.00015999999595806003
-1.2147998290583937e-05,0.00015999999595806003
-1.2143998290252975e-05,0.00015999999595806003
-1.2139998289922014e-05,0.00015999999595806003
-1.2135998289591052e-05,0.00015999999595806003
-1.2131998289260091e-05,0.00015999999595806003
-1.212799828892913e-05,0.00015999999595806003
-1.2123998288598168e-05,0.00015999999595806003
-1.2119998288267206e-05,0.00015999999595806003
-1.2115998287936245e-05,0.00015999999595806003
-1.2111998287605283e-05,0.00015999999595806003
-1.2107998287274322e-05,0.00015999999595806003
-1.210399828694336e-05,0.00011999999696854502
-1.2099998286612399e-05,0.00015999999595806003
-1.2095998286281438e-05,0.00011999999696854502
-1.2091998285950476e-05,0.00015999999595806003
-1.2087998285619515e-05,0.00015999999595806003
-1.2083998285288553e-05,0.00015999999595806003
-1.2079998284957592e-05,0.00015999999595806003
-1.207599828462663e-05,0.00015999999595806003
-1.2071998284295669e-05,0.00015999999595806003
-1.2067998283964707e-05,0.00015999999595806003
-1.2063998283633746e-05,0.00015999999595806003
-1.2059998283302784e-05,0.00015999999595806003
-1.2055998282971823e-05,0.00015999999595806003
-1.2051998282640861e-05,0.00015999999595806003
-1.20479982823099e-05,0.00015999999595806003
-1.2043998281978938e-05,0.00015999999595806003
-1.2039998281647977e-05,0.00015999999595806003
-1.2035998281317015e-05,0.00015999999595806003
-1.2031998280986054e-05,0.00011999999696854502
-1.2027998280655092e-05,0.00015999999595806003
-1.202399828032413e-05,0.00015999999595806003
-1.201999827999317e-05,0.00015999999595806003
-1.2015998279662208e-05,0.00011999999696854502
-1.2011998279331246e-05,0.00015999999595806003
-1.2007998279000285e-05,0.00011999999696854502
-1.2003998278669323e-05,0.00015999999595806003
-1.1999998278338362e-05,0.00015999999595806003
-1.19959982780074e-05,0.00015999999595806003
-1.1991998277676439e-05,0.00015999999595806003
-1.1987998277345477e-05,0.00015999999595806003
-1.1983998277014516e-05,0.00015999999595806003
-1.1979998276683554e-05,0.00015999999595806003
-1.1975998276352593e-05,0.00015999999595806003
-1.1971998276021632e-05,0.00015999999595806003
-1.196799827569067e-05,0.00011999999696854502
-1.1963998275359709e-05,0.00015999999595806003
-1.1959998275028747e-05,0.00015999999595806003
-1.1955998274697786e-05,0.00015999999595806003
-1.1951998274366824e-05,0.00015999999595806003
-1.1947998274035863e-05,0.00015999999595806003
-1.1943998273704901e-05,0.00015999999595806003
-1.193999827337394e-05,0.00015999999595806003
-1.1935998273042978e-05,0.00015999999595806003
-1.1931998272712017e-05,0.00015999999595806003
-1.1927998272381055e-05,0.00015999999595806003
-1.1923998272050094e-05,0.00015999999595806003
-1.1919998271719132e-05,0.00015999999595806003
-1.191599827138817e-05,0.00015999999595806003
-1.191199827105721e-05,0.00011999999696854502
-1.1907998270726248e-05,0.00015999999595806003
-1.1903998270395286e-05,0.00015999999595806003
-1.1899998270064325e-05,0.00015999999595806003
-1.1895998269733363e-05,0.00015999999595806003
-1.1891998269402402e-05,0.00015999999595806003
-1.188799826907144e-05,0.00015999999595806003
-1.1883998268740479e-05,0.00015999999595806003
-1.1879998268409517e-05,0.00015999999595806003
-1.1875998268078556e-05,0.00015999999595806003
-1.1871998267747594e-05,0.00015999999595806003
-1.1867998267416633e-05,0.00019999999494757503
-1.1863998267085671e-05,0.00015999999595806003
-1.185999826675471e-05,0.00015999999595806003
-1.1855998266423748e-05,0.00015999999595806003
-1.1851998266092787e-05,0.00015999999595806003
-1.1847998265761826e-05,0.00015999999595806003
-1.1843998265430864e-05,0.00015999999595806003
-1.1839998265099903e-05,0.00015999999595806003
-1.1835998264768941e-05,0.00019999999494757503
-1.183199826443798e-05,0.00015999999595806003
-1.1827998264107018e-05,0.00015999999595806003
-1.1823998263776057e-05,0.00015999999595806003
-1.1819998263445095e-05,0.00015999999595806003
-1.1815998263114134e-05,0.00015999999595806003
-1.1811998262783172e-05,0.00015999999595806003
-1.180799826245221e-05,0.00011999999696854502
-1.180399826212125e-05,0.00015999999595806003
-1.1799998261790288e-05,0.00015999999595806003
-1.1795998261459326e-05,0.00015999999595806003
-1.1791998261128365e-05,0.00015999999595806003
-1.1787998260797403e-05,0.00015999999595806003
-1.1783998260466442e-05,0.00015999999595806003
-1.177999826013548e-05,0.00015999999595806003
-1.1775998259804519e-05,0.00015999999595806003
-1.1771998259473557e-05,0.00015999999595806003
-1.1767998259142596e-05,0.00015999999595806003
-1.1763998258811634e-05,0.00015999999595806003
-1.1759998258480673e-05,0.00015999999595806003
-1.1755998258149711e-05,0.00015999999595806003
-1.175199825781875e-05,0.00015999999595806003
-1.1747998257487788e-05,0.00015999999595806003
-1.1743998257156827e-05,0.00015999999595806003
-1.1739998256825865e-05,0.00015999999595806003
-1.1735998256494904e-05,0.00011999999696854502
-1.1731998256163942e-05,0.00015999999595806003
-1.1727998255832981e-05,0.00015999999595806003
-1.172399825550202e-05,0.00015999999595806003
-1.1719998255171058e-05,0.00015999999595806003
-1.1715998254840097e-05,0.00019999999494757503
-1.1711998254509135e-05,0.00015999999595806003
-1.1707998254178174e-05,0.00019999999494757503
-1.1703998253847212e-05,0.00015999999595806003
-1.169999825351625e-05,0.00015999999595806003
-1.1695998253185289e-05,0.00011999999696854502
-1.1691998252854328e-05,0.00015999999595806003
-1.1687998252523366e-05,0.00011999999696854502
-1.1683998252192405e-05,0.00011999999696854502
-1.1679998251861443e-05,0.00015999999595806003
-1.1675998251530482e-05,0.00015999999595806003
-1.167199825119952e-05,0.00015999999595806003
-1.1667998250868559e-05,0.00019999999494757503
-1.1663998250537597e-05,0.00015999999595806003
-1.1659998250206636e-05,0.00019999999494757503
-1.1655998249875674e-05,0.00015999999595806003
-1.1651998249544713e-05,0.00015999999595806003
-1.1647998249213751e-05,0.00015999999595806003
-1.164399824888279e-05,0.00015999999595806003
-1.1639998248551828e-05,0.00011999999696854502
-1.1635998248220867e-05,0.00015999999595806003
-1.1631998247889905e-05,0.00015999999595806003
-1.1627998247558944e-05,0.00015999999595806003
-1.1623998247227982e-05,0.00015999999595806003
-1.1619998246897021e-05,0.00019999999494757503
-1.161599824656606e-05,0.00015999999595806003
-1.1611998246235098e-05,0.00015999999595806003
-1.1607998245904136e-05,0.00015999999595806003
-1.1603998245573175e-05,0.00011999999696854502
-1.1599998245242214e-05,0.00015999999595806003
-1.1595998244911252e-05,0.00015999999595806003
-1.159199824458029e-05,0.00015999999595806003
-1.1587998244249329e-05,0.00015999999595806003
-1.1583998243918368e-05,0.00015999999595806003
-1.1579998243587406e-05,0.00019999999494757503
-1.1575998243256445e-05,0.00015999999595806003
-1.1571998242925483e-05,0.00019999999494757503
-1.1567998242594522e-05,0.00011999999696854502
-1.156399824226356e-05,0.00015999999595806003
-1.1559998241932599e-05,0.00011999999696854502
-1.1555998241601637e-05,0.00015999999595806003
-1.1551998241270676e-05,0.00015999999595806003
-1.1547998240939714e-05,0.00015999999595806003
-1.1543998240608753e-05,0.00015999999595806003
-1.1539998240277791e-05,0.00015999999595806003
-1.153599823994683e-05,0.00015999999595806003
-1.1531998239615868e-05,0.00015999999595806003
-1.1527998239284907e-05,0.00015999999595806003
-1.1523998238953945e-05,0.00015999999595806003
-1.1519998238622984e-05,0.00015999999595806003
-1.1515998238292022e-05,0.00015999999595806003
-1.1511998237961061e-05,0.00011999999696854502
-1.15079982376301e-05,0.00015999999595806003
-1.1503998237299138e-05,0.00011999999696854502
-1.1499998236968176e-05,0.00019999999494757503
-1.1495998236637215e-05,0.00015999999595806003
-1.1491998236306253e-05,0.00015999999595806003
-1.1487998235975292e-05,0.00015999999595806003
-1.148399823564433e-05,0.00015999999595806003
-1.1479998235313369e-05,0.00015999999595806003
-1.1475998234982408e-05,0.00015999999595806003
-1.1471998234651446e-05,0.00015999999595806003
-1.1467998234320485e-05,0.00015999999595806003
-1.1463998233989523e-05,0.00015999999595806003
-1.1459998233658562e-05,0.00015999999595806003
-1.14559982333276e-05,0.00015999999595806003
-1.1451998232996639e-05,0.00015999999595806003
-1.1447998232665677e-05,0.00015999999595806003
-1.1443998232334716e-05,0.00015999999595806003
-1.1439998232003754e-05,0.00011999999696854502
-1.1435998231672793e-05,0.00015999999595806003
-1.1431998231341831e-05,0.00015999999595806003
-1.142799823101087e-05,0.00015999999595806003
-1.1423998230679908e-05,0.00015999999595806003
-1.1419998230348947e-05,0.00019999999494757503
-1.1415998230017985e-05,0.00015999999595806003
-1.1411998229687024e-05,0.00019999999494757503
-1.1407998229356062e-05,0.00015999999595806003
-1.14039982290251e-05,0.00015999999595806003
-1.139999822869414e-05,0.00015999999595806003
-1.1395998228363178e-05,0.00015999999595806003
-1.1391998228032216e-05,0.00015999999595806003
-1.1387998227701255e-05,0.00015999999595806003
-1.1383998227370293e-05,0.00011999999696854502
-1.1379998227039332e-05,0.00015999999595806003
-1.137599822670837e-05,0.00015999999595806003
-1.1371998226377409e-05,0.00015999999595806003
-1.1367998226046447e-05,0.00015999999595806003
-1.1363998225715486e-05,0.00019999999494757503
-1.1359998225384524e-05,0.00015999999595806003
-1.1355998225053563e-05,0.00019999999494757503
-1.1351998224722602e-05,0.00015999999595806003
-1.134799822439164e-05,0.00019999999494757503
-1.1343998224060679e-05,0.00015999999595806003
-1.1339998223729717e-05,0.00015999999595806003
-1.1335998223398756e-05,0.00011999999696854502
-1.1331998223067794e-05,0.00015999999595806003
-1.1327998222736833e-05,0.00011999999696854502
-1.1323998222405871e-05,0.00011999999696854502
-1.131999822207491e-05,0.00011999999696854502
-1.1315998221743948e-05,0.00015999999595806003
-1.1311998221412987e-05,0.00015999999595806003
-1.1307998221082025e-05,0.00015999999595806003
-1.1303998220751064e-05,0.00015999999595806003
-1.1299998220420102e-05,0.00019999999494757503
-1.129599822008914e-05,0.00015999999595806003
-1.129199821975818e-05,0.00019999999494757503
-1.1287998219427218e-05,0.00015999999595806003
-1.1283998219096256e-05,0.00015999999595806003
-1.1279998218765295e-05,0.00011999999696854502
-1.1275998218434333e-05,0.00015999999595806003
-1.1271998218103372e-05,0.00015999999595806003
-1.126799821777241e-05,0.00015999999595806003
-1.1263998217441449e-05,0.00015999999595806003
-1.1259998217110487e-05,0.00015999999595806003
-1.1255998216779526e-05,0.00015999999595806003
-1.1251998216448564e-05,0.00019999999494757503
-1.1247998216117603e-05,0.00015999999595806003
-1.1243998215786641e-05,0.00015999999595806003
-1.123999821545568e-05,0.00011999999696854502
-1.1235998215124718e-05,0.00015999999595806003
-1.1231998214793757e-05,0.00015999999595806003
-1.1227998214462795e-05,0.00015999999595806003
-1.1223998214131834e-05,0.00015999999595806003
-1.1219998213800873e-05,0.00015999999595806003
-1.1215998213469911e-05,0.00015999999595806003
-1.121199821313895e-05,0.00015999999595806003
-1.1207998212807988e-05,0.00011999999696854502
-1.1203998212477027e-05,0.00011999999696854502
-1.1199998212146065e-05,0.00011999999696854502
-1.1195998211815104e-05,0.00015999999595806003
-1.1191998211484142e-05,0.00015999999595806003
-1.118799821115318e-05,0.00015999999595806003
-1.118399821082222e-05,0.00015999999595806003
-1.1179998210491258e-05,0.00019999999494757503
-1.1175998210160296e-05,0.00015999999595806003
-1.1171998209829335e-05,0.00019999999494757503
-1.1167998209498373e-05,0.00015999999595806003
-1.1163998209167412e-05,0.00015999999595806003
-1.115999820883645e-05,0.00011999999696854502
-1.1155998208505489e-05,0.00015999999595806003
-1.1151998208174527e-05,0.00011999999696854502
-1.1147998207843566e-05,0.00015999999595806003
-1.1143998207512604e-05,0.00015999999595806003
-1.1139998207181643e-05,0.00015999999595806003
-1.1135998206850681e-05,0.00015999999595806003
-1.113199820651972e-05,0.00015999999595806003
-1.1127998206188758e-05,0.00015999999595806003
-1.1123998205857797e-05,0.00015999999595806003
-1.1119998205526835e-05,0.00015999999595806003
-1.1115998205195874e-05,0.00015999999595806003
-1.1111998204864912e-05,0.00015999999595806003
-1.1107998204533951e-05,0.00015999999595806003
-1.110399820420299e-05,0.00015999999595806003
-1.1099998203872028e-05,0.00015999999595806003
-1.1095998203541067e-05,0.00015999999595806003
-1.1091998203210105e-05,0.00015999999595806003
-1.1087998202879144e-05,0.00015999999595806003
-1.1083998202548182e-05,0.00015999999595806003
-1.107999820221722e-05,0.00011999999696854502
-1.1075998201886259e-05,0.00015999999595806003
-1.1071998201555298e-05,0.00015999999595806003
-1.1067998201224336e-05,0.00015999999595806003
-1.1063998200893375e-05,0.00015999999595806003
-1.1059998200562413e-05,0.00015999999595806003
-1.1055998200231452e-05,0.00015999999595806003
-1.105199819990049e-05,0.00019999999494757503
-1.1047998199569529e-05,0.00015999999595806003
-1.1043998199238567e-05,0.00015999999595806003
-1.1039998198907606e-05,0.00015999999595806003
-1.1035998198576644e-05,0.00015999999595806003
-1.1031998198245683e-05,0.00011999999696854502
-1.1027998197914721e-05,0.00015999999595806003
-1.102399819758376e-05,0.00015999999595806003
-1.1019998197252798e-05,0.00015999999595806003
-1.1015998196921837e-05,0.00015999999595806003
-1.1011998196590875e-05,0.00015999999595806003
-1.1007998196259914e-05,0.00015999999595806003
-1.1003998195928952e-05,0.00015999999595806003
-1.0999998195597991e-05,0.00015999999595806003
-1.099599819526703e-05,0.00015999999595806003
-1.0991998194936068e-05,0.00015999999595806003
-1.0987998194605106e-05,0.00015999999595806003
-1.0983998194274145e-05,0.00015999999595806003
-1.0979998193943183e-05,0.00015999999595806003
-1.0975998193612222e-05,0.00011999999696854502
-1.097199819328126e-05,0.00015999999595806003
-1.0967998192950299e-05,0.00011999999696854502
-1.0963998192619338e-05,0.00015999999595806003
-1.0959998192288376e-05,0.00011999999696854502
-1.0955998191957415e-05,0.00015999999595806003
-1.0951998191626453e-05,0.00015999999595806003
-1.0947998191295492e-05,0.00015999999595806003
-1.094399819096453e-05,0.00015999999595806003
-1.0939998190633569e-05,0.00015999999595806003
-1.0935998190302607e-05,0.00015999999595806003
-1.0931998189971646e-05,0.00019999999494757503
-1.0927998189640684e-05,0.00015999999595806003
-1.0923998189309723e-05,0.00015999999595806003
-1.0919998188978761e-05,0.00015999999595806003
-1.09159981886478e-05,0.00015999999595806003
-1.0911998188316838e-05,0.00011999999696854502
-1.0907998187985877e-05,0.00011999999696854502
-1.0903998187654915e-05,0.00011999999696854502
-1.0899998187323954e-05,0.00015999999595806003
-1.0895998186992992e-05,0.00011999999696854502
-1.089199818666203e-05,0.00015999999595806003
-1.088799818633107e-05,0.00015999999595806003
-1.0883998186000108e-05,0.00015999999595806003
-1.0879998185669146e-05,0.00015999999595806003
-1.0875998185338185e-05,0.00019999999494757503
-1.0871998185007223e-05,0.00019999999494757503
-1.0867998184676262e-05,0.00019999999494757503
-1.08639981843453e-05,0.00015999999595806003
-1.0859998184014339e-05,0.00015999999595806003
-1.0855998183683377e-05,0.00011999999696854502
-1.0851998183352416e-05,0.00015999999595806003
-1.0847998183021455e-05,0.00011999999696854502
-1.0843998182690493e-05,0.00011999999696854502
-1.0839998182359532e-05,0.00011999999696854502
-1.083599818202857e-05,0.00015999999595806003
-1.0831998181697609e-05,0.00011999999696854502
-1.0827998181366647e-05,0.00015999999595806003
-1.0823998181035686e-05,0.00015999999595806003
-1.0819998180704724e-05,0.00019999999494757503
-1.0815998180373763e-05,0.00015999999595806003
-1.0811998180042801e-05,0.00019999999494757503
-1.080799817971184e-05,0.00015999999595806003
-1.0803998179380878e-05,0.00019999999494757503
-1.0799998179049917e-05,0.00015999999595806003
-1.0795998178718955e-05,0.00015999999595806003
-1.0791998178387994e-05,0.00015999999595806003
-1.0787998178057032e-05,0.00015999999595806003
-1.078399817772607e-05,0.00011999999696854502
-1.077999817739511e-05,0.00015999999595806003
-1.0775998177064148e-05,0.00011999999696854502
-1.0771998176733186e-05,0.00015999999595806003
-1.0767998176402225e-05,0.00015999999595806003
-1.0763998176071263e-05,0.00015999999595806003
-1.0759998175740302e-05,0.00015999999595806003
-1.075599817540934e-05,0.00015999999595806003
-1.0751998175078379e-05,0.00015999999595806003
-1.0747998174747417e-05,0.00015999999595806003
-1.0743998174416456e-05,0.00015999999595806003
-1.0739998174085494e-05,0.00019999999494757503
-1.0735998173754533e-05,0.00015999999595806003
-1.0731998173423571e-05,0.00015999999595806003
-1.072799817309261e-05,0.00011999999696854502
-1.0723998172761649e-05,0.00015999999595806003
-1.0719998172430687e-05,0.00011999999696854502
-1.0715998172099726e-05,0.00015999999595806003
-1.0711998171768764e-05,0.00011999999696854502
-1.0707998171437803e-05,0.00015999999595806003
-1.0703998171106841e-05,0.00011999999696854502
-1.069999817077588e-05,0.00015999999595806003
-1.0695998170444918e-05,0.00015999999595806003
-1.0691998170113957e-05,0.00019999999494757503
-1.0687998169782995e-05,0.00019999999494757503
-1.0683998169452034e-05,0.00015999999595806003
-1.0679998169121072e-05,0.00015999999595806003
-1.067599816879011e-05,0.00015999999595806003
-1.067199816845915e-05,0.00015999999595806003
-1.0667998168128188e-05,0.00011999999696854502
-1.0663998167797226e-05,0.00015999999595806003
-1.0659998167466265e-05,0.00015999999595806003
-1.0655998167135303e-05,0.00015999999595806003
-1.0651998166804342e-05,0.00015999999595806003
-1.064799816647338e-05,0.00011999999696854502
-1.0643998166142419e-05,0.00015999999595806003
-1.0639998165811457e-05,0.00015999999595806003
-1.0635998165480496e-05,0.00015999999595806003
-1.0631998165149534e-05,0.00015999999595806003
-1.0627998164818573e-05,0.00015999999595806003
-1.0623998164487611e-05,0.00015999999595806003
-1.061999816415665e-05,0.00015999999595806003
-1.0615998163825688e-05,0.00015999999595806003
-1.0611998163494727e-05,0.00015999999595806003
-1.0607998163163765e-05,0.00015999999595806003
-1.0603998162832804e-05,0.00019999999494757503
-1.0599998162501843e-05,0.00015999999595806003
-1.0595998162170881e-05,0.00015999999595806003
-1.059199816183992e-05,0.00015999999595806003
-1.0587998161508958e-05,0.00015999999595806003
-1.0583998161177997e-05,0.00011999999696854502
-1.0579998160847035e-05,0.00015999999595806003
-1.0575998160516074e-05,0.00015999999595806003
-1.0571998160185112e-05,0.00015999999595806003
-1.056799815985415e-05,0.00015999999595806003
-1.056399815952319e-05,0.00015999999595806003
-1.0559998159192228e-05,0.00015999999595806003
-1.0555998158861266e-05,0.00015999999595806003
-1.0551998158530305e-05,0.00015999999595806003
-1.0547998158199343e-05,0.00015999999595806003
-1.0543998157868382e-05,0.00015999999595806003
-1.053999815753742e-05,0.00015999999595806003
-1.0535998157206459e-05,0.00011999999696854502
-1.0531998156875497e-05,0.00015999999595806003
-1.0527998156544536e-05,0.00015999999595806003
-1.0523998156213574e-05,0.00015999999595806003
-1.0519998155882613e-05,0.00015999999595806003
-1.0515998155551651e-05,0.00015999999595806003
-1.051199815522069e-05,0.00015999999595806003
-1.0507998154889728e-05,0.00015999999595806003
-1.0503998154558767e-05,0.00015999999595806003
-1.0499998154227805e-05,0.00015999999595806003
-1.0495998153896844e-05,0.00015999999595806003
-1.0491998153565882e-05,0.00019999999494757503
-1.0487998153234921e-05,0.00015999999595806003
-1.048399815290396e-05,0.00015999999595806003
-1.0479998152572998e-05,0.00015999999595806003
-1.0475998152242037e-05,0.00015999999595806003
-1.0471998151911075e-05,0.00015999999595806003
-1.0467998151580114e-05,0.00015999999595806003
-1.0463998151249152e-05,0.00015999999595806003
-1.045999815091819e-05,0.00015999999595806003
-1.0455998150587229e-05,0.00015999999595806003
-1.0451998150256268e-05,0.00015999999595806003
-1.0447998149925306e-05,0.00011999999696854502
-1.0443998149594345e-05,0.00015999999595806003
-1.0439998149263383e-05,0.00015999999595806003
-1.0435998148932422e-05,0.00015999999595806003
-1.043199814860146e-05,0.00015999999595806003
-1.0427998148270499e-05,0.00015999999595806003
-1.0423998147939537e-05,0.00015999999595806003
-1.0419998147608576e-05,0.00015999999595806003
-1.0415998147277614e-05,0.00015999999595806003
-1.0411998146946653e-05,0.00015999999595806003
-1.0407998146615691e-05,0.00015999999595806003
-1.040399814628473e-05,0.00015999999595806003
-1.0399998145953768e-05,0.00015999999595806003
-1.0395998145622807e-05,0.00015999999595806003
-1.0391998145291845e-05,0.00015999999595806003
-1.0387998144960884e-05,0.00015999999595806003
-1.0383998144629922e-05,0.00015999999595806003
-1.0379998144298961e-05,0.00015999999595806003
-1.0375998143968e-05,0.00015999999595806003
-1.0371998143637038e-05,0.00015999999595806003
-1.0367998143306076e-05,0.00015999999595806003
-1.0363998142975115e-05,0.00015999999595806003
-1.0359998142644153e-05,0.00015999999595806003
-1.0355998142313192e-05,0.00015999999595806003
-1.035199814198223e-05,0.00011999999696854502
-1.0347998141651269e-05,0.00015999999595806003
-1.0343998141320308e-05,0.00015999999595806003
-1.0339998140989346e-05,0.00015999999595806003
-1.0335998140658385e-05,0.00015999999595806003
-1.0331998140327423e-05,0.00015999999595806003
-1.0327998139996462e-05,0.00011999999696854502
-1.03239981396655e-05,0.00015999999595806003
-1.0319998139334539e-05,0.00011999999696854502
-1.0315998139003577e-05,0.00015999999595806003
-1.0311998138672616e-05,0.00015999999595806003
-1.0307998138341654e-05,0.00015999999595806003
-1.0303998138010693e-05,0.00015999999595806003
-1.0299998137679731e-05,0.00015999999595806003
-1.029599813734877e-05,0.00015999999595806003
-1.0291998137017808e-05,0.00019999999494757503
-1.0287998136686847e-05,0.00015999999595806003
-1.0283998136355885e-05,0.00015999999595806003
-1.0279998136024924e-05,0.00015999999595806003
-1.0275998135693962e-05,0.00015999999595806003
-1.0271998135363e-05,0.00011999999696854502
-1.026799813503204e-05,0.00015999999595806003
-1.0263998134701078e-05,0.00011999999696854502
-1.0259998134370116e-05,0.00015999999595806003
-1.0255998134039155e-05,0.00011999999696854502
-1.0251998133708193e-05,0.00015999999595806003
-1.0247998133377232e-05,0.00015999999595806003
-1.024399813304627e-05,0.00015999999595806003
-1.0239998132715309e-05,0.00019999999494757503
-1.0235998132384347e-05,0.00019999999494757503
-1.0231998132053386e-05,0.00015999999595806003
-1.0227998131722424e-05,0.00015999999595806003
-1.0223998131391463e-05,0.00011999999696854502
-1.0219998131060502e-05,0.00015999999595806003
-1.021599813072954e-05,0.00015999999595806003
-1.0211998130398579e-05,0.00015999999595806003
-1.0207998130067617e-05,0.00015999999595806003
-1.0203998129736656e-05,0.00015999999595806003
-1.0199998129405694e-05,0.00011999999696854502
-1.0195998129074733e-05,0.00015999999595806003
-1.0191998128743771e-05,0.00011999999696854502
-1.018799812841281e-05,0.00015999999595806003
-1.0183998128081848e-05,0.00015999999595806003
-1.0179998127750887e-05,0.00015999999595806003
-1.0175998127419925e-05,0.00015999999595806003
-1.0171998127088964e-05,0.00015999999595806003
-1.0167998126758002e-05,0.00015999999595806003
-1.016399812642704e-05,0.00019999999494757503
-1.015999812609608e-05,0.00015999999595806003
-1.0155998125765118e-05,0.00015999999595806003
-1.0151998125434156e-05,0.00015999999595806003
-1.0147998125103195e-05,0.00015999999595806003
-1.0143998124772233e-05,0.00011999999696854502
-1.0139998124441272e-05,0.00011999999696854502
-1.013599812411031e-05,0.00011999999696854502
-1.0131998123779349e-05,0.00015999999595806003
-1.0127998123448387e-05,0.00015999999595806003
-1.0123998123117426e-05,0.00015999999595806003
-1.0119998122786464e-05,0.00015999999595806003
-1.0115998122455503e-05,0.00019999999494757503
-1.0111998122124541e-05,0.00015999999595806003
-1.010799812179358e-05,0.00015999999595806003
-1.0103998121462618e-05,0.00015999999595806003
-1.0099998121131657e-05,0.00015999999595806003
-1.0095998120800696e-05,0.00011999999696854502
-1.0091998120469734e-05,0.00015999999595806003
-1.0087998120138773e-05,0.00011999999696854502
-1.0083998119807811e-05,0.00015999999595806003
-1.007999811947685e-05,0.00011999999696854502
-1.0075998119145888e-05,0.00015999999595806003
-1.0071998118814927e-05,0.00015999999595806003
-1.0067998118483965e-05,0.00015999999595806003
-1.0063998118153004e-05,0.00015999999595806003
-1.0059998117822042e-05,0.00015999999595806003
-1.005599811749108e-05,0.00015999999595806003
-1.005199811716012e-05,0.00019999999494757503
-1.0047998116829158e-05,0.00015999999595806003
-1.0043998116498196e-05,0.00019999999494757503
-1.0039998116167235e-05,0.00015999999595806003
-1.0035998115836273e-05,0.00015999999595806003
-1.0031998115505312e-05,0.00011999999696854502
-1.002799811517435e-05,0.00015999999595806003
-1.0023998114843389e-05,0.00011999999696854502
-1.0019998114512427e-05,0.00011999999696854502
-1.0015998114181466e-05,0.00011999999696854502
-1.0011998113850504e-05,0.00015999999595806003
-1.0007998113519543e-05,0.00015999999595806003
-1.0003998113188581e-05,0.00015999999595806003
-9.99999811285762e-06,0.00015999999595806003
-9.995998112526658e-06,0.00019999999494757503
-9.991998112195697e-06,0.00015999999595806003
-9.987998111864735e-06,0.00019999999494757503
-9.983998111533774e-06,0.00015999999595806003
-9.979998111202812e-06,0.00015999999595806003
-9.975998110871851e-06,0.00015999999595806003
-9.97199811054089e-06,0.00015999999595806003
-9.967998110209928e-06,0.00011999999696854502
-9.963998109878967e-06,0.00015999999595806003
-9.959998109548005e-06,0.00011999999696854502
-9.955998109217044e-06,0.00015999999595806003
-9.951998108886082e-06,0.00011999999696854502
-9.94799810855512e-06,0.00015999999595806003
-9.943998108224159e-06,0.00015999999595806003
-9.939998107893198e-06,0.00015999999595806003
-9.935998107562236e-06,0.00015999999595806003
-9.931998107231275e-06,0.00015999999595806003
-9.927998106900313e-06,0.00015999999595806003
-9.923998106569352e-06,0.00015999999595806003
-9.91999810623839e-06,0.00015999999595806003
-9.915998105907429e-06,0.00019999999494757503
-9.911998105576467e-06,0.00015999999595806003
-9.907998105245506e-06,0.00015999999595806003
-9.903998104914544e-06,0.00011999999696854502
-9.899998104583583e-06,0.00011999999696854502
-9.895998104252621e-06,0.00011999999696854502
-9.89199810392166e-06,0.00015999999595806003
-9.887998103590698e-06,0.00015999999595806003
-9.883998103259737e-06,0.00015999999595806003
-9.879998102928775e-06,0.00015999999595806003
-9.875998102597814e-06,0.00015999999595806003
-9.871998102266852e-06,0.00015999999595806003
-9.867998101935891e-06,0.00019999999494757503
-9.86399810160493e-06,0.00015999999595806003
-9.859998101273968e-06,0.00015999999595806003
-9.855998100943006e-06,0.00015999999595806003
-9.851998100612045e-06,0.00015999999595806003
-9.847998100281084e-06,0.00015999999595806003
-9.843998099950122e-06,0.00015999999595806003
-9.83999809961916e-06,0.00015999999595806003
-9.835998099288199e-06,0.00019999999494757503
-9.831998098957238e-06,0.00015999999595806003
-9.827998098626276e-06,0.00015999999595806003
-9.823998098295315e-06,0.00011999999696854502
-9.819998097964353e-06,0.00015999999595806003
-9.815998097633392e-06,0.00011999999696854502
-9.81199809730243e-06,0.00015999999595806003
-9.807998096971469e-06,0.00015999999595806003
-9.803998096640507e-06,0.00015999999595806003
-9.799998096309546e-06,0.00015999999595806003
-9.795998095978584e-06,0.00015999999595806003
-9.791998095647623e-06,0.00015999999595806003
-9.787998095316661e-06,0.00019999999494757503
-9.7839980949857e-06,0.00015999999595806003
-9.779998094654738e-06,0.00015999999595806003
-9.775998094323777e-06,0.00015999999595806003
-9.771998093992815e-06,0.00015999999595806003
-9.767998093661854e-06,0.00015999999595806003
-9.763998093330892e-06,0.00015999999595806003
-9.759998092999931e-06,0.00015999999595806003
-9.75599809266897e-06,0.00015999999595806003
-9.751998092338008e-06,0.00011999999696854502
-9.747998092007046e-06,0.00015999999595806003
-9.743998091676085e-06,0.00011999999696854502
-9.739998091345123e-06,0.00015999999595806003
-9.735998091014162e-06,0.00015999999595806003
-9.7319980906832e-06,0.00015999999595806003
-9.727998090352239e-06,0.00015999999595806003
-9.723998090021278e-06,0.00015999999595806003
-9.719998089690316e-06,0.00015999999595806003
-9.715998089359355e-06,0.00015999999595806003
-9.711998089028393e-06,0.00015999999595806003
-9.707998088697432e-06,0.00015999999595806003
-9.70399808836647e-06,0.00015999999595806003
-9.699998088035509e-06,0.00015999999595806003
-9.695998087704547e-06,0.00015999999595806003
-9.691998087373586e-06,0.00015999999595806003
-9.687998087042624e-06,0.00011999999696854502
-9.683998086711663e-06,0.00015999999595806003
-9.679998086380701e-06,0.00015999999595806003
-9.67599808604974e-06,0.00015999999595806003
-9.671998085718778e-06,0.00015999999595806003
-9.667998085387817e-06,0.00015999999595806003
-9.663998085056855e-06,0.00015999999595806003
-9.659998084725894e-06,0.00015999999595806003
-9.655998084394932e-06,0.00015999999595806003
-9.65199808406397e-06,0.00019999999494757503
-9.64799808373301e-06,0.00015999999595806003
-9.643998083402048e-06,0.00015999999595806003
-9.639998083071086e-06,0.00015999999595806003
-9.635998082740125e-06,0.00015999999595806003
-9.631998082409163e-06,0.00015999999595806003
-9.627998082078202e-06,0.00015999999595806003
-9.62399808174724e-06,0.00015999999595806003
-9.619998081416279e-06,0.00015999999595806003
-9.615998081085317e-06,0.00011999999696854502
-9.611998080754356e-06,0.00015999999595806003
-9.607998080423394e-06,0.00015999999595806003
-9.603998080092433e-06,0.00015999999595806003
-9.599998079761472e-06,0.00015999999595806003
-9.59599807943051e-06,0.00015999999595806003
-9.591998079099549e-06,0.00015999999595806003
-9.587998078768587e-06,0.00015999999595806003
-9.583998078437626e-06,0.00015999999595806003
-9.579998078106664e-06,0.00015999999595806003
-9.575998077775703e-06,0.00015999999595806003
-9.571998077444741e-06,0.00015999999595806003
-9.56799807711378e-06,0.00015999999595806003
-9.563998076782818e-06,0.00015999999595806003
-9.559998076451857e-06,0.00011999999696854502
-9.555998076120895e-06,0.00015999999595806003
-9.551998075789934e-06,0.00015999999595806003
-9.547998075458972e-06,0.00015999999595806003
-9.54399807512801e-06,0.00015999999595806003
-9.53999807479705e-06,0.00015999999595806003
-9.535998074466088e-06,0.00011999999696854502
-9.531998074135126e-06,0.00015999999595806003
-9.527998073804165e-06,0.00015999999595806003
-9.523998073473203e-06,0.00015999999595806003
-9.519998073142242e-06,0.00015999999595806003
-9.51599807281128e-06,0.00015999999595806003
-9.511998072480319e-06,0.00011999999696854502
-9.507998072149357e-06,0.00015999999595806003
-9.503998071818396e-06,0.00015999999595806003
-9.499998071487434e-06,0.00015999999595806003
-9.495998071156473e-06,0.00015999999595806003
-9.491998070825511e-06,0.00015999999595806003
-9.48799807049455e-06,0.00015999999595806003
-9.483998070163588e-06,0.00015999999595806003
-9.479998069832627e-06,0.00011999999696854502
-9.475998069501666e-06,0.00015999999595806003
-9.471998069170704e-06,0.00015999999595806003
-9.467998068839743e-06,0.00015999999595806003
-9.463998068508781e-06,0.00015999999595806003
-9.45999806817782e-06,0.00015999999595806003
-9.455998067846858e-06,0.00015999999595806003
-9.451998067515897e-06,0.00015999999595806003
-9.447998067184935e-06,0.00015999999595806003
-9.443998066853974e-06,0.00015999999595806003
-9.439998066523012e-06,0.00015999999595806003
-9.43599806619205e-06,0.00015999999595806003
-9.43199806586109e-06,0.00015999999595806003
-9.427998065530128e-06,0.00015999999595806003
-9.423998065199166e-06,0.00015999999595806003
-9.419998064868205e-06,0.00015999999595806003
-9.415998064537243e-06,0.00015999999595806003
-9.411998064206282e-06,0.00015999999595806003
-9.40799806387532e-06,0.00015999999595806003
-9.403998063544359e-06,0.00015999999595806003
-9.399998063213397e-06,0.00015999999595806003
-9.395998062882436e-06,0.00015999999595806003
-9.391998062551474e-06,0.00015999999595806003
-9.387998062220513e-06,0.00015999999595806003
-9.383998061889551e-06,0.00015999999595806003
-9.37999806155859e-06,0.00015999999595806003
-9.375998061227628e-06,0.00015999999595806003
-9.371998060896667e-06,0.00015999999595806003
-9.367998060565705e-06,0.00015999999595806003
-9.363998060234744e-06,0.00015999999595806003
-9.359998059903782e-06,0.00015999999595806003
-9.355998059572821e-06,0.00015999999595806003
-9.35199805924186e-06,0.00015999999595806003
-9.347998058910898e-06,0.00015999999595806003
-9.343998058579937e-06,0.00015999999595806003
-9.339998058248975e-06,0.00015999999595806003
-9.335998057918014e-06,0.00015999999595806003
-9.331998057587052e-06,0.00015999999595806003
-9.32799805725609e-06,0.00011999999696854502
-9.323998056925129e-06,0.00015999999595806003
-9.319998056594168e-06,0.00015999999595806003
-9.315998056263206e-06,0.00015999999595806003
-9.311998055932245e-06,0.00015999999595806003
-9.307998055601283e-06,0.00015999999595806003
-9.303998055270322e-06,0.00015999999595806003
-9.29999805493936e-06,0.00015999999595806003
-9.295998054608399e-06,0.00015999999595806003
-9.291998054277437e-06,0.00015999999595806003
-9.287998053946476e-06,0.00015999999595806003
-9.283998053615514e-06,0.00015999999595806003
-9.279998053284553e-06,0.00015999999595806003
-9.275998052953591e-06,0.00015999999595806003
-9.27199805262263e-06,0.00015999999595806003
-9.267998052291668e-06,0.00015999999595806003
-9.263998051960707e-06,0.00015999999595806003
-9.259998051629745e-06,0.00015999999595806003
-9.255998051298784e-06,0.00015999999595806003
-9.251998050967822e-06,0.00015999999595806003
-9.247998050636861e-06,0.00015999999595806003
-9.2439980503059e-06,0.00015999999595806003
-9.239998049974938e-06,0.00015999999595806003
-9.235998049643976e-06,0.00015999999595806003
-9.231998049313015e-06,0.00015999999595806003
-9.227998048982053e-06,0.00015999999595806003
-9.223998048651092e-06,0.00015999999595806003
-9.21999804832013e-06,0.00019999999494757503
-9.215998047989169e-06,0.00015999999595806003
-9.211998047658208e-06,0.00015999999595806003
-9.207998047327246e-06,0.00015999999595806003
-9.203998046996285e-06,0.00015999999595806003
-9.199998046665323e-06,0.00011999999696854502
-9.195998046334362e-06,0.00015999999595806003
-9.1919980460034e-06,0.00015999999595806003
-9.187998045672439e-06,0.00015999999595806003
-9.183998045341477e-06,0.00015999999595806003
-9.179998045010516e-06,0.00015999999595806003
-9.175998044679554e-06,0.00015999999595806003
-9.171998044348593e-06,0.00015999999595806003
-9.167998044017631e-06,0.00015999999595806003
-9.16399804368667e-06,0.00015999999595806003
-9.159998043355708e-06,0.00015999999595806003
-9.155998043024747e-06,0.00015999999595806003
-9.151998042693785e-06,0.00015999999595806003
-9.147998042362824e-06,0.00015999999595806003
-9.143998042031862e-06,0.00015999999595806003
-9.139998041700901e-06,0.00015999999595806003
-9.13599804136994e-06,0.00015999999595806003
-9.131998041038978e-06,0.00015999999595806003
-9.127998040708016e-06,0.00015999999595806003
-9.123998040377055e-06,0.00015999999595806003
-9.119998040046093e-06,0.00015999999595806003
-9.115998039715132e-06,0.00015999999595806003
-9.11199803938417e-06,0.00015999999595806003
-9.107998039053209e-06,0.00015999999595806003
-9.103998038722247e-06,0.00015999999595806003
-9.099998038391286e-06,0.00019999999494757503
-9.095998038060325e-06,0.00015999999595806003
-9.091998037729363e-06,0.00015999999595806003
-9.087998037398402e-06,0.00011999999696854502
-9.08399803706744e-06,0.00011999999696854502
-9.079998036736479e-06,0.00011999999696854502
-9.075998036405517e-06,0.00011999999696854502
-9.071998036074556e-06,0.00011999999696854502
-9.067998035743594e-06,0.00015999999595806003
-9.063998035412633e-06,0.00015999999595806003
-9.059998035081671e-06,0.00015999999595806003
-9.05599803475071e-06,0.00015999999595806003
-9.051998034419748e-06,0.00019999999494757503
-9.047998034088787e-06,0.00015999999595806003
-9.043998033757825e-06,0.00015999999595806003
-9.039998033426864e-06,0.00015999999595806003
-9.035998033095902e-06,0.00015999999595806003
-9.03199803276494e-06,0.00015999999595806003
-9.02799803243398e-06,0.00015999999595806003
-9.023998032103018e-06,0.00011999999696854502
-9.019998031772056e-06,0.00015999999595806003
-9.015998031441095e-06,0.00011999999696854502
-9.011998031110133e-06,0.00015999999595806003
-9.007998030779172e-06,0.00011999999696854502
-9.00399803044821e-06,0.00011999999696854502
-8.999998030117249e-06,0.00011999999696854502
-8.995998029786287e-06,0.00015999999595806003
-8.991998029455326e-06,0.00015999999595806003
-8.987998029124364e-06,0.00015999999595806003
-8.983998028793403e-06,0.00015999999595806003
-8.979998028462441e-06,0.00019999999494757503
-8.97599802813148e-06,0.00015999999595806003
-8.971998027800519e-06,0.00019999999494757503
-8.967998027469557e-06,0.00015999999595806003
-8.963998027138596e-06,0.00015999999595806003
-8.959998026807634e-06,0.00011999999696854502
-8.955998026476673e-06,0.00011999999696854502
-8.951998026145711e-06,0.00011999999696854502
-8.94799802581475e-06,0.00015999999595806003
-8.943998025483788e-06,0.00011999999696854502
-8.939998025152827e-06,0.00015999999595806003
-8.935998024821865e-06,0.00015999999595806003
-8.931998024490904e-06,0.00015999999595806003
-8.927998024159942e-06,0.00015999999595806003
-8.92399802382898e-06,0.00015999999595806003
-8.91999802349802e-06,0.00015999999595806003
-8.915998023167058e-06,0.00019999999494757503
-8.911998022836096e-06,0.00015999999595806003
-8.907998022505135e-06,0.00015999999595806003
-8.903998022174173e-06,0.00015999999595806003
-8.899998021843212e-06,0.00015999999595806003
-8.89599802151225e-06,0.00011999999696854502
-8.891998021181289e-06,0.00015999999595806003
-8.887998020850327e-06,0.00011999999696854502
-8.883998020519366e-06,0.00015999999595806003
-8.879998020188404e-06,0.00011999999696854502
-8.875998019857443e-06,0.00011999999696854502
-8.871998019526481e-06,0.00011999999696854502
-8.86799801919552e-06,0.00015999999595806003
-8.863998018864558e-06,0.00015999999595806003
-8.859998018533597e-06,0.00019999999494757503
-8.855998018202635e-06,0.00015999999595806003
-8.851998017871674e-06,0.00019999999494757503
-8.847998017540713e-06,0.00015999999595806003
-8.843998017209751e-06,0.00015999999595806003
-8.83999801687879e-06,0.00015999999595806003
-8.835998016547828e-06,0.00015999999595806003
-8.831998016216867e-06,0.00011999999696854502
-8.827998015885905e-06,0.00015999999595806003
-8.823998015554944e-06,0.00011999999696854502
-8.819998015223982e-06,0.00015999999595806003
-8.81599801489302e-06,0.00011999999696854502
-8.81199801456206e-06,0.00015999999595806003
-8.807998014231098e-06,0.00015999999595806003
-8.803998013900136e-06,0.00015999999595806003
-8.799998013569175e-06,0.00015999999595806003
-8.795998013238213e-06,0.00015999999595806003
-8.791998012907252e-06,0.00015999999595806003
-8.78799801257629e-06,0.00015999999595806003
-8.783998012245329e-06,0.00015999999595806003
-8.779998011914367e-06,0.00019999999494757503
-8.775998011583406e-06,0.00015999999595806003
-8.771998011252444e-06,0.00015999999595806003
-8.767998010921483e-06,0.00011999999696854502
-8.763998010590521e-06,0.00015999999595806003
-8.75999801025956e-06,0.00015999999595806003
-8.755998009928598e-06,0.00015999999595806003
-8.751998009597637e-06,0.00015999999595806003
-8.747998009266675e-06,0.00015999999595806003
-8.743998008935714e-06,0.00015999999595806003
-8.739998008604752e-06,0.00015999999595806003
-8.735998008273791e-06,0.00015999999595806003
-8.73199800794283e-06,0.00015999999595806003
-8.727998007611868e-06,0.00015999999595806003
-8.723998007280907e-06,0.00015999999595806003
-8.719998006949945e-06,0.00015999999595806003
-8.715998006618984e-06,0.00015999999595806003
-8.711998006288022e-06,0.00015999999595806003
-8.70799800595706e-06,0.00015999999595806003
-8.703998005626099e-06,0.00011999999696854502
-8.699998005295138e-06,0.00015999999595806003
-8.695998004964176e-06,0.00015999999595806003
-8.691998004633215e-06,0.00015999999595806003
-8.687998004302253e-06,0.00011999999696854502
-8.683998003971292e-06,0.00015999999595806003
-8.67999800364033e-06,0.00015999999595806003
-8.675998003309369e-06,0.00015999999595806003
-8.671998002978407e-06,0.00015999999595806003
-8.667998002647446e-06,0.00015999999595806003
-8.663998002316484e-06,0.00015999999595806003
-8.659998001985523e-06,0.00015999999595806003
-8.655998001654561e-06,0.00015999999595806003
-8.6519980013236e-06,0.00019999999494757503
-8.647998000992638e-06,0.00015999999595806003
-8.643998000661677e-06,0.00015999999595806003
-8.639998000330715e-06,0.00015999999595806003
-8.635997999999754e-06,0.00011999999696854502
-8.631997999668792e-06,0.00011999999696854502
-8.627997999337831e-06,0.00015999999595806003
-8.62399799900687e-06,0.00015999999595806003
-8.619997998675908e-06,0.00015999999595806003
-8.615997998344946e-06,0.00015999999595806003
-8.611997998013985e-06,0.00019999999494757503
-8.607997997683023e-06,0.00015999999595806003
-8.603997997352062e-06,0.00015999999595806003
-8.5999979970211e-06,0.00015999999595806003
-8.595997996690139e-06,0.00015999999595806003
-8.591997996359178e-06,0.00015999999595806003
-8.587997996028216e-06,0.00015999999595806003
-8.583997995697255e-06,0.00015999999595806003
-8.579997995366293e-06,0.00015999999595806003
-8.575997995035332e-06,0.00015999999595806003
-8.57199799470437e-06,0.00019999999494757503
-8.567997994373409e-06,0.00015999999595806003
-8.563997994042447e-06,0.00015999999595806003
-8.559997993711486e-06,0.00015999999595806003
-8.555997993380524e-06,0.00015999999595806003
-8.551997993049563e-06,0.00015999999595806003
-8.547997992718601e-06,0.00015999999595806003
-8.54399799238764e-06,0.00015999999595806003
-8.539997992056678e-06,0.00015999999595806003
-8.535997991725717e-06,0.00015999999595806003
-8.531997991394755e-06,0.00019999999494757503
-8.527997991063794e-06,0.00015999999595806003
-8.523997990732832e-06,0.00015999999595806003
-8.51999799040187e-06,0.00015999999595806003
-8.51599799007091e-06,0.00015999999595806003
-8.511997989739948e-06,0.00015999999595806003
-8.507997989408986e-06,0.00015999999595806003
-8.503997989078025e-06,0.00015999999595806003
-8.499997988747063e-06,0.00015999999595806003
-8.495997988416102e-06,0.00015999999595806003
-8.49199798808514e-06,0.00015999999595806003
-8.487997987754179e-06,0.00015999999595806003
-8.483997987423217e-06,0.00019999999494757503
-8.479997987092256e-06,0.00015999999595806003
-8.475997986761295e-06,0.00015999999595806003
-8.471997986430333e-06,0.00015999999595806003
-8.467997986099372e-06,0.00015999999595806003
-8.46399798576841e-06,0.00015999999595806003
-8.459997985437449e-06,0.00015999999595806003
-8.455997985106487e-06,0.00015999999595806003
-8.451997984775526e-06,0.00015999999595806003
-8.447997984444564e-06,0.00015999999595806003
-8.443997984113603e-06,0.00015999999595806003
-8.439997983782641e-06,0.00015999999595806003
-8.43599798345168e-06,0.00015999999595806003
-8.431997983120718e-06,0.00015999999595806003
-8.427997982789757e-06,0.00015999999595806003
-8.423997982458795e-06,0.00015999999595806003
-8.419997982127834e-06,0.00015999999595806003
-8.415997981796872e-06,0.00015999999595806003
-8.41199798146591e-06,0.00015999999595806003
-8.40799798113495e-06,0.00015999999595806003
-8.403997980803988e-06,0.00015999999595806003
-8.399997980473026e-06,0.00015999999595806003
-8.395997980142065e-06,0.00015999999595806003
-8.391997979811103e-06,0.00015999999595806003
-8.387997979480142e-06,0.00015999999595806003
-8.38399797914918e-06,0.00015999999595806003
-8.379997978818219e-06,0.00015999999595806003
-8.375997978487257e-06,0.00015999999595806003
-8.371997978156296e-06,0.00015999999595806003
-8.367997977825334e-06,0.00015999999595806003
-8.363997977494373e-06,0.00015999999595806003
-8.359997977163411e-06,0.00015999999595806003
-8.35599797683245e-06,0.00015999999595806003
-8.351997976501489e-06,0.00015999999595806003
-8.347997976170527e-06,0.00015999999595806003
-8.343997975839566e-06,0.00015999999595806003
-8.339997975508604e-06,0.00015999999595806003
-8.335997975177643e-06,0.00011999999696854502
-8.331997974846681e-06,0.00015999999595806003
-8.32799797451572e-06,0.00011999999696854502
-8.323997974184758e-06,0.00015999999595806003
-8.319997973853797e-06,0.00015999999595806003
-8.315997973522835e-06,0.00015999999595806003
-8.311997973191874e-06,0.00015999999595806003
-8.307997972860912e-06,0.00015999999595806003
-8.30399797252995e-06,0.00015999999595806003
-8.29999797219899e-06,0.00015999999595806003
-8.295997971868028e-06,0.00015999999595806003
-8.291997971537066e-06,0.00015999999595806003
-8.287997971206105e-06,0.00015999999595806003
-8.283997970875143e-06,0.00015999999595806003
-8.279997970544182e-06,0.00011999999696854502
-8.27599797021322e-06,0.00015999999595806003
-8.271997969882259e-06,0.00015999999595806003
-8.267997969551297e-06,0.00015999999595806003
-8.263997969220336e-06,0.00015999999595806003
-8.259997968889374e-06,0.00019999999494757503
-8.255997968558413e-06,0.00015999999595806003
-8.251997968227451e-06,0.00019999999494757503
-8.24799796789649e-06,0.00015999999595806003
-8.243997967565528e-06,0.00019999999494757503
-8.239997967234567e-06,0.00015999999595806003
-8.235997966903605e-06,0.00015999999595806003
-8.231997966572644e-06,0.00015999999595806003
-8.227997966241683e-06,0.00011999999696854502
-8.223997965910721e-06,0.00015999999595806003
-8.21999796557976e-06,0.00015999999595806003
-8.215997965248798e-06,0.00011999999696854502
-8.211997964917837e-06,0.00015999999595806003
-8.207997964586875e-06,0.00015999999595806003
-8.203997964255914e-06,0.00019999999494757503
-8.199997963924952e-06,0.00015999999595806003
-8.19599796359399e-06,0.00015999999595806003
-8.191997963263029e-06,0.00015999999595806003
-8.187997962932068e-06,0.00015999999595806003
-8.183997962601106e-06,0.00011999999696854502
-8.179997962270145e-06,0.00015999999595806003
-8.175997961939183e-06,0.00015999999595806003
-8.171997961608222e-06,0.00019999999494757503
-8.16799796127726e-06,0.00015999999595806003
-8.163997960946299e-06,0.00019999999494757503
-8.159997960615337e-06,0.00015999999595806003
-8.155997960284376e-06,0.00015999999595806003
-8.151997959953414e-06,0.00015999999595806003
-8.147997959622453e-06,0.00015999999595806003
-8.143997959291491e-06,0.00015999999595806003
-8.13999795896053e-06,0.00015999999595806003
-8.135997958629568e-06,0.00015999999595806003
-8.131997958298607e-06,0.00015999999595806003
-8.127997957967645e-06,0.00015999999595806003
-8.123997957636684e-06,0.00015999999595806003
-8.119997957305722e-06,0.00015999999595806003
-8.115997956974761e-06,0.00015999999595806003
-8.1119979566438e-06,0.00015999999595806003
-8.107997956312838e-06,0.00015999999595806003
-8.103997955981876e-06,0.00011999999696854502
-8.099997955650915e-06,0.00015999999595806003
-8.095997955319954e-06,0.00011999999696854502
-8.091997954988992e-06,0.00015999999595806003
-8.08799795465803e-06,0.00015999999595806003
-8.083997954327069e-06,0.00015999999595806003
-8.079997953996108e-06,0.00015999999595806003
-8.075997953665146e-06,0.00015999999595806003
-8.071997953334185e-06,0.00015999999595806003
-8.067997953003223e-06,0.00015999999595806003
-8.063997952672262e-06,0.00015999999595806003
-8.0599979523413e-06,0.00015999999595806003
-8.055997952010339e-06,0.00015999999595806003
-8.051997951679377e-06,0.00015999999595806003
-8.047997951348416e-06,0.00015999999595806003
-8.043997951017454e-06,0.00015999999595806003
-8.039997950686493e-06,0.00015999999595806003
-8.035997950355531e-06,0.00015999999595806003
-8.03199795002457e-06,0.00015999999595806003
-8.027997949693608e-06,0.00015999999595806003
-8.023997949362647e-06,0.00015999999595806003
-8.019997949031685e-06,0.00015999999595806003
-8.015997948700724e-06,0.00015999999595806003
-8.011997948369762e-06,0.00015999999595806003
-8.007997948038801e-06,0.00015999999595806003
-8.00399794770784e-06,0.00015999999595806003
-7.999997947376878e-06,0.00015999999595806003
-7.995997947045916e-06,0.00015999999595806003
-7.991997946714955e-06,0.00015999999595806003
-7.987997946383993e-06,0.00015999999595806003
-7.983997946053032e-06,0.00015999999595806003
-7.97999794572207e-06,0.00015999999595806003
-7.975997945391109e-06,0.00015999999595806003
-7.971997945060148e-06,0.00015999999595806003
-7.967997944729186e-06,0.00015999999595806003
-7.963997944398225e-06,0.00015999999595806003
-7.959997944067263e-06,0.00015999999595806003
-7.955997943736302e-06,0.00015999999595806003
-7.95199794340534e-06,0.00015999999595806003
-7.947997943074379e-06,0.00015999999595806003
-7.943997942743417e-06,0.00015999999595806003
-7.939997942412456e-06,0.00015999999595806003
-7.935997942081494e-06,0.00015999999595806003
-7.931997941750533e-06,0.00015999999595806003
-7.927997941419571e-06,0.00015999999595806003
-7.92399794108861e-06,0.00015999999595806003
-7.919997940757648e-06,0.00015999999595806003
-7.915997940426687e-06,0.00015999999595806003
-7.911997940095725e-06,0.00015999999595806003
-7.907997939764764e-06,0.00015999999595806003
-7.903997939433802e-06,0.00015999999595806003
-7.89999793910284e-06,0.00015999999595806003
-7.89599793877188e-06,0.00015999999595806003
-7.891997938440918e-06,0.00019999999494757503
-7.887997938109956e-06,0.00015999999595806003
-7.883997937778995e-06,0.00015999999595806003
-7.879997937448033e-06,0.00015999999595806003
-7.875997937117072e-06,0.00015999999595806003
-7.87199793678611e-06,0.00015999999595806003
-7.867997936455149e-06,0.00015999999595806003
-7.863997936124187e-06,0.00015999999595806003
-7.859997935793226e-06,0.00015999999595806003
-7.855997935462264e-06,0.00015999999595806003
-7.851997935131303e-06,0.00015999999595806003
-7.847997934800342e-06,0.00015999999595806003
-7.84399793446938e-06,0.00015999999595806003
-7.839997934138419e-06,0.00015999999595806003
-7.835997933807457e-06,0.00015999999595806003
-7.831997933476496e-06,0.00015999999595806003
-7.827997933145534e-06,0.00015999999595806003
-7.823997932814573e-06,0.00011999999696854502
-7.819997932483611e-06,0.00015999999595806003
-7.81599793215265e-06,0.00011999999696854502
-7.811997931821688e-06,0.00015999999595806003
-7.807997931490727e-06,0.00011999999696854502
-7.803997931159765e-06,0.00015999999595806003
-7.799997930828804e-06,0.00015999999595806003
-7.795997930497842e-06,0.00015999999595806003
-7.79199793016688e-06,0.00015999999595806003
-7.78799792983592e-06,0.00015999999595806003
-7.783997929504958e-06,0.00015999999595806003
-7.779997929173996e-06,0.00015999999595806003
-7.775997928843035e-06,0.00015999999595806003
-7.771997928512073e-06,0.00015999999595806003
-7.767997928181112e-06,0.00015999999595806003
-7.76399792785015e-06,0.00015999999595806003
-7.759997927519189e-06,0.00015999999595806003
-7.755997927188227e-06,0.00015999999595806003
-7.751997926857266e-06,0.00015999999595806003
-7.747997926526304e-06,0.00015999999595806003
-7.743997926195343e-06,0.00011999999696854502
-7.739997925864381e-06,0.00015999999595806003
-7.73599792553342e-06,0.00015999999595806003
-7.731997925202458e-06,0.00015999999595806003
-7.727997924871497e-06,0.00015999999595806003
-7.723997924540536e-06,0.00015999999595806003
-7.719997924209574e-06,0.00015999999595806003
-7.715997923878613e-06,0.00019999999494757503
-7.711997923547651e-06,0.00015999999595806003
-7.70799792321669e-06,0.00015999999595806003
-7.703997922885728e-06,0.00015999999595806003
-7.699997922554767e-06,0.00015999999595806003
-7.695997922223805e-06,0.00015999999595806003
-7.691997921892844e-06,0.00015999999595806003
-7.687997921561882e-06,0.00011999999696854502
-7.68399792123092e-06,0.00015999999595806003
-7.67999792089996e-06,0.00015999999595806003
-7.675997920568998e-06,0.00015999999595806003
-7.671997920238036e-06,0.00015999999595806003
-7.667997919907075e-06,0.00015999999595806003
-7.663997919576113e-06,0.00015999999595806003
-7.659997919245152e-06,0.00015999999595806003
-7.65599791891419e-06,0.00015999999595806003
-7.651997918583229e-06,0.00015999999595806003
-7.647997918252267e-06,0.00015999999595806003
-7.643997917921306e-06,0.00019999999494757503
-7.639997917590344e-06,0.00015999999595806003
-7.635997917259383e-06,0.00015999999595806003
-7.631997916928421e-06,0.00015999999595806003
-7.62799791659746e-06,0.00015999999595806003
-7.623997916266498e-06,0.00011999999696854502
-7.619997915935537e-06,0.00015999999595806003
-7.6159979156045754e-06,0.00015999999595806003
-7.611997915273614e-06,0.00015999999595806003
-7.6079979149426525e-06,0.00011999999696854502
-7.603997914611691e-06,0.00015999999595806003
-7.5999979142807295e-06,0.00015999999595806003
-7.595997913949768e-06,0.00019999999494757503
-7.5919979136188065e-06,0.00015999999595806003
-7.587997913287845e-06,0.00015999999595806003
-7.583997912956884e-06,0.00015999999595806003
-7.579997912625922e-06,0.00015999999595806003
-7.575997912294961e-06,0.00015999999595806003
-7.571997911963999e-06,0.00015999999595806003
-7.567997911633038e-06,0.00015999999595806003
-7.563997911302076e-06,0.00015999999595806003
-7.559997910971115e-06,0.00015999999595806003
-7.555997910640153e-06,0.00015999999595806003
-7.551997910309192e-06,0.00015999999595806003
-7.54799790997823e-06,0.00015999999595806003
-7.543997909647269e-06,0.00015999999595806003
-7.539997909316307e-06,0.00015999999595806003
-7.535997908985346e-06,0.00015999999595806003
-7.531997908654384e-06,0.00015999999595806003
-7.527997908323423e-06,0.00015999999595806003
-7.523997907992461e-06,0.00015999999595806003
-7.5199979076615e-06,0.00015999999595806003
-7.515997907330538e-06,0.00019999999494757503
-7.511997906999577e-06,0.00015999999595806003
-7.507997906668615e-06,0.00015999999595806003
-7.503997906337654e-06,0.00015999999595806003
-7.499997906006692e-06,0.00015999999595806003
-7.495997905675731e-06,0.00011999999696854502
-7.4919979053447694e-06,0.00015999999595806003
-7.487997905013808e-06,0.00015999999595806003
-7.4839979046828465e-06,0.00015999999595806003
-7.479997904351885e-06,0.00015999999595806003
-7.4759979040209235e-06,0.00015999999595806003
-7.471997903689962e-06,0.00015999999595806003
-7.4679979033590005e-06,0.00015999999595806003
-7.463997903028039e-06,0.00015999999595806003
-7.4599979026970776e-06,0.00015999999595806003
-7.455997902366116e-06,0.00015999999595806003
-7.451997902035155e-06,0.00015999999595806003
-7.447997901704193e-06,0.00015999999595806003
-7.443997901373232e-06,0.00015999999595806003
-7.43999790104227e-06,0.00011999999696854502
-7.435997900711309e-06,0.00015999999595806003
-7.431997900380347e-06,0.00015999999595806003
-7.427997900049386e-06,0.00015999999595806003
-7.423997899718424e-06,0.00015999999595806003
-7.419997899387463e-06,0.00015999999595806003
-7.415997899056501e-06,0.00015999999595806003
-7.41199789872554e-06,0.00015999999595806003
-7.407997898394578e-06,0.00015999999595806003
-7.403997898063617e-06,0.00015999999595806003
-7.399997897732655e-06,0.00015999999595806003
-7.395997897401694e-06,0.00015999999595806003
-7.391997897070732e-06,0.00015999999595806003
-7.387997896739771e-06,0.00015999999595806003
-7.383997896408809e-06,0.00015999999595806003
-7.379997896077848e-06,0.00015999999595806003
-7.375997895746886e-06,0.00015999999595806003
-7.371997895415925e-06,0.00015999999595806003
-7.3679978950849634e-06,0.00015999999595806003
-7.363997894754002e-06,0.00015999999595806003
-7.3599978944230405e-06,0.00015999999595806003
-7.355997894092079e-06,0.00015999999595806003
-7.3519978937611175e-06,0.00015999999595806003
-7.347997893430156e-06,0.00015999999595806003
-7.3439978930991945e-06,0.00015999999595806003
-7.339997892768233e-06,0.00015999999595806003
-7.3359978924372716e-06,0.00015999999595806003
-7.33199789210631e-06,0.00015999999595806003
-7.327997891775349e-06,0.00015999999595806003
-7.323997891444387e-06,0.00015999999595806003
-7.319997891113426e-06,0.00015999999595806003
-7.315997890782464e-06,0.00015999999595806003
-7.311997890451503e-06,0.00015999999595806003
-7.307997890120541e-06,0.00015999999595806003
-7.30399788978958e-06,0.00015999999595806003
-7.299997889458618e-06,0.00015999999595806003
-7.295997889127657e-06,0.00015999999595806003
-7.291997888796695e-06,0.00015999999595806003
-7.287997888465734e-06,0.00015999999595806003
-7.283997888134772e-06,0.00015999999595806003
-7.279997887803811e-06,0.00015999999595806003
-7.275997887472849e-06,0.00015999999595806003
-7.271997887141888e-06,0.00015999999595806003
-7.267997886810926e-06,0.00019999999494757503
-7.263997886479965e-06,0.00015999999595806003
-7.259997886149003e-06,0.00015999999595806003
-7.255997885818042e-06,0.00015999999595806003
-7.25199788548708e-06,0.00015999999595806003
-7.247997885156119e-06,0.00015999999595806003
-7.2439978848251574e-06,0.00015999999595806003
-7.239997884494196e-06,0.00015999999595806003
-7.2359978841632345e-06,0.00015999999595806003
-7.231997883832273e-06,0.00015999999595806003
-7.2279978835013115e-06,0.00015999999595806003
-7.22399788317035e-06,0.00015999999595806003
-7.2199978828393885e-06,0.00015999999595806003
-7.215997882508427e-06,0.00015999999595806003
-7.2119978821774656e-06,0.00015999999595806003
-7.207997881846504e-06,0.00015999999595806003
-7.203997881515543e-06,0.00015999999595806003
-7.199997881184581e-06,0.00015999999595806003
-7.19599788085362e-06,0.00019999999494757503
-7.191997880522658e-06,0.00015999999595806003
-7.187997880191697e-06,0.00015999999595806003
-7.183997879860735e-06,0.00015999999595806003
-7.179997879529774e-06,0.00015999999595806003
-7.175997879198812e-06,0.00015999999595806003
-7.171997878867851e-06,0.00015999999595806003
-7.167997878536889e-06,0.00015999999595806003
-7.163997878205928e-06,0.00015999999595806003
-7.159997877874966e-06,0.00015999999595806003
-7.155997877544005e-06,0.00015999999595806003
-7.151997877213043e-06,0.00015999999595806003
-7.147997876882082e-06,0.00015999999595806003
-7.14399787655112e-06,0.00015999999595806003
-7.139997876220159e-06,0.00015999999595806003
-7.135997875889197e-06,0.00015999999595806003
-7.131997875558236e-06,0.00015999999595806003
-7.127997875227274e-06,0.00015999999595806003
-7.123997874896313e-06,0.00015999999595806003
-7.1199978745653514e-06,0.00015999999595806003
-7.11599787423439e-06,0.00015999999595806003
-7.1119978739034285e-06,0.00015999999595806003
-7.107997873572467e-06,0.00015999999595806003
-7.1039978732415055e-06,0.00015999999595806003
-7.099997872910544e-06,0.00015999999595806003
-7.0959978725795825e-06,0.00015999999595806003
-7.091997872248621e-06,0.00015999999595806003
-7.0879978719176596e-06,0.00015999999595806003
-7.083997871586698e-06,0.00015999999595806003
-7.079997871255737e-06,0.00015999999595806003
-7.075997870924775e-06,0.00015999999595806003
-7.071997870593814e-06,0.00015999999595806003
-7.067997870262852e-06,0.00015999999595806003
-7.063997869931891e-06,0.00015999999595806003
-7.059997869600929e-06,0.00015999999595806003
-7.055997869269968e-06,0.00015999999595806003
-7.051997868939006e-06,0.00015999999595806003
-7.047997868608045e-06,0.00015999999595806003
-7.043997868277083e-06,0.00015999999595806003
-7.039997867946122e-06,0.00015999999595806003
-7.03599786761516e-06,0.00015999999595806003
-7.031997867284199e-06,0.00015999999595806003
-7.027997866953237e-06,0.00015999999595806003
-7.023997866622276e-06,0.00015999999595806003
-7.019997866291314e-06,0.00015999999595806003
-7.015997865960353e-06,0.00015999999595806003
-7.011997865629391e-06,0.00015999999595806003
-7.00799786529843e-06,0.00015999999595806003
-7.003997864967468e-06,0.00015999999595806003
-6.999997864636507e-06,0.00011999999696854502
-6.9959978643055454e-06,0.00015999999595806003
-6.991997863974584e-06,0.00015999999595806003
-6.9879978636436225e-06,0.00015999999595806003
-6.983997863312661e-06,0.00015999999595806003
-6.9799978629816995e-06,0.00015999999595806003
-6.975997862650738e-06,0.00011999999696854502
-6.9719978623197765e-06,0.00015999999595806003
-6.967997861988815e-06,0.00015999999595806003
-6.9639978616578536e-06,0.00015999999595806003
-6.959997861326892e-06,0.00015999999595806003
-6.955997860995931e-06,0.00015999999595806003
-6.951997860664969e-06,0.00015999999595806003
-6.947997860334008e-06,0.00019999999494757503
-6.943997860003046e-06,0.00015999999595806003
-6.939997859672085e-06,0.00015999999595806003
-6.935997859341123e-06,0.00015999999595806003
-6.931997859010162e-06,0.00015999999595806003
-6.9279978586792e-06,0.00015999999595806003
-6.923997858348239e-06,0.00015999999595806003
-6.919997858017277e-06,0.00015999999595806003
-6.915997857686316e-06,0.00019999999494757503
-6.911997857355354e-06,0.00015999999595806003
-6.907997857024393e-06,0.00015999999595806003
-6.903997856693431e-06,0.00011999999696854502
-6.89999785636247e-06,0.00015999999595806003
-6.895997856031508e-06,0.00015999999595806003
-6.891997855700547e-06,0.00015999999595806003
-6.887997855369585e-06,0.00015999999595806003
-6.883997855038624e-06,0.00015999999595806003
-6.879997854707662e-06,0.00011999999696854502
-6.875997854376701e-06,0.00015999999595806003
-6.8719978540457394e-06,0.00015999999595806003
-6.867997853714778e-06,0.00015999999595806003
-6.8639978533838165e-06,0.00015999999595806003
-6.859997853052855e-06,0.00015999999595806003
-6.8559978527218935e-06,0.00015999999595806003
-6.851997852390932e-06,0.00015999999595806003
-6.8479978520599705e-06,0.00015999999595806003
-6.843997851729009e-06,0.00015999999595806003
-6.8399978513980476e-06,0.00015999999595806003
-6.835997851067086e-06,0.00019999999494757503
-6.831997850736125e-06,0.00015999999595806003
-6.827997850405163e-06,0.00019999999494757503
-6.823997850074202e-06,0.00015999999595806003
-6.81999784974324e-06,0.00015999999595806003
-6.815997849412279e-06,0.00015999999595806003
-6.811997849081317e-06,0.00015999999595806003
-6.807997848750356e-06,0.00015999999595806003
-6.803997848419394e-06,0.00015999999595806003
-6.799997848088433e-06,0.00015999999595806003
-6.795997847757471e-06,0.00019999999494757503
-6.79199784742651e-06,0.00015999999595806003
-6.787997847095548e-06,0.00019999999494757503
-6.783997846764587e-06,0.00015999999595806003
-6.779997846433625e-06,0.00019999999494757503
-6.775997846102664e-06,0.00015999999595806003
-6.771997845771702e-06,0.00015999999595806003
-6.767997845440741e-06,0.00015999999595806003
-6.763997845109779e-06,0.00015999999595806003
-6.759997844778818e-06,0.00015999999595806003
-6.755997844447856e-06,0.00015999999595806003
-6.751997844116895e-06,0.00015999999595806003
-6.747997843785933e-06,0.00015999999595806003
-6.743997843454972e-06,0.00015999999595806003
-6.7399978431240105e-06,0.00015999999595806003
-6.735997842793049e-06,0.00015999999595806003
-6.7319978424620875e-06,0.00015999999595806003
-6.727997842131126e-06,0.00015999999595806003
-6.7239978418001645e-06,0.00015999999595806003
-6.719997841469203e-06,0.00015999999595806003
-6.7159978411382415e-06,0.00011999999696854502
-6.71199784080728e-06,0.00015999999595806003
-6.707997840476319e-06,0.00015999999595806003
-6.703997840145357e-06,0.00015999999595806003
-6.699997839814396e-06,0.00015999999595806003
-6.695997839483434e-06,0.00015999999595806003
-6.691997839152473e-06,0.00015999999595806003
-6.687997838821511e-06,0.00015999999595806003
-6.68399783849055e-06,0.00015999999595806003
-6.679997838159588e-06,0.00011999999696854502
-6.675997837828627e-06,0.00015999999595806003
-6.671997837497665e-06,0.00011999999696854502
-6.667997837166704e-06,0.00015999999595806003
-6.663997836835742e-06,0.00011999999696854502
-6.659997836504781e-06,0.00015999999595806003
-6.655997836173819e-06,0.00015999999595806003
-6.651997835842858e-06,0.00015999999595806003
-6.647997835511896e-06,0.00015999999595806003
-6.643997835180935e-06,0.00015999999595806003
-6.639997834849973e-06,0.00015999999595806003
-6.635997834519012e-06,0.00019999999494757503
-6.63199783418805e-06,0.00015999999595806003
-6.627997833857089e-06,0.00015999999595806003
-6.623997833526127e-06,0.00015999999595806003
-6.619997833195166e-06,0.00015999999595806003
-6.6159978328642044e-06,0.00015999999595806003
-6.611997832533243e-06,0.00011999999696854502
-6.6079978322022815e-06,0.00011999999696854502
-6.60399783187132e-06,0.00015999999595806003
-6.5999978315403585e-06,0.00011999999696854502
-6.595997831209397e-06,0.00011999999696854502
-6.5919978308784355e-06,0.00015999999595806003
-6.587997830547474e-06,0.00019999999494757503
-6.583997830216513e-06,0.00015999999595806003
-6.579997829885551e-06,0.00019999999494757503
-6.57599782955459e-06,0.00019999999494757503
-6.571997829223628e-06,0.00019999999494757503
-6.567997828892667e-06,0.00015999999595806003
-6.563997828561705e-06,0.00015999999595806003
-6.559997828230744e-06,0.00015999999595806003
-6.555997827899782e-06,0.00015999999595806003
-6.551997827568821e-06,0.00011999999696854502
-6.547997827237859e-06,0.00015999999595806003
-6.543997826906898e-06,0.00015999999595806003
-6.539997826575936e-06,0.00015999999595806003
-6.535997826244975e-06,0.00011999999696854502
-6.531997825914013e-06,0.00015999999595806003
-6.527997825583052e-06,0.00015999999595806003
-6.52399782525209e-06,0.00015999999595806003
-6.519997824921129e-06,0.00015999999595806003
-6.515997824590167e-06,0.00015999999595806003
-6.511997824259206e-06,0.00015999999595806003
-6.507997823928244e-06,0.00019999999494757503
-6.503997823597283e-06,0.00015999999595806003
-6.499997823266321e-06,0.00019999999494757503
-6.49599782293536e-06,0.00011999999696854502
-6.4919978226043984e-06,0.00015999999595806003
-6.487997822273437e-06,0.00011999999696854502
-6.4839978219424755e-06,0.00015999999595806003
-6.479997821611514e-06,0.00011999999696854502
-6.4759978212805525e-06,0.00011999999696854502
-6.471997820949591e-06,0.00011999999696854502
-6.4679978206186295e-06,0.00015999999595806003
-6.463997820287668e-06,0.00015999999595806003
-6.4599978199567066e-06,0.00019999999494757503
-6.455997819625745e-06,0.00015999999595806003
-6.451997819294784e-06,0.00019999999494757503
-6.447997818963822e-06,0.00015999999595806003
-6.443997818632861e-06,0.00015999999595806003
-6.439997818301899e-06,0.00015999999595806003
-6.435997817970938e-06,0.00015999999595806003
-6.431997817639976e-06,0.00015999999595806003
-6.427997817309015e-06,0.00015999999595806003
-6.423997816978053e-06,0.00015999999595806003
-6.419997816647092e-06,0.00015999999595806003
-6.41599781631613e-06,0.00011999999696854502
-6.411997815985169e-06,0.00015999999595806003
-6.407997815654207e-06,0.00011999999696854502
-6.403997815323246e-06,0.00015999999595806003
-6.399997814992284e-06,0.00015999999595806003
-6.395997814661323e-06,0.00015999999595806003
-6.391997814330361e-06,0.00015999999595806003
-6.3879978139994e-06,0.00015999999595806003
-6.383997813668438e-06,0.00015999999595806003
-6.379997813337477e-06,0.00015999999595806003
-6.375997813006515e-06,0.00015999999595806003
-6.371997812675554e-06,0.00019999999494757503
-6.3679978123445924e-06,0.00015999999595806003
-6.363997812013631e-06,0.00019999999494757503
-6.3599978116826695e-06,0.00015999999595806003
-6.355997811351708e-06,0.00015999999595806003
-6.3519978110207465e-06,0.00011999999696854502
-6.347997810689785e-06,0.00015999999595806003
-6.3439978103588235e-06,0.00015999999595806003
-6.339997810027862e-06,0.00015999999595806003
-6.3359978096969006e-06,0.00011999999696854502
-6.331997809365939e-06,0.00015999999595806003
-6.327997809034978e-06,0.00011999999696854502
-6.323997808704016e-06,0.00015999999595806003
-6.319997808373055e-06,0.00015999999595806003
-6.315997808042093e-06,0.00015999999595806003
-6.311997807711132e-06,0.00015999999595806003
-6.30799780738017e-06,0.00015999999595806003
-6.303997807049209e-06,0.00015999999595806003
-6.299997806718247e-06,0.00019999999494757503
-6.295997806387286e-06,0.00015999999595806003
-6.291997806056324e-06,0.00019999999494757503
-6.287997805725363e-06,0.00015999999595806003
-6.283997805394401e-06,0.00015999999595806003
-6.27999780506344e-06,0.00015999999595806003
-6.275997804732478e-06,0.00015999999595806003
-6.271997804401517e-06,0.00011999999696854502
-6.267997804070555e-06,0.00015999999595806003
-6.263997803739594e-06,0.00011999999696854502
-6.259997803408632e-06,0.00015999999595806003
-6.255997803077671e-06,0.00015999999595806003
-6.251997802746709e-06,0.00019999999494757503
-6.247997802415748e-06,0.00015999999595806003
-6.2439978020847864e-06,0.00019999999494757503
-6.239997801753825e-06,0.00015999999595806003
-6.2359978014228635e-06,0.00015999999595806003
-6.231997801091902e-06,0.00015999999595806003
-6.2279978007609405e-06,0.00015999999595806003
-6.223997800429979e-06,0.00011999999696854502
-6.2199978000990175e-06,0.00015999999595806003
-6.215997799768056e-06,0.00015999999595806003
-6.2119977994370946e-06,0.00015999999595806003
-6.207997799106133e-06,0.00015999999595806003
-6.203997798775172e-06,0.00015999999595806003
-6.19999779844421e-06,0.00015999999595806003
-6.195997798113249e-06,0.00015999999595806003
-6.191997797782287e-06,0.00015999999595806003
-6.187997797451326e-06,0.00019999999494757503
-6.183997797120364e-06,0.00015999999595806003
-6.179997796789403e-06,0.00019999999494757503
-6.175997796458441e-06,0.00015999999595806003
-6.17199779612748e-06,0.00015999999595806003
-6.167997795796518e-06,0.00015999999595806003
-6.163997795465557e-06,0.00015999999595806003
-6.159997795134595e-06,0.00015999999595806003
-6.155997794803634e-06,0.00015999999595806003
-6.151997794472672e-06,0.00015999999595806003
-6.147997794141711e-06,0.00015999999595806003
-6.143997793810749e-06,0.00015999999595806003
-6.139997793479788e-06,0.00015999999595806003
-6.135997793148826e-06,0.00015999999595806003
-6.131997792817865e-06,0.00019999999494757503
-6.127997792486903e-06,0.00015999999595806003
-6.123997792155942e-06,0.00015999999595806003
-6.1199977918249804e-06,0.00015999999595806003
-6.115997791494019e-06,0.00015999999595806003
-6.1119977911630575e-06,0.00011999999696854502
-6.107997790832096e-06,0.00015999999595806003
-6.1039977905011345e-06,0.00015999999595806003
-6.099997790170173e-06,0.00015999999595806003
-6.0959977898392115e-06,0.00015999999595806003
-6.09199778950825e-06,0.00015999999595806003
-6.0879977891772886e-06,0.00015999999595806003
-6.083997788846327e-06,0.00015999999595806003
-6.079997788515366e-06,0.00015999999595806003
-6.075997788184404e-06,0.00015999999595806003
-6.071997787853443e-06,0.00015999999595806003
-6.067997787522481e-06,0.00015999999595806003
-6.06399778719152e-06,0.00015999999595806003
-6.059997786860558e-06,0.00015999999595806003
-6.055997786529597e-06,0.00015999999595806003
-6.051997786198635e-06,0.00019999999494757503
-6.047997785867674e-06,0.00015999999595806003
-6.043997785536712e-06,0.00015999999595806003
-6.039997785205751e-06,0.00011999999696854502
-6.035997784874789e-06,0.00015999999595806003
-6.031997784543828e-06,0.00015999999595806003
-6.027997784212866e-06,0.00015999999595806003
-6.023997783881905e-06,0.00015999999595806003
-6.019997783550943e-06,0.00015999999595806003
-6.015997783219982e-06,0.00015999999595806003
-6.01199778288902e-06,0.00015999999595806003
-6.007997782558059e-06,0.00015999999595806003
-6.003997782227097e-06,0.00019999999494757503
-5.999997781896136e-06,0.00015999999595806003
-5.9959977815651744e-06,0.00015999999595806003
-5.991997781234213e-06,0.00015999999595806003
-5.9879977809032515e-06,0.00015999999595806003
-5.98399778057229e-06,0.00011999999696854502
-5.9799977802413285e-06,0.00015999999595806003
-5.975997779910367e-06,0.00011999999696854502
-5.9719977795794055e-06,0.00015999999595806003
-5.967997779248444e-06,0.00015999999595806003
-5.9639977789174826e-06,0.00015999999595806003
-5.959997778586521e-06,0.00015999999595806003
-5.95599777825556e-06,0.00015999999595806003
-5.951997777924598e-06,0.00015999999595806003
-5.947997777593637e-06,0.00015999999595806003
-5.943997777262675e-06,0.00015999999595806003
-5.939997776931714e-06,0.00015999999595806003
-5.935997776600752e-06,0.00015999999595806003
-5.931997776269791e-06,0.00015999999595806003
-5.927997775938829e-06,0.00015999999595806003
-5.923997775607868e-06,0.00015999999595806003
-5.919997775276906e-06,0.00015999999595806003
-5.915997774945945e-06,0.00015999999595806003
-5.911997774614983e-06,0.00015999999595806003
-5.907997774284022e-06,0.00015999999595806003
-5.90399777395306e-06,0.00015999999595806003
-5.899997773622099e-06,0.00015999999595806003
-5.895997773291137e-06,0.00015999999595806003
-5.891997772960176e-06,0.00015999999595806003
-5.887997772629214e-06,0.00015999999595806003
-5.883997772298253e-06,0.00015999999595806003
-5.879997771967291e-06,0.00015999999595806003
-5.87599777163633e-06,0.00015999999595806003
-5.8719977713053684e-06,0.00015999999595806003
-5.867997770974407e-06,0.00015999999595806003
-5.8639977706434455e-06,0.00015999999595806003
-5.859997770312484e-06,0.00015999999595806003
-5.8559977699815225e-06,0.00015999999595806003
-5.851997769650561e-06,0.00019999999494757503
-5.8479977693195995e-06,0.00015999999595806003
-5.843997768988638e-06,0.00015999999595806003
-5.8399977686576766e-06,0.00015999999595806003
-5.835997768326715e-06,0.00015999999595806003
-5.831997767995754e-06,0.00015999999595806003
-5.827997767664792e-06,0.00015999999595806003
-5.823997767333831e-06,0.00011999999696854502
-5.819997767002869e-06,0.00015999999595806003
-5.815997766671908e-06,0.00015999999595806003
-5.811997766340946e-06,0.00015999999595806003
-5.807997766009985e-06,0.00015999999595806003
-5.803997765679023e-06,0.00019999999494757503
-5.799997765348062e-06,0.00015999999595806003
-5.7959977650171e-06,0.00019999999494757503
-5.791997764686139e-06,0.00015999999595806003
-5.787997764355177e-06,0.00015999999595806003
-5.783997764024216e-06,0.00015999999595806003
-5.779997763693254e-06,0.00015999999595806003
-5.775997763362293e-06,0.00015999999595806003
-5.771997763031331e-06,0.00015999999595806003
-5.76799776270037e-06,0.00015999999595806003
-5.763997762369408e-06,0.00015999999595806003
-5.759997762038447e-06,0.00015999999595806003
-5.755997761707485e-06,0.00015999999595806003
-5.751997761376524e-06,0.00011999999696854502
-5.747997761045562e-06,0.00015999999595806003
-5.743997760714601e-06,0.00015999999595806003
-5.7399977603836395e-06,0.00015999999595806003
-5.735997760052678e-06,0.00015999999595806003
-5.7319977597217165e-06,0.00015999999595806003
-5.727997759390755e-06,0.00015999999595806003
-5.7239977590597935e-06,0.00019999999494757503
-5.719997758728832e-06,0.00015999999595806003
-5.7159977583978706e-06,0.00015999999595806003
-5.711997758066909e-06,0.00015999999595806003
-5.707997757735948e-06,0.00015999999595806003
-5.703997757404986e-06,0.00015999999595806003
-5.699997757074025e-06,0.00015999999595806003
-5.695997756743063e-06,0.00015999999595806003
-5.691997756412102e-06,0.00015999999595806003
-5.68799775608114e-06,0.00015999999595806003
-5.683997755750179e-06,0.00015999999595806003
-5.679997755419217e-06,0.00015999999595806003
-5.675997755088256e-06,0.00015999999595806003
-5.671997754757294e-06,0.00015999999595806003
-5.667997754426333e-06,0.00015999999595806003
-5.663997754095371e-06,0.00015999999595806003
-5.65999775376441e-06,0.00015999999595806003
-5.655997753433448e-06,0.00015999999595806003
-5.651997753102487e-06,0.00019999999494757503
-5.647997752771525e-06,0.00015999999595806003
-5.643997752440564e-06,0.00015999999595806003
-5.639997752109602e-06,0.00015999999595806003
-5.635997751778641e-06,0.00015999999595806003
-5.631997751447679e-06,0.00015999999595806003
-5.627997751116718e-06,0.00015999999595806003
-5.623997750785756e-06,0.00015999999595806003
-5.619997750454795e-06,0.00015999999595806003
-5.6159977501238335e-06,0.00015999999595806003
-5.611997749792872e-06,0.00019999999494757503
-5.6079977494619105e-06,0.00015999999595806003
-5.603997749130949e-06,0.00015999999595806003
-5.5999977487999875e-06,0.00015999999595806003
-5.595997748469026e-06,0.00015999999595806003
-5.5919977481380645e-06,0.00015999999595806003
-5.587997747807103e-06,0.00015999999595806003
-5.583997747476142e-06,0.00015999999595806003
-5.57999774714518e-06,0.00015999999595806003
-5.575997746814219e-06,0.00015999999595806003
-5.571997746483257e-06,0.00015999999595806003
-5.567997746152296e-06,0.00015999999595806003
-5.563997745821334e-06,0.00015999999595806003
-5.559997745490373e-06,0.00015999999595806003
-5.555997745159411e-06,0.00015999999595806003
-5.55199774482845e-06,0.00015999999595806003
-5.547997744497488e-06,0.00015999999595806003
-5.543997744166527e-06,0.00015999999595806003
-5.539997743835565e-06,0.00015999999595806003
-5.535997743504604e-06,0.00015999999595806003
-5.531997743173642e-06,0.00015999999595806003
-5.527997742842681e-06,0.00015999999595806003
-5.523997742511719e-06,0.00015999999595806003
-5.519997742180758e-06,0.00015999999595806003
-5.515997741849796e-06,0.00015999999595806003
-5.511997741518835e-06,0.00015999999595806003
-5.507997741187873e-06,0.00015999999595806003
-5.503997740856912e-06,0.00015999999595806003
-5.49999774052595e-06,0.00015999999595806003
-5.495997740194989e-06,0.00015999999595806003
-5.4919977398640274e-06,0.00015999999595806003
-5.487997739533066e-06,0.00015999999595806003
-5.4839977392021045e-06,0.00019999999494757503
-5.479997738871143e-06,0.00019999999494757503
-5.4759977385401815e-06,0.00015999999595806003
-5.47199773820922e-06,0.00015999999595806003
-5.4679977378782585e-06,0.00015999999595806003
-5.463997737547297e-06,0.00015999999595806003
-5.4599977372163356e-06,0.00015999999595806003
-5.455997736885374e-06,0.00011999999696854502
-5.451997736554413e-06,0.00015999999595806003
-5.447997736223451e-06,0.00011999999696854502
-5.44399773589249e-06,0.00015999999595806003
-5.439997735561528e-06,0.00015999999595806003
-5.435997735230567e-06,0.00015999999595806003
-5.431997734899605e-06,0.00015999999595806003
-5.427997734568644e-06,0.00015999999595806003
-5.423997734237682e-06,0.00015999999595806003
-5.419997733906721e-06,0.00019999999494757503
-5.415997733575759e-06,0.00015999999595806003
-5.411997733244798e-06,0.00019999999494757503
-5.407997732913836e-06,0.00015999999595806003
-5.403997732582875e-06,0.00015999999595806003
-5.399997732251913e-06,0.00015999999595806003
-5.395997731920952e-06,0.00015999999595806003
-5.39199773158999e-06,0.00015999999595806003
-5.387997731259029e-06,0.00015999999595806003
-5.383997730928067e-06,0.00015999999595806003
-5.379997730597106e-06,0.00015999999595806003
-5.375997730266144e-06,0.00015999999595806003
-5.371997729935183e-06,0.00015999999595806003
-5.3679977296042214e-06,0.00015999999595806003
-5.36399772927326e-06,0.00019999999494757503
-5.3599977289422985e-06,0.00015999999595806003
-5.355997728611337e-06,0.00019999999494757503
-5.3519977282803755e-06,0.00015999999595806003
-5.347997727949414e-06,0.00015999999595806003
-5.3439977276184525e-06,0.00015999999595806003
-5.339997727287491e-06,0.00019999999494757503
-5.3359977269565296e-06,0.00015999999595806003
-5.331997726625568e-06,0.00015999999595806003
-5.327997726294607e-06,0.00011999999696854502
-5.323997725963645e-06,0.00015999999595806003
-5.319997725632684e-06,0.00015999999595806003
-5.315997725301722e-06,0.00015999999595806003
-5.311997724970761e-06,0.00015999999595806003
-5.307997724639799e-06,0.00019999999494757503
-5.303997724308838e-06,0.00015999999595806003
-5.299997723977876e-06,0.00015999999595806003
-5.295997723646915e-06,0.00015999999595806003
-5.291997723315953e-06,0.00015999999595806003
-5.287997722984992e-06,0.00015999999595806003
-5.28399772265403e-06,0.00015999999595806003
-5.279997722323069e-06,0.00015999999595806003
-5.275997721992107e-06,0.00015999999595806003
-5.271997721661146e-06,0.00015999999595806003
-5.267997721330184e-06,0.00015999999595806003
-5.263997720999223e-06,0.00015999999595806003
-5.259997720668261e-06,0.00015999999595806003
-5.2559977203373e-06,0.00015999999595806003
-5.251997720006338e-06,0.00015999999595806003
-5.247997719675377e-06,0.00015999999595806003
-5.2439977193444154e-06,0.00019999999494757503
-5.239997719013454e-06,0.00015999999595806003
-5.2359977186824925e-06,0.00019999999494757503
-5.231997718351531e-06,0.00015999999595806003
-5.2279977180205695e-06,0.00015999999595806003
-5.223997717689608e-06,0.00015999999595806003
-5.2199977173586465e-06,0.00015999999595806003
-5.215997717027685e-06,0.00015999999595806003
-5.2119977166967236e-06,0.00015999999595806003
-5.207997716365762e-06,0.00011999999696854502
-5.203997716034801e-06,0.00015999999595806003
-5.199997715703839e-06,0.00015999999595806003
-5.195997715372878e-06,0.00015999999595806003
-5.191997715041916e-06,0.00015999999595806003
-5.187997714710955e-06,0.00015999999595806003
-5.183997714379993e-06,0.00015999999595806003
-5.179997714049032e-06,0.00015999999595806003
-5.17599771371807e-06,0.00015999999595806003
-5.171997713387109e-06,0.00019999999494757503
-5.167997713056147e-06,0.00015999999595806003
-5.163997712725186e-06,0.00019999999494757503
-5.159997712394224e-06,0.00015999999595806003
-5.155997712063263e-06,0.00015999999595806003
-5.151997711732301e-06,0.00015999999595806003
-5.14799771140134e-06,0.00015999999595806003
-5.143997711070378e-06,0.00011999999696854502
-5.139997710739417e-06,0.00015999999595806003
-5.135997710408455e-06,0.00011999999696854502
-5.131997710077494e-06,0.00015999999595806003
-5.127997709746532e-06,0.00011999999696854502
-5.123997709415571e-06,0.00015999999595806003
-5.1199977090846094e-06,0.00015999999595806003
-5.115997708753648e-06,0.00019999999494757503
-5.1119977084226865e-06,0.00015999999595806003
-5.107997708091725e-06,0.00019999999494757503
-5.1039977077607635e-06,0.00015999999595806003
-5.099997707429802e-06,0.00015999999595806003
-5.0959977070988405e-06,0.00015999999595806003
-5.091997706767879e-06,0.00015999999595806003
-5.0879977064369176e-06,0.00015999999595806003
-5.083997706105956e-06,0.00015999999595806003
-5.079997705774995e-06,0.00011999999696854502
-5.075997705444033e-06,0.00015999999595806003
-5.071997705113072e-06,0.00015999999595806003
-5.06799770478211e-06,0.00015999999595806003
-5.063997704451149e-06,0.00015999999595806003
-5.059997704120187e-06,0.00015999999595806003
-5.055997703789226e-06,0.00015999999595806003
-5.051997703458264e-06,0.00015999999595806003
-5.047997703127303e-06,0.00015999999595806003
-5.043997702796341e-06,0.00015999999595806003
-5.03999770246538e-06,0.00015999999595806003
-5.035997702134418e-06,0.00019999999494757503
-5.031997701803457e-06,0.00015999999595806003
-5.027997701472495e-06,0.00015999999595806003
-5.023997701141534e-06,0.00015999999595806003
-5.019997700810572e-06,0.00015999999595806003
-5.015997700479611e-06,0.00015999999595806003
-5.011997700148649e-06,0.00015999999595806003
-5.007997699817688e-06,0.00015999999595806003
-5.003997699486726e-06,0.00015999999595806003
-4.999997699155765e-06,0.00015999999595806003
-4.9959976988248034e-06,0.00015999999595806003
-4.991997698493842e-06,0.00015999999595806003
-4.9879976981628805e-06,0.00015999999595806003
-4.983997697831919e-06,0.00015999999595806003
-4.9799976975009575e-06,0.00015999999595806003
-4.975997697169996e-06,0.00015999999595806003
-4.9719976968390345e-06,0.00015999999595806003
-4.967997696508073e-06,0.00015999999595806003
-4.9639976961771116e-06,0.00015999999595806003
-4.95999769584615e-06,0.00011999999696854502
-4.955997695515189e-06,0.00015999999595806003
-4.951997695184227e-06,0.00015999999595806003
-4.947997694853266e-06,0.00015999999595806003
-4.943997694522304e-06,0.00011999999696854502
-4.939997694191343e-06,0.00015999999595806003
-4.935997693860381e-06,0.00015999999595806003
-4.93199769352942e-06,0.00019999999494757503
-4.927997693198458e-06,0.00015999999595806003
-4.923997692867497e-06,0.00019999999494757503
-4.919997692536535e-06,0.00015999999595806003
-4.915997692205574e-06,0.00015999999595806003
-4.911997691874612e-06,0.00015999999595806003
-4.907997691543651e-06,0.00015999999595806003
-4.903997691212689e-06,0.00015999999595806003
-4.899997690881728e-06,0.00015999999595806003
-4.895997690550766e-06,0.00015999999595806003
-4.891997690219805e-06,0.00015999999595806003
-4.887997689888843e-06,0.00015999999595806003
-4.883997689557882e-06,0.00015999999595806003
-4.87999768922692e-06,0.00015999999595806003
-4.875997688895959e-06,0.00019999999494757503
-4.8719976885649974e-06,0.00015999999595806003
-4.867997688234036e-06,0.00019999999494757503
-4.8639976879030745e-06,0.00015999999595806003
-4.859997687572113e-06,0.00015999999595806003
-4.8559976872411515e-06,0.00015999999595806003
-4.85199768691019e-06,0.00015999999595806003
-4.8479976865792285e-06,0.00015999999595806003
-4.843997686248267e-06,0.00015999999595806003
-4.8399976859173056e-06,0.00015999999595806003
-4.835997685586344e-06,0.00015999999595806003
-4.831997685255383e-06,0.00015999999595806003
-4.827997684924421e-06,0.00015999999595806003
-4.82399768459346e-06,0.00015999999595806003
-4.819997684262498e-06,0.00015999999595806003
-4.815997683931537e-06,0.00015999999595806003
-4.811997683600575e-06,0.00015999999595806003
-4.807997683269614e-06,0.00011999999696854502
-4.803997682938652e-06,0.00015999999595806003
-4.799997682607691e-06,0.00015999999595806003
-4.795997682276729e-06,0.00015999999595806003
-4.791997681945768e-06,0.00015999999595806003
-4.787997681614806e-06,0.00019999999494757503
-4.783997681283845e-06,0.00015999999595806003
-4.779997680952883e-06,0.00015999999595806003
-4.775997680621922e-06,0.00011999999696854502
-4.77199768029096e-06,0.00015999999595806003
-4.767997679959999e-06,0.00015999999595806003
-4.763997679629037e-06,0.00019999999494757503
-4.759997679298076e-06,0.00015999999595806003
-4.755997678967114e-06,0.00015999999595806003
-4.751997678636153e-06,0.00015999999595806003
-4.747997678305191e-06,0.00015999999595806003
-4.74399767797423e-06,0.00015999999595806003
-4.7399976776432685e-06,0.00015999999595806003
-4.735997677312307e-06,0.00015999999595806003
-4.7319976769813455e-06,0.00015999999595806003
-4.727997676650384e-06,0.00011999999696854502
-4.7239976763194225e-06,0.00015999999595806003
-4.719997675988461e-06,0.00015999999595806003
-4.7159976756574996e-06,0.00015999999595806003
-4.711997675326538e-06,0.00015999999595806003
-4.707997674995577e-06,0.00015999999595806003
-4.703997674664615e-06,0.00015999999595806003
-4.699997674333654e-06,0.00015999999595806003
-4.695997674002692e-06,0.00015999999595806003
-4.691997673671731e-06,0.00015999999595806003
-4.687997673340769e-06,0.00015999999595806003
-4.683997673009808e-06,0.00015999999595806003
-4.679997672678846e-06,0.00015999999595806003
-4.675997672347885e-06,0.00015999999595806003
-4.671997672016923e-06,0.00015999999595806003
-4.667997671685962e-06,0.00019999999494757503
-4.663997671355e-06,0.00015999999595806003
-4.659997671024039e-06,0.00015999999595806003
-4.655997670693077e-06,0.00015999999595806003
-4.651997670362116e-06,0.00015999999595806003
-4.647997670031154e-06,0.00015999999595806003
-4.643997669700193e-06,0.00015999999595806003
-4.639997669369231e-06,0.00015999999595806003
-4.63599766903827e-06,0.00015999999595806003
-4.631997668707308e-06,0.00015999999595806003
-4.627997668376347e-06,0.00019999999494757503
-4.623997668045385e-06,0.00015999999595806003
-4.619997667714424e-06,0.00015999999595806003
-4.6159976673834625e-06,0.00015999999595806003
-4.611997667052501e-06,0.00015999999595806003
-4.6079976667215395e-06,0.00015999999595806003
-4.603997666390578e-06,0.00015999999595806003
-4.5999976660596165e-06,0.00011999999696854502
-4.595997665728655e-06,0.00015999999595806003
-4.5919976653976935e-06,0.00015999999595806003
-4.587997665066732e-06,0.00015999999595806003
-4.583997664735771e-06,0.00015999999595806003
-4.579997664404809e-06,0.00015999999595806003
-4.575997664073848e-06,0.00015999999595806003
-4.571997663742886e-06,0.00015999999595806003
-4.567997663411925e-06,0.00015999999595806003
-4.563997663080963e-06,0.00015999999595806003
-4.559997662750002e-06,0.00015999999595806003
-4.55599766241904e-06,0.00015999999595806003
-4.551997662088079e-06,0.00015999999595806003
-4.547997661757117e-06,0.00019999999494757503
-4.543997661426156e-06,0.00015999999595806003
-4.539997661095194e-06,0.00015999999595806003
-4.535997660764233e-06,0.00015999999595806003
-4.531997660433271e-06,0.00015999999595806003
-4.52799766010231e-06,0.00015999999595806003
-4.523997659771348e-06,0.00015999999595806003
-4.519997659440387e-06,0.00011999999696854502
-4.515997659109425e-06,0.00015999999595806003
-4.511997658778464e-06,0.00015999999595806003
-4.507997658447502e-06,0.00019999999494757503
-4.503997658116541e-06,0.00015999999595806003
-4.499997657785579e-06,0.00019999999494757503
-4.495997657454618e-06,0.00015999999595806003
-4.4919976571236564e-06,0.00015999999595806003
-4.487997656792695e-06,0.00015999999595806003
-4.4839976564617335e-06,0.00015999999595806003
-4.479997656130772e-06,0.00015999999595806003
-4.4759976557998105e-06,0.00015999999595806003
-4.471997655468849e-06,0.00015999999595806003
-4.4679976551378875e-06,0.00019999999494757503
-4.463997654806926e-06,0.00015999999595806003
-4.4599976544759646e-06,0.00015999999595806003
-4.455997654145003e-06,0.00011999999696854502
-4.451997653814042e-06,0.00015999999595806003
-4.44799765348308e-06,0.00011999999696854502
-4.443997653152119e-06,0.00011999999696854502
-4.439997652821157e-06,0.00015999999595806003
-4.435997652490196e-06,0.00015999999595806003
-4.431997652159234e-06,0.00015999999595806003
-4.427997651828273e-06,0.00019999999494757503
-4.423997651497311e-06,0.00015999999595806003
-4.41999765116635e-06,0.00019999999494757503
-4.415997650835388e-06,0.00015999999595806003
-4.411997650504427e-06,0.00015999999595806003
-4.407997650173465e-06,0.00015999999595806003
-4.403997649842504e-06,0.00015999999595806003
-4.399997649511542e-06,0.00011999999696854502
-4.395997649180581e-06,0.00015999999595806003
-4.391997648849619e-06,0.00011999999696854502
-4.387997648518658e-06,0.00015999999595806003
-4.383997648187696e-06,0.00015999999595806003
-4.379997647856735e-06,0.00015999999595806003
-4.375997647525773e-06,0.00015999999595806003
-4.371997647194812e-06,0.00015999999595806003
-4.3679976468638504e-06,0.00015999999595806003
-4.363997646532889e-06,0.00015999999595806003
-4.3599976462019275e-06,0.00015999999595806003
-4.355997645870966e-06,0.00015999999595806003
-4.3519976455400045e-06,0.00015999999595806003
-4.347997645209043e-06,0.00015999999595806003
-4.3439976448780815e-06,0.00015999999595806003
-4.33999764454712e-06,0.00015999999595806003
-4.3359976442161586e-06,0.00015999999595806003
-4.331997643885197e-06,0.00015999999595806003
-4.327997643554236e-06,0.00011999999696854502
-4.323997643223274e-06,0.00015999999595806003
-4.319997642892313e-06,0.00011999999696854502
-4.315997642561351e-06,0.00015999999595806003
-4.31199764223039e-06,0.00015999999595806003
-4.307997641899428e-06,0.00015999999595806003
-4.303997641568467e-06,0.00015999999595806003
-4.299997641237505e-06,0.00019999999494757503
-4.295997640906544e-06,0.00015999999595806003
-4.291997640575582e-06,0.00015999999595806003
-4.287997640244621e-06,0.00015999999595806003
-4.283997639913659e-06,0.00015999999595806003
-4.279997639582698e-06,0.00015999999595806003
-4.275997639251736e-06,0.00015999999595806003
-4.271997638920775e-06,0.00015999999595806003
-4.267997638589813e-06,0.00015999999595806003
-4.263997638258852e-06,0.00015999999595806003
-4.25999763792789e-06,0.00015999999595806003
-4.255997637596929e-06,0.00015999999595806003
-4.251997637265967e-06,0.00015999999595806003
-4.247997636935006e-06,0.00015999999595806003
-4.2439976366040444e-06,0.00015999999595806003
-4.239997636273083e-06,0.00015999999595806003
-4.2359976359421215e-06,0.00015999999595806003
-4.23199763561116e-06,0.00015999999595806003
-4.2279976352801985e-06,0.00015999999595806003
-4.223997634949237e-06,0.00015999999595806003
-4.2199976346182755e-06,0.00019999999494757503
-4.215997634287314e-06,0.00015999999595806003
-4.2119976339563526e-06,0.00015999999595806003
-4.207997633625391e-06,0.00015999999595806003
-4.20399763329443e-06,0.00015999999595806003
-4.199997632963468e-06,0.00011999999696854502
-4.195997632632507e-06,0.00015999999595806003
-4.191997632301545e-06,0.00011999999696854502
-4.187997631970584e-06,0.00015999999595806003
-4.183997631639622e-06,0.00015999999595806003
-4.179997631308661e-06,0.00015999999595806003
-4.175997630977699e-06,0.00015999999595806003
-4.171997630646738e-06,0.00015999999595806003
-4.167997630315776e-06,0.00015999999595806003
-4.163997629984815e-06,0.00015999999595806003
-4.159997629653853e-06,0.00015999999595806003
-4.155997629322892e-06,0.00015999999595806003
-4.15199762899193e-06,0.00015999999595806003
-4.147997628660969e-06,0.00015999999595806003
-4.143997628330007e-06,0.00015999999595806003
-4.139997627999046e-06,0.00015999999595806003
-4.135997627668084e-06,0.00015999999595806003
-4.131997627337123e-06,0.00015999999595806003
-4.127997627006161e-06,0.00015999999595806003
-4.1239976266752e-06,0.00015999999595806003
-4.1199976263442384e-06,0.00015999999595806003
-4.115997626013277e-06,0.00019999999494757503
-4.1119976256823155e-06,0.00015999999595806003
-4.107997625351354e-06,0.00019999999494757503
-4.1039976250203925e-06,0.00015999999595806003
-4.099997624689431e-06,0.00015999999595806003
-4.0959976243584695e-06,0.00015999999595806003
-4.091997624027508e-06,0.00015999999595806003
-4.0879976236965466e-06,0.00015999999595806003
-4.083997623365585e-06,0.00015999999595806003
-4.079997623034624e-06,0.00015999999595806003
-4.075997622703662e-06,0.00015999999595806003
-4.071997622372701e-06,0.00015999999595806003
-4.067997622041739e-06,0.00015999999595806003
-4.063997621710778e-06,0.00015999999595806003
-4.059997621379816e-06,0.00015999999595806003
-4.055997621048855e-06,0.00015999999595806003
-4.051997620717893e-06,0.00015999999595806003
-4.047997620386932e-06,0.00015999999595806003
-4.04399762005597e-06,0.00015999999595806003
-4.039997619725009e-06,0.00015999999595806003
-4.035997619394047e-06,0.00015999999595806003
-4.031997619063086e-06,0.00015999999595806003
-4.027997618732124e-06,0.00019999999494757503
-4.023997618401163e-06,0.00015999999595806003
-4.019997618070201e-06,0.00015999999595806003
-4.01599761773924e-06,0.00015999999595806003
-4.011997617408278e-06,0.00015999999595806003
-4.007997617077317e-06,0.00015999999595806003
-4.003997616746355e-06,0.00011999999696854502
-3.999997616415394e-06,0.00011999999696854502
-3.9959976160844324e-06,0.00015999999595806003
-3.991997615753471e-06,0.00015999999595806003
-3.9879976154225095e-06,0.00019999999494757503
-3.983997615091548e-06,0.00015999999595806003
-3.9799976147605865e-06,0.00015999999595806003
-3.975997614429625e-06,0.00015999999595806003
-3.9719976140986635e-06,0.00015999999595806003
-3.967997613767702e-06,0.00015999999595806003
-3.9639976134367406e-06,0.00015999999595806003
-3.959997613105779e-06,0.00015999999595806003
-3.955997612774818e-06,0.00015999999595806003
-3.951997612443856e-06,0.00015999999595806003
-3.947997612112895e-06,0.00015999999595806003
-3.943997611781933e-06,0.00011999999696854502
-3.939997611450972e-06,0.00015999999595806003
-3.93599761112001e-06,0.00015999999595806003
-3.931997610789049e-06,0.00015999999595806003
-3.927997610458087e-06,0.00015999999595806003
-3.923997610127126e-06,0.00015999999595806003
-3.919997609796164e-06,0.00015999999595806003
-3.915997609465203e-06,0.00015999999595806003
-3.911997609134241e-06,0.00015999999595806003
-3.90799760880328e-06,0.00015999999595806003
-3.903997608472318e-06,0.00015999999595806003
-3.899997608141357e-06,0.00015999999595806003
-3.895997607810395e-06,0.00015999999595806003
-3.891997607479434e-06,0.00019999999494757503
-3.887997607148472e-06,0.00015999999595806003
-3.883997606817511e-06,0.00015999999595806003
-3.879997606486549e-06,0.00015999999595806003
-3.875997606155588e-06,0.00015999999595806003
-3.8719976058246264e-06,0.00011999999696854502
-3.867997605493665e-06,0.00015999999595806003
-3.8639976051627035e-06,0.00015999999595806003
-3.859997604831742e-06,0.00015999999595806003
-3.8559976045007805e-06,0.00015999999595806003
-3.851997604169819e-06,0.00019999999494757503
-3.8479976038388575e-06,0.00015999999595806003
-3.843997603507896e-06,0.00015999999595806003
-3.8399976031769346e-06,0.00015999999595806003
-3.835997602845973e-06,0.00015999999595806003
-3.831997602515012e-06,0.00015999999595806003
-3.82799760218405e-06,0.00019999999494757503
-3.823997601853089e-06,0.00015999999595806003
-3.819997601522127e-06,0.00015999999595806003
-3.815997601191166e-06,0.00015999999595806003
-3.811997600860204e-06,0.00015999999595806003
-3.8079976005292427e-06,0.00011999999696854502
-3.803997600198281e-06,0.00011999999696854502
-3.7999975998673197e-06,0.00011999999696854502
-3.7959975995363582e-06,0.00015999999595806003
-3.7919975992053967e-06,0.00011999999696854502
-3.7879975988744353e-06,0.00015999999595806003
-3.7839975985434738e-06,0.00015999999595806003
-3.7799975982125123e-06,0.00019999999494757503
-3.775997597881551e-06,0.00015999999595806003
-3.7719975975505893e-06,0.00019999999494757503
-3.767997597219628e-06,0.00019999999494757503
-3.7639975968886664e-06,0.00019999999494757503
-3.759997596557705e-06,0.00015999999595806003
-3.7559975962267434e-06,0.00015999999595806003
-3.751997595895782e-06,0.00011999999696854502
-3.7479975955648204e-06,0.00015999999595806003
-3.743997595233859e-06,0.00011999999696854502
-3.7399975949028975e-06,0.00015999999595806003
-3.735997594571936e-06,0.00011999999696854502
-3.7319975942409745e-06,0.00015999999595806003
-3.727997593910013e-06,0.00011999999696854502
-3.7239975935790515e-06,0.00015999999595806003
-3.71999759324809e-06,0.00015999999595806003
-3.7159975929171286e-06,0.00015999999595806003
-3.711997592586167e-06,0.00015999999595806003
-3.7079975922552056e-06,0.00019999999494757503
-3.703997591924244e-06,0.00015999999595806003
-3.6999975915932826e-06,0.00019999999494757503
-3.695997591262321e-06,0.00015999999595806003
-3.6919975909313596e-06,0.00015999999595806003
-3.687997590600398e-06,0.00015999999595806003
-3.6839975902694367e-06,0.00011999999696854502
-3.679997589938475e-06,0.00011999999696854502
-3.6759975896075137e-06,0.00011999999696854502
-3.6719975892765522e-06,0.00011999999696854502
-3.6679975889455907e-06,0.00011999999696854502
-3.6639975886146293e-06,0.00011999999696854502
-3.6599975882836678e-06,0.00015999999595806003
-3.6559975879527063e-06,0.00015999999595806003
-3.651997587621745e-06,0.00019999999494757503
-3.6479975872907833e-06,0.00015999999595806003
-3.643997586959822e-06,0.00019999999494757503
-3.6399975866288604e-06,0.00015999999595806003
-3.635997586297899e-06,0.00015999999595806003
-3.6319975859669374e-06,0.00015999999595806003
-3.627997585635976e-06,0.00015999999595806003
-3.6239975853050144e-06,0.00011999999696854502
-3.619997584974053e-06,0.00015999999595806003
-3.6159975846430915e-06,0.00011999999696854502
-3.61199758431213e-06,0.00015999999595806003
-3.6079975839811685e-06,0.00015999999595806003
-3.603997583650207e-06,0.00015999999595806003
-3.5999975833192455e-06,0.00011999999696854502
-3.595997582988284e-06,0.00015999999595806003
-3.5919975826573225e-06,0.00015999999595806003
-3.587997582326361e-06,0.00015999999595806003
-3.5839975819953996e-06,0.00015999999595806003
-3.579997581664438e-06,0.00019999999494757503
-3.5759975813334766e-06,0.00015999999595806003
-3.571997581002515e-06,0.00019999999494757503
-3.5679975806715536e-06,0.00015999999595806003
-3.563997580340592e-06,0.00015999999595806003
-3.5599975800096307e-06,0.00011999999696854502
-3.555997579678669e-06,0.00015999999595806003
-3.5519975793477077e-06,0.00011999999696854502
-3.5479975790167462e-06,0.00015999999595806003
-3.5439975786857847e-06,0.00011999999696854502
-3.5399975783548233e-06,0.00015999999595806003
-3.5359975780238618e-06,0.00015999999595806003
-3.5319975776929003e-06,0.00015999999595806003
-3.527997577361939e-06,0.00015999999595806003
-3.5239975770309773e-06,0.00019999999494757503
-3.519997576700016e-06,0.00015999999595806003
-3.5159975763690544e-06,0.00015999999595806003
-3.511997576038093e-06,0.00015999999595806003
-3.5079975757071314e-06,0.00015999999595806003
-3.50399757537617e-06,0.00015999999595806003
-3.4999975750452084e-06,0.00015999999595806003
-3.495997574714247e-06,0.00015999999595806003
-3.4919975743832854e-06,0.00015999999595806003
-3.487997574052324e-06,0.00015999999595806003
-3.4839975737213625e-06,0.00015999999595806003
-3.479997573390401e-06,0.00011999999696854502
-3.4759975730594395e-06,0.00015999999595806003
-3.471997572728478e-06,0.00011999999696854502
-3.4679975723975165e-06,0.00015999999595806003
-3.463997572066555e-06,0.00015999999595806003
-3.4599975717355936e-06,0.00015999999595806003
-3.455997571404632e-06,0.00015999999595806003
-3.4519975710736706e-06,0.00019999999494757503
-3.447997570742709e-06,0.00015999999595806003
-3.4439975704117476e-06,0.00015999999595806003
-3.439997570080786e-06,0.00015999999595806003
-3.4359975697498247e-06,0.00015999999595806003
-3.431997569418863e-06,0.00011999999696854502
-3.4279975690879017e-06,0.00015999999595806003
-3.4239975687569402e-06,0.00015999999595806003
-3.4199975684259787e-06,0.00015999999595806003
-3.4159975680950173e-06,0.00015999999595806003
-3.4119975677640558e-06,0.00015999999595806003
-3.4079975674330943e-06,0.00015999999595806003
-3.403997567102133e-06,0.00015999999595806003
-3.3999975667711713e-06,0.00015999999595806003
-3.39599756644021e-06,0.00015999999595806003
-3.3919975661092483e-06,0.00015999999595806003
-3.387997565778287e-06,0.00015999999595806003
-3.3839975654473254e-06,0.00015999999595806003
-3.379997565116364e-06,0.00015999999595806003
-3.3759975647854024e-06,0.00015999999595806003
-3.371997564454441e-06,0.00019999999494757503
-3.3679975641234794e-06,0.00015999999595806003
-3.363997563792518e-06,0.00015999999595806003
-3.3599975634615565e-06,0.00011999999696854502
-3.355997563130595e-06,0.00015999999595806003
-3.3519975627996335e-06,0.00015999999595806003
-3.347997562468672e-06,0.00015999999595806003
-3.3439975621377105e-06,0.00015999999595806003
-3.339997561806749e-06,0.00015999999595806003
-3.3359975614757876e-06,0.00015999999595806003
-3.331997561144826e-06,0.00019999999494757503
-3.3279975608138646e-06,0.00015999999595806003
-3.323997560482903e-06,0.00019999999494757503
-3.3199975601519416e-06,0.00015999999595806003
-3.31599755982098e-06,0.00015999999595806003
-3.3119975594900187e-06,0.00015999999595806003
-3.307997559159057e-06,0.00015999999595806003
-3.3039975588280957e-06,0.00015999999595806003
-3.2999975584971342e-06,0.00015999999595806003
-3.2959975581661727e-06,0.00015999999595806003
-3.2919975578352112e-06,0.00015999999595806003
-3.2879975575042498e-06,0.00015999999595806003
-3.2839975571732883e-06,0.00015999999595806003
-3.279997556842327e-06,0.00015999999595806003
-3.2759975565113653e-06,0.00015999999595806003
-3.271997556180404e-06,0.00015999999595806003
-3.2679975558494423e-06,0.00015999999595806003
-3.263997555518481e-06,0.00015999999595806003
-3.2599975551875194e-06,0.00015999999595806003
-3.255997554856558e-06,0.00015999999595806003
-3.2519975545255964e-06,0.00019999999494757503
-3.247997554194635e-06,0.00015999999595806003
-3.2439975538636734e-06,0.00019999999494757503
-3.239997553532712e-06,0.00015999999595806003
-3.2359975532017505e-06,0.00015999999595806003
-3.231997552870789e-06,0.00011999999696854502
-3.2279975525398275e-06,0.00015999999595806003
-3.223997552208866e-06,0.00011999999696854502
-3.2199975518779045e-06,0.00015999999595806003
-3.215997551546943e-06,0.00015999999595806003
-3.2119975512159816e-06,0.00015999999595806003
-3.20799755088502e-06,0.00015999999595806003
-3.2039975505540586e-06,0.00019999999494757503
-3.199997550223097e-06,0.00015999999595806003
-3.1959975498921356e-06,0.00019999999494757503
-3.191997549561174e-06,0.00015999999595806003
-3.1879975492302127e-06,0.00019999999494757503
-3.183997548899251e-06,0.00015999999595806003
-3.1799975485682897e-06,0.00015999999595806003
-3.1759975482373282e-06,0.00011999999696854502
-3.1719975479063667e-06,0.00015999999595806003
-3.1679975475754052e-06,0.00011999999696854502
-3.1639975472444438e-06,0.00015999999595806003
-3.1599975469134823e-06,0.00011999999696854502
-3.155997546582521e-06,0.00011999999696854502
-3.1519975462515593e-06,0.00011999999696854502
-3.147997545920598e-06,0.00015999999595806003
-3.1439975455896363e-06,0.00015999999595806003
-3.139997545258675e-06,0.00019999999494757503
-3.1359975449277134e-06,0.00015999999595806003
-3.131997544596752e-06,0.00019999999494757503
-3.1279975442657904e-06,0.00019999999494757503
-3.123997543934829e-06,0.00019999999494757503
-3.1199975436038674e-06,0.00015999999595806003
-3.115997543272906e-06,0.00015999999595806003
-3.1119975429419445e-06,0.00011999999696854502
-3.107997542610983e-06,0.00011999999696854502
-3.1039975422800215e-06,0.00011999999696854502
-3.09999754194906e-06,0.00011999999696854502
-3.0959975416180985e-06,0.00011999999696854502
-3.091997541287137e-06,0.00015999999595806003
-3.0879975409561756e-06,0.00015999999595806003
-3.083997540625214e-06,0.00019999999494757503
-3.0799975402942526e-06,0.00019999999494757503
-3.075997539963291e-06,0.00019999999494757503
-3.0719975396323296e-06,0.00015999999595806003
-3.067997539301368e-06,0.00019999999494757503
-3.0639975389704067e-06,0.00015999999595806003
-3.059997538639445e-06,0.00015999999595806003
-3.0559975383084837e-06,0.00015999999595806003
-3.051997537977522e-06,0.00015999999595806003
-3.0479975376465607e-06,0.00011999999696854502
-3.0439975373155992e-06,0.00015999999595806003
-3.0399975369846378e-06,0.00011999999696854502
-3.0359975366536763e-06,0.00015999999595806003
-3.031997536322715e-06,0.00011999999696854502
-3.0279975359917533e-06,0.00015999999595806003
-3.023997535660792e-06,0.00015999999595806003
-3.0199975353298303e-06,0.00019999999494757503
-3.015997534998869e-06,0.00015999999595806003
-3.0119975346679074e-06,0.00019999999494757503
-3.007997534336946e-06,0.00019999999494757503
-3.0039975340059844e-06,0.00019999999494757503
-2.999997533675023e-06,0.00019999999494757503
-2.9959975333440614e-06,0.00019999999494757503
-2.9919975330131e-06,0.00015999999595806003
-2.9879975326821385e-06,0.00015999999595806003
-2.983997532351177e-06,0.00011999999696854502
-2.9799975320202155e-06,0.00011999999696854502
-2.975997531689254e-06,0.00011999999696854502
-2.9719975313582925e-06,0.00015999999595806003
-2.967997531027331e-06,0.00015999999595806003
-2.9639975306963696e-06,0.00015999999595806003
-2.959997530365408e-06,0.00015999999595806003
-2.9559975300344466e-06,0.00019999999494757503
-2.951997529703485e-06,0.00015999999595806003
-2.9479975293725236e-06,0.00019999999494757503
-2.943997529041562e-06,0.00015999999595806003
-2.9399975287106007e-06,0.00019999999494757503
-2.935997528379639e-06,0.00015999999595806003
-2.9319975280486777e-06,0.00015999999595806003
-2.927997527717716e-06,0.00015999999595806003
-2.9239975273867547e-06,0.00015999999595806003
-2.9199975270557932e-06,0.00011999999696854502
-2.9159975267248318e-06,0.00015999999595806003
-2.9119975263938703e-06,0.00011999999696854502
-2.9079975260629088e-06,0.00015999999595806003
-2.9039975257319473e-06,0.00011999999696854502
-2.899997525400986e-06,0.00015999999595806003
-2.8959975250700243e-06,0.00015999999595806003
-2.891997524739063e-06,0.00019999999494757503
-2.8879975244081014e-06,0.00019999999494757503
-2.88399752407714e-06,0.00019999999494757503
-2.8799975237461784e-06,0.00015999999595806003
-2.875997523415217e-06,0.00019999999494757503
-2.8719975230842554e-06,0.00015999999595806003
-2.867997522753294e-06,0.00015999999595806003
-2.8639975224223325e-06,0.00015999999595806003
-2.859997522091371e-06,0.00015999999595806003
-2.8559975217604095e-06,0.00015999999595806003
-2.851997521429448e-06,0.00015999999595806003
-2.8479975210984865e-06,0.00015999999595806003
-2.843997520767525e-06,0.00015999999595806003
-2.8399975204365636e-06,0.00015999999595806003
-2.835997520105602e-06,0.00015999999595806003
-2.8319975197746406e-06,0.00015999999595806003
-2.827997519443679e-06,0.00015999999595806003
-2.8239975191127176e-06,0.00015999999595806003
-2.819997518781756e-06,0.00015999999595806003
-2.8159975184507947e-06,0.00015999999595806003
-2.811997518119833e-06,0.00015999999595806003
-2.8079975177888717e-06,0.00015999999595806003
-2.80399751745791e-06,0.00015999999595806003
-2.7999975171269487e-06,0.00015999999595806003
-2.7959975167959872e-06,0.00015999999595806003
-2.7919975164650257e-06,0.00015999999595806003
-2.7879975161340643e-06,0.00015999999595806003
-2.7839975158031028e-06,0.00015999999595806003
-2.7799975154721413e-06,0.00015999999595806003
-2.77599751514118e-06,0.00015999999595806003
-2.7719975148102183e-06,0.00015999999595806003
-2.767997514479257e-06,0.00015999999595806003
-2.7639975141482954e-06,0.00015999999595806003
-2.759997513817334e-06,0.00015999999595806003
-2.7559975134863724e-06,0.00019999999494757503
-2.751997513155411e-06,0.00015999999595806003
-2.7479975128244494e-06,0.00015999999595806003
-2.743997512493488e-06,0.00011999999696854502
-2.7399975121625265e-06,0.00015999999595806003
-2.735997511831565e-06,0.00015999999595806003
-2.7319975115006035e-06,0.00015999999595806003
-2.727997511169642e-06,0.00015999999595806003
-2.7239975108386805e-06,0.00015999999595806003
-2.719997510507719e-06,0.00015999999595806003
-2.7159975101767576e-06,0.00015999999595806003
-2.711997509845796e-06,0.00015999999595806003
-2.7079975095148346e-06,0.00015999999595806003
-2.703997509183873e-06,0.00015999999595806003
-2.6999975088529116e-06,0.00019999999494757503
-2.69599750852195e-06,0.00015999999595806003
-2.6919975081909886e-06,0.00015999999595806003
-2.687997507860027e-06,0.00015999999595806003
-2.6839975075290657e-06,0.00015999999595806003
-2.679997507198104e-06,0.00015999999595806003
-2.6759975068671427e-06,0.00015999999595806003
-2.6719975065361812e-06,0.00015999999595806003
-2.6679975062052197e-06,0.00015999999595806003
-2.6639975058742583e-06,0.00015999999595806003
-2.6599975055432968e-06,0.00015999999595806003
-2.6559975052123353e-06,0.00015999999595806003
-2.651997504881374e-06,0.00015999999595806003
-2.6479975045504123e-06,0.00015999999595806003
-2.643997504219451e-06,0.00015999999595806003
-2.6399975038884894e-06,0.00015999999595806003
-2.635997503557528e-06,0.00019999999494757503
-2.6319975032265664e-06,0.00015999999595806003
-2.627997502895605e-06,0.00019999999494757503
-2.6239975025646434e-06,0.00015999999595806003
-2.619997502233682e-06,0.00015999999595806003
-2.6159975019027205e-06,0.00015999999595806003
-2.611997501571759e-06,0.00015999999595806003
-2.6079975012407975e-06,0.00015999999595806003
-2.603997500909836e-06,0.00015999999595806003
-2.5999975005788745e-06,0.00015999999595806003
-2.595997500247913e-06,0.00015999999595806003
-2.5919974999169515e-06,0.00015999999595806003
-2.58799749958599e-06,0.00015999999595806003
-2.5839974992550286e-06,0.00015999999595806003
-2.579997498924067e-06,0.00015999999595806003
-2.5759974985931056e-06,0.00015999999595806003
-2.571997498262144e-06,0.00015999999595806003
-2.5679974979311826e-06,0.00015999999595806003
-2.563997497600221e-06,0.00015999999595806003
-2.5599974972692597e-06,0.00015999999595806003
-2.555997496938298e-06,0.00019999999494757503
-2.5519974966073367e-06,0.00015999999595806003
-2.5479974962763752e-06,0.00015999999595806003
-2.5439974959454137e-06,0.00011999999696854502
-2.5399974956144523e-06,0.00015999999595806003
-2.5359974952834908e-06,0.00011999999696854502
-2.5319974949525293e-06,0.00015999999595806003
-2.527997494621568e-06,0.00011999999696854502
-2.5239974942906063e-06,0.00015999999595806003
-2.519997493959645e-06,0.00015999999595806003
-2.5159974936286834e-06,0.00015999999595806003
-2.511997493297722e-06,0.00019999999494757503
-2.5079974929667604e-06,0.00019999999494757503
-2.503997492635799e-06,0.00015999999595806003
-2.4999974923048374e-06,0.00019999999494757503
-2.495997491973876e-06,0.00015999999595806003
-2.4919974916429144e-06,0.00015999999595806003
-2.487997491311953e-06,0.00015999999595806003
-2.4839974909809915e-06,0.00015999999595806003
-2.47999749065003e-06,0.00015999999595806003
-2.4759974903190685e-06,0.00015999999595806003
-2.471997489988107e-06,0.00011999999696854502
-2.4679974896571455e-06,0.00011999999696854502
-2.463997489326184e-06,0.00011999999696854502
-2.4599974889952226e-06,0.00015999999595806003
-2.455997488664261e-06,0.00015999999595806003
-2.4519974883332996e-06,0.00015999999595806003
-2.447997488002338e-06,0.00015999999595806003
-2.4439974876713766e-06,0.00019999999494757503
-2.439997487340415e-06,0.00019999999494757503
-2.4359974870094537e-06,0.00019999999494757503
-2.431997486678492e-06,0.00015999999595806003
-2.4279974863475307e-06,0.00019999999494757503
-2.4239974860165692e-06,0.00015999999595806003
-2.4199974856856077e-06,0.00011999999696854502
-2.4159974853546463e-06,0.00011999999696854502
-2.4119974850236848e-06,0.00011999999696854502
-2.4079974846927233e-06,0.00011999999696854502
-2.403997484361762e-06,0.00015999999595806003
-2.3999974840308003e-06,0.00015999999595806003
-2.395997483699839e-06,0.00019999999494757503
-2.3919974833688773e-06,0.00015999999595806003
-2.387997483037916e-06,0.00019999999494757503
-2.3839974827069544e-06,0.00015999999595806003
-2.379997482375993e-06,0.00015999999595806003
-2.3759974820450314e-06,0.00015999999595806003
-2.37199748171407e-06,0.00015999999595806003
-2.3679974813831084e-06,0.00015999999595806003
-2.363997481052147e-06,0.00015999999595806003
-2.3599974807211855e-06,0.00015999999595806003
-2.355997480390224e-06,0.00015999999595806003
-2.3519974800592625e-06,0.00015999999595806003
-2.347997479728301e-06,0.00015999999595806003
-2.3439974793973395e-06,0.00011999999696854502
-2.339997479066378e-06,0.00015999999595806003
-2.3359974787354166e-06,0.00015999999595806003
-2.331997478404455e-06,0.00019999999494757503
-2.3279974780734936e-06,0.00015999999595806003
-2.323997477742532e-06,0.00019999999494757503
-2.3199974774115706e-06,0.00015999999595806003
-2.315997477080609e-06,0.00019999999494757503
-2.3119974767496477e-06,0.00015999999595806003
-2.307997476418686e-06,0.00019999999494757503
-2.3039974760877247e-06,0.00015999999595806003
-2.2999974757567632e-06,0.00015999999595806003
-2.2959974754258017e-06,0.00011999999696854502
-2.2919974750948402e-06,0.00015999999595806003
-2.2879974747638788e-06,0.00011999999696854502
-2.2839974744329173e-06,0.00011999999696854502
-2.279997474101956e-06,0.00015999999595806003
-2.2759974737709943e-06,0.00015999999595806003
-2.271997473440033e-06,0.00015999999595806003
-2.2679974731090713e-06,0.00019999999494757503
-2.26399747277811e-06,0.00015999999595806003
-2.2599974724471484e-06,0.00015999999595806003
-2.255997472116187e-06,0.00015999999595806003
-2.2519974717852254e-06,0.00015999999595806003
-2.247997471454264e-06,0.00015999999595806003
-2.2439974711233024e-06,0.00015999999595806003
-2.239997470792341e-06,0.00011999999696854502
-2.2359974704613795e-06,0.00015999999595806003
-2.231997470130418e-06,0.00015999999595806003
-2.2279974697994565e-06,0.00015999999595806003
-2.223997469468495e-06,0.00015999999595806003
-2.2199974691375335e-06,0.00015999999595806003
-2.215997468806572e-06,0.00011999999696854502
-2.2119974684756106e-06,0.00015999999595806003
-2.207997468144649e-06,0.00015999999595806003
-2.2039974678136876e-06,0.00015999999595806003
-2.199997467482726e-06,0.00015999999595806003
-2.1959974671517646e-06,0.00015999999595806003
-2.191997466820803e-06,0.00015999999595806003
-2.1879974664898417e-06,0.00015999999595806003
-2.18399746615888e-06,0.00015999999595806003
-2.1799974658279187e-06,0.00015999999595806003
-2.1759974654969572e-06,0.00015999999595806003
-2.1719974651659957e-06,0.00015999999595806003
-2.1679974648350342e-06,0.00015999999595806003
-2.1639974645040728e-06,0.00015999999595806003
-2.1599974641731113e-06,0.00015999999595806003
-2.15599746384215e-06,0.00015999999595806003
-2.1519974635111883e-06,0.00015999999595806003
-2.147997463180227e-06,0.00019999999494757503
-2.1439974628492653e-06,0.00015999999595806003
-2.139997462518304e-06,0.00015999999595806003
-2.1359974621873424e-06,0.00015999999595806003
-2.131997461856381e-06,0.00015999999595806003
-2.1279974615254194e-06,0.00011999999696854502
-2.123997461194458e-06,0.00015999999595806003
-2.1199974608634964e-06,0.00015999999595806003
-2.115997460532535e-06,0.00019999999494757503
-2.1119974602015735e-06,0.00015999999595806003
-2.107997459870612e-06,0.00015999999595806003
-2.1039974595396505e-06,0.00015999999595806003
-2.099997459208689e-06,0.00015999999595806003
-2.0959974588777275e-06,0.00011999999696854502
-2.091997458546766e-06,0.00015999999595806003
-2.0879974582158046e-06,0.00015999999595806003
-2.083997457884843e-06,0.00015999999595806003
-2.0799974575538816e-06,0.00015999999595806003
-2.07599745722292e-06,0.00015999999595806003
-2.0719974568919586e-06,0.00015999999595806003
-2.067997456560997e-06,0.00019999999494757503
-2.0639974562300357e-06,0.00015999999595806003
-2.059997455899074e-06,0.00015999999595806003
-2.0559974555681127e-06,0.00015999999595806003
-2.051997455237151e-06,0.00015999999595806003
-2.0479974549061897e-06,0.00015999999595806003
-2.0439974545752282e-06,0.00015999999595806003
-2.0399974542442668e-06,0.00015999999595806003
-2.0359974539133053e-06,0.00015999999595806003
-2.031997453582344e-06,0.00015999999595806003
-2.0279974532513823e-06,0.00015999999595806003
-2.023997452920421e-06,0.00015999999595806003
-2.0199974525894593e-06,0.00015999999595806003
-2.015997452258498e-06,0.00015999999595806003
-2.0119974519275364e-06,0.00015999999595806003
-2.007997451596575e-06,0.00015999999595806003
-2.0039974512656134e-06,0.00015999999595806003
-1.999997450934652e-06,0.00015999999595806003
-1.9959974506036904e-06,0.00019999999494757503
-1.991997450272729e-06,0.00015999999595806003
-1.9879974499417675e-06,0.00015999999595806003
-1.983997449610806e-06,0.00015999999595806003
-1.9799974492798445e-06,0.00015999999595806003
-1.975997448948883e-06,0.00015999999595806003
-1.9719974486179215e-06,0.00015999999595806003
-1.96799744828696e-06,0.00015999999595806003
-1.9639974479559986e-06,0.00015999999595806003
-1.959997447625037e-06,0.00015999999595806003
-1.9559974472940756e-06,0.00019999999494757503
-1.951997446963114e-06,0.00015999999595806003
-1.9479974466321526e-06,0.00019999999494757503
-1.943997446301191e-06,0.00015999999595806003
-1.9399974459702297e-06,0.00015999999595806003
-1.935997445639268e-06,0.00015999999595806003
-1.9319974453083067e-06,0.00015999999595806003
-1.927997444977345e-06,0.00015999999595806003
-1.9239974446463837e-06,0.00015999999595806003
-1.9199974443154222e-06,0.00015999999595806003
-1.9159974439844608e-06,0.00015999999595806003
-1.9119974436534993e-06,0.00015999999595806003
-1.9079974433225378e-06,0.00015999999595806003
-1.9039974429915763e-06,0.00015999999595806003
-1.8999974426606148e-06,0.00015999999595806003
-1.8959974423296533e-06,0.00015999999595806003
-1.8919974419986918e-06,0.00015999999595806003
-1.8879974416677304e-06,0.00015999999595806003
-1.8839974413367689e-06,0.00015999999595806003
-1.8799974410058074e-06,0.00015999999595806003
-1.875997440674846e-06,0.00015999999595806003
-1.8719974403438844e-06,0.00015999999595806003
-1.867997440012923e-06,0.00019999999494757503
-1.8639974396819615e-06,0.00015999999595806003
-1.859997439351e-06,0.00015999999595806003
-1.8559974390200385e-06,0.00015999999595806003
-1.851997438689077e-06,0.00015999999595806003
-1.8479974383581155e-06,0.00015999999595806003
-1.843997438027154e-06,0.00015999999595806003
-1.8399974376961926e-06,0.00015999999595806003
-1.835997437365231e-06,0.00015999999595806003
-1.8319974370342696e-06,0.00015999999595806003
-1.8279974367033081e-06,0.00019999999494757503
-1.8239974363723466e-06,0.00015999999595806003
-1.8199974360413851e-06,0.00015999999595806003
-1.8159974357104237e-06,0.00015999999595806003
-1.8119974353794622e-06,0.00015999999595806003
-1.8079974350485007e-06,0.00011999999696854502
-1.8039974347175392e-06,0.00015999999595806003
-1.7999974343865777e-06,0.00015999999595806003
-1.7959974340556162e-06,0.00015999999595806003
-1.7919974337246548e-06,0.00015999999595806003
-1.7879974333936933e-06,0.00019999999494757503
-1.7839974330627318e-06,0.00015999999595806003
-1.7799974327317703e-06,0.00019999999494757503
-1.7759974324008088e-06,0.00015999999595806003
-1.7719974320698473e-06,0.00015999999595806003
-1.7679974317388858e-06,0.00015999999595806003
-1.7639974314079244e-06,0.00015999999595806003
-1.7599974310769629e-06,0.00015999999595806003
-1.7559974307460014e-06,0.00015999999595806003
-1.75199743041504e-06,0.00015999999595806003
-1.7479974300840784e-06,0.00015999999595806003
-1.743997429753117e-06,0.00015999999595806003
-1.7399974294221555e-06,0.00015999999595806003
-1.735997429091194e-06,0.00015999999595806003
-1.7319974287602325e-06,0.00015999999595806003
-1.727997428429271e-06,0.00011999999696854502
-1.7239974280983095e-06,0.00015999999595806003
-1.719997427767348e-06,0.00011999999696854502
-1.7159974274363866e-06,0.00015999999595806003
-1.711997427105425e-06,0.00015999999595806003
-1.7079974267744636e-06,0.00019999999494757503
-1.703997426443502e-06,0.00015999999595806003
-1.6999974261125406e-06,0.00015999999595806003
-1.6959974257815791e-06,0.00015999999595806003
-1.6919974254506177e-06,0.00015999999595806003
-1.6879974251196562e-06,0.00015999999595806003
-1.6839974247886947e-06,0.00015999999595806003
-1.6799974244577332e-06,0.00011999999696854502
-1.6759974241267717e-06,0.00015999999595806003
-1.6719974237958102e-06,0.00015999999595806003
-1.6679974234648487e-06,0.00015999999595806003
-1.6639974231338873e-06,0.00015999999595806003
-1.6599974228029258e-06,0.00019999999494757503
-1.6559974224719643e-06,0.00015999999595806003
-1.6519974221410028e-06,0.00015999999595806003
-1.6479974218100413e-06,0.00015999999595806003
-1.6439974214790798e-06,0.00015999999595806003
-1.6399974211481184e-06,0.00015999999595806003
-1.6359974208171569e-06,0.00015999999595806003
-1.6319974204861954e-06,0.00015999999595806003
-1.627997420155234e-06,0.00015999999595806003
-1.6239974198242724e-06,0.00015999999595806003
-1.619997419493311e-06,0.00015999999595806003
-1.6159974191623495e-06,0.00015999999595806003
-1.611997418831388e-06,0.00019999999494757503
-1.6079974185004265e-06,0.00015999999595806003
-1.603997418169465e-06,0.00019999999494757503
-1.5999974178385035e-06,0.00015999999595806003
-1.595997417507542e-06,0.00015999999595806003
-1.5919974171765806e-06,0.00015999999595806003
-1.587997416845619e-06,0.00019999999494757503
-1.5839974165146576e-06,0.00015999999595806003
-1.579997416183696e-06,0.00015999999595806003
-1.5759974158527346e-06,0.00011999999696854502
-1.5719974155217731e-06,0.00015999999595806003
-1.5679974151908116e-06,0.00011999999696854502
-1.5639974148598502e-06,0.00015999999595806003
-1.5599974145288887e-06,0.00011999999696854502
-1.5559974141979272e-06,0.00015999999595806003
-1.5519974138669657e-06,0.00011999999696854502
-1.5479974135360042e-06,0.00015999999595806003
-1.5439974132050427e-06,0.00015999999595806003
-1.5399974128740813e-06,0.00015999999595806003
-1.5359974125431198e-06,0.00015999999595806003
-1.5319974122121583e-06,0.00019999999494757503
-1.5279974118811968e-06,0.00015999999595806003
-1.5239974115502353e-06,0.00015999999595806003
-1.5199974112192738e-06,0.00015999999595806003
-1.5159974108883124e-06,0.00015999999595806003
-1.5119974105573509e-06,0.00015999999595806003
-1.5079974102263894e-06,0.00015999999595806003
-1.503997409895428e-06,0.00015999999595806003
-1.4999974095644664e-06,0.00015999999595806003
-1.495997409233505e-06,0.00015999999595806003
-1.4919974089025435e-06,0.00015999999595806003
-1.487997408571582e-06,0.00011999999696854502
-1.4839974082406205e-06,0.00015999999595806003
-1.479997407909659e-06,0.00015999999595806003
-1.4759974075786975e-06,0.00015999999595806003
-1.471997407247736e-06,0.00015999999595806003
-1.4679974069167745e-06,0.00015999999595806003
-1.463997406585813e-06,0.00015999999595806003
-1.4599974062548516e-06,0.00019999999494757503
-1.45599740592389e-06,0.00015999999595806003
-1.4519974055929286e-06,0.00015999999595806003
-1.4479974052619671e-06,0.00015999999595806003
-1.4439974049310056e-06,0.00015999999595806003
-1.4399974046000442e-06,0.00015999999595806003
-1.4359974042690827e-06,0.00015999999595806003
-1.4319974039381212e-06,0.00015999999595806003
-1.4279974036071597e-06,0.00015999999595806003
-1.4239974032761982e-06,0.00015999999595806003
-1.4199974029452367e-06,0.00015999999595806003
-1.4159974026142753e-06,0.00015999999595806003
-1.4119974022833138e-06,0.00019999999494757503
-1.4079974019523523e-06,0.00015999999595806003
-1.4039974016213908e-06,0.00015999999595806003
-1.3999974012904293e-06,0.00015999999595806003
-1.3959974009594678e-06,0.00015999999595806003
-1.3919974006285064e-06,0.00015999999595806003
-1.3879974002975449e-06,0.00015999999595806003
-1.3839973999665834e-06,0.00015999999595806003
-1.379997399635622e-06,0.00019999999494757503
-1.3759973993046604e-06,0.00011999999696854502
-1.371997398973699e-06,0.00015999999595806003
-1.3679973986427374e-06,0.00011999999696854502
-1.363997398311776e-06,0.00015999999595806003
-1.3599973979808145e-06,0.00011999999696854502
-1.355997397649853e-06,0.00015999999595806003
-1.3519973973188915e-06,0.00015999999595806003
-1.34799739698793e-06,0.00015999999595806003
-1.3439973966569685e-06,0.00015999999595806003
-1.339997396326007e-06,0.00019999999494757503
-1.3359973959950456e-06,0.00015999999595806003
-1.331997395664084e-06,0.00015999999595806003
-1.3279973953331226e-06,0.00015999999595806003
-1.3239973950021611e-06,0.00015999999595806003
-1.3199973946711996e-06,0.00015999999595806003
-1.3159973943402382e-06,0.00015999999595806003
-1.3119973940092767e-06,0.00015999999595806003
-1.3079973936783152e-06,0.00015999999595806003
-1.3039973933473537e-06,0.00015999999595806003
-1.2999973930163922e-06,0.00015999999595806003
-1.2959973926854307e-06,0.00015999999595806003
-1.2919973923544693e-06,0.00019999999494757503
-1.2879973920235078e-06,0.00015999999595806003
-1.2839973916925463e-06,0.00015999999595806003
-1.2799973913615848e-06,0.00015999999595806003
-1.2759973910306233e-06,0.00015999999595806003
-1.2719973906996618e-06,0.00015999999595806003
-1.2679973903687003e-06,0.00015999999595806003
-1.2639973900377389e-06,0.00011999999696854502
-1.2599973897067774e-06,0.00015999999595806003
-1.255997389375816e-06,0.00015999999595806003
-1.2519973890448544e-06,0.00015999999595806003
-1.247997388713893e-06,0.00015999999595806003
-1.2439973883829314e-06,0.00015999999595806003
-1.23999738805197e-06,0.00015999999595806003
-1.2359973877210085e-06,0.00015999999595806003
-1.231997387390047e-06,0.00015999999595806003
-1.2279973870590855e-06,0.00015999999595806003
-1.223997386728124e-06,0.00015999999595806003
-1.2199973863971625e-06,0.00019999999494757503
-1.215997386066201e-06,0.00015999999595806003
-1.2119973857352396e-06,0.00019999999494757503
-1.207997385404278e-06,0.00015999999595806003
-1.2039973850733166e-06,0.00015999999595806003
-1.1999973847423551e-06,0.00015999999595806003
-1.1959973844113936e-06,0.00015999999595806003
-1.1919973840804322e-06,0.00011999999696854502
-1.1879973837494707e-06,0.00015999999595806003
-1.1839973834185092e-06,0.00015999999595806003
-1.1799973830875477e-06,0.00015999999595806003
-1.1759973827565862e-06,0.00011999999696854502
-1.1719973824256247e-06,0.00015999999595806003
-1.1679973820946632e-06,0.00015999999595806003
-1.1639973817637018e-06,0.00015999999595806003
-1.1599973814327403e-06,0.00015999999595806003
-1.1559973811017788e-06,0.00015999999595806003
-1.1519973807708173e-06,0.00015999999595806003
-1.1479973804398558e-06,0.00015999999595806003
-1.1439973801088943e-06,0.00015999999595806003
-1.1399973797779329e-06,0.00015999999595806003
-1.1359973794469714e-06,0.00015999999595806003
-1.1319973791160099e-06,0.00019999999494757503
-1.1279973787850484e-06,0.00015999999595806003
-1.123997378454087e-06,0.00015999999595806003
-1.1199973781231254e-06,0.00015999999595806003
-1.115997377792164e-06,0.00015999999595806003
-1.1119973774612025e-06,0.00015999999595806003
-1.107997377130241e-06,0.00015999999595806003
-1.1039973767992795e-06,0.00015999999595806003
-1.099997376468318e-06,0.00015999999595806003
-1.0959973761373565e-06,0.00015999999595806003
-1.091997375806395e-06,0.00015999999595806003
-1.0879973754754336e-06,0.00011999999696854502
-1.083997375144472e-06,0.00015999999595806003
-1.0799973748135106e-06,0.00011999999696854502
-1.0759973744825491e-06,0.00015999999595806003
-1.0719973741515876e-06,0.00015999999595806003
-1.0679973738206261e-06,0.00015999999595806003
-1.0639973734896647e-06,0.00015999999595806003
-1.0599973731587032e-06,0.00015999999595806003
-1.0559973728277417e-06,0.00015999999595806003
-1.0519973724967802e-06,0.00019999999494757503
-1.0479973721658187e-06,0.00015999999595806003
-1.0439973718348572e-06,0.00019999999494757503
-1.0399973715038958e-06,0.00015999999595806003
-1.0359973711729343e-06,0.00015999999595806003
-1.0319973708419728e-06,0.00015999999595806003
-1.0279973705110113e-06,0.00015999999595806003
-1.0239973701800498e-06,0.00011999999696854502
-1.0199973698490883e-06,0.00015999999595806003
-1.0159973695181269e-06,0.00015999999595806003
-1.0119973691871654e-06,0.00015999999595806003
-1.0079973688562039e-06,0.00015999999595806003
-1.0039973685252424e-06,0.00015999999595806003
-9.99997368194281e-07,0.00011999999696854502
-9.959973678633194e-07,0.00015999999595806003
-9.91997367532358e-07,0.00015999999595806003
-9.879973672013965e-07,0.00015999999595806003
-9.83997366870435e-07,0.00015999999595806003
-9.799973665394735e-07,0.00015999999595806003
-9.75997366208512e-07,0.00015999999595806003
-9.719973658775505e-07,0.00015999999595806003
-9.67997365546589e-07,0.00015999999595806003
-9.639973652156276e-07,0.00019999999494757503
-9.59997364884666e-07,0.00015999999595806003
-9.559973645537046e-07,0.00015999999595806003
-9.519973642227431e-07,0.00015999999595806003
-9.479973638917816e-07,0.00015999999595806003
-9.439973635608201e-07,0.00015999999595806003
-9.399973632298587e-07,0.00015999999595806003
-9.359973628988972e-07,0.00015999999595806003
-9.319973625679357e-07,0.00015999999595806003
-9.279973622369742e-07,0.00015999999595806003
-9.239973619060127e-07,0.00015999999595806003
-9.199973615750512e-07,0.00015999999595806003
-9.159973612440898e-07,0.00015999999595806003
-9.119973609131283e-07,0.00015999999595806003
-9.079973605821668e-07,0.00015999999595806003
-9.039973602512053e-07,0.00015999999595806003
-8.999973599202438e-07,0.00015999999595806003
-8.959973595892823e-07,0.00015999999595806003
-8.919973592583209e-07,0.00015999999595806003
-8.879973589273594e-07,0.00015999999595806003
-8.839973585963979e-07,0.00015999999595806003
-8.799973582654364e-07,0.00015999999595806003
-8.759973579344749e-07,0.00015999999595806003
-8.719973576035134e-07,0.00015999999595806003
-8.679973572725519e-07,0.00015999999595806003
-8.639973569415905e-07,0.00011999999696854502
-8.59997356610629e-07,0.00015999999595806003
-8.559973562796675e-07,0.00015999999595806003
-8.51997355948706e-07,0.00019999999494757503
-8.479973556177445e-07,0.00015999999595806003
-8.43997355286783e-07,0.00015999999595806003
-8.399973549558216e-07,0.00015999999595806003
-8.359973546248601e-07,0.00015999999595806003
-8.319973542938986e-07,0.00015999999595806003
-8.279973539629371e-07,0.00015999999595806003
-8.239973536319756e-07,0.00015999999595806003
-8.199973533010141e-07,0.00015999999595806003
-8.159973529700527e-07,0.00015999999595806003
-8.119973526390912e-07,0.00015999999595806003
-8.079973523081297e-07,0.00015999999595806003
-8.039973519771682e-07,0.00015999999595806003
-7.999973516462067e-07,0.00015999999595806003
-7.959973513152452e-07,0.00015999999595806003
-7.919973509842838e-07,0.00015999999595806003
-7.879973506533223e-07,0.00015999999595806003
-7.839973503223608e-07,0.00015999999595806003
-7.799973499913993e-07,0.00015999999595806003
-7.759973496604378e-07,0.00015999999595806003
-7.719973493294763e-07,0.00019999999494757503
-7.679973489985148e-07,0.00015999999595806003
-7.639973486675534e-07,0.00015999999595806003
-7.599973483365919e-07,0.00015999999595806003
-7.559973480056304e-07,0.00015999999595806003
-7.519973476746689e-07,0.00015999999595806003
-7.479973473437074e-07,0.00015999999595806003
-7.439973470127459e-07,0.00015999999595806003
-7.399973466817845e-07,0.00015999999595806003
-7.35997346350823e-07,0.00015999999595806003
-7.319973460198615e-07,0.00019999999494757503
-7.279973456889e-07,0.00015999999595806003
-7.239973453579385e-07,0.00019999999494757503
-7.19997345026977e-07,0.00015999999595806003
-7.159973446960156e-07,0.00015999999595806003
-7.119973443650541e-07,0.00015999999595806003
-7.079973440340926e-07,0.00015999999595806003
-7.039973437031311e-07,0.00015999999595806003
-6.999973433721696e-07,0.00015999999595806003
-6.959973430412081e-07,0.00015999999595806003
-6.919973427102467e-07,0.00015999999595806003
-6.879973423792852e-07,0.00011999999696854502
-6.839973420483237e-07,0.00015999999595806003
-6.799973417173622e-07,0.00015999999595806003
-6.759973413864007e-07,0.00015999999595806003
-6.719973410554392e-07,0.00015999999595806003
-6.679973407244777e-07,0.00015999999595806003
-6.639973403935163e-07,0.00015999999595806003
-6.599973400625548e-07,0.00015999999595806003
-6.559973397315933e-07,0.00015999999595806003
-6.519973394006318e-07,0.00019999999494757503
-6.479973390696703e-07,0.00015999999595806003
-6.439973387387088e-07,0.00019999999494757503
-6.399973384077474e-07,0.00015999999595806003
-6.359973380767859e-07,0.00015999999595806003
-6.319973377458244e-07,0.00015999999595806003
-6.279973374148629e-07,0.00015999999595806003
-6.239973370839014e-07,0.00015999999595806003
-6.199973367529399e-07,0.00015999999595806003
-6.159973364219785e-07,0.00015999999595806003
-6.11997336091017e-07,0.00015999999595806003
-6.079973357600555e-07,0.00015999999595806003
-6.03997335429094e-07,0.00015999999595806003
-5.999973350981325e-07,0.00015999999595806003
-5.95997334767171e-07,0.00015999999595806003
-5.919973344362096e-07,0.00015999999595806003
-5.879973341052481e-07,0.00015999999595806003
-5.839973337742866e-07,0.00015999999595806003
-5.799973334433251e-07,0.00019999999494757503
-5.759973331123636e-07,0.00015999999595806003
-5.719973327814021e-07,0.00015999999595806003
-5.679973324504406e-07,0.00015999999595806003
-5.639973321194792e-07,0.00019999999494757503
-5.599973317885177e-07,0.00015999999595806003
-5.559973314575562e-07,0.00019999999494757503
-5.519973311265947e-07,0.00015999999595806003
-5.479973307956332e-07,0.00015999999595806003
-5.439973304646717e-07,0.00011999999696854502
-5.399973301337103e-07,0.00015999999595806003
-5.359973298027488e-07,0.00015999999595806003
-5.319973294717873e-07,0.00015999999595806003
-5.279973291408258e-07,0.00015999999595806003
-5.239973288098643e-07,0.00019999999494757503
-5.199973284789028e-07,0.00015999999595806003
-5.159973281479414e-07,0.00015999999595806003
-5.119973278169799e-07,0.00015999999595806003
-5.079973274860184e-07,0.00015999999595806003
-5.039973271550569e-07,0.00015999999595806003
-4.999973268240954e-07,0.00015999999595806003
-4.959973264931339e-07,0.00015999999595806003
-4.919973261621725e-07,0.00015999999595806003
-4.87997325831211e-07,0.00015999999595806003
-4.839973255002495e-07,0.00015999999595806003
-4.79997325169288e-07,0.00015999999595806003
-4.759973248383265e-07,0.00015999999595806003
-4.7199732450736503e-07,0.00015999999595806003
-4.6799732417640355e-07,0.00015999999595806003
-4.6399732384544206e-07,0.00015999999595806003
-4.599973235144806e-07,0.00015999999595806003
-4.559973231835191e-07,0.00015999999595806003
-4.519973228525576e-07,0.00015999999595806003
-4.4799732252159613e-07,0.00015999999595806003
-4.4399732219063464e-07,0.00015999999595806003
-4.3999732185967316e-07,0.00015999999595806003
-4.359973215287117e-07,0.00015999999595806003
-4.319973211977502e-07,0.00015999999595806003
-4.279973208667887e-07,0.00015999999595806003
-4.239973205358272e-07,0.00015999999595806003
-4.1999732020486574e-07,0.00015999999595806003
-4.1599731987390426e-07,0.00015999999595806003
-4.1199731954294277e-07,0.00015999999595806003
-4.079973192119813e-07,0.00015999999595806003
-4.039973188810198e-07,0.00015999999595806003
-3.999973185500583e-07,0.00015999999595806003
-3.9599731821909684e-07,0.00015999999595806003
-3.9199731788813535e-07,0.00015999999595806003
-3.8799731755717387e-07,0.00015999999595806003
-3.839973172262124e-07,0.00015999999595806003
-3.799973168952509e-07,0.00015999999595806003
-3.759973165642894e-07,0.00015999999595806003
-3.7199731623332793e-07,0.00015999999595806003
-3.6799731590236645e-07,0.00015999999595806003
-3.6399731557140496e-07,0.00015999999595806003
-3.599973152404435e-07,0.00015999999595806003
-3.55997314909482e-07,0.00015999999595806003
-3.519973145785205e-07,0.00015999999595806003
-3.4799731424755903e-07,0.00015999999595806003
-3.4399731391659754e-07,0.00015999999595806003
-3.3999731358563606e-07,0.00015999999595806003
-3.359973132546746e-07,0.00015999999595806003
-3.319973129237131e-07,0.00015999999595806003
-3.279973125927516e-07,0.00015999999595806003
-3.239973122617901e-07,0.00019999999494757503
-3.1999731193082864e-07,0.00015999999595806003
-3.1599731159986716e-07,0.00019999999494757503
-3.1199731126890567e-07,0.00015999999595806003
-3.079973109379442e-07,0.00015999999595806003
-3.039973106069827e-07,0.00015999999595806003
-2.999973102760212e-07,0.00015999999595806003
-2.9599730994505974e-07,0.00015999999595806003
-2.9199730961409825e-07,0.00019999999494757503
-2.8799730928313677e-07,0.00015999999595806003
-2.839973089521753e-07,0.00019999999494757503
-2.799973086212138e-07,0.00015999999595806003
-2.759973082902523e-07,0.00015999999595806003
-2.7199730795929083e-07,0.00015999999595806003
-2.6799730762832935e-07,0.00015999999595806003
-2.6399730729736786e-07,0.00015999999595806003
-2.599973069664064e-07,0.00015999999595806003
-2.559973066354449e-07,0.00015999999595806003
-2.519973063044834e-07,0.00015999999595806003
-2.4799730597352193e-07,0.00015999999595806003
-2.4399730564256044e-07,0.00019999999494757503
-2.3999730531159896e-07,0.00015999999595806003
-2.3599730498063748e-07,0.00015999999595806003
-2.31997304649676e-07,0.00015999999595806003
-2.279973043187145e-07,0.00015999999595806003
-2.2399730398775302e-07,0.00015999999595806003
-2.1999730365679154e-07,0.00015999999595806003
-2.1599730332583006e-07,0.00011999999696854502
-2.1199730299486857e-07,0.00015999999595806003
-2.079973026639071e-07,0.00015999999595806003
-2.039973023329456e-07,0.00015999999595806003
-1.9999730200198412e-07,0.00015999999595806003
-1.9599730167102264e-07,0.00015999999595806003
-1.9199730134006115e-07,0.00011999999696854502
-1.8799730100909967e-07,0.00015999999595806003
-1.8399730067813818e-07,0.00015999999595806003
-1.799973003471767e-07,0.00015999999595806003
-1.7599730001621522e-07,0.00015999999595806003
-1.7199729968525373e-07,0.00015999999595806003
-1.6799729935429225e-07,0.00015999999595806003
-1.6399729902333076e-07,0.00019999999494757503
-1.5999729869236928e-07,0.00015999999595806003
-1.559972983614078e-07,0.00015999999595806003
-1.519972980304463e-07,0.00015999999595806003
-1.4799729769948483e-07,0.00015999999595806003
-1.4399729736852334e-07,0.00015999999595806003
-1.3999729703756186e-07,0.00015999999595806003
-1.3599729670660038e-07,0.00011999999696854502
-1.319972963756389e-07,0.00015999999595806003
-1.279972960446774e-07,0.00015999999595806003
-1.2399729571371592e-07,0.00015999999595806003
-1.1999729538275444e-07,0.00015999999595806003
-1.1599729505179296e-07,0.00019999999494757503
-1.1199729472083147e-07,0.00015999999595806003
-1.0799729438986999e-07,0.00015999999595806003
-1.039972940589085e-07,0.00015999999595806003
-9.999729372794702e-08,0.00015999999595806003
-9.599729339698554e-08,0.00015999999595806003
-9.199729306602405e-08,0.00015999999595806003
-8.799729273506257e-08,0.00015999999595806003
-8.399729240410108e-08,0.00015999999595806003
-7.99972920731396e-08,0.00015999999595806003
-7.599729174217812e-08,0.00015999999595806003
-7.199729141121663e-08,0.00015999999595806003
-6.799729108025515e-08,0.00019999999494757503
-6.399729074929366e-08,0.00015999999595806003
-5.999729041833218e-08,0.00019999999494757503
-5.5997290087370696e-08,0.00015999999595806003
-5.199728975640921e-08,0.00015999999595806003
-4.799728942544773e-08,0.00015999999595806003
-4.3997289094486244e-08,0.00015999999595806003
-3.999728876352476e-08,0.00015999999595806003
-3.5997288432563276e-08,0.00015999999595806003
-3.199728810160179e-08,0.00015999999595806003
-2.7997287770640308e-08,0.00015999999595806003
-2.3997287439678824e-08,0.00015999999595806003
-1.999728710871734e-08,0.00015999999595806003
-1.5997286777755856e-08,0.00015999999595806003
-1.1997286446794372e-08,0.00015999999595806003
-7.997286115832888e-09,0.00015999999595806003
-3.997285784871404e-09,0.00015999999595806003
2.7145460900802887e-12,0.00015999999595806003
4.002714877051564e-09,0.00015999999595806003
8.002715208013048e-09,0.00015999999595806003
1.2002715538974532e-08,0.00015999999595806003
1.6002715869936016e-08,0.00015999999595806003
2.00027162008975e-08,0.00015999999595806003
2.4002716531858984e-08,0.00015999999595806003
2.8002716862820468e-08,0.00015999999595806003
3.200271719378195e-08,0.00015999999595806003
3.6002717524743436e-08,0.00019999999494757503
4.000271785570492e-08,0.00015999999595806003
4.4002718186666404e-08,0.00019999999494757503
4.800271851762789e-08,0.00019999999494757503
5.200271884858937e-08,0.00019999999494757503
5.6002719179550856e-08,0.00015999999595806003
6.000271951051234e-08,0.00019999999494757503
6.400271984147382e-08,0.00015999999595806003
6.800272017243531e-08,0.00015999999595806003
7.200272050339679e-08,0.00011999999696854502
7.600272083435828e-08,0.00015999999595806003
8.000272116531976e-08,0.00015999999595806003
8.400272149628124e-08,0.00019999999494757503
8.800272182724273e-08,0.00015999999595806003
9.200272215820421e-08,0.00015999999595806003
9.60027224891657e-08,0.00015999999595806003
1.0000272282012718e-07,0.00019999999494757503
1.0400272315108866e-07,0.00015999999595806003
1.0800272348205015e-07,0.00015999999595806003
1.1200272381301163e-07,0.00011999999696854502
1.1600272414397312e-07,0.00015999999595806003
1.200027244749346e-07,0.00011999999696854502
1.2400272480589608e-07,0.00015999999595806003
1.2800272513685757e-07,0.00015999999595806003
1.3200272546781905e-07,0.00015999999595806003
1.3600272579878054e-07,0.00015999999595806003
1.4000272612974202e-07,0.00015999999595806003
1.440027264607035e-07,0.00015999999595806003
1.48002726791665e-07,0.00015999999595806003
1.5200272712262647e-07,0.00015999999595806003
1.5600272745358796e-07,0.00015999999595806003
1.6000272778454944e-07,0.00015999999595806003
1.6400272811551092e-07,0.00019999999494757503
1.680027284464724e-07,0.00015999999595806003
1.720027287774339e-07,0.00019999999494757503
1.7600272910839538e-07,0.00015999999595806003
1.8000272943935686e-07,0.00015999999595806003
1.8400272977031834e-07,0.00015999999595806003
1.8800273010127983e-07,0.00015999999595806003
1.920027304322413e-07,0.00015999999595806003
1.960027307632028e-07,0.00015999999595806003
2.0000273109416428e-07,0.00015999999595806003
2.0400273142512576e-07,0.00015999999595806003
2.0800273175608725e-07,0.00015999999595806003
2.1200273208704873e-07,0.00019999999494757503
2.1600273241801022e-07,0.00015999999595806003
2.200027327489717e-07,0.00019999999494757503
2.2400273307993318e-07,0.00015999999595806003
2.2800273341089467e-07,0.00015999999595806003
2.3200273374185615e-07,0.00015999999595806003
2.3600273407281764e-07,0.00015999999595806003
2.400027344037791e-07,0.00015999999595806003
2.440027347347406e-07,0.00015999999595806003
2.480027350657021e-07,0.00015999999595806003
2.5200273539666357e-07,0.00015999999595806003
2.5600273572762506e-07,0.00015999999595806003
2.6000273605858654e-07,0.00015999999595806003
2.64002736389548e-07,0.00015999999595806003
2.680027367205095e-07,0.00015999999595806003
2.72002737051471e-07,0.00015999999595806003
2.760027373824325e-07,0.00019999999494757503
2.8000273771339396e-07,0.00015999999595806003
2.8400273804435544e-07,0.00015999999595806003
2.8800273837531693e-07,0.00015999999595806003
2.920027387062784e-07,0.00019999999494757503
2.960027390372399e-07,0.00015999999595806003
3.000027393682014e-07,0.00015999999595806003
3.0400273969916286e-07,0.00015999999595806003
3.0800274003012435e-07,0.00015999999595806003
3.1200274036108583e-07,0.00015999999595806003
3.160027406920473e-07,0.00015999999595806003
3.200027410230088e-07,0.00015999999595806003
3.240027413539703e-07,0.00015999999595806003
3.2800274168493177e-07,0.00015999999595806003
3.3200274201589325e-07,0.00019999999494757503
3.3600274234685474e-07,0.00015999999595806003
3.400027426778162e-07,0.00015999999595806003
3.440027430087777e-07,0.00015999999595806003
3.480027433397392e-07,0.00015999999595806003
3.5200274367070067e-07,0.00015999999595806003
3.5600274400166216e-07,0.00015999999595806003
3.6000274433262364e-07,0.00015999999595806003
3.640027446635851e-07,0.00015999999595806003
3.680027449945466e-07,0.00015999999595806003
3.720027453255081e-07,0.00015999999595806003
3.760027456564696e-07,0.00011999999696854502
3.8000274598743106e-07,0.00015999999595806003
3.8400274631839254e-07,0.00015999999595806003
3.8800274664935403e-07,0.00019999999494757503
3.920027469803155e-07,0.00015999999595806003
3.96002747311277e-07,0.00015999999595806003
4.000027476422385e-07,0.00015999999595806003
4.0400274797319996e-07,0.00015999999595806003
4.0800274830416145e-07,0.00015999999595806003
4.1200274863512293e-07,0.00015999999595806003
4.160027489660844e-07,0.00015999999595806003
4.200027492970459e-07,0.00015999999595806003
4.240027496280074e-07,0.00015999999595806003
4.2800274995896887e-07,0.00015999999595806003
4.3200275028993035e-07,0.00015999999595806003
4.3600275062089184e-07,0.00015999999595806003
4.400027509518533e-07,0.00015999999595806003
4.440027512828148e-07,0.00015999999595806003
4.480027516137763e-07,0.00015999999595806003
4.5200275194473777e-07,0.00019999999494757503
4.5600275227569926e-07,0.00015999999595806003
4.6000275260666074e-07,0.00019999999494757503
4.640027529376222e-07,0.00015999999595806003
4.680027532685837e-07,0.00015999999595806003
4.720027535995452e-07,0.00015999999595806003
4.760027539305067e-07,0.00015999999595806003
4.800027542614682e-07,0.00015999999595806003
4.840027545924296e-07,0.00015999999595806003
4.880027549233911e-07,0.00015999999595806003
4.920027552543526e-07,0.00015999999595806003
4.960027555853141e-07,0.00015999999595806003
5.000027559162756e-07,0.00019999999494757503
5.040027562472371e-07,0.00015999999595806003
5.080027565781985e-07,0.00015999999595806003
5.1200275690916e-07,0.00015999999595806003
5.160027572401215e-07,0.00015999999595806003
5.20002757571083e-07,0.00015999999595806003
5.240027579020445e-07,0.00015999999595806003
5.28002758233006e-07,0.00015999999595806003
5.320027585639675e-07,0.00015999999595806003
5.360027588949289e-07,0.00015999999595806003
5.400027592258904e-07,0.00015999999595806003
5.440027595568519e-07,0.00015999999595806003
5.480027598878134e-07,0.00015999999595806003
5.520027602187749e-07,0.00015999999595806003
5.560027605497364e-07,0.00015999999595806003
5.600027608806978e-07,0.00015999999595806003
5.640027612116593e-07,0.00019999999494757503
5.680027615426208e-07,0.00015999999595806003
5.720027618735823e-07,0.00019999999494757503
5.760027622045438e-07,0.00015999999595806003
5.800027625355053e-07,0.00015999999595806003
5.840027628664667e-07,0.00011999999696854502
5.880027631974282e-07,0.00011999999696854502
5.920027635283897e-07,0.00011999999696854502
5.960027638593512e-07,0.00015999999595806003
6.000027641903127e-07,0.00011999999696854502
6.040027645212742e-07,0.00015999999595806003
6.080027648522356e-07,0.00015999999595806003
6.120027651831971e-07,0.00019999999494757503
6.160027655141586e-07,0.00015999999595806003
6.200027658451201e-07,0.00019999999494757503
6.240027661760816e-07,0.00015999999595806003
6.280027665070431e-07,0.00015999999595806003
6.320027668380046e-07,0.00015999999595806003
6.36002767168966e-07,0.00015999999595806003
6.400027674999275e-07,0.00015999999595806003
6.44002767830889e-07,0.00015999999595806003
6.480027681618505e-07,0.00015999999595806003
6.52002768492812e-07,0.00015999999595806003
6.560027688237735e-07,0.00015999999595806003
6.600027691547349e-07,0.00015999999595806003
6.640027694856964e-07,0.00015999999595806003
6.680027698166579e-07,0.00015999999595806003
6.720027701476194e-07,0.00015999999595806003
6.760027704785809e-07,0.00015999999595806003
6.800027708095424e-07,0.00015999999595806003
6.840027711405038e-07,0.00019999999494757503
6.880027714714653e-07,0.00015999999595806003
6.920027718024268e-07,0.00019999999494757503
6.960027721333883e-07,0.00015999999595806003
7.000027724643498e-07,0.00019999999494757503
7.040027727953113e-07,0.00015999999595806003
7.080027731262727e-07,0.00015999999595806003
7.120027734572342e-07,0.00011999999696854502
7.160027737881957e-07,0.00015999999595806003
7.200027741191572e-07,0.00011999999696854502
7.240027744501187e-07,0.00015999999595806003
7.280027747810802e-07,0.00015999999595806003
7.320027751120417e-07,0.00015999999595806003
7.360027754430031e-07,0.00015999999595806003
7.400027757739646e-07,0.00015999999595806003
7.440027761049261e-07,0.00015999999595806003
7.480027764358876e-07,0.00015999999595806003
7.520027767668491e-07,0.00015999999595806003
7.560027770978106e-07,0.00015999999595806003
7.60002777428772e-07,0.00015999999595806003
7.640027777597335e-07,0.00015999999595806003
7.68002778090695e-07,0.00015999999595806003
7.720027784216565e-07,0.00015999999595806003
7.76002778752618e-07,0.00015999999595806003
7.800027790835795e-07,0.00015999999595806003
7.840027794145409e-07,0.00011999999696854502
7.880027797455024e-07,0.00015999999595806003
7.920027800764639e-07,0.00015999999595806003
7.960027804074254e-07,0.00015999999595806003
8.000027807383869e-07,0.00011999999696854502
8.040027810693484e-07,0.00015999999595806003
8.080027814003098e-07,0.00015999999595806003
8.120027817312713e-07,0.00019999999494757503
8.160027820622328e-07,0.00015999999595806003
8.200027823931943e-07,0.00019999999494757503
8.240027827241558e-07,0.00019999999494757503
8.280027830551173e-07,0.00015999999595806003
8.320027833860788e-07,0.00015999999595806003
8.360027837170402e-07,0.00015999999595806003
8.400027840480017e-07,0.00015999999595806003
8.440027843789632e-07,0.00015999999595806003
8.480027847099247e-07,0.00015999999595806003
8.520027850408862e-07,0.00015999999595806003
8.560027853718477e-07,0.00011999999696854502
8.600027857028091e-07,0.00015999999595806003
8.640027860337706e-07,0.00015999999595806003
8.680027863647321e-07,0.00019999999494757503
8.720027866956936e-07,0.00015999999595806003
8.760027870266551e-07,0.00019999999494757503
8.800027873576166e-07,0.00015999999595806003
8.84002787688578e-07,0.00019999999494757503
8.880027880195395e-07,0.00015999999595806003
8.92002788350501e-07,0.00019999999494757503
8.960027886814625e-07,0.00019999999494757503
9.00002789012424e-07,0.00015999999595806003
9.040027893433855e-07,0.00015999999595806003
9.08002789674347e-07,0.00015999999595806003
9.120027900053084e-07,0.00011999999696854502
9.160027903362699e-07,0.00015999999595806003
9.200027906672314e-07,0.00015999999595806003
9.240027909981929e-07,0.00019999999494757503
9.280027913291544e-07,0.00015999999595806003
9.320027916601159e-07,0.00019999999494757503
9.360027919910773e-07,0.00019999999494757503
9.400027923220388e-07,0.00019999999494757503
9.440027926530003e-07,0.00019999999494757503
9.480027929839618e-07,0.00019999999494757503
9.520027933149233e-07,0.00015999999595806003
9.560027936458848e-07,0.00019999999494757503
9.600027939768462e-07,0.00015999999595806003
9.640027943078077e-07,0.00015999999595806003
9.680027946387692e-07,0.00015999999595806003
9.720027949697307e-07,0.00015999999595806003
9.760027953006922e-07,0.00015999999595806003
9.800027956316537e-07,0.00015999999595806003
9.840027959626151e-07,0.00015999999595806003
9.880027962935766e-07,0.00019999999494757503
9.920027966245381e-07,0.00015999999595806003
9.960027969554996e-07,0.00019999999494757503
1.000002797286461e-06,0.00019999999494757503
1.0040027976174226e-06,0.00019999999494757503
1.008002797948384e-06,0.00019999999494757503
1.0120027982793455e-06,0.00019999999494757503
1.016002798610307e-06,0.00015999999595806003
1.0200027989412685e-06,0.00015999999595806003
1.02400279927223e-06,0.00015999999595806003
1.0280027996031915e-06,0.00015999999595806003
1.032002799934153e-06,0.00011999999696854502
1.0360028002651144e-06,0.00015999999595806003
1.040002800596076e-06,0.00015999999595806003
1.0440028009270374e-06,0.00019999999494757503
1.0480028012579989e-06,0.00015999999595806003
1.0520028015889604e-06,0.00019999999494757503
1.0560028019199219e-06,0.00019999999494757503
1.0600028022508833e-06,0.00019999999494757503
1.0640028025818448e-06,0.00019999999494757503
1.0680028029128063e-06,0.00019999999494757503
1.0720028032437678e-06,0.00015999999595806003
1.0760028035747293e-06,0.00019999999494757503
1.0800028039056908e-06,0.00015999999595806003
1.0840028042366522e-06,0.00015999999595806003
1.0880028045676137e-06,0.00015999999595806003
1.0920028048985752e-06,0.00019999999494757503
1.0960028052295367e-06,0.00019999999494757503
1.1000028055604982e-06,0.00019999999494757503
1.1040028058914597e-06,0.00019999999494757503
1.1080028062224211e-06,0.00019999999494757503
1.1120028065533826e-06,0.00015999999595806003
1.1160028068843441e-06,0.00019999999494757503
1.1200028072153056e-06,0.00019999999494757503
1.124002807546267e-06,0.00019999999494757503
1.1280028078772286e-06,0.00019999999494757503
1.13200280820819e-06,0.00019999999494757503
1.1360028085391515e-06,0.00019999999494757503
1.140002808870113e-06,0.00019999999494757503
1.1440028092010745e-06,0.00019999999494757503
1.148002809532036e-06,0.00019999999494757503
1.1520028098629975e-06,0.00015999999595806003
1.156002810193959e-06,0.00019999999494757503
1.1600028105249204e-06,0.00015999999595806003
1.164002810855882e-06,0.00019999999494757503
1.1680028111868434e-06,0.00019999999494757503
1.1720028115178049e-06,0.00023999999393709004
1.1760028118487664e-06,0.00023999999393709004
1.1800028121797279e-06,0.00023999999393709004
1.1840028125106893e-06,0.00023999999393709004
1.1880028128416508e-06,0.00023999999393709004
1.1920028131726123e-06,0.00019999999494757503
1.1960028135035738e-06,0.00023999999393709004
1.2000028138345353e-06,0.00015999999595806003
1.2040028141654968e-06,0.00019999999494757503
1.2080028144964582e-06,0.00015999999595806003
1.2120028148274197e-06,0.00019999999494757503
1.2160028151583812e-06,0.00019999999494757503
1.2200028154893427e-06,0.00019999999494757503
1.2240028158203042e-06,0.00023999999393709004
1.2280028161512657e-06,0.00023999999393709004
1.2320028164822272e-06,0.00019999999494757503
1.2360028168131886e-06,0.00023999999393709004
1.2400028171441501e-06,0.00019999999494757503
1.2440028174751116e-06,0.00023999999393709004
1.248002817806073e-06,0.00019999999494757503
1.2520028181370346e-06,0.00019999999494757503
1.256002818467996e-06,0.00023999999393709004
1.2600028187989575e-06,0.00023999999393709004
1.264002819129919e-06,0.00023999999393709004
1.2680028194608805e-06,0.00023999999393709004
1.272002819791842e-06,0.00019999999494757503
1.2760028201228035e-06,0.00023999999393709004
1.280002820453765e-06,0.00019999999494757503
1.2840028207847264e-06,0.00023999999393709004
1.288002821115688e-06,0.00019999999494757503
1.2920028214466494e-06,0.00023999999393709004
1.296002821777611e-06,0.00023999999393709004
1.3000028221085724e-06,0.00023999999393709004
1.3040028224395339e-06,0.00023999999393709004
1.3080028227704953e-06,0.00023999999393709004
1.3120028231014568e-06,0.00023999999393709004
1.3160028234324183e-06,0.00027999999292660505
1.3200028237633798e-06,0.00023999999393709004
1.3240028240943413e-06,0.00023999999393709004
1.3280028244253028e-06,0.00023999999393709004
1.3320028247562643e-06,0.00023999999393709004
1.3360028250872257e-06,0.00023999999393709004
1.3400028254181872e-06,0.00023999999393709004
1.3440028257491487e-06,0.00023999999393709004
1.3480028260801102e-06,0.00023999999393709004
1.3520028264110717e-06,0.00023999999393709004
1.3560028267420332e-06,0.00027999999292660505
1.3600028270729946e-06,0.00023999999393709004
1.3640028274039561e-06,0.00027999999292660505
1.3680028277349176e-06,0.00023999999393709004
1.372002828065879e-06,0.00023999999393709004
1.3760028283968406e-06,0.00023999999393709004
1.380002828727802e-06,0.00023999999393709004
1.3840028290587635e-06,0.00023999999393709004
1.388002829389725e-06,0.00027999999292660505
1.3920028297206865e-06,0.00023999999393709004
1.396002830051648e-06,0.00027999999292660505
1.4000028303826095e-06,0.00023999999393709004
1.404002830713571e-06,0.00023999999393709004
1.4080028310445324e-06,0.00023999999393709004
1.412002831375494e-06,0.00023999999393709004
1.4160028317064554e-06,0.00027999999292660505
1.420002832037417e-06,0.00027999999292660505
1.4240028323683784e-06,0.00027999999292660505
1.4280028326993399e-06,0.00027999999292660505
1.4320028330303014e-06,0.00023999999393709004
1.4360028333612628e-06,0.00027999999292660505
1.4400028336922243e-06,0.00023999999393709004
1.4440028340231858e-06,0.00027999999292660505
1.4480028343541473e-06,0.00027999999292660505
1.4520028346851088e-06,0.00027999999292660505
1.4560028350160703e-06,0.00027999999292660505
1.4600028353470317e-06,0.00027999999292660505
1.4640028356779932e-06,0.00027999999292660505
1.4680028360089547e-06,0.00027999999292660505
1.4720028363399162e-06,0.00023999999393709004
1.4760028366708777e-06,0.00031999999191612005
1.4800028370018392e-06,0.00023999999393709004
1.4840028373328006e-06,0.00027999999292660505
1.4880028376637621e-06,0.00027999999292660505
1.4920028379947236e-06,0.00027999999292660505
1.496002838325685e-06,0.00027999999292660505
1.5000028386566466e-06,0.00027999999292660505
1.504002838987608e-06,0.00027999999292660505
1.5080028393185695e-06,0.00031999999191612005
1.512002839649531e-06,0.00027999999292660505
1.5160028399804925e-06,0.00031999999191612005
1.520002840311454e-06,0.00027999999292660505
1.5240028406424155e-06,0.00031999999191612005
1.528002840973377e-06,0.00027999999292660505
1.5320028413043385e-06,0.00027999999292660505
1.5360028416353e-06,0.00027999999292660505
1.5400028419662614e-06,0.00027999999292660505
1.544002842297223e-06,0.00027999999292660505
1.5480028426281844e-06,0.00031999999191612005
1.5520028429591459e-06,0.00031999999191612005
1.5560028432901074e-06,0.00035999999090563506
1.5600028436210688e-06,0.00027999999292660505
1.5640028439520303e-06,0.00031999999191612005
1.5680028442829918e-06,0.00027999999292660505
1.5720028446139533e-06,0.00031999999191612005
1.5760028449449148e-06,0.00031999999191612005
1.5800028452758763e-06,0.00031999999191612005
1.5840028456068377e-06,0.00031999999191612005
1.5880028459377992e-06,0.00031999999191612005
1.5920028462687607e-06,0.00027999999292660505
1.5960028465997222e-06,0.00035999999090563506
1.6000028469306837e-06,0.00027999999292660505
1.6040028472616452e-06,0.00031999999191612005
1.6080028475926066e-06,0.00031999999191612005
1.6120028479235681e-06,0.00031999999191612005
1.6160028482545296e-06,0.00031999999191612005
1.620002848585491e-06,0.00031999999191612005
1.6240028489164526e-06,0.00031999999191612005
1.628002849247414e-06,0.00035999999090563506
1.6320028495783756e-06,0.00031999999191612005
1.636002849909337e-06,0.00035999999090563506
1.6400028502402985e-06,0.00031999999191612005
1.64400285057126e-06,0.00035999999090563506
1.6480028509022215e-06,0.00031999999191612005
1.652002851233183e-06,0.00031999999191612005
1.6560028515641445e-06,0.00031999999191612005
1.660002851895106e-06,0.00035999999090563506
1.6640028522260674e-06,0.00035999999090563506
1.668002852557029e-06,0.00035999999090563506
1.6720028528879904e-06,0.00031999999191612005
1.6760028532189519e-06,0.00039999998989515007
1.6800028535499134e-06,0.00031999999191612005
1.6840028538808748e-06,0.00035999999090563506
1.6880028542118363e-06,0.00035999999090563506
1.6920028545427978e-06,0.00035999999090563506
1.6960028548737593e-06,0.00035999999090563506
1.7000028552047208e-06,0.00035999999090563506
1.7040028555356823e-06,0.00035999999090563506
1.7080028558666437e-06,0.00039999998989515007
1.7120028561976052e-06,0.00031999999191612005
1.7160028565285667e-06,0.00039999998989515007
1.7200028568595282e-06,0.00031999999191612005
1.7240028571904897e-06,0.00039999998989515007
1.7280028575214512e-06,0.00035999999090563506
1.7320028578524127e-06,0.00035999999090563506
1.7360028581833741e-06,0.00035999999090563506
1.7400028585143356e-06,0.00035999999090563506
1.744002858845297e-06,0.00035999999090563506
1.7480028591762586e-06,0.00039999998989515007
1.75200285950722e-06,0.00035999999090563506
1.7560028598381816e-06,0.00043999998888466507
1.760002860169143e-06,0.00035999999090563506
1.7640028605001045e-06,0.00039999998989515007
1.768002860831066e-06,0.00039999998989515007
1.7720028611620275e-06,0.00039999998989515007
1.776002861492989e-06,0.00039999998989515007
1.7800028618239505e-06,0.00039999998989515007
1.784002862154912e-06,0.00039999998989515007
1.7880028624858734e-06,0.00039999998989515007
1.792002862816835e-06,0.00039999998989515007
1.7960028631477964e-06,0.00043999998888466507
1.8000028634787579e-06,0.00035999999090563506
1.8040028638097194e-06,0.00043999998888466507
1.8080028641406808e-06,0.00039999998989515007
1.8120028644716423e-06,0.00039999998989515007
1.8160028648026038e-06,0.00039999998989515007
1.8200028651335653e-06,0.00039999998989515007
1.8240028654645268e-06,0.00039999998989515007
1.8280028657954883e-06,0.00043999998888466507
1.8320028661264498e-06,0.00039999998989515007
1.8360028664574112e-06,0.00043999998888466507
1.8400028667883727e-06,0.00039999998989515007
1.8440028671193342e-06,0.00043999998888466507
1.8480028674502957e-06,0.00039999998989515007
1.8520028677812572e-06,0.00043999998888466507
1.8560028681122187e-06,0.00043999998888466507
1.8600028684431801e-06,0.00043999998888466507
1.8640028687741416e-06,0.00039999998989515007
1.8680028691051031e-06,0.00043999998888466507
1.8720028694360646e-06,0.00039999998989515007
1.876002869767026e-06,0.0004799999878741801
1.8800028700979876e-06,0.00039999998989515007
1.884002870428949e-06,0.00043999998888466507
1.8880028707599105e-06,0.00039999998989515007
1.892002871090872e-06,0.00043999998888466507
1.8960028714218335e-06,0.00043999998888466507
1.900002871752795e-06,0.00043999998888466507
1.9040028720837565e-06,0.00043999998888466507
1.908002872414718e-06,0.0004799999878741801
1.9120028727456794e-06,0.00043999998888466507
1.916002873076641e-06,0.0005199999868636951
1.9200028734076024e-06,0.00039999998989515007
1.924002873738564e-06,0.0004799999878741801
1.9280028740695254e-06,0.00043999998888466507
1.932002874400487e-06,0.00043999998888466507
1.9360028747314483e-06,0.0004799999878741801
1.94000287506241e-06,0.0004799999878741801
1.9440028753933713e-06,0.0004799999878741801
1.9480028757243328e-06,0.0004799999878741801
1.9520028760552943e-06,0.00043999998888466507
1.9560028763862558e-06,0.0005199999868636951
1.9600028767172172e-06,0.00043999998888466507
1.9640028770481787e-06,0.0004799999878741801
1.96800287737914e-06,0.0004799999878741801
1.9720028777101017e-06,0.0004799999878741801
1.976002878041063e-06,0.0004799999878741801
1.9800028783720247e-06,0.0004799999878741801
1.984002878702986e-06,0.0004799999878741801
1.9880028790339476e-06,0.0005199999868636951
1.992002879364909e-06,0.0004799999878741801
1.9960028796958706e-06,0.0005199999868636951
2.000002880026832e-06,0.00043999998888466507
2.0040028803577936e-06,0.0005199999868636951
2.008002880688755e-06,0.0004799999878741801
2.0120028810197165e-06,0.0005199999868636951
2.016002881350678e-06,0.0005199999868636951
2.0200028816816395e-06,0.0004799999878741801
2.024002882012601e-06,0.0004799999878741801
2.0280028823435625e-06,0.0005199999868636951
2.032002882674524e-06,0.0004799999878741801
2.0360028830054854e-06,0.0005599999858532101
2.040002883336447e-06,0.0004799999878741801
2.0440028836674084e-06,0.0005199999868636951
2.04800288399837e-06,0.0004799999878741801
2.0520028843293314e-06,0.0005199999868636951
2.056002884660293e-06,0.0005199999868636951
2.0600028849912543e-06,0.0005199999868636951
2.064002885322216e-06,0.0005199999868636951
2.0680028856531773e-06,0.0005599999858532101
2.072002885984139e-06,0.0004799999878741801
2.0760028863151003e-06,0.0005999999848427251
2.0800028866460618e-06,0.0005199999868636951
2.0840028869770232e-06,0.0005599999858532101
2.0880028873079847e-06,0.0005199999868636951
2.092002887638946e-06,0.0005199999868636951
2.0960028879699077e-06,0.0005199999868636951
2.100002888300869e-06,0.0005199999868636951
2.1040028886318307e-06,0.0005199999868636951
2.108002888962792e-06,0.0005599999858532101
2.1120028892937536e-06,0.0005199999868636951
2.116002889624715e-06,0.0005999999848427251
2.1200028899556766e-06,0.0005199999868636951
2.124002890286638e-06,0.0005599999858532101
2.1280028906175996e-06,0.0005599999858532101
2.132002890948561e-06,0.0005599999858532101
2.1360028912795225e-06,0.0005599999858532101
2.140002891610484e-06,0.0005599999858532101
2.1440028919414455e-06,0.0005599999858532101
2.148002892272407e-06,0.0005999999848427251
2.1520028926033685e-06,0.0005199999868636951
2.15600289293433e-06,0.0005999999848427251
2.1600028932652914e-06,0.0005199999868636951
2.164002893596253e-06,0.0005999999848427251
2.1680028939272144e-06,0.0005599999858532101
2.172002894258176e-06,0.0005599999858532101
2.1760028945891374e-06,0.0005599999858532101
2.180002894920099e-06,0.0005599999858532101
2.1840028952510603e-06,0.0005599999858532101
2.188002895582022e-06,0.0005999999848427251
2.1920028959129833e-06,0.0005599999858532101
2.196002896243945e-06,0.0006399999838322401
2.2000028965749063e-06,0.0005599999858532101
2.2040028969058678e-06,0.0005999999848427251
2.2080028972368292e-06,0.0005999999848427251
2.2120028975677907e-06,0.0005999999848427251
2.2160028978987522e-06,0.0005999999848427251
2.2200028982297137e-06,0.0005599999858532101
2.224002898560675e-06,0.0005999999848427251
2.2280028988916367e-06,0.0005999999848427251
2.232002899222598e-06,0.0005599999858532101
2.2360028995535596e-06,0.0006399999838322401
2.240002899884521e-06,0.0005599999858532101
2.2440029002154826e-06,0.0006399999838322401
2.248002900546444e-06,0.0005999999848427251
2.2520029008774056e-06,0.0005999999848427251
2.256002901208367e-06,0.0005999999848427251
2.2600029015393285e-06,0.0005999999848427251
2.26400290187029e-06,0.0005999999848427251
2.2680029022012515e-06,0.0006399999838322401
2.272002902532213e-06,0.0005999999848427251
2.2760029028631745e-06,0.0006799999828217551
2.280002903194136e-06,0.0005999999848427251
2.2840029035250974e-06,0.0006399999838322401
2.288002903856059e-06,0.0006399999838322401
2.2920029041870204e-06,0.0006399999838322401
2.296002904517982e-06,0.0006399999838322401
2.3000029048489434e-06,0.0005999999848427251
2.304002905179905e-06,0.0006399999838322401
2.3080029055108663e-06,0.0006799999828217551
2.312002905841828e-06,0.0005999999848427251
2.3160029061727893e-06,0.0006799999828217551
2.320002906503751e-06,0.0005999999848427251
2.3240029068347123e-06,0.0006799999828217551
2.3280029071656738e-06,0.0006399999838322401
2.3320029074966353e-06,0.0006399999838322401
2.3360029078275967e-06,0.0006799999828217551
2.3400029081585582e-06,0.0006399999838322401
2.3440029084895197e-06,0.0006399999838322401
2.348002908820481e-06,0.0006799999828217551
2.3520029091514427e-06,0.0006399999838322401
2.356002909482404e-06,0.0007199999818112701
2.3600029098133656e-06,0.0006399999838322401
2.364002910144327e-06,0.0006799999828217551
2.3680029104752886e-06,0.0006799999828217551
2.37200291080625e-06,0.0006399999838322401
2.3760029111372116e-06,0.0006799999828217551
2.380002911468173e-06,0.0006399999838322401
2.3840029117991345e-06,0.0006799999828217551
2.388002912130096e-06,0.0006799999828217551
2.3920029124610575e-06,0.0006799999828217551
2.396002912792019e-06,0.0007199999818112701
2.4000029131229805e-06,0.0006399999838322401
2.404002913453942e-06,0.0007199999818112701
2.4080029137849034e-06,0.0006799999828217551
2.412002914115865e-06,0.0006799999828217551
2.4160029144468264e-06,0.0007199999818112701
2.420002914777788e-06,0.0006799999828217551
2.4240029151087494e-06,0.0006799999828217551
2.428002915439711e-06,0.0007199999818112701
2.4320029157706724e-06,0.0006799999828217551
2.436002916101634e-06,0.0007599999808007851
2.4400029164325953e-06,0.0006799999828217551
2.444002916763557e-06,0.0007199999818112701
2.4480029170945183e-06,0.0007199999818112701
2.4520029174254798e-06,0.0007199999818112701
2.4560029177564413e-06,0.0007199999818112701
2.4600029180874027e-06,0.0007199999818112701
2.4640029184183642e-06,0.0007199999818112701
2.4680029187493257e-06,0.0007199999818112701
2.472002919080287e-06,0.0007199999818112701
2.4760029194112487e-06,0.0007999999797903001
2.48000291974221e-06,0.0007199999818112701
2.4840029200731716e-06,0.0007599999808007851
2.488002920404133e-06,0.0007599999808007851
2.4920029207350946e-06,0.0007199999818112701
2.496002921066056e-06,0.0007599999808007851
2.5000029213970176e-06,0.0007199999818112701
2.504002921727979e-06,0.0007199999818112701
2.5080029220589405e-06,0.0007599999808007851
2.512002922389902e-06,0.0007199999818112701
2.5160029227208635e-06,0.0007999999797903001
2.520002923051825e-06,0.0007199999818112701
2.5240029233827865e-06,0.0007599999808007851
2.528002923713748e-06,0.0007599999808007851
2.5320029240447094e-06,0.0007599999808007851
2.536002924375671e-06,0.0007599999808007851
2.5400029247066324e-06,0.0007599999808007851
2.544002925037594e-06,0.0007599999808007851
2.5480029253685554e-06,0.0007599999808007851
2.552002925699517e-06,0.0007199999818112701
2.5560029260304784e-06,0.0008399999787798151
2.56000292636144e-06,0.0007599999808007851
2.5640029266924013e-06,0.0007999999797903001
2.568002927023363e-06,0.0007599999808007851
2.5720029273543243e-06,0.0007599999808007851
2.5760029276852858e-06,0.0007999999797903001
2.5800029280162473e-06,0.0007599999808007851
2.5840029283472087e-06,0.0007599999808007851
2.5880029286781702e-06,0.0007999999797903001
2.5920029290091317e-06,0.0007599999808007851
2.596002929340093e-06,0.0008399999787798151
2.6000029296710547e-06,0.0007599999808007851
2.604002930002016e-06,0.0008399999787798151
2.6080029303329776e-06,0.0007999999797903001
2.612002930663939e-06,0.0007999999797903001
2.6160029309949006e-06,0.0008399999787798151
2.620002931325862e-06,0.0007999999797903001
2.6240029316568236e-06,0.0007999999797903001
2.628002931987785e-06,0.0008399999787798151
2.6320029323187465e-06,0.0007599999808007851
2.636002932649708e-06,0.0008799999777693301
2.6400029329806695e-06,0.0007999999797903001
2.644002933311631e-06,0.0008399999787798151
2.6480029336425925e-06,0.0007999999797903001
2.652002933973554e-06,0.0007999999797903001
2.6560029343045155e-06,0.0008399999787798151
2.660002934635477e-06,0.0007999999797903001
2.6640029349664384e-06,0.0008399999787798151
2.6680029352974e-06,0.0008399999787798151
2.6720029356283614e-06,0.0007999999797903001
2.676002935959323e-06,0.0008799999777693301
2.6800029362902844e-06,0.0007999999797903001
2.684002936621246e-06,0.0008799999777693301
2.6880029369522073e-06,0.0008399999787798151
2.692002937283169e-06,0.0008399999787798151
2.6960029376141303e-06,0.0008399999787798151
2.7000029379450918e-06,0.0008399999787798151
2.7040029382760533e-06,0.0008399999787798151
2.7080029386070147e-06,0.0008399999787798151
2.7120029389379762e-06,0.0007999999797903001
2.7160029392689377e-06,0.0008799999777693301
2.720002939599899e-06,0.0008399999787798151
2.7240029399308607e-06,0.0008799999777693301
2.728002940261822e-06,0.0008799999777693301
2.7320029405927836e-06,0.0008399999787798151
2.736002940923745e-06,0.0008799999777693301
2.7400029412547066e-06,0.0008799999777693301
2.744002941585668e-06,0.0008799999777693301
2.7480029419166296e-06,0.0008799999777693301
2.752002942247591e-06,0.0008399999787798151
2.7560029425785526e-06,0.0009199999767588452
2.760002942909514e-06,0.0008399999787798151
2.7640029432404755e-06,0.0008799999777693301
2.768002943571437e-06,0.0008799999777693301
2.7720029439023985e-06,0.0008799999777693301
2.77600294423336e-06,0.0008799999777693301
2.7800029445643215e-06,0.0008799999777693301
2.784002944895283e-06,0.0008799999777693301
2.7880029452262444e-06,0.0009199999767588452
2.792002945557206e-06,0.0008399999787798151
2.7960029458881674e-06,0.0009599999757483602
2.800002946219129e-06,0.0008799999777693301
2.8040029465500904e-06,0.0009599999757483602
2.808002946881052e-06,0.0009199999767588452
2.8120029472120133e-06,0.0008799999777693301
2.816002947542975e-06,0.0009199999767588452
2.8200029478739363e-06,0.0008799999777693301
2.8240029482048978e-06,0.0008799999777693301
2.8280029485358593e-06,0.0009199999767588452
2.8320029488668207e-06,0.0008799999777693301
2.8360029491977822e-06,0.0009599999757483602
2.8400029495287437e-06,0.0008799999777693301
2.844002949859705e-06,0.0009599999757483602
2.8480029501906667e-06,0.0009199999767588452
2.852002950521628e-06,0.0009199999767588452
2.8560029508525897e-06,0.0009599999757483602
2.860002951183551e-06,0.0009199999767588452
2.8640029515145126e-06,0.0009199999767588452
2.868002951845474e-06,0.0009599999757483602
2.8720029521764356e-06,0.0008799999777693301
2.876002952507397e-06,0.0009999999747378752
2.8800029528383586e-06,0.0009199999767588452
2.88400295316932e-06,0.0009599999757483602
2.8880029535002815e-06,0.0009599999757483602
2.892002953831243e-06,0.0009599999757483602
2.8960029541622045e-06,0.0009599999757483602
2.900002954493166e-06,0.0009199999767588452
2.9040029548241275e-06,0.0009199999767588452
2.908002955155089e-06,0.0009599999757483602
2.9120029554860504e-06,0.0009199999767588452
2.916002955817012e-06,0.0009999999747378752
2.9200029561479734e-06,0.0009599999757483602
2.924002956478935e-06,0.0009999999747378752
2.9280029568098964e-06,0.0009599999757483602
2.932002957140858e-06,0.0009599999757483602
2.9360029574718193e-06,0.0009999999747378752
2.940002957802781e-06,0.0009599999757483602
2.9440029581337423e-06,0.0009599999757483602
2.9480029584647038e-06,0.0009999999747378752
2.9520029587956653e-06,0.0009199999767588452
2.9560029591266268e-06,0.0010399999737273902
2.9600029594575882e-06,0.0009599999757483602
2.9640029597885497e-06,0.0010399999737273902
2.968002960119511e-06,0.0009999999747378752
2.9720029604504727e-06,0.0009999999747378752
2.976002960781434e-06,0.0009999999747378752
2.9800029611123957e-06,0.0009999999747378752
2.984002961443357e-06,0.0009599999757483602
2.9880029617743186e-06,0.0009999999747378752
2.99200296210528e-06,0.0009599999757483602
2.9960029624362416e-06,0.0010399999737273902
3.000002962767203e-06,0.0009599999757483602
3.0040029630981646e-06,0.0010399999737273902
3.008002963429126e-06,0.0009999999747378752
3.0120029637600875e-06,0.0009999999747378752
3.016002964091049e-06,0.0010399999737273902
3.0200029644220105e-06,0.0009999999747378752
3.024002964752972e-06,0.0009999999747378752
3.0280029650839335e-06,0.0010399999737273902
3.032002965414895e-06,0.0009599999757483602
3.0360029657458564e-06,0.0010799999727169052
3.040002966076818e-06,0.0009999999747378752
3.0440029664077794e-06,0.0010799999727169052
3.048002966738741e-06,0.0010399999737273902
3.0520029670697024e-06,0.0010399999737273902
3.056002967400664e-06,0.0010399999737273902
3.0600029677316253e-06,0.0010399999737273902
3.064002968062587e-06,0.0009999999747378752
3.0680029683935483e-06,0.0010399999737273902
3.07200296872451e-06,0.0009999999747378752
3.0760029690554713e-06,0.0011199999717064202
3.0800029693864328e-06,0.0009999999747378752
3.0840029697173942e-06,0.0010799999727169052
3.0880029700483557e-06,0.0010399999737273902
3.092002970379317e-06,0.0010399999737273902
3.0960029707102787e-06,0.0010799999727169052
3.10000297104124e-06,0.0010399999737273902
3.1040029713722017e-06,0.0010399999737273902
3.108002971703163e-06,0.0010799999727169052
3.1120029720341246e-06,0.0009999999747378752
3.116002972365086e-06,0.0011199999717064202
3.1200029726960476e-06,0.0009999999747378752
3.124002973027009e-06,0.0011199999717064202
3.1280029733579706e-06,0.0010799999727169052
3.132002973688932e-06,0.0010799999727169052
3.1360029740198935e-06,0.0010799999727169052
3.140002974350855e-06,0.0010799999727169052
3.1440029746818165e-06,0.0010399999737273902
3.148002975012778e-06,0.0011199999717064202
3.1520029753437395e-06,0.0010399999737273902
3.156002975674701e-06,0.0011599999706959352
3.1600029760056624e-06,0.0010399999737273902
3.164002976336624e-06,0.0011199999717064202
3.1680029766675854e-06,0.0010799999727169052
3.172002976998547e-06,0.0010799999727169052
3.1760029773295084e-06,0.0011199999717064202
3.18000297766047e-06,0.0011199999717064202
3.1840029779914313e-06,0.0010799999727169052
3.188002978322393e-06,0.0011199999717064202
3.1920029786533543e-06,0.0010399999737273902
3.196002978984316e-06,0.0011599999706959352
3.2000029793152773e-06,0.0010399999737273902
3.2040029796462388e-06,0.0011599999706959352
3.2080029799772002e-06,0.0011199999717064202
3.2120029803081617e-06,0.0011199999717064202
3.2160029806391232e-06,0.0011199999717064202
3.2200029809700847e-06,0.0011199999717064202
3.224002981301046e-06,0.0011199999717064202
3.2280029816320077e-06,0.0011599999706959352
3.232002981962969e-06,0.0010799999727169052
3.2360029822939306e-06,0.0011999999696854502
3.240002982624892e-06,0.0010799999727169052
3.2440029829558536e-06,0.0011599999706959352
3.248002983286815e-06,0.0011199999717064202
3.2520029836177766e-06,0.0011199999717064202
3.256002983948738e-06,0.0011599999706959352
3.2600029842796995e-06,0.0011199999717064202
3.264002984610661e-06,0.0011199999717064202
3.2680029849416225e-06,0.0011599999706959352
3.272002985272584e-06,0.0010799999727169052
3.2760029856035455e-06,0.0011999999696854502
3.280002985934507e-06,0.0010799999727169052
3.2840029862654684e-06,0.0011999999696854502
3.28800298659643e-06,0.0011599999706959352
3.2920029869273914e-06,0.0011999999696854502
3.296002987258353e-06,0.0011999999696854502
3.3000029875893144e-06,0.0011999999696854502
3.304002987920276e-06,0.0011599999706959352
3.3080029882512373e-06,0.0011999999696854502
3.312002988582199e-06,0.0011199999717064202
3.3160029889131603e-06,0.0012399999686749652
3.320002989244122e-06,0.0011199999717064202
3.3240029895750833e-06,0.0011999999696854502
3.3280029899060448e-06,0.0011599999706959352
3.3320029902370062e-06,0.0011599999706959352
3.3360029905679677e-06,0.0011999999696854502
3.3400029908989292e-06,0.0011599999706959352
3.3440029912298907e-06,0.0011599999706959352
3.348002991560852e-06,0.0012399999686749652
3.3520029918918137e-06,0.0011599999706959352
3.356002992222775e-06,0.0012799999676644802
3.3600029925537366e-06,0.0011599999706959352
3.364002992884698e-06,0.0012399999686749652
3.3680029932156596e-06,0.0011999999696854502
3.372002993546621e-06,0.0011999999696854502
3.3760029938775826e-06,0.0011999999696854502
3.380002994208544e-06,0.0011599999706959352
3.3840029945395055e-06,0.0011599999706959352
3.388002994870467e-06,0.0011999999696854502
3.3920029952014285e-06,0.0011199999717064202
3.39600299553239e-06,0.0012399999686749652
3.4000029958633515e-06,0.0011199999717064202
3.404002996194313e-06,0.0012399999686749652
3.4080029965252744e-06,0.0011999999696854502
3.412002996856236e-06,0.0011999999696854502
3.4160029971871974e-06,0.0012399999686749652
3.420002997518159e-06,0.0012399999686749652
3.4240029978491204e-06,0.0011999999696854502
3.428002998180082e-06,0.0012799999676644802
3.4320029985110433e-06,0.0011599999706959352
3.436002998842005e-06,0.0012799999676644802
3.4400029991729663e-06,0.0011999999696854502
3.444002999503928e-06,0.0012399999686749652
3.4480029998348893e-06,0.0012399999686749652
3.4520030001658508e-06,0.0012399999686749652
3.4560030004968123e-06,0.0011999999696854502
3.4600030008277737e-06,0.0012799999676644802
3.4640030011587352e-06,0.0011999999696854502
3.4680030014896967e-06,0.0012399999686749652
3.472003001820658e-06,0.0011999999696854502
3.4760030021516197e-06,0.0012799999676644802
3.480003002482581e-06,0.0011999999696854502
3.4840030028135426e-06,0.0013199999666539952
3.488003003144504e-06,0.0012399999686749652
3.4920030034754656e-06,0.0012799999676644802
3.496003003806427e-06,0.0011999999696854502
3.5000030041373886e-06,0.0013199999666539952
3.50400300446835e-06,0.0011999999696854502
3.5080030047993115e-06,0.0012799999676644802
3.512003005130273e-06,0.0012399999686749652
3.5160030054612345e-06,0.0012799999676644802
3.520003005792196e-06,0.0011999999696854502
3.5240030061231575e-06,0.0013199999666539952
3.528003006454119e-06,0.0012399999686749652
3.5320030067850804e-06,0.0013199999666539952
3.536003007116042e-06,0.0012399999686749652
3.5400030074470034e-06,0.0013199999666539952
3.544003007777965e-06,0.0012799999676644802
3.5480030081089264e-06,0.0013199999666539952
3.552003008439888e-06,0.0012399999686749652
3.5560030087708494e-06,0.0013199999666539952
3.560003009101811e-06,0.0012399999686749652
3.5640030094327723e-06,0.0013199999666539952
3.568003009763734e-06,0.0012399999686749652
3.5720030100946953e-06,0.0013199999666539952
3.5760030104256568e-06,0.0012399999686749652
3.5800030107566183e-06,0.0013199999666539952
3.5840030110875797e-06,0.0012799999676644802
3.5880030114185412e-06,0.0013199999666539952
3.5920030117495027e-06,0.0012399999686749652
3.596003012080464e-06,0.0013199999666539952
3.6000030124114257e-06,0.0012399999686749652
3.604003012742387e-06,0.0013199999666539952
3.6080030130733486e-06,0.0012799999676644802
3.61200301340431e-06,0.0013599999656435102
3.6160030137352716e-06,0.0012799999676644802
3.620003014066233e-06,0.0013599999656435102
3.6240030143971946e-06,0.0013199999666539952
3.628003014728156e-06,0.0013599999656435102
3.6320030150591175e-06,0.0012799999676644802
3.636003015390079e-06,0.0013599999656435102
3.6400030157210405e-06,0.0012799999676644802
3.644003016052002e-06,0.0013599999656435102
3.6480030163829635e-06,0.0012799999676644802
3.652003016713925e-06,0.0013199999666539952
3.6560030170448865e-06,0.0012799999676644802
3.660003017375848e-06,0.0013599999656435102
3.6640030177068094e-06,0.0013199999666539952
3.668003018037771e-06,0.0013599999656435102
3.6720030183687324e-06,0.0013199999666539952
3.676003018699694e-06,0.0013599999656435102
3.6800030190306554e-06,0.0012799999676644802
3.684003019361617e-06,0.0013599999656435102
3.6880030196925783e-06,0.0012799999676644802
3.69200302002354e-06,0.0012799999676644802
3.6960030203545013e-06,0.0010799999727169052
3.7000030206854628e-06,0.0009599999757483602
3.7040030210164243e-06,0.0007599999808007851
3.7080030213473857e-06,0.0006399999838322401
3.7120030216783472e-06,0.0004799999878741801
3.7160030220093087e-06,0.00039999998989515007
3.72000302234027e-06,0.00031999999191612005
3.7240030226712317e-06,0.00027999999292660505
3.728003023002193e-06,0.00023999999393709004
3.7320030233331546e-06,0.00023999999393709004
3.736003023664116e-06,0.00019999999494757503
3.7400030239950776e-06,0.00023999999393709004
3.744003024326039e-06,0.00019999999494757503
3.7480030246570006e-06,0.00019999999494757503
3.752003024987962e-06,0.00019999999494757503
3.7560030253189236e-06,0.00019999999494757503
3.760003025649885e-06,0.00015999999595806003
3.7640030259808465e-06,0.00019999999494757503
3.768003026311808e-06,0.00015999999595806003
3.7720030266427695e-06,0.00015999999595806003
3.776003026973731e-06,0.00015999999595806003
3.7800030273046925e-06,0.00015999999595806003
3.784003027635654e-06,0.00015999999595806003
3.7880030279666154e-06,0.00019999999494757503
3.792003028297577e-06,0.00019999999494757503
3.7960030286285384e-06,0.00019999999494757503
3.8000030289595e-06,0.00015999999595806003
3.8040030292904614e-06,0.00019999999494757503
3.808003029621423e-06,0.00015999999595806003
3.8120030299523843e-06,0.00019999999494757503
3.816003030283346e-06,0.00015999999595806003
3.820003030614307e-06,0.00015999999595806003
3.824003030945269e-06,0.00015999999595806003
3.82800303127623e-06,0.00015999999595806003
3.832003031607192e-06,0.00015999999595806003
3.836003031938153e-06,0.00015999999595806003
3.840003032269115e-06,0.00015999999595806003
3.844003032600076e-06,0.00019999999494757503
3.848003032931038e-06,0.00015999999595806003
3.852003033261999e-06,0.00015999999595806003
3.856003033592961e-06,0.00015999999595806003
3.860003033923922e-06,0.00015999999595806003
3.864003034254884e-06,0.00015999999595806003
3.868003034585845e-06,0.00015999999595806003
3.872003034916807e-06,0.00015999999595806003
3.876003035247768e-06,0.00019999999494757503
3.8800030355787296e-06,0.00015999999595806003
3.884003035909691e-06,0.00015999999595806003
3.8880030362406525e-06,0.00015999999595806003
3.892003036571614e-06,0.00015999999595806003
3.8960030369025755e-06,0.00015999999595806003
3.900003037233537e-06,0.00019999999494757503
3.9040030375644985e-06,0.00015999999595806003
3.90800303789546e-06,0.00019999999494757503
3.9120030382264214e-06,0.00015999999595806003
3.916003038557383e-06,0.00015999999595806003
3.920003038888344e-06,0.00015999999595806003
3.924003039219306e-06,0.00015999999595806003
3.928003039550267e-06,0.00015999999595806003
3.932003039881229e-06,0.00019999999494757503
3.93600304021219e-06,0.00015999999595806003
3.940003040543152e-06,0.00015999999595806003
3.944003040874113e-06,0.00015999999595806003
3.948003041205075e-06,0.00015999999595806003
3.952003041536036e-06,0.00015999999595806003
3.956003041866998e-06,0.00015999999595806003
3.960003042197959e-06,0.00015999999595806003
3.964003042528921e-06,0.00015999999595806003
3.968003042859882e-06,0.00015999999595806003
3.972003043190844e-06,0.00015999999595806003
3.976003043521805e-06,0.00015999999595806003
3.980003043852767e-06,0.00019999999494757503
3.984003044183728e-06,0.00015999999595806003
3.98800304451469e-06,0.00019999999494757503
3.992003044845651e-06,0.00015999999595806003
3.996003045176613e-06,0.00015999999595806003
4.000003045507574e-06,0.00015999999595806003
4.0040030458385356e-06,0.00015999999595806003
4.008003046169497e-06,0.00015999999595806003
4.0120030465004585e-06,0.00015999999595806003
4.01600304683142e-06,0.00015999999595806003
4.0200030471623815e-06,0.00019999999494757503
4.024003047493343e-06,0.00015999999595806003
4.0280030478243045e-06,0.00019999999494757503
4.032003048155266e-06,0.00015999999595806003
4.0360030484862274e-06,0.00019999999494757503
4.040003048817189e-06,0.00015999999595806003
4.04400304914815e-06,0.00015999999595806003
4.048003049479112e-06,0.00015999999595806003
4.052003049810073e-06,0.00015999999595806003
4.056003050141035e-06,0.00015999999595806003
4.060003050471996e-06,0.00015999999595806003
4.064003050802958e-06,0.00015999999595806003
4.068003051133919e-06,0.00019999999494757503
4.072003051464881e-06,0.00015999999595806003
4.076003051795842e-06,0.00015999999595806003
4.080003052126804e-06,0.00015999999595806003
4.084003052457765e-06,0.00015999999595806003
4.088003052788727e-06,0.00015999999595806003
4.092003053119688e-06,0.00015999999595806003
4.09600305345065e-06,0.00015999999595806003
4.100003053781611e-06,0.00015999999595806003
4.104003054112573e-06,0.00015999999595806003
4.108003054443534e-06,0.00015999999595806003
4.112003054774496e-06,0.00015999999595806003
4.116003055105457e-06,0.00015999999595806003
4.120003055436419e-06,0.00015999999595806003
4.12400305576738e-06,0.00015999999595806003
4.1280030560983416e-06,0.00015999999595806003
4.132003056429303e-06,0.00015999999595806003
4.1360030567602645e-06,0.00015999999595806003
4.140003057091226e-06,0.00015999999595806003
4.1440030574221875e-06,0.00015999999595806003
4.148003057753149e-06,0.00015999999595806003
4.1520030580841105e-06,0.00015999999595806003
4.156003058415072e-06,0.00015999999595806003
4.1600030587460334e-06,0.00015999999595806003
4.164003059076995e-06,0.00015999999595806003
4.168003059407956e-06,0.00015999999595806003
4.172003059738918e-06,0.00015999999595806003
4.176003060069879e-06,0.00011999999696854502
4.180003060400841e-06,0.00015999999595806003
4.184003060731802e-06,0.00015999999595806003
4.188003061062764e-06,0.00015999999595806003
4.192003061393725e-06,0.00015999999595806003
4.196003061724687e-06,0.00015999999595806003
4.200003062055648e-06,0.00015999999595806003
4.20400306238661e-06,0.00015999999595806003
4.208003062717571e-06,0.00015999999595806003
4.212003063048533e-06,0.00015999999595806003
4.216003063379494e-06,0.00015999999595806003
4.220003063710456e-06,0.00015999999595806003
4.224003064041417e-06,0.00015999999595806003
4.228003064372379e-06,0.00019999999494757503
4.23200306470334e-06,0.00015999999595806003
4.236003065034302e-06,0.00015999999595806003
4.240003065365263e-06,0.00015999999595806003
4.244003065696225e-06,0.00015999999595806003
4.248003066027186e-06,0.00015999999595806003
4.2520030663581476e-06,0.00015999999595806003
4.256003066689109e-06,0.00015999999595806003
4.2600030670200705e-06,0.00015999999595806003
4.264003067351032e-06,0.00015999999595806003
4.2680030676819935e-06,0.00019999999494757503
4.272003068012955e-06,0.00015999999595806003
4.2760030683439165e-06,0.00015999999595806003
4.280003068674878e-06,0.00015999999595806003
4.2840030690058394e-06,0.00015999999595806003
4.288003069336801e-06,0.00015999999595806003
4.292003069667762e-06,0.00015999999595806003
4.296003069998724e-06,0.00015999999595806003
4.300003070329685e-06,0.00015999999595806003
4.304003070660647e-06,0.00015999999595806003
4.308003070991608e-06,0.00015999999595806003
4.31200307132257e-06,0.00015999999595806003
4.316003071653531e-06,0.00015999999595806003
4.320003071984493e-06,0.00015999999595806003
4.324003072315454e-06,0.00019999999494757503
4.328003072646416e-06,0.00015999999595806003
4.332003072977377e-06,0.00015999999595806003
4.336003073308339e-06,0.00015999999595806003
4.3400030736393e-06,0.00015999999595806003
4.344003073970262e-06,0.00015999999595806003
4.348003074301223e-06,0.00019999999494757503
4.352003074632185e-06,0.00015999999595806003
4.356003074963146e-06,0.00015999999595806003
4.360003075294108e-06,0.00015999999595806003
4.364003075625069e-06,0.00015999999595806003
4.368003075956031e-06,0.00015999999595806003
4.372003076286992e-06,0.00015999999595806003
4.3760030766179536e-06,0.00015999999595806003
4.380003076948915e-06,0.00015999999595806003
4.3840030772798765e-06,0.00015999999595806003
4.388003077610838e-06,0.00015999999595806003
4.3920030779417995e-06,0.00015999999595806003
4.396003078272761e-06,0.00019999999494757503
4.4000030786037225e-06,0.00015999999595806003
4.404003078934684e-06,0.00019999999494757503
4.4080030792656454e-06,0.00015999999595806003
4.412003079596607e-06,0.00015999999595806003
4.416003079927568e-06,0.00015999999595806003
4.42000308025853e-06,0.00015999999595806003
4.424003080589491e-06,0.00015999999595806003
4.428003080920453e-06,0.00015999999595806003
4.432003081251414e-06,0.00015999999595806003
4.436003081582376e-06,0.00015999999595806003
4.440003081913337e-06,0.00015999999595806003
4.444003082244299e-06,0.00015999999595806003
4.44800308257526e-06,0.00015999999595806003
4.452003082906222e-06,0.00015999999595806003
4.456003083237183e-06,0.00015999999595806003
4.460003083568145e-06,0.00015999999595806003
4.464003083899106e-06,0.00015999999595806003
4.468003084230068e-06,0.00019999999494757503
4.472003084561029e-06,0.00015999999595806003
4.476003084891991e-06,0.00019999999494757503
4.480003085222952e-06,0.00015999999595806003
4.484003085553914e-06,0.00015999999595806003
4.488003085884875e-06,0.00015999999595806003
4.492003086215837e-06,0.00015999999595806003
4.496003086546798e-06,0.00015999999595806003
4.5000030868777596e-06,0.00015999999595806003
4.504003087208721e-06,0.00015999999595806003
4.5080030875396825e-06,0.00015999999595806003
4.512003087870644e-06,0.00015999999595806003
4.5160030882016055e-06,0.00015999999595806003
4.520003088532567e-06,0.00015999999595806003
4.5240030888635285e-06,0.00019999999494757503
4.52800308919449e-06,0.00015999999595806003
4.5320030895254514e-06,0.00015999999595806003
4.536003089856413e-06,0.00015999999595806003
4.540003090187374e-06,0.00015999999595806003
4.544003090518336e-06,0.00015999999595806003
4.548003090849297e-06,0.00015999999595806003
4.552003091180259e-06,0.00015999999595806003
4.55600309151122e-06,0.00015999999595806003
4.560003091842182e-06,0.00015999999595806003
4.564003092173143e-06,0.00015999999595806003
4.568003092504105e-06,0.00015999999595806003
4.572003092835066e-06,0.00015999999595806003
4.576003093166028e-06,0.00015999999595806003
4.580003093496989e-06,0.00019999999494757503
4.584003093827951e-06,0.00019999999494757503
4.588003094158912e-06,0.00019999999494757503
4.592003094489874e-06,0.00015999999595806003
4.596003094820835e-06,0.00015999999595806003
4.600003095151797e-06,0.00015999999595806003
4.604003095482758e-06,0.00015999999595806003
4.60800309581372e-06,0.00015999999595806003
4.612003096144681e-06,0.00015999999595806003
4.616003096475643e-06,0.00011999999696854502
4.620003096806604e-06,0.00011999999696854502
4.624003097137566e-06,0.00015999999595806003
4.628003097468527e-06,0.00015999999595806003
4.6320030977994885e-06,0.00015999999595806003
4.63600309813045e-06,0.00015999999595806003
4.6400030984614115e-06,0.00015999999595806003
4.644003098792373e-06,0.00019999999494757503
4.6480030991233345e-06,0.00015999999595806003
4.652003099454296e-06,0.00019999999494757503
4.6560030997852575e-06,0.00015999999595806003
4.660003100116219e-06,0.00015999999595806003
4.66400310044718e-06,0.00015999999595806003
4.668003100778142e-06,0.00015999999595806003
4.672003101109103e-06,0.00011999999696854502
4.676003101440065e-06,0.00015999999595806003
4.680003101771026e-06,0.00015999999595806003
4.684003102101988e-06,0.00015999999595806003
4.688003102432949e-06,0.00015999999595806003
4.692003102763911e-06,0.00015999999595806003
4.696003103094872e-06,0.00015999999595806003
4.700003103425834e-06,0.00019999999494757503
4.704003103756795e-06,0.00015999999595806003
4.708003104087757e-06,0.00019999999494757503
4.712003104418718e-06,0.00015999999595806003
4.71600310474968e-06,0.00019999999494757503
4.720003105080641e-06,0.00015999999595806003
4.724003105411603e-06,0.00015999999595806003
4.728003105742564e-06,0.00015999999595806003
4.732003106073526e-06,0.00015999999595806003
4.736003106404487e-06,0.00011999999696854502
4.740003106735449e-06,0.00015999999595806003
4.74400310706641e-06,0.00015999999595806003
4.748003107397372e-06,0.00015999999595806003
4.752003107728333e-06,0.00015999999595806003
4.7560031080592946e-06,0.00015999999595806003
4.760003108390256e-06,0.00015999999595806003
4.7640031087212175e-06,0.00019999999494757503
4.768003109052179e-06,0.00019999999494757503
4.7720031093831405e-06,0.00015999999595806003
4.776003109714102e-06,0.00015999999595806003
4.7800031100450635e-06,0.00019999999494757503
4.784003110376025e-06,0.00015999999595806003
4.7880031107069864e-06,0.00015999999595806003
4.792003111037948e-06,0.00015999999595806003
4.796003111368909e-06,0.00015999999595806003
4.800003111699871e-06,0.00015999999595806003
4.804003112030832e-06,0.00015999999595806003
4.808003112361794e-06,0.00015999999595806003
4.812003112692755e-06,0.00015999999595806003
4.816003113023717e-06,0.00015999999595806003
4.820003113354678e-06,0.00015999999595806003
4.82400311368564e-06,0.00015999999595806003
4.828003114016601e-06,0.00019999999494757503
4.832003114347563e-06,0.00015999999595806003
4.836003114678524e-06,0.00019999999494757503
4.840003115009486e-06,0.00015999999595806003
4.844003115340447e-06,0.00015999999595806003
4.848003115671409e-06,0.00015999999595806003
4.85200311600237e-06,0.00015999999595806003
4.856003116333332e-06,0.00015999999595806003
4.860003116664293e-06,0.00015999999595806003
4.864003116995255e-06,0.00015999999595806003
4.868003117326216e-06,0.00015999999595806003
4.872003117657178e-06,0.00015999999595806003
4.876003117988139e-06,0.00015999999595806003
4.8800031183191006e-06,0.00015999999595806003
4.884003118650062e-06,0.00015999999595806003
4.8880031189810235e-06,0.00015999999595806003
4.892003119311985e-06,0.00015999999595806003
4.8960031196429465e-06,0.00015999999595806003
4.900003119973908e-06,0.00015999999595806003
4.9040031203048695e-06,0.00015999999595806003
4.908003120635831e-06,0.00015999999595806003
4.9120031209667924e-06,0.00015999999595806003
4.916003121297754e-06,0.00019999999494757503
4.920003121628715e-06,0.00015999999595806003
4.924003121959677e-06,0.00019999999494757503
4.928003122290638e-06,0.00015999999595806003
4.9320031226216e-06,0.00015999999595806003
4.936003122952561e-06,0.00015999999595806003
4.940003123283523e-06,0.00015999999595806003
4.944003123614484e-06,0.00011999999696854502
4.948003123945446e-06,0.00015999999595806003
4.952003124276407e-06,0.00015999999595806003
4.956003124607369e-06,0.00015999999595806003
4.96000312493833e-06,0.00015999999595806003
4.964003125269292e-06,0.00019999999494757503
4.968003125600253e-06,0.00015999999595806003
4.972003125931215e-06,0.00015999999595806003
4.976003126262176e-06,0.00015999999595806003
4.980003126593138e-06,0.00015999999595806003
4.984003126924099e-06,0.00015999999595806003
4.988003127255061e-06,0.00015999999595806003
4.992003127586022e-06,0.00015999999595806003
4.996003127916984e-06,0.00015999999595806003
5.000003128247945e-06,0.00015999999595806003
5.0040031285789066e-06,0.00015999999595806003
5.008003128909868e-06,0.00011999999696854502
5.0120031292408295e-06,0.00015999999595806003
5.016003129571791e-06,0.00015999999595806003
5.0200031299027525e-06,0.00015999999595806003
5.024003130233714e-06,0.00015999999595806003
5.0280031305646755e-06,0.00019999999494757503
5.032003130895637e-06,0.00015999999595806003
5.0360031312265984e-06,0.00019999999494757503
5.04000313155756e-06,0.00015999999595806003
5.044003131888521e-06,0.00019999999494757503
5.048003132219483e-06,0.00015999999595806003
5.052003132550444e-06,0.00015999999595806003
5.056003132881406e-06,0.00015999999595806003
5.060003133212367e-06,0.00015999999595806003
5.064003133543329e-06,0.00011999999696854502
5.06800313387429e-06,0.00015999999595806003
5.072003134205252e-06,0.00015999999595806003
5.076003134536213e-06,0.00015999999595806003
5.080003134867175e-06,0.00015999999595806003
5.084003135198136e-06,0.00019999999494757503
5.088003135529098e-06,0.00019999999494757503
5.092003135860059e-06,0.00019999999494757503
5.096003136191021e-06,0.00015999999595806003
5.100003136521982e-06,0.00015999999595806003
5.104003136852944e-06,0.00015999999595806003
5.108003137183905e-06,0.00015999999595806003
5.112003137514867e-06,0.00015999999595806003
5.116003137845828e-06,0.00019999999494757503
5.12000313817679e-06,0.00015999999595806003
5.124003138507751e-06,0.00015999999595806003
5.1280031388387126e-06,0.00015999999595806003
5.132003139169674e-06,0.00015999999595806003
5.1360031395006355e-06,0.00015999999595806003
5.140003139831597e-06,0.00015999999595806003
5.1440031401625585e-06,0.00015999999595806003
5.14800314049352e-06,0.00015999999595806003
5.1520031408244815e-06,0.00015999999595806003
5.156003141155443e-06,0.00015999999595806003
5.1600031414864044e-06,0.00015999999595806003
5.164003141817366e-06,0.00015999999595806003
5.168003142148327e-06,0.00015999999595806003
5.172003142479289e-06,0.00019999999494757503
5.17600314281025e-06,0.00015999999595806003
5.180003143141212e-06,0.00015999999595806003
5.184003143472173e-06,0.00015999999595806003
5.188003143803135e-06,0.00015999999595806003
5.192003144134096e-06,0.00011999999696854502
5.196003144465058e-06,0.00015999999595806003
5.200003144796019e-06,0.00015999999595806003
5.204003145126981e-06,0.00015999999595806003
5.208003145457942e-06,0.00015999999595806003
5.212003145788904e-06,0.00019999999494757503
5.216003146119865e-06,0.00015999999595806003
5.220003146450827e-06,0.00015999999595806003
5.224003146781788e-06,0.00015999999595806003
5.22800314711275e-06,0.00015999999595806003
5.232003147443711e-06,0.00015999999595806003
5.236003147774673e-06,0.00019999999494757503
5.240003148105634e-06,0.00015999999595806003
5.244003148436596e-06,0.00015999999595806003
5.248003148767557e-06,0.00015999999595806003
5.2520031490985186e-06,0.00015999999595806003
5.25600314942948e-06,0.00015999999595806003
5.2600031497604415e-06,0.00015999999595806003
5.264003150091403e-06,0.00015999999595806003
5.2680031504223645e-06,0.00015999999595806003
5.272003150753326e-06,0.00015999999595806003
5.2760031510842875e-06,0.00015999999595806003
5.280003151415249e-06,0.00011999999696854502
5.2840031517462104e-06,0.00015999999595806003
5.288003152077172e-06,0.00015999999595806003
5.292003152408133e-06,0.00019999999494757503
5.296003152739095e-06,0.00015999999595806003
5.300003153070056e-06,0.00019999999494757503
5.304003153401018e-06,0.00015999999595806003
5.308003153731979e-06,0.00015999999595806003
5.312003154062941e-06,0.00015999999595806003
5.316003154393902e-06,0.00015999999595806003
5.320003154724864e-06,0.00015999999595806003
5.324003155055825e-06,0.00015999999595806003
5.328003155386787e-06,0.00015999999595806003
5.332003155717748e-06,0.00019999999494757503
5.33600315604871e-06,0.00015999999595806003
5.340003156379671e-06,0.00015999999595806003
5.344003156710633e-06,0.00011999999696854502
5.348003157041594e-06,0.00015999999595806003
5.352003157372556e-06,0.00015999999595806003
5.356003157703517e-06,0.00015999999595806003
5.360003158034479e-06,0.00015999999595806003
5.36400315836544e-06,0.00015999999595806003
5.368003158696402e-06,0.00015999999595806003
5.372003159027363e-06,0.00015999999595806003
5.3760031593583246e-06,0.00015999999595806003
5.380003159689286e-06,0.00015999999595806003
5.3840031600202475e-06,0.00015999999595806003
5.388003160351209e-06,0.00015999999595806003
5.3920031606821705e-06,0.00015999999595806003
5.396003161013132e-06,0.00015999999595806003
5.4000031613440935e-06,0.00015999999595806003
5.404003161675055e-06,0.00015999999595806003
5.4080031620060164e-06,0.00015999999595806003
5.412003162336978e-06,0.00015999999595806003
5.416003162667939e-06,0.00015999999595806003
5.420003162998901e-06,0.00015999999595806003
5.424003163329862e-06,0.00015999999595806003
5.428003163660824e-06,0.00015999999595806003
5.432003163991785e-06,0.00015999999595806003
5.436003164322747e-06,0.00015999999595806003
5.440003164653708e-06,0.00015999999595806003
5.44400316498467e-06,0.00015999999595806003
5.448003165315631e-06,0.00015999999595806003
5.452003165646593e-06,0.00015999999595806003
5.456003165977554e-06,0.00015999999595806003
5.460003166308516e-06,0.00015999999595806003
5.464003166639477e-06,0.00015999999595806003
5.468003166970439e-06,0.00015999999595806003
5.4720031673014e-06,0.00011999999696854502
5.476003167632362e-06,0.00015999999595806003
5.480003167963323e-06,0.00011999999696854502
5.484003168294285e-06,0.00015999999595806003
5.488003168625246e-06,0.00015999999595806003
5.492003168956208e-06,0.00015999999595806003
5.496003169287169e-06,0.00015999999595806003
5.5000031696181306e-06,0.00019999999494757503
5.504003169949092e-06,0.00015999999595806003
5.5080031702800535e-06,0.00019999999494757503
5.512003170611015e-06,0.00015999999595806003
5.5160031709419765e-06,0.00015999999595806003
5.520003171272938e-06,0.00015999999595806003
5.5240031716038995e-06,0.00015999999595806003
5.528003171934861e-06,0.00015999999595806003
5.5320031722658224e-06,0.00015999999595806003
5.536003172596784e-06,0.00011999999696854502
5.540003172927745e-06,0.00015999999595806003
5.544003173258707e-06,0.00015999999595806003
5.548003173589668e-06,0.00015999999595806003
5.55200317392063e-06,0.00015999999595806003
5.556003174251591e-06,0.00015999999595806003
5.560003174582553e-06,0.00015999999595806003
5.564003174913514e-06,0.00019999999494757503
5.568003175244476e-06,0.00015999999595806003
5.572003175575437e-06,0.00019999999494757503
5.576003175906399e-06,0.00015999999595806003
5.58000317623736e-06,0.00019999999494757503
5.584003176568322e-06,0.00015999999595806003
5.588003176899283e-06,0.00015999999595806003
5.592003177230245e-06,0.00011999999696854502
5.596003177561206e-06,0.00011999999696854502
5.600003177892168e-06,0.00015999999595806003
5.604003178223129e-06,0.00015999999595806003
5.608003178554091e-06,0.00015999999595806003
5.612003178885052e-06,0.00015999999595806003
5.616003179216014e-06,0.00015999999595806003
5.620003179546975e-06,0.00015999999595806003
5.624003179877937e-06,0.00015999999595806003
5.628003180208898e-06,0.00019999999494757503
5.6320031805398595e-06,0.00015999999595806003
5.636003180870821e-06,0.00015999999595806003
5.6400031812017825e-06,0.00015999999595806003
5.644003181532744e-06,0.00015999999595806003
5.6480031818637055e-06,0.00015999999595806003
5.652003182194667e-06,0.00015999999595806003
5.6560031825256285e-06,0.00011999999696854502
5.66000318285659e-06,0.00015999999595806003
5.664003183187551e-06,0.00011999999696854502
5.668003183518513e-06,0.00015999999595806003
5.672003183849474e-06,0.00015999999595806003
5.676003184180436e-06,0.00015999999595806003
5.680003184511397e-06,0.00015999999595806003
5.684003184842359e-06,0.00019999999494757503
5.68800318517332e-06,0.00015999999595806003
5.692003185504282e-06,0.00019999999494757503
5.696003185835243e-06,0.00015999999595806003
5.700003186166205e-06,0.00015999999595806003
5.704003186497166e-06,0.00015999999595806003
5.708003186828128e-06,0.00015999999595806003
5.712003187159089e-06,0.00015999999595806003
5.716003187490051e-06,0.00015999999595806003
5.720003187821012e-06,0.00015999999595806003
5.724003188151974e-06,0.00015999999595806003
5.728003188482935e-06,0.00015999999595806003
5.732003188813897e-06,0.00015999999595806003
5.736003189144858e-06,0.00015999999595806003
5.74000318947582e-06,0.00015999999595806003
5.744003189806781e-06,0.00015999999595806003
5.748003190137743e-06,0.00019999999494757503
5.752003190468704e-06,0.00015999999595806003
5.7560031907996656e-06,0.00015999999595806003
5.760003191130627e-06,0.00015999999595806003
5.7640031914615885e-06,0.00019999999494757503
5.76800319179255e-06,0.00015999999595806003
5.7720031921235115e-06,0.00019999999494757503
5.776003192454473e-06,0.00015999999595806003
5.7800031927854345e-06,0.00015999999595806003
5.784003193116396e-06,0.00011999999696854502
5.788003193447357e-06,0.00015999999595806003
5.792003193778319e-06,0.00011999999696854502
5.79600319410928e-06,0.00015999999595806003
5.800003194440242e-06,0.00015999999595806003
5.804003194771203e-06,0.00015999999595806003
5.808003195102165e-06,0.00015999999595806003
5.812003195433126e-06,0.00015999999595806003
5.816003195764088e-06,0.00015999999595806003
5.820003196095049e-06,0.00019999999494757503
5.824003196426011e-06,0.00015999999595806003
5.828003196756972e-06,0.00015999999595806003
5.832003197087934e-06,0.00015999999595806003
5.836003197418895e-06,0.00015999999595806003
5.840003197749857e-06,0.00015999999595806003
5.844003198080818e-06,0.00019999999494757503
5.84800319841178e-06,0.00015999999595806003
5.852003198742741e-06,0.00015999999595806003
5.856003199073703e-06,0.00015999999595806003
5.860003199404664e-06,0.00015999999595806003
5.864003199735626e-06,0.00015999999595806003
5.868003200066587e-06,0.00015999999595806003
5.872003200397549e-06,0.00015999999595806003
5.87600320072851e-06,0.00015999999595806003
5.8800032010594716e-06,0.00015999999595806003
5.884003201390433e-06,0.00015999999595806003
5.8880032017213945e-06,0.00015999999595806003
5.892003202052356e-06,0.00019999999494757503
5.8960032023833175e-06,0.00015999999595806003
5.900003202714279e-06,0.00019999999494757503
5.9040032030452405e-06,0.00015999999595806003
5.908003203376202e-06,0.00015999999595806003
5.9120032037071634e-06,0.00015999999595806003
5.916003204038125e-06,0.00015999999595806003
5.920003204369086e-06,0.00011999999696854502
5.924003204700048e-06,0.00015999999595806003
5.928003205031009e-06,0.00015999999595806003
5.932003205361971e-06,0.00015999999595806003
5.936003205692932e-06,0.00015999999595806003
5.940003206023894e-06,0.00015999999595806003
5.944003206354855e-06,0.00015999999595806003
5.948003206685817e-06,0.00019999999494757503
5.952003207016778e-06,0.00015999999595806003
5.95600320734774e-06,0.00015999999595806003
5.960003207678701e-06,0.00015999999595806003
5.964003208009663e-06,0.00015999999595806003
5.968003208340624e-06,0.00015999999595806003
5.972003208671586e-06,0.00015999999595806003
5.976003209002547e-06,0.00015999999595806003
5.980003209333509e-06,0.00015999999595806003
5.98400320966447e-06,0.00015999999595806003
5.988003209995432e-06,0.00015999999595806003
5.992003210326393e-06,0.00015999999595806003
5.996003210657355e-06,0.00015999999595806003
6.000003210988316e-06,0.00015999999595806003
6.0040032113192776e-06,0.00015999999595806003
6.008003211650239e-06,0.00015999999595806003
6.0120032119812005e-06,0.00019999999494757503
6.016003212312162e-06,0.00015999999595806003
6.0200032126431235e-06,0.00019999999494757503
6.024003212974085e-06,0.00015999999595806003
6.0280032133050465e-06,0.00015999999595806003
6.032003213636008e-06,0.00015999999595806003
6.0360032139669694e-06,0.00015999999595806003
6.040003214297931e-06,0.00011999999696854502
6.044003214628892e-06,0.00015999999595806003
6.048003214959854e-06,0.00015999999595806003
6.052003215290815e-06,0.00015999999595806003
6.056003215621777e-06,0.00015999999595806003
6.060003215952738e-06,0.00019999999494757503
6.0640032162837e-06,0.00015999999595806003
6.068003216614661e-06,0.00015999999595806003
6.072003216945623e-06,0.00015999999595806003
6.076003217276584e-06,0.00015999999595806003
6.080003217607546e-06,0.00015999999595806003
6.084003217938507e-06,0.00019999999494757503
6.088003218269469e-06,0.00015999999595806003
6.09200321860043e-06,0.00015999999595806003
6.096003218931392e-06,0.00015999999595806003
6.100003219262353e-06,0.00015999999595806003
6.104003219593315e-06,0.00015999999595806003
6.108003219924276e-06,0.00015999999595806003
6.112003220255238e-06,0.00015999999595806003
6.116003220586199e-06,0.00015999999595806003
6.120003220917161e-06,0.00011999999696854502
6.124003221248122e-06,0.00015999999595806003
6.1280032215790836e-06,0.00015999999595806003
6.132003221910045e-06,0.00015999999595806003
6.1360032222410065e-06,0.00015999999595806003
6.140003222571968e-06,0.00019999999494757503
6.1440032229029295e-06,0.00015999999595806003
6.148003223233891e-06,0.00019999999494757503
6.1520032235648525e-06,0.00015999999595806003
6.156003223895814e-06,0.00015999999595806003
6.1600032242267754e-06,0.00015999999595806003
6.164003224557737e-06,0.00015999999595806003
6.168003224888698e-06,0.00011999999696854502
6.17200322521966e-06,0.00015999999595806003
6.176003225550621e-06,0.00011999999696854502
6.180003225881583e-06,0.00015999999595806003
6.184003226212544e-06,0.00015999999595806003
6.188003226543506e-06,0.00015999999595806003
6.192003226874467e-06,0.00015999999595806003
6.196003227205429e-06,0.00015999999595806003
6.20000322753639e-06,0.00015999999595806003
6.204003227867352e-06,0.00019999999494757503
6.208003228198313e-06,0.00015999999595806003
6.212003228529275e-06,0.00019999999494757503
6.216003228860236e-06,0.00015999999595806003
6.220003229191198e-06,0.00019999999494757503
6.224003229522159e-06,0.00015999999595806003
6.228003229853121e-06,0.00015999999595806003
6.232003230184082e-06,0.00011999999696854502
6.236003230515044e-06,0.00011999999696854502
6.240003230846005e-06,0.00011999999696854502
6.244003231176967e-06,0.00011999999696854502
6.248003231507928e-06,0.00015999999595806003
6.2520032318388896e-06,0.00019999999494757503
6.256003232169851e-06,0.00015999999595806003
6.2600032325008125e-06,0.00019999999494757503
6.264003232831774e-06,0.00019999999494757503
6.2680032331627355e-06,0.00019999999494757503
6.272003233493697e-06,0.00015999999595806003
6.2760032338246585e-06,0.00019999999494757503
6.28000323415562e-06,0.00015999999595806003
6.2840032344865814e-06,0.00015999999595806003
6.288003234817543e-06,0.00011999999696854502
6.292003235148504e-06,0.00015999999595806003
6.296003235479466e-06,0.00011999999696854502
6.300003235810427e-06,0.00015999999595806003
6.304003236141389e-06,0.00011999999696854502
6.30800323647235e-06,0.00015999999595806003
6.312003236803312e-06,0.00015999999595806003
6.316003237134273e-06,0.00019999999494757503
6.320003237465235e-06,0.00015999999595806003
6.324003237796196e-06,0.00019999999494757503
6.328003238127158e-06,0.00019999999494757503
6.332003238458119e-06,0.00019999999494757503
6.336003238789081e-06,0.00015999999595806003
6.340003239120042e-06,0.00019999999494757503
6.344003239451004e-06,0.00015999999595806003
6.348003239781965e-06,0.00015999999595806003
6.352003240112927e-06,0.00011999999696854502
6.356003240443888e-06,0.00011999999696854502
6.36000324077485e-06,0.00011999999696854502
6.364003241105811e-06,0.00011999999696854502
6.368003241436773e-06,0.00011999999696854502
6.372003241767734e-06,0.00015999999595806003
6.3760032420986956e-06,0.00011999999696854502
6.380003242429657e-06,0.00015999999595806003
6.3840032427606185e-06,0.00015999999595806003
6.38800324309158e-06,0.00019999999494757503
6.3920032434225415e-06,0.00015999999595806003
6.396003243753503e-06,0.00015999999595806003
6.4000032440844645e-06,0.00015999999595806003
6.404003244415426e-06,0.00015999999595806003
6.4080032447463874e-06,0.00015999999595806003
6.412003245077349e-06,0.00015999999595806003
6.41600324540831e-06,0.00015999999595806003
6.420003245739272e-06,0.00015999999595806003
6.424003246070233e-06,0.00011999999696854502
6.428003246401195e-06,0.00015999999595806003
6.432003246732156e-06,0.00011999999696854502
6.436003247063118e-06,0.00015999999595806003
6.440003247394079e-06,0.00015999999595806003
6.444003247725041e-06,0.00015999999595806003
6.448003248056002e-06,0.00015999999595806003
6.452003248386964e-06,0.00015999999595806003
6.456003248717925e-06,0.00015999999595806003
6.460003249048887e-06,0.00019999999494757503
6.464003249379848e-06,0.00015999999595806003
6.46800324971081e-06,0.00019999999494757503
6.472003250041771e-06,0.00015999999595806003
6.476003250372733e-06,0.00015999999595806003
6.480003250703694e-06,0.00011999999696854502
6.484003251034656e-06,0.00011999999696854502
6.488003251365617e-06,0.00011999999696854502
6.492003251696579e-06,0.00015999999595806003
6.49600325202754e-06,0.00015999999595806003
6.5000032523585016e-06,0.00019999999494757503
6.504003252689463e-06,0.00015999999595806003
6.5080032530204245e-06,0.00015999999595806003
6.512003253351386e-06,0.00015999999595806003
6.5160032536823475e-06,0.00019999999494757503
6.520003254013309e-06,0.00015999999595806003
6.5240032543442705e-06,0.00019999999494757503
6.528003254675232e-06,0.00015999999595806003
6.5320032550061934e-06,0.00015999999595806003
6.536003255337155e-06,0.00015999999595806003
6.540003255668116e-06,0.00015999999595806003
6.544003255999078e-06,0.00015999999595806003
6.548003256330039e-06,0.00015999999595806003
6.552003256661001e-06,0.00015999999595806003
6.556003256991962e-06,0.00015999999595806003
6.560003257322924e-06,0.00015999999595806003
6.564003257653885e-06,0.00015999999595806003
6.568003257984847e-06,0.00015999999595806003
6.572003258315808e-06,0.00015999999595806003
6.57600325864677e-06,0.00015999999595806003
6.580003258977731e-06,0.00015999999595806003
6.584003259308693e-06,0.00015999999595806003
6.588003259639654e-06,0.00019999999494757503
6.592003259970616e-06,0.00015999999595806003
6.596003260301577e-06,0.00015999999595806003
6.600003260632539e-06,0.00015999999595806003
6.6040032609635e-06,0.00015999999595806003
6.608003261294462e-06,0.00015999999595806003
6.612003261625423e-06,0.00015999999595806003
6.616003261956385e-06,0.00011999999696854502
6.620003262287346e-06,0.00015999999595806003
6.624003262618308e-06,0.00011999999696854502
6.628003262949269e-06,0.00019999999494757503
6.6320032632802305e-06,0.00015999999595806003
6.636003263611192e-06,0.00019999999494757503
6.6400032639421535e-06,0.00015999999595806003
6.644003264273115e-06,0.00015999999595806003
6.6480032646040765e-06,0.00015999999595806003
6.652003264935038e-06,0.00015999999595806003
6.6560032652659995e-06,0.00015999999595806003
6.660003265596961e-06,0.00015999999595806003
6.664003265927922e-06,0.00015999999595806003
6.668003266258884e-06,0.00015999999595806003
6.672003266589845e-06,0.00011999999696854502
6.676003266920807e-06,0.00015999999595806003
6.680003267251768e-06,0.00015999999595806003
6.68400326758273e-06,0.00015999999595806003
6.688003267913691e-06,0.00015999999595806003
6.692003268244653e-06,0.00015999999595806003
6.696003268575614e-06,0.00015999999595806003
6.700003268906576e-06,0.00015999999595806003
6.704003269237537e-06,0.00015999999595806003
6.708003269568499e-06,0.00015999999595806003
6.71200326989946e-06,0.00015999999595806003
6.716003270230422e-06,0.00015999999595806003
6.720003270561383e-06,0.00015999999595806003
6.724003270892345e-06,0.00015999999595806003
6.728003271223306e-06,0.00015999999595806003
6.732003271554268e-06,0.00015999999595806003
6.736003271885229e-06,0.00015999999595806003
6.740003272216191e-06,0.00015999999595806003
6.744003272547152e-06,0.00015999999595806003
6.748003272878114e-06,0.00015999999595806003
6.752003273209075e-06,0.00015999999595806003
6.7560032735400366e-06,0.00019999999494757503
6.760003273870998e-06,0.00015999999595806003
6.7640032742019595e-06,0.00019999999494757503
6.768003274532921e-06,0.00015999999595806003
6.7720032748638825e-06,0.00015999999595806003
6.776003275194844e-06,0.00015999999595806003
6.7800032755258055e-06,0.00015999999595806003
6.784003275856767e-06,0.00015999999595806003
6.788003276187728e-06,0.00015999999595806003
6.79200327651869e-06,0.00015999999595806003
6.796003276849651e-06,0.00015999999595806003
6.800003277180613e-06,0.00015999999595806003
6.804003277511574e-06,0.00015999999595806003
6.808003277842536e-06,0.00015999999595806003
6.812003278173497e-06,0.00019999999494757503
6.816003278504459e-06,0.00015999999595806003
6.82000327883542e-06,0.00015999999595806003
6.824003279166382e-06,0.00015999999595806003
6.828003279497343e-06,0.00015999999595806003
6.832003279828305e-06,0.00015999999595806003
6.836003280159266e-06,0.00015999999595806003
6.840003280490228e-06,0.00015999999595806003
6.844003280821189e-06,0.00015999999595806003
6.848003281152151e-06,0.00015999999595806003
6.852003281483112e-06,0.00015999999595806003
6.856003281814074e-06,0.00011999999696854502
6.860003282145035e-06,0.00015999999595806003
6.864003282475997e-06,0.00015999999595806003
6.868003282806958e-06,0.00019999999494757503
6.87200328313792e-06,0.00015999999595806003
6.876003283468881e-06,0.00019999999494757503
6.8800032837998426e-06,0.00015999999595806003
6.884003284130804e-06,0.00015999999595806003
6.8880032844617655e-06,0.00011999999696854502
6.892003284792727e-06,0.00015999999595806003
6.8960032851236885e-06,0.00015999999595806003
6.90000328545465e-06,0.00015999999595806003
6.9040032857856115e-06,0.00015999999595806003
6.908003286116573e-06,0.00019999999494757503
6.9120032864475344e-06,0.00015999999595806003
6.916003286778496e-06,0.00015999999595806003
6.920003287109457e-06,0.00015999999595806003
6.924003287440419e-06,0.00015999999595806003
6.92800328777138e-06,0.00015999999595806003
6.932003288102342e-06,0.00015999999595806003
6.936003288433303e-06,0.00015999999595806003
6.940003288764265e-06,0.00019999999494757503
6.944003289095226e-06,0.00015999999595806003
6.948003289426188e-06,0.00015999999595806003
6.952003289757149e-06,0.00015999999595806003
6.956003290088111e-06,0.00015999999595806003
6.960003290419072e-06,0.00015999999595806003
6.964003290750034e-06,0.00015999999595806003
6.968003291080995e-06,0.00015999999595806003
6.972003291411957e-06,0.00015999999595806003
6.976003291742918e-06,0.00015999999595806003
6.98000329207388e-06,0.00015999999595806003
6.984003292404841e-06,0.00015999999595806003
6.988003292735803e-06,0.00019999999494757503
6.992003293066764e-06,0.00015999999595806003
6.996003293397726e-06,0.00015999999595806003
7.000003293728687e-06,0.00015999999595806003
7.0040032940596486e-06,0.00015999999595806003
7.00800329439061e-06,0.00015999999595806003
7.0120032947215715e-06,0.00015999999595806003
7.016003295052533e-06,0.00011999999696854502
7.0200032953834945e-06,0.00015999999595806003
7.024003295714456e-06,0.00011999999696854502
7.0280032960454175e-06,0.00015999999595806003
7.032003296376379e-06,0.00015999999595806003
7.0360032967073404e-06,0.00015999999595806003
7.040003297038302e-06,0.00015999999595806003
7.044003297369263e-06,0.00015999999595806003
7.048003297700225e-06,0.00015999999595806003
7.052003298031186e-06,0.00015999999595806003
7.056003298362148e-06,0.00015999999595806003
7.060003298693109e-06,0.00015999999595806003
7.064003299024071e-06,0.00015999999595806003
7.068003299355032e-06,0.00015999999595806003
7.072003299685994e-06,0.00015999999595806003
7.076003300016955e-06,0.00015999999595806003
7.080003300347917e-06,0.00015999999595806003
7.084003300678878e-06,0.00015999999595806003
7.08800330100984e-06,0.00015999999595806003
7.092003301340801e-06,0.00015999999595806003
7.096003301671763e-06,0.00015999999595806003
7.100003302002724e-06,0.00015999999595806003
7.104003302333686e-06,0.00015999999595806003
7.108003302664647e-06,0.00015999999595806003
7.112003302995609e-06,0.00015999999595806003
7.11600330332657e-06,0.00015999999595806003
7.120003303657532e-06,0.00015999999595806003
7.124003303988493e-06,0.00015999999595806003
7.1280033043194546e-06,0.00015999999595806003
7.132003304650416e-06,0.00015999999595806003
7.1360033049813775e-06,0.00015999999595806003
7.140003305312339e-06,0.00015999999595806003
7.1440033056433005e-06,0.00015999999595806003
7.148003305974262e-06,0.00015999999595806003
7.1520033063052235e-06,0.00015999999595806003
7.156003306636185e-06,0.00015999999595806003
7.1600033069671464e-06,0.00015999999595806003
7.164003307298108e-06,0.00015999999595806003
7.168003307629069e-06,0.00015999999595806003
7.172003307960031e-06,0.00019999999494757503
7.176003308290992e-06,0.00015999999595806003
7.180003308621954e-06,0.00019999999494757503
7.184003308952915e-06,0.00015999999595806003
7.188003309283877e-06,0.00015999999595806003
7.192003309614838e-06,0.00015999999595806003
7.1960033099458e-06,0.00015999999595806003
7.200003310276761e-06,0.00015999999595806003
7.204003310607723e-06,0.00015999999595806003
7.208003310938684e-06,0.00015999999595806003
7.212003311269646e-06,0.00015999999595806003
7.216003311600607e-06,0.00015999999595806003
7.220003311931569e-06,0.00015999999595806003
7.22400331226253e-06,0.00015999999595806003
7.228003312593492e-06,0.00019999999494757503
7.232003312924453e-06,0.00015999999595806003
7.236003313255415e-06,0.00019999999494757503
7.240003313586376e-06,0.00015999999595806003
7.244003313917338e-06,0.00015999999595806003
7.248003314248299e-06,0.00015999999595806003
7.2520033145792606e-06,0.00015999999595806003
7.256003314910222e-06,0.00015999999595806003
7.2600033152411835e-06,0.00015999999595806003
7.264003315572145e-06,0.00011999999696854502
7.2680033159031065e-06,0.00015999999595806003
7.272003316234068e-06,0.00011999999696854502
7.2760033165650295e-06,0.00015999999595806003
7.280003316895991e-06,0.00015999999595806003
7.2840033172269524e-06,0.00015999999595806003
7.288003317557914e-06,0.00015999999595806003
7.292003317888875e-06,0.00015999999595806003
7.296003318219837e-06,0.00015999999595806003
7.300003318550798e-06,0.00015999999595806003
7.30400331888176e-06,0.00015999999595806003
7.308003319212721e-06,0.00019999999494757503
7.312003319543683e-06,0.00015999999595806003
7.316003319874644e-06,0.00015999999595806003
7.320003320205606e-06,0.00015999999595806003
7.324003320536567e-06,0.00015999999595806003
7.328003320867529e-06,0.00015999999595806003
7.33200332119849e-06,0.00015999999595806003
7.336003321529452e-06,0.00015999999595806003
7.340003321860413e-06,0.00015999999595806003
7.344003322191375e-06,0.00011999999696854502
7.348003322522336e-06,0.00015999999595806003
7.352003322853298e-06,0.00015999999595806003
7.356003323184259e-06,0.00015999999595806003
7.360003323515221e-06,0.00015999999595806003
7.364003323846182e-06,0.00019999999494757503
7.368003324177144e-06,0.00015999999595806003
7.372003324508105e-06,0.00015999999595806003
7.3760033248390666e-06,0.00015999999595806003
7.380003325170028e-06,0.00019999999494757503
7.3840033255009895e-06,0.00015999999595806003
7.388003325831951e-06,0.00015999999595806003
7.3920033261629125e-06,0.00015999999595806003
7.396003326493874e-06,0.00015999999595806003
7.4000033268248355e-06,0.00015999999595806003
7.404003327155797e-06,0.00019999999494757503
7.4080033274867584e-06,0.00015999999595806003
7.41200332781772e-06,0.00015999999595806003
7.416003328148681e-06,0.00015999999595806003
7.420003328479643e-06,0.00019999999494757503
7.424003328810604e-06,0.00015999999595806003
7.428003329141566e-06,0.00015999999595806003
7.432003329472527e-06,0.00015999999595806003
7.436003329803489e-06,0.00015999999595806003
7.44000333013445e-06,0.00015999999595806003
7.444003330465412e-06,0.00015999999595806003
7.448003330796373e-06,0.00015999999595806003
7.452003331127335e-06,0.00015999999595806003
7.456003331458296e-06,0.00011999999696854502
7.460003331789258e-06,0.00015999999595806003
7.464003332120219e-06,0.00011999999696854502
7.468003332451181e-06,0.00015999999595806003
7.472003332782142e-06,0.00015999999595806003
7.476003333113104e-06,0.00015999999595806003
7.480003333444065e-06,0.00015999999595806003
7.484003333775027e-06,0.00019999999494757503
7.488003334105988e-06,0.00015999999595806003
7.49200333443695e-06,0.00015999999595806003
7.496003334767911e-06,0.00015999999595806003
7.5000033350988726e-06,0.00015999999595806003
7.504003335429834e-06,0.00011999999696854502
7.5080033357607955e-06,0.00015999999595806003
7.512003336091757e-06,0.00015999999595806003
7.5160033364227185e-06,0.00015999999595806003
7.52000333675368e-06,0.00015999999595806003
7.5240033370846415e-06,0.00015999999595806003
7.528003337415603e-06,0.00015999999595806003
7.5320033377465644e-06,0.00015999999595806003
7.536003338077526e-06,0.00011999999696854502
7.540003338408487e-06,0.00015999999595806003
7.544003338739449e-06,0.00011999999696854502
7.54800333907041e-06,0.00015999999595806003
7.552003339401372e-06,0.00015999999595806003
7.556003339732333e-06,0.00015999999595806003
7.560003340063295e-06,0.00015999999595806003
7.564003340394256e-06,0.00019999999494757503
7.568003340725218e-06,0.00015999999595806003
7.572003341056179e-06,0.00015999999595806003
7.576003341387141e-06,0.00015999999595806003
7.580003341718102e-06,0.00015999999595806003
7.584003342049064e-06,0.00015999999595806003
7.588003342380025e-06,0.00015999999595806003
7.592003342710987e-06,0.00011999999696854502
7.596003343041948e-06,0.00015999999595806003
7.60000334337291e-06,0.00015999999595806003
7.604003343703871e-06,0.00015999999595806003
7.608003344034833e-06,0.00011999999696854502
7.612003344365794e-06,0.00015999999595806003
7.616003344696756e-06,0.00011999999696854502
7.620003345027717e-06,0.00015999999595806003
7.624003345358679e-06,0.00015999999595806003
7.62800334568964e-06,0.00015999999595806003
7.632003346020602e-06,0.00015999999595806003
7.636003346351563e-06,0.00019999999494757503
7.640003346682525e-06,0.00019999999494757503
7.644003347013486e-06,0.00019999999494757503
7.648003347344447e-06,0.00015999999595806003
7.652003347675409e-06,0.00015999999595806003
7.65600334800637e-06,0.00011999999696854502
7.660003348337332e-06,0.00015999999595806003
7.664003348668293e-06,0.00011999999696854502
7.668003348999255e-06,0.00015999999595806003
7.672003349330216e-06,0.00011999999696854502
7.676003349661178e-06,0.00015999999595806003
7.68000334999214e-06,0.00015999999595806003
7.6840033503231e-06,0.00019999999494757503
7.688003350654062e-06,0.00015999999595806003
7.692003350985024e-06,0.00019999999494757503
7.696003351315985e-06,0.00019999999494757503
7.700003351646947e-06,0.00019999999494757503
7.704003351977908e-06,0.00015999999595806003
7.70800335230887e-06,0.00015999999595806003
7.712003352639831e-06,0.00015999999595806003
7.716003352970793e-06,0.00015999999595806003
7.720003353301754e-06,0.00015999999595806003
7.724003353632716e-06,0.00015999999595806003
7.728003353963677e-06,0.00015999999595806003
7.732003354294639e-06,0.00011999999696854502
7.7360033546256e-06,0.00015999999595806003
7.740003354956562e-06,0.00015999999595806003
7.744003355287523e-06,0.00015999999595806003
7.748003355618485e-06,0.00015999999595806003
7.752003355949446e-06,0.00015999999595806003
7.756003356280408e-06,0.00019999999494757503
7.760003356611369e-06,0.00015999999595806003
7.76400335694233e-06,0.00019999999494757503
7.768003357273292e-06,0.00015999999595806003
7.772003357604253e-06,0.00015999999595806003
7.776003357935215e-06,0.00015999999595806003
7.780003358266176e-06,0.00015999999595806003
7.784003358597138e-06,0.00011999999696854502
7.7880033589281e-06,0.00015999999595806003
7.792003359259061e-06,0.00011999999696854502
7.796003359590022e-06,0.00015999999595806003
7.800003359920984e-06,0.00015999999595806003
7.804003360251945e-06,0.00015999999595806003
7.808003360582907e-06,0.00015999999595806003
7.812003360913868e-06,0.00019999999494757503
7.81600336124483e-06,0.00015999999595806003
7.820003361575791e-06,0.00015999999595806003
7.824003361906753e-06,0.00015999999595806003
7.828003362237714e-06,0.00015999999595806003
7.832003362568676e-06,0.00015999999595806003
7.836003362899637e-06,0.00015999999595806003
7.840003363230599e-06,0.00015999999595806003
7.84400336356156e-06,0.00015999999595806003
7.848003363892522e-06,0.00015999999595806003
7.852003364223483e-06,0.00015999999595806003
7.856003364554445e-06,0.00015999999595806003
7.860003364885406e-06,0.00015999999595806003
7.864003365216368e-06,0.00015999999595806003
7.868003365547329e-06,0.00015999999595806003
7.87200336587829e-06,0.00011999999696854502
7.876003366209252e-06,0.00015999999595806003
7.880003366540214e-06,0.00015999999595806003
7.884003366871175e-06,0.00015999999595806003
7.888003367202137e-06,0.00015999999595806003
7.892003367533098e-06,0.00015999999595806003
7.89600336786406e-06,0.00015999999595806003
7.900003368195021e-06,0.00015999999595806003
7.904003368525982e-06,0.00015999999595806003
7.908003368856944e-06,0.00015999999595806003
7.912003369187905e-06,0.00015999999595806003
7.916003369518867e-06,0.00015999999595806003
7.920003369849828e-06,0.00015999999595806003
7.92400337018079e-06,0.00015999999595806003
7.928003370511751e-06,0.00015999999595806003
7.932003370842713e-06,0.00015999999595806003
7.936003371173674e-06,0.00015999999595806003
7.940003371504636e-06,0.00015999999595806003
7.944003371835597e-06,0.00015999999595806003
7.948003372166559e-06,0.00015999999595806003
7.95200337249752e-06,0.00015999999595806003
7.956003372828482e-06,0.00019999999494757503
7.960003373159443e-06,0.00015999999595806003
7.964003373490405e-06,0.00019999999494757503
7.968003373821366e-06,0.00015999999595806003
7.972003374152328e-06,0.00019999999494757503
7.97600337448329e-06,0.00015999999595806003
7.98000337481425e-06,0.00015999999595806003
7.984003375145212e-06,0.00015999999595806003
7.988003375476174e-06,0.00015999999595806003
7.992003375807135e-06,0.00011999999696854502
7.996003376138097e-06,0.00015999999595806003
8.000003376469058e-06,0.00015999999595806003
8.00400337680002e-06,0.00015999999595806003
8.008003377130981e-06,0.00015999999595806003
8.012003377461943e-06,0.00015999999595806003
8.016003377792904e-06,0.00015999999595806003
8.020003378123865e-06,0.00019999999494757503
8.024003378454827e-06,0.00015999999595806003
8.028003378785788e-06,0.00015999999595806003
8.03200337911675e-06,0.00015999999595806003
8.036003379447711e-06,0.00015999999595806003
8.040003379778673e-06,0.00015999999595806003
8.044003380109634e-06,0.00015999999595806003
8.048003380440596e-06,0.00015999999595806003
8.052003380771557e-06,0.00015999999595806003
8.056003381102519e-06,0.00015999999595806003
8.06000338143348e-06,0.00015999999595806003
8.064003381764442e-06,0.00015999999595806003
8.068003382095403e-06,0.00015999999595806003
8.072003382426365e-06,0.00015999999595806003
8.076003382757326e-06,0.00019999999494757503
8.080003383088288e-06,0.00015999999595806003
8.08400338341925e-06,0.00019999999494757503
8.08800338375021e-06,0.00019999999494757503
8.092003384081172e-06,0.00019999999494757503
8.096003384412134e-06,0.00015999999595806003
8.100003384743095e-06,0.00015999999595806003
8.104003385074057e-06,0.00015999999595806003
8.108003385405018e-06,0.00011999999696854502
8.11200338573598e-06,0.00011999999696854502
8.116003386066941e-06,0.00015999999595806003
8.120003386397903e-06,0.00015999999595806003
8.124003386728864e-06,0.00015999999595806003
8.128003387059826e-06,0.00015999999595806003
8.132003387390787e-06,0.00019999999494757503
8.136003387721749e-06,0.00015999999595806003
8.14000338805271e-06,0.00019999999494757503
8.144003388383671e-06,0.00015999999595806003
8.148003388714633e-06,0.00015999999595806003
8.152003389045594e-06,0.00015999999595806003
8.156003389376556e-06,0.00015999999595806003
8.160003389707517e-06,0.00015999999595806003
8.164003390038479e-06,0.00015999999595806003
8.16800339036944e-06,0.00015999999595806003
8.172003390700402e-06,0.00015999999595806003
8.176003391031363e-06,0.00015999999595806003
8.180003391362325e-06,0.00015999999595806003
8.184003391693286e-06,0.00015999999595806003
8.188003392024248e-06,0.00015999999595806003
8.19200339235521e-06,0.00015999999595806003
8.19600339268617e-06,0.00019999999494757503
8.200003393017132e-06,0.00015999999595806003
8.204003393348094e-06,0.00019999999494757503
8.208003393679055e-06,0.00015999999595806003
8.212003394010017e-06,0.00019999999494757503
8.216003394340978e-06,0.00015999999595806003
8.22000339467194e-06,0.00015999999595806003
8.224003395002901e-06,0.00015999999595806003
8.228003395333863e-06,0.00015999999595806003
8.232003395664824e-06,0.00015999999595806003
8.236003395995786e-06,0.00015999999595806003
8.240003396326747e-06,0.00015999999595806003
8.244003396657709e-06,0.00015999999595806003
8.24800339698867e-06,0.00015999999595806003
8.252003397319632e-06,0.00015999999595806003
8.256003397650593e-06,0.00015999999595806003
8.260003397981555e-06,0.00015999999595806003
8.264003398312516e-06,0.00015999999595806003
8.268003398643478e-06,0.00015999999595806003
8.272003398974439e-06,0.00015999999595806003
8.2760033993054e-06,0.00015999999595806003
8.280003399636362e-06,0.00015999999595806003
8.284003399967323e-06,0.00015999999595806003
8.288003400298285e-06,0.00011999999696854502
8.292003400629246e-06,0.00015999999595806003
8.296003400960208e-06,0.00011999999696854502
8.30000340129117e-06,0.00015999999595806003
8.304003401622131e-06,0.00015999999595806003
8.308003401953092e-06,0.00015999999595806003
8.312003402284054e-06,0.00015999999595806003
8.316003402615015e-06,0.00015999999595806003
8.320003402945977e-06,0.00015999999595806003
8.324003403276938e-06,0.00019999999494757503
8.3280034036079e-06,0.00015999999595806003
8.332003403938861e-06,0.00019999999494757503
8.336003404269823e-06,0.00015999999595806003
8.340003404600784e-06,0.00015999999595806003
8.344003404931746e-06,0.00011999999696854502
8.348003405262707e-06,0.00015999999595806003
8.352003405593669e-06,0.00011999999696854502
8.35600340592463e-06,0.00015999999595806003
8.360003406255592e-06,0.00015999999595806003
8.364003406586553e-06,0.00015999999595806003
8.368003406917515e-06,0.00015999999595806003
8.372003407248476e-06,0.00019999999494757503
8.376003407579438e-06,0.00015999999595806003
8.380003407910399e-06,0.00019999999494757503
8.38400340824136e-06,0.00015999999595806003
8.388003408572322e-06,0.00015999999595806003
8.392003408903284e-06,0.00015999999595806003
8.396003409234245e-06,0.00015999999595806003
8.400003409565206e-06,0.00015999999595806003
8.404003409896168e-06,0.00015999999595806003
8.40800341022713e-06,0.00011999999696854502
8.412003410558091e-06,0.00015999999595806003
8.416003410889052e-06,0.00015999999595806003
8.420003411220014e-06,0.00015999999595806003
8.424003411550975e-06,0.00015999999595806003
8.428003411881937e-06,0.00015999999595806003
8.432003412212898e-06,0.00015999999595806003
8.43600341254386e-06,0.00015999999595806003
8.440003412874821e-06,0.00015999999595806003
8.444003413205783e-06,0.00015999999595806003
8.448003413536744e-06,0.00015999999595806003
8.452003413867706e-06,0.00015999999595806003
8.456003414198667e-06,0.00015999999595806003
8.460003414529629e-06,0.00019999999494757503
8.46400341486059e-06,0.00015999999595806003
8.468003415191552e-06,0.00015999999595806003
8.472003415522513e-06,0.00011999999696854502
8.476003415853475e-06,0.00015999999595806003
8.480003416184436e-06,0.00011999999696854502
8.484003416515398e-06,0.00015999999595806003
8.488003416846359e-06,0.00011999999696854502
8.49200341717732e-06,0.00015999999595806003
8.496003417508282e-06,0.00015999999595806003
8.500003417839244e-06,0.00019999999494757503
8.504003418170205e-06,0.00015999999595806003
8.508003418501167e-06,0.00019999999494757503
8.512003418832128e-06,0.00015999999595806003
8.51600341916309e-06,0.00019999999494757503
8.520003419494051e-06,0.00015999999595806003
8.524003419825012e-06,0.00015999999595806003
8.528003420155974e-06,0.00015999999595806003
8.532003420486935e-06,0.00015999999595806003
8.536003420817897e-06,0.00015999999595806003
8.540003421148858e-06,0.00015999999595806003
8.54400342147982e-06,0.00015999999595806003
8.548003421810781e-06,0.00015999999595806003
8.552003422141743e-06,0.00015999999595806003
8.556003422472704e-06,0.00015999999595806003
8.560003422803666e-06,0.00015999999595806003
8.564003423134627e-06,0.00015999999595806003
8.568003423465589e-06,0.00015999999595806003
8.57200342379655e-06,0.00015999999595806003
8.576003424127512e-06,0.00015999999595806003
8.580003424458473e-06,0.00019999999494757503
8.584003424789435e-06,0.00015999999595806003
8.588003425120396e-06,0.00015999999595806003
8.592003425451358e-06,0.00011999999696854502
8.59600342578232e-06,0.00015999999595806003
8.60000342611328e-06,0.00011999999696854502
8.604003426444242e-06,0.00015999999595806003
8.608003426775204e-06,0.00015999999595806003
8.612003427106165e-06,0.00015999999595806003
8.616003427437127e-06,0.00015999999595806003
8.620003427768088e-06,0.00015999999595806003
8.62400342809905e-06,0.00015999999595806003
8.628003428430011e-06,0.00019999999494757503
8.632003428760973e-06,0.00015999999595806003
8.636003429091934e-06,0.00015999999595806003
8.640003429422896e-06,0.00015999999595806003
8.644003429753857e-06,0.00015999999595806003
8.648003430084818e-06,0.00015999999595806003
8.65200343041578e-06,0.00015999999595806003
8.656003430746741e-06,0.00015999999595806003
8.660003431077703e-06,0.00015999999595806003
8.664003431408664e-06,0.00011999999696854502
8.668003431739626e-06,0.00015999999595806003
8.672003432070587e-06,0.00011999999696854502
8.676003432401549e-06,0.00015999999595806003
8.68000343273251e-06,0.00015999999595806003
8.684003433063472e-06,0.00015999999595806003
8.688003433394433e-06,0.00015999999595806003
8.692003433725395e-06,0.00019999999494757503
8.696003434056356e-06,0.00015999999595806003
8.700003434387318e-06,0.00019999999494757503
8.70400343471828e-06,0.00015999999595806003
8.70800343504924e-06,0.00019999999494757503
8.712003435380202e-06,0.00015999999595806003
8.716003435711164e-06,0.00015999999595806003
8.720003436042125e-06,0.00011999999696854502
8.724003436373087e-06,0.00011999999696854502
8.728003436704048e-06,0.00011999999696854502
8.73200343703501e-06,0.00011999999696854502
8.736003437365971e-06,0.00011999999696854502
8.740003437696933e-06,0.00015999999595806003
8.744003438027894e-06,0.00015999999595806003
8.748003438358856e-06,0.00019999999494757503
8.752003438689817e-06,0.00015999999595806003
8.756003439020779e-06,0.00015999999595806003
8.76000343935174e-06,0.00015999999595806003
8.764003439682702e-06,0.00015999999595806003
8.768003440013663e-06,0.00015999999595806003
8.772003440344624e-06,0.00015999999595806003
8.776003440675586e-06,0.00015999999595806003
8.780003441006547e-06,0.00015999999595806003
8.784003441337509e-06,0.00011999999696854502
8.78800344166847e-06,0.00015999999595806003
8.792003441999432e-06,0.00015999999595806003
8.796003442330393e-06,0.00015999999595806003
8.800003442661355e-06,0.00015999999595806003
8.804003442992316e-06,0.00015999999595806003
8.808003443323278e-06,0.00015999999595806003
8.81200344365424e-06,0.00015999999595806003
8.8160034439852e-06,0.00015999999595806003
8.820003444316162e-06,0.00019999999494757503
8.824003444647124e-06,0.00015999999595806003
8.828003444978085e-06,0.00015999999595806003
8.832003445309047e-06,0.00015999999595806003
8.836003445640008e-06,0.00015999999595806003
8.84000344597097e-06,0.00015999999595806003
8.844003446301931e-06,0.00015999999595806003
8.848003446632893e-06,0.00015999999595806003
8.852003446963854e-06,0.00015999999595806003
8.856003447294816e-06,0.00015999999595806003
8.860003447625777e-06,0.00019999999494757503
8.864003447956739e-06,0.00015999999595806003
8.8680034482877e-06,0.00019999999494757503
8.872003448618662e-06,0.00015999999595806003
8.876003448949623e-06,0.00015999999595806003
8.880003449280585e-06,0.00011999999696854502
8.884003449611546e-06,0.00015999999595806003
8.888003449942508e-06,0.00015999999595806003
8.892003450273469e-06,0.00015999999595806003
8.89600345060443e-06,0.00015999999595806003
8.900003450935392e-06,0.00015999999595806003
8.904003451266353e-06,0.00015999999595806003
8.908003451597315e-06,0.00015999999595806003
8.912003451928276e-06,0.00015999999595806003
8.916003452259238e-06,0.00015999999595806003
8.9200034525902e-06,0.00011999999696854502
8.924003452921161e-06,0.00015999999595806003
8.928003453252122e-06,0.00015999999595806003
8.932003453583084e-06,0.00015999999595806003
8.936003453914045e-06,0.00015999999595806003
8.940003454245007e-06,0.00015999999595806003
8.944003454575968e-06,0.00015999999595806003
8.94800345490693e-06,0.00015999999595806003
8.952003455237891e-06,0.00015999999595806003
8.956003455568853e-06,0.00015999999595806003
8.960003455899814e-06,0.00011999999696854502
8.964003456230776e-06,0.00015999999595806003
8.968003456561737e-06,0.00015999999595806003
8.972003456892699e-06,0.00015999999595806003
8.97600345722366e-06,0.00015999999595806003
8.980003457554622e-06,0.00019999999494757503
8.984003457885583e-06,0.00019999999494757503
8.988003458216545e-06,0.00019999999494757503
8.992003458547506e-06,0.00015999999595806003
8.996003458878468e-06,0.00015999999595806003
9.000003459209429e-06,0.00015999999595806003
9.00400345954039e-06,0.00015999999595806003
9.008003459871352e-06,0.00011999999696854502
9.012003460202314e-06,0.00015999999595806003
9.016003460533275e-06,0.00011999999696854502
9.020003460864236e-06,0.00015999999595806003
9.024003461195198e-06,0.00015999999595806003
9.02800346152616e-06,0.00015999999595806003
9.032003461857121e-06,0.00015999999595806003
9.036003462188082e-06,0.00015999999595806003
9.040003462519044e-06,0.00015999999595806003
9.044003462850005e-06,0.00015999999595806003
9.048003463180967e-06,0.00015999999595806003
9.052003463511928e-06,0.00015999999595806003
9.05600346384289e-06,0.00015999999595806003
9.060003464173851e-06,0.00015999999595806003
9.064003464504813e-06,0.00015999999595806003
9.068003464835774e-06,0.00019999999494757503
9.072003465166736e-06,0.00015999999595806003
9.076003465497697e-06,0.00015999999595806003
9.080003465828659e-06,0.00015999999595806003
9.08400346615962e-06,0.00015999999595806003
9.088003466490582e-06,0.00015999999595806003
9.092003466821543e-06,0.00015999999595806003
9.096003467152505e-06,0.00015999999595806003
9.100003467483466e-06,0.00015999999595806003
9.104003467814428e-06,0.00011999999696854502
9.108003468145389e-06,0.00015999999595806003
9.11200346847635e-06,0.00015999999595806003
9.116003468807312e-06,0.00015999999595806003
9.120003469138274e-06,0.00015999999595806003
9.124003469469235e-06,0.00015999999595806003
9.128003469800197e-06,0.00015999999595806003
9.132003470131158e-06,0.00015999999595806003
9.13600347046212e-06,0.00015999999595806003
9.140003470793081e-06,0.00015999999595806003
9.144003471124042e-06,0.00011999999696854502
9.148003471455004e-06,0.00015999999595806003
9.152003471785965e-06,0.00015999999595806003
9.156003472116927e-06,0.00015999999595806003
9.160003472447888e-06,0.00015999999595806003
9.16400347277885e-06,0.00015999999595806003
9.168003473109811e-06,0.00015999999595806003
9.172003473440773e-06,0.00015999999595806003
9.176003473771734e-06,0.00015999999595806003
9.180003474102696e-06,0.00015999999595806003
9.184003474433657e-06,0.00015999999595806003
9.188003474764619e-06,0.00015999999595806003
9.19200347509558e-06,0.00015999999595806003
9.196003475426542e-06,0.00019999999494757503
9.200003475757503e-06,0.00015999999595806003
9.204003476088465e-06,0.00015999999595806003
9.208003476419426e-06,0.00015999999595806003
9.212003476750388e-06,0.00015999999595806003
9.21600347708135e-06,0.00015999999595806003
9.22000347741231e-06,0.00015999999595806003
9.224003477743272e-06,0.00015999999595806003
9.228003478074234e-06,0.00015999999595806003
9.232003478405195e-06,0.00011999999696854502
9.236003478736157e-06,0.00015999999595806003
9.240003479067118e-06,0.00011999999696854502
9.24400347939808e-06,0.00015999999595806003
9.248003479729041e-06,0.00015999999595806003
9.252003480060003e-06,0.00015999999595806003
9.256003480390964e-06,0.00015999999595806003
9.260003480721926e-06,0.00015999999595806003
9.264003481052887e-06,0.00015999999595806003
9.268003481383848e-06,0.00015999999595806003
9.27200348171481e-06,0.00015999999595806003
9.276003482045771e-06,0.00015999999595806003
9.280003482376733e-06,0.00015999999595806003
9.284003482707694e-06,0.00015999999595806003
9.288003483038656e-06,0.00015999999595806003
9.292003483369617e-06,0.00015999999595806003
9.296003483700579e-06,0.00011999999696854502
9.30000348403154e-06,0.00015999999595806003
9.304003484362502e-06,0.00015999999595806003
9.308003484693463e-06,0.00015999999595806003
9.312003485024425e-06,0.00015999999595806003
9.316003485355386e-06,0.00015999999595806003
9.320003485686348e-06,0.00015999999595806003
9.32400348601731e-06,0.00015999999595806003
9.32800348634827e-06,0.00015999999595806003
9.332003486679232e-06,0.00015999999595806003
9.336003487010194e-06,0.00015999999595806003
9.340003487341155e-06,0.00015999999595806003
9.344003487672117e-06,0.00015999999595806003
9.348003488003078e-06,0.00015999999595806003
9.35200348833404e-06,0.00015999999595806003
9.356003488665001e-06,0.00015999999595806003
9.360003488995963e-06,0.00015999999595806003
9.364003489326924e-06,0.00015999999595806003
9.368003489657886e-06,0.00011999999696854502
9.372003489988847e-06,0.00015999999595806003
9.376003490319809e-06,0.00011999999696854502
9.38000349065077e-06,0.00015999999595806003
9.384003490981732e-06,0.00015999999595806003
9.388003491312693e-06,0.00019999999494757503
9.392003491643655e-06,0.00015999999595806003
9.396003491974616e-06,0.00019999999494757503
9.400003492305577e-06,0.00015999999595806003
9.404003492636539e-06,0.00015999999595806003
9.4080034929675e-06,0.00015999999595806003
9.412003493298462e-06,0.00015999999595806003
9.416003493629423e-06,0.00011999999696854502
9.420003493960385e-06,0.00015999999595806003
9.424003494291346e-06,0.00015999999595806003
9.428003494622308e-06,0.00015999999595806003
9.43200349495327e-06,0.00015999999595806003
9.43600349528423e-06,0.00015999999595806003
9.440003495615192e-06,0.00015999999595806003
9.444003495946154e-06,0.00015999999595806003
9.448003496277115e-06,0.00015999999595806003
9.452003496608077e-06,0.00015999999595806003
9.456003496939038e-06,0.00011999999696854502
9.46000349727e-06,0.00015999999595806003
9.464003497600961e-06,0.00015999999595806003
9.468003497931923e-06,0.00015999999595806003
9.472003498262884e-06,0.00015999999595806003
9.476003498593846e-06,0.00019999999494757503
9.480003498924807e-06,0.00015999999595806003
9.484003499255769e-06,0.00015999999595806003
9.48800349958673e-06,0.00015999999595806003
9.492003499917692e-06,0.00015999999595806003
9.496003500248653e-06,0.00015999999595806003
9.500003500579615e-06,0.00015999999595806003
9.504003500910576e-06,0.00011999999696854502
9.508003501241538e-06,0.00015999999595806003
9.512003501572499e-06,0.00015999999595806003
9.51600350190346e-06,0.00019999999494757503
9.520003502234422e-06,0.00015999999595806003
9.524003502565383e-06,0.00015999999595806003
9.528003502896345e-06,0.00015999999595806003
9.532003503227306e-06,0.00015999999595806003
9.536003503558268e-06,0.00015999999595806003
9.54000350388923e-06,0.00015999999595806003
9.544003504220191e-06,0.00015999999595806003
9.548003504551152e-06,0.00015999999595806003
9.552003504882114e-06,0.00015999999595806003
9.556003505213075e-06,0.00015999999595806003
9.560003505544037e-06,0.00015999999595806003
9.564003505874998e-06,0.00019999999494757503
9.56800350620596e-06,0.00015999999595806003
9.572003506536921e-06,0.00015999999595806003
9.576003506867883e-06,0.00015999999595806003
9.580003507198844e-06,0.00015999999595806003
9.584003507529806e-06,0.00011999999696854502
9.588003507860767e-06,0.00015999999595806003
9.592003508191729e-06,0.00015999999595806003
9.59600350852269e-06,0.00015999999595806003
9.600003508853652e-06,0.00015999999595806003
9.604003509184613e-06,0.00015999999595806003
9.608003509515575e-06,0.00015999999595806003
9.612003509846536e-06,0.00015999999595806003
9.616003510177498e-06,0.00011999999696854502
9.620003510508459e-06,0.00015999999595806003
9.62400351083942e-06,0.00011999999696854502
9.628003511170382e-06,0.00015999999595806003
9.632003511501344e-06,0.00015999999595806003
9.636003511832305e-06,0.00015999999595806003
9.640003512163267e-06,0.00015999999595806003
9.644003512494228e-06,0.00015999999595806003
9.64800351282519e-06,0.00015999999595806003
9.652003513156151e-06,0.00015999999595806003
9.656003513487112e-06,0.00015999999595806003
9.660003513818074e-06,0.00015999999595806003
9.664003514149035e-06,0.00015999999595806003
9.668003514479997e-06,0.00015999999595806003
9.672003514810958e-06,0.00015999999595806003
9.67600351514192e-06,0.00015999999595806003
9.680003515472881e-06,0.00015999999595806003
9.684003515803843e-06,0.00015999999595806003
9.688003516134804e-06,0.00015999999595806003
9.692003516465766e-06,0.00015999999595806003
9.696003516796727e-06,0.00015999999595806003
9.700003517127689e-06,0.00019999999494757503
9.70400351745865e-06,0.00015999999595806003
9.708003517789612e-06,0.00015999999595806003
9.712003518120573e-06,0.00015999999595806003
9.716003518451535e-06,0.00015999999595806003
9.720003518782496e-06,0.00015999999595806003
9.724003519113458e-06,0.00015999999595806003
9.72800351944442e-06,0.00015999999595806003
9.73200351977538e-06,0.00015999999595806003
9.736003520106342e-06,0.00015999999595806003
9.740003520437304e-06,0.00015999999595806003
9.744003520768265e-06,0.00015999999595806003
9.748003521099227e-06,0.00015999999595806003
9.752003521430188e-06,0.00015999999595806003
9.75600352176115e-06,0.00015999999595806003
9.760003522092111e-06,0.00015999999595806003
9.764003522423073e-06,0.00019999999494757503
9.768003522754034e-06,0.00015999999595806003
9.772003523084995e-06,0.00019999999494757503
9.776003523415957e-06,0.00015999999595806003
9.780003523746918e-06,0.00015999999595806003
9.78400352407788e-06,0.00015999999595806003
9.788003524408841e-06,0.00015999999595806003
9.792003524739803e-06,0.00015999999595806003
9.796003525070764e-06,0.00015999999595806003
9.800003525401726e-06,0.00015999999595806003
9.804003525732687e-06,0.00015999999595806003
9.808003526063649e-06,0.00015999999595806003
9.81200352639461e-06,0.00015999999595806003
9.816003526725572e-06,0.00015999999595806003
9.820003527056533e-06,0.00015999999595806003
9.824003527387495e-06,0.00015999999595806003
9.828003527718456e-06,0.00015999999595806003
9.832003528049418e-06,0.00015999999595806003
9.83600352838038e-06,0.00015999999595806003
9.84000352871134e-06,0.00015999999595806003
9.844003529042302e-06,0.00015999999595806003
9.848003529373264e-06,0.00015999999595806003
9.852003529704225e-06,0.00015999999595806003
9.856003530035187e-06,0.00015999999595806003
9.860003530366148e-06,0.00015999999595806003
9.86400353069711e-06,0.00015999999595806003
9.868003531028071e-06,0.00019999999494757503
9.872003531359033e-06,0.00015999999595806003
9.876003531689994e-06,0.00015999999595806003
9.880003532020956e-06,0.00015999999595806003
9.884003532351917e-06,0.00015999999595806003
9.888003532682879e-06,0.00015999999595806003
9.89200353301384e-06,0.00019999999494757503
9.896003533344801e-06,0.00015999999595806003
9.900003533675763e-06,0.00015999999595806003
9.904003534006724e-06,0.00011999999696854502
9.908003534337686e-06,0.00015999999595806003
9.912003534668647e-06,0.00011999999696854502
9.916003534999609e-06,0.00015999999595806003
9.92000353533057e-06,0.00015999999595806003
9.924003535661532e-06,0.00015999999595806003
9.928003535992493e-06,0.00015999999595806003
9.932003536323455e-06,0.00015999999595806003
9.936003536654416e-06,0.00015999999595806003
9.940003536985378e-06,0.00015999999595806003
9.94400353731634e-06,0.00015999999595806003
9.9480035376473e-06,0.00015999999595806003
9.952003537978262e-06,0.00015999999595806003
9.956003538309224e-06,0.00015999999595806003
9.960003538640185e-06,0.00015999999595806003
9.964003538971147e-06,0.00019999999494757503
9.968003539302108e-06,0.00015999999595806003
9.97200353963307e-06,0.00015999999595806003
9.976003539964031e-06,0.00015999999595806003
9.980003540294993e-06,0.00015999999595806003
9.984003540625954e-06,0.00011999999696854502
9.988003540956916e-06,0.00015999999595806003
9.992003541287877e-06,0.00015999999595806003
9.996003541618839e-06,0.00015999999595806003
1.00000035419498e-05,0.00015999999595806003
1.0004003542280762e-05,0.00015999999595806003
1.0008003542611723e-05,0.00015999999595806003
1.0012003542942685e-05,0.00019999999494757503
1.0016003543273646e-05,0.00015999999595806003
1.0020003543604607e-05,0.00015999999595806003
1.0024003543935569e-05,0.00011999999696854502
1.002800354426653e-05,0.00015999999595806003
1.0032003544597492e-05,0.00015999999595806003
1.0036003544928453e-05,0.00015999999595806003
1.0040003545259415e-05,0.00015999999595806003
1.0044003545590376e-05,0.00015999999595806003
1.0048003545921338e-05,0.00015999999595806003
1.00520035462523e-05,0.00015999999595806003
1.0056003546583261e-05,0.00015999999595806003
1.0060003546914222e-05,0.00015999999595806003
1.0064003547245184e-05,0.00015999999595806003
1.0068003547576145e-05,0.00015999999595806003
1.0072003547907107e-05,0.00015999999595806003
1.0076003548238068e-05,0.00019999999494757503
1.008000354856903e-05,0.00015999999595806003
1.0084003548899991e-05,0.00019999999494757503
1.0088003549230953e-05,0.00015999999595806003
1.0092003549561914e-05,0.00015999999595806003
1.0096003549892876e-05,0.00015999999595806003
1.0100003550223837e-05,0.00015999999595806003
1.0104003550554799e-05,0.00011999999696854502
1.010800355088576e-05,0.00015999999595806003
1.0112003551216722e-05,0.00011999999696854502
1.0116003551547683e-05,0.00015999999595806003
1.0120003551878645e-05,0.00015999999595806003
1.0124003552209606e-05,0.00019999999494757503
1.0128003552540568e-05,0.00015999999595806003
1.0132003552871529e-05,0.00015999999595806003
1.013600355320249e-05,0.00015999999595806003
1.0140003553533452e-05,0.00015999999595806003
1.0144003553864413e-05,0.00011999999696854502
1.0148003554195375e-05,0.00015999999595806003
1.0152003554526336e-05,0.00011999999696854502
1.0156003554857298e-05,0.00015999999595806003
1.016000355518826e-05,0.00011999999696854502
1.0164003555519221e-05,0.00015999999595806003
1.0168003555850182e-05,0.00015999999595806003
1.0172003556181144e-05,0.00019999999494757503
1.0176003556512105e-05,0.00015999999595806003
1.0180003556843067e-05,0.00015999999595806003
1.0184003557174028e-05,0.00015999999595806003
1.018800355750499e-05,0.00019999999494757503
1.0192003557835951e-05,0.00015999999595806003
1.0196003558166913e-05,0.00015999999595806003
1.0200003558497874e-05,0.00015999999595806003
1.0204003558828836e-05,0.00015999999595806003
1.0208003559159797e-05,0.00011999999696854502
1.0212003559490759e-05,0.00015999999595806003
1.021600355982172e-05,0.00011999999696854502
1.0220003560152682e-05,0.00015999999595806003
1.0224003560483643e-05,0.00011999999696854502
1.0228003560814605e-05,0.00015999999595806003
1.0232003561145566e-05,0.00015999999595806003
1.0236003561476528e-05,0.00019999999494757503
1.0240003561807489e-05,0.00015999999595806003
1.024400356213845e-05,0.00019999999494757503
1.0248003562469412e-05,0.00019999999494757503
1.0252003562800374e-05,0.00019999999494757503
1.0256003563131335e-05,0.00015999999595806003
1.0260003563462297e-05,0.00015999999595806003
1.0264003563793258e-05,0.00011999999696854502
1.026800356412422e-05,0.00011999999696854502
1.0272003564455181e-05,0.00011999999696854502
1.0276003564786142e-05,0.00015999999595806003
1.0280003565117104e-05,0.00015999999595806003
1.0284003565448065e-05,0.00015999999595806003
1.0288003565779027e-05,0.00015999999595806003
1.0292003566109988e-05,0.00015999999595806003
1.029600356644095e-05,0.00015999999595806003
1.0300003566771911e-05,0.00015999999595806003
1.0304003567102873e-05,0.00015999999595806003
1.0308003567433834e-05,0.00015999999595806003
1.0312003567764796e-05,0.00015999999595806003
1.0316003568095757e-05,0.00015999999595806003
1.0320003568426719e-05,0.00015999999595806003
1.032400356875768e-05,0.00019999999494757503
1.0328003569088642e-05,0.00015999999595806003
1.0332003569419603e-05,0.00015999999595806003
1.0336003569750565e-05,0.00011999999696854502
1.0340003570081526e-05,0.00011999999696854502
1.0344003570412488e-05,0.00011999999696854502
1.034800357074345e-05,0.00015999999595806003
1.035200357107441e-05,0.00011999999696854502
1.0356003571405372e-05,0.00015999999595806003
1.0360003571736334e-05,0.00015999999595806003
1.0364003572067295e-05,0.00019999999494757503
1.0368003572398257e-05,0.00019999999494757503
1.0372003572729218e-05,0.00019999999494757503
1.037600357306018e-05,0.00015999999595806003
1.0380003573391141e-05,0.00015999999595806003
1.0384003573722103e-05,0.00015999999595806003
1.0388003574053064e-05,0.00011999999696854502
1.0392003574384026e-05,0.00011999999696854502
1.0396003574714987e-05,0.00015999999595806003
1.0400003575045948e-05,0.00011999999696854502
1.040400357537691e-05,0.00015999999595806003
1.0408003575707871e-05,0.00015999999595806003
1.0412003576038833e-05,0.00015999999595806003
1.0416003576369794e-05,0.00015999999595806003
1.0420003576700756e-05,0.00015999999595806003
1.0424003577031717e-05,0.00015999999595806003
1.0428003577362679e-05,0.00015999999595806003
1.043200357769364e-05,0.00015999999595806003
1.0436003578024602e-05,0.00015999999595806003
1.0440003578355563e-05,0.00015999999595806003
1.0444003578686525e-05,0.00019999999494757503
1.0448003579017486e-05,0.00015999999595806003
1.0452003579348448e-05,0.00015999999595806003
1.045600357967941e-05,0.00015999999595806003
1.046000358001037e-05,0.00015999999595806003
1.0464003580341332e-05,0.00011999999696854502
1.0468003580672294e-05,0.00011999999696854502
1.0472003581003255e-05,0.00011999999696854502
1.0476003581334217e-05,0.00015999999595806003
1.0480003581665178e-05,0.00011999999696854502
1.048400358199614e-05,0.00015999999595806003
1.0488003582327101e-05,0.00015999999595806003
1.0492003582658063e-05,0.00019999999494757503
1.0496003582989024e-05,0.00015999999595806003
1.0500003583319986e-05,0.00015999999595806003
1.0504003583650947e-05,0.00015999999595806003
1.0508003583981909e-05,0.00015999999595806003
1.051200358431287e-05,0.00015999999595806003
1.0516003584643832e-05,0.00015999999595806003
1.0520003584974793e-05,0.00011999999696854502
1.0524003585305754e-05,0.00015999999595806003
1.0528003585636716e-05,0.00015999999595806003
1.0532003585967677e-05,0.00015999999595806003
1.0536003586298639e-05,0.00011999999696854502
1.05400035866296e-05,0.00015999999595806003
1.0544003586960562e-05,0.00011999999696854502
1.0548003587291523e-05,0.00015999999595806003
1.0552003587622485e-05,0.00015999999595806003
1.0556003587953446e-05,0.00015999999595806003
1.0560003588284408e-05,0.00015999999595806003
1.056400358861537e-05,0.00019999999494757503
1.056800358894633e-05,0.00015999999595806003
1.0572003589277292e-05,0.00019999999494757503
1.0576003589608254e-05,0.00015999999595806003
1.0580003589939215e-05,0.00019999999494757503
1.0584003590270177e-05,0.00015999999595806003
1.0588003590601138e-05,0.00015999999595806003
1.05920035909321e-05,0.00011999999696854502
1.0596003591263061e-05,0.00015999999595806003
1.0600003591594023e-05,0.00011999999696854502
1.0604003591924984e-05,0.00015999999595806003
1.0608003592255946e-05,0.00015999999595806003
1.0612003592586907e-05,0.00015999999595806003
1.0616003592917869e-05,0.00015999999595806003
1.062000359324883e-05,0.00015999999595806003
1.0624003593579792e-05,0.00015999999595806003
1.0628003593910753e-05,0.00015999999595806003
1.0632003594241715e-05,0.00015999999595806003
1.0636003594572676e-05,0.00015999999595806003
1.0640003594903638e-05,0.00015999999595806003
1.0644003595234599e-05,0.00015999999595806003
1.064800359556556e-05,0.00015999999595806003
1.0652003595896522e-05,0.00015999999595806003
1.0656003596227483e-05,0.00011999999696854502
1.0660003596558445e-05,0.00015999999595806003
1.0664003596889406e-05,0.00015999999595806003
1.0668003597220368e-05,0.00015999999595806003
1.067200359755133e-05,0.00011999999696854502
1.0676003597882291e-05,0.00015999999595806003
1.0680003598213252e-05,0.00015999999595806003
1.0684003598544214e-05,0.00015999999595806003
1.0688003598875175e-05,0.00015999999595806003
1.0692003599206137e-05,0.00019999999494757503
1.0696003599537098e-05,0.00015999999595806003
1.070000359986806e-05,0.00019999999494757503
1.0704003600199021e-05,0.00015999999595806003
1.0708003600529983e-05,0.00015999999595806003
1.0712003600860944e-05,0.00011999999696854502
1.0716003601191906e-05,0.00015999999595806003
1.0720003601522867e-05,0.00011999999696854502
1.0724003601853829e-05,0.00015999999595806003
1.072800360218479e-05,0.00015999999595806003
1.0732003602515752e-05,0.00015999999595806003
1.0736003602846713e-05,0.00015999999595806003
1.0740003603177675e-05,0.00015999999595806003
1.0744003603508636e-05,0.00015999999595806003
1.0748003603839598e-05,0.00015999999595806003
1.0752003604170559e-05,0.00015999999595806003
1.075600360450152e-05,0.00015999999595806003
1.0760003604832482e-05,0.00015999999595806003
1.0764003605163444e-05,0.00015999999595806003
1.0768003605494405e-05,0.00015999999595806003
1.0772003605825366e-05,0.00015999999595806003
1.0776003606156328e-05,0.00015999999595806003
1.078000360648729e-05,0.00015999999595806003
1.0784003606818251e-05,0.00015999999595806003
1.0788003607149212e-05,0.00015999999595806003
1.0792003607480174e-05,0.00015999999595806003
1.0796003607811135e-05,0.00015999999595806003
1.0800003608142097e-05,0.00015999999595806003
1.0804003608473058e-05,0.00019999999494757503
1.080800360880402e-05,0.00015999999595806003
1.0812003609134981e-05,0.00019999999494757503
1.0816003609465943e-05,0.00015999999595806003
1.0820003609796904e-05,0.00015999999595806003
1.0824003610127866e-05,0.00015999999595806003
1.0828003610458827e-05,0.00015999999595806003
1.0832003610789789e-05,0.00011999999696854502
1.083600361112075e-05,0.00015999999595806003
1.0840003611451712e-05,0.00015999999595806003
1.0844003611782673e-05,0.00015999999595806003
1.0848003612113635e-05,0.00015999999595806003
1.0852003612444596e-05,0.00015999999595806003
1.0856003612775558e-05,0.00015999999595806003
1.0860003613106519e-05,0.00019999999494757503
1.086400361343748e-05,0.00015999999595806003
1.0868003613768442e-05,0.00015999999595806003
1.0872003614099404e-05,0.00015999999595806003
1.0876003614430365e-05,0.00015999999595806003
1.0880003614761327e-05,0.00015999999595806003
1.0884003615092288e-05,0.00015999999595806003
1.088800361542325e-05,0.00015999999595806003
1.0892003615754211e-05,0.00015999999595806003
1.0896003616085172e-05,0.00015999999595806003
1.0900003616416134e-05,0.00015999999595806003
1.0904003616747095e-05,0.00015999999595806003
1.0908003617078057e-05,0.00015999999595806003
1.0912003617409018e-05,0.00015999999595806003
1.091600361773998e-05,0.00015999999595806003
1.0920003618070941e-05,0.00015999999595806003
1.0924003618401903e-05,0.00015999999595806003
1.0928003618732864e-05,0.00015999999595806003
1.0932003619063826e-05,0.00019999999494757503
1.0936003619394787e-05,0.00015999999595806003
1.0940003619725749e-05,0.00019999999494757503
1.094400362005671e-05,0.00015999999595806003
1.0948003620387672e-05,0.00015999999595806003
1.0952003620718633e-05,0.00011999999696854502
1.0956003621049595e-05,0.00015999999595806003
1.0960003621380556e-05,0.00015999999595806003
1.0964003621711518e-05,0.00015999999595806003
1.096800362204248e-05,0.00015999999595806003
1.097200362237344e-05,0.00015999999595806003
1.0976003622704402e-05,0.00015999999595806003
1.0980003623035364e-05,0.00015999999595806003
1.0984003623366325e-05,0.00015999999595806003
1.0988003623697287e-05,0.00015999999595806003
1.0992003624028248e-05,0.00015999999595806003
1.099600362435921e-05,0.00015999999595806003
1.1000003624690171e-05,0.00015999999595806003
1.1004003625021133e-05,0.00015999999595806003
1.1008003625352094e-05,0.00015999999595806003
1.1012003625683056e-05,0.00019999999494757503
1.1016003626014017e-05,0.00015999999595806003
1.1020003626344978e-05,0.00015999999595806003
1.102400362667594e-05,0.00015999999595806003
1.1028003627006901e-05,0.00015999999595806003
1.1032003627337863e-05,0.00015999999595806003
1.1036003627668824e-05,0.00015999999595806003
1.1040003627999786e-05,0.00011999999696854502
1.1044003628330747e-05,0.00015999999595806003
1.1048003628661709e-05,0.00015999999595806003
1.105200362899267e-05,0.00015999999595806003
1.1056003629323632e-05,0.00015999999595806003
1.1060003629654593e-05,0.00019999999494757503
1.1064003629985555e-05,0.00015999999595806003
1.1068003630316516e-05,0.00015999999595806003
1.1072003630647478e-05,0.00015999999595806003
1.107600363097844e-05,0.00015999999595806003
1.10800036313094e-05,0.00015999999595806003
1.1084003631640362e-05,0.00015999999595806003
1.1088003631971324e-05,0.00015999999595806003
1.1092003632302285e-05,0.00015999999595806003
1.1096003632633247e-05,0.00015999999595806003
1.1100003632964208e-05,0.00015999999595806003
1.110400363329517e-05,0.00015999999595806003
1.1108003633626131e-05,0.00015999999595806003
1.1112003633957093e-05,0.00015999999595806003
1.1116003634288054e-05,0.00015999999595806003
1.1120003634619016e-05,0.00015999999595806003
1.1124003634949977e-05,0.00015999999595806003
1.1128003635280939e-05,0.00015999999595806003
1.11320036356119e-05,0.00015999999595806003
1.1136003635942862e-05,0.00015999999595806003
1.1140003636273823e-05,0.00015999999595806003
1.1144003636604784e-05,0.00015999999595806003
1.1148003636935746e-05,0.00019999999494757503
1.1152003637266707e-05,0.00015999999595806003
1.1156003637597669e-05,0.00015999999595806003
1.116000363792863e-05,0.00015999999595806003
1.1164003638259592e-05,0.00015999999595806003
1.1168003638590553e-05,0.00011999999696854502
1.1172003638921515e-05,0.00015999999595806003
1.1176003639252476e-05,0.00011999999696854502
1.1180003639583438e-05,0.00015999999595806003
1.11840036399144e-05,0.00015999999595806003
1.118800364024536e-05,0.00019999999494757503
1.1192003640576322e-05,0.00015999999595806003
1.1196003640907284e-05,0.00015999999595806003
1.1200003641238245e-05,0.00015999999595806003
1.1204003641569207e-05,0.00015999999595806003
1.1208003641900168e-05,0.00015999999595806003
1.121200364223113e-05,0.00015999999595806003
1.1216003642562091e-05,0.00015999999595806003
1.1220003642893053e-05,0.00015999999595806003
1.1224003643224014e-05,0.00015999999595806003
1.1228003643554976e-05,0.00015999999595806003
1.1232003643885937e-05,0.00011999999696854502
1.1236003644216899e-05,0.00015999999595806003
1.124000364454786e-05,0.00011999999696854502
1.1244003644878822e-05,0.00015999999595806003
1.1248003645209783e-05,0.00015999999595806003
1.1252003645540745e-05,0.00015999999595806003
1.1256003645871706e-05,0.00015999999595806003
1.1260003646202668e-05,0.00015999999595806003
1.1264003646533629e-05,0.00015999999595806003
1.126800364686459e-05,0.00019999999494757503
1.1272003647195552e-05,0.00015999999595806003
1.1276003647526513e-05,0.00015999999595806003
1.1280003647857475e-05,0.00015999999595806003
1.1284003648188436e-05,0.00015999999595806003
1.1288003648519398e-05,0.00015999999595806003
1.129200364885036e-05,0.00015999999595806003
1.1296003649181321e-05,0.00015999999595806003
1.1300003649512282e-05,0.00015999999595806003
1.1304003649843244e-05,0.00015999999595806003
1.1308003650174205e-05,0.00015999999595806003
1.1312003650505167e-05,0.00015999999595806003
1.1316003650836128e-05,0.00015999999595806003
1.132000365116709e-05,0.00015999999595806003
1.1324003651498051e-05,0.00015999999595806003
1.1328003651829013e-05,0.00015999999595806003
1.1332003652159974e-05,0.00015999999595806003
1.1336003652490936e-05,0.00015999999595806003
1.1340003652821897e-05,0.00015999999595806003
1.1344003653152859e-05,0.00015999999595806003
1.134800365348382e-05,0.00015999999595806003
1.1352003653814782e-05,0.00015999999595806003
1.1356003654145743e-05,0.00015999999595806003
1.1360003654476705e-05,0.00015999999595806003
1.1364003654807666e-05,0.00015999999595806003
1.1368003655138628e-05,0.00015999999595806003
1.1372003655469589e-05,0.00015999999595806003
1.137600365580055e-05,0.00015999999595806003
1.1380003656131512e-05,0.00019999999494757503
1.1384003656462474e-05,0.00019999999494757503
1.1388003656793435e-05,0.00019999999494757503
1.1392003657124397e-05,0.00015999999595806003
1.1396003657455358e-05,0.00015999999595806003
1.140000365778632e-05,0.00011999999696854502
1.1404003658117281e-05,0.00011999999696854502
1.1408003658448242e-05,0.00011999999696854502
1.1412003658779204e-05,0.00011999999696854502
1.1416003659110165e-05,0.00011999999696854502
1.1420003659441127e-05,0.00015999999595806003
1.1424003659772088e-05,0.00015999999595806003
1.142800366010305e-05,0.00019999999494757503
1.1432003660434011e-05,0.00015999999595806003
1.1436003660764973e-05,0.00019999999494757503
1.1440003661095934e-05,0.00015999999595806003
1.1444003661426896e-05,0.00015999999595806003
1.1448003661757857e-05,0.00015999999595806003
1.1452003662088819e-05,0.00015999999595806003
1.145600366241978e-05,0.00015999999595806003
1.1460003662750742e-05,0.00015999999595806003
1.1464003663081703e-05,0.00015999999595806003
1.1468003663412665e-05,0.00015999999595806003
1.1472003663743626e-05,0.00015999999595806003
1.1476003664074588e-05,0.00015999999595806003
1.1480003664405549e-05,0.00015999999595806003
1.148400366473651e-05,0.00015999999595806003
1.1488003665067472e-05,0.00011999999696854502
1.1492003665398434e-05,0.00015999999595806003
1.1496003665729395e-05,0.00015999999595806003
1.1500003666060357e-05,0.00015999999595806003
1.1504003666391318e-05,0.00015999999595806003
1.150800366672228e-05,0.00015999999595806003
1.1512003667053241e-05,0.00015999999595806003
1.1516003667384203e-05,0.00015999999595806003
1.1520003667715164e-05,0.00015999999595806003
1.1524003668046125e-05,0.00015999999595806003
1.1528003668377087e-05,0.00015999999595806003
1.1532003668708048e-05,0.00015999999595806003
1.153600366903901e-05,0.00015999999595806003
1.1540003669369971e-05,0.00015999999595806003
1.1544003669700933e-05,0.00015999999595806003
1.1548003670031894e-05,0.00015999999595806003
1.1552003670362856e-05,0.00015999999595806003
1.1556003670693817e-05,0.00015999999595806003
1.1560003671024779e-05,0.00015999999595806003
1.156400367135574e-05,0.00015999999595806003
1.1568003671686702e-05,0.00015999999595806003
1.1572003672017663e-05,0.00015999999595806003
1.1576003672348625e-05,0.00011999999696854502
1.1580003672679586e-05,0.00015999999595806003
1.1584003673010548e-05,0.00015999999595806003
1.158800367334151e-05,0.00019999999494757503
1.159200367367247e-05,0.00015999999595806003
1.1596003674003432e-05,0.00015999999595806003
1.1600003674334394e-05,0.00015999999595806003
1.1604003674665355e-05,0.00015999999595806003
1.1608003674996317e-05,0.00015999999595806003
1.1612003675327278e-05,0.00019999999494757503
1.161600367565824e-05,0.00019999999494757503
1.1620003675989201e-05,0.00015999999595806003
1.1624003676320163e-05,0.00015999999595806003
1.1628003676651124e-05,0.00015999999595806003
1.1632003676982086e-05,0.00015999999595806003
1.1636003677313047e-05,0.00015999999595806003
1.1640003677644009e-05,0.00015999999595806003
1.164400367797497e-05,0.00015999999595806003
1.1648003678305931e-05,0.00011999999696854502
1.1652003678636893e-05,0.00015999999595806003
1.1656003678967854e-05,0.00015999999595806003
1.1660003679298816e-05,0.00019999999494757503
1.1664003679629777e-05,0.00015999999595806003
1.1668003679960739e-05,0.00019999999494757503
1.16720036802917e-05,0.00015999999595806003
1.1676003680622662e-05,0.00015999999595806003
1.1680003680953623e-05,0.00015999999595806003
1.1684003681284585e-05,0.00015999999595806003
1.1688003681615546e-05,0.00015999999595806003
1.1692003681946508e-05,0.00015999999595806003
1.169600368227747e-05,0.00011999999696854502
1.170000368260843e-05,0.00015999999595806003
1.1704003682939392e-05,0.00015999999595806003
1.1708003683270354e-05,0.00015999999595806003
1.1712003683601315e-05,0.00015999999595806003
1.1716003683932277e-05,0.00015999999595806003
1.1720003684263238e-05,0.00015999999595806003
1.17240036845942e-05,0.00015999999595806003
1.1728003684925161e-05,0.00015999999595806003
1.1732003685256123e-05,0.00015999999595806003
1.1736003685587084e-05,0.00015999999595806003
1.1740003685918046e-05,0.00015999999595806003
1.1744003686249007e-05,0.00015999999595806003
1.1748003686579969e-05,0.00019999999494757503
1.175200368691093e-05,0.00019999999494757503
1.1756003687241892e-05,0.00019999999494757503
1.1760003687572853e-05,0.00015999999595806003
1.1764003687903815e-05,0.00015999999595806003
1.1768003688234776e-05,0.00015999999595806003
1.1772003688565737e-05,0.00015999999595806003
1.1776003688896699e-05,0.00015999999595806003
1.178000368922766e-05,0.00015999999595806003
1.1784003689558622e-05,0.00011999999696854502
1.1788003689889583e-05,0.00015999999595806003
1.1792003690220545e-05,0.00015999999595806003
1.1796003690551506e-05,0.00015999999595806003
1.1800003690882468e-05,0.00015999999595806003
1.180400369121343e-05,0.00015999999595806003
1.180800369154439e-05,0.00015999999595806003
1.1812003691875352e-05,0.00015999999595806003
1.1816003692206314e-05,0.00015999999595806003
1.1820003692537275e-05,0.00015999999595806003
1.1824003692868237e-05,0.00015999999595806003
1.1828003693199198e-05,0.00019999999494757503
1.183200369353016e-05,0.00015999999595806003
1.1836003693861121e-05,0.00015999999595806003
1.1840003694192083e-05,0.00015999999595806003
1.1844003694523044e-05,0.00015999999595806003
1.1848003694854006e-05,0.00015999999595806003
1.1852003695184967e-05,0.00015999999595806003
1.1856003695515929e-05,0.00015999999595806003
1.186000369584689e-05,0.00015999999595806003
1.1864003696177852e-05,0.00015999999595806003
1.1868003696508813e-05,0.00019999999494757503
1.1872003696839775e-05,0.00015999999595806003
1.1876003697170736e-05,0.00019999999494757503
1.1880003697501698e-05,0.00015999999595806003
1.1884003697832659e-05,0.00015999999595806003
1.188800369816362e-05,0.00015999999595806003
1.1892003698494582e-05,0.00015999999595806003
1.1896003698825543e-05,0.00015999999595806003
1.1900003699156505e-05,0.00015999999595806003
1.1904003699487466e-05,0.00015999999595806003
1.1908003699818428e-05,0.00015999999595806003
1.191200370014939e-05,0.00015999999595806003
1.1916003700480351e-05,0.00015999999595806003
1.1920003700811312e-05,0.00015999999595806003
1.1924003701142274e-05,0.00015999999595806003
1.1928003701473235e-05,0.00015999999595806003
1.1932003701804197e-05,0.00015999999595806003
1.1936003702135158e-05,0.00011999999696854502
1.194000370246612e-05,0.00015999999595806003
1.1944003702797081e-05,0.00015999999595806003
1.1948003703128043e-05,0.00015999999595806003
1.1952003703459004e-05,0.00015999999595806003
1.1956003703789966e-05,0.00019999999494757503
1.1960003704120927e-05,0.00015999999595806003
1.1964003704451889e-05,0.00015999999595806003
1.196800370478285e-05,0.00015999999595806003
1.1972003705113812e-05,0.00015999999595806003
1.1976003705444773e-05,0.00015999999595806003
1.1980003705775735e-05,0.00015999999595806003
1.1984003706106696e-05,0.00015999999595806003
1.1988003706437658e-05,0.00015999999595806003
1.1992003706768619e-05,0.00015999999595806003
1.199600370709958e-05,0.00019999999494757503
1.2000003707430542e-05,0.00015999999595806003
1.2004003707761504e-05,0.00015999999595806003
1.2008003708092465e-05,0.00015999999595806003
1.2012003708423427e-05,0.00015999999595806003
1.2016003708754388e-05,0.00015999999595806003
1.202000370908535e-05,0.00015999999595806003
1.2024003709416311e-05,0.00015999999595806003
1.2028003709747272e-05,0.00015999999595806003
1.2032003710078234e-05,0.00011999999696854502
1.2036003710409195e-05,0.00015999999595806003
1.2040003710740157e-05,0.00015999999595806003
1.2044003711071118e-05,0.00015999999595806003
1.204800371140208e-05,0.00015999999595806003
1.2052003711733041e-05,0.00015999999595806003
1.2056003712064003e-05,0.00015999999595806003
1.2060003712394964e-05,0.00015999999595806003
1.2064003712725926e-05,0.00015999999595806003
1.2068003713056887e-05,0.00015999999595806003
1.2072003713387849e-05,0.00015999999595806003
1.207600371371881e-05,0.00015999999595806003
1.2080003714049772e-05,0.00015999999595806003
1.2084003714380733e-05,0.00015999999595806003
1.2088003714711695e-05,0.00015999999595806003
1.2092003715042656e-05,0.00015999999595806003
1.2096003715373618e-05,0.00015999999595806003
1.210000371570458e-05,0.00015999999595806003
1.210400371603554e-05,0.00011999999696854502
1.2108003716366502e-05,0.00015999999595806003
1.2112003716697464e-05,0.00015999999595806003
1.2116003717028425e-05,0.00019999999494757503
1.2120003717359387e-05,0.00015999999595806003
1.2124003717690348e-05,0.00015999999595806003
1.212800371802131e-05,0.00015999999595806003
1.2132003718352271e-05,0.00015999999595806003
1.2136003718683233e-05,0.00011999999696854502
1.2140003719014194e-05,0.00015999999595806003
1.2144003719345155e-05,0.00015999999595806003
1.2148003719676117e-05,0.00015999999595806003
1.2152003720007078e-05,0.00011999999696854502
1.215600372033804e-05,0.00015999999595806003
1.2160003720669001e-05,0.00015999999595806003
1.2164003720999963e-05,0.00015999999595806003
1.2168003721330924e-05,0.00015999999595806003
1.2172003721661886e-05,0.00015999999595806003
1.2176003721992847e-05,0.00015999999595806003
1.2180003722323809e-05,0.00015999999595806003
1.218400372265477e-05,0.00015999999595806003
1.2188003722985732e-05,0.00015999999595806003
1.2192003723316693e-05,0.00015999999595806003
1.2196003723647655e-05,0.00019999999494757503
1.2200003723978616e-05,0.00015999999595806003
1.2204003724309578e-05,0.00019999999494757503
1.220800372464054e-05,0.00015999999595806003
1.22120037249715e-05,0.00015999999595806003
1.2216003725302462e-05,0.00015999999595806003
1.2220003725633424e-05,0.00015999999595806003
1.2224003725964385e-05,0.00011999999696854502
1.2228003726295347e-05,0.00015999999595806003
1.2232003726626308e-05,0.00011999999696854502
1.223600372695727e-05,0.00015999999595806003
1.2240003727288231e-05,0.00015999999595806003
1.2244003727619193e-05,0.00015999999595806003
1.2248003727950154e-05,0.00015999999595806003
1.2252003728281116e-05,0.00019999999494757503
1.2256003728612077e-05,0.00015999999595806003
1.2260003728943039e-05,0.00015999999595806003
1.2264003729274e-05,0.00015999999595806003
1.2268003729604961e-05,0.00015999999595806003
1.2272003729935923e-05,0.00015999999595806003
1.2276003730266884e-05,0.00015999999595806003
1.2280003730597846e-05,0.00015999999595806003
1.2284003730928807e-05,0.00015999999595806003
1.2288003731259769e-05,0.00011999999696854502
1.229200373159073e-05,0.00015999999595806003
1.2296003731921692e-05,0.00011999999696854502
1.2300003732252653e-05,0.00015999999595806003
1.2304003732583615e-05,0.00015999999595806003
1.2308003732914576e-05,0.00015999999595806003
1.2312003733245538e-05,0.00015999999595806003
1.23160037335765e-05,0.00019999999494757503
1.232000373390746e-05,0.00019999999494757503
1.2324003734238422e-05,0.00019999999494757503
1.2328003734569384e-05,0.00015999999595806003
1.2332003734900345e-05,0.00015999999595806003
1.2336003735231307e-05,0.00011999999696854502
1.2340003735562268e-05,0.00015999999595806003
1.234400373589323e-05,0.00011999999696854502
1.2348003736224191e-05,0.00015999999595806003
1.2352003736555153e-05,0.00015999999595806003
1.2356003736886114e-05,0.00015999999595806003
1.2360003737217076e-05,0.00015999999595806003
1.2364003737548037e-05,0.00015999999595806003
1.2368003737878999e-05,0.00015999999595806003
1.237200373820996e-05,0.00019999999494757503
1.2376003738540922e-05,0.00015999999595806003
1.2380003738871883e-05,0.00019999999494757503
1.2384003739202845e-05,0.00015999999595806003
1.2388003739533806e-05,0.00015999999595806003
1.2392003739864768e-05,0.00015999999595806003
1.2396003740195729e-05,0.00015999999595806003
1.240000374052669e-05,0.00015999999595806003
1.2404003740857652e-05,0.00015999999595806003
1.2408003741188613e-05,0.00015999999595806003
1.2412003741519575e-05,0.00015999999595806003
1.2416003741850536e-05,0.00011999999696854502
1.2420003742181498e-05,0.00015999999595806003
1.242400374251246e-05,0.00015999999595806003
1.2428003742843421e-05,0.00015999999595806003
1.2432003743174382e-05,0.00015999999595806003
1.2436003743505344e-05,0.00019999999494757503
1.2440003743836305e-05,0.00015999999595806003
1.2444003744167267e-05,0.00019999999494757503
1.2448003744498228e-05,0.00015999999595806003
1.245200374482919e-05,0.00019999999494757503
1.2456003745160151e-05,0.00015999999595806003
1.2460003745491113e-05,0.00015999999595806003
1.2464003745822074e-05,0.00011999999696854502
1.2468003746153036e-05,0.00011999999696854502
1.2472003746483997e-05,0.00011999999696854502
1.2476003746814959e-05,0.00015999999595806003
1.248000374714592e-05,0.00011999999696854502
1.2484003747476882e-05,0.00015999999595806003
1.2488003747807843e-05,0.00015999999595806003
1.2492003748138805e-05,0.00015999999595806003
1.2496003748469766e-05,0.00015999999595806003
1.2500003748800728e-05,0.00015999999595806003
1.2504003749131689e-05,0.00015999999595806003
1.250800374946265e-05,0.00015999999595806003
1.2512003749793612e-05,0.00015999999595806003
1.2516003750124574e-05,0.00019999999494757503
1.2520003750455535e-05,0.00015999999595806003
1.2524003750786496e-05,0.00019999999494757503
1.2528003751117458e-05,0.00015999999595806003
1.253200375144842e-05,0.00015999999595806003
1.2536003751779381e-05,0.00015999999595806003
1.2540003752110342e-05,0.00015999999595806003
1.2544003752441304e-05,0.00011999999696854502
1.2548003752772265e-05,0.00011999999696854502
1.2552003753103227e-05,0.00011999999696854502
1.2556003753434188e-05,0.00015999999595806003
1.256000375376515e-05,0.00011999999696854502
1.2564003754096111e-05,0.00015999999595806003
1.2568003754427073e-05,0.00015999999595806003
1.2572003754758034e-05,0.00019999999494757503
1.2576003755088996e-05,0.00015999999595806003
1.2580003755419957e-05,0.00019999999494757503
1.2584003755750919e-05,0.00015999999595806003
1.258800375608188e-05,0.00019999999494757503
1.2592003756412842e-05,0.00015999999595806003
1.2596003756743803e-05,0.00015999999595806003
1.2600003757074765e-05,0.00015999999595806003
1.2604003757405726e-05,0.00015999999595806003
1.2608003757736688e-05,0.00011999999696854502
1.2612003758067649e-05,0.00015999999595806003
1.261600375839861e-05,0.00011999999696854502
1.2620003758729572e-05,0.00015999999595806003
1.2624003759060534e-05,0.00015999999595806003
1.2628003759391495e-05,0.00015999999595806003
1.2632003759722457e-05,0.00015999999595806003
1.2636003760053418e-05,0.00015999999595806003
1.264000376038438e-05,0.00015999999595806003
1.2644003760715341e-05,0.00019999999494757503
1.2648003761046302e-05,0.00015999999595806003
1.2652003761377264e-05,0.00015999999595806003
1.2656003761708225e-05,0.00015999999595806003
1.2660003762039187e-05,0.00015999999595806003
1.2664003762370148e-05,0.00011999999696854502
1.266800376270111e-05,0.00015999999595806003
1.2672003763032071e-05,0.00015999999595806003
1.2676003763363033e-05,0.00015999999595806003
1.2680003763693994e-05,0.00015999999595806003
1.2684003764024956e-05,0.00015999999595806003
1.2688003764355917e-05,0.00015999999595806003
1.2692003764686879e-05,0.00015999999595806003
1.269600376501784e-05,0.00015999999595806003
1.2700003765348802e-05,0.00015999999595806003
1.2704003765679763e-05,0.00015999999595806003
1.2708003766010725e-05,0.00015999999595806003
1.2712003766341686e-05,0.00015999999595806003
1.2716003766672648e-05,0.00019999999494757503
1.272000376700361e-05,0.00015999999595806003
1.272400376733457e-05,0.00019999999494757503
1.2728003767665532e-05,0.00015999999595806003
1.2732003767996494e-05,0.00015999999595806003
1.2736003768327455e-05,0.00011999999696854502
1.2740003768658417e-05,0.00015999999595806003
1.2744003768989378e-05,0.00011999999696854502
1.274800376932034e-05,0.00015999999595806003
1.2752003769651301e-05,0.00015999999595806003
1.2756003769982263e-05,0.00015999999595806003
1.2760003770313224e-05,0.00015999999595806003
1.2764003770644186e-05,0.00015999999595806003
1.2768003770975147e-05,0.00015999999595806003
1.2772003771306108e-05,0.00019999999494757503
1.277600377163707e-05,0.00015999999595806003
1.2780003771968031e-05,0.00015999999595806003
1.2784003772298993e-05,0.00015999999595806003
1.2788003772629954e-05,0.00015999999595806003
1.2792003772960916e-05,0.00015999999595806003
1.2796003773291877e-05,0.00015999999595806003
1.2800003773622839e-05,0.00015999999595806003
1.28040037739538e-05,0.00015999999595806003
1.2808003774284762e-05,0.00015999999595806003
1.2812003774615723e-05,0.00019999999494757503
1.2816003774946685e-05,0.00015999999595806003
1.2820003775277646e-05,0.00015999999595806003
1.2824003775608608e-05,0.00011999999696854502
1.282800377593957e-05,0.00015999999595806003
1.283200377627053e-05,0.00011999999696854502
1.2836003776601492e-05,0.00015999999595806003
1.2840003776932454e-05,0.00015999999595806003
1.2844003777263415e-05,0.00015999999595806003
1.2848003777594377e-05,0.00015999999595806003
1.2852003777925338e-05,0.00015999999595806003
1.28560037782563e-05,0.00015999999595806003
1.2860003778587261e-05,0.00015999999595806003
1.2864003778918223e-05,0.00015999999595806003
1.2868003779249184e-05,0.00015999999595806003
1.2872003779580146e-05,0.00015999999595806003
1.2876003779911107e-05,0.00015999999595806003
1.2880003780242069e-05,0.00015999999595806003
1.288400378057303e-05,0.00015999999595806003
1.2888003780903992e-05,0.00015999999595806003
1.2892003781234953e-05,0.00019999999494757503
1.2896003781565914e-05,0.00015999999595806003
1.2900003781896876e-05,0.00015999999595806003
1.2904003782227837e-05,0.00015999999595806003
1.2908003782558799e-05,0.00015999999595806003
1.291200378288976e-05,0.00015999999595806003
1.2916003783220722e-05,0.00015999999595806003
1.2920003783551683e-05,0.00015999999595806003
1.2924003783882645e-05,0.00015999999595806003
1.2928003784213606e-05,0.00015999999595806003
1.2932003784544568e-05,0.00015999999595806003
1.293600378487553e-05,0.00015999999595806003
1.294000378520649e-05,0.00015999999595806003
1.2944003785537452e-05,0.00015999999595806003
1.2948003785868414e-05,0.00015999999595806003
1.2952003786199375e-05,0.00015999999595806003
1.2956003786530337e-05,0.00015999999595806003
1.2960003786861298e-05,0.00015999999595806003
1.296400378719226e-05,0.00015999999595806003
1.2968003787523221e-05,0.00015999999595806003
1.2972003787854183e-05,0.00015999999595806003
1.2976003788185144e-05,0.00015999999595806003
1.2980003788516106e-05,0.00015999999595806003
1.2984003788847067e-05,0.00015999999595806003
1.2988003789178029e-05,0.00015999999595806003
1.299200378950899e-05,0.00015999999595806003
1.2996003789839952e-05,0.00015999999595806003
1.3000003790170913e-05,0.00015999999595806003
1.3004003790501875e-05,0.00015999999595806003
1.3008003790832836e-05,0.00011999999696854502
1.3012003791163798e-05,0.00015999999595806003
1.3016003791494759e-05,0.00015999999595806003
1.302000379182572e-05,0.00015999999595806003
1.3024003792156682e-05,0.00015999999595806003
1.3028003792487643e-05,0.00015999999595806003
1.3032003792818605e-05,0.00015999999595806003
1.3036003793149566e-05,0.00015999999595806003
1.3040003793480528e-05,0.00015999999595806003
1.304400379381149e-05,0.00015999999595806003
1.3048003794142451e-05,0.00015999999595806003
1.3052003794473412e-05,0.00015999999595806003
1.3056003794804374e-05,0.00015999999595806003
1.3060003795135335e-05,0.00015999999595806003
1.3064003795466297e-05,0.00015999999595806003
1.3068003795797258e-05,0.00015999999595806003
1.307200379612822e-05,0.00011999999696854502
1.3076003796459181e-05,0.00015999999595806003
1.3080003796790143e-05,0.00011999999696854502
1.3084003797121104e-05,0.00019999999494757503
1.3088003797452066e-05,0.00015999999595806003
1.3092003797783027e-05,0.00019999999494757503
1.3096003798113989e-05,0.00015999999595806003
1.310000379844495e-05,0.00015999999595806003
1.3104003798775912e-05,0.00015999999595806003
1.3108003799106873e-05,0.00015999999595806003
1.3112003799437835e-05,0.00015999999595806003
1.3116003799768796e-05,0.00015999999595806003
1.3120003800099758e-05,0.00015999999595806003
1.3124003800430719e-05,0.00015999999595806003
1.312800380076168e-05,0.00015999999595806003
1.3132003801092642e-05,0.00019999999494757503
1.3136003801423604e-05,0.00015999999595806003
1.3140003801754565e-05,0.00015999999595806003
1.3144003802085526e-05,0.00015999999595806003
1.3148003802416488e-05,0.00015999999595806003
1.315200380274745e-05,0.00015999999595806003
1.3156003803078411e-05,0.00015999999595806003
1.3160003803409372e-05,0.00015999999595806003
1.3164003803740334e-05,0.00015999999595806003
1.3168003804071295e-05,0.00015999999595806003
1.3172003804402257e-05,0.00015999999595806003
1.3176003804733218e-05,0.00015999999595806003
1.318000380506418e-05,0.00015999999595806003
1.3184003805395141e-05,0.00015999999595806003
1.3188003805726103e-05,0.00015999999595806003
1.3192003806057064e-05,0.00015999999595806003
1.3196003806388026e-05,0.00015999999595806003
1.3200003806718987e-05,0.00015999999595806003
1.3204003807049949e-05,0.00015999999595806003
1.320800380738091e-05,0.00015999999595806003
1.3212003807711872e-05,0.00015999999595806003
1.3216003808042833e-05,0.00015999999595806003
1.3220003808373795e-05,0.00015999999595806003
1.3224003808704756e-05,0.00015999999595806003
1.3228003809035718e-05,0.00015999999595806003
1.3232003809366679e-05,0.00015999999595806003
1.323600380969764e-05,0.00015999999595806003
1.3240003810028602e-05,0.00015999999595806003
1.3244003810359564e-05,0.00015999999595806003
1.3248003810690525e-05,0.00015999999595806003
1.3252003811021487e-05,0.00015999999595806003
1.3256003811352448e-05,0.00015999999595806003
1.326000381168341e-05,0.00015999999595806003
1.3264003812014371e-05,0.00015999999595806003
1.3268003812345332e-05,0.00015999999595806003
1.3272003812676294e-05,0.00015999999595806003
1.3276003813007255e-05,0.00015999999595806003
1.3280003813338217e-05,0.00015999999595806003
1.3284003813669178e-05,0.00015999999595806003
1.328800381400014e-05,0.00011999999696854502
1.3292003814331101e-05,0.00015999999595806003
1.3296003814662063e-05,0.00015999999595806003
1.3300003814993024e-05,0.00015999999595806003
1.3304003815323986e-05,0.00015999999595806003
1.3308003815654947e-05,0.00015999999595806003
1.3312003815985909e-05,0.00015999999595806003
1.331600381631687e-05,0.00015999999595806003
1.3320003816647832e-05,0.00015999999595806003
1.3324003816978793e-05,0.00019999999494757503
1.3328003817309755e-05,0.00015999999595806003
1.3332003817640716e-05,0.00019999999494757503
1.3336003817971678e-05,0.00015999999595806003
1.334000381830264e-05,0.00015999999595806003
1.33440038186336e-05,0.00011999999696854502
1.3348003818964562e-05,0.00015999999595806003
1.3352003819295524e-05,0.00015999999595806003
1.3356003819626485e-05,0.00011999999696854502
1.3360003819957447e-05,0.00011999999696854502
1.3364003820288408e-05,0.00015999999595806003
1.336800382061937e-05,0.00015999999595806003
1.3372003820950331e-05,0.00015999999595806003
1.3376003821281293e-05,0.00015999999595806003
1.3380003821612254e-05,0.00019999999494757503
1.3384003821943216e-05,0.00015999999595806003
1.3388003822274177e-05,0.00015999999595806003
1.3392003822605139e-05,0.00015999999595806003
1.33960038229361e-05,0.00015999999595806003
1.3400003823267061e-05,0.00011999999696854502
1.3404003823598023e-05,0.00015999999595806003
1.3408003823928984e-05,0.00011999999696854502
1.3412003824259946e-05,0.00015999999595806003
1.3416003824590907e-05,0.00011999999696854502
1.3420003824921869e-05,0.00015999999595806003
1.342400382525283e-05,0.00015999999595806003
1.3428003825583792e-05,0.00015999999595806003
1.3432003825914753e-05,0.00011999999696854502
1.3436003826245715e-05,0.00015999999595806003
1.3440003826576676e-05,0.00015999999595806003
1.3444003826907638e-05,0.00015999999595806003
1.34480038272386e-05,0.00015999999595806003
1.345200382756956e-05,0.00015999999595806003
1.3456003827900522e-05,0.00015999999595806003
1.3460003828231484e-05,0.00015999999595806003
1.3464003828562445e-05,0.00015999999595806003
1.3468003828893407e-05,0.00015999999595806003
1.3472003829224368e-05,0.00015999999595806003
1.347600382955533e-05,0.00015999999595806003
1.3480003829886291e-05,0.00015999999595806003
1.3484003830217253e-05,0.00015999999595806003
1.3488003830548214e-05,0.00011999999696854502
1.3492003830879176e-05,0.00015999999595806003
1.3496003831210137e-05,0.00015999999595806003
1.3500003831541099e-05,0.00019999999494757503
1.350400383187206e-05,0.00015999999595806003
1.3508003832203022e-05,0.00015999999595806003
1.3512003832533983e-05,0.00015999999595806003
1.3516003832864945e-05,0.00015999999595806003
1.3520003833195906e-05,0.00015999999595806003
1.3524003833526867e-05,0.00015999999595806003
1.3528003833857829e-05,0.00015999999595806003
1.353200383418879e-05,0.00015999999595806003
1.3536003834519752e-05,0.00011999999696854502
1.3540003834850713e-05,0.00015999999595806003
1.3544003835181675e-05,0.00015999999595806003
1.3548003835512636e-05,0.00015999999595806003
1.3552003835843598e-05,0.00015999999595806003
1.355600383617456e-05,0.00015999999595806003
1.356000383650552e-05,0.00015999999595806003
1.3564003836836482e-05,0.00015999999595806003
1.3568003837167444e-05,0.00015999999595806003
1.3572003837498405e-05,0.00015999999595806003
1.3576003837829367e-05,0.00015999999595806003
1.3580003838160328e-05,0.00015999999595806003
1.358400383849129e-05,0.00015999999595806003
1.3588003838822251e-05,0.00019999999494757503
1.3592003839153213e-05,0.00015999999595806003
1.3596003839484174e-05,0.00015999999595806003
1.3600003839815136e-05,0.00015999999595806003
1.3604003840146097e-05,0.00015999999595806003
1.3608003840477059e-05,0.00015999999595806003
1.361200384080802e-05,0.00015999999595806003
1.3616003841138982e-05,0.00015999999595806003
1.3620003841469943e-05,0.00019999999494757503
1.3624003841800905e-05,0.00015999999595806003
1.3628003842131866e-05,0.00019999999494757503
1.3632003842462828e-05,0.00015999999595806003
1.3636003842793789e-05,0.00015999999595806003
1.364000384312475e-05,0.00011999999696854502
1.3644003843455712e-05,0.00015999999595806003
1.3648003843786673e-05,0.00015999999595806003
1.3652003844117635e-05,0.00019999999494757503
1.3656003844448596e-05,0.00015999999595806003
1.3660003844779558e-05,0.00015999999595806003
1.366400384511052e-05,0.00015999999595806003
1.3668003845441481e-05,0.00015999999595806003
1.3672003845772442e-05,0.00015999999595806003
1.3676003846103404e-05,0.00015999999595806003
1.3680003846434365e-05,0.00015999999595806003
1.3684003846765327e-05,0.00015999999595806003
1.3688003847096288e-05,0.00015999999595806003
1.369200384742725e-05,0.00015999999595806003
1.3696003847758211e-05,0.00015999999595806003
1.3700003848089173e-05,0.00019999999494757503
1.3704003848420134e-05,0.00015999999595806003
1.3708003848751096e-05,0.00015999999595806003
1.3712003849082057e-05,0.00015999999595806003
1.3716003849413019e-05,0.00015999999595806003
1.372000384974398e-05,0.00015999999595806003
1.3724003850074942e-05,0.00015999999595806003
1.3728003850405903e-05,0.00015999999595806003
1.3732003850736865e-05,0.00015999999595806003
1.3736003851067826e-05,0.00015999999595806003
1.3740003851398788e-05,0.00015999999595806003
1.3744003851729749e-05,0.00015999999595806003
1.374800385206071e-05,0.00015999999595806003
1.3752003852391672e-05,0.00011999999696854502
1.3756003852722634e-05,0.00015999999595806003
1.3760003853053595e-05,0.00015999999595806003
1.3764003853384557e-05,0.00015999999595806003
1.3768003853715518e-05,0.00015999999595806003
1.377200385404648e-05,0.00015999999595806003
1.3776003854377441e-05,0.00015999999595806003
1.3780003854708402e-05,0.00015999999595806003
1.3784003855039364e-05,0.00015999999595806003
1.3788003855370325e-05,0.00015999999595806003
1.3792003855701287e-05,0.00015999999595806003
1.3796003856032248e-05,0.00015999999595806003
1.380000385636321e-05,0.00015999999595806003
1.3804003856694171e-05,0.00015999999595806003
1.3808003857025133e-05,0.00011999999696854502
1.3812003857356094e-05,0.00015999999595806003
1.3816003857687056e-05,0.00011999999696854502
1.3820003858018017e-05,0.00019999999494757503
1.3824003858348979e-05,0.00015999999595806003
1.382800385867994e-05,0.00015999999595806003
1.3832003859010902e-05,0.00015999999595806003
1.3836003859341863e-05,0.00015999999595806003
1.3840003859672825e-05,0.00015999999595806003
1.3844003860003786e-05,0.00015999999595806003
1.3848003860334748e-05,0.00015999999595806003
1.385200386066571e-05,0.00015999999595806003
1.385600386099667e-05,0.00015999999595806003
1.3860003861327632e-05,0.00015999999595806003
1.3864003861658594e-05,0.00015999999595806003
1.3868003861989555e-05,0.00015999999595806003
1.3872003862320517e-05,0.00015999999595806003
1.3876003862651478e-05,0.00015999999595806003
1.388000386298244e-05,0.00015999999595806003
1.3884003863313401e-05,0.00015999999595806003
1.3888003863644363e-05,0.00015999999595806003
1.3892003863975324e-05,0.00015999999595806003
1.3896003864306285e-05,0.00011999999696854502
1.3900003864637247e-05,0.00015999999595806003
1.3904003864968208e-05,0.00011999999696854502
1.390800386529917e-05,0.00015999999595806003
1.3912003865630131e-05,0.00015999999595806003
1.3916003865961093e-05,0.00015999999595806003
1.3920003866292054e-05,0.00015999999595806003
1.3924003866623016e-05,0.00015999999595806003
1.3928003866953977e-05,0.00015999999595806003
1.3932003867284939e-05,0.00015999999595806003
1.39360038676159e-05,0.00015999999595806003
1.3940003867946862e-05,0.00019999999494757503
1.3944003868277823e-05,0.00015999999595806003
1.3948003868608785e-05,0.00015999999595806003
1.3952003868939746e-05,0.00015999999595806003
1.3956003869270708e-05,0.00015999999595806003
1.396000386960167e-05,0.00015999999595806003
1.396400386993263e-05,0.00015999999595806003
1.3968003870263592e-05,0.00015999999595806003
1.3972003870594554e-05,0.00015999999595806003
1.3976003870925515e-05,0.00015999999595806003
1.3980003871256477e-05,0.00015999999595806003
1.3984003871587438e-05,0.00015999999595806003
1.39880038719184e-05,0.00015999999595806003
1.3992003872249361e-05,0.00015999999595806003
1.3996003872580323e-05,0.00015999999595806003
1.4000003872911284e-05,0.00015999999595806003
1.4004003873242246e-05,0.00015999999595806003
1.4008003873573207e-05,0.00015999999595806003
1.4012003873904169e-05,0.00019999999494757503
1.401600387423513e-05,0.00015999999595806003
1.4020003874566091e-05,0.00019999999494757503
1.4024003874897053e-05,0.00015999999595806003
1.4028003875228014e-05,0.00015999999595806003
1.4032003875558976e-05,0.00015999999595806003
1.4036003875889937e-05,0.00015999999595806003
1.4040003876220899e-05,0.00011999999696854502
1.404400387655186e-05,0.00011999999696854502
1.4048003876882822e-05,0.00011999999696854502
1.4052003877213783e-05,0.00015999999595806003
1.4056003877544745e-05,0.00011999999696854502
1.4060003877875706e-05,0.00019999999494757503
1.4064003878206668e-05,0.00015999999595806003
1.406800387853763e-05,0.00019999999494757503
1.407200387886859e-05,0.00015999999595806003
1.4076003879199552e-05,0.00019999999494757503
1.4080003879530514e-05,0.00015999999595806003
1.4084003879861475e-05,0.00019999999494757503
1.4088003880192437e-05,0.00015999999595806003
1.4092003880523398e-05,0.00015999999595806003
1.409600388085436e-05,0.00015999999595806003
1.4100003881185321e-05,0.00011999999696854502
1.4104003881516283e-05,0.00011999999696854502
1.4108003881847244e-05,0.00011999999696854502
1.4112003882178206e-05,0.00011999999696854502
1.4116003882509167e-05,0.00015999999595806003
1.4120003882840129e-05,0.00015999999595806003
1.412400388317109e-05,0.00015999999595806003
1.4128003883502052e-05,0.00015999999595806003
1.4132003883833013e-05,0.00015999999595806003
1.4136003884163975e-05,0.00015999999595806003
1.4140003884494936e-05,0.00019999999494757503
1.4144003884825897e-05,0.00019999999494757503
1.4148003885156859e-05,0.00019999999494757503
1.415200388548782e-05,0.00015999999595806003
1.4156003885818782e-05,0.00015999999595806003
1.4160003886149743e-05,0.00011999999696854502
1.4164003886480705e-05,0.00015999999595806003
1.4168003886811666e-05,0.00011999999696854502
1.4172003887142628e-05,0.00011999999696854502
1.417600388747359e-05,0.00011999999696854502
1.4180003887804551e-05,0.00015999999595806003
1.4184003888135512e-05,0.00015999999595806003
1.4188003888466474e-05,0.00019999999494757503
1.4192003888797435e-05,0.00019999999494757503
1.4196003889128397e-05,0.00019999999494757503
1.4200003889459358e-05,0.00019999999494757503
1.420400388979032e-05,0.00019999999494757503
1.4208003890121281e-05,0.00015999999595806003
1.4212003890452243e-05,0.00015999999595806003
1.4216003890783204e-05,0.00015999999595806003
1.4220003891114166e-05,0.00015999999595806003
1.4224003891445127e-05,0.00015999999595806003
1.4228003891776089e-05,0.00015999999595806003
1.423200389210705e-05,0.00011999999696854502
1.4236003892438012e-05,0.00015999999595806003
1.4240003892768973e-05,0.00011999999696854502
1.4244003893099935e-05,0.00015999999595806003
1.4248003893430896e-05,0.00015999999595806003
1.4252003893761858e-05,0.00015999999595806003
1.4256003894092819e-05,0.00015999999595806003
1.426000389442378e-05,0.00019999999494757503
1.4264003894754742e-05,0.00015999999595806003
1.4268003895085703e-05,0.00019999999494757503
1.4272003895416665e-05,0.00015999999595806003
1.4276003895747626e-05,0.00019999999494757503
1.4280003896078588e-05,0.00015999999595806003
1.428400389640955e-05,0.00015999999595806003
1.4288003896740511e-05,0.00011999999696854502
1.4292003897071472e-05,0.00011999999696854502
1.4296003897402434e-05,0.00011999999696854502
1.4300003897733395e-05,0.00015999999595806003
1.4304003898064357e-05,0.00015999999595806003
1.4308003898395318e-05,0.00019999999494757503
1.431200389872628e-05,0.00015999999595806003
1.4316003899057241e-05,0.00015999999595806003
1.4320003899388203e-05,0.00015999999595806003
1.4324003899719164e-05,0.00015999999595806003
1.4328003900050126e-05,0.00015999999595806003
1.4332003900381087e-05,0.00019999999494757503
1.4336003900712049e-05,0.00015999999595806003
1.434000390104301e-05,0.00015999999595806003
1.4344003901373972e-05,0.00015999999595806003
1.4348003901704933e-05,0.00015999999595806003
1.4352003902035895e-05,0.00015999999595806003
1.4356003902366856e-05,0.00015999999595806003
1.4360003902697818e-05,0.00015999999595806003
1.4364003903028779e-05,0.00015999999595806003
1.436800390335974e-05,0.00011999999696854502
1.4372003903690702e-05,0.00011999999696854502
1.4376003904021664e-05,0.00011999999696854502
1.4380003904352625e-05,0.00015999999595806003
1.4384003904683587e-05,0.00015999999595806003
1.4388003905014548e-05,0.00019999999494757503
1.439200390534551e-05,0.00015999999595806003
1.4396003905676471e-05,0.00019999999494757503
1.4400003906007432e-05,0.00015999999595806003
1.4404003906338394e-05,0.00019999999494757503
1.4408003906669355e-05,0.00015999999595806003
1.4412003907000317e-05,0.00015999999595806003
1.4416003907331278e-05,0.00011999999696854502
1.442000390766224e-05,0.00015999999595806003
1.4424003907993201e-05,0.00015999999595806003
1.4428003908324163e-05,0.00015999999595806003
1.4432003908655124e-05,0.00015999999595806003
1.4436003908986086e-05,0.00015999999595806003
1.4440003909317047e-05,0.00015999999595806003
1.4444003909648009e-05,0.00015999999595806003
1.444800390997897e-05,0.00015999999595806003
1.4452003910309932e-05,0.00015999999595806003
1.4456003910640893e-05,0.00015999999595806003
1.4460003910971855e-05,0.00015999999595806003
1.4464003911302816e-05,0.00015999999595806003
1.4468003911633778e-05,0.00015999999595806003
1.447200391196474e-05,0.00015999999595806003
1.44760039122957e-05,0.00015999999595806003
1.4480003912626662e-05,0.00015999999595806003
1.4484003912957624e-05,0.00015999999595806003
1.4488003913288585e-05,0.00011999999696854502
1.4492003913619547e-05,0.00015999999595806003
1.4496003913950508e-05,0.00011999999696854502
1.450000391428147e-05,0.00015999999595806003
1.4504003914612431e-05,0.00015999999595806003
1.4508003914943393e-05,0.00015999999595806003
1.4512003915274354e-05,0.00015999999595806003
1.4516003915605316e-05,0.00015999999595806003
1.4520003915936277e-05,0.00015999999595806003
1.4524003916267238e-05,0.00019999999494757503
1.45280039165982e-05,0.00015999999595806003
1.4532003916929161e-05,0.00015999999595806003
1.4536003917260123e-05,0.00011999999696854502
1.4540003917591084e-05,0.00015999999595806003
1.4544003917922046e-05,0.00015999999595806003
1.4548003918253007e-05,0.00015999999595806003
1.4552003918583969e-05,0.00015999999595806003
1.455600391891493e-05,0.00015999999595806003
1.4560003919245892e-05,0.00015999999595806003
1.4564003919576853e-05,0.00015999999595806003
1.4568003919907815e-05,0.00015999999595806003
1.4572003920238776e-05,0.00015999999595806003
1.4576003920569738e-05,0.00015999999595806003
1.45800039209007e-05,0.00015999999595806003
1.458400392123166e-05,0.00015999999595806003
1.4588003921562622e-05,0.00015999999595806003
1.4592003921893584e-05,0.00015999999595806003
1.4596003922224545e-05,0.00015999999595806003
1.4600003922555507e-05,0.00015999999595806003
1.4604003922886468e-05,0.00015999999595806003
1.460800392321743e-05,0.00015999999595806003
1.4612003923548391e-05,0.00015999999595806003
1.4616003923879353e-05,0.00015999999595806003
1.4620003924210314e-05,0.00015999999595806003
1.4624003924541276e-05,0.00015999999595806003
1.4628003924872237e-05,0.00015999999595806003
1.4632003925203199e-05,0.00015999999595806003
1.463600392553416e-05,0.00015999999595806003
1.4640003925865122e-05,0.00015999999595806003
1.4644003926196083e-05,0.00019999999494757503
1.4648003926527044e-05,0.00015999999595806003
1.4652003926858006e-05,0.00015999999595806003
1.4656003927188967e-05,0.00015999999595806003
1.4660003927519929e-05,0.00015999999595806003
1.466400392785089e-05,0.00011999999696854502
1.4668003928181852e-05,0.00015999999595806003
1.4672003928512813e-05,0.00015999999595806003
1.4676003928843775e-05,0.00019999999494757503
1.4680003929174736e-05,0.00015999999595806003
1.4684003929505698e-05,0.00015999999595806003
1.468800392983666e-05,0.00015999999595806003
1.469200393016762e-05,0.00015999999595806003
1.4696003930498582e-05,0.00015999999595806003
1.4700003930829544e-05,0.00015999999595806003
1.4704003931160505e-05,0.00015999999595806003
1.4708003931491467e-05,0.00015999999595806003
1.4712003931822428e-05,0.00015999999595806003
1.471600393215339e-05,0.00015999999595806003
1.4720003932484351e-05,0.00015999999595806003
1.4724003932815313e-05,0.00015999999595806003
1.4728003933146274e-05,0.00011999999696854502
1.4732003933477236e-05,0.00015999999595806003
1.4736003933808197e-05,0.00015999999595806003
1.4740003934139159e-05,0.00015999999595806003
1.474400393447012e-05,0.00015999999595806003
1.4748003934801082e-05,0.00015999999595806003
1.4752003935132043e-05,0.00015999999595806003
1.4756003935463005e-05,0.00015999999595806003
1.4760003935793966e-05,0.00015999999595806003
1.4764003936124928e-05,0.00015999999595806003
1.4768003936455889e-05,0.00015999999595806003
1.477200393678685e-05,0.00015999999595806003
1.4776003937117812e-05,0.00015999999595806003
1.4780003937448773e-05,0.00015999999595806003
1.4784003937779735e-05,0.00011999999696854502
1.4788003938110696e-05,0.00015999999595806003
1.4792003938441658e-05,0.00015999999595806003
1.479600393877262e-05,0.00015999999595806003
1.4800003939103581e-05,0.00015999999595806003
1.4804003939434542e-05,0.00019999999494757503
1.4808003939765504e-05,0.00015999999595806003
1.4812003940096465e-05,0.00015999999595806003
1.4816003940427427e-05,0.00011999999696854502
1.4820003940758388e-05,0.00015999999595806003
1.482400394108935e-05,0.00015999999595806003
1.4828003941420311e-05,0.00015999999595806003
1.4832003941751273e-05,0.00015999999595806003
1.4836003942082234e-05,0.00015999999595806003
1.4840003942413196e-05,0.00015999999595806003
1.4844003942744157e-05,0.00015999999595806003
1.4848003943075119e-05,0.00015999999595806003
1.485200394340608e-05,0.00015999999595806003
1.4856003943737042e-05,0.00015999999595806003
1.4860003944068003e-05,0.00015999999595806003
1.4864003944398965e-05,0.00015999999595806003
1.4868003944729926e-05,0.00015999999595806003
1.4872003945060888e-05,0.00015999999595806003
1.4876003945391849e-05,0.00015999999595806003
1.488000394572281e-05,0.00015999999595806003
1.4884003946053772e-05,0.00015999999595806003
1.4888003946384734e-05,0.00011999999696854502
1.4892003946715695e-05,0.00015999999595806003
1.4896003947046656e-05,0.00011999999696854502
1.4900003947377618e-05,0.00015999999595806003
1.490400394770858e-05,0.00011999999696854502
1.4908003948039541e-05,0.00015999999595806003
1.4912003948370502e-05,0.00015999999595806003
1.4916003948701464e-05,0.00019999999494757503
1.4920003949032425e-05,0.00019999999494757503
1.4924003949363387e-05,0.00019999999494757503
1.4928003949694348e-05,0.00015999999595806003
1.493200395002531e-05,0.00019999999494757503
1.4936003950356271e-05,0.00015999999595806003
1.4940003950687233e-05,0.00015999999595806003
1.4944003951018194e-05,0.00011999999696854502
1.4948003951349156e-05,0.00015999999595806003
1.4952003951680117e-05,0.00011999999696854502
1.4956003952011079e-05,0.00015999999595806003
1.496000395234204e-05,0.00015999999595806003
1.4964003952673002e-05,0.00015999999595806003
1.4968003953003963e-05,0.00015999999595806003
1.4972003953334925e-05,0.00015999999595806003
1.4976003953665886e-05,0.00015999999595806003
1.4980003953996848e-05,0.00015999999595806003
1.4984003954327809e-05,0.00015999999595806003
1.498800395465877e-05,0.00015999999595806003
1.4992003954989732e-05,0.00015999999595806003
1.4996003955320694e-05,0.00015999999595806003
1.5000003955651655e-05,0.00015999999595806003
1.5004003955982617e-05,0.00015999999595806003
1.5008003956313578e-05,0.00015999999595806003
1.501200395664454e-05,0.00015999999595806003
1.5016003956975501e-05,0.00011999999696854502
1.5020003957306462e-05,0.00015999999595806003
1.5024003957637424e-05,0.00011999999696854502
1.5028003957968385e-05,0.00015999999595806003
1.5032003958299347e-05,0.00011999999696854502
1.5036003958630308e-05,0.00015999999595806003
1.504000395896127e-05,0.00015999999595806003
1.5044003959292231e-05,0.00015999999595806003
1.5048003959623193e-05,0.00015999999595806003
1.5052003959954154e-05,0.00015999999595806003
1.5056003960285116e-05,0.00015999999595806003
1.5060003960616077e-05,0.00019999999494757503
1.5064003960947039e-05,0.00015999999595806003
1.5068003961278e-05,0.00015999999595806003
1.5072003961608962e-05,0.00011999999696854502
1.5076003961939923e-05,0.00015999999595806003
1.5080003962270885e-05,0.00011999999696854502
1.5084003962601846e-05,0.00015999999595806003
1.5088003962932808e-05,0.00015999999595806003
1.509200396326377e-05,0.00015999999595806003
1.509600396359473e-05,0.00015999999595806003
1.5100003963925692e-05,0.00015999999595806003
1.5104003964256654e-05,0.00015999999595806003
1.5108003964587615e-05,0.00019999999494757503
1.5112003964918577e-05,0.00015999999595806003
1.5116003965249538e-05,0.00019999999494757503
1.51200039655805e-05,0.00019999999494757503
1.5124003965911461e-05,0.00019999999494757503
1.5128003966242423e-05,0.00015999999595806003
1.5132003966573384e-05,0.00015999999595806003
1.5136003966904346e-05,0.00011999999696854502
1.5140003967235307e-05,0.00011999999696854502
1.5144003967566268e-05,0.00011999999696854502
1.514800396789723e-05,0.00011999999696854502
1.5152003968228191e-05,0.00011999999696854502
1.5156003968559153e-05,0.00015999999595806003
1.5160003968890114e-05,0.00015999999595806003
1.5164003969221076e-05,0.00019999999494757503
1.5168003969552037e-05,0.00015999999595806003
1.5172003969882999e-05,0.00019999999494757503
1.517600397021396e-05,0.00015999999595806003
1.5180003970544922e-05,0.00019999999494757503
1.5184003970875883e-05,0.00015999999595806003
1.5188003971206845e-05,0.00015999999595806003
1.5192003971537806e-05,0.00015999999595806003
1.5196003971868768e-05,0.00015999999595806003
1.520000397219973e-05,0.00011999999696854502
1.520400397253069e-05,0.00015999999595806003
1.5208003972861652e-05,0.00011999999696854502
1.5212003973192614e-05,0.00011999999696854502
1.5216003973523575e-05,0.00015999999595806003
1.5220003973854537e-05,0.00015999999595806003
1.5224003974185498e-05,0.00015999999595806003
1.522800397451646e-05,0.00015999999595806003
1.5232003974847421e-05,0.00015999999595806003
1.5236003975178383e-05,0.00019999999494757503
1.5240003975509344e-05,0.00015999999595806003
1.5244003975840306e-05,0.00019999999494757503
1.5248003976171267e-05,0.00015999999595806003
1.5252003976502229e-05,0.00015999999595806003
1.525600397683319e-05,0.00015999999595806003
1.526000397716415e-05,0.00011999999696854502
1.5264003977495113e-05,0.00011999999696854502
1.5268003977826074e-05,0.00011999999696854502
1.5272003978157036e-05,0.00011999999696854502
1.5276003978487997e-05,0.00015999999595806003
1.528000397881896e-05,0.00015999999595806003
1.528400397914992e-05,0.00019999999494757503
1.5288003979480882e-05,0.00015999999595806003
1.5292003979811843e-05,0.00019999999494757503
1.5296003980142805e-05,0.00015999999595806003
1.5300003980473766e-05,0.00019999999494757503
1.5304003980804728e-05,0.00015999999595806003
1.530800398113569e-05,0.00015999999595806003
1.531200398146665e-05,0.00015999999595806003
1.5316003981797612e-05,0.00015999999595806003
1.5320003982128574e-05,0.00011999999696854502
1.5324003982459535e-05,0.00015999999595806003
1.5328003982790497e-05,0.00015999999595806003
1.5332003983121458e-05,0.00015999999595806003
1.533600398345242e-05,0.00011999999696854502
1.534000398378338e-05,0.00015999999595806003
1.5344003984114343e-05,0.00011999999696854502
1.5348003984445304e-05,0.00015999999595806003
1.5352003984776266e-05,0.00015999999595806003
1.5356003985107227e-05,0.00015999999595806003
1.536000398543819e-05,0.00015999999595806003
1.536400398576915e-05,0.00019999999494757503
1.536800398610011e-05,0.00015999999595806003
1.5372003986431073e-05,0.00019999999494757503
1.5376003986762035e-05,0.00015999999595806003
1.5380003987092996e-05,0.00019999999494757503
1.5384003987423958e-05,0.00015999999595806003
1.538800398775492e-05,0.00015999999595806003
1.539200398808588e-05,0.00015999999595806003
1.5396003988416842e-05,0.00015999999595806003
1.5400003988747803e-05,0.00011999999696854502
1.5404003989078765e-05,0.00015999999595806003
1.5408003989409726e-05,0.00011999999696854502
1.5412003989740688e-05,0.00015999999595806003
1.541600399007165e-05,0.00015999999595806003
1.542000399040261e-05,0.00015999999595806003
1.5424003990733572e-05,0.00015999999595806003
1.5428003991064534e-05,0.00015999999595806003
1.5432003991395495e-05,0.00015999999595806003
1.5436003991726457e-05,0.00015999999595806003
1.544000399205742e-05,0.00015999999595806003
1.544400399238838e-05,0.00019999999494757503
1.544800399271934e-05,0.00015999999595806003
1.5452003993050303e-05,0.00015999999595806003
1.5456003993381264e-05,0.00015999999595806003
1.5460003993712226e-05,0.00015999999595806003
1.5464003994043187e-05,0.00011999999696854502
1.546800399437415e-05,0.00015999999595806003
1.547200399470511e-05,0.00011999999696854502
1.547600399503607e-05,0.00015999999595806003
1.5480003995367033e-05,0.00015999999595806003
1.5484003995697995e-05,0.00015999999595806003
1.5488003996028956e-05,0.00015999999595806003
1.5492003996359918e-05,0.00015999999595806003
1.549600399669088e-05,0.00015999999595806003
1.550000399702184e-05,0.00015999999595806003
1.5504003997352802e-05,0.00015999999595806003
1.5508003997683764e-05,0.00015999999595806003
1.5512003998014725e-05,0.00015999999595806003
1.5516003998345687e-05,0.00015999999595806003
1.5520003998676648e-05,0.00015999999595806003
1.552400399900761e-05,0.00015999999595806003
1.552800399933857e-05,0.00015999999595806003
1.5532003999669532e-05,0.00015999999595806003
1.5536004000000494e-05,0.00015999999595806003
1.5540004000331455e-05,0.00015999999595806003
1.5544004000662417e-05,0.00015999999595806003
1.554800400099338e-05,0.00015999999595806003
1.555200400132434e-05,0.00015999999595806003
1.55560040016553e-05,0.00019999999494757503
1.5560004001986263e-05,0.00015999999595806003
1.5564004002317224e-05,0.00015999999595806003
1.5568004002648186e-05,0.00015999999595806003
1.5572004002979147e-05,0.00015999999595806003
1.557600400331011e-05,0.00011999999696854502
1.558000400364107e-05,0.00015999999595806003
1.5584004003972032e-05,0.00015999999595806003
1.5588004004302993e-05,0.00015999999595806003
1.5592004004633955e-05,0.00015999999595806003
1.5596004004964916e-05,0.00015999999595806003
1.5600004005295878e-05,0.00015999999595806003
1.560400400562684e-05,0.00015999999595806003
1.56080040059578e-05,0.00015999999595806003
1.5612004006288762e-05,0.00019999999494757503
1.5616004006619724e-05,0.00015999999595806003
1.5620004006950685e-05,0.00015999999595806003
1.5624004007281647e-05,0.00015999999595806003
1.5628004007612608e-05,0.00015999999595806003
1.563200400794357e-05,0.00015999999595806003
1.563600400827453e-05,0.00019999999494757503
1.5640004008605493e-05,0.00015999999595806003
1.5644004008936454e-05,0.00015999999595806003
1.5648004009267415e-05,0.00015999999595806003
1.5652004009598377e-05,0.00015999999595806003
1.565600400992934e-05,0.00011999999696854502
1.56600040102603e-05,0.00015999999595806003
1.566400401059126e-05,0.00015999999595806003
1.5668004010922223e-05,0.00015999999595806003
1.5672004011253184e-05,0.00011999999696854502
1.5676004011584146e-05,0.00015999999595806003
1.5680004011915107e-05,0.00011999999696854502
1.568400401224607e-05,0.00015999999595806003
1.568800401257703e-05,0.00015999999595806003
1.5692004012907992e-05,0.00019999999494757503
1.5696004013238953e-05,0.00015999999595806003
1.5700004013569915e-05,0.00019999999494757503
1.5704004013900876e-05,0.00015999999595806003
1.5708004014231838e-05,0.00015999999595806003
1.57120040145628e-05,0.00015999999595806003
1.571600401489376e-05,0.00015999999595806003
1.5720004015224722e-05,0.00015999999595806003
1.5724004015555684e-05,0.00015999999595806003
1.5728004015886645e-05,0.00015999999595806003
1.5732004016217607e-05,0.00015999999595806003
1.5736004016548568e-05,0.00011999999696854502
1.574000401687953e-05,0.00015999999595806003
1.574400401721049e-05,0.00011999999696854502
1.5748004017541453e-05,0.00015999999595806003
1.5752004017872414e-05,0.00015999999595806003
1.5756004018203376e-05,0.00015999999595806003
1.5760004018534337e-05,0.00015999999595806003
1.57640040188653e-05,0.00019999999494757503
1.576800401919626e-05,0.00019999999494757503
1.577200401952722e-05,0.00019999999494757503
1.5776004019858183e-05,0.00015999999595806003
1.5780004020189144e-05,0.00015999999595806003
1.5784004020520106e-05,0.00015999999595806003
1.5788004020851067e-05,0.00015999999595806003
1.579200402118203e-05,0.00011999999696854502
1.579600402151299e-05,0.00011999999696854502
1.5800004021843952e-05,0.00011999999696854502
1.5804004022174913e-05,0.00015999999595806003
1.5808004022505875e-05,0.00015999999595806003
1.5812004022836836e-05,0.00015999999595806003
1.5816004023167798e-05,0.00015999999595806003
1.582000402349876e-05,0.00019999999494757503
1.582400402382972e-05,0.00015999999595806003
1.5828004024160682e-05,0.00019999999494757503
1.5832004024491644e-05,0.00015999999595806003
1.5836004024822605e-05,0.00015999999595806003
1.5840004025153567e-05,0.00015999999595806003
1.5844004025484528e-05,0.00015999999595806003
1.584800402581549e-05,0.00015999999595806003
1.585200402614645e-05,0.00015999999595806003
1.5856004026477413e-05,0.00011999999696854502
1.5860004026808374e-05,0.00015999999595806003
1.5864004027139336e-05,0.00011999999696854502
1.5868004027470297e-05,0.00011999999696854502
1.587200402780126e-05,0.00015999999595806003
1.587600402813222e-05,0.00015999999595806003
1.588000402846318e-05,0.00015999999595806003
1.5884004028794143e-05,0.00015999999595806003
1.5888004029125105e-05,0.00015999999595806003
1.5892004029456066e-05,0.00019999999494757503
1.5896004029787027e-05,0.00015999999595806003
1.590000403011799e-05,0.00019999999494757503
1.590400403044895e-05,0.00015999999595806003
1.5908004030779912e-05,0.00015999999595806003
1.5912004031110873e-05,0.00015999999595806003
1.5916004031441835e-05,0.00011999999696854502
1.5920004031772796e-05,0.00011999999696854502
1.5924004032103758e-05,0.00015999999595806003
1.592800403243472e-05,0.00011999999696854502
1.593200403276568e-05,0.00015999999595806003
1.5936004033096642e-05,0.00015999999595806003
1.5940004033427604e-05,0.00015999999595806003
1.5944004033758565e-05,0.00015999999595806003
1.5948004034089527e-05,0.00015999999595806003
1.5952004034420488e-05,0.00015999999595806003
1.595600403475145e-05,0.00015999999595806003
1.596000403508241e-05,0.00015999999595806003
1.5964004035413373e-05,0.00015999999595806003
1.5968004035744334e-05,0.00015999999595806003
1.5972004036075296e-05,0.00015999999595806003
1.5976004036406257e-05,0.00015999999595806003
1.598000403673722e-05,0.00015999999595806003
1.598400403706818e-05,0.00011999999696854502
1.598800403739914e-05,0.00015999999595806003
1.5992004037730103e-05,0.00011999999696854502
1.5996004038061065e-05,0.00015999999595806003
1.6000004038392026e-05,0.00015999999595806003
1.6004004038722988e-05,0.00015999999595806003
1.600800403905395e-05,0.00015999999595806003
1.601200403938491e-05,0.00015999999595806003
1.6016004039715872e-05,0.00015999999595806003
1.6020004040046833e-05,0.00015999999595806003
1.6024004040377795e-05,0.00015999999595806003
1.6028004040708756e-05,0.00015999999595806003
1.6032004041039718e-05,0.00015999999595806003
1.603600404137068e-05,0.00015999999595806003
1.604000404170164e-05,0.00015999999595806003
1.6044004042032602e-05,0.00015999999595806003
1.6048004042363564e-05,0.00015999999595806003
1.6052004042694525e-05,0.00015999999595806003
1.6056004043025487e-05,0.00011999999696854502
1.606000404335645e-05,0.00015999999595806003
1.606400404368741e-05,0.00011999999696854502
1.606800404401837e-05,0.00015999999595806003
1.6072004044349333e-05,0.00015999999595806003
1.6076004044680294e-05,0.00015999999595806003
1.6080004045011256e-05,0.00015999999595806003
1.6084004045342217e-05,0.00015999999595806003
1.608800404567318e-05,0.00015999999595806003
1.609200404600414e-05,0.00015999999595806003
1.60960040463351e-05,0.00015999999595806003
1.6100004046666063e-05,0.00019999999494757503
1.6104004046997025e-05,0.00015999999595806003
1.6108004047327986e-05,0.00019999999494757503
1.6112004047658948e-05,0.00015999999595806003
1.611600404798991e-05,0.00015999999595806003
1.612000404832087e-05,0.00011999999696854502
1.6124004048651832e-05,0.00015999999595806003
1.6128004048982794e-05,0.00015999999595806003
1.6132004049313755e-05,0.00015999999595806003
1.6136004049644717e-05,0.00015999999595806003
1.6140004049975678e-05,0.00019999999494757503
1.614400405030664e-05,0.00015999999595806003
1.61480040506376e-05,0.00015999999595806003
1.6152004050968562e-05,0.00015999999595806003
1.6156004051299524e-05,0.00015999999595806003
1.6160004051630485e-05,0.00015999999595806003
1.6164004051961447e-05,0.00015999999595806003
1.616800405229241e-05,0.00015999999595806003
1.617200405262337e-05,0.00015999999595806003
1.617600405295433e-05,0.00015999999595806003
1.6180004053285293e-05,0.00019999999494757503
1.6184004053616254e-05,0.00015999999595806003
1.6188004053947216e-05,0.00015999999595806003
1.6192004054278177e-05,0.00015999999595806003
1.619600405460914e-05,0.00015999999595806003
1.62000040549401e-05,0.00015999999595806003
1.6204004055271062e-05,0.00015999999595806003
1.6208004055602023e-05,0.00015999999595806003
1.6212004055932985e-05,0.00015999999595806003
1.6216004056263946e-05,0.00015999999595806003
1.6220004056594908e-05,0.00015999999595806003
1.622400405692587e-05,0.00011999999696854502
1.622800405725683e-05,0.00015999999595806003
1.6232004057587792e-05,0.00015999999595806003
1.6236004057918754e-05,0.00015999999595806003
1.6240004058249715e-05,0.00015999999595806003
1.6244004058580677e-05,0.00015999999595806003
1.6248004058911638e-05,0.00015999999595806003
1.62520040592426e-05,0.00015999999595806003
1.625600405957356e-05,0.00015999999595806003
1.6260004059904523e-05,0.00015999999595806003
1.6264004060235484e-05,0.00015999999595806003
1.6268004060566445e-05,0.00015999999595806003
1.6272004060897407e-05,0.00015999999595806003
1.627600406122837e-05,0.00015999999595806003
1.628000406155933e-05,0.00015999999595806003
1.628400406189029e-05,0.00015999999595806003
1.6288004062221253e-05,0.00015999999595806003
1.6292004062552214e-05,0.00015999999595806003
1.6296004062883176e-05,0.00015999999595806003
1.6300004063214137e-05,0.00015999999595806003
1.63040040635451e-05,0.00011999999696854502
1.630800406387606e-05,0.00015999999595806003
1.6312004064207022e-05,0.00015999999595806003
1.6316004064537983e-05,0.00015999999595806003
1.6320004064868945e-05,0.00011999999696854502
1.6324004065199906e-05,0.00015999999595806003
1.6328004065530868e-05,0.00015999999595806003
1.633200406586183e-05,0.00015999999595806003
1.633600406619279e-05,0.00011999999696854502
1.6340004066523752e-05,0.00015999999595806003
1.6344004066854714e-05,0.00015999999595806003
1.6348004067185675e-05,0.00015999999595806003
1.6352004067516637e-05,0.00015999999595806003
1.6356004067847598e-05,0.00015999999595806003
1.636000406817856e-05,0.00015999999595806003
1.636400406850952e-05,0.00015999999595806003
1.6368004068840483e-05,0.00015999999595806003
1.6372004069171444e-05,0.00015999999595806003
1.6376004069502406e-05,0.00015999999595806003
1.6380004069833367e-05,0.00015999999595806003
1.638400407016433e-05,0.00015999999595806003
1.638800407049529e-05,0.00015999999595806003
1.639200407082625e-05,0.00015999999595806003
1.6396004071157213e-05,0.00015999999595806003
1.6400004071488174e-05,0.00015999999595806003
1.6404004071819136e-05,0.00015999999595806003
1.6408004072150097e-05,0.00015999999595806003
1.641200407248106e-05,0.00015999999595806003
1.641600407281202e-05,0.00015999999595806003
1.6420004073142982e-05,0.00015999999595806003
1.6424004073473943e-05,0.00015999999595806003
1.6428004073804905e-05,0.00015999999595806003
1.6432004074135866e-05,0.00015999999595806003
1.6436004074466828e-05,0.00015999999595806003
1.644000407479779e-05,0.00015999999595806003
1.644400407512875e-05,0.00015999999595806003
1.6448004075459712e-05,0.00015999999595806003
1.6452004075790674e-05,0.00019999999494757503
1.6456004076121635e-05,0.00015999999595806003
1.6460004076452597e-05,0.00019999999494757503
1.6464004076783558e-05,0.00015999999595806003
1.646800407711452e-05,0.00019999999494757503
1.647200407744548e-05,0.00015999999595806003
1.6476004077776443e-05,0.00015999999595806003
1.6480004078107404e-05,0.00011999999696854502
1.6484004078438366e-05,0.00015999999595806003
1.6488004078769327e-05,0.00015999999595806003
1.649200407910029e-05,0.00015999999595806003
1.649600407943125e-05,0.00015999999595806003
1.650000407976221e-05,0.00015999999595806003
1.6504004080093173e-05,0.00015999999595806003
1.6508004080424135e-05,0.00019999999494757503
1.6512004080755096e-05,0.00015999999595806003
1.6516004081086058e-05,0.00019999999494757503
1.652000408141702e-05,0.00015999999595806003
1.652400408174798e-05,0.00015999999595806003
1.6528004082078942e-05,0.00015999999595806003
1.6532004082409903e-05,0.00015999999595806003
1.6536004082740865e-05,0.00015999999595806003
1.6540004083071826e-05,0.00015999999595806003
1.6544004083402788e-05,0.00015999999595806003
1.654800408373375e-05,0.00019999999494757503
1.655200408406471e-05,0.00015999999595806003
1.6556004084395672e-05,0.00015999999595806003
1.6560004084726634e-05,0.00015999999595806003
1.6564004085057595e-05,0.00015999999595806003
1.6568004085388557e-05,0.00015999999595806003
1.6572004085719518e-05,0.00015999999595806003
1.657600408605048e-05,0.00015999999595806003
1.658000408638144e-05,0.00015999999595806003
1.6584004086712403e-05,0.00015999999595806003
1.6588004087043364e-05,0.00019999999494757503
1.6592004087374326e-05,0.00015999999595806003
1.6596004087705287e-05,0.00015999999595806003
1.660000408803625e-05,0.00015999999595806003
1.660400408836721e-05,0.00015999999595806003
1.660800408869817e-05,0.00015999999595806003
1.6612004089029133e-05,0.00015999999595806003
1.6616004089360095e-05,0.00015999999595806003
1.6620004089691056e-05,0.00015999999595806003
1.6624004090022018e-05,0.00015999999595806003
1.662800409035298e-05,0.00015999999595806003
1.663200409068394e-05,0.00015999999595806003
1.6636004091014902e-05,0.00019999999494757503
1.6640004091345864e-05,0.00015999999595806003
1.6644004091676825e-05,0.00015999999595806003
1.6648004092007786e-05,0.00015999999595806003
1.6652004092338748e-05,0.00015999999595806003
1.665600409266971e-05,0.00015999999595806003
1.666000409300067e-05,0.00015999999595806003
1.6664004093331632e-05,0.00015999999595806003
1.6668004093662594e-05,0.00015999999595806003
1.6672004093993555e-05,0.00015999999595806003
1.6676004094324517e-05,0.00015999999595806003
1.668000409465548e-05,0.00015999999595806003
1.668400409498644e-05,0.00015999999595806003
1.66880040953174e-05,0.00011999999696854502
1.6692004095648363e-05,0.00015999999595806003
1.6696004095979324e-05,0.00015999999595806003
1.6700004096310286e-05,0.00015999999595806003
1.6704004096641247e-05,0.00015999999595806003
1.670800409697221e-05,0.00015999999595806003
1.671200409730317e-05,0.00015999999595806003
1.6716004097634132e-05,0.00015999999595806003
1.6720004097965093e-05,0.00015999999595806003
1.6724004098296055e-05,0.00015999999595806003
1.6728004098627016e-05,0.00015999999595806003
1.6732004098957978e-05,0.00015999999595806003
1.673600409928894e-05,0.00015999999595806003
1.67400040996199e-05,0.00015999999595806003
1.6744004099950862e-05,0.00015999999595806003
1.6748004100281824e-05,0.00015999999595806003
1.6752004100612785e-05,0.00015999999595806003
1.6756004100943747e-05,0.00015999999595806003
1.6760004101274708e-05,0.00015999999595806003
1.676400410160567e-05,0.00015999999595806003
1.676800410193663e-05,0.00015999999595806003
1.6772004102267592e-05,0.00015999999595806003
1.6776004102598554e-05,0.00015999999595806003
1.6780004102929515e-05,0.00015999999595806003
1.6784004103260477e-05,0.00015999999595806003
1.678800410359144e-05,0.00015999999595806003
1.67920041039224e-05,0.00015999999595806003
1.679600410425336e-05,0.00015999999595806003
1.6800004104584323e-05,0.00015999999595806003
1.6804004104915284e-05,0.00015999999595806003
1.6808004105246246e-05,0.00015999999595806003
1.6812004105577207e-05,0.00015999999595806003
1.681600410590817e-05,0.00015999999595806003
1.682000410623913e-05,0.00015999999595806003
1.6824004106570092e-05,0.00015999999595806003
1.6828004106901053e-05,0.00015999999595806003
1.6832004107232015e-05,0.00015999999595806003
1.6836004107562976e-05,0.00015999999595806003
1.6840004107893938e-05,0.00015999999595806003
1.68440041082249e-05,0.00015999999595806003
1.684800410855586e-05,0.00015999999595806003
1.6852004108886822e-05,0.00015999999595806003
1.6856004109217784e-05,0.00011999999696854502
1.6860004109548745e-05,0.00015999999595806003
1.6864004109879707e-05,0.00015999999595806003
1.6868004110210668e-05,0.00015999999595806003
1.687200411054163e-05,0.00015999999595806003
1.687600411087259e-05,0.00015999999595806003
1.6880004111203553e-05,0.00015999999595806003
1.6884004111534514e-05,0.00015999999595806003
1.6888004111865476e-05,0.00015999999595806003
1.6892004112196437e-05,0.00015999999595806003
1.68960041125274e-05,0.00015999999595806003
1.690000411285836e-05,0.00015999999595806003
1.690400411318932e-05,0.00015999999595806003
1.6908004113520283e-05,0.00015999999595806003
1.6912004113851244e-05,0.00015999999595806003
1.6916004114182206e-05,0.00015999999595806003
1.6920004114513167e-05,0.00015999999595806003
1.692400411484413e-05,0.00015999999595806003
1.692800411517509e-05,0.00015999999595806003
1.6932004115506052e-05,0.00015999999595806003
1.6936004115837013e-05,0.00015999999595806003
1.6940004116167975e-05,0.00015999999595806003
1.6944004116498936e-05,0.00015999999595806003
1.6948004116829898e-05,0.00015999999595806003
1.695200411716086e-05,0.00015999999595806003
1.695600411749182e-05,0.00015999999595806003
1.6960004117822782e-05,0.00011999999696854502
1.6964004118153744e-05,0.00015999999595806003
1.6968004118484705e-05,0.00015999999595806003
1.6972004118815667e-05,0.00015999999595806003
1.6976004119146628e-05,0.00015999999595806003
1.698000411947759e-05,0.00015999999595806003
1.698400411980855e-05,0.00015999999595806003
1.6988004120139513e-05,0.00019999999494757503
1.6992004120470474e-05,0.00015999999595806003
1.6996004120801436e-05,0.00015999999595806003
1.7000004121132397e-05,0.00015999999595806003
1.700400412146336e-05,0.00015999999595806003
1.700800412179432e-05,0.00015999999595806003
1.701200412212528e-05,0.00015999999595806003
1.7016004122456243e-05,0.00015999999595806003
1.7020004122787204e-05,0.00015999999595806003
1.7024004123118166e-05,0.00015999999595806003
1.7028004123449127e-05,0.00015999999595806003
1.703200412378009e-05,0.00015999999595806003
1.703600412411105e-05,0.00015999999595806003
1.7040004124442012e-05,0.00015999999595806003
1.7044004124772973e-05,0.00019999999494757503
1.7048004125103935e-05,0.00015999999595806003
1.7052004125434896e-05,0.00015999999595806003
1.7056004125765858e-05,0.00015999999595806003
1.706000412609682e-05,0.00015999999595806003
1.706400412642778e-05,0.00015999999595806003
1.7068004126758742e-05,0.00015999999595806003
1.7072004127089704e-05,0.00015999999595806003
1.7076004127420665e-05,0.00015999999595806003
1.7080004127751627e-05,0.00015999999595806003
1.7084004128082588e-05,0.00015999999595806003
1.708800412841355e-05,0.00011999999696854502
1.709200412874451e-05,0.00015999999595806003
1.7096004129075473e-05,0.00015999999595806003
1.7100004129406434e-05,0.00015999999595806003
1.7104004129737396e-05,0.00015999999595806003
1.7108004130068357e-05,0.00019999999494757503
1.711200413039932e-05,0.00015999999595806003
1.711600413073028e-05,0.00019999999494757503
1.712000413106124e-05,0.00015999999595806003
1.7124004131392203e-05,0.00015999999595806003
1.7128004131723165e-05,0.00015999999595806003
1.7132004132054126e-05,0.00015999999595806003
1.7136004132385088e-05,0.00011999999696854502
1.714000413271605e-05,0.00015999999595806003
1.714400413304701e-05,0.00015999999595806003
1.7148004133377972e-05,0.00019999999494757503
1.7152004133708933e-05,0.00015999999595806003
1.7156004134039895e-05,0.00015999999595806003
1.7160004134370856e-05,0.00015999999595806003
1.7164004134701818e-05,0.00015999999595806003
1.716800413503278e-05,0.00015999999595806003
1.717200413536374e-05,0.00015999999595806003
1.7176004135694702e-05,0.00011999999696854502
1.7180004136025664e-05,0.00015999999595806003
1.7184004136356625e-05,0.00011999999696854502
1.7188004136687587e-05,0.00015999999595806003
1.7192004137018548e-05,0.00011999999696854502
1.719600413734951e-05,0.00015999999595806003
1.720000413768047e-05,0.00015999999595806003
1.7204004138011433e-05,0.00015999999595806003
1.7208004138342394e-05,0.00015999999595806003
1.7212004138673356e-05,0.00015999999595806003
1.7216004139004317e-05,0.00011999999696854502
1.722000413933528e-05,0.00015999999595806003
1.722400413966624e-05,0.00015999999595806003
1.72280041399972e-05,0.00015999999595806003
1.7232004140328163e-05,0.00015999999595806003
1.7236004140659125e-05,0.00019999999494757503
1.7240004140990086e-05,0.00015999999595806003
1.7244004141321048e-05,0.00019999999494757503
1.724800414165201e-05,0.00015999999595806003
1.725200414198297e-05,0.00015999999595806003
1.7256004142313932e-05,0.00015999999595806003
1.7260004142644894e-05,0.00015999999595806003
1.7264004142975855e-05,0.00011999999696854502
1.7268004143306816e-05,0.00015999999595806003
1.7272004143637778e-05,0.00015999999595806003
1.727600414396874e-05,0.00019999999494757503
1.72800041442997e-05,0.00015999999595806003
1.7284004144630662e-05,0.00019999999494757503
1.7288004144961624e-05,0.00015999999595806003
1.7292004145292585e-05,0.00015999999595806003
1.7296004145623547e-05,0.00015999999595806003
1.730000414595451e-05,0.00015999999595806003
1.730400414628547e-05,0.00011999999696854502
1.730800414661643e-05,0.00015999999595806003
1.7312004146947393e-05,0.00015999999595806003
1.7316004147278354e-05,0.00015999999595806003
1.7320004147609316e-05,0.00015999999595806003
1.7324004147940277e-05,0.00015999999595806003
1.732800414827124e-05,0.00015999999595806003
1.73320041486022e-05,0.00015999999595806003
1.7336004148933162e-05,0.00015999999595806003
1.7340004149264123e-05,0.00015999999595806003
1.7344004149595085e-05,0.00015999999595806003
1.7348004149926046e-05,0.00015999999595806003
1.7352004150257008e-05,0.00015999999595806003
1.735600415058797e-05,0.00015999999595806003
1.736000415091893e-05,0.00011999999696854502
1.7364004151249892e-05,0.00015999999595806003
1.7368004151580854e-05,0.00015999999595806003
1.7372004151911815e-05,0.00015999999595806003
1.7376004152242777e-05,0.00015999999595806003
1.7380004152573738e-05,0.00015999999595806003
1.73840041529047e-05,0.00015999999595806003
1.738800415323566e-05,0.00015999999595806003
1.7392004153566622e-05,0.00015999999595806003
1.7396004153897584e-05,0.00015999999595806003
1.7400004154228545e-05,0.00015999999595806003
1.7404004154559507e-05,0.00015999999595806003
1.740800415489047e-05,0.00015999999595806003
1.741200415522143e-05,0.00015999999595806003
1.741600415555239e-05,0.00015999999595806003
1.7420004155883353e-05,0.00015999999595806003
1.7424004156214314e-05,0.00011999999696854502
1.7428004156545276e-05,0.00015999999595806003
1.7432004156876237e-05,0.00015999999595806003
1.74360041572072e-05,0.00015999999595806003
1.744000415753816e-05,0.00015999999595806003
1.7444004157869122e-05,0.00015999999595806003
1.7448004158200083e-05,0.00015999999595806003
1.7452004158531045e-05,0.00019999999494757503
1.7456004158862006e-05,0.00015999999595806003
1.7460004159192968e-05,0.00015999999595806003
1.746400415952393e-05,0.00015999999595806003
1.746800415985489e-05,0.00015999999595806003
1.7472004160185852e-05,0.00015999999595806003
1.7476004160516814e-05,0.00015999999595806003
1.7480004160847775e-05,0.00011999999696854502
1.7484004161178737e-05,0.00015999999595806003
1.7488004161509698e-05,0.00015999999595806003
1.749200416184066e-05,0.00015999999595806003
1.749600416217162e-05,0.00015999999595806003
1.7500004162502583e-05,0.00015999999595806003
1.7504004162833544e-05,0.00015999999595806003
1.7508004163164506e-05,0.00019999999494757503
1.7512004163495467e-05,0.00015999999595806003
1.751600416382643e-05,0.00015999999595806003
1.752000416415739e-05,0.00015999999595806003
1.752400416448835e-05,0.00015999999595806003
1.7528004164819313e-05,0.00015999999595806003
1.7532004165150274e-05,0.00015999999595806003
1.7536004165481236e-05,0.00015999999595806003
1.7540004165812197e-05,0.00015999999595806003
1.754400416614316e-05,0.00015999999595806003
1.754800416647412e-05,0.00015999999595806003
1.7552004166805082e-05,0.00015999999595806003
1.7556004167136043e-05,0.00019999999494757503
1.7560004167467005e-05,0.00015999999595806003
1.7564004167797966e-05,0.00019999999494757503
1.7568004168128928e-05,0.00015999999595806003
1.757200416845989e-05,0.00015999999595806003
1.757600416879085e-05,0.00015999999595806003
1.7580004169121812e-05,0.00015999999595806003
1.7584004169452774e-05,0.00011999999696854502
1.7588004169783735e-05,0.00015999999595806003
1.7592004170114697e-05,0.00015999999595806003
1.7596004170445658e-05,0.00015999999595806003
1.760000417077662e-05,0.00015999999595806003
1.760400417110758e-05,0.00019999999494757503
1.7608004171438543e-05,0.00015999999595806003
1.7612004171769504e-05,0.00015999999595806003
1.7616004172100466e-05,0.00015999999595806003
1.7620004172431427e-05,0.00015999999595806003
1.762400417276239e-05,0.00015999999595806003
1.762800417309335e-05,0.00015999999595806003
1.763200417342431e-05,0.00015999999595806003
1.7636004173755273e-05,0.00015999999595806003
1.7640004174086235e-05,0.00015999999595806003
1.7644004174417196e-05,0.00015999999595806003
1.7648004174748157e-05,0.00015999999595806003
1.765200417507912e-05,0.00019999999494757503
1.765600417541008e-05,0.00015999999595806003
1.7660004175741042e-05,0.00015999999595806003
1.7664004176072003e-05,0.00015999999595806003
1.7668004176402965e-05,0.00015999999595806003
1.7672004176733926e-05,0.00015999999595806003
1.7676004177064888e-05,0.00015999999595806003
1.768000417739585e-05,0.00015999999595806003
1.768400417772681e-05,0.00015999999595806003
1.7688004178057772e-05,0.00015999999595806003
1.7692004178388734e-05,0.00015999999595806003
1.7696004178719695e-05,0.00015999999595806003
1.7700004179050657e-05,0.00015999999595806003
1.7704004179381618e-05,0.00011999999696854502
1.770800417971258e-05,0.00015999999595806003
1.771200418004354e-05,0.00015999999595806003
1.7716004180374503e-05,0.00015999999595806003
1.7720004180705464e-05,0.00015999999595806003
1.7724004181036426e-05,0.00015999999595806003
1.7728004181367387e-05,0.00015999999595806003
1.773200418169835e-05,0.00019999999494757503
1.773600418202931e-05,0.00015999999595806003
1.774000418236027e-05,0.00015999999595806003
1.7744004182691233e-05,0.00015999999595806003
1.7748004183022195e-05,0.00015999999595806003
1.7752004183353156e-05,0.00015999999595806003
1.7756004183684118e-05,0.00015999999595806003
1.776000418401508e-05,0.00015999999595806003
1.776400418434604e-05,0.00015999999595806003
1.7768004184677002e-05,0.00011999999696854502
1.7772004185007963e-05,0.00015999999595806003
1.7776004185338925e-05,0.00011999999696854502
1.7780004185669886e-05,0.00015999999595806003
1.7784004186000848e-05,0.00015999999595806003
1.778800418633181e-05,0.00015999999595806003
1.779200418666277e-05,0.00015999999595806003
1.7796004186993732e-05,0.00015999999595806003
1.7800004187324694e-05,0.00015999999595806003
1.7804004187655655e-05,0.00019999999494757503
1.7808004187986617e-05,0.00015999999595806003
1.781200418831758e-05,0.00019999999494757503
1.781600418864854e-05,0.00015999999595806003
1.78200041889795e-05,0.00015999999595806003
1.7824004189310463e-05,0.00011999999696854502
1.7828004189641424e-05,0.00011999999696854502
1.7832004189972386e-05,0.00011999999696854502
1.7836004190303347e-05,0.00015999999595806003
1.784000419063431e-05,0.00015999999595806003
1.784400419096527e-05,0.00015999999595806003
1.784800419129623e-05,0.00015999999595806003
1.7852004191627193e-05,0.00019999999494757503
1.7856004191958155e-05,0.00015999999595806003
1.7860004192289116e-05,0.00015999999595806003
1.7864004192620078e-05,0.00015999999595806003
1.786800419295104e-05,0.00015999999595806003
1.7872004193282e-05,0.00015999999595806003
1.7876004193612962e-05,0.00015999999595806003
1.7880004193943924e-05,0.00015999999595806003
1.7884004194274885e-05,0.00015999999595806003
1.7888004194605847e-05,0.00015999999595806003
1.7892004194936808e-05,0.00015999999595806003
1.789600419526777e-05,0.00011999999696854502
1.790000419559873e-05,0.00011999999696854502
1.7904004195929692e-05,0.00011999999696854502
1.7908004196260654e-05,0.00015999999595806003
1.7912004196591615e-05,0.00015999999595806003
1.7916004196922577e-05,0.00015999999595806003
1.792000419725354e-05,0.00015999999595806003
1.79240041975845e-05,0.00015999999595806003
1.792800419791546e-05,0.00015999999595806003
1.7932004198246423e-05,0.00019999999494757503
1.7936004198577384e-05,0.00015999999595806003
1.7940004198908346e-05,0.00019999999494757503
1.7944004199239307e-05,0.00015999999595806003
1.794800419957027e-05,0.00015999999595806003
1.795200419990123e-05,0.00015999999595806003
1.7956004200232192e-05,0.00015999999595806003
1.7960004200563153e-05,0.00015999999595806003
1.7964004200894115e-05,0.00015999999595806003
1.7968004201225076e-05,0.00015999999595806003
1.7972004201556038e-05,0.00015999999595806003
1.7976004201887e-05,0.00015999999595806003
1.798000420221796e-05,0.00015999999595806003
1.7984004202548922e-05,0.00015999999595806003
1.7988004202879884e-05,0.00019999999494757503
1.7992004203210845e-05,0.00015999999595806003
1.7996004203541807e-05,0.00019999999494757503
1.8000004203872768e-05,0.00015999999595806003
1.800400420420373e-05,0.00015999999595806003
1.800800420453469e-05,0.00015999999595806003
1.8012004204865653e-05,0.00015999999595806003
1.8016004205196614e-05,0.00015999999595806003
1.8020004205527575e-05,0.00015999999595806003
1.8024004205858537e-05,0.00011999999696854502
1.80280042061895e-05,0.00015999999595806003
1.803200420652046e-05,0.00011999999696854502
1.803600420685142e-05,0.00015999999595806003
1.8040004207182383e-05,0.00015999999595806003
1.8044004207513344e-05,0.00015999999595806003
1.8048004207844306e-05,0.00015999999595806003
1.8052004208175267e-05,0.00015999999595806003
1.805600420850623e-05,0.00015999999595806003
1.806000420883719e-05,0.00019999999494757503
1.8064004209168152e-05,0.00015999999595806003
1.8068004209499113e-05,0.00015999999595806003
1.8072004209830075e-05,0.00015999999595806003
1.8076004210161036e-05,0.00015999999595806003
1.8080004210491998e-05,0.00015999999595806003
1.808400421082296e-05,0.00015999999595806003
1.808800421115392e-05,0.00015999999595806003
1.8092004211484882e-05,0.00019999999494757503
1.8096004211815844e-05,0.00015999999595806003
1.8100004212146805e-05,0.00015999999595806003
1.8104004212477767e-05,0.00015999999595806003
1.8108004212808728e-05,0.00015999999595806003
1.811200421313969e-05,0.00011999999696854502
1.811600421347065e-05,0.00015999999595806003
1.8120004213801613e-05,0.00015999999595806003
1.8124004214132574e-05,0.00015999999595806003
1.8128004214463536e-05,0.00015999999595806003
1.8132004214794497e-05,0.00015999999595806003
1.813600421512546e-05,0.00015999999595806003
1.814000421545642e-05,0.00015999999595806003
1.814400421578738e-05,0.00015999999595806003
1.8148004216118343e-05,0.00015999999595806003
1.8152004216449304e-05,0.00015999999595806003
1.8156004216780266e-05,0.00015999999595806003
1.8160004217111227e-05,0.00015999999595806003
1.816400421744219e-05,0.00015999999595806003
1.816800421777315e-05,0.00015999999595806003
1.8172004218104112e-05,0.00019999999494757503
1.8176004218435073e-05,0.00015999999595806003
1.8180004218766035e-05,0.00019999999494757503
1.8184004219096996e-05,0.00015999999595806003
1.8188004219427958e-05,0.00015999999595806003
1.819200421975892e-05,0.00015999999595806003
1.819600422008988e-05,0.00015999999595806003
1.8200004220420842e-05,0.00015999999595806003
1.8204004220751804e-05,0.00015999999595806003
1.8208004221082765e-05,0.00015999999595806003
1.8212004221413727e-05,0.00015999999595806003
1.8216004221744688e-05,0.00015999999595806003
1.822000422207565e-05,0.00015999999595806003
1.822400422240661e-05,0.00015999999595806003
1.8228004222737573e-05,0.00015999999595806003
1.8232004223068534e-05,0.00015999999595806003
1.8236004223399496e-05,0.00015999999595806003
1.8240004223730457e-05,0.00015999999595806003
1.824400422406142e-05,0.00015999999595806003
1.824800422439238e-05,0.00015999999595806003
1.825200422472334e-05,0.00019999999494757503
1.8256004225054303e-05,0.00015999999595806003
1.8260004225385265e-05,0.00015999999595806003
1.8264004225716226e-05,0.00015999999595806003
1.8268004226047187e-05,0.00015999999595806003
1.827200422637815e-05,0.00015999999595806003
1.827600422670911e-05,0.00015999999595806003
1.8280004227040072e-05,0.00015999999595806003
1.8284004227371033e-05,0.00015999999595806003
1.8288004227701995e-05,0.00015999999595806003
1.8292004228032956e-05,0.00015999999595806003
1.8296004228363918e-05,0.00015999999595806003
1.830000422869488e-05,0.00019999999494757503
1.830400422902584e-05,0.00015999999595806003
1.8308004229356802e-05,0.00015999999595806003
1.8312004229687764e-05,0.00015999999595806003
1.8316004230018725e-05,0.00015999999595806003
1.8320004230349687e-05,0.00015999999595806003
1.8324004230680648e-05,0.00015999999595806003
1.832800423101161e-05,0.00015999999595806003
1.833200423134257e-05,0.00015999999595806003
1.8336004231673533e-05,0.00015999999595806003
1.8340004232004494e-05,0.00015999999595806003
1.8344004232335456e-05,0.00015999999595806003
1.8348004232666417e-05,0.00015999999595806003
1.835200423299738e-05,0.00015999999595806003
1.835600423332834e-05,0.00015999999595806003
1.83600042336593e-05,0.00015999999595806003
1.8364004233990263e-05,0.00015999999595806003
1.8368004234321225e-05,0.00015999999595806003
1.8372004234652186e-05,0.00015999999595806003
1.8376004234983148e-05,0.00011999999696854502
1.838000423531411e-05,0.00015999999595806003
1.838400423564507e-05,0.00015999999595806003
1.8388004235976032e-05,0.00015999999595806003
1.8392004236306993e-05,0.00015999999595806003
1.8396004236637955e-05,0.00015999999595806003
1.8400004236968916e-05,0.00015999999595806003
1.8404004237299878e-05,0.00019999999494757503
1.840800423763084e-05,0.00015999999595806003
1.84120042379618e-05,0.00015999999595806003
1.8416004238292762e-05,0.00015999999595806003
1.8420004238623724e-05,0.00015999999595806003
1.8424004238954685e-05,0.00015999999595806003
1.8428004239285647e-05,0.00015999999595806003
1.843200423961661e-05,0.00015999999595806003
1.843600423994757e-05,0.00015999999595806003
1.844000424027853e-05,0.00015999999595806003
1.8444004240609493e-05,0.00015999999595806003
1.8448004240940454e-05,0.00015999999595806003
1.8452004241271416e-05,0.00015999999595806003
1.8456004241602377e-05,0.00015999999595806003
1.846000424193334e-05,0.00015999999595806003
1.84640042422643e-05,0.00011999999696854502
1.846800424259526e-05,0.00015999999595806003
1.8472004242926223e-05,0.00015999999595806003
1.8476004243257185e-05,0.00015999999595806003
1.8480004243588146e-05,0.00015999999595806003
1.8484004243919108e-05,0.00019999999494757503
1.848800424425007e-05,0.00015999999595806003
1.849200424458103e-05,0.00019999999494757503
1.8496004244911992e-05,0.00015999999595806003
1.8500004245242954e-05,0.00015999999595806003
1.8504004245573915e-05,0.00015999999595806003
1.8508004245904877e-05,0.00015999999595806003
1.8512004246235838e-05,0.00011999999696854502
1.85160042465668e-05,0.00015999999595806003
1.852000424689776e-05,0.00011999999696854502
1.8524004247228722e-05,0.00011999999696854502
1.8528004247559684e-05,0.00011999999696854502
1.8532004247890645e-05,0.00015999999595806003
1.8536004248221607e-05,0.00015999999595806003
1.854000424855257e-05,0.00019999999494757503
1.854400424888353e-05,0.00015999999595806003
1.854800424921449e-05,0.00019999999494757503
1.8552004249545453e-05,0.00015999999595806003
1.8556004249876414e-05,0.00019999999494757503
1.8560004250207376e-05,0.00015999999595806003
1.8564004250538337e-05,0.00015999999595806003
1.85680042508693e-05,0.00015999999595806003
1.857200425120026e-05,0.00015999999595806003
1.8576004251531222e-05,0.00011999999696854502
1.8580004251862183e-05,0.00015999999595806003
1.8584004252193145e-05,0.00011999999696854502
1.8588004252524106e-05,0.00015999999595806003
1.8592004252855068e-05,0.00011999999696854502
1.859600425318603e-05,0.00015999999595806003
1.860000425351699e-05,0.00015999999595806003
1.8604004253847952e-05,0.00015999999595806003
1.8608004254178914e-05,0.00015999999595806003
1.8612004254509875e-05,0.00019999999494757503
1.8616004254840837e-05,0.00015999999595806003
1.8620004255171798e-05,0.00019999999494757503
1.862400425550276e-05,0.00015999999595806003
1.862800425583372e-05,0.00015999999595806003
1.8632004256164683e-05,0.00015999999595806003
1.8636004256495644e-05,0.00015999999595806003
1.8640004256826606e-05,0.00011999999696854502
1.8644004257157567e-05,0.00015999999595806003
1.864800425748853e-05,0.00011999999696854502
1.865200425781949e-05,0.00015999999595806003
1.865600425815045e-05,0.00015999999595806003
1.8660004258481413e-05,0.00019999999494757503
1.8664004258812374e-05,0.00015999999595806003
1.8668004259143336e-05,0.00019999999494757503
1.8672004259474297e-05,0.00015999999595806003
1.867600425980526e-05,0.00015999999595806003
1.868000426013622e-05,0.00015999999595806003
1.8684004260467182e-05,0.00019999999494757503
1.8688004260798143e-05,0.00015999999595806003
1.8692004261129105e-05,0.00015999999595806003
1.8696004261460066e-05,0.00015999999595806003
1.8700004261791028e-05,0.00015999999595806003
1.870400426212199e-05,0.00011999999696854502
1.870800426245295e-05,0.00015999999595806003
1.8712004262783912e-05,0.00015999999595806003
1.8716004263114874e-05,0.00015999999595806003
1.8720004263445835e-05,0.00011999999696854502
1.8724004263776797e-05,0.00015999999595806003
1.8728004264107758e-05,0.00015999999595806003
1.873200426443872e-05,0.00019999999494757503
1.873600426476968e-05,0.00015999999595806003
1.8740004265100643e-05,0.00015999999595806003
1.8744004265431604e-05,0.00015999999595806003
1.8748004265762566e-05,0.00019999999494757503
1.8752004266093527e-05,0.00015999999595806003
1.875600426642449e-05,0.00015999999595806003
1.876000426675545e-05,0.00011999999696854502
1.876400426708641e-05,0.00015999999595806003
1.8768004267417373e-05,0.00011999999696854502
1.8772004267748334e-05,0.00015999999595806003
1.8776004268079296e-05,0.00015999999595806003
1.8780004268410257e-05,0.00015999999595806003
1.878400426874122e-05,0.00015999999595806003
1.878800426907218e-05,0.00019999999494757503
1.8792004269403142e-05,0.00015999999595806003
1.8796004269734103e-05,0.00015999999595806003
1.8800004270065065e-05,0.00015999999595806003
1.8804004270396026e-05,0.00015999999595806003
1.8808004270726988e-05,0.00015999999595806003
1.881200427105795e-05,0.00015999999595806003
1.881600427138891e-05,0.00015999999595806003
1.8820004271719872e-05,0.00019999999494757503
1.8824004272050834e-05,0.00015999999595806003
1.8828004272381795e-05,0.00019999999494757503
1.8832004272712757e-05,0.00015999999595806003
1.8836004273043718e-05,0.00015999999595806003
1.884000427337468e-05,0.00015999999595806003
1.884400427370564e-05,0.00015999999595806003
1.8848004274036603e-05,0.00015999999595806003
1.8852004274367564e-05,0.00015999999595806003
1.8856004274698526e-05,0.00015999999595806003
1.8860004275029487e-05,0.00015999999595806003
1.886400427536045e-05,0.00015999999595806003
1.886800427569141e-05,0.00015999999595806003
1.887200427602237e-05,0.00015999999595806003
1.8876004276353333e-05,0.00015999999595806003
1.8880004276684295e-05,0.00015999999595806003
1.8884004277015256e-05,0.00015999999595806003
1.8888004277346218e-05,0.00015999999595806003
1.889200427767718e-05,0.00015999999595806003
1.889600427800814e-05,0.00011999999696854502
1.8900004278339102e-05,0.00015999999595806003
1.8904004278670063e-05,0.00015999999595806003
1.8908004279001025e-05,0.00019999999494757503
1.8912004279331986e-05,0.00015999999595806003
1.8916004279662948e-05,0.00015999999595806003
1.892000427999391e-05,0.00015999999595806003
1.892400428032487e-05,0.00015999999595806003
1.8928004280655832e-05,0.00015999999595806003
1.8932004280986794e-05,0.00015999999595806003
1.8936004281317755e-05,0.00015999999595806003
1.8940004281648717e-05,0.00015999999595806003
1.8944004281979678e-05,0.00015999999595806003
1.894800428231064e-05,0.00019999999494757503
1.89520042826416e-05,0.00015999999595806003
1.8956004282972563e-05,0.00015999999595806003
1.8960004283303524e-05,0.00015999999595806003
1.8964004283634486e-05,0.00015999999595806003
1.8968004283965447e-05,0.00015999999595806003
1.897200428429641e-05,0.00015999999595806003
1.897600428462737e-05,0.00011999999696854502
1.898000428495833e-05,0.00015999999595806003
1.8984004285289293e-05,0.00011999999696854502
1.8988004285620255e-05,0.00015999999595806003
1.8992004285951216e-05,0.00015999999595806003
1.8996004286282178e-05,0.00015999999595806003
1.900000428661314e-05,0.00015999999595806003
1.90040042869441e-05,0.00015999999595806003
1.9008004287275062e-05,0.00015999999595806003
1.9012004287606024e-05,0.00015999999595806003
1.9016004287936985e-05,0.00015999999595806003
1.9020004288267946e-05,0.00015999999595806003
1.9024004288598908e-05,0.00015999999595806003
1.902800428892987e-05,0.00015999999595806003
1.903200428926083e-05,0.00015999999595806003
1.9036004289591792e-05,0.00015999999595806003
1.9040004289922754e-05,0.00011999999696854502
1.9044004290253715e-05,0.00015999999595806003
1.9048004290584677e-05,0.00015999999595806003
1.905200429091564e-05,0.00015999999595806003
1.90560042912466e-05,0.00011999999696854502
1.906000429157756e-05,0.00019999999494757503
1.9064004291908523e-05,0.00015999999595806003
1.9068004292239484e-05,0.00015999999595806003
1.9072004292570446e-05,0.00015999999595806003
1.9076004292901407e-05,0.00015999999595806003
1.908000429323237e-05,0.00011999999696854502
1.908400429356333e-05,0.00015999999595806003
1.9088004293894292e-05,0.00015999999595806003
1.9092004294225253e-05,0.00015999999595806003
1.9096004294556215e-05,0.00015999999595806003
1.9100004294887176e-05,0.00019999999494757503
1.9104004295218138e-05,0.00015999999595806003
1.91080042955491e-05,0.00019999999494757503
1.911200429588006e-05,0.00015999999595806003
1.9116004296211022e-05,0.00015999999595806003
1.9120004296541984e-05,0.00015999999595806003
1.9124004296872945e-05,0.00015999999595806003
1.9128004297203907e-05,0.00015999999595806003
1.9132004297534868e-05,0.00015999999595806003
1.913600429786583e-05,0.00015999999595806003
1.914000429819679e-05,0.00015999999595806003
1.9144004298527752e-05,0.00015999999595806003
1.9148004298858714e-05,0.00015999999595806003
1.9152004299189675e-05,0.00015999999595806003
1.9156004299520637e-05,0.00015999999595806003
1.91600042998516e-05,0.00015999999595806003
1.916400430018256e-05,0.00015999999595806003
1.916800430051352e-05,0.00015999999595806003
1.9172004300844483e-05,0.00015999999595806003
1.9176004301175444e-05,0.00015999999595806003
1.9180004301506406e-05,0.00015999999595806003
1.9184004301837367e-05,0.00015999999595806003
1.918800430216833e-05,0.00019999999494757503
1.919200430249929e-05,0.00015999999595806003
1.9196004302830252e-05,0.00019999999494757503
1.9200004303161213e-05,0.00015999999595806003
1.9204004303492175e-05,0.00015999999595806003
1.9208004303823136e-05,0.00011999999696854502
1.9212004304154098e-05,0.00015999999595806003
1.921600430448506e-05,0.00015999999595806003
1.922000430481602e-05,0.00015999999595806003
1.9224004305146982e-05,0.00015999999595806003
1.9228004305477944e-05,0.00019999999494757503
1.9232004305808905e-05,0.00015999999595806003
1.9236004306139867e-05,0.00019999999494757503
1.9240004306470828e-05,0.00015999999595806003
1.924400430680179e-05,0.00015999999595806003
1.924800430713275e-05,0.00015999999595806003
1.9252004307463713e-05,0.00015999999595806003
1.9256004307794674e-05,0.00015999999595806003
1.9260004308125636e-05,0.00015999999595806003
1.9264004308456597e-05,0.00015999999595806003
1.926800430878756e-05,0.00019999999494757503
1.927200430911852e-05,0.00015999999595806003
1.927600430944948e-05,0.00015999999595806003
1.9280004309780443e-05,0.00015999999595806003
1.9284004310111404e-05,0.00015999999595806003
1.9288004310442366e-05,0.00015999999595806003
1.9292004310773327e-05,0.00015999999595806003
1.929600431110429e-05,0.00015999999595806003
1.930000431143525e-05,0.00015999999595806003
1.9304004311766212e-05,0.00015999999595806003
1.9308004312097173e-05,0.00015999999595806003
1.9312004312428135e-05,0.00015999999595806003
1.9316004312759096e-05,0.00015999999595806003
1.9320004313090058e-05,0.00015999999595806003
1.932400431342102e-05,0.00015999999595806003
1.932800431375198e-05,0.00015999999595806003
1.9332004314082942e-05,0.00015999999595806003
1.9336004314413904e-05,0.00015999999595806003
1.9340004314744865e-05,0.00015999999595806003
1.9344004315075827e-05,0.00015999999595806003
1.9348004315406788e-05,0.00019999999494757503
1.935200431573775e-05,0.00015999999595806003
1.935600431606871e-05,0.00019999999494757503
1.9360004316399673e-05,0.00015999999595806003
1.9364004316730634e-05,0.00015999999595806003
1.9368004317061596e-05,0.00015999999595806003
1.9372004317392557e-05,0.00011999999696854502
1.937600431772352e-05,0.00011999999696854502
1.938000431805448e-05,0.00015999999595806003
1.938400431838544e-05,0.00015999999595806003
1.9388004318716403e-05,0.00015999999595806003
1.9392004319047364e-05,0.00015999999595806003
1.9396004319378326e-05,0.00015999999595806003
1.9400004319709287e-05,0.00015999999595806003
1.940400432004025e-05,0.00015999999595806003
1.940800432037121e-05,0.00015999999595806003
1.9412004320702172e-05,0.00015999999595806003
1.9416004321033133e-05,0.00015999999595806003
1.9420004321364095e-05,0.00015999999595806003
1.9424004321695056e-05,0.00011999999696854502
1.9428004322026018e-05,0.00015999999595806003
1.943200432235698e-05,0.00015999999595806003
1.943600432268794e-05,0.00015999999595806003
1.9440004323018902e-05,0.00015999999595806003
1.9444004323349864e-05,0.00015999999595806003
1.9448004323680825e-05,0.00015999999595806003
1.9452004324011787e-05,0.00015999999595806003
1.9456004324342748e-05,0.00011999999696854502
1.946000432467371e-05,0.00015999999595806003
1.946400432500467e-05,0.00011999999696854502
1.9468004325335633e-05,0.00015999999595806003
1.9472004325666594e-05,0.00015999999595806003
1.9476004325997556e-05,0.00019999999494757503
1.9480004326328517e-05,0.00015999999595806003
1.948400432665948e-05,0.00015999999595806003
1.948800432699044e-05,0.00015999999595806003
1.94920043273214e-05,0.00015999999595806003
1.9496004327652363e-05,0.00011999999696854502
1.9500004327983325e-05,0.00015999999595806003
1.9504004328314286e-05,0.00015999999595806003
1.9508004328645248e-05,0.00015999999595806003
1.951200432897621e-05,0.00015999999595806003
1.951600432930717e-05,0.00015999999595806003
1.9520004329638132e-05,0.00015999999595806003
1.9524004329969093e-05,0.00015999999595806003
1.9528004330300055e-05,0.00015999999595806003
1.9532004330631016e-05,0.00015999999595806003
1.9536004330961978e-05,0.00015999999595806003
1.954000433129294e-05,0.00015999999595806003
1.95440043316239e-05,0.00015999999595806003
1.9548004331954862e-05,0.00015999999595806003
1.9552004332285824e-05,0.00011999999696854502
1.9556004332616785e-05,0.00015999999595806003
1.9560004332947747e-05,0.00011999999696854502
1.956400433327871e-05,0.00015999999595806003
1.956800433360967e-05,0.00015999999595806003
1.957200433394063e-05,0.00015999999595806003
1.9576004334271593e-05,0.00015999999595806003
1.9580004334602554e-05,0.00015999999595806003
1.9584004334933516e-05,0.00015999999595806003
1.9588004335264477e-05,0.00015999999595806003
1.959200433559544e-05,0.00015999999595806003
1.95960043359264e-05,0.00015999999595806003
1.960000433625736e-05,0.00015999999595806003
1.9604004336588323e-05,0.00015999999595806003
1.9608004336919285e-05,0.00011999999696854502
1.9612004337250246e-05,0.00015999999595806003
1.9616004337581208e-05,0.00015999999595806003
1.962000433791217e-05,0.00015999999595806003
1.962400433824313e-05,0.00015999999595806003
1.9628004338574092e-05,0.00015999999595806003
1.9632004338905054e-05,0.00015999999595806003
1.9636004339236015e-05,0.00015999999595806003
1.9640004339566977e-05,0.00015999999595806003
1.9644004339897938e-05,0.00015999999595806003
1.96480043402289e-05,0.00011999999696854502
1.965200434055986e-05,0.00015999999595806003
1.9656004340890822e-05,0.00015999999595806003
1.9660004341221784e-05,0.00015999999595806003
1.9664004341552745e-05,0.00015999999595806003
1.9668004341883707e-05,0.00015999999595806003
1.967200434221467e-05,0.00015999999595806003
1.967600434254563e-05,0.00019999999494757503
1.968000434287659e-05,0.00015999999595806003
1.9684004343207553e-05,0.00015999999595806003
1.9688004343538514e-05,0.00011999999696854502
1.9692004343869476e-05,0.00015999999595806003
1.9696004344200437e-05,0.00015999999595806003
1.97000043445314e-05,0.00015999999595806003
1.970400434486236e-05,0.00015999999595806003
1.9708004345193322e-05,0.00019999999494757503
1.9712004345524283e-05,0.00015999999595806003
1.9716004345855245e-05,0.00019999999494757503
1.9720004346186206e-05,0.00015999999595806003
1.9724004346517168e-05,0.00015999999595806003
1.972800434684813e-05,0.00015999999595806003
1.973200434717909e-05,0.00015999999595806003
1.9736004347510052e-05,0.00011999999696854502
1.9740004347841014e-05,0.00015999999595806003
1.9744004348171975e-05,0.00015999999595806003
1.9748004348502937e-05,0.00019999999494757503
1.9752004348833898e-05,0.00015999999595806003
1.975600434916486e-05,0.00015999999595806003
1.976000434949582e-05,0.00015999999595806003
1.9764004349826783e-05,0.00019999999494757503
1.9768004350157744e-05,0.00015999999595806003
1.9772004350488705e-05,0.00015999999595806003
1.9776004350819667e-05,0.00015999999595806003
1.978000435115063e-05,0.00015999999595806003
1.978400435148159e-05,0.00011999999696854502
1.978800435181255e-05,0.00015999999595806003
1.9792004352143513e-05,0.00015999999595806003
1.9796004352474474e-05,0.00019999999494757503
1.9800004352805436e-05,0.00015999999595806003
1.9804004353136397e-05,0.00015999999595806003
1.980800435346736e-05,0.00015999999595806003
1.981200435379832e-05,0.00015999999595806003
1.9816004354129282e-05,0.00015999999595806003
1.9820004354460243e-05,0.00015999999595806003
1.9824004354791205e-05,0.00015999999595806003
1.9828004355122166e-05,0.00015999999595806003
1.9832004355453128e-05,0.00011999999696854502
1.983600435578409e-05,0.00015999999595806003
1.984000435611505e-05,0.00015999999595806003
1.9844004356446012e-05,0.00019999999494757503
1.9848004356776974e-05,0.00015999999595806003
1.9852004357107935e-05,0.00015999999595806003
1.9856004357438897e-05,0.00015999999595806003
1.9860004357769858e-05,0.00015999999595806003
1.986400435810082e-05,0.00015999999595806003
1.986800435843178e-05,0.00015999999595806003
1.9872004358762743e-05,0.00015999999595806003
1.9876004359093704e-05,0.00015999999595806003
1.9880004359424666e-05,0.00015999999595806003
1.9884004359755627e-05,0.00015999999595806003
1.988800436008659e-05,0.00015999999595806003
1.989200436041755e-05,0.00015999999595806003
1.989600436074851e-05,0.00015999999595806003
1.9900004361079473e-05,0.00015999999595806003
1.9904004361410434e-05,0.00015999999595806003
1.9908004361741396e-05,0.00015999999595806003
1.9912004362072357e-05,0.00015999999595806003
1.991600436240332e-05,0.00019999999494757503
1.992000436273428e-05,0.00015999999595806003
1.9924004363065242e-05,0.00019999999494757503
1.9928004363396203e-05,0.00015999999595806003
1.9932004363727165e-05,0.00015999999595806003
1.9936004364058126e-05,0.00015999999595806003
1.9940004364389088e-05,0.00015999999595806003
1.994400436472005e-05,0.00011999999696854502
1.994800436505101e-05,0.00015999999595806003
1.9952004365381972e-05,0.00011999999696854502
1.9956004365712934e-05,0.00015999999595806003
1.9960004366043895e-05,0.00015999999595806003
1.9964004366374857e-05,0.00019999999494757503
1.9968004366705818e-05,0.00015999999595806003
1.997200436703678e-05,0.00015999999595806003
1.997600436736774e-05,0.00015999999595806003
1.9980004367698703e-05,0.00015999999595806003
1.9984004368029664e-05,0.00015999999595806003
1.9988004368360626e-05,0.00015999999595806003
1.9992004368691587e-05,0.00015999999595806003
1.999600436902255e-05,0.00015999999595806003
2.000000436935351e-05,0.00015999999595806003
2.000400436968447e-05,0.00015999999595806003
2.0008004370015433e-05,0.00015999999595806003
2.0012004370346395e-05,0.00015999999595806003
2.0016004370677356e-05,0.00015999999595806003
2.0020004371008317e-05,0.00015999999595806003
2.002400437133928e-05,0.00015999999595806003
2.002800437167024e-05,0.00015999999595806003
2.0032004372001202e-05,0.00015999999595806003
2.0036004372332163e-05,0.00019999999494757503
2.0040004372663125e-05,0.00015999999595806003
2.0044004372994086e-05,0.00019999999494757503
2.0048004373325048e-05,0.00015999999595806003
2.005200437365601e-05,0.00015999999595806003
2.005600437398697e-05,0.00015999999595806003
2.0060004374317932e-05,0.00015999999595806003
2.0064004374648894e-05,0.00011999999696854502
2.0068004374979855e-05,0.00015999999595806003
2.0072004375310817e-05,0.00015999999595806003
2.0076004375641778e-05,0.00015999999595806003
2.008000437597274e-05,0.00015999999595806003
2.00840043763037e-05,0.00015999999595806003
2.0088004376634663e-05,0.00015999999595806003
2.0092004376965624e-05,0.00015999999595806003
2.0096004377296586e-05,0.00015999999595806003
2.0100004377627547e-05,0.00015999999595806003
2.010400437795851e-05,0.00015999999595806003
2.010800437828947e-05,0.00015999999595806003
2.011200437862043e-05,0.00015999999595806003
2.0116004378951393e-05,0.00015999999595806003
2.0120004379282355e-05,0.00015999999595806003
2.0124004379613316e-05,0.00015999999595806003
2.0128004379944278e-05,0.00015999999595806003
2.013200438027524e-05,0.00015999999595806003
2.01360043806062e-05,0.00015999999595806003
2.0140004380937162e-05,0.00015999999595806003
2.0144004381268123e-05,0.00015999999595806003
2.0148004381599085e-05,0.00015999999595806003
2.0152004381930046e-05,0.00015999999595806003
2.0156004382261008e-05,0.00019999999494757503
2.016000438259197e-05,0.00015999999595806003
2.016400438292293e-05,0.00015999999595806003
2.0168004383253892e-05,0.00015999999595806003
2.0172004383584854e-05,0.00019999999494757503
2.0176004383915815e-05,0.00015999999595806003
2.0180004384246777e-05,0.00015999999595806003
2.018400438457774e-05,0.00011999999696854502
2.01880043849087e-05,0.00015999999595806003
2.019200438523966e-05,0.00015999999595806003
2.0196004385570623e-05,0.00015999999595806003
2.0200004385901584e-05,0.00015999999595806003
2.0204004386232546e-05,0.00015999999595806003
2.0208004386563507e-05,0.00015999999595806003
2.021200438689447e-05,0.00015999999595806003
2.021600438722543e-05,0.00015999999595806003
2.022000438755639e-05,0.00015999999595806003
2.0224004387887353e-05,0.00015999999595806003
2.0228004388218315e-05,0.00015999999595806003
2.0232004388549276e-05,0.00015999999595806003
2.0236004388880238e-05,0.00015999999595806003
2.02400043892112e-05,0.00015999999595806003
2.024400438954216e-05,0.00019999999494757503
2.0248004389873122e-05,0.00015999999595806003
2.0252004390204084e-05,0.00015999999595806003
2.0256004390535045e-05,0.00015999999595806003
2.0260004390866007e-05,0.00015999999595806003
2.0264004391196968e-05,0.00015999999595806003
2.026800439152793e-05,0.00015999999595806003
2.027200439185889e-05,0.00011999999696854502
2.0276004392189852e-05,0.00015999999595806003
2.0280004392520814e-05,0.00015999999595806003
2.0284004392851775e-05,0.00019999999494757503
2.0288004393182737e-05,0.00015999999595806003
2.02920043935137e-05,0.00019999999494757503
2.029600439384466e-05,0.00015999999595806003
2.030000439417562e-05,0.00015999999595806003
2.0304004394506583e-05,0.00015999999595806003
2.0308004394837544e-05,0.00015999999595806003
2.0312004395168506e-05,0.00015999999595806003
2.0316004395499467e-05,0.00015999999595806003
2.032000439583043e-05,0.00015999999595806003
2.032400439616139e-05,0.00019999999494757503
2.0328004396492352e-05,0.00015999999595806003
2.0332004396823313e-05,0.00019999999494757503
2.0336004397154275e-05,0.00015999999595806003
2.0340004397485236e-05,0.00015999999595806003
2.0344004397816198e-05,0.00015999999595806003
2.034800439814716e-05,0.00015999999595806003
2.035200439847812e-05,0.00015999999595806003
2.0356004398809082e-05,0.00015999999595806003
2.0360004399140044e-05,0.00015999999595806003
2.0364004399471005e-05,0.00015999999595806003
2.0368004399801967e-05,0.00015999999595806003
2.0372004400132928e-05,0.00019999999494757503
2.037600440046389e-05,0.00015999999595806003
2.038000440079485e-05,0.00019999999494757503
2.0384004401125813e-05,0.00015999999595806003
2.0388004401456774e-05,0.00015999999595806003
2.0392004401787735e-05,0.00015999999595806003
2.0396004402118697e-05,0.00015999999595806003
2.040000440244966e-05,0.00015999999595806003
2.040400440278062e-05,0.00015999999595806003
2.040800440311158e-05,0.00015999999595806003
2.0412004403442543e-05,0.00015999999595806003
2.0416004403773504e-05,0.00011999999696854502
2.0420004404104466e-05,0.00015999999595806003
2.0424004404435427e-05,0.00015999999595806003
2.042800440476639e-05,0.00015999999595806003
2.043200440509735e-05,0.00015999999595806003
2.0436004405428312e-05,0.00019999999494757503
2.0440004405759273e-05,0.00015999999595806003
2.0444004406090235e-05,0.00019999999494757503
2.0448004406421196e-05,0.00015999999595806003
2.0452004406752158e-05,0.00015999999595806003
2.045600440708312e-05,0.00015999999595806003
2.046000440741408e-05,0.00015999999595806003
2.0464004407745042e-05,0.00015999999595806003
2.0468004408076004e-05,0.00015999999595806003
2.0472004408406965e-05,0.00011999999696854502
2.0476004408737927e-05,0.00015999999595806003
2.0480004409068888e-05,0.00011999999696854502
2.048400440939985e-05,0.00015999999595806003
2.048800440973081e-05,0.00015999999595806003
2.0492004410061773e-05,0.00019999999494757503
2.0496004410392734e-05,0.00015999999595806003
2.0500004410723696e-05,0.00019999999494757503
2.0504004411054657e-05,0.00015999999595806003
2.050800441138562e-05,0.00015999999595806003
2.051200441171658e-05,0.00015999999595806003
2.051600441204754e-05,0.00019999999494757503
2.0520004412378503e-05,0.00015999999595806003
2.0524004412709464e-05,0.00019999999494757503
2.0528004413040426e-05,0.00015999999595806003
2.0532004413371387e-05,0.00015999999595806003
2.053600441370235e-05,0.00015999999595806003
2.054000441403331e-05,0.00015999999595806003
2.0544004414364272e-05,0.00015999999595806003
2.0548004414695233e-05,0.00015999999595806003
2.0552004415026195e-05,0.00015999999595806003
2.0556004415357156e-05,0.00015999999595806003
2.0560004415688118e-05,0.00015999999595806003
2.056400441601908e-05,0.00019999999494757503
2.056800441635004e-05,0.00015999999595806003
2.0572004416681002e-05,0.00019999999494757503
2.0576004417011964e-05,0.00019999999494757503
2.0580004417342925e-05,0.00019999999494757503
2.0584004417673887e-05,0.00015999999595806003
2.0588004418004848e-05,0.00015999999595806003
2.059200441833581e-05,0.00011999999696854502
2.059600441866677e-05,0.00015999999595806003
2.0600004418997733e-05,0.00011999999696854502
2.0604004419328694e-05,0.00015999999595806003
2.0608004419659656e-05,0.00015999999595806003
2.0612004419990617e-05,0.00015999999595806003
2.061600442032158e-05,0.00015999999595806003
2.062000442065254e-05,0.00015999999595806003
2.06240044209835e-05,0.00015999999595806003
2.0628004421314463e-05,0.00015999999595806003
2.0632004421645425e-05,0.00015999999595806003
2.0636004421976386e-05,0.00015999999595806003
2.0640004422307348e-05,0.00015999999595806003
2.064400442263831e-05,0.00015999999595806003
2.064800442296927e-05,0.00015999999595806003
2.0652004423300232e-05,0.00019999999494757503
2.0656004423631193e-05,0.00015999999595806003
2.0660004423962155e-05,0.00015999999595806003
2.0664004424293116e-05,0.00015999999595806003
2.0668004424624078e-05,0.00015999999595806003
2.067200442495504e-05,0.00011999999696854502
2.0676004425286e-05,0.00015999999595806003
2.0680004425616962e-05,0.00015999999595806003
2.0684004425947924e-05,0.00015999999595806003
2.0688004426278885e-05,0.00015999999595806003
2.0692004426609847e-05,0.00019999999494757503
2.0696004426940808e-05,0.00015999999595806003
2.070000442727177e-05,0.00019999999494757503
2.070400442760273e-05,0.00015999999595806003
2.0708004427933693e-05,0.00015999999595806003
2.0712004428264654e-05,0.00015999999595806003
2.0716004428595616e-05,0.00015999999595806003
2.0720004428926577e-05,0.00015999999595806003
2.072400442925754e-05,0.00015999999595806003
2.07280044295885e-05,0.00015999999595806003
2.073200442991946e-05,0.00015999999595806003
2.0736004430250423e-05,0.00015999999595806003
2.0740004430581385e-05,0.00015999999595806003
2.0744004430912346e-05,0.00015999999595806003
2.0748004431243308e-05,0.00015999999595806003
2.075200443157427e-05,0.00015999999595806003
2.075600443190523e-05,0.00015999999595806003
2.0760004432236192e-05,0.00015999999595806003
2.0764004432567154e-05,0.00019999999494757503
2.0768004432898115e-05,0.00015999999595806003
2.0772004433229076e-05,0.00015999999595806003
2.0776004433560038e-05,0.00015999999595806003
2.0780004433891e-05,0.00015999999595806003
2.078400443422196e-05,0.00015999999595806003
2.0788004434552922e-05,0.00015999999595806003
2.0792004434883884e-05,0.00015999999595806003
2.0796004435214845e-05,0.00015999999595806003
2.0800004435545807e-05,0.00015999999595806003
2.080400443587677e-05,0.00015999999595806003
2.080800443620773e-05,0.00015999999595806003
2.081200443653869e-05,0.00019999999494757503
2.0816004436869653e-05,0.00015999999595806003
2.0820004437200614e-05,0.00019999999494757503
2.0824004437531576e-05,0.00015999999595806003
2.0828004437862537e-05,0.00015999999595806003
2.08320044381935e-05,0.00015999999595806003
2.083600443852446e-05,0.00015999999595806003
2.0840004438855422e-05,0.00015999999595806003
2.0844004439186383e-05,0.00015999999595806003
2.0848004439517345e-05,0.00015999999595806003
2.0852004439848306e-05,0.00015999999595806003
2.0856004440179268e-05,0.00015999999595806003
2.086000444051023e-05,0.00015999999595806003
2.086400444084119e-05,0.00015999999595806003
2.0868004441172152e-05,0.00015999999595806003
2.0872004441503114e-05,0.00011999999696854502
2.0876004441834075e-05,0.00015999999595806003
2.0880004442165037e-05,0.00015999999595806003
2.0884004442495998e-05,0.00015999999595806003
2.088800444282696e-05,0.00015999999595806003
2.089200444315792e-05,0.00015999999595806003
2.0896004443488882e-05,0.00015999999595806003
2.0900004443819844e-05,0.00015999999595806003
2.0904004444150805e-05,0.00015999999595806003
2.0908004444481767e-05,0.00019999999494757503
2.091200444481273e-05,0.00015999999595806003
2.091600444514369e-05,0.00015999999595806003
2.092000444547465e-05,0.00015999999595806003
2.0924004445805613e-05,0.00015999999595806003
2.0928004446136574e-05,0.00015999999595806003
2.0932004446467536e-05,0.00015999999595806003
2.0936004446798497e-05,0.00015999999595806003
2.094000444712946e-05,0.00015999999595806003
2.094400444746042e-05,0.00011999999696854502
2.0948004447791382e-05,0.00015999999595806003
2.0952004448122343e-05,0.00015999999595806003
2.0956004448453305e-05,0.00015999999595806003
2.0960004448784266e-05,0.00015999999595806003
2.0964004449115228e-05,0.00015999999595806003
2.096800444944619e-05,0.00015999999595806003
2.097200444977715e-05,0.00015999999595806003
2.0976004450108112e-05,0.00015999999595806003
2.0980004450439074e-05,0.00015999999595806003
2.0984004450770035e-05,0.00015999999595806003
2.0988004451100997e-05,0.00015999999595806003
2.0992004451431958e-05,0.00015999999595806003
2.099600445176292e-05,0.00015999999595806003
2.100000445209388e-05,0.00015999999595806003
2.1004004452424843e-05,0.00015999999595806003
2.1008004452755804e-05,0.00015999999595806003
2.1012004453086766e-05,0.00019999999494757503
2.1016004453417727e-05,0.00015999999595806003
2.102000445374869e-05,0.00015999999595806003
2.102400445407965e-05,0.00015999999595806003
2.102800445441061e-05,0.00015999999595806003
2.1032004454741573e-05,0.00015999999595806003
2.1036004455072534e-05,0.00015999999595806003
2.1040004455403496e-05,0.00015999999595806003
2.1044004455734457e-05,0.00015999999595806003
2.104800445606542e-05,0.00015999999595806003
2.105200445639638e-05,0.00015999999595806003
2.1056004456727342e-05,0.00015999999595806003
2.1060004457058303e-05,0.00015999999595806003
2.1064004457389265e-05,0.00015999999595806003
2.1068004457720226e-05,0.00015999999595806003
2.1072004458051188e-05,0.00015999999595806003
2.107600445838215e-05,0.00015999999595806003
2.108000445871311e-05,0.00015999999595806003
2.1084004459044072e-05,0.00015999999595806003
2.1088004459375034e-05,0.00015999999595806003
2.1092004459705995e-05,0.00015999999595806003
2.1096004460036957e-05,0.00015999999595806003
2.1100004460367918e-05,0.00015999999595806003
2.110400446069888e-05,0.00015999999595806003
2.110800446102984e-05,0.00019999999494757503
2.1112004461360803e-05,0.00015999999595806003
2.1116004461691764e-05,0.00015999999595806003
2.1120004462022726e-05,0.00015999999595806003
2.1124004462353687e-05,0.00015999999595806003
2.112800446268465e-05,0.00015999999595806003
2.113200446301561e-05,0.00015999999595806003
2.113600446334657e-05,0.00015999999595806003
2.1140004463677533e-05,0.00015999999595806003
2.1144004464008494e-05,0.00015999999595806003
2.1148004464339456e-05,0.00015999999595806003
2.1152004464670417e-05,0.00015999999595806003
2.115600446500138e-05,0.00015999999595806003
2.116000446533234e-05,0.00015999999595806003
2.1164004465663302e-05,0.00015999999595806003
2.1168004465994263e-05,0.00015999999595806003
2.1172004466325225e-05,0.00015999999595806003
2.1176004466656186e-05,0.00015999999595806003
2.1180004466987148e-05,0.00015999999595806003
2.118400446731811e-05,0.00015999999595806003
2.118800446764907e-05,0.00019999999494757503
2.1192004467980032e-05,0.00015999999595806003
2.1196004468310994e-05,0.00015999999595806003
2.1200004468641955e-05,0.00015999999595806003
2.1204004468972917e-05,0.00015999999595806003
2.1208004469303878e-05,0.00015999999595806003
2.121200446963484e-05,0.00015999999595806003
2.12160044699658e-05,0.00015999999595806003
2.1220004470296763e-05,0.00015999999595806003
2.1224004470627724e-05,0.00015999999595806003
2.1228004470958686e-05,0.00019999999494757503
2.1232004471289647e-05,0.00015999999595806003
2.123600447162061e-05,0.00015999999595806003
2.124000447195157e-05,0.00015999999595806003
2.124400447228253e-05,0.00015999999595806003
2.1248004472613493e-05,0.00015999999595806003
2.1252004472944455e-05,0.00015999999595806003
2.1256004473275416e-05,0.00015999999595806003
2.1260004473606378e-05,0.00015999999595806003
2.126400447393734e-05,0.00015999999595806003
2.12680044742683e-05,0.00019999999494757503
2.1272004474599262e-05,0.00015999999595806003
2.1276004474930223e-05,0.00015999999595806003
2.1280004475261185e-05,0.00015999999595806003
2.1284004475592146e-05,0.00015999999595806003
2.1288004475923108e-05,0.00015999999595806003
2.129200447625407e-05,0.00015999999595806003
2.129600447658503e-05,0.00015999999595806003
2.1300004476915992e-05,0.00015999999595806003
2.1304004477246954e-05,0.00015999999595806003
2.1308004477577915e-05,0.00019999999494757503
2.1312004477908877e-05,0.00015999999595806003
2.1316004478239838e-05,0.00015999999595806003
2.13200044785708e-05,0.00015999999595806003
2.132400447890176e-05,0.00015999999595806003
2.1328004479232723e-05,0.00015999999595806003
2.1332004479563684e-05,0.00015999999595806003
2.1336004479894646e-05,0.00015999999595806003
2.1340004480225607e-05,0.00015999999595806003
2.134400448055657e-05,0.00015999999595806003
2.134800448088753e-05,0.00019999999494757503
2.135200448121849e-05,0.00015999999595806003
2.1356004481549453e-05,0.00019999999494757503
2.1360004481880415e-05,0.00015999999595806003
2.1364004482211376e-05,0.00015999999595806003
2.1368004482542338e-05,0.00015999999595806003
2.13720044828733e-05,0.00015999999595806003
2.137600448320426e-05,0.00015999999595806003
2.1380004483535222e-05,0.00015999999595806003
2.1384004483866184e-05,0.00015999999595806003
2.1388004484197145e-05,0.00015999999595806003
2.1392004484528106e-05,0.00015999999595806003
2.1396004484859068e-05,0.00015999999595806003
2.140000448519003e-05,0.00015999999595806003
2.140400448552099e-05,0.00015999999595806003
2.1408004485851952e-05,0.00015999999595806003
2.1412004486182914e-05,0.00015999999595806003
2.1416004486513875e-05,0.00015999999595806003
2.1420004486844837e-05,0.00015999999595806003
2.14240044871758e-05,0.00015999999595806003
2.142800448750676e-05,0.00019999999494757503
2.143200448783772e-05,0.00015999999595806003
2.1436004488168683e-05,0.00019999999494757503
2.1440004488499644e-05,0.00015999999595806003
2.1444004488830606e-05,0.00015999999595806003
2.1448004489161567e-05,0.00015999999595806003
2.145200448949253e-05,0.00015999999595806003
2.145600448982349e-05,0.00015999999595806003
2.1460004490154452e-05,0.00015999999595806003
2.1464004490485413e-05,0.00015999999595806003
2.1468004490816375e-05,0.00019999999494757503
2.1472004491147336e-05,0.00015999999595806003
2.1476004491478298e-05,0.00019999999494757503
2.148000449180926e-05,0.00015999999595806003
2.148400449214022e-05,0.00019999999494757503
2.1488004492471182e-05,0.00015999999595806003
2.1492004492802144e-05,0.00015999999595806003
2.1496004493133105e-05,0.00015999999595806003
2.1500004493464067e-05,0.00019999999494757503
2.1504004493795028e-05,0.00019999999494757503
2.150800449412599e-05,0.00019999999494757503
2.151200449445695e-05,0.00019999999494757503
2.1516004494787912e-05,0.00019999999494757503
2.1520004495118874e-05,0.00015999999595806003
2.1524004495449835e-05,0.00019999999494757503
2.1528004495780797e-05,0.00019999999494757503
2.153200449611176e-05,0.00019999999494757503
2.153600449644272e-05,0.00019999999494757503
2.154000449677368e-05,0.00019999999494757503
2.1544004497104643e-05,0.00015999999595806003
2.1548004497435604e-05,0.00019999999494757503
2.1552004497766566e-05,0.00015999999595806003
2.1556004498097527e-05,0.00019999999494757503
2.156000449842849e-05,0.00015999999595806003
2.156400449875945e-05,0.00019999999494757503
2.1568004499090412e-05,0.00015999999595806003
2.1572004499421373e-05,0.00019999999494757503
2.1576004499752335e-05,0.00019999999494757503
2.1580004500083296e-05,0.00019999999494757503
2.1584004500414258e-05,0.00019999999494757503
2.158800450074522e-05,0.00023999999393709004
2.159200450107618e-05,0.00019999999494757503
2.1596004501407142e-05,0.00019999999494757503
2.1600004501738104e-05,0.00015999999595806003
2.1604004502069065e-05,0.00019999999494757503
2.1608004502400027e-05,0.00015999999595806003
2.1612004502730988e-05,0.00015999999595806003
2.161600450306195e-05,0.00015999999595806003
2.162000450339291e-05,0.00019999999494757503
2.1624004503723873e-05,0.00019999999494757503
2.1628004504054834e-05,0.00019999999494757503
2.1632004504385796e-05,0.00019999999494757503
2.1636004504716757e-05,0.00023999999393709004
2.164000450504772e-05,0.00019999999494757503
2.164400450537868e-05,0.00023999999393709004
2.164800450570964e-05,0.00019999999494757503
2.1652004506040603e-05,0.00019999999494757503
2.1656004506371564e-05,0.00019999999494757503
2.1660004506702526e-05,0.00019999999494757503
2.1664004507033487e-05,0.00019999999494757503
2.166800450736445e-05,0.00023999999393709004
2.167200450769541e-05,0.00015999999595806003
2.1676004508026372e-05,0.00019999999494757503
2.1680004508357333e-05,0.00015999999595806003
2.1684004508688295e-05,0.00019999999494757503
2.1688004509019256e-05,0.00019999999494757503
2.1692004509350218e-05,0.00019999999494757503
2.169600450968118e-05,0.00019999999494757503
2.170000451001214e-05,0.00023999999393709004
2.1704004510343102e-05,0.00023999999393709004
2.1708004510674064e-05,0.00023999999393709004
2.1712004511005025e-05,0.00023999999393709004
2.1716004511335987e-05,0.00023999999393709004
2.1720004511666948e-05,0.00019999999494757503
2.172400451199791e-05,0.00023999999393709004
2.172800451232887e-05,0.00019999999494757503
2.1732004512659833e-05,0.00019999999494757503
2.1736004512990794e-05,0.00019999999494757503
2.1740004513321756e-05,0.00019999999494757503
2.1744004513652717e-05,0.00019999999494757503
2.174800451398368e-05,0.00023999999393709004
2.175200451431464e-05,0.00015999999595806003
2.17560045146456e-05,0.00023999999393709004
2.1760004514976563e-05,0.00023999999393709004
2.1764004515307525e-05,0.00023999999393709004
2.1768004515638486e-05,0.00023999999393709004
2.1772004515969447e-05,0.00023999999393709004
2.177600451630041e-05,0.00023999999393709004
2.178000451663137e-05,0.00023999999393709004
2.1784004516962332e-05,0.00023999999393709004
2.1788004517293293e-05,0.00023999999393709004
2.1792004517624255e-05,0.00019999999494757503
2.1796004517955216e-05,0.00027999999292660505
2.1800004518286178e-05,0.00019999999494757503
2.180400451861714e-05,0.00023999999393709004
2.18080045189481e-05,0.00019999999494757503
2.1812004519279062e-05,0.00023999999393709004
2.1816004519610024e-05,0.00023999999393709004
2.1820004519940985e-05,0.00023999999393709004
2.1824004520271947e-05,0.00023999999393709004
2.1828004520602908e-05,0.00027999999292660505
2.183200452093387e-05,0.00023999999393709004
2.183600452126483e-05,0.00027999999292660505
2.1840004521595793e-05,0.00023999999393709004
2.1844004521926754e-05,0.00027999999292660505
2.1848004522257716e-05,0.00023999999393709004
2.1852004522588677e-05,0.00023999999393709004
2.185600452291964e-05,0.00023999999393709004
2.18600045232506e-05,0.00023999999393709004
2.186400452358156e-05,0.00023999999393709004
2.1868004523912523e-05,0.00027999999292660505
2.1872004524243485e-05,0.00019999999494757503
2.1876004524574446e-05,0.00027999999292660505
2.1880004524905408e-05,0.00023999999393709004
2.188400452523637e-05,0.00027999999292660505
2.188800452556733e-05,0.00027999999292660505
2.1892004525898292e-05,0.00027999999292660505
2.1896004526229253e-05,0.00027999999292660505
2.1900004526560215e-05,0.00027999999292660505
2.1904004526891176e-05,0.00023999999393709004
2.1908004527222138e-05,0.00027999999292660505
2.19120045275531e-05,0.00023999999393709004
2.191600452788406e-05,0.00027999999292660505
2.1920004528215022e-05,0.00023999999393709004
2.1924004528545984e-05,0.00027999999292660505
2.1928004528876945e-05,0.00027999999292660505
2.1932004529207907e-05,0.00027999999292660505
2.193600452953887e-05,0.00027999999292660505
2.194000452986983e-05,0.00027999999292660505
2.194400453020079e-05,0.00027999999292660505
2.1948004530531753e-05,0.00031999999191612005
2.1952004530862714e-05,0.00027999999292660505
2.1956004531193676e-05,0.00027999999292660505
2.1960004531524637e-05,0.00023999999393709004
2.19640045318556e-05,0.00023999999393709004
2.196800453218656e-05,0.00023999999393709004
2.197200453251752e-05,0.00027999999292660505
2.1976004532848483e-05,0.00027999999292660505
2.1980004533179445e-05,0.00027999999292660505
2.1984004533510406e-05,0.00031999999191612005
2.1988004533841368e-05,0.00035999999090563506
2.199200453417233e-05,0.00027999999292660505
2.199600453450329e-05,0.00031999999191612005
2.2000004534834252e-05,0.00027999999292660505
2.2004004535165214e-05,0.00031999999191612005
2.2008004535496175e-05,0.00031999999191612005
2.2012004535827137e-05,0.00027999999292660505
2.2016004536158098e-05,0.00027999999292660505
2.202000453648906e-05,0.00027999999292660505
2.202400453682002e-05,0.00027999999292660505
2.2028004537150982e-05,0.00031999999191612005
2.2032004537481944e-05,0.00027999999292660505
2.2036004537812905e-05,0.00035999999090563506
2.2040004538143867e-05,0.00027999999292660505
2.204400453847483e-05,0.00031999999191612005
2.204800453880579e-05,0.00031999999191612005
2.205200453913675e-05,0.00031999999191612005
2.2056004539467713e-05,0.00031999999191612005
2.2060004539798674e-05,0.00031999999191612005
2.2064004540129636e-05,0.00031999999191612005
2.2068004540460597e-05,0.00035999999090563506
2.207200454079156e-05,0.00027999999292660505
2.207600454112252e-05,0.00035999999090563506
2.2080004541453482e-05,0.00027999999292660505
2.2084004541784443e-05,0.00031999999191612005
2.2088004542115405e-05,0.00031999999191612005
2.2092004542446366e-05,0.00031999999191612005
2.2096004542777328e-05,0.00031999999191612005
2.210000454310829e-05,0.00031999999191612005
2.210400454343925e-05,0.00031999999191612005
2.2108004543770212e-05,0.00035999999090563506
2.2112004544101174e-05,0.00031999999191612005
2.2116004544432135e-05,0.00039999998989515007
2.2120004544763097e-05,0.00031999999191612005
2.2124004545094058e-05,0.00035999999090563506
2.212800454542502e-05,0.00035999999090563506
2.213200454575598e-05,0.00031999999191612005
2.2136004546086943e-05,0.00031999999191612005
2.2140004546417904e-05,0.00031999999191612005
2.2144004546748865e-05,0.00031999999191612005
2.2148004547079827e-05,0.00035999999090563506
2.215200454741079e-05,0.00031999999191612005
2.215600454774175e-05,0.00039999998989515007
2.216000454807271e-05,0.00031999999191612005
2.2164004548403673e-05,0.00035999999090563506
2.2168004548734634e-05,0.00035999999090563506
2.2172004549065596e-05,0.00035999999090563506
2.2176004549396557e-05,0.00035999999090563506
2.218000454972752e-05,0.00035999999090563506
2.218400455005848e-05,0.00031999999191612005
2.2188004550389442e-05,0.00035999999090563506
2.2192004550720403e-05,0.00035999999090563506
2.2196004551051365e-05,0.00039999998989515007
2.2200004551382326e-05,0.00035999999090563506
2.2204004551713288e-05,0.00039999998989515007
2.220800455204425e-05,0.00035999999090563506
2.221200455237521e-05,0.00035999999090563506
2.2216004552706172e-05,0.00035999999090563506
2.2220004553037134e-05,0.00039999998989515007
2.2224004553368095e-05,0.00035999999090563506
2.2228004553699057e-05,0.00043999998888466507
2.2232004554030018e-05,0.00035999999090563506
2.223600455436098e-05,0.00039999998989515007
2.224000455469194e-05,0.00035999999090563506
2.2244004555022903e-05,0.00039999998989515007
2.2248004555353864e-05,0.00039999998989515007
2.2252004555684826e-05,0.00039999998989515007
2.2256004556015787e-05,0.00039999998989515007
2.226000455634675e-05,0.00039999998989515007
2.226400455667771e-05,0.00035999999090563506
2.226800455700867e-05,0.00043999998888466507
2.2272004557339633e-05,0.00035999999090563506
2.2276004557670594e-05,0.00043999998888466507
2.2280004558001556e-05,0.00035999999090563506
2.2284004558332517e-05,0.00039999998989515007
2.228800455866348e-05,0.00035999999090563506
2.229200455899444e-05,0.00039999998989515007
2.2296004559325402e-05,0.00039999998989515007
2.2300004559656363e-05,0.00043999998888466507
2.2304004559987325e-05,0.00043999998888466507
2.2308004560318286e-05,0.0004799999878741801
2.2312004560649248e-05,0.00039999998989515007
2.231600456098021e-05,0.00043999998888466507
2.232000456131117e-05,0.00039999998989515007
2.2324004561642132e-05,0.00043999998888466507
2.2328004561973094e-05,0.00039999998989515007
2.2332004562304055e-05,0.00043999998888466507
2.2336004562635017e-05,0.00039999998989515007
2.2340004562965978e-05,0.00039999998989515007
2.234400456329694e-05,0.00039999998989515007
2.23480045636279e-05,0.0004799999878741801
2.2352004563958863e-05,0.00039999998989515007
2.2356004564289824e-05,0.0004799999878741801
2.2360004564620786e-05,0.00039999998989515007
2.2364004564951747e-05,0.0004799999878741801
2.236800456528271e-05,0.00043999998888466507
2.237200456561367e-05,0.00043999998888466507
2.237600456594463e-05,0.00043999998888466507
2.2380004566275593e-05,0.00043999998888466507
2.2384004566606555e-05,0.00043999998888466507
2.2388004566937516e-05,0.0004799999878741801
2.2392004567268477e-05,0.00039999998989515007
2.239600456759944e-05,0.0004799999878741801
2.24000045679304e-05,0.00039999998989515007
2.2404004568261362e-05,0.0004799999878741801
2.2408004568592323e-05,0.00043999998888466507
2.2412004568923285e-05,0.0004799999878741801
2.2416004569254246e-05,0.00043999998888466507
2.2420004569585208e-05,0.00043999998888466507
2.242400456991617e-05,0.00043999998888466507
2.242800457024713e-05,0.0004799999878741801
2.2432004570578092e-05,0.00043999998888466507
2.2436004570909054e-05,0.0005199999868636951
2.2440004571240015e-05,0.00043999998888466507
2.2444004571570977e-05,0.0004799999878741801
2.2448004571901938e-05,0.0004799999878741801
2.24520045722329e-05,0.0004799999878741801
2.245600457256386e-05,0.0004799999878741801
2.2460004572894823e-05,0.0004799999878741801
2.2464004573225784e-05,0.00043999998888466507
2.2468004573556746e-05,0.0005199999868636951
2.2472004573887707e-05,0.00043999998888466507
2.247600457421867e-05,0.0005199999868636951
2.248000457454963e-05,0.0004799999878741801
2.248400457488059e-05,0.0005199999868636951
2.2488004575211553e-05,0.0005199999868636951
2.2492004575542515e-05,0.0005199999868636951
2.2496004575873476e-05,0.0005199999868636951
2.2500004576204438e-05,0.0004799999878741801
2.25040045765354e-05,0.00043999998888466507
2.250800457686636e-05,0.0005199999868636951
2.2512004577197322e-05,0.00043999998888466507
2.2516004577528283e-05,0.0005199999868636951
2.2520004577859245e-05,0.0004799999878741801
2.2524004578190206e-05,0.0005199999868636951
2.2528004578521168e-05,0.0005199999868636951
2.253200457885213e-05,0.0005199999868636951
2.253600457918309e-05,0.0005199999868636951
2.2540004579514052e-05,0.0005199999868636951
2.2544004579845014e-05,0.0005199999868636951
2.2548004580175975e-05,0.0005599999858532101
2.2552004580506937e-05,0.0004799999878741801
2.25560045808379e-05,0.0005599999858532101
2.256000458116886e-05,0.0005199999868636951
2.256400458149982e-05,0.0005599999858532101
2.2568004581830783e-05,0.0005599999858532101
2.2572004582161744e-05,0.0005199999868636951
2.2576004582492706e-05,0.0005199999868636951
2.2580004582823667e-05,0.0005199999868636951
2.258400458315463e-05,0.0004799999878741801
2.258800458348559e-05,0.0005599999858532101
2.259200458381655e-05,0.0005199999868636951
2.2596004584147513e-05,0.0005599999858532101
2.2600004584478475e-05,0.0005199999868636951
2.2604004584809436e-05,0.0005599999858532101
2.2608004585140398e-05,0.0005599999858532101
2.261200458547136e-05,0.0005599999858532101
2.261600458580232e-05,0.0005599999858532101
2.2620004586133282e-05,0.0005599999858532101
2.2624004586464244e-05,0.0005599999858532101
2.2628004586795205e-05,0.0005999999848427251
2.2632004587126167e-05,0.0005199999868636951
2.2636004587457128e-05,0.0005999999848427251
2.264000458778809e-05,0.0005199999868636951
2.264400458811905e-05,0.0005999999848427251
2.2648004588450012e-05,0.0005599999858532101
2.2652004588780974e-05,0.0005599999858532101
2.2656004589111935e-05,0.0005599999858532101
2.2660004589442897e-05,0.0005599999858532101
2.266400458977386e-05,0.0005599999858532101
2.266800459010482e-05,0.0005999999848427251
2.267200459043578e-05,0.0005599999858532101
2.2676004590766743e-05,0.0006399999838322401
2.2680004591097704e-05,0.0005999999848427251
2.2684004591428666e-05,0.0005999999848427251
2.2688004591759627e-05,0.0005999999848427251
2.269200459209059e-05,0.0005599999858532101
2.269600459242155e-05,0.0005999999848427251
2.2700004592752512e-05,0.0005999999848427251
2.2704004593083473e-05,0.0005599999858532101
2.2708004593414435e-05,0.0005999999848427251
2.2712004593745396e-05,0.0005599999858532101
2.2716004594076358e-05,0.0006399999838322401
2.272000459440732e-05,0.0005599999858532101
2.272400459473828e-05,0.0006399999838322401
2.2728004595069242e-05,0.0006399999838322401
2.2732004595400204e-05,0.0005999999848427251
2.2736004595731165e-05,0.0006399999838322401
2.2740004596062127e-05,0.0005999999848427251
2.2744004596393088e-05,0.0005999999848427251
2.274800459672405e-05,0.0006399999838322401
2.275200459705501e-05,0.0005599999858532101
2.2756004597385973e-05,0.0006799999828217551
2.2760004597716934e-05,0.0005999999848427251
2.2764004598047896e-05,0.0006399999838322401
2.2768004598378857e-05,0.0006399999838322401
2.277200459870982e-05,0.0005999999848427251
2.277600459904078e-05,0.0006399999838322401
2.278000459937174e-05,0.0006399999838322401
2.2784004599702703e-05,0.0005999999848427251
2.2788004600033664e-05,0.0006799999828217551
2.2792004600364626e-05,0.0005999999848427251
2.2796004600695587e-05,0.0006799999828217551
2.280000460102655e-05,0.0005999999848427251
2.280400460135751e-05,0.0006799999828217551
2.2808004601688472e-05,0.0006799999828217551
2.2812004602019433e-05,0.0006399999838322401
2.2816004602350395e-05,0.0006399999838322401
2.2820004602681356e-05,0.0006399999838322401
2.2824004603012318e-05,0.0006399999838322401
2.282800460334328e-05,0.0006799999828217551
2.283200460367424e-05,0.0006399999838322401
2.2836004604005202e-05,0.0007199999818112701
2.2840004604336164e-05,0.0006399999838322401
2.2844004604667125e-05,0.0006799999828217551
2.2848004604998087e-05,0.0006799999828217551
2.2852004605329048e-05,0.0006799999828217551
2.285600460566001e-05,0.0006799999828217551
2.286000460599097e-05,0.0006799999828217551
2.2864004606321933e-05,0.0006399999838322401
2.2868004606652894e-05,0.0006799999828217551
2.2872004606983856e-05,0.0006399999838322401
2.2876004607314817e-05,0.0007199999818112701
2.288000460764578e-05,0.0006799999828217551
2.288400460797674e-05,0.0007199999818112701
2.28880046083077e-05,0.0007199999818112701
2.2892004608638663e-05,0.0007199999818112701
2.2896004608969624e-05,0.0007199999818112701
2.2900004609300586e-05,0.0007199999818112701
2.2904004609631547e-05,0.0006799999828217551
2.290800460996251e-05,0.0007199999818112701
2.291200461029347e-05,0.0006399999838322401
2.2916004610624432e-05,0.0007199999818112701
2.2920004610955393e-05,0.0006799999828217551
2.2924004611286355e-05,0.0007199999818112701
2.2928004611617316e-05,0.0007199999818112701
2.2932004611948278e-05,0.0006799999828217551
2.293600461227924e-05,0.0007199999818112701
2.29400046126102e-05,0.0007199999818112701
2.2944004612941162e-05,0.0007199999818112701
2.2948004613272124e-05,0.0007599999808007851
2.2952004613603085e-05,0.0006799999828217551
2.2956004613934047e-05,0.0007599999808007851
2.2960004614265008e-05,0.0007199999818112701
2.296400461459597e-05,0.0007599999808007851
2.296800461492693e-05,0.0007599999808007851
2.2972004615257893e-05,0.0007599999808007851
2.2976004615588854e-05,0.0007599999808007851
2.2980004615919816e-05,0.0007199999818112701
2.2984004616250777e-05,0.0007199999818112701
2.298800461658174e-05,0.0007599999808007851
2.29920046169127e-05,0.0006799999828217551
2.299600461724366e-05,0.0007599999808007851
2.3000004617574623e-05,0.0007199999818112701
2.3004004617905585e-05,0.0007599999808007851
2.3008004618236546e-05,0.0007599999808007851
2.3012004618567508e-05,0.0007599999808007851
2.301600461889847e-05,0.0007599999808007851
2.302000461922943e-05,0.0007599999808007851
2.3024004619560392e-05,0.0007199999818112701
2.3028004619891353e-05,0.0007999999797903001
2.3032004620222315e-05,0.0007599999808007851
2.3036004620553276e-05,0.0007999999797903001
2.3040004620884238e-05,0.0007199999818112701
2.30440046212152e-05,0.0007999999797903001
2.304800462154616e-05,0.0007999999797903001
2.3052004621877122e-05,0.0007599999808007851
2.3056004622208084e-05,0.0007999999797903001
2.3060004622539045e-05,0.0007999999797903001
2.3064004622870007e-05,0.0007599999808007851
2.3068004623200968e-05,0.0008399999787798151
2.307200462353193e-05,0.0007599999808007851
2.307600462386289e-05,0.0008399999787798151
2.3080004624193853e-05,0.0007599999808007851
2.3084004624524814e-05,0.0007999999797903001
2.3088004624855776e-05,0.0007999999797903001
2.3092004625186737e-05,0.0007999999797903001
2.30960046255177e-05,0.0007999999797903001
2.310000462584866e-05,0.0007999999797903001
2.310400462617962e-05,0.0007999999797903001
2.3108004626510583e-05,0.0008399999787798151
2.3112004626841545e-05,0.0007599999808007851
2.3116004627172506e-05,0.0008399999787798151
2.3120004627503468e-05,0.0007999999797903001
2.312400462783443e-05,0.0008399999787798151
2.312800462816539e-05,0.0007999999797903001
2.3132004628496352e-05,0.0007999999797903001
2.3136004628827314e-05,0.0008399999787798151
2.3140004629158275e-05,0.0008399999787798151
2.3144004629489236e-05,0.0007999999797903001
2.3148004629820198e-05,0.0008799999777693301
2.315200463015116e-05,0.0007999999797903001
2.315600463048212e-05,0.0008799999777693301
2.3160004630813082e-05,0.0007999999797903001
2.3164004631144044e-05,0.0008799999777693301
2.3168004631475005e-05,0.0008399999787798151
2.3172004631805967e-05,0.0008399999787798151
2.317600463213693e-05,0.0008799999777693301
2.318000463246789e-05,0.0008399999787798151
2.318400463279885e-05,0.0007999999797903001
2.3188004633129813e-05,0.0008799999777693301
2.3192004633460774e-05,0.0007999999797903001
2.3196004633791736e-05,0.0008799999777693301
2.3200004634122697e-05,0.0008399999787798151
2.320400463445366e-05,0.0008799999777693301
2.320800463478462e-05,0.0008799999777693301
2.3212004635115582e-05,0.0008799999777693301
2.3216004635446543e-05,0.0008799999777693301
2.3220004635777505e-05,0.0008799999777693301
2.3224004636108466e-05,0.0008399999787798151
2.3228004636439428e-05,0.0008799999777693301
2.323200463677039e-05,0.0008399999787798151
2.323600463710135e-05,0.0009199999767588452
2.3240004637432312e-05,0.0008399999787798151
2.3244004637763274e-05,0.0009199999767588452
2.3248004638094235e-05,0.0008799999777693301
2.3252004638425197e-05,0.0008799999777693301
2.3256004638756158e-05,0.0009199999767588452
2.326000463908712e-05,0.0008799999777693301
2.326400463941808e-05,0.0008799999777693301
2.3268004639749042e-05,0.0009199999767588452
2.3272004640080004e-05,0.0008399999787798151
2.3276004640410965e-05,0.0009199999767588452
2.3280004640741927e-05,0.0008799999777693301
2.328400464107289e-05,0.0009199999767588452
2.328800464140385e-05,0.0009199999767588452
2.329200464173481e-05,0.0009199999767588452
2.3296004642065773e-05,0.0009199999767588452
2.3300004642396734e-05,0.0009199999767588452
2.3304004642727696e-05,0.0008799999777693301
2.3308004643058657e-05,0.0009199999767588452
2.331200464338962e-05,0.0008399999787798151
2.331600464372058e-05,0.0009599999757483602
2.3320004644051542e-05,0.0008799999777693301
2.3324004644382503e-05,0.0009199999767588452
2.3328004644713465e-05,0.0009199999767588452
2.3332004645044426e-05,0.0009199999767588452
2.3336004645375388e-05,0.0009599999757483602
2.334000464570635e-05,0.0009199999767588452
2.334400464603731e-05,0.0009199999767588452
2.3348004646368272e-05,0.0009599999757483602
2.3352004646699234e-05,0.0008799999777693301
2.3356004647030195e-05,0.0009599999757483602
2.3360004647361157e-05,0.0009199999767588452
2.3364004647692118e-05,0.0009599999757483602
2.336800464802308e-05,0.0009599999757483602
2.337200464835404e-05,0.0009599999757483602
2.3376004648685003e-05,0.0009599999757483602
2.3380004649015964e-05,0.0009599999757483602
2.3384004649346926e-05,0.0009199999767588452
2.3388004649677887e-05,0.0009999999747378752
2.339200465000885e-05,0.0009199999767588452
2.339600465033981e-05,0.0009999999747378752
2.340000465067077e-05,0.0009199999767588452
2.3404004651001733e-05,0.0009999999747378752
2.3408004651332694e-05,0.0009599999757483602
2.3412004651663656e-05,0.0009599999757483602
2.3416004651994617e-05,0.0009999999747378752
2.342000465232558e-05,0.0009599999757483602
2.342400465265654e-05,0.0009599999757483602
2.3428004652987502e-05,0.0009999999747378752
2.3432004653318463e-05,0.0009199999767588452
2.3436004653649425e-05,0.0010399999737273902
2.3440004653980386e-05,0.0009599999757483602
2.3444004654311348e-05,0.0009999999747378752
2.344800465464231e-05,0.0009999999747378752
2.345200465497327e-05,0.0009999999747378752
2.3456004655304232e-05,0.0009999999747378752
2.3460004655635194e-05,0.0009999999747378752
2.3464004655966155e-05,0.0009599999757483602
2.3468004656297117e-05,0.0010399999737273902
2.3472004656628078e-05,0.0009199999767588452
2.347600465695904e-05,0.0010399999737273902
2.348000465729e-05,0.0009599999757483602
2.3484004657620963e-05,0.0010399999737273902
2.3488004657951924e-05,0.0010399999737273902
2.3492004658282886e-05,0.0009999999747378752
2.3496004658613847e-05,0.0010399999737273902
2.350000465894481e-05,0.0009999999747378752
2.350400465927577e-05,0.0009999999747378752
2.350800465960673e-05,0.0010799999727169052
2.3512004659937693e-05,0.0009999999747378752
2.3516004660268654e-05,0.0010799999727169052
2.3520004660599616e-05,0.0009599999757483602
2.3524004660930577e-05,0.0010399999737273902
2.352800466126154e-05,0.0010399999737273902
2.35320046615925e-05,0.0010399999737273902
2.3536004661923462e-05,0.0010399999737273902
2.3540004662254423e-05,0.0010399999737273902
2.3544004662585385e-05,0.0010399999737273902
2.3548004662916346e-05,0.0010799999727169052
2.3552004663247308e-05,0.0009599999757483602
2.355600466357827e-05,0.0011199999717064202
2.356000466390923e-05,0.0010399999737273902
2.3564004664240192e-05,0.0010799999727169052
2.3568004664571154e-05,0.0010799999727169052
2.3572004664902115e-05,0.0010399999737273902
2.3576004665233077e-05,0.0010399999737273902
2.3580004665564038e-05,0.0010799999727169052
2.3584004665895e-05,0.0010399999737273902
2.358800466622596e-05,0.0011199999717064202
2.3592004666556923e-05,0.0009999999747378752
2.3596004666887884e-05,0.0011199999717064202
2.3600004667218846e-05,0.0010399999737273902
2.3604004667549807e-05,0.0010799999727169052
2.360800466788077e-05,0.0010799999727169052
2.361200466821173e-05,0.0010799999727169052
2.361600466854269e-05,0.0010799999727169052
2.3620004668873653e-05,0.0010799999727169052
2.3624004669204615e-05,0.0010399999737273902
2.3628004669535576e-05,0.0011199999717064202
2.3632004669866538e-05,0.0009999999747378752
2.36360046701975e-05,0.0011199999717064202
2.364000467052846e-05,0.0010399999737273902
2.3644004670859422e-05,0.0011199999717064202
2.3648004671190383e-05,0.0011199999717064202
2.3652004671521345e-05,0.0011199999717064202
2.3656004671852306e-05,0.0011199999717064202
2.3660004672183268e-05,0.0011199999717064202
2.366400467251423e-05,0.0010799999727169052
2.366800467284519e-05,0.0011599999706959352
2.3672004673176152e-05,0.0010399999737273902
2.3676004673507114e-05,0.0011599999706959352
2.3680004673838075e-05,0.0010399999737273902
2.3684004674169037e-05,0.0010799999727169052
2.36880046745e-05,0.0011199999717064202
2.369200467483096e-05,0.0010799999727169052
2.369600467516192e-05,0.0011199999717064202
2.3700004675492883e-05,0.0011199999717064202
2.3704004675823844e-05,0.0011199999717064202
2.3708004676154806e-05,0.0011999999696854502
2.3712004676485767e-05,0.0010799999727169052
2.371600467681673e-05,0.0011999999696854502
2.372000467714769e-05,0.0010799999727169052
2.372400467747865e-05,0.0011599999706959352
2.3728004677809613e-05,0.0011199999717064202
2.3732004678140575e-05,0.0011199999717064202
2.3736004678471536e-05,0.0011599999706959352
2.3740004678802498e-05,0.0011599999706959352
2.374400467913346e-05,0.0011199999717064202
2.374800467946442e-05,0.0011999999696854502
2.3752004679795382e-05,0.0010799999727169052
2.3756004680126344e-05,0.0011999999696854502
2.3760004680457305e-05,0.0010799999727169052
2.3764004680788267e-05,0.0011599999706959352
2.3768004681119228e-05,0.0011599999706959352
2.377200468145019e-05,0.0011599999706959352
2.377600468178115e-05,0.0011999999696854502
2.3780004682112112e-05,0.0011999999696854502
2.3784004682443074e-05,0.0011599999706959352
2.3788004682774035e-05,0.0012399999686749652
2.3792004683104997e-05,0.0011199999717064202
2.379600468343596e-05,0.0011999999696854502
2.380000468376692e-05,0.0011199999717064202
2.380400468409788e-05,0.0011999999696854502
2.3808004684428843e-05,0.0011599999706959352
2.3812004684759804e-05,0.0011599999706959352
2.3816004685090766e-05,0.0011999999696854502
2.3820004685421727e-05,0.0011999999696854502
2.382400468575269e-05,0.0011599999706959352
2.382800468608365e-05,0.0012399999686749652
2.3832004686414612e-05,0.0011199999717064202
2.3836004686745573e-05,0.0012399999686749652
2.3840004687076535e-05,0.0011599999706959352
2.3844004687407496e-05,0.0011999999696854502
2.3848004687738458e-05,0.0011999999696854502
2.385200468806942e-05,0.0011999999696854502
2.385600468840038e-05,0.0011999999696854502
2.3860004688731342e-05,0.0011999999696854502
2.3864004689062304e-05,0.0011999999696854502
2.3868004689393265e-05,0.0012799999676644802
2.3872004689724227e-05,0.0011599999706959352
2.3876004690055188e-05,0.0012399999686749652
2.388000469038615e-05,0.0011599999706959352
2.388400469071711e-05,0.0011999999696854502
2.3888004691048073e-05,0.0011999999696854502
2.3892004691379034e-05,0.0011999999696854502
2.3896004691709995e-05,0.0012399999686749652
2.3900004692040957e-05,0.0012399999686749652
2.390400469237192e-05,0.0011999999696854502
2.390800469270288e-05,0.0012799999676644802
2.391200469303384e-05,0.0011999999696854502
2.3916004693364803e-05,0.0012399999686749652
2.3920004693695764e-05,0.0011999999696854502
2.3924004694026726e-05,0.0012399999686749652
2.3928004694357687e-05,0.0012399999686749652
2.393200469468865e-05,0.0012799999676644802
2.393600469501961e-05,0.0011999999696854502
2.3940004695350572e-05,0.0013199999666539952
2.3944004695681533e-05,0.0012399999686749652
2.3948004696012495e-05,0.0012799999676644802
2.3952004696343456e-05,0.0011999999696854502
2.3956004696674418e-05,0.0012799999676644802
2.396000469700538e-05,0.0011999999696854502
2.396400469733634e-05,0.0012799999676644802
2.3968004697667302e-05,0.0011999999696854502
2.3972004697998264e-05,0.0013199999666539952
2.3976004698329225e-05,0.0012399999686749652
2.3980004698660187e-05,0.0013199999666539952
2.3984004698991148e-05,0.0012399999686749652
2.398800469932211e-05,0.0013199999666539952
2.399200469965307e-05,0.0012399999686749652
2.3996004699984033e-05,0.0013199999666539952
2.4000004700314994e-05,0.0012399999686749652
2.4004004700645956e-05,0.0013199999666539952
2.4008004700976917e-05,0.0012399999686749652
2.401200470130788e-05,0.0013199999666539952
2.401600470163884e-05,0.0012399999686749652
2.40200047019698e-05,0.0013199999666539952
2.4024004702300763e-05,0.0012399999686749652
2.4028004702631724e-05,0.0013199999666539952
2.4032004702962686e-05,0.0012399999686749652
2.4036004703293647e-05,0.0013199999666539952
2.404000470362461e-05,0.0012399999686749652
2.404400470395557e-05,0.0013199999666539952
2.4048004704286532e-05,0.0012399999686749652
2.4052004704617493e-05,0.0013599999656435102
2.4056004704948455e-05,0.0012799999676644802
2.4060004705279416e-05,0.0013599999656435102
2.4064004705610378e-05,0.0012799999676644802
2.406800470594134e-05,0.0013599999656435102
2.40720047062723e-05,0.0012799999676644802
2.4076004706603262e-05,0.0013599999656435102
2.4080004706934224e-05,0.0012399999686749652
2.4084004707265185e-05,0.0013199999666539952
2.4088004707596147e-05,0.0012399999686749652
2.4092004707927108e-05,0.0013199999666539952
2.409600470825807e-05,0.0012799999676644802
2.410000470858903e-05,0.0013599999656435102
2.4104004708919993e-05,0.0012799999676644802
2.4108004709250954e-05,0.0013599999656435102
2.4112004709581916e-05,0.0012799999676644802
2.4116004709912877e-05,0.0013599999656435102
2.412000471024384e-05,0.0012799999676644802
2.41240047105748e-05,0.0013599999656435102
2.412800471090576e-05,0.0012799999676644802
2.4132004711236723e-05,0.0013599999656435102
2.4136004711567685e-05,0.0012799999676644802
2.4140004711898646e-05,0.0013599999656435102
2.4144004712229607e-05,0.0012799999676644802
2.414800471256057e-05,0.0013599999656435102
2.415200471289153e-05,0.0012799999676644802
2.4156004713222492e-05,0.0013599999656435102
2.4160004713553453e-05,0.0012799999676644802
2.4164004713884415e-05,0.0013599999656435102
2.4168004714215376e-05,0.0012799999676644802
2.4172004714546338e-05,0.0012799999676644802
2.41760047148773e-05,0.0011199999717064202
2.418000471520826e-05,0.0009599999757483602
2.4184004715539222e-05,0.0007999999797903001
2.4188004715870184e-05,0.0006399999838322401
2.4192004716201145e-05,0.0005199999868636951
2.4196004716532107e-05,0.00043999998888466507
2.4200004716863068e-05,0.00031999999191612005
2.420400471719403e-05,0.00031999999191612005
2.420800471752499e-05,0.00023999999393709004
2.4212004717855953e-05,0.00023999999393709004
2.4216004718186914e-05,0.00019999999494757503
2.4220004718517876e-05,0.00019999999494757503
2.4224004718848837e-05,0.00015999999595806003
2.42280047191798e-05,0.00019999999494757503
2.423200471951076e-05,0.00019999999494757503
2.423600471984172e-05,0.00019999999494757503
2.4240004720172683e-05,0.00015999999595806003
2.4244004720503645e-05,0.00019999999494757503
2.4248004720834606e-05,0.00015999999595806003
2.4252004721165568e-05,0.00019999999494757503
2.425600472149653e-05,0.00019999999494757503
2.426000472182749e-05,0.00019999999494757503
2.4264004722158452e-05,0.00015999999595806003
2.4268004722489413e-05,0.00019999999494757503
2.4272004722820375e-05,0.00015999999595806003
2.4276004723151336e-05,0.00015999999595806003
2.4280004723482298e-05,0.00015999999595806003
2.428400472381326e-05,0.00015999999595806003
2.428800472414422e-05,0.00015999999595806003
2.4292004724475182e-05,0.00015999999595806003
2.4296004724806144e-05,0.00015999999595806003
2.4300004725137105e-05,0.00015999999595806003
2.4304004725468067e-05,0.00015999999595806003
2.430800472579903e-05,0.00019999999494757503
2.431200472612999e-05,0.00019999999494757503
2.431600472646095e-05,0.00019999999494757503
2.4320004726791913e-05,0.00015999999595806003
2.4324004727122874e-05,0.00015999999595806003
2.4328004727453836e-05,0.00015999999595806003
2.4332004727784797e-05,0.00015999999595806003
2.433600472811576e-05,0.00015999999595806003
2.434000472844672e-05,0.00015999999595806003
2.434400472877768e-05,0.00015999999595806003
2.4348004729108643e-05,0.00015999999595806003
2.4352004729439605e-05,0.00015999999595806003
2.4356004729770566e-05,0.00015999999595806003
2.4360004730101528e-05,0.00015999999595806003
2.436400473043249e-05,0.00015999999595806003
2.436800473076345e-05,0.00015999999595806003
2.4372004731094412e-05,0.00015999999595806003
2.4376004731425374e-05,0.00015999999595806003
2.4380004731756335e-05,0.00019999999494757503
2.4384004732087297e-05,0.00015999999595806003
2.4388004732418258e-05,0.00019999999494757503
2.439200473274922e-05,0.00015999999595806003
2.439600473308018e-05,0.00015999999595806003
2.4400004733411142e-05,0.00015999999595806003
2.4404004733742104e-05,0.00015999999595806003
2.4408004734073065e-05,0.00015999999595806003
2.4412004734404027e-05,0.00015999999595806003
2.441600473473499e-05,0.00015999999595806003
2.442000473506595e-05,0.00015999999595806003
2.442400473539691e-05,0.00015999999595806003
2.4428004735727873e-05,0.00019999999494757503
2.4432004736058834e-05,0.00019999999494757503
2.4436004736389796e-05,0.00019999999494757503
2.4440004736720757e-05,0.00015999999595806003
2.444400473705172e-05,0.00015999999595806003
2.444800473738268e-05,0.00015999999595806003
2.4452004737713642e-05,0.00015999999595806003
2.4456004738044603e-05,0.00015999999595806003
2.4460004738375565e-05,0.00015999999595806003
2.4464004738706526e-05,0.00015999999595806003
2.4468004739037488e-05,0.00015999999595806003
2.447200473936845e-05,0.00015999999595806003
2.447600473969941e-05,0.00019999999494757503
2.4480004740030372e-05,0.00015999999595806003
2.4484004740361334e-05,0.00019999999494757503
2.4488004740692295e-05,0.00015999999595806003
2.4492004741023257e-05,0.00015999999595806003
2.4496004741354218e-05,0.00015999999595806003
2.450000474168518e-05,0.00015999999595806003
2.450400474201614e-05,0.00015999999595806003
2.4508004742347103e-05,0.00015999999595806003
2.4512004742678064e-05,0.00015999999595806003
2.4516004743009025e-05,0.00015999999595806003
2.4520004743339987e-05,0.00015999999595806003
2.452400474367095e-05,0.00015999999595806003
2.452800474400191e-05,0.00015999999595806003
2.453200474433287e-05,0.00015999999595806003
2.4536004744663833e-05,0.00015999999595806003
2.4540004744994794e-05,0.00015999999595806003
2.4544004745325756e-05,0.00015999999595806003
2.4548004745656717e-05,0.00019999999494757503
2.455200474598768e-05,0.00015999999595806003
2.455600474631864e-05,0.00019999999494757503
2.4560004746649602e-05,0.00015999999595806003
2.4564004746980563e-05,0.00015999999595806003
2.4568004747311525e-05,0.00015999999595806003
2.4572004747642486e-05,0.00015999999595806003
2.4576004747973448e-05,0.00015999999595806003
2.458000474830441e-05,0.00015999999595806003
2.458400474863537e-05,0.00015999999595806003
2.4588004748966332e-05,0.00015999999595806003
2.4592004749297294e-05,0.00015999999595806003
2.4596004749628255e-05,0.00019999999494757503
2.4600004749959217e-05,0.00015999999595806003
2.4604004750290178e-05,0.00019999999494757503
2.460800475062114e-05,0.00015999999595806003
2.46120047509521e-05,0.00019999999494757503
2.4616004751283063e-05,0.00015999999595806003
2.4620004751614024e-05,0.00019999999494757503
2.4624004751944986e-05,0.00015999999595806003
2.4628004752275947e-05,0.00015999999595806003
2.463200475260691e-05,0.00015999999595806003
2.463600475293787e-05,0.00015999999595806003
2.464000475326883e-05,0.00015999999595806003
2.4644004753599793e-05,0.00015999999595806003
2.4648004753930754e-05,0.00015999999595806003
2.4652004754261716e-05,0.00015999999595806003
2.4656004754592677e-05,0.00015999999595806003
2.466000475492364e-05,0.00019999999494757503
2.46640047552546e-05,0.00015999999595806003
2.4668004755585562e-05,0.00015999999595806003
2.4672004755916523e-05,0.00015999999595806003
2.4676004756247485e-05,0.00015999999595806003
2.4680004756578446e-05,0.00015999999595806003
2.4684004756909408e-05,0.00015999999595806003
2.468800475724037e-05,0.00015999999595806003
2.469200475757133e-05,0.00015999999595806003
2.4696004757902292e-05,0.00015999999595806003
2.4700004758233254e-05,0.00015999999595806003
2.4704004758564215e-05,0.00015999999595806003
2.4708004758895177e-05,0.00015999999595806003
2.4712004759226138e-05,0.00015999999595806003
2.47160047595571e-05,0.00019999999494757503
2.472000475988806e-05,0.00015999999595806003
2.4724004760219023e-05,0.00015999999595806003
2.4728004760549984e-05,0.00015999999595806003
2.4732004760880946e-05,0.00015999999595806003
2.4736004761211907e-05,0.00015999999595806003
2.474000476154287e-05,0.00015999999595806003
2.474400476187383e-05,0.00015999999595806003
2.474800476220479e-05,0.00019999999494757503
2.4752004762535753e-05,0.00015999999595806003
2.4756004762866715e-05,0.00015999999595806003
2.4760004763197676e-05,0.00015999999595806003
2.4764004763528638e-05,0.00015999999595806003
2.47680047638596e-05,0.00015999999595806003
2.477200476419056e-05,0.00015999999595806003
2.4776004764521522e-05,0.00015999999595806003
2.4780004764852483e-05,0.00015999999595806003
2.4784004765183445e-05,0.00015999999595806003
2.4788004765514406e-05,0.00019999999494757503
2.4792004765845368e-05,0.00015999999595806003
2.479600476617633e-05,0.00019999999494757503
2.480000476650729e-05,0.00015999999595806003
2.4804004766838252e-05,0.00015999999595806003
2.4808004767169214e-05,0.00015999999595806003
2.4812004767500175e-05,0.00015999999595806003
2.4816004767831137e-05,0.00011999999696854502
2.4820004768162098e-05,0.00015999999595806003
2.482400476849306e-05,0.00015999999595806003
2.482800476882402e-05,0.00019999999494757503
2.4832004769154983e-05,0.00015999999595806003
2.4836004769485944e-05,0.00019999999494757503
2.4840004769816906e-05,0.00015999999595806003
2.4844004770147867e-05,0.00019999999494757503
2.484800477047883e-05,0.00015999999595806003
2.485200477080979e-05,0.00019999999494757503
2.485600477114075e-05,0.00015999999595806003
2.4860004771471713e-05,0.00015999999595806003
2.4864004771802675e-05,0.00011999999696854502
2.4868004772133636e-05,0.00015999999595806003
2.4872004772464598e-05,0.00015999999595806003
2.487600477279556e-05,0.00019999999494757503
2.488000477312652e-05,0.00015999999595806003
2.4884004773457482e-05,0.00019999999494757503
2.4888004773788444e-05,0.00015999999595806003
2.4892004774119405e-05,0.00015999999595806003
2.4896004774450366e-05,0.00015999999595806003
2.4900004774781328e-05,0.00019999999494757503
2.490400477511229e-05,0.00015999999595806003
2.490800477544325e-05,0.00019999999494757503
2.4912004775774212e-05,0.00015999999595806003
2.4916004776105174e-05,0.00015999999595806003
2.4920004776436135e-05,0.00015999999595806003
2.4924004776767097e-05,0.00019999999494757503
2.492800477709806e-05,0.00015999999595806003
2.493200477742902e-05,0.00015999999595806003
2.493600477775998e-05,0.00015999999595806003
2.4940004778090943e-05,0.00015999999595806003
2.4944004778421904e-05,0.00015999999595806003
2.4948004778752866e-05,0.00015999999595806003
2.4952004779083827e-05,0.00015999999595806003
2.495600477941479e-05,0.00015999999595806003
2.496000477974575e-05,0.00015999999595806003
2.4964004780076712e-05,0.00019999999494757503
2.4968004780407673e-05,0.00015999999595806003
2.4972004780738635e-05,0.00015999999595806003
2.4976004781069596e-05,0.00015999999595806003
2.4980004781400558e-05,0.00015999999595806003
2.498400478173152e-05,0.00015999999595806003
2.498800478206248e-05,0.00015999999595806003
2.4992004782393442e-05,0.00015999999595806003
2.4996004782724404e-05,0.00015999999595806003
2.5000004783055365e-05,0.00015999999595806003
2.5004004783386327e-05,0.00015999999595806003
2.5008004783717288e-05,0.00015999999595806003
2.501200478404825e-05,0.00015999999595806003
2.501600478437921e-05,0.00015999999595806003
2.5020004784710172e-05,0.00015999999595806003
2.5024004785041134e-05,0.00015999999595806003
2.5028004785372095e-05,0.00015999999595806003
2.5032004785703057e-05,0.00015999999595806003
2.503600478603402e-05,0.00015999999595806003
2.504000478636498e-05,0.00015999999595806003
2.504400478669594e-05,0.00015999999595806003
2.5048004787026903e-05,0.00015999999595806003
2.5052004787357864e-05,0.00015999999595806003
2.5056004787688826e-05,0.00015999999595806003
2.5060004788019787e-05,0.00015999999595806003
2.506400478835075e-05,0.00015999999595806003
2.506800478868171e-05,0.00015999999595806003
2.5072004789012672e-05,0.00015999999595806003
2.5076004789343633e-05,0.00015999999595806003
2.5080004789674595e-05,0.00015999999595806003
2.5084004790005556e-05,0.00015999999595806003
2.5088004790336518e-05,0.00015999999595806003
2.509200479066748e-05,0.00015999999595806003
2.509600479099844e-05,0.00015999999595806003
2.5100004791329402e-05,0.00015999999595806003
2.5104004791660364e-05,0.00015999999595806003
2.5108004791991325e-05,0.00019999999494757503
2.5112004792322287e-05,0.00015999999595806003
2.5116004792653248e-05,0.00015999999595806003
2.512000479298421e-05,0.00015999999595806003
2.512400479331517e-05,0.00015999999595806003
2.5128004793646133e-05,0.00015999999595806003
2.5132004793977094e-05,0.00015999999595806003
2.5136004794308056e-05,0.00015999999595806003
2.5140004794639017e-05,0.00015999999595806003
2.514400479496998e-05,0.00015999999595806003
2.514800479530094e-05,0.00015999999595806003
2.51520047956319e-05,0.00015999999595806003
2.5156004795962863e-05,0.00015999999595806003
2.5160004796293824e-05,0.00015999999595806003
2.5164004796624786e-05,0.00019999999494757503
2.5168004796955747e-05,0.00015999999595806003
2.517200479728671e-05,0.00019999999494757503
2.517600479761767e-05,0.00015999999595806003
2.5180004797948632e-05,0.00015999999595806003
2.5184004798279593e-05,0.00015999999595806003
2.5188004798610555e-05,0.00015999999595806003
2.5192004798941516e-05,0.00015999999595806003
2.5196004799272478e-05,0.00015999999595806003
2.520000479960344e-05,0.00015999999595806003
2.52040047999344e-05,0.00019999999494757503
2.5208004800265362e-05,0.00015999999595806003
2.5212004800596324e-05,0.00015999999595806003
2.5216004800927285e-05,0.00015999999595806003
2.5220004801258247e-05,0.00015999999595806003
2.5224004801589208e-05,0.00015999999595806003
2.522800480192017e-05,0.00019999999494757503
2.523200480225113e-05,0.00015999999595806003
2.5236004802582093e-05,0.00015999999595806003
2.5240004802913054e-05,0.00015999999595806003
2.5244004803244016e-05,0.00015999999595806003
2.5248004803574977e-05,0.00015999999595806003
2.525200480390594e-05,0.00015999999595806003
2.52560048042369e-05,0.00015999999595806003
2.526000480456786e-05,0.00015999999595806003
2.5264004804898823e-05,0.00015999999595806003
2.5268004805229784e-05,0.00015999999595806003
2.5272004805560746e-05,0.00015999999595806003
2.5276004805891707e-05,0.00015999999595806003
2.528000480622267e-05,0.00015999999595806003
2.528400480655363e-05,0.00019999999494757503
2.5288004806884592e-05,0.00015999999595806003
2.5292004807215553e-05,0.00015999999595806003
2.5296004807546515e-05,0.00015999999595806003
2.5300004807877476e-05,0.00015999999595806003
2.5304004808208438e-05,0.00015999999595806003
2.53080048085394e-05,0.00015999999595806003
2.531200480887036e-05,0.00015999999595806003
2.5316004809201322e-05,0.00015999999595806003
2.5320004809532284e-05,0.00015999999595806003
2.5324004809863245e-05,0.00015999999595806003
2.5328004810194207e-05,0.00011999999696854502
2.5332004810525168e-05,0.00015999999595806003
2.533600481085613e-05,0.00011999999696854502
2.534000481118709e-05,0.00011999999696854502
2.5344004811518053e-05,0.00011999999696854502
2.5348004811849014e-05,0.00019999999494757503
2.5352004812179976e-05,0.00015999999595806003
2.5356004812510937e-05,0.00019999999494757503
2.53600048128419e-05,0.00019999999494757503
2.536400481317286e-05,0.00019999999494757503
2.536800481350382e-05,0.00015999999595806003
2.5372004813834783e-05,0.00019999999494757503
2.5376004814165745e-05,0.00015999999595806003
2.5380004814496706e-05,0.00015999999595806003
2.5384004814827668e-05,0.00011999999696854502
2.538800481515863e-05,0.00015999999595806003
2.539200481548959e-05,0.00011999999696854502
2.5396004815820552e-05,0.00015999999595806003
2.5400004816151513e-05,0.00011999999696854502
2.5404004816482475e-05,0.00015999999595806003
2.5408004816813436e-05,0.00015999999595806003
2.5412004817144398e-05,0.00019999999494757503
2.541600481747536e-05,0.00015999999595806003
2.542000481780632e-05,0.00019999999494757503
2.5424004818137282e-05,0.00015999999595806003
2.5428004818468244e-05,0.00019999999494757503
2.5432004818799205e-05,0.00019999999494757503
2.5436004819130167e-05,0.00019999999494757503
2.5440004819461128e-05,0.00015999999595806003
2.544400481979209e-05,0.00019999999494757503
2.544800482012305e-05,0.00011999999696854502
2.5452004820454013e-05,0.00015999999595806003
2.5456004820784974e-05,0.00011999999696854502
2.5460004821115936e-05,0.00011999999696854502
2.5464004821446897e-05,0.00011999999696854502
2.546800482177786e-05,0.00011999999696854502
2.547200482210882e-05,0.00011999999696854502
2.547600482243978e-05,0.00015999999595806003
2.5480004822770743e-05,0.00019999999494757503
2.5484004823101705e-05,0.00019999999494757503
2.5488004823432666e-05,0.00019999999494757503
2.5492004823763628e-05,0.00019999999494757503
2.549600482409459e-05,0.00015999999595806003
2.550000482442555e-05,0.00015999999595806003
2.5504004824756512e-05,0.00015999999595806003
2.5508004825087474e-05,0.00015999999595806003
2.5512004825418435e-05,0.00011999999696854502
2.5516004825749396e-05,0.00011999999696854502
2.5520004826080358e-05,0.00011999999696854502
2.552400482641132e-05,0.00015999999595806003
2.552800482674228e-05,0.00011999999696854502
2.5532004827073242e-05,0.00015999999595806003
2.5536004827404204e-05,0.00011999999696854502
2.5540004827735165e-05,0.00019999999494757503
2.5544004828066127e-05,0.00015999999595806003
2.554800482839709e-05,0.00019999999494757503
2.555200482872805e-05,0.00019999999494757503
2.555600482905901e-05,0.00019999999494757503
2.5560004829389973e-05,0.00015999999595806003
2.5564004829720934e-05,0.00019999999494757503
2.5568004830051896e-05,0.00015999999595806003
2.5572004830382857e-05,0.00015999999595806003
2.557600483071382e-05,0.00011999999696854502
2.558000483104478e-05,0.00011999999696854502
2.5584004831375742e-05,0.00011999999696854502
2.5588004831706703e-05,0.00015999999595806003
2.5592004832037665e-05,0.00011999999696854502
2.5596004832368626e-05,0.00015999999595806003
2.5600004832699588e-05,0.00015999999595806003
2.560400483303055e-05,0.00019999999494757503
2.560800483336151e-05,0.00015999999595806003
2.5612004833692472e-05,0.00019999999494757503
2.5616004834023434e-05,0.00015999999595806003
2.5620004834354395e-05,0.00015999999595806003
2.5624004834685357e-05,0.00015999999595806003
2.5628004835016318e-05,0.00015999999595806003
2.563200483534728e-05,0.00015999999595806003
2.563600483567824e-05,0.00015999999595806003
2.5640004836009202e-05,0.00015999999595806003
2.5644004836340164e-05,0.00015999999595806003
2.5648004836671125e-05,0.00015999999595806003
2.5652004837002087e-05,0.00015999999595806003
2.565600483733305e-05,0.00015999999595806003
2.566000483766401e-05,0.00015999999595806003
2.566400483799497e-05,0.00015999999595806003
2.5668004838325933e-05,0.00015999999595806003
2.5672004838656894e-05,0.00015999999595806003
2.5676004838987856e-05,0.00015999999595806003
2.5680004839318817e-05,0.00015999999595806003
2.568400483964978e-05,0.00019999999494757503
2.568800483998074e-05,0.00015999999595806003
2.5692004840311702e-05,0.00019999999494757503
2.5696004840642663e-05,0.00015999999595806003
2.5700004840973625e-05,0.00015999999595806003
2.5704004841304586e-05,0.00015999999595806003
2.5708004841635548e-05,0.00015999999595806003
2.571200484196651e-05,0.00011999999696854502
2.571600484229747e-05,0.00015999999595806003
2.5720004842628432e-05,0.00015999999595806003
2.5724004842959394e-05,0.00015999999595806003
2.5728004843290355e-05,0.00015999999595806003
2.5732004843621317e-05,0.00015999999595806003
2.5736004843952278e-05,0.00015999999595806003
2.574000484428324e-05,0.00019999999494757503
2.57440048446142e-05,0.00015999999595806003
2.5748004844945163e-05,0.00015999999595806003
2.5752004845276124e-05,0.00015999999595806003
2.5756004845607086e-05,0.00019999999494757503
2.5760004845938047e-05,0.00015999999595806003
2.576400484626901e-05,0.00015999999595806003
2.576800484659997e-05,0.00015999999595806003
2.577200484693093e-05,0.00015999999595806003
2.5776004847261893e-05,0.00015999999595806003
2.5780004847592854e-05,0.00015999999595806003
2.5784004847923816e-05,0.00011999999696854502
2.5788004848254777e-05,0.00015999999595806003
2.579200484858574e-05,0.00011999999696854502
2.57960048489167e-05,0.00015999999595806003
2.5800004849247662e-05,0.00015999999595806003
2.5804004849578623e-05,0.00015999999595806003
2.5808004849909585e-05,0.00015999999595806003
2.5812004850240546e-05,0.00019999999494757503
2.5816004850571508e-05,0.00015999999595806003
2.582000485090247e-05,0.00019999999494757503
2.582400485123343e-05,0.00015999999595806003
2.5828004851564392e-05,0.00019999999494757503
2.5832004851895354e-05,0.00015999999595806003
2.5836004852226315e-05,0.00015999999595806003
2.5840004852557277e-05,0.00011999999696854502
2.5844004852888238e-05,0.00015999999595806003
2.58480048532192e-05,0.00015999999595806003
2.585200485355016e-05,0.00015999999595806003
2.5856004853881123e-05,0.00015999999595806003
2.5860004854212084e-05,0.00019999999494757503
2.5864004854543046e-05,0.00015999999595806003
2.5868004854874007e-05,0.00015999999595806003
2.587200485520497e-05,0.00015999999595806003
2.587600485553593e-05,0.00019999999494757503
2.588000485586689e-05,0.00015999999595806003
2.5884004856197853e-05,0.00019999999494757503
2.5888004856528815e-05,0.00015999999595806003
2.5892004856859776e-05,0.00015999999595806003
2.5896004857190737e-05,0.00015999999595806003
2.59000048575217e-05,0.00015999999595806003
2.590400485785266e-05,0.00015999999595806003
2.5908004858183622e-05,0.00015999999595806003
2.5912004858514583e-05,0.00011999999696854502
2.5916004858845545e-05,0.00011999999696854502
2.5920004859176506e-05,0.00015999999595806003
2.5924004859507468e-05,0.00015999999595806003
2.592800485983843e-05,0.00015999999595806003
2.593200486016939e-05,0.00019999999494757503
2.5936004860500352e-05,0.00015999999595806003
2.5940004860831314e-05,0.00019999999494757503
2.5944004861162275e-05,0.00015999999595806003
2.5948004861493237e-05,0.00015999999595806003
2.5952004861824198e-05,0.00015999999595806003
2.595600486215516e-05,0.00015999999595806003
2.596000486248612e-05,0.00015999999595806003
2.5964004862817083e-05,0.00015999999595806003
2.5968004863148044e-05,0.00015999999595806003
2.5972004863479006e-05,0.00015999999595806003
2.5976004863809967e-05,0.00015999999595806003
2.598000486414093e-05,0.00019999999494757503
2.598400486447189e-05,0.00015999999595806003
2.598800486480285e-05,0.00015999999595806003
2.5992004865133813e-05,0.00015999999595806003
2.5996004865464775e-05,0.00015999999595806003
2.6000004865795736e-05,0.00015999999595806003
2.6004004866126698e-05,0.00019999999494757503
2.600800486645766e-05,0.00015999999595806003
2.601200486678862e-05,0.00015999999595806003
2.6016004867119582e-05,0.00015999999595806003
2.6020004867450543e-05,0.00015999999595806003
2.6024004867781505e-05,0.00015999999595806003
2.6028004868112466e-05,0.00015999999595806003
2.6032004868443428e-05,0.00015999999595806003
2.603600486877439e-05,0.00015999999595806003
2.604000486910535e-05,0.00015999999595806003
2.6044004869436312e-05,0.00015999999595806003
2.6048004869767274e-05,0.00015999999595806003
2.6052004870098235e-05,0.00015999999595806003
2.6056004870429197e-05,0.00015999999595806003
2.606000487076016e-05,0.00015999999595806003
2.606400487109112e-05,0.00015999999595806003
2.606800487142208e-05,0.00015999999595806003
2.6072004871753043e-05,0.00015999999595806003
2.6076004872084004e-05,0.00015999999595806003
2.6080004872414966e-05,0.00015999999595806003
2.6084004872745927e-05,0.00015999999595806003
2.608800487307689e-05,0.00015999999595806003
2.609200487340785e-05,0.00015999999595806003
2.609600487373881e-05,0.00015999999595806003
2.6100004874069773e-05,0.00015999999595806003
2.6104004874400735e-05,0.00015999999595806003
2.6108004874731696e-05,0.00015999999595806003
2.6112004875062658e-05,0.00015999999595806003
2.611600487539362e-05,0.00015999999595806003
2.612000487572458e-05,0.00015999999595806003
2.6124004876055542e-05,0.00015999999595806003
2.6128004876386504e-05,0.00015999999595806003
2.6132004876717465e-05,0.00015999999595806003
2.6136004877048427e-05,0.00015999999595806003
2.6140004877379388e-05,0.00015999999595806003
2.614400487771035e-05,0.00015999999595806003
2.614800487804131e-05,0.00015999999595806003
2.6152004878372272e-05,0.00015999999595806003
2.6156004878703234e-05,0.00015999999595806003
2.6160004879034195e-05,0.00015999999595806003
2.6164004879365157e-05,0.00015999999595806003
2.616800487969612e-05,0.00015999999595806003
2.617200488002708e-05,0.00015999999595806003
2.617600488035804e-05,0.00015999999595806003
2.6180004880689003e-05,0.00019999999494757503
2.6184004881019964e-05,0.00015999999595806003
2.6188004881350926e-05,0.00015999999595806003
2.6192004881681887e-05,0.00015999999595806003
2.619600488201285e-05,0.00015999999595806003
2.620000488234381e-05,0.00015999999595806003
2.6204004882674772e-05,0.00015999999595806003
2.6208004883005733e-05,0.00015999999595806003
2.6212004883336695e-05,0.00015999999595806003
2.6216004883667656e-05,0.00015999999595806003
2.6220004883998618e-05,0.00015999999595806003
2.622400488432958e-05,0.00015999999595806003
2.622800488466054e-05,0.00015999999595806003
2.6232004884991502e-05,0.00015999999595806003
2.6236004885322464e-05,0.00015999999595806003
2.6240004885653425e-05,0.00015999999595806003
2.6244004885984387e-05,0.00015999999595806003
2.6248004886315348e-05,0.00015999999595806003
2.625200488664631e-05,0.00019999999494757503
2.625600488697727e-05,0.00015999999595806003
2.6260004887308233e-05,0.00015999999595806003
2.6264004887639194e-05,0.00015999999595806003
2.6268004887970155e-05,0.00015999999595806003
2.6272004888301117e-05,0.00015999999595806003
2.627600488863208e-05,0.00011999999696854502
2.628000488896304e-05,0.00015999999595806003
2.6284004889294e-05,0.00015999999595806003
2.6288004889624963e-05,0.00011999999696854502
2.6292004889955924e-05,0.00015999999595806003
2.6296004890286886e-05,0.00015999999595806003
2.6300004890617847e-05,0.00019999999494757503
2.630400489094881e-05,0.00015999999595806003
2.630800489127977e-05,0.00015999999595806003
2.6312004891610732e-05,0.00015999999595806003
2.6316004891941693e-05,0.00015999999595806003
2.6320004892272655e-05,0.00015999999595806003
2.6324004892603616e-05,0.00015999999595806003
2.6328004892934578e-05,0.00015999999595806003
2.633200489326554e-05,0.00019999999494757503
2.63360048935965e-05,0.00015999999595806003
2.6340004893927462e-05,0.00015999999595806003
2.6344004894258424e-05,0.00015999999595806003
2.6348004894589385e-05,0.00015999999595806003
2.6352004894920347e-05,0.00015999999595806003
2.6356004895251308e-05,0.00015999999595806003
2.636000489558227e-05,0.00015999999595806003
2.636400489591323e-05,0.00015999999595806003
2.6368004896244193e-05,0.00015999999595806003
2.6372004896575154e-05,0.00015999999595806003
2.6376004896906116e-05,0.00015999999595806003
2.6380004897237077e-05,0.00015999999595806003
2.638400489756804e-05,0.00015999999595806003
2.6388004897899e-05,0.00015999999595806003
2.639200489822996e-05,0.00015999999595806003
2.6396004898560923e-05,0.00015999999595806003
2.6400004898891884e-05,0.00015999999595806003
2.6404004899222846e-05,0.00015999999595806003
2.6408004899553807e-05,0.00015999999595806003
2.641200489988477e-05,0.00015999999595806003
2.641600490021573e-05,0.00015999999595806003
2.6420004900546692e-05,0.00015999999595806003
2.6424004900877653e-05,0.00015999999595806003
2.6428004901208615e-05,0.00015999999595806003
2.6432004901539576e-05,0.00015999999595806003
2.6436004901870538e-05,0.00015999999595806003
2.64400049022015e-05,0.00015999999595806003
2.644400490253246e-05,0.00015999999595806003
2.6448004902863422e-05,0.00015999999595806003
2.6452004903194384e-05,0.00019999999494757503
2.6456004903525345e-05,0.00015999999595806003
2.6460004903856307e-05,0.00019999999494757503
2.6464004904187268e-05,0.00015999999595806003
2.646800490451823e-05,0.00015999999595806003
2.647200490484919e-05,0.00015999999595806003
2.6476004905180153e-05,0.00015999999595806003
2.6480004905511114e-05,0.00011999999696854502
2.6484004905842076e-05,0.00015999999595806003
2.6488004906173037e-05,0.00011999999696854502
2.6492004906504e-05,0.00015999999595806003
2.649600490683496e-05,0.00015999999595806003
2.650000490716592e-05,0.00015999999595806003
2.6504004907496883e-05,0.00015999999595806003
2.6508004907827845e-05,0.00019999999494757503
2.6512004908158806e-05,0.00015999999595806003
2.6516004908489767e-05,0.00015999999595806003
2.652000490882073e-05,0.00015999999595806003
2.652400490915169e-05,0.00015999999595806003
2.6528004909482652e-05,0.00015999999595806003
2.6532004909813613e-05,0.00015999999595806003
2.6536004910144575e-05,0.00011999999696854502
2.6540004910475536e-05,0.00015999999595806003
2.6544004910806498e-05,0.00015999999595806003
2.654800491113746e-05,0.00019999999494757503
2.655200491146842e-05,0.00015999999595806003
2.6556004911799382e-05,0.00015999999595806003
2.6560004912130344e-05,0.00015999999595806003
2.6564004912461305e-05,0.00015999999595806003
2.6568004912792267e-05,0.00015999999595806003
2.6572004913123228e-05,0.00015999999595806003
2.657600491345419e-05,0.00015999999595806003
2.658000491378515e-05,0.00015999999595806003
2.6584004914116113e-05,0.00011999999696854502
2.6588004914447074e-05,0.00015999999595806003
2.6592004914778036e-05,0.00015999999595806003
2.6596004915108997e-05,0.00015999999595806003
2.660000491543996e-05,0.00015999999595806003
2.660400491577092e-05,0.00015999999595806003
2.660800491610188e-05,0.00015999999595806003
2.6612004916432843e-05,0.00015999999595806003
2.6616004916763805e-05,0.00015999999595806003
2.6620004917094766e-05,0.00015999999595806003
2.6624004917425728e-05,0.00015999999595806003
2.662800491775669e-05,0.00015999999595806003
2.663200491808765e-05,0.00015999999595806003
2.6636004918418612e-05,0.00015999999595806003
2.6640004918749573e-05,0.00015999999595806003
2.6644004919080535e-05,0.00015999999595806003
2.6648004919411496e-05,0.00011999999696854502
2.6652004919742458e-05,0.00015999999595806003
2.665600492007342e-05,0.00015999999595806003
2.666000492040438e-05,0.00019999999494757503
2.6664004920735342e-05,0.00015999999595806003
2.6668004921066304e-05,0.00015999999595806003
2.6672004921397265e-05,0.00015999999595806003
2.6676004921728227e-05,0.00015999999595806003
2.668000492205919e-05,0.00015999999595806003
2.668400492239015e-05,0.00015999999595806003
2.668800492272111e-05,0.00015999999595806003
2.6692004923052073e-05,0.00015999999595806003
2.6696004923383034e-05,0.00011999999696854502
2.6700004923713996e-05,0.00015999999595806003
2.6704004924044957e-05,0.00015999999595806003
2.670800492437592e-05,0.00015999999595806003
2.671200492470688e-05,0.00015999999595806003
2.671600492503784e-05,0.00015999999595806003
2.6720004925368803e-05,0.00015999999595806003
2.6724004925699765e-05,0.00015999999595806003
2.6728004926030726e-05,0.00015999999595806003
2.6732004926361688e-05,0.00019999999494757503
2.673600492669265e-05,0.00015999999595806003
2.674000492702361e-05,0.00015999999595806003
2.6744004927354572e-05,0.00015999999595806003
2.6748004927685534e-05,0.00015999999595806003
2.6752004928016495e-05,0.00015999999595806003
2.6756004928347457e-05,0.00015999999595806003
2.6760004928678418e-05,0.00015999999595806003
2.676400492900938e-05,0.00015999999595806003
2.676800492934034e-05,0.00011999999696854502
2.6772004929671302e-05,0.00015999999595806003
2.6776004930002264e-05,0.00015999999595806003
2.6780004930333225e-05,0.00015999999595806003
2.6784004930664187e-05,0.00015999999595806003
2.678800493099515e-05,0.00019999999494757503
2.679200493132611e-05,0.00015999999595806003
2.679600493165707e-05,0.00015999999595806003
2.6800004931988033e-05,0.00015999999595806003
2.6804004932318994e-05,0.00015999999595806003
2.6808004932649956e-05,0.00015999999595806003
2.6812004932980917e-05,0.00015999999595806003
2.681600493331188e-05,0.00011999999696854502
2.682000493364284e-05,0.00015999999595806003
2.6824004933973802e-05,0.00015999999595806003
2.6828004934304763e-05,0.00015999999595806003
2.6832004934635725e-05,0.00015999999595806003
2.6836004934966686e-05,0.00015999999595806003
2.6840004935297648e-05,0.00015999999595806003
2.684400493562861e-05,0.00015999999595806003
2.684800493595957e-05,0.00015999999595806003
2.6852004936290532e-05,0.00019999999494757503
2.6856004936621494e-05,0.00015999999595806003
2.6860004936952455e-05,0.00015999999595806003
2.6864004937283417e-05,0.00015999999595806003
2.6868004937614378e-05,0.00015999999595806003
2.687200493794534e-05,0.00015999999595806003
2.68760049382763e-05,0.00015999999595806003
2.6880004938607263e-05,0.00015999999595806003
2.6884004938938224e-05,0.00015999999595806003
2.6888004939269186e-05,0.00015999999595806003
2.6892004939600147e-05,0.00015999999595806003
2.689600493993111e-05,0.00011999999696854502
2.690000494026207e-05,0.00015999999595806003
2.690400494059303e-05,0.00015999999595806003
2.6908004940923993e-05,0.00015999999595806003
2.6912004941254954e-05,0.00015999999595806003
2.6916004941585916e-05,0.00019999999494757503
2.6920004941916877e-05,0.00015999999595806003
2.692400494224784e-05,0.00015999999595806003
2.69280049425788e-05,0.00015999999595806003
2.6932004942909762e-05,0.00015999999595806003
2.6936004943240723e-05,0.00015999999595806003
2.6940004943571685e-05,0.00015999999595806003
2.6944004943902646e-05,0.00015999999595806003
2.6948004944233608e-05,0.00015999999595806003
2.695200494456457e-05,0.00015999999595806003
2.695600494489553e-05,0.00015999999595806003
2.6960004945226492e-05,0.00015999999595806003
2.6964004945557454e-05,0.00015999999595806003
2.6968004945888415e-05,0.00015999999595806003
2.6972004946219377e-05,0.00015999999595806003
2.6976004946550338e-05,0.00015999999595806003
2.69800049468813e-05,0.00019999999494757503
2.698400494721226e-05,0.00015999999595806003
2.6988004947543223e-05,0.00015999999595806003
2.6992004947874184e-05,0.00015999999595806003
2.6996004948205146e-05,0.00015999999595806003
2.7000004948536107e-05,0.00015999999595806003
2.700400494886707e-05,0.00015999999595806003
2.700800494919803e-05,0.00015999999595806003
2.701200494952899e-05,0.00015999999595806003
2.7016004949859953e-05,0.00015999999595806003
2.7020004950190914e-05,0.00015999999595806003
2.7024004950521876e-05,0.00015999999595806003
2.7028004950852837e-05,0.00019999999494757503
2.70320049511838e-05,0.00015999999595806003
2.703600495151476e-05,0.00015999999595806003
2.7040004951845722e-05,0.00015999999595806003
2.7044004952176683e-05,0.00015999999595806003
2.7048004952507645e-05,0.00015999999595806003
2.7052004952838606e-05,0.00015999999595806003
2.7056004953169568e-05,0.00015999999595806003
2.706000495350053e-05,0.00015999999595806003
2.706400495383149e-05,0.00015999999595806003
2.7068004954162452e-05,0.00019999999494757503
2.7072004954493414e-05,0.00015999999595806003
2.7076004954824375e-05,0.00015999999595806003
2.7080004955155337e-05,0.00015999999595806003
2.7084004955486298e-05,0.00015999999595806003
2.708800495581726e-05,0.00015999999595806003
2.709200495614822e-05,0.00015999999595806003
2.7096004956479183e-05,0.00015999999595806003
2.7100004956810144e-05,0.00015999999595806003
2.7104004957141106e-05,0.00011999999696854502
2.7108004957472067e-05,0.00015999999595806003
2.711200495780303e-05,0.00015999999595806003
2.711600495813399e-05,0.00015999999595806003
2.712000495846495e-05,0.00015999999595806003
2.7124004958795913e-05,0.00015999999595806003
2.7128004959126875e-05,0.00015999999595806003
2.7132004959457836e-05,0.00015999999595806003
2.7136004959788798e-05,0.00015999999595806003
2.714000496011976e-05,0.00015999999595806003
2.714400496045072e-05,0.00015999999595806003
2.7148004960781682e-05,0.00019999999494757503
2.7152004961112643e-05,0.00015999999595806003
2.7156004961443605e-05,0.00015999999595806003
2.7160004961774566e-05,0.00015999999595806003
2.7164004962105528e-05,0.00015999999595806003
2.716800496243649e-05,0.00015999999595806003
2.717200496276745e-05,0.00015999999595806003
2.7176004963098412e-05,0.00015999999595806003
2.7180004963429374e-05,0.00015999999595806003
2.7184004963760335e-05,0.00015999999595806003
2.7188004964091297e-05,0.00015999999595806003
2.7192004964422258e-05,0.00015999999595806003
2.719600496475322e-05,0.00015999999595806003
2.720000496508418e-05,0.00015999999595806003
2.7204004965415143e-05,0.00015999999595806003
2.7208004965746104e-05,0.00015999999595806003
2.7212004966077066e-05,0.00015999999595806003
2.7216004966408027e-05,0.00015999999595806003
2.722000496673899e-05,0.00019999999494757503
2.722400496706995e-05,0.00015999999595806003
2.722800496740091e-05,0.00015999999595806003
2.7232004967731873e-05,0.00015999999595806003
2.7236004968062835e-05,0.00015999999595806003
2.7240004968393796e-05,0.00015999999595806003
2.7244004968724758e-05,0.00015999999595806003
2.724800496905572e-05,0.00015999999595806003
2.725200496938668e-05,0.00015999999595806003
2.7256004969717642e-05,0.00015999999595806003
2.7260004970048604e-05,0.00015999999595806003
2.7264004970379565e-05,0.00015999999595806003
2.7268004970710526e-05,0.00019999999494757503
2.7272004971041488e-05,0.00015999999595806003
2.727600497137245e-05,0.00019999999494757503
2.728000497170341e-05,0.00015999999595806003
2.7284004972034372e-05,0.00015999999595806003
2.7288004972365334e-05,0.00015999999595806003
2.7292004972696295e-05,0.00015999999595806003
2.7296004973027257e-05,0.00015999999595806003
2.730000497335822e-05,0.00019999999494757503
2.730400497368918e-05,0.00015999999595806003
2.730800497402014e-05,0.00019999999494757503
2.7312004974351103e-05,0.00015999999595806003
2.7316004974682064e-05,0.00015999999595806003
2.7320004975013026e-05,0.00015999999595806003
2.7324004975343987e-05,0.00015999999595806003
2.732800497567495e-05,0.00015999999595806003
2.733200497600591e-05,0.00015999999595806003
2.7336004976336872e-05,0.00011999999696854502
2.7340004976667833e-05,0.00015999999595806003
2.7344004976998795e-05,0.00015999999595806003
2.7348004977329756e-05,0.00019999999494757503
2.7352004977660718e-05,0.00015999999595806003
2.735600497799168e-05,0.00019999999494757503
2.736000497832264e-05,0.00015999999595806003
2.7364004978653602e-05,0.00015999999595806003
2.7368004978984564e-05,0.00015999999595806003
2.7372004979315525e-05,0.00015999999595806003
2.7376004979646487e-05,0.00011999999696854502
2.7380004979977448e-05,0.00015999999595806003
2.738400498030841e-05,0.00015999999595806003
2.738800498063937e-05,0.00019999999494757503
2.7392004980970332e-05,0.00015999999595806003
2.7396004981301294e-05,0.00015999999595806003
2.7400004981632255e-05,0.00015999999595806003
2.7404004981963217e-05,0.00019999999494757503
2.740800498229418e-05,0.00015999999595806003
2.741200498262514e-05,0.00015999999595806003
2.74160049829561e-05,0.00015999999595806003
2.7420004983287063e-05,0.00015999999595806003
2.7424004983618024e-05,0.00015999999595806003
2.7428004983948986e-05,0.00015999999595806003
2.7432004984279947e-05,0.00015999999595806003
2.743600498461091e-05,0.00015999999595806003
2.744000498494187e-05,0.00015999999595806003
2.7444004985272832e-05,0.00015999999595806003
2.7448004985603793e-05,0.00015999999595806003
2.7452004985934755e-05,0.00015999999595806003
2.7456004986265716e-05,0.00015999999595806003
2.7460004986596678e-05,0.00015999999595806003
2.746400498692764e-05,0.00011999999696854502
2.74680049872586e-05,0.00019999999494757503
2.7472004987589562e-05,0.00015999999595806003
2.7476004987920524e-05,0.00015999999595806003
2.7480004988251485e-05,0.00015999999595806003
2.7484004988582447e-05,0.00019999999494757503
2.7488004988913408e-05,0.00015999999595806003
2.749200498924437e-05,0.00015999999595806003
2.749600498957533e-05,0.00015999999595806003
2.7500004989906293e-05,0.00015999999595806003
2.7504004990237254e-05,0.00011999999696854502
2.7508004990568216e-05,0.00015999999595806003
2.7512004990899177e-05,0.00015999999595806003
2.751600499123014e-05,0.00015999999595806003
2.75200049915611e-05,0.00015999999595806003
2.752400499189206e-05,0.00019999999494757503
2.7528004992223023e-05,0.00015999999595806003
2.7532004992553984e-05,0.00019999999494757503
2.7536004992884946e-05,0.00015999999595806003
2.7540004993215907e-05,0.00015999999595806003
2.754400499354687e-05,0.00015999999595806003
2.754800499387783e-05,0.00015999999595806003
2.7552004994208792e-05,0.00015999999595806003
2.7556004994539753e-05,0.00015999999595806003
2.7560004994870715e-05,0.00015999999595806003
2.7564004995201676e-05,0.00015999999595806003
2.7568004995532638e-05,0.00015999999595806003
2.75720049958636e-05,0.00015999999595806003
2.757600499619456e-05,0.00015999999595806003
2.7580004996525522e-05,0.00015999999595806003
2.7584004996856484e-05,0.00015999999595806003
2.7588004997187445e-05,0.00015999999595806003
2.7592004997518407e-05,0.00015999999595806003
2.7596004997849368e-05,0.00015999999595806003
2.760000499818033e-05,0.00015999999595806003
2.760400499851129e-05,0.00019999999494757503
2.7608004998842253e-05,0.00015999999595806003
2.7612004999173214e-05,0.00015999999595806003
2.7616004999504176e-05,0.00015999999595806003
2.7620004999835137e-05,0.00015999999595806003
2.76240050001661e-05,0.00015999999595806003
2.762800500049706e-05,0.00015999999595806003
2.763200500082802e-05,0.00015999999595806003
2.7636005001158983e-05,0.00015999999595806003
2.7640005001489944e-05,0.00015999999595806003
2.7644005001820906e-05,0.00015999999595806003
2.7648005002151867e-05,0.00011999999696854502
2.765200500248283e-05,0.00015999999595806003
2.765600500281379e-05,0.00011999999696854502
2.7660005003144752e-05,0.00015999999595806003
2.7664005003475713e-05,0.00015999999595806003
2.7668005003806675e-05,0.00015999999595806003
2.7672005004137636e-05,0.00015999999595806003
2.7676005004468598e-05,0.00015999999595806003
2.768000500479956e-05,0.00015999999595806003
2.768400500513052e-05,0.00015999999595806003
2.7688005005461482e-05,0.00015999999595806003
2.7692005005792444e-05,0.00019999999494757503
2.7696005006123405e-05,0.00015999999595806003
2.7700005006454367e-05,0.00015999999595806003
2.7704005006785328e-05,0.00015999999595806003
2.770800500711629e-05,0.00015999999595806003
2.771200500744725e-05,0.00015999999595806003
2.7716005007778213e-05,0.00015999999595806003
2.7720005008109174e-05,0.00015999999595806003
2.7724005008440136e-05,0.00015999999595806003
2.7728005008771097e-05,0.00015999999595806003
2.773200500910206e-05,0.00015999999595806003
2.773600500943302e-05,0.00015999999595806003
2.774000500976398e-05,0.00015999999595806003
2.7744005010094943e-05,0.00015999999595806003
2.7748005010425905e-05,0.00019999999494757503
2.7752005010756866e-05,0.00015999999595806003
2.7756005011087828e-05,0.00015999999595806003
2.776000501141879e-05,0.00015999999595806003
2.776400501174975e-05,0.00019999999494757503
2.7768005012080712e-05,0.00015999999595806003
2.7772005012411673e-05,0.00015999999595806003
2.7776005012742635e-05,0.00015999999595806003
2.7780005013073596e-05,0.00015999999595806003
2.7784005013404558e-05,0.00011999999696854502
2.778800501373552e-05,0.00015999999595806003
2.779200501406648e-05,0.00015999999595806003
2.7796005014397442e-05,0.00015999999595806003
2.7800005014728404e-05,0.00015999999595806003
2.7804005015059365e-05,0.00019999999494757503
2.7808005015390327e-05,0.00015999999595806003
2.781200501572129e-05,0.00015999999595806003
2.781600501605225e-05,0.00015999999595806003
2.782000501638321e-05,0.00015999999595806003
2.7824005016714173e-05,0.00015999999595806003
2.7828005017045134e-05,0.00015999999595806003
2.7832005017376096e-05,0.00015999999595806003
2.7836005017707057e-05,0.00015999999595806003
2.784000501803802e-05,0.00015999999595806003
2.784400501836898e-05,0.00015999999595806003
2.784800501869994e-05,0.00015999999595806003
2.7852005019030903e-05,0.00015999999595806003
2.7856005019361865e-05,0.00011999999696854502
2.7860005019692826e-05,0.00015999999595806003
2.7864005020023788e-05,0.00015999999595806003
2.786800502035475e-05,0.00015999999595806003
2.787200502068571e-05,0.00015999999595806003
2.7876005021016672e-05,0.00015999999595806003
2.7880005021347634e-05,0.00015999999595806003
2.7884005021678595e-05,0.00019999999494757503
2.7888005022009557e-05,0.00015999999595806003
2.7892005022340518e-05,0.00015999999595806003
2.789600502267148e-05,0.00015999999595806003
2.790000502300244e-05,0.00015999999595806003
2.7904005023333402e-05,0.00015999999595806003
2.7908005023664364e-05,0.00015999999595806003
2.7912005023995325e-05,0.00015999999595806003
2.7916005024326287e-05,0.00015999999595806003
2.792000502465725e-05,0.00015999999595806003
2.792400502498821e-05,0.00015999999595806003
2.792800502531917e-05,0.00015999999595806003
2.7932005025650133e-05,0.00015999999595806003
2.7936005025981094e-05,0.00015999999595806003
2.7940005026312056e-05,0.00015999999595806003
2.7944005026643017e-05,0.00015999999595806003
2.794800502697398e-05,0.00015999999595806003
2.795200502730494e-05,0.00011999999696854502
2.7956005027635902e-05,0.00015999999595806003
2.7960005027966863e-05,0.00015999999595806003
2.7964005028297825e-05,0.00015999999595806003
2.7968005028628786e-05,0.00015999999595806003
2.7972005028959748e-05,0.00015999999595806003
2.797600502929071e-05,0.00015999999595806003
2.798000502962167e-05,0.00015999999595806003
2.7984005029952632e-05,0.00015999999595806003
2.7988005030283594e-05,0.00015999999595806003
2.7992005030614555e-05,0.00015999999595806003
2.7996005030945517e-05,0.00015999999595806003
2.8000005031276478e-05,0.00015999999595806003
2.800400503160744e-05,0.00015999999595806003
2.80080050319384e-05,0.00015999999595806003
2.8012005032269363e-05,0.00015999999595806003
2.8016005032600324e-05,0.00015999999595806003
2.8020005032931285e-05,0.00015999999595806003
2.8024005033262247e-05,0.00011999999696854502
2.802800503359321e-05,0.00015999999595806003
2.803200503392417e-05,0.00011999999696854502
2.803600503425513e-05,0.00015999999595806003
2.8040005034586093e-05,0.00015999999595806003
2.8044005034917054e-05,0.00015999999595806003
2.8048005035248016e-05,0.00015999999595806003
2.8052005035578977e-05,0.00019999999494757503
2.805600503590994e-05,0.00015999999595806003
2.80600050362409e-05,0.00019999999494757503
2.8064005036571862e-05,0.00015999999595806003
2.8068005036902823e-05,0.00015999999595806003
2.8072005037233785e-05,0.00015999999595806003
2.8076005037564746e-05,0.00015999999595806003
2.8080005037895708e-05,0.00015999999595806003
2.808400503822667e-05,0.00015999999595806003
2.808800503855763e-05,0.00015999999595806003
2.8092005038888592e-05,0.00019999999494757503
2.8096005039219554e-05,0.00015999999595806003
2.8100005039550515e-05,0.00015999999595806003
2.8104005039881477e-05,0.00015999999595806003
2.8108005040212438e-05,0.00015999999595806003
2.81120050405434e-05,0.00015999999595806003
2.811600504087436e-05,0.00015999999595806003
2.8120005041205323e-05,0.00015999999595806003
2.8124005041536284e-05,0.00015999999595806003
2.8128005041867246e-05,0.00015999999595806003
2.8132005042198207e-05,0.00019999999494757503
2.813600504252917e-05,0.00015999999595806003
2.814000504286013e-05,0.00015999999595806003
2.814400504319109e-05,0.00015999999595806003
2.8148005043522053e-05,0.00015999999595806003
2.8152005043853014e-05,0.00011999999696854502
2.8156005044183976e-05,0.00015999999595806003
2.8160005044514937e-05,0.00015999999595806003
2.81640050448459e-05,0.00015999999595806003
2.816800504517686e-05,0.00015999999595806003
2.8172005045507822e-05,0.00015999999595806003
2.8176005045838783e-05,0.00015999999595806003
2.8180005046169745e-05,0.00015999999595806003
2.8184005046500706e-05,0.00015999999595806003
2.8188005046831668e-05,0.00015999999595806003
2.819200504716263e-05,0.00015999999595806003
2.819600504749359e-05,0.00015999999595806003
2.8200005047824552e-05,0.00015999999595806003
2.8204005048155514e-05,0.00015999999595806003
2.8208005048486475e-05,0.00015999999595806003
2.8212005048817437e-05,0.00019999999494757503
2.8216005049148398e-05,0.00015999999595806003
2.822000504947936e-05,0.00015999999595806003
2.822400504981032e-05,0.00015999999595806003
2.8228005050141283e-05,0.00015999999595806003
2.8232005050472244e-05,0.00015999999595806003
2.8236005050803206e-05,0.00015999999595806003
2.8240005051134167e-05,0.00015999999595806003
2.824400505146513e-05,0.00015999999595806003
2.824800505179609e-05,0.00015999999595806003
2.825200505212705e-05,0.00019999999494757503
2.8256005052458013e-05,0.00015999999595806003
2.8260005052788975e-05,0.00015999999595806003
2.8264005053119936e-05,0.00015999999595806003
2.8268005053450897e-05,0.00015999999595806003
2.827200505378186e-05,0.00015999999595806003
2.827600505411282e-05,0.00015999999595806003
2.8280005054443782e-05,0.00015999999595806003
2.8284005054774743e-05,0.00015999999595806003
2.8288005055105705e-05,0.00015999999595806003
2.8292005055436666e-05,0.00019999999494757503
2.8296005055767628e-05,0.00015999999595806003
2.830000505609859e-05,0.00019999999494757503
2.830400505642955e-05,0.00015999999595806003
2.8308005056760512e-05,0.00015999999595806003
2.8312005057091474e-05,0.00015999999595806003
2.8316005057422435e-05,0.00015999999595806003
2.8320005057753397e-05,0.00015999999595806003
2.8324005058084358e-05,0.00015999999595806003
2.832800505841532e-05,0.00015999999595806003
2.833200505874628e-05,0.00015999999595806003
2.8336005059077243e-05,0.00015999999595806003
2.8340005059408204e-05,0.00015999999595806003
2.8344005059739166e-05,0.00015999999595806003
2.8348005060070127e-05,0.00015999999595806003
2.835200506040109e-05,0.00015999999595806003
2.835600506073205e-05,0.00015999999595806003
2.836000506106301e-05,0.00015999999595806003
2.8364005061393973e-05,0.00019999999494757503
2.8368005061724935e-05,0.00015999999595806003
2.8372005062055896e-05,0.00015999999595806003
2.8376005062386858e-05,0.00015999999595806003
2.838000506271782e-05,0.00019999999494757503
2.838400506304878e-05,0.00015999999595806003
2.8388005063379742e-05,0.00015999999595806003
2.8392005063710703e-05,0.00011999999696854502
2.8396005064041665e-05,0.00015999999595806003
2.8400005064372626e-05,0.00015999999595806003
2.8404005064703588e-05,0.00015999999595806003
2.840800506503455e-05,0.00015999999595806003
2.841200506536551e-05,0.00015999999595806003
2.8416005065696472e-05,0.00015999999595806003
2.8420005066027434e-05,0.00015999999595806003
2.8424005066358395e-05,0.00015999999595806003
2.8428005066689357e-05,0.00019999999494757503
2.843200506702032e-05,0.00015999999595806003
2.843600506735128e-05,0.00015999999595806003
2.844000506768224e-05,0.00015999999595806003
2.8444005068013203e-05,0.00015999999595806003
2.8448005068344164e-05,0.00015999999595806003
2.8452005068675126e-05,0.00015999999595806003
2.8456005069006087e-05,0.00015999999595806003
2.846000506933705e-05,0.00015999999595806003
2.846400506966801e-05,0.00011999999696854502
2.846800506999897e-05,0.00015999999595806003
2.8472005070329933e-05,0.00015999999595806003
2.8476005070660895e-05,0.00015999999595806003
2.8480005070991856e-05,0.00015999999595806003
2.8484005071322818e-05,0.00015999999595806003
2.848800507165378e-05,0.00015999999595806003
2.849200507198474e-05,0.00015999999595806003
2.8496005072315702e-05,0.00015999999595806003
2.8500005072646664e-05,0.00019999999494757503
2.8504005072977625e-05,0.00015999999595806003
2.8508005073308587e-05,0.00015999999595806003
2.8512005073639548e-05,0.00015999999595806003
2.851600507397051e-05,0.00015999999595806003
2.852000507430147e-05,0.00011999999696854502
2.8524005074632432e-05,0.00015999999595806003
2.8528005074963394e-05,0.00015999999595806003
2.8532005075294355e-05,0.00015999999595806003
2.8536005075625317e-05,0.00015999999595806003
2.854000507595628e-05,0.00015999999595806003
2.854400507628724e-05,0.00015999999595806003
2.85480050766182e-05,0.00015999999595806003
2.8552005076949163e-05,0.00015999999595806003
2.8556005077280124e-05,0.00015999999595806003
2.8560005077611086e-05,0.00015999999595806003
2.8564005077942047e-05,0.00019999999494757503
2.856800507827301e-05,0.00015999999595806003
2.857200507860397e-05,0.00015999999595806003
2.8576005078934932e-05,0.00015999999595806003
2.8580005079265893e-05,0.00015999999595806003
2.8584005079596855e-05,0.00011999999696854502
2.8588005079927816e-05,0.00015999999595806003
2.8592005080258778e-05,0.00011999999696854502
2.859600508058974e-05,0.00015999999595806003
2.86000050809207e-05,0.00011999999696854502
2.8604005081251662e-05,0.00015999999595806003
2.8608005081582624e-05,0.00015999999595806003
2.8612005081913585e-05,0.00019999999494757503
2.8616005082244547e-05,0.00015999999595806003
2.8620005082575508e-05,0.00019999999494757503
2.862400508290647e-05,0.00015999999595806003
2.862800508323743e-05,0.00015999999595806003
2.8632005083568393e-05,0.00011999999696854502
2.8636005083899354e-05,0.00015999999595806003
2.8640005084230315e-05,0.00015999999595806003
2.8644005084561277e-05,0.00015999999595806003
2.864800508489224e-05,0.00015999999595806003
2.86520050852232e-05,0.00015999999595806003
2.865600508555416e-05,0.00015999999595806003
2.8660005085885123e-05,0.00015999999595806003
2.8664005086216084e-05,0.00015999999595806003
2.8668005086547046e-05,0.00015999999595806003
2.8672005086878007e-05,0.00015999999595806003
2.867600508720897e-05,0.00015999999595806003
2.868000508753993e-05,0.00015999999595806003
2.8684005087870892e-05,0.00015999999595806003
2.8688005088201853e-05,0.00015999999595806003
2.8692005088532815e-05,0.00015999999595806003
2.8696005088863776e-05,0.00015999999595806003
2.8700005089194738e-05,0.00015999999595806003
2.87040050895257e-05,0.00015999999595806003
2.870800508985666e-05,0.00015999999595806003
2.8712005090187622e-05,0.00011999999696854502
2.8716005090518584e-05,0.00015999999595806003
2.8720005090849545e-05,0.00015999999595806003
2.8724005091180507e-05,0.00015999999595806003
2.8728005091511468e-05,0.00015999999595806003
2.873200509184243e-05,0.00015999999595806003
2.873600509217339e-05,0.00015999999595806003
2.8740005092504353e-05,0.00015999999595806003
2.8744005092835314e-05,0.00015999999595806003
2.8748005093166276e-05,0.00015999999595806003
2.8752005093497237e-05,0.00015999999595806003
2.87560050938282e-05,0.00015999999595806003
2.876000509415916e-05,0.00015999999595806003
2.876400509449012e-05,0.00015999999595806003
2.8768005094821083e-05,0.00015999999595806003
2.8772005095152044e-05,0.00019999999494757503
2.8776005095483006e-05,0.00015999999595806003
2.8780005095813967e-05,0.00015999999595806003
2.878400509614493e-05,0.00015999999595806003
2.878800509647589e-05,0.00015999999595806003
2.8792005096806852e-05,0.00015999999595806003
2.8796005097137813e-05,0.00015999999595806003
2.8800005097468775e-05,0.00015999999595806003
2.8804005097799736e-05,0.00015999999595806003
2.8808005098130698e-05,0.00015999999595806003
2.881200509846166e-05,0.00015999999595806003
2.881600509879262e-05,0.00015999999595806003
2.8820005099123582e-05,0.00019999999494757503
2.8824005099454544e-05,0.00015999999595806003
2.8828005099785505e-05,0.00015999999595806003
2.8832005100116467e-05,0.00015999999595806003
2.8836005100447428e-05,0.00015999999595806003
2.884000510077839e-05,0.00015999999595806003
2.884400510110935e-05,0.00015999999595806003
2.8848005101440313e-05,0.00015999999595806003
2.8852005101771274e-05,0.00015999999595806003
2.8856005102102236e-05,0.00015999999595806003
2.8860005102433197e-05,0.00015999999595806003
2.886400510276416e-05,0.00015999999595806003
2.886800510309512e-05,0.00015999999595806003
2.887200510342608e-05,0.00015999999595806003
2.8876005103757043e-05,0.00015999999595806003
2.8880005104088005e-05,0.00015999999595806003
2.8884005104418966e-05,0.00015999999595806003
2.8888005104749928e-05,0.00015999999595806003
2.889200510508089e-05,0.00019999999494757503
2.889600510541185e-05,0.00015999999595806003
2.8900005105742812e-05,0.00019999999494757503
2.8904005106073773e-05,0.00015999999595806003
2.8908005106404735e-05,0.00015999999595806003
2.8912005106735696e-05,0.00015999999595806003
2.8916005107066658e-05,0.00015999999595806003
2.892000510739762e-05,0.00015999999595806003
2.892400510772858e-05,0.00015999999595806003
2.8928005108059542e-05,0.00015999999595806003
2.8932005108390504e-05,0.00019999999494757503
2.8936005108721465e-05,0.00015999999595806003
2.8940005109052427e-05,0.00015999999595806003
2.8944005109383388e-05,0.00015999999595806003
2.894800510971435e-05,0.00015999999595806003
2.895200511004531e-05,0.00015999999595806003
2.8956005110376273e-05,0.00015999999595806003
2.8960005110707234e-05,0.00015999999595806003
2.8964005111038196e-05,0.00015999999595806003
2.8968005111369157e-05,0.00015999999595806003
2.897200511170012e-05,0.00015999999595806003
2.897600511203108e-05,0.00015999999595806003
2.898000511236204e-05,0.00015999999595806003
2.8984005112693003e-05,0.00015999999595806003
2.8988005113023965e-05,0.00015999999595806003
2.8992005113354926e-05,0.00015999999595806003
2.8996005113685888e-05,0.00015999999595806003
2.900000511401685e-05,0.00015999999595806003
2.900400511434781e-05,0.00015999999595806003
2.9008005114678772e-05,0.00015999999595806003
2.9012005115009734e-05,0.00019999999494757503
2.9016005115340695e-05,0.00015999999595806003
2.9020005115671656e-05,0.00019999999494757503
2.9024005116002618e-05,0.00015999999595806003
2.902800511633358e-05,0.00019999999494757503
2.903200511666454e-05,0.00015999999595806003
2.9036005116995502e-05,0.00015999999595806003
2.9040005117326464e-05,0.00011999999696854502
2.9044005117657425e-05,0.00015999999595806003
2.9048005117988387e-05,0.00011999999696854502
2.905200511831935e-05,0.00015999999595806003
2.905600511865031e-05,0.00015999999595806003
2.906000511898127e-05,0.00015999999595806003
2.9064005119312233e-05,0.00011999999696854502
2.9068005119643194e-05,0.00015999999595806003
2.9072005119974156e-05,0.00015999999595806003
2.9076005120305117e-05,0.00015999999595806003
2.908000512063608e-05,0.00015999999595806003
2.908400512096704e-05,0.00019999999494757503
2.9088005121298002e-05,0.00015999999595806003
2.9092005121628963e-05,0.00015999999595806003
2.9096005121959925e-05,0.00015999999595806003
2.9100005122290886e-05,0.00019999999494757503
2.9104005122621848e-05,0.00015999999595806003
2.910800512295281e-05,0.00015999999595806003
2.911200512328377e-05,0.00011999999696854502
2.9116005123614732e-05,0.00015999999595806003
2.9120005123945694e-05,0.00011999999696854502
2.9124005124276655e-05,0.00011999999696854502
2.9128005124607617e-05,0.00011999999696854502
2.9132005124938578e-05,0.00015999999595806003
2.913600512526954e-05,0.00015999999595806003
2.91400051256005e-05,0.00019999999494757503
2.9144005125931462e-05,0.00015999999595806003
2.9148005126262424e-05,0.00019999999494757503
2.9152005126593385e-05,0.00015999999595806003
2.9156005126924347e-05,0.00015999999595806003
2.916000512725531e-05,0.00015999999595806003
2.916400512758627e-05,0.00015999999595806003
2.916800512791723e-05,0.00015999999595806003
2.9172005128248193e-05,0.00015999999595806003
2.9176005128579154e-05,0.00011999999696854502
2.9180005128910116e-05,0.00015999999595806003
2.9184005129241077e-05,0.00011999999696854502
2.918800512957204e-05,0.00015999999595806003
2.9192005129903e-05,0.00015999999595806003
2.9196005130233962e-05,0.00015999999595806003
2.9200005130564923e-05,0.00015999999595806003
2.9204005130895885e-05,0.00015999999595806003
2.9208005131226846e-05,0.00015999999595806003
2.9212005131557808e-05,0.00015999999595806003
2.921600513188877e-05,0.00015999999595806003
2.922000513221973e-05,0.00015999999595806003
2.9224005132550692e-05,0.00015999999595806003
2.9228005132881654e-05,0.00015999999595806003
2.9232005133212615e-05,0.00015999999595806003
2.9236005133543577e-05,0.00015999999595806003
2.9240005133874538e-05,0.00015999999595806003
2.92440051342055e-05,0.00015999999595806003
2.924800513453646e-05,0.00011999999696854502
2.9252005134867423e-05,0.00015999999595806003
2.9256005135198384e-05,0.00015999999595806003
2.9260005135529346e-05,0.00015999999595806003
2.9264005135860307e-05,0.00015999999595806003
2.926800513619127e-05,0.00019999999494757503
2.927200513652223e-05,0.00015999999595806003
2.927600513685319e-05,0.00015999999595806003
2.9280005137184153e-05,0.00015999999595806003
2.9284005137515114e-05,0.00015999999595806003
2.9288005137846076e-05,0.00015999999595806003
2.9292005138177037e-05,0.00015999999595806003
2.9296005138508e-05,0.00015999999595806003
2.930000513883896e-05,0.00015999999595806003
2.9304005139169922e-05,0.00015999999595806003
2.9308005139500883e-05,0.00015999999595806003
2.9312005139831845e-05,0.00015999999595806003
2.9316005140162806e-05,0.00015999999595806003
2.9320005140493768e-05,0.00011999999696854502
2.932400514082473e-05,0.00015999999595806003
2.932800514115569e-05,0.00015999999595806003
2.9332005141486652e-05,0.00015999999595806003
2.9336005141817614e-05,0.00015999999595806003
2.9340005142148575e-05,0.00015999999595806003
2.9344005142479537e-05,0.00015999999595806003
2.9348005142810498e-05,0.00015999999595806003
2.935200514314146e-05,0.00015999999595806003
2.935600514347242e-05,0.00015999999595806003
2.9360005143803383e-05,0.00015999999595806003
2.9364005144134344e-05,0.00015999999595806003
2.9368005144465306e-05,0.00015999999595806003
2.9372005144796267e-05,0.00015999999595806003
2.937600514512723e-05,0.00015999999595806003
2.938000514545819e-05,0.00015999999595806003
2.938400514578915e-05,0.00015999999595806003
2.9388005146120113e-05,0.00019999999494757503
2.9392005146451074e-05,0.00015999999595806003
2.9396005146782036e-05,0.00019999999494757503
2.9400005147112997e-05,0.00015999999595806003
2.940400514744396e-05,0.00015999999595806003
2.940800514777492e-05,0.00015999999595806003
2.9412005148105882e-05,0.00015999999595806003
2.9416005148436843e-05,0.00015999999595806003
2.9420005148767805e-05,0.00015999999595806003
2.9424005149098766e-05,0.00015999999595806003
2.9428005149429728e-05,0.00015999999595806003
2.943200514976069e-05,0.00015999999595806003
2.943600515009165e-05,0.00015999999595806003
2.9440005150422612e-05,0.00015999999595806003
2.9444005150753574e-05,0.00015999999595806003
2.9448005151084535e-05,0.00015999999595806003
2.9452005151415497e-05,0.00015999999595806003
2.9456005151746458e-05,0.00015999999595806003
2.946000515207742e-05,0.00019999999494757503
2.946400515240838e-05,0.00015999999595806003
2.9468005152739343e-05,0.00015999999595806003
2.9472005153070304e-05,0.00015999999595806003
2.9476005153401266e-05,0.00019999999494757503
2.9480005153732227e-05,0.00015999999595806003
2.948400515406319e-05,0.00015999999595806003
2.948800515439415e-05,0.00011999999696854502
2.949200515472511e-05,0.00015999999595806003
2.9496005155056073e-05,0.00015999999595806003
2.9500005155387035e-05,0.00015999999595806003
2.9504005155717996e-05,0.00015999999595806003
2.9508005156048958e-05,0.00015999999595806003
2.951200515637992e-05,0.00015999999595806003
2.951600515671088e-05,0.00019999999494757503
2.9520005157041842e-05,0.00015999999595806003
2.9524005157372803e-05,0.00015999999595806003
2.9528005157703765e-05,0.00015999999595806003
2.9532005158034726e-05,0.00015999999595806003
2.9536005158365688e-05,0.00015999999595806003
2.954000515869665e-05,0.00015999999595806003
2.954400515902761e-05,0.00015999999595806003
2.9548005159358572e-05,0.00019999999494757503
2.9552005159689534e-05,0.00015999999595806003
2.9556005160020495e-05,0.00015999999595806003
2.9560005160351457e-05,0.00015999999595806003
2.9564005160682418e-05,0.00015999999595806003
2.956800516101338e-05,0.00015999999595806003
2.957200516134434e-05,0.00015999999595806003
2.9576005161675303e-05,0.00015999999595806003
2.9580005162006264e-05,0.00015999999595806003
2.9584005162337226e-05,0.00015999999595806003
2.9588005162668187e-05,0.00015999999595806003
2.959200516299915e-05,0.00015999999595806003
2.959600516333011e-05,0.00019999999494757503
2.960000516366107e-05,0.00015999999595806003
2.9604005163992033e-05,0.00015999999595806003
2.9608005164322995e-05,0.00015999999595806003
2.9612005164653956e-05,0.00015999999595806003
2.9616005164984918e-05,0.00015999999595806003
2.962000516531588e-05,0.00015999999595806003
2.962400516564684e-05,0.00015999999595806003
2.9628005165977802e-05,0.00015999999595806003
2.9632005166308764e-05,0.00015999999595806003
2.9636005166639725e-05,0.00019999999494757503
2.9640005166970686e-05,0.00015999999595806003
2.9644005167301648e-05,0.00015999999595806003
2.964800516763261e-05,0.00015999999595806003
2.965200516796357e-05,0.00015999999595806003
2.9656005168294532e-05,0.00015999999595806003
2.9660005168625494e-05,0.00015999999595806003
2.9664005168956455e-05,0.00015999999595806003
2.9668005169287417e-05,0.00015999999595806003
2.967200516961838e-05,0.00015999999595806003
2.967600516994934e-05,0.00015999999595806003
2.96800051702803e-05,0.00015999999595806003
2.9684005170611263e-05,0.00015999999595806003
2.9688005170942224e-05,0.00015999999595806003
2.9692005171273186e-05,0.00015999999595806003
2.9696005171604147e-05,0.00015999999595806003
2.970000517193511e-05,0.00015999999595806003
2.970400517226607e-05,0.00015999999595806003
2.9708005172597032e-05,0.00015999999595806003
2.9712005172927993e-05,0.00011999999696854502
2.9716005173258955e-05,0.00015999999595806003
2.9720005173589916e-05,0.00015999999595806003
2.9724005173920878e-05,0.00015999999595806003
2.972800517425184e-05,0.00015999999595806003
2.97320051745828e-05,0.00015999999595806003
2.9736005174913762e-05,0.00015999999595806003
2.9740005175244724e-05,0.00015999999595806003
2.9744005175575685e-05,0.00015999999595806003
2.9748005175906647e-05,0.00015999999595806003
2.9752005176237608e-05,0.00015999999595806003
2.975600517656857e-05,0.00015999999595806003
2.976000517689953e-05,0.00011999999696854502
2.9764005177230492e-05,0.00015999999595806003
2.9768005177561454e-05,0.00011999999696854502
2.9772005177892415e-05,0.00015999999595806003
2.9776005178223377e-05,0.00015999999595806003
2.978000517855434e-05,0.00015999999595806003
2.97840051788853e-05,0.00015999999595806003
2.978800517921626e-05,0.00019999999494757503
2.9792005179547223e-05,0.00015999999595806003
2.9796005179878184e-05,0.00015999999595806003
2.9800005180209146e-05,0.00015999999595806003
2.9804005180540107e-05,0.00015999999595806003
2.980800518087107e-05,0.00015999999595806003
2.981200518120203e-05,0.00015999999595806003
2.9816005181532992e-05,0.00011999999696854502
2.9820005181863953e-05,0.00015999999595806003
2.9824005182194915e-05,0.00015999999595806003
2.9828005182525876e-05,0.00015999999595806003
2.9832005182856838e-05,0.00015999999595806003
2.98360051831878e-05,0.00015999999595806003
2.984000518351876e-05,0.00015999999595806003
2.9844005183849722e-05,0.00015999999595806003
2.9848005184180684e-05,0.00011999999696854502
2.9852005184511645e-05,0.00015999999595806003
2.9856005184842607e-05,0.00011999999696854502
2.9860005185173568e-05,0.00015999999595806003
2.986400518550453e-05,0.00015999999595806003
2.986800518583549e-05,0.00019999999494757503
2.9872005186166453e-05,0.00015999999595806003
2.9876005186497414e-05,0.00019999999494757503
2.9880005186828376e-05,0.00015999999595806003
2.9884005187159337e-05,0.00015999999595806003
2.98880051874903e-05,0.00015999999595806003
2.989200518782126e-05,0.00015999999595806003
2.989600518815222e-05,0.00015999999595806003
2.9900005188483183e-05,0.00015999999595806003
2.9904005188814144e-05,0.00011999999696854502
2.9908005189145106e-05,0.00015999999595806003
2.9912005189476067e-05,0.00015999999595806003
2.991600518980703e-05,0.00015999999595806003
2.992000519013799e-05,0.00015999999595806003
2.9924005190468952e-05,0.00015999999595806003
2.9928005190799913e-05,0.00015999999595806003
2.9932005191130875e-05,0.00015999999595806003
2.9936005191461836e-05,0.00015999999595806003
2.9940005191792798e-05,0.00015999999595806003
2.994400519212376e-05,0.00015999999595806003
2.994800519245472e-05,0.00015999999595806003
2.9952005192785682e-05,0.00015999999595806003
2.9956005193116644e-05,0.00015999999595806003
2.9960005193447605e-05,0.00015999999595806003
2.9964005193778567e-05,0.00015999999595806003
2.9968005194109528e-05,0.00015999999595806003
2.997200519444049e-05,0.00015999999595806003
2.997600519477145e-05,0.00011999999696854502
2.9980005195102413e-05,0.00015999999595806003
2.9984005195433374e-05,0.00011999999696854502
2.9988005195764336e-05,0.00015999999595806003
2.9992005196095297e-05,0.00015999999595806003
2.999600519642626e-05,0.00015999999595806003
3.000000519675722e-05,0.00015999999595806003
3.000400519708818e-05,0.00015999999595806003
3.0008005197419143e-05,0.00015999999595806003
3.0012005197750105e-05,0.00015999999595806003
3.0016005198081066e-05,0.00015999999595806003
3.0020005198412027e-05,0.00015999999595806003
3.002400519874299e-05,0.00011999999696854502
3.002800519907395e-05,0.00015999999595806003
3.0032005199404912e-05,0.00011999999696854502
3.0036005199735873e-05,0.00015999999595806003
3.0040005200066835e-05,0.00015999999595806003
3.0044005200397796e-05,0.00015999999595806003
3.0048005200728758e-05,0.00015999999595806003
3.005200520105972e-05,0.00015999999595806003
3.005600520139068e-05,0.00015999999595806003
3.0060005201721642e-05,0.00015999999595806003
3.0064005202052604e-05,0.00015999999595806003
3.0068005202383565e-05,0.00015999999595806003
3.0072005202714527e-05,0.00015999999595806003
3.0076005203045488e-05,0.00015999999595806003
3.008000520337645e-05,0.00015999999595806003
3.008400520370741e-05,0.00015999999595806003
3.0088005204038373e-05,0.00015999999595806003
3.0092005204369334e-05,0.00011999999696854502
3.0096005204700296e-05,0.00015999999595806003
3.0100005205031257e-05,0.00015999999595806003
3.010400520536222e-05,0.00015999999595806003
3.010800520569318e-05,0.00015999999595806003
3.011200520602414e-05,0.00015999999595806003
3.0116005206355103e-05,0.00015999999595806003
3.0120005206686065e-05,0.00015999999595806003
3.0124005207017026e-05,0.00015999999595806003
3.0128005207347988e-05,0.00015999999595806003
3.013200520767895e-05,0.00015999999595806003
3.013600520800991e-05,0.00015999999595806003
3.0140005208340872e-05,0.00015999999595806003
3.0144005208671833e-05,0.00015999999595806003
3.0148005209002795e-05,0.00015999999595806003
3.0152005209333756e-05,0.00015999999595806003
3.0156005209664718e-05,0.00015999999595806003
3.016000520999568e-05,0.00015999999595806003
3.016400521032664e-05,0.00019999999494757503
3.0168005210657602e-05,0.00015999999595806003
3.0172005210988564e-05,0.00015999999595806003
3.0176005211319525e-05,0.00015999999595806003
3.0180005211650487e-05,0.00015999999595806003
3.018400521198145e-05,0.00015999999595806003
3.018800521231241e-05,0.00015999999595806003
3.019200521264337e-05,0.00015999999595806003
3.0196005212974333e-05,0.00015999999595806003
3.0200005213305294e-05,0.00015999999595806003
3.0204005213636256e-05,0.00015999999595806003
3.0208005213967217e-05,0.00011999999696854502
3.021200521429818e-05,0.00015999999595806003
3.021600521462914e-05,0.00015999999595806003
3.02200052149601e-05,0.00015999999595806003
3.0224005215291063e-05,0.00015999999595806003
3.0228005215622025e-05,0.00015999999595806003
3.0232005215952986e-05,0.00015999999595806003
3.0236005216283948e-05,0.00015999999595806003
3.024000521661491e-05,0.00015999999595806003
3.024400521694587e-05,0.00019999999494757503
3.0248005217276832e-05,0.00015999999595806003
3.0252005217607794e-05,0.00015999999595806003
3.0256005217938755e-05,0.00015999999595806003
3.0260005218269717e-05,0.00015999999595806003
3.0264005218600678e-05,0.00015999999595806003
3.026800521893164e-05,0.00015999999595806003
3.02720052192626e-05,0.00015999999595806003
3.0276005219593562e-05,0.00015999999595806003
3.0280005219924524e-05,0.00015999999595806003
3.0284005220255485e-05,0.00015999999595806003
3.0288005220586447e-05,0.00015999999595806003
3.029200522091741e-05,0.00015999999595806003
3.029600522124837e-05,0.00015999999595806003
3.030000522157933e-05,0.00015999999595806003
3.0304005221910293e-05,0.00015999999595806003
3.0308005222241254e-05,0.00015999999595806003
3.0312005222572216e-05,0.00015999999595806003
3.0316005222903177e-05,0.00015999999595806003
3.032000522323414e-05,0.00015999999595806003
3.03240052235651e-05,0.00015999999595806003
3.0328005223896062e-05,0.00015999999595806003
3.0332005224227023e-05,0.00019999999494757503
3.0336005224557985e-05,0.00015999999595806003
3.0340005224888946e-05,0.00015999999595806003
3.0344005225219908e-05,0.00015999999595806003
3.034800522555087e-05,0.00015999999595806003
3.035200522588183e-05,0.00015999999595806003
3.0356005226212792e-05,0.00015999999595806003
3.0360005226543754e-05,0.00015999999595806003
3.0364005226874715e-05,0.00019999999494757503
3.0368005227205677e-05,0.00015999999595806003
3.0372005227536638e-05,0.00015999999595806003
3.03760052278676e-05,0.00015999999595806003
3.038000522819856e-05,0.00015999999595806003
3.0384005228529523e-05,0.00015999999595806003
3.0388005228860484e-05,0.00015999999595806003
3.0392005229191445e-05,0.00015999999595806003
3.0396005229522407e-05,0.00015999999595806003
3.040000522985337e-05,0.00011999999696854502
3.040400523018433e-05,0.00015999999595806003
3.040800523051529e-05,0.00015999999595806003
3.0412005230846253e-05,0.00015999999595806003
3.0416005231177214e-05,0.00015999999595806003
3.0420005231508176e-05,0.00015999999595806003
3.0424005231839137e-05,0.00011999999696854502
3.04280052321701e-05,0.00015999999595806003
3.043200523250106e-05,0.00015999999595806003
3.0436005232832022e-05,0.00015999999595806003
3.0440005233162983e-05,0.00015999999595806003
3.0444005233493945e-05,0.00015999999595806003
3.0448005233824906e-05,0.00015999999595806003
3.0452005234155868e-05,0.00015999999595806003
3.045600523448683e-05,0.00015999999595806003
3.046000523481779e-05,0.00015999999595806003
3.0464005235148752e-05,0.00015999999595806003
3.0468005235479714e-05,0.00015999999595806003
3.0472005235810675e-05,0.00015999999595806003
3.0476005236141637e-05,0.00015999999595806003
3.0480005236472598e-05,0.00015999999595806003
3.048400523680356e-05,0.00019999999494757503
3.048800523713452e-05,0.00015999999595806003
3.0492005237465483e-05,0.00015999999595806003
3.0496005237796444e-05,0.00011999999696854502
3.0500005238127406e-05,0.00015999999595806003
3.0504005238458367e-05,0.00015999999595806003
3.050800523878933e-05,0.00015999999595806003
3.051200523912029e-05,0.00015999999595806003
3.051600523945125e-05,0.00015999999595806003
3.052000523978221e-05,0.00015999999595806003
3.0524005240113174e-05,0.00019999999494757503
3.0528005240444136e-05,0.00015999999595806003
3.05320052407751e-05,0.00019999999494757503
3.053600524110606e-05,0.00015999999595806003
3.054000524143702e-05,0.00015999999595806003
3.054400524176798e-05,0.00011999999696854502
3.054800524209894e-05,0.00015999999595806003
3.0552005242429905e-05,0.00015999999595806003
3.0556005242760866e-05,0.00015999999595806003
3.056000524309183e-05,0.00015999999595806003
3.056400524342279e-05,0.00019999999494757503
3.056800524375375e-05,0.00015999999595806003
3.057200524408471e-05,0.00019999999494757503
3.0576005244415674e-05,0.00015999999595806003
3.0580005244746635e-05,0.00015999999595806003
3.05840052450776e-05,0.00015999999595806003
3.058800524540856e-05,0.00015999999595806003
3.059200524573952e-05,0.00011999999696854502
3.059600524607048e-05,0.00015999999595806003
3.060000524640144e-05,0.00011999999696854502
3.0604005246732404e-05,0.00015999999595806003
3.0608005247063366e-05,0.00015999999595806003
3.061200524739433e-05,0.00019999999494757503
3.061600524772529e-05,0.00015999999595806003
3.062000524805625e-05,0.00019999999494757503
3.062400524838721e-05,0.00015999999595806003
3.062800524871817e-05,0.00019999999494757503
3.0632005249049135e-05,0.00015999999595806003
3.0636005249380096e-05,0.00015999999595806003
3.064000524971106e-05,0.00015999999595806003
3.064400525004202e-05,0.00015999999595806003
3.064800525037298e-05,0.00015999999595806003
3.065200525070394e-05,0.00015999999595806003
3.0656005251034903e-05,0.00011999999696854502
3.0660005251365865e-05,0.00015999999595806003
3.0664005251696826e-05,0.00011999999696854502
3.066800525202779e-05,0.00015999999595806003
3.067200525235875e-05,0.00011999999696854502
3.067600525268971e-05,0.00015999999595806003
3.068000525302067e-05,0.00015999999595806003
3.0684005253351634e-05,0.00019999999494757503
3.0688005253682595e-05,0.00015999999595806003
3.069200525401356e-05,0.00019999999494757503
3.069600525434452e-05,0.00015999999595806003
3.070000525467548e-05,0.00015999999595806003
3.070400525500644e-05,0.00015999999595806003
3.07080052553374e-05,0.00011999999696854502
3.0712005255668364e-05,0.00011999999696854502
3.0716005255999326e-05,0.00011999999696854502
3.072000525633029e-05,0.00011999999696854502
3.072400525666125e-05,0.00015999999595806003
3.072800525699221e-05,0.00015999999595806003
3.073200525732317e-05,0.00015999999595806003
3.073600525765413e-05,0.00015999999595806003
3.0740005257985095e-05,0.00015999999595806003
3.0744005258316056e-05,0.00015999999595806003
3.074800525864702e-05,0.00019999999494757503
3.075200525897798e-05,0.00015999999595806003
3.075600525930894e-05,0.00015999999595806003
3.07600052596399e-05,0.00015999999595806003
3.0764005259970863e-05,0.00015999999595806003
3.0768005260301825e-05,0.00015999999595806003
3.0772005260632786e-05,0.00015999999595806003
3.077600526096375e-05,0.00011999999696854502
3.078000526129471e-05,0.00011999999696854502
3.078400526162567e-05,0.00011999999696854502
3.078800526195663e-05,0.00011999999696854502
3.0792005262287594e-05,0.00011999999696854502
3.0796005262618555e-05,0.00015999999595806003
3.080000526294952e-05,0.00015999999595806003
3.080400526328048e-05,0.00019999999494757503
3.080800526361144e-05,0.00019999999494757503
3.08120052639424e-05,0.00019999999494757503
3.081600526427336e-05,0.00015999999595806003
3.0820005264604324e-05,0.00019999999494757503
3.0824005264935286e-05,0.00011999999696854502
3.082800526526625e-05,0.00015999999595806003
3.083200526559721e-05,0.00011999999696854502
3.083600526592817e-05,0.00011999999696854502
3.084000526625913e-05,0.00011999999696854502
3.084400526659009e-05,0.00015999999595806003
3.0848005266921055e-05,0.00015999999595806003
3.0852005267252016e-05,0.00015999999595806003
3.085600526758298e-05,0.00015999999595806003
3.086000526791394e-05,0.00019999999494757503
3.08640052682449e-05,0.00015999999595806003
3.086800526857586e-05,0.00015999999595806003
3.0872005268906824e-05,0.00015999999595806003
3.0876005269237785e-05,0.00015999999595806003
3.0880005269568747e-05,0.00011999999696854502
3.088400526989971e-05,0.00015999999595806003
3.088800527023067e-05,0.00015999999595806003
3.089200527056163e-05,0.00015999999595806003
3.089600527089259e-05,0.00011999999696854502
3.0900005271223554e-05,0.00015999999595806003
3.0904005271554515e-05,0.00015999999595806003
3.090800527188548e-05,0.00015999999595806003
3.091200527221644e-05,0.00015999999595806003
3.09160052725474e-05,0.00015999999595806003
3.092000527287836e-05,0.00015999999595806003
3.092400527320932e-05,0.00015999999595806003
3.0928005273540284e-05,0.00015999999595806003
3.0932005273871246e-05,0.00015999999595806003
3.093600527420221e-05,0.00015999999595806003
3.094000527453317e-05,0.00015999999595806003
3.094400527486413e-05,0.00015999999595806003
3.094800527519509e-05,0.00015999999595806003
3.095200527552605e-05,0.00015999999595806003
3.0956005275857015e-05,0.00015999999595806003
3.0960005276187976e-05,0.00011999999696854502
3.096400527651894e-05,0.00015999999595806003
3.09680052768499e-05,0.00015999999595806003
3.097200527718086e-05,0.00015999999595806003
3.097600527751182e-05,0.00015999999595806003
3.0980005277842784e-05,0.00015999999595806003
3.0984005278173745e-05,0.00015999999595806003
3.0988005278504707e-05,0.00015999999595806003
3.099200527883567e-05,0.00015999999595806003
3.099600527916663e-05,0.00015999999595806003
3.100000527949759e-05,0.00015999999595806003
3.100400527982855e-05,0.00019999999494757503
3.1008005280159514e-05,0.00015999999595806003
3.1012005280490476e-05,0.00015999999595806003
3.101600528082144e-05,0.00015999999595806003
3.10200052811524e-05,0.00015999999595806003
3.102400528148336e-05,0.00015999999595806003
3.102800528181432e-05,0.00015999999595806003
3.103200528214528e-05,0.00011999999696854502
3.1036005282476244e-05,0.00015999999595806003
3.1040005282807206e-05,0.00011999999696854502
3.104400528313817e-05,0.00011999999696854502
3.104800528346913e-05,0.00011999999696854502
3.105200528380009e-05,0.00015999999595806003
3.105600528413105e-05,0.00015999999595806003
3.106000528446201e-05,0.00019999999494757503
3.1064005284792975e-05,0.00015999999595806003
3.1068005285123936e-05,0.00019999999494757503
3.10720052854549e-05,0.00015999999595806003
3.107600528578586e-05,0.00015999999595806003
3.108000528611682e-05,0.00015999999595806003
3.108400528644778e-05,0.00015999999595806003
3.1088005286778744e-05,0.00015999999595806003
3.1092005287109705e-05,0.00015999999595806003
3.109600528744067e-05,0.00015999999595806003
3.110000528777163e-05,0.00015999999595806003
3.110400528810259e-05,0.00011999999696854502
3.110800528843355e-05,0.00015999999595806003
3.111200528876451e-05,0.00015999999595806003
3.1116005289095474e-05,0.00015999999595806003
3.1120005289426436e-05,0.00015999999595806003
3.11240052897574e-05,0.00019999999494757503
3.112800529008836e-05,0.00015999999595806003
3.113200529041932e-05,0.00019999999494757503
3.113600529075028e-05,0.00015999999595806003
3.114000529108124e-05,0.00015999999595806003
3.1144005291412204e-05,0.00015999999595806003
3.1148005291743166e-05,0.00015999999595806003
3.115200529207413e-05,0.00015999999595806003
3.115600529240509e-05,0.00015999999595806003
3.116000529273605e-05,0.00015999999595806003
3.116400529306701e-05,0.00015999999595806003
3.116800529339797e-05,0.00015999999595806003
3.1172005293728935e-05,0.00015999999595806003
3.1176005294059896e-05,0.00015999999595806003
3.118000529439086e-05,0.00015999999595806003
3.118400529472182e-05,0.00015999999595806003
3.118800529505278e-05,0.00015999999595806003
3.119200529538374e-05,0.00011999999696854502
3.1196005295714704e-05,0.00015999999595806003
3.1200005296045665e-05,0.00015999999595806003
3.120400529637663e-05,0.00015999999595806003
3.120800529670759e-05,0.00015999999595806003
3.121200529703855e-05,0.00019999999494757503
3.121600529736951e-05,0.00015999999595806003
3.122000529770047e-05,0.00019999999494757503
3.1224005298031434e-05,0.00015999999595806003
3.1228005298362396e-05,0.00015999999595806003
3.123200529869336e-05,0.00011999999696854502
3.123600529902432e-05,0.00015999999595806003
3.124000529935528e-05,0.00011999999696854502
3.124400529968624e-05,0.00011999999696854502
3.12480053000172e-05,0.00011999999696854502
3.1252005300348165e-05,0.00015999999595806003
3.1256005300679126e-05,0.00015999999595806003
3.126000530101009e-05,0.00015999999595806003
3.126400530134105e-05,0.00015999999595806003
3.126800530167201e-05,0.00019999999494757503
3.127200530200297e-05,0.00015999999595806003
3.1276005302333933e-05,0.00019999999494757503
3.1280005302664895e-05,0.00015999999595806003
3.1284005302995856e-05,0.00015999999595806003
3.128800530332682e-05,0.00015999999595806003
3.129200530365778e-05,0.00015999999595806003
3.129600530398874e-05,0.00015999999595806003
3.13000053043197e-05,0.00015999999595806003
3.1304005304650664e-05,0.00011999999696854502
3.1308005304981625e-05,0.00011999999696854502
3.131200530531259e-05,0.00011999999696854502
3.131600530564355e-05,0.00015999999595806003
3.132000530597451e-05,0.00011999999696854502
3.132400530630547e-05,0.00015999999595806003
3.132800530663643e-05,0.00015999999595806003
3.1332005306967394e-05,0.00019999999494757503
3.1336005307298356e-05,0.00019999999494757503
3.134000530762932e-05,0.00019999999494757503
3.134400530796028e-05,0.00015999999595806003
3.134800530829124e-05,0.00015999999595806003
3.13520053086222e-05,0.00015999999595806003
3.135600530895316e-05,0.00011999999696854502
3.1360005309284125e-05,0.00011999999696854502
3.1364005309615086e-05,0.00015999999595806003
3.136800530994605e-05,0.00011999999696854502
3.137200531027701e-05,0.00015999999595806003
3.137600531060797e-05,0.00015999999595806003
3.138000531093893e-05,0.00015999999595806003
3.1384005311269894e-05,0.00015999999595806003
3.1388005311600855e-05,0.00015999999595806003
3.1392005311931816e-05,0.00015999999595806003
3.139600531226278e-05,0.00015999999595806003
3.140000531259374e-05,0.00015999999595806003
3.14040053129247e-05,0.00015999999595806003
3.140800531325566e-05,0.00015999999595806003
3.1412005313586624e-05,0.00015999999595806003
3.1416005313917585e-05,0.00015999999595806003
3.142000531424855e-05,0.00019999999494757503
3.142400531457951e-05,0.00011999999696854502
3.142800531491047e-05,0.00015999999595806003
3.143200531524143e-05,0.00011999999696854502
3.143600531557239e-05,0.00011999999696854502
3.1440005315903354e-05,0.00011999999696854502
3.1444005316234316e-05,0.00015999999595806003
3.144800531656528e-05,0.00015999999595806003
3.145200531689624e-05,0.00015999999595806003
3.14560053172272e-05,0.00015999999595806003
3.146000531755816e-05,0.00019999999494757503
3.146400531788912e-05,0.00015999999595806003
3.1468005318220085e-05,0.00019999999494757503
3.1472005318551046e-05,0.00015999999595806003
3.147600531888201e-05,0.00015999999595806003
3.148000531921297e-05,0.00015999999595806003
3.148400531954393e-05,0.00015999999595806003
3.148800531987489e-05,0.00011999999696854502
3.1492005320205854e-05,0.00011999999696854502
3.1496005320536815e-05,0.00011999999696854502
3.1500005320867777e-05,0.00015999999595806003
3.150400532119874e-05,0.00015999999595806003
3.15080053215297e-05,0.00015999999595806003
3.151200532186066e-05,0.00015999999595806003
3.151600532219162e-05,0.00015999999595806003
3.1520005322522584e-05,0.00015999999595806003
3.1524005322853545e-05,0.00015999999595806003
3.152800532318451e-05,0.00015999999595806003
3.153200532351547e-05,0.00015999999595806003
3.153600532384643e-05,0.00015999999595806003
3.154000532417739e-05,0.00015999999595806003
3.154400532450835e-05,0.00015999999595806003
3.1548005324839314e-05,0.00015999999595806003
3.1552005325170276e-05,0.00015999999595806003
3.155600532550124e-05,0.00015999999595806003
3.15600053258322e-05,0.00015999999595806003
3.156400532616316e-05,0.00015999999595806003
3.156800532649412e-05,0.00015999999595806003
3.157200532682508e-05,0.00015999999595806003
3.1576005327156045e-05,0.00015999999595806003
3.1580005327487006e-05,0.00015999999595806003
3.158400532781797e-05,0.00019999999494757503
3.158800532814893e-05,0.00019999999494757503
3.159200532847989e-05,0.00015999999595806003
3.159600532881085e-05,0.00015999999595806003
3.1600005329141814e-05,0.00015999999595806003
3.1604005329472775e-05,0.00015999999595806003
3.160800532980374e-05,0.00015999999595806003
3.16120053301347e-05,0.00015999999595806003
3.161600533046566e-05,0.00015999999595806003
3.162000533079662e-05,0.00015999999595806003
3.162400533112758e-05,0.00011999999696854502
3.1628005331458544e-05,0.00015999999595806003
3.1632005331789506e-05,0.00015999999595806003
3.163600533212047e-05,0.00015999999595806003
3.164000533245143e-05,0.00015999999595806003
3.164400533278239e-05,0.00015999999595806003
3.164800533311335e-05,0.00015999999595806003
3.165200533344431e-05,0.00015999999595806003
3.1656005333775274e-05,0.00015999999595806003
3.1660005334106236e-05,0.00015999999595806003
3.16640053344372e-05,0.00015999999595806003
3.166800533476816e-05,0.00019999999494757503
3.167200533509912e-05,0.00015999999595806003
3.167600533543008e-05,0.00015999999595806003
3.168000533576104e-05,0.00015999999595806003
3.1684005336092005e-05,0.00015999999595806003
3.1688005336422966e-05,0.00011999999696854502
3.169200533675393e-05,0.00015999999595806003
3.169600533708489e-05,0.00015999999595806003
3.170000533741585e-05,0.00015999999595806003
3.170400533774681e-05,0.00015999999595806003
3.1708005338077774e-05,0.00019999999494757503
3.1712005338408735e-05,0.00015999999595806003
3.17160053387397e-05,0.00015999999595806003
3.172000533907066e-05,0.00015999999595806003
3.172400533940162e-05,0.00015999999595806003
3.172800533973258e-05,0.00015999999595806003
3.173200534006354e-05,0.00015999999595806003
3.1736005340394504e-05,0.00015999999595806003
3.1740005340725466e-05,0.00015999999595806003
3.174400534105643e-05,0.00015999999595806003
3.174800534138739e-05,0.00015999999595806003
3.175200534171835e-05,0.00015999999595806003
3.175600534204931e-05,0.00015999999595806003
3.176000534238027e-05,0.00015999999595806003
3.1764005342711234e-05,0.00015999999595806003
3.1768005343042196e-05,0.00015999999595806003
3.177200534337316e-05,0.00015999999595806003
3.177600534370412e-05,0.00015999999595806003
3.178000534403508e-05,0.00019999999494757503
3.178400534436604e-05,0.00015999999595806003
3.1788005344697003e-05,0.00015999999595806003
3.1792005345027965e-05,0.00015999999595806003
3.1796005345358926e-05,0.00015999999595806003
3.180000534568989e-05,0.00011999999696854502
3.180400534602085e-05,0.00015999999595806003
3.180800534635181e-05,0.00015999999595806003
3.181200534668277e-05,0.00015999999595806003
3.1816005347013734e-05,0.00015999999595806003
3.1820005347344695e-05,0.00019999999494757503
3.182400534767566e-05,0.00015999999595806003
3.182800534800662e-05,0.00019999999494757503
3.183200534833758e-05,0.00015999999595806003
3.183600534866854e-05,0.00015999999595806003
3.18400053489995e-05,0.00015999999595806003
3.1844005349330464e-05,0.00015999999595806003
3.1848005349661426e-05,0.00011999999696854502
3.185200534999239e-05,0.00015999999595806003
3.185600535032335e-05,0.00011999999696854502
3.186000535065431e-05,0.00015999999595806003
3.186400535098527e-05,0.00015999999595806003
3.186800535131623e-05,0.00015999999595806003
3.1872005351647195e-05,0.00015999999595806003
3.1876005351978156e-05,0.00015999999595806003
3.188000535230912e-05,0.00015999999595806003
3.188400535264008e-05,0.00015999999595806003
3.188800535297104e-05,0.00015999999595806003
3.1892005353302e-05,0.00015999999595806003
3.1896005353632963e-05,0.00015999999595806003
3.1900005353963925e-05,0.00015999999595806003
3.1904005354294886e-05,0.00015999999595806003
3.190800535462585e-05,0.00015999999595806003
3.191200535495681e-05,0.00015999999595806003
3.191600535528777e-05,0.00015999999595806003
3.192000535561873e-05,0.00015999999595806003
3.1924005355949694e-05,0.00015999999595806003
3.1928005356280655e-05,0.00015999999595806003
3.193200535661162e-05,0.00015999999595806003
3.193600535694258e-05,0.00015999999595806003
3.194000535727354e-05,0.00015999999595806003
3.19440053576045e-05,0.00015999999595806003
3.194800535793546e-05,0.00015999999595806003
3.1952005358266424e-05,0.00015999999595806003
3.1956005358597386e-05,0.00015999999595806003
3.196000535892835e-05,0.00015999999595806003
3.196400535925931e-05,0.00015999999595806003
3.196800535959027e-05,0.00015999999595806003
3.197200535992123e-05,0.00015999999595806003
3.197600536025219e-05,0.00011999999696854502
3.1980005360583155e-05,0.00015999999595806003
3.1984005360914116e-05,0.00015999999595806003
3.198800536124508e-05,0.00015999999595806003
3.199200536157604e-05,0.00015999999595806003
3.1996005361907e-05,0.00015999999595806003
3.200000536223796e-05,0.00015999999595806003
3.2004005362568924e-05,0.00015999999595806003
3.2008005362899885e-05,0.00015999999595806003
3.2012005363230847e-05,0.00015999999595806003
3.201600536356181e-05,0.00015999999595806003
3.202000536389277e-05,0.00015999999595806003
3.202400536422373e-05,0.00015999999595806003
3.202800536455469e-05,0.00015999999595806003
3.2032005364885654e-05,0.00015999999595806003
3.2036005365216615e-05,0.00015999999595806003
3.204000536554758e-05,0.00015999999595806003
3.204400536587854e-05,0.00015999999595806003
3.20480053662095e-05,0.00015999999595806003
3.205200536654046e-05,0.00015999999595806003
3.205600536687142e-05,0.00015999999595806003
3.2060005367202384e-05,0.00019999999494757503
3.2064005367533346e-05,0.00015999999595806003
3.206800536786431e-05,0.00015999999595806003
3.207200536819527e-05,0.00015999999595806003
3.207600536852623e-05,0.00015999999595806003
3.208000536885719e-05,0.00015999999595806003
3.208400536918815e-05,0.00015999999595806003
3.2088005369519115e-05,0.00015999999595806003
3.2092005369850076e-05,0.00015999999595806003
3.209600537018104e-05,0.00015999999595806003
3.2100005370512e-05,0.00015999999595806003
3.210400537084296e-05,0.00015999999595806003
3.210800537117392e-05,0.00019999999494757503
3.2112005371504884e-05,0.00015999999595806003
3.2116005371835845e-05,0.00019999999494757503
3.2120005372166807e-05,0.00015999999595806003
3.212400537249777e-05,0.00015999999595806003
3.212800537282873e-05,0.00015999999595806003
3.213200537315969e-05,0.00015999999595806003
3.213600537349065e-05,0.00015999999595806003
3.2140005373821614e-05,0.00015999999595806003
3.2144005374152575e-05,0.00015999999595806003
3.214800537448354e-05,0.00015999999595806003
3.21520053748145e-05,0.00015999999595806003
3.215600537514546e-05,0.00015999999595806003
3.216000537547642e-05,0.00015999999595806003
3.216400537580738e-05,0.00015999999595806003
3.2168005376138344e-05,0.00015999999595806003
3.2172005376469306e-05,0.00015999999595806003
3.217600537680027e-05,0.00015999999595806003
3.218000537713123e-05,0.00015999999595806003
3.218400537746219e-05,0.00015999999595806003
3.218800537779315e-05,0.00015999999595806003
3.219200537812411e-05,0.00015999999595806003
3.2196005378455075e-05,0.00015999999595806003
3.2200005378786036e-05,0.00015999999595806003
3.2204005379117e-05,0.00015999999595806003
3.220800537944796e-05,0.00015999999595806003
3.221200537977892e-05,0.00015999999595806003
3.221600538010988e-05,0.00015999999595806003
3.2220005380440844e-05,0.00015999999595806003
3.2224005380771805e-05,0.00015999999595806003
3.222800538110277e-05,0.00015999999595806003
3.223200538143373e-05,0.00015999999595806003
3.223600538176469e-05,0.00019999999494757503
3.224000538209565e-05,0.00015999999595806003
3.224400538242661e-05,0.00015999999595806003
3.2248005382757574e-05,0.00015999999595806003
3.2252005383088536e-05,0.00015999999595806003
3.22560053834195e-05,0.00011999999696854502
3.226000538375046e-05,0.00015999999595806003
3.226400538408142e-05,0.00015999999595806003
3.226800538441238e-05,0.00015999999595806003
3.227200538474334e-05,0.00015999999595806003
3.2276005385074304e-05,0.00015999999595806003
3.2280005385405266e-05,0.00015999999595806003
3.228400538573623e-05,0.00015999999595806003
3.228800538606719e-05,0.00015999999595806003
3.229200538639815e-05,0.00015999999595806003
3.229600538672911e-05,0.00015999999595806003
3.230000538706007e-05,0.00015999999595806003
3.2304005387391035e-05,0.00015999999595806003
3.2308005387721996e-05,0.00015999999595806003
3.231200538805296e-05,0.00015999999595806003
3.231600538838392e-05,0.00015999999595806003
3.232000538871488e-05,0.00015999999595806003
3.232400538904584e-05,0.00015999999595806003
3.2328005389376804e-05,0.00015999999595806003
3.2332005389707765e-05,0.00015999999595806003
3.233600539003873e-05,0.00011999999696854502
3.234000539036969e-05,0.00015999999595806003
3.234400539070065e-05,0.00015999999595806003
3.234800539103161e-05,0.00015999999595806003
3.235200539136257e-05,0.00011999999696854502
3.2356005391693534e-05,0.00015999999595806003
3.2360005392024496e-05,0.00015999999595806003
3.236400539235546e-05,0.00015999999595806003
3.236800539268642e-05,0.00015999999595806003
3.237200539301738e-05,0.00019999999494757503
3.237600539334834e-05,0.00015999999595806003
3.23800053936793e-05,0.00019999999494757503
3.2384005394010265e-05,0.00015999999595806003
3.2388005394341226e-05,0.00019999999494757503
3.239200539467219e-05,0.00015999999595806003
3.239600539500315e-05,0.00015999999595806003
3.240000539533411e-05,0.00015999999595806003
3.240400539566507e-05,0.00011999999696854502
3.2408005395996033e-05,0.00011999999696854502
3.2412005396326995e-05,0.00011999999696854502
3.2416005396657956e-05,0.00011999999696854502
3.242000539698892e-05,0.00015999999595806003
3.242400539731988e-05,0.00011999999696854502
3.242800539765084e-05,0.00015999999595806003
3.24320053979818e-05,0.00015999999595806003
3.2436005398312764e-05,0.00019999999494757503
3.2440005398643725e-05,0.00015999999595806003
3.244400539897469e-05,0.00019999999494757503
3.244800539930565e-05,0.00015999999595806003
3.245200539963661e-05,0.00019999999494757503
3.245600539996757e-05,0.00015999999595806003
3.246000540029853e-05,0.00015999999595806003
3.2464005400629494e-05,0.00011999999696854502
3.2468005400960456e-05,0.00015999999595806003
3.247200540129142e-05,0.00011999999696854502
3.247600540162238e-05,0.00015999999595806003
3.248000540195334e-05,0.00011999999696854502
3.24840054022843e-05,0.00015999999595806003
3.248800540261526e-05,0.00015999999595806003
3.2492005402946225e-05,0.00015999999595806003
3.2496005403277186e-05,0.00015999999595806003
3.250000540360815e-05,0.00019999999494757503
3.250400540393911e-05,0.00015999999595806003
3.250800540427007e-05,0.00019999999494757503
3.251200540460103e-05,0.00015999999595806003
3.2516005404931993e-05,0.00019999999494757503
3.2520005405262955e-05,0.00015999999595806003
3.2524005405593916e-05,0.00015999999595806003
3.252800540592488e-05,0.00015999999595806003
3.253200540625584e-05,0.00011999999696854502
3.25360054065868e-05,0.00011999999696854502
3.254000540691776e-05,0.00011999999696854502
3.2544005407248724e-05,0.00011999999696854502
3.2548005407579685e-05,0.00015999999595806003
3.255200540791065e-05,0.00015999999595806003
3.255600540824161e-05,0.00019999999494757503
3.256000540857257e-05,0.00019999999494757503
3.256400540890353e-05,0.00019999999494757503
3.256800540923449e-05,0.00015999999595806003
3.2572005409565454e-05,0.00015999999595806003
3.2576005409896416e-05,0.00015999999595806003
3.258000541022738e-05,0.00015999999595806003
3.258400541055834e-05,0.00015999999595806003
3.25880054108893e-05,0.00015999999595806003
3.259200541122026e-05,0.00011999999696854502
3.259600541155122e-05,0.00015999999595806003
3.2600005411882185e-05,0.00015999999595806003
3.2604005412213146e-05,0.00015999999595806003
3.260800541254411e-05,0.00011999999696854502
3.261200541287507e-05,0.00015999999595806003
3.261600541320603e-05,0.00015999999595806003
3.262000541353699e-05,0.00015999999595806003
3.2624005413867954e-05,0.00015999999595806003
3.2628005414198915e-05,0.00019999999494757503
3.2632005414529877e-05,0.00015999999595806003
3.263600541486084e-05,0.00019999999494757503
3.26400054151918e-05,0.00015999999595806003
3.264400541552276e-05,0.00015999999595806003
3.264800541585372e-05,0.00015999999595806003
3.2652005416184684e-05,0.00015999999595806003
3.2656005416515645e-05,0.00015999999595806003
3.266000541684661e-05,0.00015999999595806003
3.266400541717757e-05,0.00011999999696854502
3.266800541750853e-05,0.00015999999595806003
3.267200541783949e-05,0.00011999999696854502
3.267600541817045e-05,0.00015999999595806003
3.2680005418501414e-05,0.00015999999595806003
3.2684005418832376e-05,0.00015999999595806003
3.268800541916334e-05,0.00015999999595806003
3.26920054194943e-05,0.00015999999595806003
3.269600541982526e-05,0.00015999999595806003
3.270000542015622e-05,0.00015999999595806003
3.270400542048718e-05,0.00015999999595806003
3.2708005420818145e-05,0.00015999999595806003
3.2712005421149106e-05,0.00015999999595806003
3.271600542148007e-05,0.00015999999595806003
3.272000542181103e-05,0.00015999999595806003
3.272400542214199e-05,7.999999797903001e-05
