Time (s),Voltage (V)
-3.2812000000000004e-05,7.999999797903001e-05
-3.280799999966904e-05,7.999999797903001e-05
-3.280399999933808e-05,7.999999797903001e-05
-3.279999999900712e-05,3.9999998989515007e-05
-3.279599999867616e-05,7.999999797903001e-05
-3.2791999998345196e-05,7.999999797903001e-05
-3.2787999998014235e-05,7.999999797903001e-05
-3.278399999768327e-05,7.999999797903001e-05
-3.277999999735231e-05,7.999999797903001e-05
-3.277599999702135e-05,3.9999998989515007e-05
-3.277199999669039e-05,3.9999998989515007e-05
-3.276799999635943e-05,3.9999998989515007e-05
-3.2763999996028466e-05,7.999999797903001e-05
-3.2759999995697504e-05,3.9999998989515007e-05
-3.275599999536654e-05,7.999999797903001e-05
-3.275199999503558e-05,3.9999998989515007e-05
-3.274799999470462e-05,7.999999797903001e-05
-3.274399999437366e-05,7.999999797903001e-05
-3.27399999940427e-05,7.999999797903001e-05
-3.2735999993711735e-05,7.999999797903001e-05
-3.2731999993380774e-05,7.999999797903001e-05
-3.272799999304981e-05,7.999999797903001e-05
-3.272399999271885e-05,7.999999797903001e-05
-3.271999999238789e-05,7.999999797903001e-05
-3.271599999205693e-05,7.999999797903001e-05
-3.2711999991725967e-05,7.999999797903001e-05
-3.2707999991395005e-05,7.999999797903001e-05
-3.2703999991064044e-05,3.9999998989515007e-05
-3.269999999073308e-05,3.9999998989515007e-05
-3.269599999040212e-05,3.9999998989515007e-05
-3.269199999007116e-05,7.999999797903001e-05
-3.26879999897402e-05,7.999999797903001e-05
-3.2683999989409236e-05,7.999999797903001e-05
-3.2679999989078275e-05,7.999999797903001e-05
-3.267599998874731e-05,7.999999797903001e-05
-3.267199998841635e-05,7.999999797903001e-05
-3.266799998808539e-05,7.999999797903001e-05
-3.266399998775443e-05,7.999999797903001e-05
-3.265999998742347e-05,7.999999797903001e-05
-3.2655999987092506e-05,3.9999998989515007e-05
-3.2651999986761544e-05,3.9999998989515007e-05
-3.264799998643058e-05,3.9999998989515007e-05
-3.264399998609962e-05,7.999999797903001e-05
-3.263999998576866e-05,7.999999797903001e-05
-3.26359999854377e-05,7.999999797903001e-05
-3.263199998510674e-05,3.9999998989515007e-05
-3.2627999984775775e-05,7.999999797903001e-05
-3.2623999984444814e-05,3.9999998989515007e-05
-3.261999998411385e-05,7.999999797903001e-05
-3.261599998378289e-05,7.999999797903001e-05
-3.261199998345193e-05,7.999999797903001e-05
-3.260799998312097e-05,7.999999797903001e-05
-3.2603999982790006e-05,7.999999797903001e-05
-3.2599999982459045e-05,7.999999797903001e-05
-3.2595999982128084e-05,7.999999797903001e-05
-3.259199998179712e-05,3.9999998989515007e-05
-3.258799998146616e-05,3.9999998989515007e-05
-3.25839999811352e-05,3.9999998989515007e-05
-3.257999998080424e-05,3.9999998989515007e-05
-3.2575999980473276e-05,3.9999998989515007e-05
-3.2571999980142315e-05,7.999999797903001e-05
-3.256799997981135e-05,7.999999797903001e-05
-3.256399997948039e-05,3.9999998989515007e-05
-3.255999997914943e-05,7.999999797903001e-05
-3.255599997881847e-05,7.999999797903001e-05
-3.255199997848751e-05,7.999999797903001e-05
-3.2547999978156546e-05,7.999999797903001e-05
-3.2543999977825584e-05,7.999999797903001e-05
-3.253999997749462e-05,7.999999797903001e-05
-3.253599997716366e-05,7.999999797903001e-05
-3.25319999768327e-05,7.999999797903001e-05
-3.252799997650174e-05,3.9999998989515007e-05
-3.252399997617078e-05,7.999999797903001e-05
-3.2519999975839815e-05,3.9999998989515007e-05
-3.2515999975508854e-05,7.999999797903001e-05
-3.251199997517789e-05,7.999999797903001e-05
-3.250799997484693e-05,7.999999797903001e-05
-3.250399997451597e-05,7.999999797903001e-05
-3.249999997418501e-05,7.999999797903001e-05
-3.2495999973854046e-05,7.999999797903001e-05
-3.2491999973523085e-05,7.999999797903001e-05
-3.2487999973192123e-05,7.999999797903001e-05
-3.248399997286116e-05,7.999999797903001e-05
-3.24799999725302e-05,7.999999797903001e-05
-3.247599997219924e-05,7.999999797903001e-05
-3.247199997186828e-05,3.9999998989515007e-05
-3.2467999971537316e-05,7.999999797903001e-05
-3.2463999971206355e-05,7.999999797903001e-05
-3.245999997087539e-05,3.9999998989515007e-05
-3.245599997054443e-05,3.9999998989515007e-05
-3.245199997021347e-05,3.9999998989515007e-05
-3.244799996988251e-05,3.9999998989515007e-05
-3.244399996955155e-05,7.999999797903001e-05
-3.2439999969220586e-05,7.999999797903001e-05
-3.2435999968889624e-05,7.999999797903001e-05
-3.243199996855866e-05,7.999999797903001e-05
-3.24279999682277e-05,7.999999797903001e-05
-3.242399996789674e-05,3.9999998989515007e-05
-3.241999996756578e-05,7.999999797903001e-05
-3.241599996723482e-05,7.999999797903001e-05
-3.2411999966903855e-05,7.999999797903001e-05
-3.2407999966572894e-05,7.999999797903001e-05
-3.240399996624193e-05,7.999999797903001e-05
-3.239999996591097e-05,3.9999998989515007e-05
-3.239599996558001e-05,7.999999797903001e-05
-3.239199996524905e-05,3.9999998989515007e-05
-3.2387999964918086e-05,7.999999797903001e-05
-3.2383999964587125e-05,7.999999797903001e-05
-3.237999996425616e-05,7.999999797903001e-05
-3.23759999639252e-05,3.9999998989515007e-05
-3.237199996359424e-05,7.999999797903001e-05
-3.236799996326328e-05,7.999999797903001e-05
-3.236399996293232e-05,7.999999797903001e-05
-3.2359999962601356e-05,7.999999797903001e-05
-3.2355999962270394e-05,7.999999797903001e-05
-3.235199996193943e-05,3.9999998989515007e-05
-3.234799996160847e-05,7.999999797903001e-05
-3.234399996127751e-05,3.9999998989515007e-05
-3.233999996094655e-05,3.9999998989515007e-05
-3.233599996061559e-05,3.9999998989515007e-05
-3.2331999960284626e-05,3.9999998989515007e-05
-3.2327999959953664e-05,3.9999998989515007e-05
-3.23239999596227e-05,7.999999797903001e-05
-3.231999995929174e-05,7.999999797903001e-05
-3.231599995896078e-05,7.999999797903001e-05
-3.231199995862982e-05,7.999999797903001e-05
-3.230799995829886e-05,7.999999797903001e-05
-3.2303999957967895e-05,3.9999998989515007e-05
-3.2299999957636934e-05,7.999999797903001e-05
-3.229599995730597e-05,3.9999998989515007e-05
-3.229199995697501e-05,3.9999998989515007e-05
-3.228799995664405e-05,3.9999998989515007e-05
-3.228399995631309e-05,7.999999797903001e-05
-3.2279999955982126e-05,7.999999797903001e-05
-3.2275999955651165e-05,7.999999797903001e-05
-3.22719999553202e-05,7.999999797903001e-05
-3.226799995498924e-05,7.999999797903001e-05
-3.226399995465828e-05,7.999999797903001e-05
-3.225999995432732e-05,7.999999797903001e-05
-3.225599995399636e-05,3.9999998989515007e-05
-3.2251999953665396e-05,7.999999797903001e-05
-3.2247999953334434e-05,7.999999797903001e-05
-3.224399995300347e-05,7.999999797903001e-05
-3.223999995267251e-05,7.999999797903001e-05
-3.223599995234155e-05,7.999999797903001e-05
-3.223199995201059e-05,7.999999797903001e-05
-3.222799995167963e-05,7.999999797903001e-05
-3.2223999951348666e-05,3.9999998989515007e-05
-3.2219999951017704e-05,7.999999797903001e-05
-3.221599995068674e-05,3.9999998989515007e-05
-3.221199995035578e-05,7.999999797903001e-05
-3.220799995002482e-05,3.9999998989515007e-05
-3.220399994969386e-05,7.999999797903001e-05
-3.2199999949362897e-05,3.9999998989515007e-05
-3.2195999949031935e-05,7.999999797903001e-05
-3.2191999948700974e-05,7.999999797903001e-05
-3.218799994837001e-05,7.999999797903001e-05
-3.218399994803905e-05,7.999999797903001e-05
-3.217999994770809e-05,7.999999797903001e-05
-3.217599994737713e-05,3.9999998989515007e-05
-3.2171999947046166e-05,7.999999797903001e-05
-3.2167999946715205e-05,3.9999998989515007e-05
-3.216399994638424e-05,7.999999797903001e-05
-3.215999994605328e-05,3.9999998989515007e-05
-3.215599994572232e-05,7.999999797903001e-05
-3.215199994539136e-05,7.999999797903001e-05
-3.21479999450604e-05,7.999999797903001e-05
-3.2143999944729436e-05,7.999999797903001e-05
-3.2139999944398474e-05,7.999999797903001e-05
-3.213599994406751e-05,3.9999998989515007e-05
-3.213199994373655e-05,7.999999797903001e-05
-3.212799994340559e-05,7.999999797903001e-05
-3.212399994307463e-05,7.999999797903001e-05
-3.211999994274367e-05,7.999999797903001e-05
-3.2115999942412705e-05,3.9999998989515007e-05
-3.2111999942081744e-05,7.999999797903001e-05
-3.210799994175078e-05,7.999999797903001e-05
-3.210399994141982e-05,3.9999998989515007e-05
-3.209999994108886e-05,7.999999797903001e-05
-3.20959999407579e-05,7.999999797903001e-05
-3.2091999940426937e-05,7.999999797903001e-05
-3.2087999940095975e-05,3.9999998989515007e-05
-3.2083999939765014e-05,3.9999998989515007e-05
-3.207999993943405e-05,7.999999797903001e-05
-3.207599993910309e-05,7.999999797903001e-05
-3.207199993877213e-05,7.999999797903001e-05
-3.206799993844117e-05,7.999999797903001e-05
-3.2063999938110206e-05,7.999999797903001e-05
-3.2059999937779245e-05,7.999999797903001e-05
-3.205599993744828e-05,3.9999998989515007e-05
-3.205199993711732e-05,3.9999998989515007e-05
-3.204799993678636e-05,3.9999998989515007e-05
-3.20439999364554e-05,7.999999797903001e-05
-3.203999993612444e-05,7.999999797903001e-05
-3.2035999935793476e-05,7.999999797903001e-05
-3.2031999935462514e-05,3.9999998989515007e-05
-3.202799993513155e-05,7.999999797903001e-05
-3.202399993480059e-05,3.9999998989515007e-05
-3.201999993446963e-05,3.9999998989515007e-05
-3.201599993413867e-05,3.9999998989515007e-05
-3.201199993380771e-05,3.9999998989515007e-05
-3.2007999933476745e-05,7.999999797903001e-05
-3.2003999933145784e-05,7.999999797903001e-05
-3.199999993281482e-05,3.9999998989515007e-05
-3.199599993248386e-05,7.999999797903001e-05
-3.19919999321529e-05,7.999999797903001e-05
-3.198799993182194e-05,7.999999797903001e-05
-3.1983999931490976e-05,7.999999797903001e-05
-3.1979999931160015e-05,7.999999797903001e-05
-3.1975999930829053e-05,3.9999998989515007e-05
-3.197199993049809e-05,7.999999797903001e-05
-3.196799993016713e-05,3.9999998989515007e-05
-3.196399992983617e-05,3.9999998989515007e-05
-3.195999992950521e-05,3.9999998989515007e-05
-3.1955999929174246e-05,7.999999797903001e-05
-3.1951999928843285e-05,3.9999998989515007e-05
-3.194799992851232e-05,7.999999797903001e-05
-3.194399992818136e-05,7.999999797903001e-05
-3.19399999278504e-05,7.999999797903001e-05
-3.193599992751944e-05,3.9999998989515007e-05
-3.193199992718848e-05,3.9999998989515007e-05
-3.1927999926857516e-05,3.9999998989515007e-05
-3.1923999926526554e-05,3.9999998989515007e-05
-3.191999992619559e-05,3.9999998989515007e-05
-3.191599992586463e-05,7.999999797903001e-05
-3.191199992553367e-05,7.999999797903001e-05
-3.190799992520271e-05,7.999999797903001e-05
-3.190399992487175e-05,7.999999797903001e-05
-3.1899999924540785e-05,7.999999797903001e-05
-3.1895999924209824e-05,7.999999797903001e-05
-3.189199992387886e-05,7.999999797903001e-05
-3.18879999235479e-05,3.9999998989515007e-05
-3.188399992321694e-05,3.9999998989515007e-05
-3.187999992288598e-05,3.9999998989515007e-05
-3.1875999922555016e-05,7.999999797903001e-05
-3.1871999922224055e-05,7.999999797903001e-05
-3.1867999921893093e-05,7.999999797903001e-05
-3.186399992156213e-05,7.999999797903001e-05
-3.185999992123117e-05,7.999999797903001e-05
-3.185599992090021e-05,7.999999797903001e-05
-3.185199992056925e-05,7.999999797903001e-05
-3.1847999920238286e-05,3.9999998989515007e-05
-3.1843999919907325e-05,7.999999797903001e-05
-3.183999991957636e-05,3.9999998989515007e-05
-3.18359999192454e-05,7.999999797903001e-05
-3.183199991891444e-05,7.999999797903001e-05
-3.182799991858348e-05,7.999999797903001e-05
-3.182399991825252e-05,7.999999797903001e-05
-3.1819999917921556e-05,7.999999797903001e-05
-3.1815999917590594e-05,7.999999797903001e-05
-3.181199991725963e-05,7.999999797903001e-05
-3.180799991692867e-05,3.9999998989515007e-05
-3.180399991659771e-05,7.999999797903001e-05
-3.179999991626675e-05,3.9999998989515007e-05
-3.179599991593579e-05,3.9999998989515007e-05
-3.1791999915604825e-05,3.9999998989515007e-05
-3.1787999915273864e-05,7.999999797903001e-05
-3.17839999149429e-05,7.999999797903001e-05
-3.177999991461194e-05,7.999999797903001e-05
-3.177599991428098e-05,7.999999797903001e-05
-3.177199991395002e-05,7.999999797903001e-05
-3.1767999913619056e-05,3.9999998989515007e-05
-3.1763999913288095e-05,7.999999797903001e-05
-3.175999991295713e-05,3.9999998989515007e-05
-3.175599991262617e-05,7.999999797903001e-05
-3.175199991229521e-05,3.9999998989515007e-05
-3.174799991196425e-05,7.999999797903001e-05
-3.174399991163329e-05,7.999999797903001e-05
-3.1739999911302326e-05,7.999999797903001e-05
-3.1735999910971364e-05,3.9999998989515007e-05
-3.17319999106404e-05,7.999999797903001e-05
-3.172799991030944e-05,7.999999797903001e-05
-3.172399990997848e-05,7.999999797903001e-05
-3.171999990964752e-05,7.999999797903001e-05
-3.171599990931656e-05,7.999999797903001e-05
-3.1711999908985596e-05,7.999999797903001e-05
-3.1707999908654634e-05,7.999999797903001e-05
-3.170399990832367e-05,7.999999797903001e-05
-3.169999990799271e-05,7.999999797903001e-05
-3.169599990766175e-05,3.9999998989515007e-05
-3.169199990733079e-05,7.999999797903001e-05
-3.168799990699983e-05,3.9999998989515007e-05
-3.1683999906668865e-05,7.999999797903001e-05
-3.1679999906337904e-05,3.9999998989515007e-05
-3.167599990600694e-05,7.999999797903001e-05
-3.167199990567598e-05,7.999999797903001e-05
-3.166799990534502e-05,7.999999797903001e-05
-3.166399990501406e-05,7.999999797903001e-05
-3.1659999904683096e-05,7.999999797903001e-05
-3.1655999904352135e-05,7.999999797903001e-05
-3.165199990402117e-05,7.999999797903001e-05
-3.164799990369021e-05,3.9999998989515007e-05
-3.164399990335925e-05,7.999999797903001e-05
-3.163999990302829e-05,3.9999998989515007e-05
-3.163599990269733e-05,3.9999998989515007e-05
-3.1631999902366366e-05,7.999999797903001e-05
-3.1627999902035404e-05,7.999999797903001e-05
-3.162399990170444e-05,7.999999797903001e-05
-3.161999990137348e-05,7.999999797903001e-05
-3.161599990104252e-05,7.999999797903001e-05
-3.161199990071156e-05,3.9999998989515007e-05
-3.16079999003806e-05,7.999999797903001e-05
-3.1603999900049635e-05,7.999999797903001e-05
-3.1599999899718674e-05,3.9999998989515007e-05
-3.159599989938771e-05,7.999999797903001e-05
-3.159199989905675e-05,3.9999998989515007e-05
-3.158799989872579e-05,7.999999797903001e-05
-3.158399989839483e-05,7.999999797903001e-05
-3.1579999898063867e-05,7.999999797903001e-05
-3.1575999897732905e-05,7.999999797903001e-05
-3.1571999897401944e-05,7.999999797903001e-05
-3.156799989707098e-05,7.999999797903001e-05
-3.156399989674002e-05,7.999999797903001e-05
-3.155999989640906e-05,3.9999998989515007e-05
-3.15559998960781e-05,7.999999797903001e-05
-3.1551999895747136e-05,3.9999998989515007e-05
-3.1547999895416175e-05,7.999999797903001e-05
-3.154399989508521e-05,7.999999797903001e-05
-3.153999989475425e-05,7.999999797903001e-05
-3.153599989442329e-05,3.9999998989515007e-05
-3.153199989409233e-05,3.9999998989515007e-05
-3.152799989376137e-05,3.9999998989515007e-05
-3.1523999893430406e-05,3.9999998989515007e-05
-3.1519999893099444e-05,3.9999998989515007e-05
-3.151599989276848e-05,7.999999797903001e-05
-3.151199989243752e-05,7.999999797903001e-05
-3.150799989210656e-05,7.999999797903001e-05
-3.15039998917756e-05,7.999999797903001e-05
-3.149999989144464e-05,0.00011999999696854502
-3.1495999891113675e-05,7.999999797903001e-05
-3.1491999890782714e-05,7.999999797903001e-05
-3.148799989045175e-05,7.999999797903001e-05
-3.148399989012079e-05,3.9999998989515007e-05
-3.147999988978983e-05,3.9999998989515007e-05
-3.147599988945887e-05,7.999999797903001e-05
-3.1471999889127907e-05,3.9999998989515007e-05
-3.1467999888796945e-05,3.9999998989515007e-05
-3.1463999888465984e-05,7.999999797903001e-05
-3.145999988813502e-05,7.999999797903001e-05
-3.145599988780406e-05,7.999999797903001e-05
-3.14519998874731e-05,7.999999797903001e-05
-3.144799988714214e-05,7.999999797903001e-05
-3.1443999886811176e-05,7.999999797903001e-05
-3.1439999886480215e-05,7.999999797903001e-05
-3.143599988614925e-05,7.999999797903001e-05
-3.143199988581829e-05,3.9999998989515007e-05
-3.142799988548733e-05,7.999999797903001e-05
-3.142399988515637e-05,7.999999797903001e-05
-3.141999988482541e-05,7.999999797903001e-05
-3.1415999884494446e-05,3.9999998989515007e-05
-3.1411999884163484e-05,7.999999797903001e-05
-3.140799988383252e-05,3.9999998989515007e-05
-3.140399988350156e-05,3.9999998989515007e-05
-3.13999998831706e-05,3.9999998989515007e-05
-3.139599988283964e-05,7.999999797903001e-05
-3.139199988250868e-05,7.999999797903001e-05
-3.1387999882177715e-05,7.999999797903001e-05
-3.1383999881846754e-05,7.999999797903001e-05
-3.137999988151579e-05,7.999999797903001e-05
-3.137599988118483e-05,7.999999797903001e-05
-3.137199988085387e-05,7.999999797903001e-05
-3.136799988052291e-05,7.999999797903001e-05
-3.1363999880191946e-05,7.999999797903001e-05
-3.1359999879860985e-05,3.9999998989515007e-05
-3.1355999879530023e-05,3.9999998989515007e-05
-3.135199987919906e-05,3.9999998989515007e-05
-3.13479998788681e-05,3.9999998989515007e-05
-3.134399987853714e-05,7.999999797903001e-05
-3.133999987820618e-05,7.999999797903001e-05
-3.1335999877875216e-05,7.999999797903001e-05
-3.1331999877544255e-05,7.999999797903001e-05
-3.132799987721329e-05,7.999999797903001e-05
-3.132399987688233e-05,7.999999797903001e-05
-3.131999987655137e-05,7.999999797903001e-05
-3.131599987622041e-05,7.999999797903001e-05
-3.131199987588945e-05,7.999999797903001e-05
-3.1307999875558486e-05,7.999999797903001e-05
-3.1303999875227524e-05,3.9999998989515007e-05
-3.129999987489656e-05,7.999999797903001e-05
-3.12959998745656e-05,7.999999797903001e-05
-3.129199987423464e-05,7.999999797903001e-05
-3.128799987390368e-05,7.999999797903001e-05
-3.128399987357272e-05,7.999999797903001e-05
-3.1279999873241755e-05,7.999999797903001e-05
-3.1275999872910794e-05,7.999999797903001e-05
-3.127199987257983e-05,7.999999797903001e-05
-3.126799987224887e-05,7.999999797903001e-05
-3.126399987191791e-05,7.999999797903001e-05
-3.125999987158695e-05,7.999999797903001e-05
-3.1255999871255986e-05,7.999999797903001e-05
-3.1251999870925025e-05,7.999999797903001e-05
-3.1247999870594063e-05,7.999999797903001e-05
-3.12439998702631e-05,7.999999797903001e-05
-3.123999986993214e-05,3.9999998989515007e-05
-3.123599986960118e-05,7.999999797903001e-05
-3.123199986927022e-05,3.9999998989515007e-05
-3.1227999868939256e-05,3.9999998989515007e-05
-3.1223999868608295e-05,3.9999998989515007e-05
-3.121999986827733e-05,7.999999797903001e-05
-3.121599986794637e-05,7.999999797903001e-05
-3.121199986761541e-05,7.999999797903001e-05
-3.120799986728445e-05,7.999999797903001e-05
-3.120399986695349e-05,0.00011999999696854502
-3.1199999866622526e-05,7.999999797903001e-05
-3.1195999866291564e-05,7.999999797903001e-05
-3.11919998659606e-05,7.999999797903001e-05
-3.118799986562964e-05,7.999999797903001e-05
-3.118399986529868e-05,3.9999998989515007e-05
-3.117999986496772e-05,7.999999797903001e-05
-3.117599986463676e-05,3.9999998989515007e-05
-3.1171999864305795e-05,7.999999797903001e-05
-3.1167999863974834e-05,7.999999797903001e-05
-3.116399986364387e-05,3.9999998989515007e-05
-3.115999986331291e-05,3.9999998989515007e-05
-3.115599986298195e-05,7.999999797903001e-05
-3.115199986265099e-05,7.999999797903001e-05
-3.1147999862320026e-05,7.999999797903001e-05
-3.1143999861989065e-05,7.999999797903001e-05
-3.11399998616581e-05,7.999999797903001e-05
-3.113599986132714e-05,7.999999797903001e-05
-3.113199986099618e-05,7.999999797903001e-05
-3.112799986066522e-05,7.999999797903001e-05
-3.112399986033426e-05,7.999999797903001e-05
-3.1119999860003296e-05,7.999999797903001e-05
-3.1115999859672334e-05,7.999999797903001e-05
-3.111199985934137e-05,7.999999797903001e-05
-3.110799985901041e-05,7.999999797903001e-05
-3.110399985867945e-05,7.999999797903001e-05
-3.109999985834849e-05,7.999999797903001e-05
-3.109599985801753e-05,7.999999797903001e-05
-3.1091999857686566e-05,7.999999797903001e-05
-3.1087999857355604e-05,7.999999797903001e-05
-3.108399985702464e-05,7.999999797903001e-05
-3.107999985669368e-05,7.999999797903001e-05
-3.107599985636272e-05,7.999999797903001e-05
-3.107199985603176e-05,3.9999998989515007e-05
-3.10679998557008e-05,7.999999797903001e-05
-3.1063999855369835e-05,7.999999797903001e-05
-3.1059999855038874e-05,7.999999797903001e-05
-3.105599985470791e-05,7.999999797903001e-05
-3.105199985437695e-05,7.999999797903001e-05
-3.104799985404599e-05,7.999999797903001e-05
-3.104399985371503e-05,7.999999797903001e-05
-3.1039999853384066e-05,7.999999797903001e-05
-3.1035999853053105e-05,7.999999797903001e-05
-3.103199985272214e-05,7.999999797903001e-05
-3.102799985239118e-05,7.999999797903001e-05
-3.102399985206022e-05,7.999999797903001e-05
-3.101999985172926e-05,7.999999797903001e-05
-3.10159998513983e-05,7.999999797903001e-05
-3.1011999851067336e-05,7.999999797903001e-05
-3.1007999850736374e-05,7.999999797903001e-05
-3.100399985040541e-05,7.999999797903001e-05
-3.099999985007445e-05,3.9999998989515007e-05
-3.099599984974349e-05,3.9999998989515007e-05
-3.099199984941253e-05,3.9999998989515007e-05
-3.098799984908157e-05,3.9999998989515007e-05
-3.0983999848750605e-05,3.9999998989515007e-05
-3.0979999848419644e-05,7.999999797903001e-05
-3.097599984808868e-05,7.999999797903001e-05
-3.097199984775772e-05,7.999999797903001e-05
-3.096799984742676e-05,7.999999797903001e-05
-3.09639998470958e-05,7.999999797903001e-05
-3.0959999846764837e-05,7.999999797903001e-05
-3.0955999846433875e-05,7.999999797903001e-05
-3.0951999846102914e-05,7.999999797903001e-05
-3.094799984577195e-05,7.999999797903001e-05
-3.094399984544099e-05,7.999999797903001e-05
-3.093999984511003e-05,7.999999797903001e-05
-3.093599984477907e-05,3.9999998989515007e-05
-3.0931999844448106e-05,7.999999797903001e-05
-3.0927999844117145e-05,3.9999998989515007e-05
-3.092399984378618e-05,7.999999797903001e-05
-3.091999984345522e-05,7.999999797903001e-05
-3.091599984312426e-05,7.999999797903001e-05
-3.09119998427933e-05,3.9999998989515007e-05
-3.090799984246234e-05,7.999999797903001e-05
-3.0903999842131376e-05,7.999999797903001e-05
-3.0899999841800414e-05,7.999999797903001e-05
-3.089599984146945e-05,7.999999797903001e-05
-3.089199984113849e-05,7.999999797903001e-05
-3.088799984080753e-05,7.999999797903001e-05
-3.088399984047657e-05,3.9999998989515007e-05
-3.087999984014561e-05,3.9999998989515007e-05
-3.0875999839814645e-05,7.999999797903001e-05
-3.0871999839483684e-05,7.999999797903001e-05
-3.086799983915272e-05,7.999999797903001e-05
-3.086399983882176e-05,3.9999998989515007e-05
-3.08599998384908e-05,3.9999998989515007e-05
-3.085599983815984e-05,3.9999998989515007e-05
-3.0851999837828876e-05,7.999999797903001e-05
-3.0847999837497915e-05,7.999999797903001e-05
-3.0843999837166954e-05,7.999999797903001e-05
-3.083999983683599e-05,7.999999797903001e-05
-3.083599983650503e-05,7.999999797903001e-05
-3.083199983617407e-05,7.999999797903001e-05
-3.082799983584311e-05,3.9999998989515007e-05
-3.0823999835512146e-05,3.9999998989515007e-05
-3.0819999835181185e-05,7.999999797903001e-05
-3.081599983485022e-05,7.999999797903001e-05
-3.081199983451926e-05,7.999999797903001e-05
-3.08079998341883e-05,7.999999797903001e-05
-3.080399983385734e-05,7.999999797903001e-05
-3.079999983352638e-05,7.999999797903001e-05
-3.0795999833195416e-05,3.9999998989515007e-05
-3.0791999832864454e-05,7.999999797903001e-05
-3.078799983253349e-05,7.999999797903001e-05
-3.078399983220253e-05,7.999999797903001e-05
-3.077999983187157e-05,7.999999797903001e-05
-3.077599983154061e-05,7.999999797903001e-05
-3.077199983120965e-05,7.999999797903001e-05
-3.0767999830878685e-05,7.999999797903001e-05
-3.0763999830547724e-05,7.999999797903001e-05
-3.075999983021676e-05,7.999999797903001e-05
-3.07559998298858e-05,7.999999797903001e-05
-3.075199982955484e-05,7.999999797903001e-05
-3.074799982922388e-05,3.9999998989515007e-05
-3.0743999828892916e-05,3.9999998989515007e-05
-3.0739999828561955e-05,7.999999797903001e-05
-3.0735999828230993e-05,3.9999998989515007e-05
-3.073199982790003e-05,7.999999797903001e-05
-3.072799982756907e-05,7.999999797903001e-05
-3.072399982723811e-05,7.999999797903001e-05
-3.071999982690715e-05,7.999999797903001e-05
-3.0715999826576186e-05,7.999999797903001e-05
-3.0711999826245225e-05,3.9999998989515007e-05
-3.070799982591426e-05,7.999999797903001e-05
-3.07039998255833e-05,7.999999797903001e-05
-3.069999982525234e-05,7.999999797903001e-05
-3.069599982492138e-05,3.9999998989515007e-05
-3.069199982459042e-05,7.999999797903001e-05
-3.0687999824259456e-05,7.999999797903001e-05
-3.0683999823928494e-05,7.999999797903001e-05
-3.067999982359753e-05,7.999999797903001e-05
-3.067599982326657e-05,7.999999797903001e-05
-3.067199982293561e-05,7.999999797903001e-05
-3.066799982260465e-05,7.999999797903001e-05
-3.066399982227369e-05,3.9999998989515007e-05
-3.0659999821942725e-05,7.999999797903001e-05
-3.0655999821611764e-05,3.9999998989515007e-05
-3.06519998212808e-05,7.999999797903001e-05
-3.064799982094984e-05,7.999999797903001e-05
-3.064399982061888e-05,7.999999797903001e-05
-3.063999982028792e-05,7.999999797903001e-05
-3.0635999819956956e-05,7.999999797903001e-05
-3.0631999819625995e-05,3.9999998989515007e-05
-3.0627999819295033e-05,7.999999797903001e-05
-3.062399981896407e-05,3.9999998989515007e-05
-3.061999981863311e-05,7.999999797903001e-05
-3.061599981830215e-05,7.999999797903001e-05
-3.061199981797119e-05,7.999999797903001e-05
-3.0607999817640226e-05,3.9999998989515007e-05
-3.0603999817309264e-05,7.999999797903001e-05
-3.05999998169783e-05,7.999999797903001e-05
-3.059599981664734e-05,7.999999797903001e-05
-3.059199981631638e-05,3.9999998989515007e-05
-3.058799981598542e-05,7.999999797903001e-05
-3.058399981565446e-05,3.9999998989515007e-05
-3.0579999815323496e-05,7.999999797903001e-05
-3.0575999814992534e-05,7.999999797903001e-05
-3.057199981466157e-05,7.999999797903001e-05
-3.056799981433061e-05,7.999999797903001e-05
-3.056399981399965e-05,7.999999797903001e-05
-3.055999981366869e-05,3.9999998989515007e-05
-3.055599981333773e-05,7.999999797903001e-05
-3.0551999813006765e-05,3.9999998989515007e-05
-3.0547999812675804e-05,3.9999998989515007e-05
-3.054399981234484e-05,3.9999998989515007e-05
-3.053999981201388e-05,7.999999797903001e-05
-3.053599981168292e-05,7.999999797903001e-05
-3.053199981135196e-05,7.999999797903001e-05
-3.0527999811020996e-05,3.9999998989515007e-05
-3.0523999810690035e-05,7.999999797903001e-05
-3.051999981035907e-05,7.999999797903001e-05
-3.0515999810028112e-05,7.999999797903001e-05
-3.051199980969715e-05,3.9999998989515007e-05
-3.050799980936619e-05,3.9999998989515007e-05
-3.0503999809035227e-05,7.999999797903001e-05
-3.0499999808704266e-05,7.999999797903001e-05
-3.0495999808373304e-05,3.9999998989515007e-05
-3.0491999808042343e-05,7.999999797903001e-05
-3.048799980771138e-05,7.999999797903001e-05
-3.048399980738042e-05,7.999999797903001e-05
-3.047999980704946e-05,7.999999797903001e-05
-3.0475999806718497e-05,7.999999797903001e-05
-3.0471999806387536e-05,7.999999797903001e-05
-3.0467999806056574e-05,7.999999797903001e-05
-3.0463999805725613e-05,7.999999797903001e-05
-3.045999980539465e-05,7.999999797903001e-05
-3.045599980506369e-05,3.9999998989515007e-05
-3.0451999804732728e-05,7.999999797903001e-05
-3.0447999804401767e-05,7.999999797903001e-05
-3.0443999804070805e-05,7.999999797903001e-05
-3.0439999803739844e-05,7.999999797903001e-05
-3.0435999803408882e-05,7.999999797903001e-05
-3.043199980307792e-05,7.999999797903001e-05
-3.042799980274696e-05,7.999999797903001e-05
-3.0423999802415998e-05,3.9999998989515007e-05
-3.0419999802085036e-05,7.999999797903001e-05
-3.0415999801754075e-05,7.999999797903001e-05
-3.0411999801423113e-05,7.999999797903001e-05
-3.0407999801092152e-05,7.999999797903001e-05
-3.040399980076119e-05,7.999999797903001e-05
-3.039999980043023e-05,7.999999797903001e-05
-3.0395999800099267e-05,7.999999797903001e-05
-3.0391999799768306e-05,7.999999797903001e-05
-3.0387999799437344e-05,7.999999797903001e-05
-3.0383999799106383e-05,7.999999797903001e-05
-3.037999979877542e-05,7.999999797903001e-05
-3.037599979844446e-05,3.9999998989515007e-05
-3.03719997981135e-05,7.999999797903001e-05
-3.0367999797782537e-05,7.999999797903001e-05
-3.0363999797451575e-05,7.999999797903001e-05
-3.0359999797120614e-05,7.999999797903001e-05
-3.0355999796789652e-05,7.999999797903001e-05
-3.035199979645869e-05,3.9999998989515007e-05
-3.034799979612773e-05,7.999999797903001e-05
-3.0343999795796768e-05,3.9999998989515007e-05
-3.0339999795465807e-05,7.999999797903001e-05
-3.0335999795134845e-05,7.999999797903001e-05
-3.0331999794803884e-05,7.999999797903001e-05
-3.0327999794472922e-05,7.999999797903001e-05
-3.032399979414196e-05,7.999999797903001e-05
-3.0319999793811e-05,7.999999797903001e-05
-3.0315999793480038e-05,7.999999797903001e-05
-3.0311999793149076e-05,7.999999797903001e-05
-3.0307999792818115e-05,7.999999797903001e-05
-3.0303999792487153e-05,3.9999998989515007e-05
-3.0299999792156192e-05,3.9999998989515007e-05
-3.029599979182523e-05,3.9999998989515007e-05
-3.029199979149427e-05,7.999999797903001e-05
-3.0287999791163307e-05,3.9999998989515007e-05
-3.0283999790832346e-05,7.999999797903001e-05
-3.0279999790501384e-05,7.999999797903001e-05
-3.0275999790170423e-05,7.999999797903001e-05
-3.027199978983946e-05,7.999999797903001e-05
-3.02679997895085e-05,7.999999797903001e-05
-3.026399978917754e-05,3.9999998989515007e-05
-3.0259999788846577e-05,7.999999797903001e-05
-3.0255999788515615e-05,3.9999998989515007e-05
-3.0251999788184654e-05,7.999999797903001e-05
-3.0247999787853692e-05,7.999999797903001e-05
-3.024399978752273e-05,7.999999797903001e-05
-3.023999978719177e-05,7.999999797903001e-05
-3.0235999786860808e-05,7.999999797903001e-05
-3.0231999786529846e-05,7.999999797903001e-05
-3.0227999786198885e-05,7.999999797903001e-05
-3.0223999785867924e-05,3.9999998989515007e-05
-3.0219999785536962e-05,7.999999797903001e-05
-3.0215999785206e-05,7.999999797903001e-05
-3.021199978487504e-05,7.999999797903001e-05
-3.0207999784544078e-05,7.999999797903001e-05
-3.0203999784213116e-05,7.999999797903001e-05
-3.0199999783882155e-05,7.999999797903001e-05
-3.0195999783551193e-05,7.999999797903001e-05
-3.019199978322023e-05,3.9999998989515007e-05
-3.018799978288927e-05,7.999999797903001e-05
-3.018399978255831e-05,7.999999797903001e-05
-3.0179999782227347e-05,3.9999998989515007e-05
-3.0175999781896386e-05,3.9999998989515007e-05
-3.0171999781565424e-05,3.9999998989515007e-05
-3.0167999781234463e-05,7.999999797903001e-05
-3.01639997809035e-05,7.999999797903001e-05
-3.015999978057254e-05,7.999999797903001e-05
-3.0155999780241578e-05,7.999999797903001e-05
-3.0151999779910617e-05,7.999999797903001e-05
-3.0147999779579655e-05,7.999999797903001e-05
-3.0143999779248694e-05,3.9999998989515007e-05
-3.0139999778917732e-05,7.999999797903001e-05
-3.013599977858677e-05,7.999999797903001e-05
-3.013199977825581e-05,7.999999797903001e-05
-3.0127999777924848e-05,7.999999797903001e-05
-3.0123999777593886e-05,7.999999797903001e-05
-3.0119999777262925e-05,7.999999797903001e-05
-3.0115999776931963e-05,7.999999797903001e-05
-3.0111999776601002e-05,7.999999797903001e-05
-3.010799977627004e-05,7.999999797903001e-05
-3.010399977593908e-05,3.9999998989515007e-05
-3.0099999775608118e-05,3.9999998989515007e-05
-3.0095999775277156e-05,3.9999998989515007e-05
-3.0091999774946195e-05,7.999999797903001e-05
-3.0087999774615233e-05,3.9999998989515007e-05
-3.008399977428427e-05,7.999999797903001e-05
-3.007999977395331e-05,7.999999797903001e-05
-3.007599977362235e-05,7.999999797903001e-05
-3.0071999773291387e-05,7.999999797903001e-05
-3.0067999772960426e-05,7.999999797903001e-05
-3.0063999772629464e-05,7.999999797903001e-05
-3.0059999772298503e-05,3.9999998989515007e-05
-3.005599977196754e-05,3.9999998989515007e-05
-3.005199977163658e-05,7.999999797903001e-05
-3.0047999771305618e-05,3.9999998989515007e-05
-3.0043999770974657e-05,7.999999797903001e-05
-3.0039999770643695e-05,7.999999797903001e-05
-3.0035999770312734e-05,7.999999797903001e-05
-3.0031999769981772e-05,3.9999998989515007e-05
-3.002799976965081e-05,7.999999797903001e-05
-3.002399976931985e-05,7.999999797903001e-05
-3.0019999768988888e-05,7.999999797903001e-05
-3.0015999768657926e-05,7.999999797903001e-05
-3.0011999768326965e-05,7.999999797903001e-05
-3.0007999767996003e-05,7.999999797903001e-05
-3.0003999767665042e-05,7.999999797903001e-05
-2.999999976733408e-05,7.999999797903001e-05
-2.999599976700312e-05,7.999999797903001e-05
-2.9991999766672157e-05,7.999999797903001e-05
-2.9987999766341196e-05,7.999999797903001e-05
-2.9983999766010234e-05,3.9999998989515007e-05
-2.9979999765679273e-05,3.9999998989515007e-05
-2.997599976534831e-05,3.9999998989515007e-05
-2.997199976501735e-05,7.999999797903001e-05
-2.996799976468639e-05,3.9999998989515007e-05
-2.9963999764355427e-05,7.999999797903001e-05
-2.9959999764024466e-05,7.999999797903001e-05
-2.9955999763693504e-05,7.999999797903001e-05
-2.9951999763362543e-05,7.999999797903001e-05
-2.994799976303158e-05,7.999999797903001e-05
-2.994399976270062e-05,7.999999797903001e-05
-2.9939999762369658e-05,7.999999797903001e-05
-2.9935999762038697e-05,3.9999998989515007e-05
-2.9931999761707735e-05,7.999999797903001e-05
-2.9927999761376774e-05,3.9999998989515007e-05
-2.9923999761045812e-05,7.999999797903001e-05
-2.991999976071485e-05,7.999999797903001e-05
-2.991599976038389e-05,7.999999797903001e-05
-2.9911999760052928e-05,7.999999797903001e-05
-2.9907999759721966e-05,7.999999797903001e-05
-2.9903999759391005e-05,3.9999998989515007e-05
-2.9899999759060043e-05,3.9999998989515007e-05
-2.9895999758729082e-05,3.9999998989515007e-05
-2.989199975839812e-05,7.999999797903001e-05
-2.988799975806716e-05,3.9999998989515007e-05
-2.9883999757736197e-05,7.999999797903001e-05
-2.9879999757405236e-05,7.999999797903001e-05
-2.9875999757074274e-05,7.999999797903001e-05
-2.9871999756743313e-05,7.999999797903001e-05
-2.986799975641235e-05,7.999999797903001e-05
-2.986399975608139e-05,7.999999797903001e-05
-2.985999975575043e-05,7.999999797903001e-05
-2.9855999755419467e-05,3.9999998989515007e-05
-2.9851999755088505e-05,3.9999998989515007e-05
-2.9847999754757544e-05,3.9999998989515007e-05
-2.9843999754426583e-05,7.999999797903001e-05
-2.983999975409562e-05,7.999999797903001e-05
-2.983599975376466e-05,7.999999797903001e-05
-2.9831999753433698e-05,7.999999797903001e-05
-2.9827999753102737e-05,7.999999797903001e-05
-2.9823999752771775e-05,3.9999998989515007e-05
-2.9819999752440814e-05,7.999999797903001e-05
-2.9815999752109852e-05,3.9999998989515007e-05
-2.981199975177889e-05,7.999999797903001e-05
-2.980799975144793e-05,3.9999998989515007e-05
-2.9803999751116968e-05,7.999999797903001e-05
-2.9799999750786006e-05,7.999999797903001e-05
-2.9795999750455045e-05,7.999999797903001e-05
-2.9791999750124083e-05,7.999999797903001e-05
-2.9787999749793122e-05,7.999999797903001e-05
-2.978399974946216e-05,7.999999797903001e-05
-2.97799997491312e-05,7.999999797903001e-05
-2.9775999748800237e-05,3.9999998989515007e-05
-2.9771999748469276e-05,7.999999797903001e-05
-2.9767999748138314e-05,7.999999797903001e-05
-2.9763999747807353e-05,7.999999797903001e-05
-2.975999974747639e-05,7.999999797903001e-05
-2.975599974714543e-05,7.999999797903001e-05
-2.975199974681447e-05,7.999999797903001e-05
-2.9747999746483507e-05,7.999999797903001e-05
-2.9743999746152545e-05,7.999999797903001e-05
-2.9739999745821584e-05,7.999999797903001e-05
-2.9735999745490622e-05,3.9999998989515007e-05
-2.973199974515966e-05,3.9999998989515007e-05
-2.97279997448287e-05,3.9999998989515007e-05
-2.9723999744497738e-05,7.999999797903001e-05
-2.9719999744166777e-05,3.9999998989515007e-05
-2.9715999743835815e-05,7.999999797903001e-05
-2.9711999743504854e-05,7.999999797903001e-05
-2.9707999743173892e-05,7.999999797903001e-05
-2.970399974284293e-05,7.999999797903001e-05
-2.969999974251197e-05,7.999999797903001e-05
-2.9695999742181008e-05,3.9999998989515007e-05
-2.9691999741850046e-05,3.9999998989515007e-05
-2.9687999741519085e-05,3.9999998989515007e-05
-2.9683999741188123e-05,7.999999797903001e-05
-2.967999974085716e-05,7.999999797903001e-05
-2.96759997405262e-05,7.999999797903001e-05
-2.967199974019524e-05,7.999999797903001e-05
-2.9667999739864277e-05,7.999999797903001e-05
-2.9663999739533316e-05,7.999999797903001e-05
-2.9659999739202354e-05,7.999999797903001e-05
-2.9655999738871393e-05,3.9999998989515007e-05
-2.965199973854043e-05,3.9999998989515007e-05
-2.964799973820947e-05,3.9999998989515007e-05
-2.964399973787851e-05,7.999999797903001e-05
-2.9639999737547547e-05,3.9999998989515007e-05
-2.9635999737216585e-05,7.999999797903001e-05
-2.9631999736885624e-05,7.999999797903001e-05
-2.9627999736554662e-05,7.999999797903001e-05
-2.96239997362237e-05,7.999999797903001e-05
-2.961999973589274e-05,7.999999797903001e-05
-2.9615999735561778e-05,7.999999797903001e-05
-2.9611999735230816e-05,7.999999797903001e-05
-2.9607999734899855e-05,3.9999998989515007e-05
-2.9603999734568893e-05,7.999999797903001e-05
-2.9599999734237932e-05,3.9999998989515007e-05
-2.959599973390697e-05,7.999999797903001e-05
-2.959199973357601e-05,3.9999998989515007e-05
-2.9587999733245048e-05,7.999999797903001e-05
-2.9583999732914086e-05,7.999999797903001e-05
-2.9579999732583125e-05,7.999999797903001e-05
-2.9575999732252163e-05,3.9999998989515007e-05
-2.95719997319212e-05,7.999999797903001e-05
-2.956799973159024e-05,3.9999998989515007e-05
-2.956399973125928e-05,7.999999797903001e-05
-2.9559999730928317e-05,7.999999797903001e-05
-2.9555999730597356e-05,7.999999797903001e-05
-2.9551999730266394e-05,7.999999797903001e-05
-2.9547999729935433e-05,7.999999797903001e-05
-2.954399972960447e-05,3.9999998989515007e-05
-2.953999972927351e-05,7.999999797903001e-05
-2.9535999728942548e-05,7.999999797903001e-05
-2.9531999728611587e-05,7.999999797903001e-05
-2.9527999728280625e-05,3.9999998989515007e-05
-2.9523999727949664e-05,3.9999998989515007e-05
-2.9519999727618702e-05,3.9999998989515007e-05
-2.951599972728774e-05,7.999999797903001e-05
-2.951199972695678e-05,7.999999797903001e-05
-2.9507999726625818e-05,7.999999797903001e-05
-2.9503999726294856e-05,7.999999797903001e-05
-2.9499999725963895e-05,7.999999797903001e-05
-2.9495999725632933e-05,7.999999797903001e-05
-2.9491999725301972e-05,7.999999797903001e-05
-2.948799972497101e-05,3.9999998989515007e-05
-2.948399972464005e-05,7.999999797903001e-05
-2.9479999724309087e-05,3.9999998989515007e-05
-2.9475999723978126e-05,7.999999797903001e-05
-2.9471999723647165e-05,3.9999998989515007e-05
-2.9467999723316203e-05,7.999999797903001e-05
-2.946399972298524e-05,7.999999797903001e-05
-2.945999972265428e-05,7.999999797903001e-05
-2.945599972232332e-05,7.999999797903001e-05
-2.9451999721992357e-05,7.999999797903001e-05
-2.9447999721661396e-05,3.9999998989515007e-05
-2.9443999721330434e-05,7.999999797903001e-05
-2.9439999720999473e-05,3.9999998989515007e-05
-2.943599972066851e-05,7.999999797903001e-05
-2.943199972033755e-05,3.9999998989515007e-05
-2.9427999720006588e-05,7.999999797903001e-05
-2.9423999719675627e-05,7.999999797903001e-05
-2.9419999719344665e-05,7.999999797903001e-05
-2.9415999719013704e-05,7.999999797903001e-05
-2.9411999718682742e-05,7.999999797903001e-05
-2.940799971835178e-05,3.9999998989515007e-05
-2.940399971802082e-05,7.999999797903001e-05
-2.9399999717689858e-05,7.999999797903001e-05
-2.9395999717358896e-05,7.999999797903001e-05
-2.9391999717027935e-05,7.999999797903001e-05
-2.9387999716696973e-05,7.999999797903001e-05
-2.9383999716366012e-05,7.999999797903001e-05
-2.937999971603505e-05,7.999999797903001e-05
-2.937599971570409e-05,3.9999998989515007e-05
-2.9371999715373127e-05,7.999999797903001e-05
-2.9367999715042166e-05,3.9999998989515007e-05
-2.9363999714711204e-05,3.9999998989515007e-05
-2.9359999714380243e-05,3.9999998989515007e-05
-2.935599971404928e-05,7.999999797903001e-05
-2.935199971371832e-05,7.999999797903001e-05
-2.934799971338736e-05,7.999999797903001e-05
-2.9343999713056397e-05,7.999999797903001e-05
-2.9339999712725436e-05,7.999999797903001e-05
-2.9335999712394474e-05,7.999999797903001e-05
-2.9331999712063513e-05,7.999999797903001e-05
-2.932799971173255e-05,7.999999797903001e-05
-2.932399971140159e-05,7.999999797903001e-05
-2.9319999711070628e-05,3.9999998989515007e-05
-2.9315999710739667e-05,7.999999797903001e-05
-2.9311999710408705e-05,3.9999998989515007e-05
-2.9307999710077744e-05,7.999999797903001e-05
-2.9303999709746782e-05,3.9999998989515007e-05
-2.929999970941582e-05,7.999999797903001e-05
-2.929599970908486e-05,7.999999797903001e-05
-2.9291999708753898e-05,3.9999998989515007e-05
-2.9287999708422936e-05,7.999999797903001e-05
-2.9283999708091975e-05,7.999999797903001e-05
-2.9279999707761013e-05,7.999999797903001e-05
-2.9275999707430052e-05,7.999999797903001e-05
-2.927199970709909e-05,7.999999797903001e-05
-2.926799970676813e-05,7.999999797903001e-05
-2.9263999706437167e-05,7.999999797903001e-05
-2.9259999706106206e-05,7.999999797903001e-05
-2.9255999705775244e-05,7.999999797903001e-05
-2.9251999705444283e-05,7.999999797903001e-05
-2.924799970511332e-05,3.9999998989515007e-05
-2.924399970478236e-05,3.9999998989515007e-05
-2.92399997044514e-05,3.9999998989515007e-05
-2.9235999704120437e-05,7.999999797903001e-05
-2.9231999703789475e-05,7.999999797903001e-05
-2.9227999703458514e-05,7.999999797903001e-05
-2.9223999703127553e-05,7.999999797903001e-05
-2.921999970279659e-05,7.999999797903001e-05
-2.921599970246563e-05,7.999999797903001e-05
-2.9211999702134668e-05,7.999999797903001e-05
-2.9207999701803707e-05,7.999999797903001e-05
-2.9203999701472745e-05,7.999999797903001e-05
-2.9199999701141784e-05,3.9999998989515007e-05
-2.9195999700810822e-05,7.999999797903001e-05
-2.919199970047986e-05,3.9999998989515007e-05
-2.91879997001489e-05,7.999999797903001e-05
-2.9183999699817938e-05,7.999999797903001e-05
-2.9179999699486976e-05,7.999999797903001e-05
-2.9175999699156015e-05,3.9999998989515007e-05
-2.9171999698825053e-05,3.9999998989515007e-05
-2.9167999698494092e-05,3.9999998989515007e-05
-2.916399969816313e-05,7.999999797903001e-05
-2.915999969783217e-05,3.9999998989515007e-05
-2.9155999697501207e-05,7.999999797903001e-05
-2.9151999697170246e-05,7.999999797903001e-05
-2.9147999696839284e-05,7.999999797903001e-05
-2.9143999696508323e-05,7.999999797903001e-05
-2.913999969617736e-05,7.999999797903001e-05
-2.91359996958464e-05,7.999999797903001e-05
-2.913199969551544e-05,7.999999797903001e-05
-2.9127999695184477e-05,3.9999998989515007e-05
-2.9123999694853515e-05,3.9999998989515007e-05
-2.9119999694522554e-05,3.9999998989515007e-05
-2.9115999694191592e-05,3.9999998989515007e-05
-2.911199969386063e-05,3.9999998989515007e-05
-2.910799969352967e-05,7.999999797903001e-05
-2.9103999693198708e-05,3.9999998989515007e-05
-2.9099999692867747e-05,7.999999797903001e-05
-2.9095999692536785e-05,7.999999797903001e-05
-2.9091999692205824e-05,7.999999797903001e-05
-2.9087999691874862e-05,7.999999797903001e-05
-2.90839996915439e-05,7.999999797903001e-05
-2.907999969121294e-05,3.9999998989515007e-05
-2.9075999690881978e-05,3.9999998989515007e-05
-2.9071999690551016e-05,7.999999797903001e-05
-2.9067999690220055e-05,7.999999797903001e-05
-2.9063999689889093e-05,7.999999797903001e-05
-2.905999968955813e-05,7.999999797903001e-05
-2.905599968922717e-05,7.999999797903001e-05
-2.905199968889621e-05,7.999999797903001e-05
-2.9047999688565247e-05,3.9999998989515007e-05
-2.9043999688234286e-05,7.999999797903001e-05
-2.9039999687903324e-05,7.999999797903001e-05
-2.9035999687572363e-05,7.999999797903001e-05
-2.90319996872414e-05,7.999999797903001e-05
-2.902799968691044e-05,7.999999797903001e-05
-2.902399968657948e-05,7.999999797903001e-05
-2.9019999686248517e-05,7.999999797903001e-05
-2.9015999685917555e-05,7.999999797903001e-05
-2.9011999685586594e-05,7.999999797903001e-05
-2.9007999685255632e-05,7.999999797903001e-05
-2.900399968492467e-05,7.999999797903001e-05
-2.899999968459371e-05,7.999999797903001e-05
-2.8995999684262748e-05,7.999999797903001e-05
-2.8991999683931786e-05,3.9999998989515007e-05
-2.8987999683600825e-05,7.999999797903001e-05
-2.8983999683269863e-05,7.999999797903001e-05
-2.8979999682938902e-05,7.999999797903001e-05
-2.897599968260794e-05,7.999999797903001e-05
-2.897199968227698e-05,7.999999797903001e-05
-2.8967999681946018e-05,7.999999797903001e-05
-2.8963999681615056e-05,7.999999797903001e-05
-2.8959999681284095e-05,7.999999797903001e-05
-2.8955999680953133e-05,3.9999998989515007e-05
-2.895199968062217e-05,3.9999998989515007e-05
-2.894799968029121e-05,7.999999797903001e-05
-2.894399967996025e-05,7.999999797903001e-05
-2.8939999679629287e-05,7.999999797903001e-05
-2.8935999679298326e-05,7.999999797903001e-05
-2.8931999678967364e-05,7.999999797903001e-05
-2.8927999678636403e-05,7.999999797903001e-05
-2.892399967830544e-05,7.999999797903001e-05
-2.891999967797448e-05,3.9999998989515007e-05
-2.8915999677643518e-05,7.999999797903001e-05
-2.8911999677312557e-05,7.999999797903001e-05
-2.8907999676981595e-05,7.999999797903001e-05
-2.8903999676650634e-05,3.9999998989515007e-05
-2.8899999676319672e-05,7.999999797903001e-05
-2.889599967598871e-05,7.999999797903001e-05
-2.889199967565775e-05,7.999999797903001e-05
-2.8887999675326788e-05,7.999999797903001e-05
-2.8883999674995826e-05,7.999999797903001e-05
-2.8879999674664865e-05,7.999999797903001e-05
-2.8875999674333903e-05,7.999999797903001e-05
-2.8871999674002942e-05,7.999999797903001e-05
-2.886799967367198e-05,7.999999797903001e-05
-2.886399967334102e-05,7.999999797903001e-05
-2.8859999673010057e-05,7.999999797903001e-05
-2.8855999672679096e-05,7.999999797903001e-05
-2.8851999672348134e-05,7.999999797903001e-05
-2.8847999672017173e-05,7.999999797903001e-05
-2.884399967168621e-05,7.999999797903001e-05
-2.883999967135525e-05,3.9999998989515007e-05
-2.883599967102429e-05,7.999999797903001e-05
-2.8831999670693327e-05,3.9999998989515007e-05
-2.8827999670362366e-05,7.999999797903001e-05
-2.8823999670031404e-05,3.9999998989515007e-05
-2.8819999669700443e-05,7.999999797903001e-05
-2.881599966936948e-05,7.999999797903001e-05
-2.881199966903852e-05,7.999999797903001e-05
-2.8807999668707558e-05,7.999999797903001e-05
-2.8803999668376597e-05,7.999999797903001e-05
-2.8799999668045635e-05,7.999999797903001e-05
-2.8795999667714674e-05,7.999999797903001e-05
-2.8791999667383712e-05,3.9999998989515007e-05
-2.878799966705275e-05,7.999999797903001e-05
-2.878399966672179e-05,7.999999797903001e-05
-2.8779999666390828e-05,7.999999797903001e-05
-2.8775999666059866e-05,7.999999797903001e-05
-2.8771999665728905e-05,7.999999797903001e-05
-2.8767999665397943e-05,7.999999797903001e-05
-2.8763999665066982e-05,7.999999797903001e-05
-2.875999966473602e-05,7.999999797903001e-05
-2.875599966440506e-05,7.999999797903001e-05
-2.8751999664074097e-05,7.999999797903001e-05
-2.8747999663743136e-05,7.999999797903001e-05
-2.8743999663412174e-05,7.999999797903001e-05
-2.8739999663081213e-05,7.999999797903001e-05
-2.873599966275025e-05,7.999999797903001e-05
-2.873199966241929e-05,7.999999797903001e-05
-2.872799966208833e-05,3.9999998989515007e-05
-2.8723999661757367e-05,7.999999797903001e-05
-2.8719999661426406e-05,3.9999998989515007e-05
-2.8715999661095444e-05,3.9999998989515007e-05
-2.8711999660764483e-05,3.9999998989515007e-05
-2.870799966043352e-05,7.999999797903001e-05
-2.870399966010256e-05,7.999999797903001e-05
-2.8699999659771598e-05,7.999999797903001e-05
-2.8695999659440637e-05,7.999999797903001e-05
-2.8691999659109675e-05,7.999999797903001e-05
-2.8687999658778714e-05,7.999999797903001e-05
-2.8683999658447752e-05,7.999999797903001e-05
-2.867999965811679e-05,7.999999797903001e-05
-2.867599965778583e-05,7.999999797903001e-05
-2.8671999657454868e-05,7.999999797903001e-05
-2.8667999657123906e-05,7.999999797903001e-05
-2.8663999656792945e-05,7.999999797903001e-05
-2.8659999656461983e-05,7.999999797903001e-05
-2.8655999656131022e-05,3.9999998989515007e-05
-2.865199965580006e-05,7.999999797903001e-05
-2.86479996554691e-05,3.9999998989515007e-05
-2.8643999655138137e-05,7.999999797903001e-05
-2.8639999654807176e-05,7.999999797903001e-05
-2.8635999654476214e-05,7.999999797903001e-05
-2.8631999654145253e-05,7.999999797903001e-05
-2.862799965381429e-05,7.999999797903001e-05
-2.862399965348333e-05,7.999999797903001e-05
-2.861999965315237e-05,7.999999797903001e-05
-2.8615999652821407e-05,7.999999797903001e-05
-2.8611999652490445e-05,7.999999797903001e-05
-2.8607999652159484e-05,7.999999797903001e-05
-2.8603999651828522e-05,7.999999797903001e-05
-2.859999965149756e-05,3.9999998989515007e-05
-2.85959996511666e-05,3.9999998989515007e-05
-2.8591999650835638e-05,3.9999998989515007e-05
-2.8587999650504677e-05,3.9999998989515007e-05
-2.8583999650173715e-05,3.9999998989515007e-05
-2.8579999649842754e-05,7.999999797903001e-05
-2.8575999649511792e-05,7.999999797903001e-05
-2.857199964918083e-05,7.999999797903001e-05
-2.856799964884987e-05,0.00011999999696854502
-2.8563999648518908e-05,0.00011999999696854502
-2.8559999648187946e-05,7.999999797903001e-05
-2.8555999647856985e-05,7.999999797903001e-05
-2.8551999647526023e-05,7.999999797903001e-05
-2.8547999647195062e-05,7.999999797903001e-05
-2.85439996468641e-05,3.9999998989515007e-05
-2.853999964653314e-05,7.999999797903001e-05
-2.8535999646202177e-05,3.9999998989515007e-05
-2.8531999645871216e-05,3.9999998989515007e-05
-2.8527999645540254e-05,3.9999998989515007e-05
-2.8523999645209293e-05,7.999999797903001e-05
-2.851999964487833e-05,7.999999797903001e-05
-2.851599964454737e-05,7.999999797903001e-05
-2.851199964421641e-05,7.999999797903001e-05
-2.8507999643885447e-05,7.999999797903001e-05
-2.8503999643554485e-05,7.999999797903001e-05
-2.8499999643223524e-05,7.999999797903001e-05
-2.8495999642892562e-05,7.999999797903001e-05
-2.84919996425616e-05,7.999999797903001e-05
-2.848799964223064e-05,7.999999797903001e-05
-2.8483999641899678e-05,7.999999797903001e-05
-2.8479999641568716e-05,7.999999797903001e-05
-2.8475999641237755e-05,3.9999998989515007e-05
-2.8471999640906794e-05,3.9999998989515007e-05
-2.8467999640575832e-05,3.9999998989515007e-05
-2.846399964024487e-05,3.9999998989515007e-05
-2.845999963991391e-05,7.999999797903001e-05
-2.8455999639582948e-05,7.999999797903001e-05
-2.8451999639251986e-05,7.999999797903001e-05
-2.8447999638921025e-05,7.999999797903001e-05
-2.8443999638590063e-05,7.999999797903001e-05
-2.84399996382591e-05,7.999999797903001e-05
-2.843599963792814e-05,7.999999797903001e-05
-2.843199963759718e-05,3.9999998989515007e-05
-2.8427999637266217e-05,7.999999797903001e-05
-2.8423999636935256e-05,3.9999998989515007e-05
-2.8419999636604294e-05,7.999999797903001e-05
-2.8415999636273333e-05,3.9999998989515007e-05
-2.841199963594237e-05,7.999999797903001e-05
-2.840799963561141e-05,3.9999998989515007e-05
-2.8403999635280448e-05,7.999999797903001e-05
-2.8399999634949487e-05,7.999999797903001e-05
-2.8395999634618525e-05,7.999999797903001e-05
-2.8391999634287564e-05,7.999999797903001e-05
-2.8387999633956602e-05,7.999999797903001e-05
-2.838399963362564e-05,7.999999797903001e-05
-2.837999963329468e-05,7.999999797903001e-05
-2.8375999632963718e-05,7.999999797903001e-05
-2.8371999632632756e-05,7.999999797903001e-05
-2.8367999632301795e-05,7.999999797903001e-05
-2.8363999631970833e-05,7.999999797903001e-05
-2.8359999631639872e-05,7.999999797903001e-05
-2.835599963130891e-05,7.999999797903001e-05
-2.835199963097795e-05,3.9999998989515007e-05
-2.8347999630646988e-05,3.9999998989515007e-05
-2.8343999630316026e-05,3.9999998989515007e-05
-2.8339999629985065e-05,7.999999797903001e-05
-2.8335999629654103e-05,7.999999797903001e-05
-2.833199962932314e-05,7.999999797903001e-05
-2.832799962899218e-05,7.999999797903001e-05
-2.832399962866122e-05,7.999999797903001e-05
-2.8319999628330257e-05,7.999999797903001e-05
-2.8315999627999296e-05,7.999999797903001e-05
-2.8311999627668334e-05,3.9999998989515007e-05
-2.8307999627337373e-05,3.9999998989515007e-05
-2.830399962700641e-05,7.999999797903001e-05
-2.829999962667545e-05,7.999999797903001e-05
-2.8295999626344488e-05,7.999999797903001e-05
-2.8291999626013527e-05,7.999999797903001e-05
-2.8287999625682565e-05,3.9999998989515007e-05
-2.8283999625351604e-05,7.999999797903001e-05
-2.8279999625020642e-05,7.999999797903001e-05
-2.827599962468968e-05,7.999999797903001e-05
-2.827199962435872e-05,3.9999998989515007e-05
-2.8267999624027758e-05,7.999999797903001e-05
-2.8263999623696796e-05,7.999999797903001e-05
-2.8259999623365835e-05,7.999999797903001e-05
-2.8255999623034873e-05,7.999999797903001e-05
-2.8251999622703912e-05,7.999999797903001e-05
-2.824799962237295e-05,7.999999797903001e-05
-2.824399962204199e-05,7.999999797903001e-05
-2.8239999621711027e-05,3.9999998989515007e-05
-2.8235999621380066e-05,7.999999797903001e-05
-2.8231999621049104e-05,3.9999998989515007e-05
-2.8227999620718143e-05,7.999999797903001e-05
-2.822399962038718e-05,3.9999998989515007e-05
-2.821999962005622e-05,7.999999797903001e-05
-2.821599961972526e-05,3.9999998989515007e-05
-2.8211999619394297e-05,7.999999797903001e-05
-2.8207999619063336e-05,3.9999998989515007e-05
-2.8203999618732374e-05,7.999999797903001e-05
-2.8199999618401413e-05,7.999999797903001e-05
-2.819599961807045e-05,7.999999797903001e-05
-2.819199961773949e-05,7.999999797903001e-05
-2.8187999617408528e-05,7.999999797903001e-05
-2.8183999617077567e-05,7.999999797903001e-05
-2.8179999616746605e-05,7.999999797903001e-05
-2.8175999616415644e-05,7.999999797903001e-05
-2.8171999616084682e-05,0.00011999999696854502
-2.816799961575372e-05,7.999999797903001e-05
-2.816399961542276e-05,7.999999797903001e-05
-2.8159999615091798e-05,7.999999797903001e-05
-2.8155999614760836e-05,3.9999998989515007e-05
-2.8151999614429875e-05,3.9999998989515007e-05
-2.8147999614098913e-05,7.999999797903001e-05
-2.8143999613767952e-05,3.9999998989515007e-05
-2.813999961343699e-05,7.999999797903001e-05
-2.813599961310603e-05,3.9999998989515007e-05
-2.8131999612775067e-05,7.999999797903001e-05
-2.8127999612444106e-05,7.999999797903001e-05
-2.8123999612113144e-05,7.999999797903001e-05
-2.8119999611782183e-05,7.999999797903001e-05
-2.811599961145122e-05,7.999999797903001e-05
-2.811199961112026e-05,3.9999998989515007e-05
-2.81079996107893e-05,7.999999797903001e-05
-2.8103999610458337e-05,3.9999998989515007e-05
-2.8099999610127376e-05,7.999999797903001e-05
-2.8095999609796414e-05,3.9999998989515007e-05
-2.8091999609465453e-05,7.999999797903001e-05
-2.808799960913449e-05,7.999999797903001e-05
-2.808399960880353e-05,7.999999797903001e-05
-2.8079999608472568e-05,7.999999797903001e-05
-2.8075999608141607e-05,0.00011999999696854502
-2.8071999607810645e-05,7.999999797903001e-05
-2.8067999607479684e-05,7.999999797903001e-05
-2.8063999607148722e-05,3.9999998989515007e-05
-2.805999960681776e-05,7.999999797903001e-05
-2.80559996064868e-05,3.9999998989515007e-05
-2.8051999606155838e-05,7.999999797903001e-05
-2.8047999605824876e-05,7.999999797903001e-05
-2.8043999605493915e-05,7.999999797903001e-05
-2.8039999605162953e-05,7.999999797903001e-05
-2.8035999604831992e-05,7.999999797903001e-05
-2.803199960450103e-05,3.9999998989515007e-05
-2.802799960417007e-05,3.9999998989515007e-05
-2.8023999603839107e-05,3.9999998989515007e-05
-2.8019999603508146e-05,7.999999797903001e-05
-2.8015999603177184e-05,7.999999797903001e-05
-2.8011999602846223e-05,7.999999797903001e-05
-2.800799960251526e-05,7.999999797903001e-05
-2.80039996021843e-05,7.999999797903001e-05
-2.799999960185334e-05,7.999999797903001e-05
-2.7995999601522377e-05,7.999999797903001e-05
-2.7991999601191415e-05,7.999999797903001e-05
-2.7987999600860454e-05,7.999999797903001e-05
-2.7983999600529492e-05,3.9999998989515007e-05
-2.797999960019853e-05,3.9999998989515007e-05
-2.797599959986757e-05,3.9999998989515007e-05
-2.7971999599536608e-05,7.999999797903001e-05
-2.7967999599205647e-05,3.9999998989515007e-05
-2.7963999598874685e-05,7.999999797903001e-05
-2.7959999598543724e-05,7.999999797903001e-05
-2.7955999598212762e-05,7.999999797903001e-05
-2.79519995978818e-05,7.999999797903001e-05
-2.794799959755084e-05,7.999999797903001e-05
-2.7943999597219878e-05,3.9999998989515007e-05
-2.7939999596888916e-05,7.999999797903001e-05
-2.7935999596557955e-05,3.9999998989515007e-05
-2.7931999596226993e-05,7.999999797903001e-05
-2.792799959589603e-05,7.999999797903001e-05
-2.792399959556507e-05,7.999999797903001e-05
-2.791999959523411e-05,7.999999797903001e-05
-2.7915999594903147e-05,3.9999998989515007e-05
-2.7911999594572186e-05,3.9999998989515007e-05
-2.7907999594241224e-05,3.9999998989515007e-05
-2.7903999593910263e-05,7.999999797903001e-05
-2.78999995935793e-05,7.999999797903001e-05
-2.789599959324834e-05,7.999999797903001e-05
-2.789199959291738e-05,7.999999797903001e-05
-2.7887999592586417e-05,7.999999797903001e-05
-2.7883999592255455e-05,7.999999797903001e-05
-2.7879999591924494e-05,7.999999797903001e-05
-2.7875999591593532e-05,7.999999797903001e-05
-2.787199959126257e-05,7.999999797903001e-05
-2.786799959093161e-05,7.999999797903001e-05
-2.7863999590600648e-05,3.9999998989515007e-05
-2.7859999590269686e-05,3.9999998989515007e-05
-2.7855999589938725e-05,7.999999797903001e-05
-2.7851999589607763e-05,7.999999797903001e-05
-2.7847999589276802e-05,7.999999797903001e-05
-2.784399958894584e-05,7.999999797903001e-05
-2.783999958861488e-05,3.9999998989515007e-05
-2.7835999588283918e-05,7.999999797903001e-05
-2.7831999587952956e-05,7.999999797903001e-05
-2.7827999587621995e-05,7.999999797903001e-05
-2.7823999587291033e-05,7.999999797903001e-05
-2.781999958696007e-05,7.999999797903001e-05
-2.781599958662911e-05,7.999999797903001e-05
-2.781199958629815e-05,7.999999797903001e-05
-2.7807999585967187e-05,7.999999797903001e-05
-2.7803999585636226e-05,7.999999797903001e-05
-2.7799999585305264e-05,7.999999797903001e-05
-2.7795999584974303e-05,7.999999797903001e-05
-2.779199958464334e-05,7.999999797903001e-05
-2.778799958431238e-05,7.999999797903001e-05
-2.7783999583981418e-05,7.999999797903001e-05
-2.7779999583650457e-05,7.999999797903001e-05
-2.7775999583319495e-05,3.9999998989515007e-05
-2.7771999582988534e-05,7.999999797903001e-05
-2.7767999582657572e-05,7.999999797903001e-05
-2.776399958232661e-05,7.999999797903001e-05
-2.775999958199565e-05,7.999999797903001e-05
-2.7755999581664688e-05,7.999999797903001e-05
-2.7751999581333726e-05,3.9999998989515007e-05
-2.7747999581002765e-05,7.999999797903001e-05
-2.7743999580671803e-05,7.999999797903001e-05
-2.7739999580340842e-05,7.999999797903001e-05
-2.773599958000988e-05,7.999999797903001e-05
-2.773199957967892e-05,7.999999797903001e-05
-2.7727999579347957e-05,7.999999797903001e-05
-2.7723999579016996e-05,7.999999797903001e-05
-2.7719999578686035e-05,7.999999797903001e-05
-2.7715999578355073e-05,7.999999797903001e-05
-2.771199957802411e-05,7.999999797903001e-05
-2.770799957769315e-05,7.999999797903001e-05
-2.770399957736219e-05,3.9999998989515007e-05
-2.7699999577031227e-05,7.999999797903001e-05
-2.7695999576700266e-05,3.9999998989515007e-05
-2.7691999576369304e-05,7.999999797903001e-05
-2.7687999576038343e-05,7.999999797903001e-05
-2.768399957570738e-05,7.999999797903001e-05
-2.767999957537642e-05,7.999999797903001e-05
-2.7675999575045458e-05,7.999999797903001e-05
-2.7671999574714497e-05,7.999999797903001e-05
-2.7667999574383535e-05,7.999999797903001e-05
-2.7663999574052574e-05,7.999999797903001e-05
-2.7659999573721612e-05,7.999999797903001e-05
-2.765599957339065e-05,3.9999998989515007e-05
-2.765199957305969e-05,7.999999797903001e-05
-2.7647999572728728e-05,7.999999797903001e-05
-2.7643999572397766e-05,7.999999797903001e-05
-2.7639999572066805e-05,7.999999797903001e-05
-2.7635999571735843e-05,7.999999797903001e-05
-2.7631999571404882e-05,7.999999797903001e-05
-2.762799957107392e-05,7.999999797903001e-05
-2.762399957074296e-05,7.999999797903001e-05
-2.7619999570411997e-05,7.999999797903001e-05
-2.7615999570081036e-05,3.9999998989515007e-05
-2.7611999569750074e-05,7.999999797903001e-05
-2.7607999569419113e-05,7.999999797903001e-05
-2.760399956908815e-05,7.999999797903001e-05
-2.759999956875719e-05,7.999999797903001e-05
-2.759599956842623e-05,7.999999797903001e-05
-2.7591999568095267e-05,7.999999797903001e-05
-2.7587999567764306e-05,7.999999797903001e-05
-2.7583999567433344e-05,7.999999797903001e-05
-2.7579999567102383e-05,7.999999797903001e-05
-2.757599956677142e-05,3.9999998989515007e-05
-2.757199956644046e-05,7.999999797903001e-05
-2.7567999566109498e-05,7.999999797903001e-05
-2.7563999565778537e-05,7.999999797903001e-05
-2.7559999565447575e-05,7.999999797903001e-05
-2.7555999565116614e-05,7.999999797903001e-05
-2.7551999564785652e-05,7.999999797903001e-05
-2.754799956445469e-05,7.999999797903001e-05
-2.754399956412373e-05,7.999999797903001e-05
-2.7539999563792768e-05,7.999999797903001e-05
-2.7535999563461806e-05,7.999999797903001e-05
-2.7531999563130845e-05,7.999999797903001e-05
-2.7527999562799883e-05,7.999999797903001e-05
-2.7523999562468922e-05,7.999999797903001e-05
-2.751999956213796e-05,7.999999797903001e-05
-2.7515999561807e-05,7.999999797903001e-05
-2.7511999561476037e-05,7.999999797903001e-05
-2.7507999561145076e-05,7.999999797903001e-05
-2.7503999560814114e-05,3.9999998989515007e-05
-2.7499999560483153e-05,7.999999797903001e-05
-2.749599956015219e-05,7.999999797903001e-05
-2.749199955982123e-05,7.999999797903001e-05
-2.748799955949027e-05,3.9999998989515007e-05
-2.7483999559159307e-05,7.999999797903001e-05
-2.7479999558828345e-05,7.999999797903001e-05
-2.7475999558497384e-05,7.999999797903001e-05
-2.7471999558166423e-05,7.999999797903001e-05
-2.746799955783546e-05,7.999999797903001e-05
-2.74639995575045e-05,7.999999797903001e-05
-2.7459999557173538e-05,7.999999797903001e-05
-2.7455999556842577e-05,7.999999797903001e-05
-2.7451999556511615e-05,7.999999797903001e-05
-2.7447999556180654e-05,7.999999797903001e-05
-2.7443999555849692e-05,7.999999797903001e-05
-2.743999955551873e-05,3.9999998989515007e-05
-2.743599955518777e-05,7.999999797903001e-05
-2.7431999554856808e-05,7.999999797903001e-05
-2.7427999554525846e-05,7.999999797903001e-05
-2.7423999554194885e-05,7.999999797903001e-05
-2.7419999553863923e-05,7.999999797903001e-05
-2.7415999553532962e-05,7.999999797903001e-05
-2.7411999553202e-05,7.999999797903001e-05
-2.740799955287104e-05,7.999999797903001e-05
-2.7403999552540077e-05,7.999999797903001e-05
-2.7399999552209116e-05,3.9999998989515007e-05
-2.7395999551878154e-05,7.999999797903001e-05
-2.7391999551547193e-05,7.999999797903001e-05
-2.738799955121623e-05,7.999999797903001e-05
-2.738399955088527e-05,7.999999797903001e-05
-2.737999955055431e-05,7.999999797903001e-05
-2.7375999550223347e-05,3.9999998989515007e-05
-2.7371999549892385e-05,7.999999797903001e-05
-2.7367999549561424e-05,3.9999998989515007e-05
-2.7363999549230462e-05,7.999999797903001e-05
-2.73599995488995e-05,7.999999797903001e-05
-2.735599954856854e-05,7.999999797903001e-05
-2.7351999548237578e-05,0.00011999999696854502
-2.7347999547906617e-05,7.999999797903001e-05
-2.7343999547575655e-05,7.999999797903001e-05
-2.7339999547244694e-05,7.999999797903001e-05
-2.7335999546913732e-05,3.9999998989515007e-05
-2.733199954658277e-05,7.999999797903001e-05
-2.732799954625181e-05,3.9999998989515007e-05
-2.7323999545920848e-05,7.999999797903001e-05
-2.7319999545589886e-05,3.9999998989515007e-05
-2.7315999545258925e-05,3.9999998989515007e-05
-2.7311999544927963e-05,3.9999998989515007e-05
-2.7307999544597e-05,7.999999797903001e-05
-2.730399954426604e-05,7.999999797903001e-05
-2.729999954393508e-05,7.999999797903001e-05
-2.7295999543604117e-05,7.999999797903001e-05
-2.7291999543273156e-05,7.999999797903001e-05
-2.7287999542942194e-05,7.999999797903001e-05
-2.7283999542611233e-05,7.999999797903001e-05
-2.727999954228027e-05,7.999999797903001e-05
-2.727599954194931e-05,7.999999797903001e-05
-2.727199954161835e-05,7.999999797903001e-05
-2.7267999541287387e-05,7.999999797903001e-05
-2.7263999540956425e-05,3.9999998989515007e-05
-2.7259999540625464e-05,3.9999998989515007e-05
-2.7255999540294502e-05,3.9999998989515007e-05
-2.725199953996354e-05,7.999999797903001e-05
-2.724799953963258e-05,3.9999998989515007e-05
-2.7243999539301618e-05,7.999999797903001e-05
-2.7239999538970656e-05,7.999999797903001e-05
-2.7235999538639695e-05,7.999999797903001e-05
-2.7231999538308733e-05,7.999999797903001e-05
-2.7227999537977772e-05,0.00011999999696854502
-2.722399953764681e-05,7.999999797903001e-05
-2.721999953731585e-05,7.999999797903001e-05
-2.7215999536984888e-05,3.9999998989515007e-05
-2.7211999536653926e-05,3.9999998989515007e-05
-2.7207999536322965e-05,3.9999998989515007e-05
-2.7203999535992003e-05,7.999999797903001e-05
-2.719999953566104e-05,7.999999797903001e-05
-2.719599953533008e-05,7.999999797903001e-05
-2.719199953499912e-05,7.999999797903001e-05
-2.7187999534668157e-05,7.999999797903001e-05
-2.7183999534337196e-05,7.999999797903001e-05
-2.7179999534006234e-05,7.999999797903001e-05
-2.7175999533675273e-05,7.999999797903001e-05
-2.717199953334431e-05,7.999999797903001e-05
-2.716799953301335e-05,7.999999797903001e-05
-2.7163999532682388e-05,7.999999797903001e-05
-2.7159999532351427e-05,7.999999797903001e-05
-2.7155999532020465e-05,7.999999797903001e-05
-2.7151999531689504e-05,7.999999797903001e-05
-2.7147999531358542e-05,7.999999797903001e-05
-2.714399953102758e-05,7.999999797903001e-05
-2.713999953069662e-05,3.9999998989515007e-05
-2.7135999530365658e-05,3.9999998989515007e-05
-2.7131999530034696e-05,3.9999998989515007e-05
-2.7127999529703735e-05,7.999999797903001e-05
-2.7123999529372773e-05,7.999999797903001e-05
-2.7119999529041812e-05,7.999999797903001e-05
-2.711599952871085e-05,7.999999797903001e-05
-2.711199952837989e-05,7.999999797903001e-05
-2.7107999528048927e-05,7.999999797903001e-05
-2.7103999527717966e-05,7.999999797903001e-05
-2.7099999527387005e-05,7.999999797903001e-05
-2.7095999527056043e-05,7.999999797903001e-05
-2.709199952672508e-05,7.999999797903001e-05
-2.708799952639412e-05,3.9999998989515007e-05
-2.708399952606316e-05,3.9999998989515007e-05
-2.7079999525732197e-05,3.9999998989515007e-05
-2.7075999525401236e-05,7.999999797903001e-05
-2.7071999525070274e-05,7.999999797903001e-05
-2.7067999524739313e-05,7.999999797903001e-05
-2.706399952440835e-05,7.999999797903001e-05
-2.705999952407739e-05,7.999999797903001e-05
-2.7055999523746428e-05,7.999999797903001e-05
-2.7051999523415467e-05,7.999999797903001e-05
-2.7047999523084505e-05,7.999999797903001e-05
-2.7043999522753544e-05,7.999999797903001e-05
-2.7039999522422582e-05,7.999999797903001e-05
-2.703599952209162e-05,7.999999797903001e-05
-2.703199952176066e-05,7.999999797903001e-05
-2.7027999521429698e-05,7.999999797903001e-05
-2.7023999521098736e-05,7.999999797903001e-05
-2.7019999520767775e-05,3.9999998989515007e-05
-2.7015999520436813e-05,7.999999797903001e-05
-2.7011999520105852e-05,7.999999797903001e-05
-2.700799951977489e-05,7.999999797903001e-05
-2.700399951944393e-05,7.999999797903001e-05
-2.6999999519112967e-05,3.9999998989515007e-05
-2.6995999518782006e-05,7.999999797903001e-05
-2.6991999518451044e-05,7.999999797903001e-05
-2.6987999518120083e-05,7.999999797903001e-05
-2.698399951778912e-05,7.999999797903001e-05
-2.697999951745816e-05,7.999999797903001e-05
-2.69759995171272e-05,7.999999797903001e-05
-2.6971999516796237e-05,7.999999797903001e-05
-2.6967999516465276e-05,7.999999797903001e-05
-2.6963999516134314e-05,7.999999797903001e-05
-2.6959999515803353e-05,7.999999797903001e-05
-2.695599951547239e-05,7.999999797903001e-05
-2.695199951514143e-05,7.999999797903001e-05
-2.6947999514810468e-05,7.999999797903001e-05
-2.6943999514479507e-05,7.999999797903001e-05
-2.6939999514148545e-05,7.999999797903001e-05
-2.6935999513817584e-05,7.999999797903001e-05
-2.6931999513486622e-05,7.999999797903001e-05
-2.692799951315566e-05,3.9999998989515007e-05
-2.69239995128247e-05,7.999999797903001e-05
-2.6919999512493738e-05,3.9999998989515007e-05
-2.6915999512162776e-05,7.999999797903001e-05
-2.6911999511831815e-05,7.999999797903001e-05
-2.6907999511500853e-05,7.999999797903001e-05
-2.6903999511169892e-05,7.999999797903001e-05
-2.689999951083893e-05,7.999999797903001e-05
-2.689599951050797e-05,7.999999797903001e-05
-2.6891999510177007e-05,7.999999797903001e-05
-2.6887999509846046e-05,3.9999998989515007e-05
-2.6883999509515084e-05,7.999999797903001e-05
-2.6879999509184123e-05,3.9999998989515007e-05
-2.687599950885316e-05,7.999999797903001e-05
-2.68719995085222e-05,7.999999797903001e-05
-2.686799950819124e-05,7.999999797903001e-05
-2.6863999507860277e-05,7.999999797903001e-05
-2.6859999507529315e-05,7.999999797903001e-05
-2.6855999507198354e-05,7.999999797903001e-05
-2.6851999506867392e-05,7.999999797903001e-05
-2.684799950653643e-05,7.999999797903001e-05
-2.684399950620547e-05,7.999999797903001e-05
-2.6839999505874508e-05,3.9999998989515007e-05
-2.6835999505543547e-05,7.999999797903001e-05
-2.6831999505212585e-05,7.999999797903001e-05
-2.6827999504881624e-05,7.999999797903001e-05
-2.6823999504550662e-05,7.999999797903001e-05
-2.68199995042197e-05,7.999999797903001e-05
-2.681599950388874e-05,7.999999797903001e-05
-2.6811999503557778e-05,7.999999797903001e-05
-2.6807999503226816e-05,3.9999998989515007e-05
-2.6803999502895855e-05,7.999999797903001e-05
-2.6799999502564893e-05,7.999999797903001e-05
-2.6795999502233932e-05,7.999999797903001e-05
-2.679199950190297e-05,7.999999797903001e-05
-2.678799950157201e-05,7.999999797903001e-05
-2.6783999501241047e-05,7.999999797903001e-05
-2.6779999500910086e-05,3.9999998989515007e-05
-2.6775999500579124e-05,7.999999797903001e-05
-2.6771999500248163e-05,7.999999797903001e-05
-2.67679994999172e-05,7.999999797903001e-05
-2.676399949958624e-05,7.999999797903001e-05
-2.675999949925528e-05,7.999999797903001e-05
-2.6755999498924317e-05,7.999999797903001e-05
-2.6751999498593355e-05,7.999999797903001e-05
-2.6747999498262394e-05,0.00011999999696854502
-2.6743999497931432e-05,7.999999797903001e-05
-2.673999949760047e-05,7.999999797903001e-05
-2.673599949726951e-05,3.9999998989515007e-05
-2.6731999496938548e-05,3.9999998989515007e-05
-2.6727999496607586e-05,3.9999998989515007e-05
-2.6723999496276625e-05,3.9999998989515007e-05
-2.6719999495945664e-05,3.9999998989515007e-05
-2.6715999495614702e-05,3.9999998989515007e-05
-2.671199949528374e-05,7.999999797903001e-05
-2.670799949495278e-05,7.999999797903001e-05
-2.6703999494621818e-05,7.999999797903001e-05
-2.6699999494290856e-05,7.999999797903001e-05
-2.6695999493959895e-05,7.999999797903001e-05
-2.6691999493628933e-05,7.999999797903001e-05
-2.668799949329797e-05,7.999999797903001e-05
-2.668399949296701e-05,3.9999998989515007e-05
-2.667999949263605e-05,3.9999998989515007e-05
-2.6675999492305087e-05,7.999999797903001e-05
-2.6671999491974126e-05,7.999999797903001e-05
-2.6667999491643164e-05,7.999999797903001e-05
-2.6663999491312203e-05,7.999999797903001e-05
-2.665999949098124e-05,7.999999797903001e-05
-2.665599949065028e-05,7.999999797903001e-05
-2.6651999490319318e-05,7.999999797903001e-05
-2.6647999489988357e-05,7.999999797903001e-05
-2.6643999489657395e-05,7.999999797903001e-05
-2.6639999489326434e-05,7.999999797903001e-05
-2.6635999488995472e-05,7.999999797903001e-05
-2.663199948866451e-05,7.999999797903001e-05
-2.662799948833355e-05,7.999999797903001e-05
-2.6623999488002588e-05,7.999999797903001e-05
-2.6619999487671626e-05,7.999999797903001e-05
-2.6615999487340665e-05,7.999999797903001e-05
-2.6611999487009703e-05,7.999999797903001e-05
-2.6607999486678742e-05,3.9999998989515007e-05
-2.660399948634778e-05,3.9999998989515007e-05
-2.659999948601682e-05,3.9999998989515007e-05
-2.6595999485685858e-05,7.999999797903001e-05
-2.6591999485354896e-05,3.9999998989515007e-05
-2.6587999485023935e-05,7.999999797903001e-05
-2.6583999484692973e-05,7.999999797903001e-05
-2.657999948436201e-05,7.999999797903001e-05
-2.657599948403105e-05,7.999999797903001e-05
-2.657199948370009e-05,7.999999797903001e-05
-2.6567999483369127e-05,7.999999797903001e-05
-2.6563999483038166e-05,7.999999797903001e-05
-2.6559999482707204e-05,7.999999797903001e-05
-2.6555999482376243e-05,7.999999797903001e-05
-2.655199948204528e-05,7.999999797903001e-05
-2.654799948171432e-05,7.999999797903001e-05
-2.6543999481383358e-05,3.9999998989515007e-05
-2.6539999481052397e-05,7.999999797903001e-05
-2.6535999480721435e-05,3.9999998989515007e-05
-2.6531999480390474e-05,7.999999797903001e-05
-2.6527999480059512e-05,7.999999797903001e-05
-2.652399947972855e-05,7.999999797903001e-05
-2.651999947939759e-05,3.9999998989515007e-05
-2.6515999479066628e-05,7.999999797903001e-05
-2.6511999478735666e-05,7.999999797903001e-05
-2.6507999478404705e-05,7.999999797903001e-05
-2.6503999478073743e-05,7.999999797903001e-05
-2.6499999477742782e-05,7.999999797903001e-05
-2.649599947741182e-05,7.999999797903001e-05
-2.649199947708086e-05,7.999999797903001e-05
-2.6487999476749897e-05,7.999999797903001e-05
-2.6483999476418936e-05,7.999999797903001e-05
-2.6479999476087974e-05,3.9999998989515007e-05
-2.6475999475757013e-05,7.999999797903001e-05
-2.647199947542605e-05,7.999999797903001e-05
-2.646799947509509e-05,7.999999797903001e-05
-2.646399947476413e-05,7.999999797903001e-05
-2.6459999474433167e-05,7.999999797903001e-05
-2.6455999474102206e-05,7.999999797903001e-05
-2.6451999473771244e-05,7.999999797903001e-05
-2.6447999473440283e-05,7.999999797903001e-05
-2.644399947310932e-05,7.999999797903001e-05
-2.643999947277836e-05,7.999999797903001e-05
-2.6435999472447398e-05,7.999999797903001e-05
-2.6431999472116437e-05,7.999999797903001e-05
-2.6427999471785475e-05,7.999999797903001e-05
-2.6423999471454514e-05,7.999999797903001e-05
-2.6419999471123552e-05,7.999999797903001e-05
-2.641599947079259e-05,7.999999797903001e-05
-2.641199947046163e-05,7.999999797903001e-05
-2.6407999470130668e-05,7.999999797903001e-05
-2.6403999469799706e-05,7.999999797903001e-05
-2.6399999469468745e-05,3.9999998989515007e-05
-2.6395999469137783e-05,3.9999998989515007e-05
-2.6391999468806822e-05,7.999999797903001e-05
-2.638799946847586e-05,7.999999797903001e-05
-2.63839994681449e-05,7.999999797903001e-05
-2.6379999467813937e-05,7.999999797903001e-05
-2.6375999467482976e-05,7.999999797903001e-05
-2.6371999467152014e-05,7.999999797903001e-05
-2.6367999466821053e-05,7.999999797903001e-05
-2.636399946649009e-05,7.999999797903001e-05
-2.635999946615913e-05,3.9999998989515007e-05
-2.635599946582817e-05,7.999999797903001e-05
-2.6351999465497207e-05,7.999999797903001e-05
-2.6347999465166246e-05,7.999999797903001e-05
-2.6343999464835284e-05,7.999999797903001e-05
-2.6339999464504323e-05,7.999999797903001e-05
-2.633599946417336e-05,7.999999797903001e-05
-2.63319994638424e-05,7.999999797903001e-05
-2.6327999463511438e-05,3.9999998989515007e-05
-2.6323999463180477e-05,7.999999797903001e-05
-2.6319999462849515e-05,7.999999797903001e-05
-2.6315999462518554e-05,7.999999797903001e-05
-2.6311999462187592e-05,7.999999797903001e-05
-2.630799946185663e-05,7.999999797903001e-05
-2.630399946152567e-05,7.999999797903001e-05
-2.6299999461194708e-05,7.999999797903001e-05
-2.6295999460863746e-05,7.999999797903001e-05
-2.6291999460532785e-05,7.999999797903001e-05
-2.6287999460201823e-05,7.999999797903001e-05
-2.6283999459870862e-05,7.999999797903001e-05
-2.62799994595399e-05,3.9999998989515007e-05
-2.627599945920894e-05,3.9999998989515007e-05
-2.6271999458877977e-05,7.999999797903001e-05
-2.6267999458547016e-05,7.999999797903001e-05
-2.6263999458216054e-05,3.9999998989515007e-05
-2.6259999457885093e-05,7.999999797903001e-05
-2.625599945755413e-05,7.999999797903001e-05
-2.625199945722317e-05,7.999999797903001e-05
-2.624799945689221e-05,7.999999797903001e-05
-2.6243999456561247e-05,3.9999998989515007e-05
-2.6239999456230285e-05,3.9999998989515007e-05
-2.6235999455899324e-05,7.999999797903001e-05
-2.6231999455568362e-05,3.9999998989515007e-05
-2.62279994552374e-05,7.999999797903001e-05
-2.622399945490644e-05,7.999999797903001e-05
-2.6219999454575478e-05,7.999999797903001e-05
-2.6215999454244517e-05,7.999999797903001e-05
-2.6211999453913555e-05,7.999999797903001e-05
-2.6207999453582594e-05,7.999999797903001e-05
-2.6203999453251632e-05,7.999999797903001e-05
-2.619999945292067e-05,7.999999797903001e-05
-2.619599945258971e-05,7.999999797903001e-05
-2.6191999452258748e-05,3.9999998989515007e-05
-2.6187999451927786e-05,7.999999797903001e-05
-2.6183999451596825e-05,7.999999797903001e-05
-2.6179999451265863e-05,7.999999797903001e-05
-2.6175999450934902e-05,7.999999797903001e-05
-2.617199945060394e-05,7.999999797903001e-05
-2.616799945027298e-05,7.999999797903001e-05
-2.6163999449942017e-05,7.999999797903001e-05
-2.6159999449611056e-05,3.9999998989515007e-05
-2.6155999449280094e-05,7.999999797903001e-05
-2.6151999448949133e-05,3.9999998989515007e-05
-2.614799944861817e-05,7.999999797903001e-05
-2.614399944828721e-05,7.999999797903001e-05
-2.613999944795625e-05,7.999999797903001e-05
-2.6135999447625287e-05,7.999999797903001e-05
-2.6131999447294325e-05,7.999999797903001e-05
-2.6127999446963364e-05,7.999999797903001e-05
-2.6123999446632402e-05,7.999999797903001e-05
-2.611999944630144e-05,3.9999998989515007e-05
-2.611599944597048e-05,7.999999797903001e-05
-2.6111999445639518e-05,3.9999998989515007e-05
-2.6107999445308556e-05,3.9999998989515007e-05
-2.6103999444977595e-05,3.9999998989515007e-05
-2.6099999444646634e-05,7.999999797903001e-05
-2.6095999444315672e-05,7.999999797903001e-05
-2.609199944398471e-05,7.999999797903001e-05
-2.608799944365375e-05,7.999999797903001e-05
-2.6083999443322788e-05,7.999999797903001e-05
-2.6079999442991826e-05,7.999999797903001e-05
-2.6075999442660865e-05,7.999999797903001e-05
-2.6071999442329903e-05,7.999999797903001e-05
-2.606799944199894e-05,7.999999797903001e-05
-2.606399944166798e-05,7.999999797903001e-05
-2.605999944133702e-05,7.999999797903001e-05
-2.6055999441006057e-05,7.999999797903001e-05
-2.6051999440675096e-05,7.999999797903001e-05
-2.6047999440344134e-05,3.9999998989515007e-05
-2.6043999440013173e-05,7.999999797903001e-05
-2.603999943968221e-05,3.9999998989515007e-05
-2.603599943935125e-05,7.999999797903001e-05
-2.6031999439020288e-05,7.999999797903001e-05
-2.6027999438689327e-05,7.999999797903001e-05
-2.6023999438358365e-05,7.999999797903001e-05
-2.6019999438027404e-05,7.999999797903001e-05
-2.6015999437696442e-05,7.999999797903001e-05
-2.601199943736548e-05,7.999999797903001e-05
-2.600799943703452e-05,7.999999797903001e-05
-2.6003999436703558e-05,7.999999797903001e-05
-2.5999999436372596e-05,7.999999797903001e-05
-2.5995999436041635e-05,7.999999797903001e-05
-2.5991999435710673e-05,3.9999998989515007e-05
-2.5987999435379712e-05,7.999999797903001e-05
-2.598399943504875e-05,3.9999998989515007e-05
-2.597999943471779e-05,7.999999797903001e-05
-2.5975999434386828e-05,3.9999998989515007e-05
-2.5971999434055866e-05,7.999999797903001e-05
-2.5967999433724905e-05,7.999999797903001e-05
-2.5963999433393943e-05,7.999999797903001e-05
-2.595999943306298e-05,7.999999797903001e-05
-2.595599943273202e-05,7.999999797903001e-05
-2.595199943240106e-05,7.999999797903001e-05
-2.5947999432070097e-05,7.999999797903001e-05
-2.5943999431739136e-05,7.999999797903001e-05
-2.5939999431408174e-05,7.999999797903001e-05
-2.5935999431077213e-05,7.999999797903001e-05
-2.593199943074625e-05,7.999999797903001e-05
-2.592799943041529e-05,7.999999797903001e-05
-2.5923999430084328e-05,7.999999797903001e-05
-2.5919999429753367e-05,7.999999797903001e-05
-2.5915999429422405e-05,7.999999797903001e-05
-2.5911999429091444e-05,7.999999797903001e-05
-2.5907999428760482e-05,7.999999797903001e-05
-2.590399942842952e-05,7.999999797903001e-05
-2.589999942809856e-05,7.999999797903001e-05
-2.5895999427767598e-05,7.999999797903001e-05
-2.5891999427436636e-05,7.999999797903001e-05
-2.5887999427105675e-05,7.999999797903001e-05
-2.5883999426774713e-05,7.999999797903001e-05
-2.5879999426443752e-05,7.999999797903001e-05
-2.587599942611279e-05,7.999999797903001e-05
-2.587199942578183e-05,7.999999797903001e-05
-2.5867999425450867e-05,7.999999797903001e-05
-2.5863999425119906e-05,7.999999797903001e-05
-2.5859999424788944e-05,7.999999797903001e-05
-2.5855999424457983e-05,3.9999998989515007e-05
-2.585199942412702e-05,7.999999797903001e-05
-2.584799942379606e-05,7.999999797903001e-05
-2.58439994234651e-05,7.999999797903001e-05
-2.5839999423134137e-05,7.999999797903001e-05
-2.5835999422803176e-05,7.999999797903001e-05
-2.5831999422472214e-05,7.999999797903001e-05
-2.5827999422141253e-05,7.999999797903001e-05
-2.582399942181029e-05,7.999999797903001e-05
-2.581999942147933e-05,7.999999797903001e-05
-2.5815999421148368e-05,7.999999797903001e-05
-2.5811999420817407e-05,7.999999797903001e-05
-2.5807999420486445e-05,7.999999797903001e-05
-2.5803999420155484e-05,7.999999797903001e-05
-2.5799999419824522e-05,3.9999998989515007e-05
-2.579599941949356e-05,7.999999797903001e-05
-2.57919994191626e-05,3.9999998989515007e-05
-2.5787999418831638e-05,7.999999797903001e-05
-2.5783999418500676e-05,3.9999998989515007e-05
-2.5779999418169715e-05,7.999999797903001e-05
-2.5775999417838753e-05,3.9999998989515007e-05
-2.5771999417507792e-05,7.999999797903001e-05
-2.576799941717683e-05,7.999999797903001e-05
-2.576399941684587e-05,7.999999797903001e-05
-2.5759999416514907e-05,7.999999797903001e-05
-2.5755999416183946e-05,7.999999797903001e-05
-2.5751999415852984e-05,3.9999998989515007e-05
-2.5747999415522023e-05,7.999999797903001e-05
-2.574399941519106e-05,3.9999998989515007e-05
-2.57399994148601e-05,7.999999797903001e-05
-2.573599941452914e-05,7.999999797903001e-05
-2.5731999414198177e-05,7.999999797903001e-05
-2.5727999413867215e-05,7.999999797903001e-05
-2.5723999413536254e-05,7.999999797903001e-05
-2.5719999413205293e-05,7.999999797903001e-05
-2.571599941287433e-05,7.999999797903001e-05
-2.571199941254337e-05,3.9999998989515007e-05
-2.5707999412212408e-05,7.999999797903001e-05
-2.5703999411881447e-05,7.999999797903001e-05
-2.5699999411550485e-05,7.999999797903001e-05
-2.5695999411219524e-05,7.999999797903001e-05
-2.5691999410888562e-05,7.999999797903001e-05
-2.56879994105576e-05,7.999999797903001e-05
-2.568399941022664e-05,7.999999797903001e-05
-2.5679999409895678e-05,7.999999797903001e-05
-2.5675999409564716e-05,7.999999797903001e-05
-2.5671999409233755e-05,7.999999797903001e-05
-2.5667999408902793e-05,7.999999797903001e-05
-2.5663999408571832e-05,3.9999998989515007e-05
-2.565999940824087e-05,7.999999797903001e-05
-2.565599940790991e-05,7.999999797903001e-05
-2.5651999407578947e-05,7.999999797903001e-05
-2.5647999407247986e-05,7.999999797903001e-05
-2.5643999406917024e-05,7.999999797903001e-05
-2.5639999406586063e-05,7.999999797903001e-05
-2.56359994062551e-05,7.999999797903001e-05
-2.563199940592414e-05,3.9999998989515007e-05
-2.562799940559318e-05,7.999999797903001e-05
-2.5623999405262217e-05,7.999999797903001e-05
-2.5619999404931255e-05,7.999999797903001e-05
-2.5615999404600294e-05,7.999999797903001e-05
-2.5611999404269332e-05,7.999999797903001e-05
-2.560799940393837e-05,3.9999998989515007e-05
-2.560399940360741e-05,7.999999797903001e-05
-2.5599999403276448e-05,7.999999797903001e-05
-2.5595999402945487e-05,7.999999797903001e-05
-2.5591999402614525e-05,7.999999797903001e-05
-2.5587999402283564e-05,3.9999998989515007e-05
-2.5583999401952602e-05,3.9999998989515007e-05
-2.557999940162164e-05,7.999999797903001e-05
-2.557599940129068e-05,7.999999797903001e-05
-2.5571999400959718e-05,7.999999797903001e-05
-2.5567999400628756e-05,7.999999797903001e-05
-2.5563999400297795e-05,7.999999797903001e-05
-2.5559999399966833e-05,7.999999797903001e-05
-2.555599939963587e-05,7.999999797903001e-05
-2.555199939930491e-05,7.999999797903001e-05
-2.554799939897395e-05,7.999999797903001e-05
-2.5543999398642987e-05,7.999999797903001e-05
-2.5539999398312026e-05,7.999999797903001e-05
-2.5535999397981064e-05,7.999999797903001e-05
-2.5531999397650103e-05,7.999999797903001e-05
-2.552799939731914e-05,7.999999797903001e-05
-2.552399939698818e-05,7.999999797903001e-05
-2.551999939665722e-05,7.999999797903001e-05
-2.5515999396326257e-05,7.999999797903001e-05
-2.5511999395995295e-05,7.999999797903001e-05
-2.5507999395664334e-05,7.999999797903001e-05
-2.5503999395333372e-05,7.999999797903001e-05
-2.549999939500241e-05,7.999999797903001e-05
-2.549599939467145e-05,3.9999998989515007e-05
-2.5491999394340488e-05,7.999999797903001e-05
-2.5487999394009526e-05,7.999999797903001e-05
-2.5483999393678565e-05,7.999999797903001e-05
-2.5479999393347603e-05,7.999999797903001e-05
-2.5475999393016642e-05,7.999999797903001e-05
-2.547199939268568e-05,7.999999797903001e-05
-2.546799939235472e-05,7.999999797903001e-05
-2.5463999392023758e-05,7.999999797903001e-05
-2.5459999391692796e-05,7.999999797903001e-05
-2.5455999391361835e-05,7.999999797903001e-05
-2.5451999391030873e-05,7.999999797903001e-05
-2.544799939069991e-05,7.999999797903001e-05
-2.544399939036895e-05,7.999999797903001e-05
-2.543999939003799e-05,7.999999797903001e-05
-2.5435999389707027e-05,3.9999998989515007e-05
-2.5431999389376066e-05,3.9999998989515007e-05
-2.5427999389045104e-05,7.999999797903001e-05
-2.5423999388714143e-05,3.9999998989515007e-05
-2.541999938838318e-05,7.999999797903001e-05
-2.541599938805222e-05,7.999999797903001e-05
-2.5411999387721258e-05,7.999999797903001e-05
-2.5407999387390297e-05,7.999999797903001e-05
-2.5403999387059335e-05,7.999999797903001e-05
-2.5399999386728374e-05,7.999999797903001e-05
-2.5395999386397412e-05,7.999999797903001e-05
-2.539199938606645e-05,7.999999797903001e-05
-2.538799938573549e-05,7.999999797903001e-05
-2.5383999385404528e-05,7.999999797903001e-05
-2.5379999385073566e-05,7.999999797903001e-05
-2.5375999384742605e-05,3.9999998989515007e-05
-2.5371999384411643e-05,7.999999797903001e-05
-2.5367999384080682e-05,7.999999797903001e-05
-2.536399938374972e-05,7.999999797903001e-05
-2.535999938341876e-05,7.999999797903001e-05
-2.5355999383087797e-05,7.999999797903001e-05
-2.5351999382756836e-05,7.999999797903001e-05
-2.5347999382425875e-05,7.999999797903001e-05
-2.5343999382094913e-05,7.999999797903001e-05
-2.533999938176395e-05,7.999999797903001e-05
-2.533599938143299e-05,7.999999797903001e-05
-2.533199938110203e-05,7.999999797903001e-05
-2.5327999380771067e-05,7.999999797903001e-05
-2.5323999380440106e-05,7.999999797903001e-05
-2.5319999380109144e-05,7.999999797903001e-05
-2.5315999379778183e-05,7.999999797903001e-05
-2.531199937944722e-05,7.999999797903001e-05
-2.530799937911626e-05,7.999999797903001e-05
-2.5303999378785298e-05,3.9999998989515007e-05
-2.5299999378454337e-05,7.999999797903001e-05
-2.5295999378123375e-05,3.9999998989515007e-05
-2.5291999377792414e-05,7.999999797903001e-05
-2.5287999377461452e-05,7.999999797903001e-05
-2.528399937713049e-05,7.999999797903001e-05
-2.527999937679953e-05,7.999999797903001e-05
-2.5275999376468568e-05,7.999999797903001e-05
-2.5271999376137606e-05,7.999999797903001e-05
-2.5267999375806645e-05,7.999999797903001e-05
-2.5263999375475683e-05,7.999999797903001e-05
-2.5259999375144722e-05,7.999999797903001e-05
-2.525599937481376e-05,7.999999797903001e-05
-2.52519993744828e-05,7.999999797903001e-05
-2.5247999374151837e-05,7.999999797903001e-05
-2.5243999373820876e-05,7.999999797903001e-05
-2.5239999373489914e-05,7.999999797903001e-05
-2.5235999373158953e-05,7.999999797903001e-05
-2.523199937282799e-05,7.999999797903001e-05
-2.522799937249703e-05,7.999999797903001e-05
-2.522399937216607e-05,3.9999998989515007e-05
-2.5219999371835107e-05,3.9999998989515007e-05
-2.5215999371504146e-05,7.999999797903001e-05
-2.5211999371173184e-05,7.999999797903001e-05
-2.5207999370842223e-05,7.999999797903001e-05
-2.520399937051126e-05,7.999999797903001e-05
-2.51999993701803e-05,7.999999797903001e-05
-2.5195999369849338e-05,7.999999797903001e-05
-2.5191999369518377e-05,7.999999797903001e-05
-2.5187999369187415e-05,7.999999797903001e-05
-2.5183999368856454e-05,7.999999797903001e-05
-2.5179999368525492e-05,7.999999797903001e-05
-2.517599936819453e-05,7.999999797903001e-05
-2.517199936786357e-05,7.999999797903001e-05
-2.5167999367532608e-05,3.9999998989515007e-05
-2.5163999367201646e-05,7.999999797903001e-05
-2.5159999366870685e-05,7.999999797903001e-05
-2.5155999366539723e-05,7.999999797903001e-05
-2.5151999366208762e-05,7.999999797903001e-05
-2.51479993658778e-05,7.999999797903001e-05
-2.514399936554684e-05,7.999999797903001e-05
-2.5139999365215877e-05,7.999999797903001e-05
-2.5135999364884916e-05,7.999999797903001e-05
-2.5131999364553954e-05,7.999999797903001e-05
-2.5127999364222993e-05,7.999999797903001e-05
-2.512399936389203e-05,7.999999797903001e-05
-2.511999936356107e-05,7.999999797903001e-05
-2.511599936323011e-05,7.999999797903001e-05
-2.5111999362899147e-05,7.999999797903001e-05
-2.5107999362568185e-05,7.999999797903001e-05
-2.5103999362237224e-05,3.9999998989515007e-05
-2.5099999361906263e-05,7.999999797903001e-05
-2.50959993615753e-05,3.9999998989515007e-05
-2.509199936124434e-05,7.999999797903001e-05
-2.5087999360913378e-05,3.9999998989515007e-05
-2.5083999360582417e-05,7.999999797903001e-05
-2.5079999360251455e-05,7.999999797903001e-05
-2.5075999359920494e-05,7.999999797903001e-05
-2.5071999359589532e-05,7.999999797903001e-05
-2.506799935925857e-05,7.999999797903001e-05
-2.506399935892761e-05,7.999999797903001e-05
-2.5059999358596648e-05,7.999999797903001e-05
-2.5055999358265686e-05,7.999999797903001e-05
-2.5051999357934725e-05,7.999999797903001e-05
-2.5047999357603763e-05,3.9999998989515007e-05
-2.5043999357272802e-05,7.999999797903001e-05
-2.503999935694184e-05,3.9999998989515007e-05
-2.503599935661088e-05,7.999999797903001e-05
-2.5031999356279917e-05,7.999999797903001e-05
-2.5027999355948956e-05,7.999999797903001e-05
-2.5023999355617994e-05,7.999999797903001e-05
-2.5019999355287033e-05,7.999999797903001e-05
-2.501599935495607e-05,7.999999797903001e-05
-2.501199935462511e-05,0.00011999999696854502
-2.500799935429415e-05,7.999999797903001e-05
-2.5003999353963187e-05,7.999999797903001e-05
-2.4999999353632225e-05,7.999999797903001e-05
-2.4995999353301264e-05,7.999999797903001e-05
-2.4991999352970302e-05,7.999999797903001e-05
-2.498799935263934e-05,7.999999797903001e-05
-2.498399935230838e-05,7.999999797903001e-05
-2.4979999351977418e-05,3.9999998989515007e-05
-2.4975999351646457e-05,3.9999998989515007e-05
-2.4971999351315495e-05,3.9999998989515007e-05
-2.4967999350984534e-05,3.9999998989515007e-05
-2.4963999350653572e-05,7.999999797903001e-05
-2.495999935032261e-05,7.999999797903001e-05
-2.495599934999165e-05,7.999999797903001e-05
-2.4951999349660688e-05,7.999999797903001e-05
-2.4947999349329726e-05,7.999999797903001e-05
-2.4943999348998765e-05,7.999999797903001e-05
-2.4939999348667803e-05,7.999999797903001e-05
-2.493599934833684e-05,7.999999797903001e-05
-2.493199934800588e-05,7.999999797903001e-05
-2.492799934767492e-05,7.999999797903001e-05
-2.4923999347343957e-05,7.999999797903001e-05
-2.4919999347012996e-05,7.999999797903001e-05
-2.4915999346682034e-05,7.999999797903001e-05
-2.4911999346351073e-05,3.9999998989515007e-05
-2.490799934602011e-05,7.999999797903001e-05
-2.490399934568915e-05,7.999999797903001e-05
-2.489999934535819e-05,7.999999797903001e-05
-2.4895999345027227e-05,7.999999797903001e-05
-2.4891999344696265e-05,7.999999797903001e-05
-2.4887999344365304e-05,7.999999797903001e-05
-2.4883999344034342e-05,7.999999797903001e-05
-2.487999934370338e-05,7.999999797903001e-05
-2.487599934337242e-05,7.999999797903001e-05
-2.4871999343041458e-05,7.999999797903001e-05
-2.4867999342710496e-05,7.999999797903001e-05
-2.4863999342379535e-05,7.999999797903001e-05
-2.4859999342048573e-05,7.999999797903001e-05
-2.4855999341717612e-05,3.9999998989515007e-05
-2.485199934138665e-05,7.999999797903001e-05
-2.484799934105569e-05,7.999999797903001e-05
-2.4843999340724728e-05,7.999999797903001e-05
-2.4839999340393766e-05,7.999999797903001e-05
-2.4835999340062805e-05,7.999999797903001e-05
-2.4831999339731843e-05,7.999999797903001e-05
-2.482799933940088e-05,7.999999797903001e-05
-2.482399933906992e-05,7.999999797903001e-05
-2.481999933873896e-05,7.999999797903001e-05
-2.4815999338407997e-05,7.999999797903001e-05
-2.4811999338077036e-05,3.9999998989515007e-05
-2.4807999337746074e-05,3.9999998989515007e-05
-2.4803999337415113e-05,7.999999797903001e-05
-2.479999933708415e-05,7.999999797903001e-05
-2.479599933675319e-05,7.999999797903001e-05
-2.4791999336422228e-05,7.999999797903001e-05
-2.4787999336091267e-05,7.999999797903001e-05
-2.4783999335760305e-05,7.999999797903001e-05
-2.4779999335429344e-05,7.999999797903001e-05
-2.4775999335098382e-05,3.9999998989515007e-05
-2.477199933476742e-05,7.999999797903001e-05
-2.476799933443646e-05,7.999999797903001e-05
-2.4763999334105498e-05,7.999999797903001e-05
-2.4759999333774536e-05,7.999999797903001e-05
-2.4755999333443575e-05,7.999999797903001e-05
-2.4751999333112613e-05,7.999999797903001e-05
-2.4747999332781652e-05,7.999999797903001e-05
-2.474399933245069e-05,7.999999797903001e-05
-2.473999933211973e-05,7.999999797903001e-05
-2.4735999331788767e-05,7.999999797903001e-05
-2.4731999331457806e-05,7.999999797903001e-05
-2.4727999331126844e-05,3.9999998989515007e-05
-2.4723999330795883e-05,7.999999797903001e-05
-2.471999933046492e-05,7.999999797903001e-05
-2.471599933013396e-05,7.999999797903001e-05
-2.4711999329803e-05,7.999999797903001e-05
-2.4707999329472037e-05,7.999999797903001e-05
-2.4703999329141076e-05,7.999999797903001e-05
-2.4699999328810114e-05,7.999999797903001e-05
-2.4695999328479153e-05,7.999999797903001e-05
-2.469199932814819e-05,7.999999797903001e-05
-2.468799932781723e-05,7.999999797903001e-05
-2.4683999327486268e-05,7.999999797903001e-05
-2.4679999327155307e-05,7.999999797903001e-05
-2.4675999326824345e-05,7.999999797903001e-05
-2.4671999326493384e-05,7.999999797903001e-05
-2.4667999326162422e-05,7.999999797903001e-05
-2.466399932583146e-05,7.999999797903001e-05
-2.46599993255005e-05,7.999999797903001e-05
-2.4655999325169538e-05,7.999999797903001e-05
-2.4651999324838576e-05,7.999999797903001e-05
-2.4647999324507615e-05,7.999999797903001e-05
-2.4643999324176653e-05,7.999999797903001e-05
-2.4639999323845692e-05,7.999999797903001e-05
-2.463599932351473e-05,7.999999797903001e-05
-2.463199932318377e-05,7.999999797903001e-05
-2.4627999322852807e-05,7.999999797903001e-05
-2.4623999322521846e-05,7.999999797903001e-05
-2.4619999322190884e-05,7.999999797903001e-05
-2.4615999321859923e-05,3.9999998989515007e-05
-2.461199932152896e-05,7.999999797903001e-05
-2.4607999321198e-05,3.9999998989515007e-05
-2.460399932086704e-05,7.999999797903001e-05
-2.4599999320536077e-05,7.999999797903001e-05
-2.4595999320205116e-05,7.999999797903001e-05
-2.4591999319874154e-05,7.999999797903001e-05
-2.4587999319543193e-05,7.999999797903001e-05
-2.458399931921223e-05,7.999999797903001e-05
-2.457999931888127e-05,7.999999797903001e-05
-2.4575999318550308e-05,7.999999797903001e-05
-2.4571999318219347e-05,7.999999797903001e-05
-2.4567999317888385e-05,7.999999797903001e-05
-2.4563999317557424e-05,7.999999797903001e-05
-2.4559999317226462e-05,7.999999797903001e-05
-2.45559993168955e-05,7.999999797903001e-05
-2.455199931656454e-05,7.999999797903001e-05
-2.4547999316233578e-05,7.999999797903001e-05
-2.4543999315902616e-05,7.999999797903001e-05
-2.4539999315571655e-05,7.999999797903001e-05
-2.4535999315240693e-05,3.9999998989515007e-05
-2.4531999314909732e-05,7.999999797903001e-05
-2.452799931457877e-05,3.9999998989515007e-05
-2.452399931424781e-05,7.999999797903001e-05
-2.4519999313916847e-05,7.999999797903001e-05
-2.4515999313585886e-05,7.999999797903001e-05
-2.4511999313254924e-05,7.999999797903001e-05
-2.4507999312923963e-05,7.999999797903001e-05
-2.4503999312593e-05,7.999999797903001e-05
-2.449999931226204e-05,7.999999797903001e-05
-2.449599931193108e-05,7.999999797903001e-05
-2.4491999311600117e-05,3.9999998989515007e-05
-2.4487999311269155e-05,3.9999998989515007e-05
-2.4483999310938194e-05,3.9999998989515007e-05
-2.4479999310607232e-05,3.9999998989515007e-05
-2.447599931027627e-05,7.999999797903001e-05
-2.447199930994531e-05,7.999999797903001e-05
-2.4467999309614348e-05,0.00011999999696854502
-2.4463999309283387e-05,7.999999797903001e-05
-2.4459999308952425e-05,0.00011999999696854502
-2.4455999308621464e-05,7.999999797903001e-05
-2.4451999308290502e-05,7.999999797903001e-05
-2.444799930795954e-05,7.999999797903001e-05
-2.444399930762858e-05,7.999999797903001e-05
-2.4439999307297618e-05,7.999999797903001e-05
-2.4435999306966656e-05,7.999999797903001e-05
-2.4431999306635695e-05,3.9999998989515007e-05
-2.4427999306304733e-05,7.999999797903001e-05
-2.4423999305973772e-05,3.9999998989515007e-05
-2.441999930564281e-05,3.9999998989515007e-05
-2.441599930531185e-05,3.9999998989515007e-05
-2.4411999304980887e-05,7.999999797903001e-05
-2.4407999304649926e-05,7.999999797903001e-05
-2.4403999304318964e-05,7.999999797903001e-05
-2.4399999303988003e-05,7.999999797903001e-05
-2.439599930365704e-05,7.999999797903001e-05
-2.439199930332608e-05,7.999999797903001e-05
-2.438799930299512e-05,0.00011999999696854502
-2.4383999302664157e-05,7.999999797903001e-05
-2.4379999302333195e-05,7.999999797903001e-05
-2.4375999302002234e-05,7.999999797903001e-05
-2.4371999301671272e-05,3.9999998989515007e-05
-2.436799930134031e-05,3.9999998989515007e-05
-2.436399930100935e-05,3.9999998989515007e-05
-2.4359999300678388e-05,3.9999998989515007e-05
-2.4355999300347426e-05,7.999999797903001e-05
-2.4351999300016465e-05,7.999999797903001e-05
-2.4347999299685504e-05,7.999999797903001e-05
-2.4343999299354542e-05,7.999999797903001e-05
-2.433999929902358e-05,0.00011999999696854502
-2.433599929869262e-05,7.999999797903001e-05
-2.4331999298361658e-05,0.00011999999696854502
-2.4327999298030696e-05,7.999999797903001e-05
-2.4323999297699735e-05,7.999999797903001e-05
-2.4319999297368773e-05,3.9999998989515007e-05
-2.431599929703781e-05,7.999999797903001e-05
-2.431199929670685e-05,3.9999998989515007e-05
-2.430799929637589e-05,3.9999998989515007e-05
-2.4303999296044927e-05,3.9999998989515007e-05
-2.4299999295713966e-05,3.9999998989515007e-05
-2.4295999295383004e-05,3.9999998989515007e-05
-2.4291999295052043e-05,7.999999797903001e-05
-2.428799929472108e-05,3.9999998989515007e-05
-2.428399929439012e-05,0.00011999999696854502
-2.4279999294059158e-05,7.999999797903001e-05
-2.4275999293728197e-05,0.00011999999696854502
-2.4271999293397235e-05,7.999999797903001e-05
-2.4267999293066274e-05,7.999999797903001e-05
-2.4263999292735312e-05,7.999999797903001e-05
-2.425999929240435e-05,7.999999797903001e-05
-2.425599929207339e-05,7.999999797903001e-05
-2.4251999291742428e-05,7.999999797903001e-05
-2.4247999291411466e-05,3.9999998989515007e-05
-2.4243999291080505e-05,7.999999797903001e-05
-2.4239999290749543e-05,3.9999998989515007e-05
-2.4235999290418582e-05,3.9999998989515007e-05
-2.423199929008762e-05,7.999999797903001e-05
-2.422799928975666e-05,7.999999797903001e-05
-2.4223999289425698e-05,7.999999797903001e-05
-2.4219999289094736e-05,7.999999797903001e-05
-2.4215999288763775e-05,7.999999797903001e-05
-2.4211999288432813e-05,7.999999797903001e-05
-2.420799928810185e-05,7.999999797903001e-05
-2.420399928777089e-05,7.999999797903001e-05
-2.419999928743993e-05,7.999999797903001e-05
-2.4195999287108967e-05,7.999999797903001e-05
-2.4191999286778006e-05,7.999999797903001e-05
-2.4187999286447044e-05,7.999999797903001e-05
-2.4183999286116083e-05,7.999999797903001e-05
-2.417999928578512e-05,7.999999797903001e-05
-2.417599928545416e-05,3.9999998989515007e-05
-2.4171999285123198e-05,7.999999797903001e-05
-2.4167999284792237e-05,3.9999998989515007e-05
-2.4163999284461275e-05,7.999999797903001e-05
-2.4159999284130314e-05,7.999999797903001e-05
-2.4155999283799352e-05,7.999999797903001e-05
-2.415199928346839e-05,7.999999797903001e-05
-2.414799928313743e-05,7.999999797903001e-05
-2.4143999282806468e-05,7.999999797903001e-05
-2.4139999282475506e-05,7.999999797903001e-05
-2.4135999282144545e-05,7.999999797903001e-05
-2.4131999281813583e-05,7.999999797903001e-05
-2.4127999281482622e-05,7.999999797903001e-05
-2.412399928115166e-05,7.999999797903001e-05
-2.41199992808207e-05,7.999999797903001e-05
-2.4115999280489737e-05,7.999999797903001e-05
-2.4111999280158776e-05,3.9999998989515007e-05
-2.4107999279827814e-05,7.999999797903001e-05
-2.4103999279496853e-05,7.999999797903001e-05
-2.409999927916589e-05,7.999999797903001e-05
-2.409599927883493e-05,7.999999797903001e-05
-2.409199927850397e-05,7.999999797903001e-05
-2.4087999278173007e-05,7.999999797903001e-05
-2.4083999277842046e-05,7.999999797903001e-05
-2.4079999277511084e-05,7.999999797903001e-05
-2.4075999277180123e-05,7.999999797903001e-05
-2.407199927684916e-05,7.999999797903001e-05
-2.40679992765182e-05,7.999999797903001e-05
-2.4063999276187238e-05,7.999999797903001e-05
-2.4059999275856277e-05,7.999999797903001e-05
-2.4055999275525315e-05,7.999999797903001e-05
-2.4051999275194354e-05,7.999999797903001e-05
-2.4047999274863392e-05,3.9999998989515007e-05
-2.404399927453243e-05,7.999999797903001e-05
-2.403999927420147e-05,3.9999998989515007e-05
-2.4035999273870508e-05,7.999999797903001e-05
-2.4031999273539546e-05,7.999999797903001e-05
-2.4027999273208585e-05,7.999999797903001e-05
-2.4023999272877623e-05,7.999999797903001e-05
-2.4019999272546662e-05,7.999999797903001e-05
-2.40159992722157e-05,7.999999797903001e-05
-2.401199927188474e-05,7.999999797903001e-05
-2.4007999271553777e-05,7.999999797903001e-05
-2.4003999271222816e-05,7.999999797903001e-05
-2.3999999270891854e-05,7.999999797903001e-05
-2.3995999270560893e-05,7.999999797903001e-05
-2.399199927022993e-05,3.9999998989515007e-05
-2.398799926989897e-05,7.999999797903001e-05
-2.398399926956801e-05,7.999999797903001e-05
-2.3979999269237047e-05,7.999999797903001e-05
-2.3975999268906086e-05,7.999999797903001e-05
-2.3971999268575124e-05,7.999999797903001e-05
-2.3967999268244163e-05,7.999999797903001e-05
-2.39639992679132e-05,7.999999797903001e-05
-2.395999926758224e-05,7.999999797903001e-05
-2.3955999267251278e-05,7.999999797903001e-05
-2.3951999266920317e-05,7.999999797903001e-05
-2.3947999266589355e-05,7.999999797903001e-05
-2.3943999266258394e-05,7.999999797903001e-05
-2.3939999265927432e-05,7.999999797903001e-05
-2.393599926559647e-05,7.999999797903001e-05
-2.393199926526551e-05,7.999999797903001e-05
-2.3927999264934548e-05,7.999999797903001e-05
-2.3923999264603586e-05,7.999999797903001e-05
-2.3919999264272625e-05,3.9999998989515007e-05
-2.3915999263941663e-05,7.999999797903001e-05
-2.3911999263610702e-05,7.999999797903001e-05
-2.390799926327974e-05,7.999999797903001e-05
-2.390399926294878e-05,7.999999797903001e-05
-2.3899999262617817e-05,7.999999797903001e-05
-2.3895999262286856e-05,7.999999797903001e-05
-2.3891999261955894e-05,7.999999797903001e-05
-2.3887999261624933e-05,7.999999797903001e-05
-2.388399926129397e-05,7.999999797903001e-05
-2.387999926096301e-05,3.9999998989515007e-05
-2.387599926063205e-05,3.9999998989515007e-05
-2.3871999260301087e-05,3.9999998989515007e-05
-2.3867999259970125e-05,7.999999797903001e-05
-2.3863999259639164e-05,7.999999797903001e-05
-2.3859999259308202e-05,7.999999797903001e-05
-2.385599925897724e-05,7.999999797903001e-05
-2.385199925864628e-05,7.999999797903001e-05
-2.3847999258315318e-05,7.999999797903001e-05
-2.3843999257984357e-05,7.999999797903001e-05
-2.3839999257653395e-05,7.999999797903001e-05
-2.3835999257322434e-05,7.999999797903001e-05
-2.3831999256991472e-05,7.999999797903001e-05
-2.382799925666051e-05,7.999999797903001e-05
-2.382399925632955e-05,3.9999998989515007e-05
-2.3819999255998588e-05,7.999999797903001e-05
-2.3815999255667626e-05,7.999999797903001e-05
-2.3811999255336665e-05,7.999999797903001e-05
-2.3807999255005703e-05,7.999999797903001e-05
-2.380399925467474e-05,7.999999797903001e-05
-2.379999925434378e-05,7.999999797903001e-05
-2.379599925401282e-05,7.999999797903001e-05
-2.3791999253681857e-05,7.999999797903001e-05
-2.3787999253350896e-05,7.999999797903001e-05
-2.3783999253019934e-05,7.999999797903001e-05
-2.3779999252688973e-05,7.999999797903001e-05
-2.377599925235801e-05,7.999999797903001e-05
-2.377199925202705e-05,7.999999797903001e-05
-2.376799925169609e-05,7.999999797903001e-05
-2.3763999251365127e-05,7.999999797903001e-05
-2.3759999251034165e-05,7.999999797903001e-05
-2.3755999250703204e-05,7.999999797903001e-05
-2.3751999250372242e-05,7.999999797903001e-05
-2.374799925004128e-05,7.999999797903001e-05
-2.374399924971032e-05,7.999999797903001e-05
-2.3739999249379358e-05,7.999999797903001e-05
-2.3735999249048396e-05,3.9999998989515007e-05
-2.3731999248717435e-05,7.999999797903001e-05
-2.3727999248386473e-05,7.999999797903001e-05
-2.3723999248055512e-05,7.999999797903001e-05
-2.371999924772455e-05,7.999999797903001e-05
-2.371599924739359e-05,7.999999797903001e-05
-2.3711999247062628e-05,7.999999797903001e-05
-2.3707999246731666e-05,7.999999797903001e-05
-2.3703999246400705e-05,7.999999797903001e-05
-2.3699999246069743e-05,7.999999797903001e-05
-2.369599924573878e-05,7.999999797903001e-05
-2.369199924540782e-05,0.00011999999696854502
-2.368799924507686e-05,7.999999797903001e-05
-2.3683999244745897e-05,7.999999797903001e-05
-2.3679999244414936e-05,7.999999797903001e-05
-2.3675999244083974e-05,7.999999797903001e-05
-2.3671999243753013e-05,7.999999797903001e-05
-2.366799924342205e-05,7.999999797903001e-05
-2.366399924309109e-05,3.9999998989515007e-05
-2.3659999242760128e-05,7.999999797903001e-05
-2.3655999242429167e-05,7.999999797903001e-05
-2.3651999242098205e-05,7.999999797903001e-05
-2.3647999241767244e-05,7.999999797903001e-05
-2.3643999241436282e-05,7.999999797903001e-05
-2.363999924110532e-05,7.999999797903001e-05
-2.363599924077436e-05,7.999999797903001e-05
-2.3631999240443398e-05,7.999999797903001e-05
-2.3627999240112436e-05,7.999999797903001e-05
-2.3623999239781475e-05,7.999999797903001e-05
-2.3619999239450513e-05,7.999999797903001e-05
-2.3615999239119552e-05,7.999999797903001e-05
-2.361199923878859e-05,7.999999797903001e-05
-2.360799923845763e-05,3.9999998989515007e-05
-2.3603999238126667e-05,3.9999998989515007e-05
-2.3599999237795706e-05,7.999999797903001e-05
-2.3595999237464745e-05,7.999999797903001e-05
-2.3591999237133783e-05,3.9999998989515007e-05
-2.358799923680282e-05,7.999999797903001e-05
-2.358399923647186e-05,7.999999797903001e-05
-2.35799992361409e-05,7.999999797903001e-05
-2.3575999235809937e-05,0.00011999999696854502
-2.3571999235478976e-05,0.00011999999696854502
-2.3567999235148014e-05,7.999999797903001e-05
-2.3563999234817053e-05,7.999999797903001e-05
-2.355999923448609e-05,7.999999797903001e-05
-2.355599923415513e-05,7.999999797903001e-05
-2.3551999233824168e-05,7.999999797903001e-05
-2.3547999233493207e-05,7.999999797903001e-05
-2.3543999233162245e-05,3.9999998989515007e-05
-2.3539999232831284e-05,7.999999797903001e-05
-2.3535999232500322e-05,7.999999797903001e-05
-2.353199923216936e-05,7.999999797903001e-05
-2.35279992318384e-05,7.999999797903001e-05
-2.3523999231507438e-05,7.999999797903001e-05
-2.3519999231176476e-05,7.999999797903001e-05
-2.3515999230845515e-05,7.999999797903001e-05
-2.3511999230514553e-05,7.999999797903001e-05
-2.3507999230183592e-05,0.00011999999696854502
-2.350399922985263e-05,7.999999797903001e-05
-2.349999922952167e-05,7.999999797903001e-05
-2.3495999229190707e-05,7.999999797903001e-05
-2.3491999228859746e-05,7.999999797903001e-05
-2.3487999228528784e-05,7.999999797903001e-05
-2.3483999228197823e-05,7.999999797903001e-05
-2.347999922786686e-05,3.9999998989515007e-05
-2.34759992275359e-05,7.999999797903001e-05
-2.347199922720494e-05,3.9999998989515007e-05
-2.3467999226873977e-05,7.999999797903001e-05
-2.3463999226543016e-05,7.999999797903001e-05
-2.3459999226212054e-05,7.999999797903001e-05
-2.3455999225881093e-05,7.999999797903001e-05
-2.345199922555013e-05,0.00011999999696854502
-2.344799922521917e-05,7.999999797903001e-05
-2.3443999224888208e-05,7.999999797903001e-05
-2.3439999224557247e-05,7.999999797903001e-05
-2.3435999224226285e-05,7.999999797903001e-05
-2.3431999223895324e-05,3.9999998989515007e-05
-2.3427999223564362e-05,7.999999797903001e-05
-2.34239992232334e-05,7.999999797903001e-05
-2.341999922290244e-05,7.999999797903001e-05
-2.3415999222571478e-05,7.999999797903001e-05
-2.3411999222240516e-05,7.999999797903001e-05
-2.3407999221909555e-05,7.999999797903001e-05
-2.3403999221578593e-05,7.999999797903001e-05
-2.3399999221247632e-05,7.999999797903001e-05
-2.339599922091667e-05,7.999999797903001e-05
-2.339199922058571e-05,7.999999797903001e-05
-2.3387999220254747e-05,7.999999797903001e-05
-2.3383999219923786e-05,7.999999797903001e-05
-2.3379999219592824e-05,7.999999797903001e-05
-2.3375999219261863e-05,7.999999797903001e-05
-2.33719992189309e-05,7.999999797903001e-05
-2.336799921859994e-05,7.999999797903001e-05
-2.336399921826898e-05,7.999999797903001e-05
-2.3359999217938017e-05,7.999999797903001e-05
-2.3355999217607055e-05,7.999999797903001e-05
-2.3351999217276094e-05,3.9999998989515007e-05
-2.3347999216945133e-05,7.999999797903001e-05
-2.334399921661417e-05,7.999999797903001e-05
-2.333999921628321e-05,7.999999797903001e-05
-2.3335999215952248e-05,7.999999797903001e-05
-2.3331999215621287e-05,7.999999797903001e-05
-2.3327999215290325e-05,0.00011999999696854502
-2.3323999214959364e-05,0.00011999999696854502
-2.3319999214628402e-05,7.999999797903001e-05
-2.331599921429744e-05,7.999999797903001e-05
-2.331199921396648e-05,7.999999797903001e-05
-2.3307999213635518e-05,7.999999797903001e-05
-2.3303999213304556e-05,7.999999797903001e-05
-2.3299999212973595e-05,7.999999797903001e-05
-2.3295999212642633e-05,7.999999797903001e-05
-2.3291999212311672e-05,7.999999797903001e-05
-2.328799921198071e-05,7.999999797903001e-05
-2.328399921164975e-05,7.999999797903001e-05
-2.3279999211318787e-05,7.999999797903001e-05
-2.3275999210987826e-05,7.999999797903001e-05
-2.3271999210656864e-05,7.999999797903001e-05
-2.3267999210325903e-05,7.999999797903001e-05
-2.326399920999494e-05,7.999999797903001e-05
-2.325999920966398e-05,7.999999797903001e-05
-2.325599920933302e-05,7.999999797903001e-05
-2.3251999209002057e-05,7.999999797903001e-05
-2.3247999208671095e-05,7.999999797903001e-05
-2.3243999208340134e-05,0.00011999999696854502
-2.3239999208009172e-05,7.999999797903001e-05
-2.323599920767821e-05,7.999999797903001e-05
-2.323199920734725e-05,7.999999797903001e-05
-2.3227999207016288e-05,7.999999797903001e-05
-2.3223999206685327e-05,7.999999797903001e-05
-2.3219999206354365e-05,7.999999797903001e-05
-2.3215999206023404e-05,7.999999797903001e-05
-2.3211999205692442e-05,7.999999797903001e-05
-2.320799920536148e-05,7.999999797903001e-05
-2.320399920503052e-05,7.999999797903001e-05
-2.3199999204699558e-05,7.999999797903001e-05
-2.3195999204368596e-05,7.999999797903001e-05
-2.3191999204037635e-05,7.999999797903001e-05
-2.3187999203706673e-05,7.999999797903001e-05
-2.318399920337571e-05,3.9999998989515007e-05
-2.317999920304475e-05,7.999999797903001e-05
-2.317599920271379e-05,7.999999797903001e-05
-2.3171999202382827e-05,7.999999797903001e-05
-2.3167999202051866e-05,7.999999797903001e-05
-2.3163999201720904e-05,7.999999797903001e-05
-2.3159999201389943e-05,7.999999797903001e-05
-2.315599920105898e-05,7.999999797903001e-05
-2.315199920072802e-05,7.999999797903001e-05
-2.314799920039706e-05,7.999999797903001e-05
-2.3143999200066097e-05,3.9999998989515007e-05
-2.3139999199735135e-05,7.999999797903001e-05
-2.3135999199404174e-05,7.999999797903001e-05
-2.3131999199073212e-05,7.999999797903001e-05
-2.312799919874225e-05,7.999999797903001e-05
-2.312399919841129e-05,7.999999797903001e-05
-2.3119999198080328e-05,7.999999797903001e-05
-2.3115999197749366e-05,7.999999797903001e-05
-2.3111999197418405e-05,7.999999797903001e-05
-2.3107999197087443e-05,7.999999797903001e-05
-2.3103999196756482e-05,3.9999998989515007e-05
-2.309999919642552e-05,7.999999797903001e-05
-2.309599919609456e-05,7.999999797903001e-05
-2.3091999195763598e-05,7.999999797903001e-05
-2.3087999195432636e-05,7.999999797903001e-05
-2.3083999195101675e-05,7.999999797903001e-05
-2.3079999194770713e-05,7.999999797903001e-05
-2.307599919443975e-05,7.999999797903001e-05
-2.307199919410879e-05,7.999999797903001e-05
-2.306799919377783e-05,7.999999797903001e-05
-2.3063999193446867e-05,3.9999998989515007e-05
-2.3059999193115906e-05,7.999999797903001e-05
-2.3055999192784944e-05,7.999999797903001e-05
-2.3051999192453983e-05,7.999999797903001e-05
-2.304799919212302e-05,7.999999797903001e-05
-2.304399919179206e-05,7.999999797903001e-05
-2.3039999191461098e-05,7.999999797903001e-05
-2.3035999191130137e-05,7.999999797903001e-05
-2.3031999190799175e-05,7.999999797903001e-05
-2.3027999190468214e-05,7.999999797903001e-05
-2.3023999190137252e-05,3.9999998989515007e-05
-2.301999918980629e-05,7.999999797903001e-05
-2.301599918947533e-05,7.999999797903001e-05
-2.3011999189144368e-05,7.999999797903001e-05
-2.3007999188813406e-05,7.999999797903001e-05
-2.3003999188482445e-05,7.999999797903001e-05
-2.2999999188151483e-05,7.999999797903001e-05
-2.2995999187820522e-05,7.999999797903001e-05
-2.299199918748956e-05,7.999999797903001e-05
-2.29879991871586e-05,7.999999797903001e-05
-2.2983999186827637e-05,7.999999797903001e-05
-2.2979999186496676e-05,3.9999998989515007e-05
-2.2975999186165715e-05,7.999999797903001e-05
-2.2971999185834753e-05,7.999999797903001e-05
-2.296799918550379e-05,3.9999998989515007e-05
-2.296399918517283e-05,7.999999797903001e-05
-2.295999918484187e-05,7.999999797903001e-05
-2.2955999184510907e-05,7.999999797903001e-05
-2.2951999184179946e-05,7.999999797903001e-05
-2.2947999183848984e-05,7.999999797903001e-05
-2.2943999183518023e-05,7.999999797903001e-05
-2.293999918318706e-05,7.999999797903001e-05
-2.29359991828561e-05,7.999999797903001e-05
-2.2931999182525138e-05,7.999999797903001e-05
-2.2927999182194177e-05,7.999999797903001e-05
-2.2923999181863215e-05,7.999999797903001e-05
-2.2919999181532254e-05,7.999999797903001e-05
-2.2915999181201292e-05,7.999999797903001e-05
-2.291199918087033e-05,7.999999797903001e-05
-2.290799918053937e-05,7.999999797903001e-05
-2.2903999180208408e-05,7.999999797903001e-05
-2.2899999179877446e-05,7.999999797903001e-05
-2.2895999179546485e-05,7.999999797903001e-05
-2.2891999179215523e-05,7.999999797903001e-05
-2.2887999178884562e-05,7.999999797903001e-05
-2.28839991785536e-05,7.999999797903001e-05
-2.287999917822264e-05,7.999999797903001e-05
-2.2875999177891677e-05,7.999999797903001e-05
-2.2871999177560716e-05,7.999999797903001e-05
-2.2867999177229754e-05,7.999999797903001e-05
-2.2863999176898793e-05,7.999999797903001e-05
-2.285999917656783e-05,7.999999797903001e-05
-2.285599917623687e-05,3.9999998989515007e-05
-2.285199917590591e-05,7.999999797903001e-05
-2.2847999175574947e-05,7.999999797903001e-05
-2.2843999175243986e-05,7.999999797903001e-05
-2.2839999174913024e-05,7.999999797903001e-05
-2.2835999174582063e-05,7.999999797903001e-05
-2.28319991742511e-05,7.999999797903001e-05
-2.282799917392014e-05,7.999999797903001e-05
-2.2823999173589178e-05,3.9999998989515007e-05
-2.2819999173258217e-05,7.999999797903001e-05
-2.2815999172927255e-05,7.999999797903001e-05
-2.2811999172596294e-05,7.999999797903001e-05
-2.2807999172265332e-05,7.999999797903001e-05
-2.280399917193437e-05,7.999999797903001e-05
-2.279999917160341e-05,7.999999797903001e-05
-2.2795999171272448e-05,7.999999797903001e-05
-2.2791999170941486e-05,7.999999797903001e-05
-2.2787999170610525e-05,7.999999797903001e-05
-2.2783999170279563e-05,7.999999797903001e-05
-2.2779999169948602e-05,7.999999797903001e-05
-2.277599916961764e-05,7.999999797903001e-05
-2.277199916928668e-05,7.999999797903001e-05
-2.2767999168955717e-05,7.999999797903001e-05
-2.2763999168624756e-05,7.999999797903001e-05
-2.2759999168293794e-05,7.999999797903001e-05
-2.2755999167962833e-05,7.999999797903001e-05
-2.275199916763187e-05,7.999999797903001e-05
-2.274799916730091e-05,7.999999797903001e-05
-2.274399916696995e-05,7.999999797903001e-05
-2.2739999166638987e-05,7.999999797903001e-05
-2.2735999166308025e-05,3.9999998989515007e-05
-2.2731999165977064e-05,7.999999797903001e-05
-2.2727999165646102e-05,7.999999797903001e-05
-2.272399916531514e-05,7.999999797903001e-05
-2.271999916498418e-05,7.999999797903001e-05
-2.2715999164653218e-05,7.999999797903001e-05
-2.2711999164322257e-05,7.999999797903001e-05
-2.2707999163991295e-05,7.999999797903001e-05
-2.2703999163660334e-05,3.9999998989515007e-05
-2.2699999163329372e-05,7.999999797903001e-05
-2.269599916299841e-05,7.999999797903001e-05
-2.269199916266745e-05,7.999999797903001e-05
-2.2687999162336488e-05,7.999999797903001e-05
-2.2683999162005526e-05,7.999999797903001e-05
-2.2679999161674565e-05,7.999999797903001e-05
-2.2675999161343603e-05,0.00011999999696854502
-2.2671999161012642e-05,7.999999797903001e-05
-2.266799916068168e-05,7.999999797903001e-05
-2.266399916035072e-05,7.999999797903001e-05
-2.2659999160019757e-05,7.999999797903001e-05
-2.2655999159688796e-05,3.9999998989515007e-05
-2.2651999159357834e-05,7.999999797903001e-05
-2.2647999159026873e-05,7.999999797903001e-05
-2.264399915869591e-05,7.999999797903001e-05
-2.263999915836495e-05,7.999999797903001e-05
-2.263599915803399e-05,7.999999797903001e-05
-2.2631999157703027e-05,7.999999797903001e-05
-2.2627999157372065e-05,7.999999797903001e-05
-2.2623999157041104e-05,7.999999797903001e-05
-2.2619999156710142e-05,7.999999797903001e-05
-2.261599915637918e-05,7.999999797903001e-05
-2.261199915604822e-05,7.999999797903001e-05
-2.2607999155717258e-05,7.999999797903001e-05
-2.2603999155386296e-05,7.999999797903001e-05
-2.2599999155055335e-05,7.999999797903001e-05
-2.2595999154724374e-05,7.999999797903001e-05
-2.2591999154393412e-05,7.999999797903001e-05
-2.258799915406245e-05,7.999999797903001e-05
-2.258399915373149e-05,7.999999797903001e-05
-2.2579999153400528e-05,7.999999797903001e-05
-2.2575999153069566e-05,7.999999797903001e-05
-2.2571999152738605e-05,7.999999797903001e-05
-2.2567999152407643e-05,7.999999797903001e-05
-2.256399915207668e-05,7.999999797903001e-05
-2.255999915174572e-05,7.999999797903001e-05
-2.255599915141476e-05,7.999999797903001e-05
-2.2551999151083797e-05,7.999999797903001e-05
-2.2547999150752836e-05,7.999999797903001e-05
-2.2543999150421874e-05,7.999999797903001e-05
-2.2539999150090913e-05,7.999999797903001e-05
-2.253599914975995e-05,7.999999797903001e-05
-2.253199914942899e-05,7.999999797903001e-05
-2.2527999149098028e-05,7.999999797903001e-05
-2.2523999148767067e-05,7.999999797903001e-05
-2.2519999148436105e-05,7.999999797903001e-05
-2.2515999148105144e-05,7.999999797903001e-05
-2.2511999147774182e-05,7.999999797903001e-05
-2.250799914744322e-05,7.999999797903001e-05
-2.250399914711226e-05,7.999999797903001e-05
-2.2499999146781298e-05,7.999999797903001e-05
-2.2495999146450336e-05,3.9999998989515007e-05
-2.2491999146119375e-05,7.999999797903001e-05
-2.2487999145788413e-05,7.999999797903001e-05
-2.2483999145457452e-05,7.999999797903001e-05
-2.247999914512649e-05,7.999999797903001e-05
-2.247599914479553e-05,7.999999797903001e-05
-2.2471999144464568e-05,7.999999797903001e-05
-2.2467999144133606e-05,7.999999797903001e-05
-2.2463999143802645e-05,7.999999797903001e-05
-2.2459999143471683e-05,7.999999797903001e-05
-2.245599914314072e-05,7.999999797903001e-05
-2.245199914280976e-05,7.999999797903001e-05
-2.24479991424788e-05,7.999999797903001e-05
-2.2443999142147837e-05,7.999999797903001e-05
-2.2439999141816876e-05,7.999999797903001e-05
-2.2435999141485914e-05,7.999999797903001e-05
-2.2431999141154953e-05,7.999999797903001e-05
-2.242799914082399e-05,7.999999797903001e-05
-2.242399914049303e-05,7.999999797903001e-05
-2.2419999140162068e-05,7.999999797903001e-05
-2.2415999139831107e-05,3.9999998989515007e-05
-2.2411999139500145e-05,7.999999797903001e-05
-2.2407999139169184e-05,3.9999998989515007e-05
-2.2403999138838222e-05,7.999999797903001e-05
-2.239999913850726e-05,7.999999797903001e-05
-2.23959991381763e-05,7.999999797903001e-05
-2.2391999137845338e-05,7.999999797903001e-05
-2.2387999137514376e-05,7.999999797903001e-05
-2.2383999137183415e-05,7.999999797903001e-05
-2.2379999136852453e-05,7.999999797903001e-05
-2.2375999136521492e-05,7.999999797903001e-05
-2.237199913619053e-05,7.999999797903001e-05
-2.236799913585957e-05,3.9999998989515007e-05
-2.2363999135528607e-05,7.999999797903001e-05
-2.2359999135197646e-05,7.999999797903001e-05
-2.2355999134866684e-05,7.999999797903001e-05
-2.2351999134535723e-05,7.999999797903001e-05
-2.234799913420476e-05,7.999999797903001e-05
-2.23439991338738e-05,7.999999797903001e-05
-2.233999913354284e-05,7.999999797903001e-05
-2.2335999133211877e-05,7.999999797903001e-05
-2.2331999132880916e-05,7.999999797903001e-05
-2.2327999132549954e-05,7.999999797903001e-05
-2.2323999132218993e-05,7.999999797903001e-05
-2.231999913188803e-05,7.999999797903001e-05
-2.231599913155707e-05,7.999999797903001e-05
-2.2311999131226108e-05,7.999999797903001e-05
-2.2307999130895147e-05,7.999999797903001e-05
-2.2303999130564185e-05,7.999999797903001e-05
-2.2299999130233224e-05,7.999999797903001e-05
-2.2295999129902262e-05,7.999999797903001e-05
-2.22919991295713e-05,7.999999797903001e-05
-2.228799912924034e-05,3.9999998989515007e-05
-2.2283999128909378e-05,7.999999797903001e-05
-2.2279999128578416e-05,7.999999797903001e-05
-2.2275999128247455e-05,7.999999797903001e-05
-2.2271999127916493e-05,7.999999797903001e-05
-2.2267999127585532e-05,7.999999797903001e-05
-2.226399912725457e-05,7.999999797903001e-05
-2.225999912692361e-05,7.999999797903001e-05
-2.2255999126592647e-05,7.999999797903001e-05
-2.2251999126261686e-05,7.999999797903001e-05
-2.2247999125930724e-05,7.999999797903001e-05
-2.2243999125599763e-05,7.999999797903001e-05
-2.22399991252688e-05,7.999999797903001e-05
-2.223599912493784e-05,7.999999797903001e-05
-2.223199912460688e-05,7.999999797903001e-05
-2.2227999124275917e-05,7.999999797903001e-05
-2.2223999123944956e-05,7.999999797903001e-05
-2.2219999123613994e-05,7.999999797903001e-05
-2.2215999123283033e-05,7.999999797903001e-05
-2.221199912295207e-05,7.999999797903001e-05
-2.220799912262111e-05,7.999999797903001e-05
-2.2203999122290148e-05,7.999999797903001e-05
-2.2199999121959187e-05,7.999999797903001e-05
-2.2195999121628225e-05,7.999999797903001e-05
-2.2191999121297264e-05,7.999999797903001e-05
-2.2187999120966302e-05,7.999999797903001e-05
-2.218399912063534e-05,7.999999797903001e-05
-2.217999912030438e-05,7.999999797903001e-05
-2.2175999119973418e-05,7.999999797903001e-05
-2.2171999119642456e-05,7.999999797903001e-05
-2.2167999119311495e-05,7.999999797903001e-05
-2.2163999118980533e-05,7.999999797903001e-05
-2.2159999118649572e-05,7.999999797903001e-05
-2.215599911831861e-05,0.00011999999696854502
-2.215199911798765e-05,7.999999797903001e-05
-2.2147999117656687e-05,7.999999797903001e-05
-2.2143999117325726e-05,7.999999797903001e-05
-2.2139999116994764e-05,7.999999797903001e-05
-2.2135999116663803e-05,7.999999797903001e-05
-2.213199911633284e-05,7.999999797903001e-05
-2.212799911600188e-05,7.999999797903001e-05
-2.212399911567092e-05,7.999999797903001e-05
-2.2119999115339957e-05,7.999999797903001e-05
-2.2115999115008995e-05,7.999999797903001e-05
-2.2111999114678034e-05,7.999999797903001e-05
-2.2107999114347072e-05,7.999999797903001e-05
-2.210399911401611e-05,7.999999797903001e-05
-2.209999911368515e-05,7.999999797903001e-05
-2.2095999113354188e-05,7.999999797903001e-05
-2.2091999113023227e-05,7.999999797903001e-05
-2.2087999112692265e-05,7.999999797903001e-05
-2.2083999112361304e-05,7.999999797903001e-05
-2.2079999112030342e-05,7.999999797903001e-05
-2.207599911169938e-05,7.999999797903001e-05
-2.207199911136842e-05,7.999999797903001e-05
-2.2067999111037458e-05,7.999999797903001e-05
-2.2063999110706496e-05,7.999999797903001e-05
-2.2059999110375535e-05,7.999999797903001e-05
-2.2055999110044573e-05,3.9999998989515007e-05
-2.2051999109713612e-05,7.999999797903001e-05
-2.204799910938265e-05,7.999999797903001e-05
-2.204399910905169e-05,7.999999797903001e-05
-2.2039999108720727e-05,7.999999797903001e-05
-2.2035999108389766e-05,0.00011999999696854502
-2.2031999108058804e-05,7.999999797903001e-05
-2.2027999107727843e-05,7.999999797903001e-05
-2.202399910739688e-05,7.999999797903001e-05
-2.201999910706592e-05,7.999999797903001e-05
-2.201599910673496e-05,7.999999797903001e-05
-2.2011999106403997e-05,7.999999797903001e-05
-2.2007999106073035e-05,7.999999797903001e-05
-2.2003999105742074e-05,7.999999797903001e-05
-2.1999999105411112e-05,7.999999797903001e-05
-2.199599910508015e-05,7.999999797903001e-05
-2.199199910474919e-05,7.999999797903001e-05
-2.1987999104418228e-05,7.999999797903001e-05
-2.1983999104087266e-05,7.999999797903001e-05
-2.1979999103756305e-05,7.999999797903001e-05
-2.1975999103425344e-05,7.999999797903001e-05
-2.1971999103094382e-05,7.999999797903001e-05
-2.196799910276342e-05,7.999999797903001e-05
-2.196399910243246e-05,7.999999797903001e-05
-2.1959999102101498e-05,7.999999797903001e-05
-2.1955999101770536e-05,7.999999797903001e-05
-2.1951999101439575e-05,7.999999797903001e-05
-2.1947999101108613e-05,7.999999797903001e-05
-2.194399910077765e-05,7.999999797903001e-05
-2.193999910044669e-05,7.999999797903001e-05
-2.193599910011573e-05,3.9999998989515007e-05
-2.1931999099784767e-05,7.999999797903001e-05
-2.1927999099453806e-05,3.9999998989515007e-05
-2.1923999099122844e-05,7.999999797903001e-05
-2.1919999098791883e-05,7.999999797903001e-05
-2.191599909846092e-05,7.999999797903001e-05
-2.191199909812996e-05,7.999999797903001e-05
-2.1907999097798998e-05,7.999999797903001e-05
-2.1903999097468037e-05,7.999999797903001e-05
-2.1899999097137075e-05,7.999999797903001e-05
-2.1895999096806114e-05,7.999999797903001e-05
-2.1891999096475152e-05,7.999999797903001e-05
-2.188799909614419e-05,7.999999797903001e-05
-2.188399909581323e-05,7.999999797903001e-05
-2.1879999095482268e-05,7.999999797903001e-05
-2.1875999095151306e-05,7.999999797903001e-05
-2.1871999094820345e-05,7.999999797903001e-05
-2.1867999094489383e-05,7.999999797903001e-05
-2.1863999094158422e-05,7.999999797903001e-05
-2.185999909382746e-05,7.999999797903001e-05
-2.18559990934965e-05,7.999999797903001e-05
-2.1851999093165538e-05,7.999999797903001e-05
-2.1847999092834576e-05,7.999999797903001e-05
-2.1843999092503615e-05,7.999999797903001e-05
-2.1839999092172653e-05,7.999999797903001e-05
-2.183599909184169e-05,7.999999797903001e-05
-2.183199909151073e-05,7.999999797903001e-05
-2.182799909117977e-05,7.999999797903001e-05
-2.1823999090848807e-05,7.999999797903001e-05
-2.1819999090517846e-05,7.999999797903001e-05
-2.1815999090186884e-05,7.999999797903001e-05
-2.1811999089855923e-05,7.999999797903001e-05
-2.180799908952496e-05,7.999999797903001e-05
-2.1803999089194e-05,7.999999797903001e-05
-2.1799999088863038e-05,7.999999797903001e-05
-2.1795999088532077e-05,7.999999797903001e-05
-2.1791999088201115e-05,7.999999797903001e-05
-2.1787999087870154e-05,7.999999797903001e-05
-2.1783999087539192e-05,7.999999797903001e-05
-2.177999908720823e-05,7.999999797903001e-05
-2.177599908687727e-05,7.999999797903001e-05
-2.1771999086546308e-05,7.999999797903001e-05
-2.1767999086215346e-05,7.999999797903001e-05
-2.1763999085884385e-05,7.999999797903001e-05
-2.1759999085553423e-05,3.9999998989515007e-05
-2.1755999085222462e-05,7.999999797903001e-05
-2.17519990848915e-05,7.999999797903001e-05
-2.174799908456054e-05,7.999999797903001e-05
-2.1743999084229577e-05,7.999999797903001e-05
-2.1739999083898616e-05,7.999999797903001e-05
-2.1735999083567654e-05,7.999999797903001e-05
-2.1731999083236693e-05,7.999999797903001e-05
-2.172799908290573e-05,7.999999797903001e-05
-2.172399908257477e-05,7.999999797903001e-05
-2.171999908224381e-05,7.999999797903001e-05
-2.1715999081912847e-05,7.999999797903001e-05
-2.1711999081581886e-05,7.999999797903001e-05
-2.1707999081250924e-05,0.00011999999696854502
-2.1703999080919963e-05,7.999999797903001e-05
-2.1699999080589e-05,7.999999797903001e-05
-2.169599908025804e-05,7.999999797903001e-05
-2.1691999079927078e-05,3.9999998989515007e-05
-2.1687999079596117e-05,3.9999998989515007e-05
-2.1683999079265155e-05,7.999999797903001e-05
-2.1679999078934194e-05,3.9999998989515007e-05
-2.1675999078603232e-05,7.999999797903001e-05
-2.167199907827227e-05,7.999999797903001e-05
-2.166799907794131e-05,7.999999797903001e-05
-2.1663999077610348e-05,7.999999797903001e-05
-2.1659999077279386e-05,7.999999797903001e-05
-2.1655999076948425e-05,7.999999797903001e-05
-2.1651999076617463e-05,7.999999797903001e-05
-2.1647999076286502e-05,7.999999797903001e-05
-2.164399907595554e-05,7.999999797903001e-05
-2.163999907562458e-05,7.999999797903001e-05
-2.1635999075293617e-05,7.999999797903001e-05
-2.1631999074962656e-05,3.9999998989515007e-05
-2.1627999074631694e-05,7.999999797903001e-05
-2.1623999074300733e-05,7.999999797903001e-05
-2.161999907396977e-05,7.999999797903001e-05
-2.161599907363881e-05,7.999999797903001e-05
-2.161199907330785e-05,7.999999797903001e-05
-2.1607999072976887e-05,7.999999797903001e-05
-2.1603999072645925e-05,7.999999797903001e-05
-2.1599999072314964e-05,7.999999797903001e-05
-2.1595999071984003e-05,7.999999797903001e-05
-2.159199907165304e-05,7.999999797903001e-05
-2.158799907132208e-05,7.999999797903001e-05
-2.1583999070991118e-05,7.999999797903001e-05
-2.1579999070660157e-05,7.999999797903001e-05
-2.1575999070329195e-05,7.999999797903001e-05
-2.1571999069998234e-05,7.999999797903001e-05
-2.1567999069667272e-05,3.9999998989515007e-05
-2.156399906933631e-05,7.999999797903001e-05
-2.155999906900535e-05,3.9999998989515007e-05
-2.1555999068674388e-05,7.999999797903001e-05
-2.1551999068343426e-05,7.999999797903001e-05
-2.1547999068012465e-05,7.999999797903001e-05
-2.1543999067681503e-05,7.999999797903001e-05
-2.1539999067350542e-05,7.999999797903001e-05
-2.153599906701958e-05,7.999999797903001e-05
-2.153199906668862e-05,7.999999797903001e-05
-2.1527999066357657e-05,7.999999797903001e-05
-2.1523999066026696e-05,7.999999797903001e-05
-2.1519999065695734e-05,7.999999797903001e-05
-2.1515999065364773e-05,7.999999797903001e-05
-2.151199906503381e-05,3.9999998989515007e-05
-2.150799906470285e-05,7.999999797903001e-05
-2.150399906437189e-05,7.999999797903001e-05
-2.1499999064040927e-05,7.999999797903001e-05
-2.1495999063709965e-05,7.999999797903001e-05
-2.1491999063379004e-05,7.999999797903001e-05
-2.1487999063048042e-05,7.999999797903001e-05
-2.148399906271708e-05,7.999999797903001e-05
-2.147999906238612e-05,7.999999797903001e-05
-2.1475999062055158e-05,7.999999797903001e-05
-2.1471999061724197e-05,7.999999797903001e-05
-2.1467999061393235e-05,7.999999797903001e-05
-2.1463999061062274e-05,7.999999797903001e-05
-2.1459999060731312e-05,7.999999797903001e-05
-2.145599906040035e-05,7.999999797903001e-05
-2.145199906006939e-05,7.999999797903001e-05
-2.1447999059738428e-05,7.999999797903001e-05
-2.1443999059407466e-05,7.999999797903001e-05
-2.1439999059076505e-05,7.999999797903001e-05
-2.1435999058745543e-05,7.999999797903001e-05
-2.143199905841458e-05,7.999999797903001e-05
-2.142799905808362e-05,7.999999797903001e-05
-2.142399905775266e-05,7.999999797903001e-05
-2.1419999057421697e-05,0.00011999999696854502
-2.1415999057090736e-05,7.999999797903001e-05
-2.1411999056759774e-05,7.999999797903001e-05
-2.1407999056428813e-05,7.999999797903001e-05
-2.140399905609785e-05,7.999999797903001e-05
-2.139999905576689e-05,7.999999797903001e-05
-2.139599905543593e-05,7.999999797903001e-05
-2.1391999055104967e-05,3.9999998989515007e-05
-2.1387999054774005e-05,7.999999797903001e-05
-2.1383999054443044e-05,7.999999797903001e-05
-2.1379999054112082e-05,7.999999797903001e-05
-2.137599905378112e-05,7.999999797903001e-05
-2.137199905345016e-05,7.999999797903001e-05
-2.1367999053119198e-05,7.999999797903001e-05
-2.1363999052788236e-05,7.999999797903001e-05
-2.1359999052457275e-05,7.999999797903001e-05
-2.1355999052126313e-05,7.999999797903001e-05
-2.1351999051795352e-05,7.999999797903001e-05
-2.134799905146439e-05,7.999999797903001e-05
-2.134399905113343e-05,7.999999797903001e-05
-2.1339999050802468e-05,7.999999797903001e-05
-2.1335999050471506e-05,7.999999797903001e-05
-2.1331999050140545e-05,7.999999797903001e-05
-2.1327999049809583e-05,3.9999998989515007e-05
-2.132399904947862e-05,7.999999797903001e-05
-2.131999904914766e-05,3.9999998989515007e-05
-2.13159990488167e-05,7.999999797903001e-05
-2.1311999048485737e-05,7.999999797903001e-05
-2.1307999048154776e-05,7.999999797903001e-05
-2.1303999047823814e-05,7.999999797903001e-05
-2.1299999047492853e-05,7.999999797903001e-05
-2.129599904716189e-05,7.999999797903001e-05
-2.129199904683093e-05,0.00011999999696854502
-2.1287999046499968e-05,7.999999797903001e-05
-2.1283999046169007e-05,7.999999797903001e-05
-2.1279999045838045e-05,7.999999797903001e-05
-2.1275999045507084e-05,7.999999797903001e-05
-2.1271999045176122e-05,3.9999998989515007e-05
-2.126799904484516e-05,7.999999797903001e-05
-2.12639990445142e-05,7.999999797903001e-05
-2.1259999044183238e-05,7.999999797903001e-05
-2.1255999043852276e-05,7.999999797903001e-05
-2.1251999043521315e-05,7.999999797903001e-05
-2.1247999043190353e-05,7.999999797903001e-05
-2.1243999042859392e-05,7.999999797903001e-05
-2.123999904252843e-05,7.999999797903001e-05
-2.123599904219747e-05,7.999999797903001e-05
-2.1231999041866507e-05,7.999999797903001e-05
-2.1227999041535546e-05,7.999999797903001e-05
-2.1223999041204585e-05,7.999999797903001e-05
-2.1219999040873623e-05,7.999999797903001e-05
-2.121599904054266e-05,7.999999797903001e-05
-2.12119990402117e-05,7.999999797903001e-05
-2.120799903988074e-05,7.999999797903001e-05
-2.1203999039549777e-05,7.999999797903001e-05
-2.1199999039218816e-05,3.9999998989515007e-05
-2.1195999038887854e-05,3.9999998989515007e-05
-2.1191999038556893e-05,3.9999998989515007e-05
-2.118799903822593e-05,7.999999797903001e-05
-2.118399903789497e-05,7.999999797903001e-05
-2.1179999037564008e-05,7.999999797903001e-05
-2.1175999037233047e-05,7.999999797903001e-05
-2.1171999036902085e-05,7.999999797903001e-05
-2.1167999036571124e-05,7.999999797903001e-05
-2.1163999036240162e-05,7.999999797903001e-05
-2.11599990359092e-05,7.999999797903001e-05
-2.115599903557824e-05,7.999999797903001e-05
-2.1151999035247278e-05,7.999999797903001e-05
-2.1147999034916316e-05,7.999999797903001e-05
-2.1143999034585355e-05,7.999999797903001e-05
-2.1139999034254393e-05,7.999999797903001e-05
-2.1135999033923432e-05,7.999999797903001e-05
-2.113199903359247e-05,7.999999797903001e-05
-2.112799903326151e-05,3.9999998989515007e-05
-2.1123999032930547e-05,7.999999797903001e-05
-2.1119999032599586e-05,7.999999797903001e-05
-2.1115999032268624e-05,7.999999797903001e-05
-2.1111999031937663e-05,7.999999797903001e-05
-2.11079990316067e-05,7.999999797903001e-05
-2.110399903127574e-05,7.999999797903001e-05
-2.109999903094478e-05,7.999999797903001e-05
-2.1095999030613817e-05,7.999999797903001e-05
-2.1091999030282856e-05,0.00011999999696854502
-2.1087999029951894e-05,7.999999797903001e-05
-2.1083999029620933e-05,7.999999797903001e-05
-2.107999902928997e-05,3.9999998989515007e-05
-2.107599902895901e-05,7.999999797903001e-05
-2.1071999028628048e-05,3.9999998989515007e-05
-2.1067999028297087e-05,7.999999797903001e-05
-2.1063999027966125e-05,7.999999797903001e-05
-2.1059999027635164e-05,7.999999797903001e-05
-2.1055999027304202e-05,7.999999797903001e-05
-2.105199902697324e-05,7.999999797903001e-05
-2.104799902664228e-05,7.999999797903001e-05
-2.1043999026311318e-05,7.999999797903001e-05
-2.1039999025980356e-05,7.999999797903001e-05
-2.1035999025649395e-05,7.999999797903001e-05
-2.1031999025318433e-05,7.999999797903001e-05
-2.1027999024987472e-05,7.999999797903001e-05
-2.102399902465651e-05,7.999999797903001e-05
-2.101999902432555e-05,7.999999797903001e-05
-2.1015999023994587e-05,7.999999797903001e-05
-2.1011999023663626e-05,7.999999797903001e-05
-2.1007999023332664e-05,7.999999797903001e-05
-2.1003999023001703e-05,7.999999797903001e-05
-2.099999902267074e-05,7.999999797903001e-05
-2.099599902233978e-05,7.999999797903001e-05
-2.099199902200882e-05,7.999999797903001e-05
-2.0987999021677857e-05,7.999999797903001e-05
-2.0983999021346895e-05,7.999999797903001e-05
-2.0979999021015934e-05,7.999999797903001e-05
-2.0975999020684973e-05,7.999999797903001e-05
-2.097199902035401e-05,0.00011999999696854502
-2.096799902002305e-05,7.999999797903001e-05
-2.0963999019692088e-05,7.999999797903001e-05
-2.0959999019361127e-05,7.999999797903001e-05
-2.0955999019030165e-05,7.999999797903001e-05
-2.0951999018699204e-05,7.999999797903001e-05
-2.0947999018368242e-05,7.999999797903001e-05
-2.094399901803728e-05,7.999999797903001e-05
-2.093999901770632e-05,7.999999797903001e-05
-2.0935999017375358e-05,7.999999797903001e-05
-2.0931999017044396e-05,7.999999797903001e-05
-2.0927999016713435e-05,7.999999797903001e-05
-2.0923999016382473e-05,7.999999797903001e-05
-2.0919999016051512e-05,7.999999797903001e-05
-2.091599901572055e-05,7.999999797903001e-05
-2.091199901538959e-05,7.999999797903001e-05
-2.0907999015058627e-05,7.999999797903001e-05
-2.0903999014727666e-05,7.999999797903001e-05
-2.0899999014396704e-05,7.999999797903001e-05
-2.0895999014065743e-05,7.999999797903001e-05
-2.089199901373478e-05,0.00011999999696854502
-2.088799901340382e-05,7.999999797903001e-05
-2.088399901307286e-05,0.00011999999696854502
-2.0879999012741897e-05,7.999999797903001e-05
-2.0875999012410935e-05,7.999999797903001e-05
-2.0871999012079974e-05,7.999999797903001e-05
-2.0867999011749012e-05,7.999999797903001e-05
-2.086399901141805e-05,3.9999998989515007e-05
-2.085999901108709e-05,7.999999797903001e-05
-2.0855999010756128e-05,7.999999797903001e-05
-2.0851999010425167e-05,7.999999797903001e-05
-2.0847999010094205e-05,7.999999797903001e-05
-2.0843999009763244e-05,7.999999797903001e-05
-2.0839999009432282e-05,7.999999797903001e-05
-2.083599900910132e-05,7.999999797903001e-05
-2.083199900877036e-05,7.999999797903001e-05
-2.0827999008439398e-05,7.999999797903001e-05
-2.0823999008108436e-05,7.999999797903001e-05
-2.0819999007777475e-05,7.999999797903001e-05
-2.0815999007446513e-05,7.999999797903001e-05
-2.081199900711555e-05,7.999999797903001e-05
-2.080799900678459e-05,7.999999797903001e-05
-2.080399900645363e-05,7.999999797903001e-05
-2.0799999006122667e-05,7.999999797903001e-05
-2.0795999005791706e-05,7.999999797903001e-05
-2.0791999005460744e-05,7.999999797903001e-05
-2.0787999005129783e-05,7.999999797903001e-05
-2.078399900479882e-05,7.999999797903001e-05
-2.077999900446786e-05,7.999999797903001e-05
-2.07759990041369e-05,7.999999797903001e-05
-2.0771999003805937e-05,7.999999797903001e-05
-2.0767999003474975e-05,7.999999797903001e-05
-2.0763999003144014e-05,7.999999797903001e-05
-2.0759999002813052e-05,7.999999797903001e-05
-2.075599900248209e-05,7.999999797903001e-05
-2.075199900215113e-05,3.9999998989515007e-05
-2.0747999001820168e-05,7.999999797903001e-05
-2.0743999001489206e-05,7.999999797903001e-05
-2.0739999001158245e-05,7.999999797903001e-05
-2.0735999000827283e-05,7.999999797903001e-05
-2.0731999000496322e-05,7.999999797903001e-05
-2.072799900016536e-05,7.999999797903001e-05
-2.07239989998344e-05,7.999999797903001e-05
-2.0719998999503438e-05,7.999999797903001e-05
-2.0715998999172476e-05,7.999999797903001e-05
-2.0711998998841515e-05,3.9999998989515007e-05
-2.0707998998510553e-05,3.9999998989515007e-05
-2.070399899817959e-05,3.9999998989515007e-05
-2.069999899784863e-05,7.999999797903001e-05
-2.069599899751767e-05,7.999999797903001e-05
-2.0691998997186707e-05,7.999999797903001e-05
-2.0687998996855746e-05,7.999999797903001e-05
-2.0683998996524784e-05,7.999999797903001e-05
-2.0679998996193823e-05,7.999999797903001e-05
-2.067599899586286e-05,0.00011999999696854502
-2.06719989955319e-05,7.999999797903001e-05
-2.0667998995200938e-05,7.999999797903001e-05
-2.0663998994869977e-05,7.999999797903001e-05
-2.0659998994539015e-05,7.999999797903001e-05
-2.0655998994208054e-05,7.999999797903001e-05
-2.0651998993877092e-05,7.999999797903001e-05
-2.064799899354613e-05,3.9999998989515007e-05
-2.064399899321517e-05,7.999999797903001e-05
-2.0639998992884208e-05,7.999999797903001e-05
-2.0635998992553246e-05,7.999999797903001e-05
-2.0631998992222285e-05,7.999999797903001e-05
-2.0627998991891323e-05,7.999999797903001e-05
-2.0623998991560362e-05,7.999999797903001e-05
-2.06199989912294e-05,7.999999797903001e-05
-2.061599899089844e-05,7.999999797903001e-05
-2.0611998990567477e-05,0.00011999999696854502
-2.0607998990236516e-05,7.999999797903001e-05
-2.0603998989905554e-05,7.999999797903001e-05
-2.0599998989574593e-05,7.999999797903001e-05
-2.059599898924363e-05,7.999999797903001e-05
-2.059199898891267e-05,3.9999998989515007e-05
-2.058799898858171e-05,7.999999797903001e-05
-2.0583998988250747e-05,3.9999998989515007e-05
-2.0579998987919786e-05,7.999999797903001e-05
-2.0575998987588824e-05,7.999999797903001e-05
-2.0571998987257863e-05,7.999999797903001e-05
-2.05679989869269e-05,7.999999797903001e-05
-2.056399898659594e-05,7.999999797903001e-05
-2.0559998986264978e-05,7.999999797903001e-05
-2.0555998985934017e-05,7.999999797903001e-05
-2.0551998985603055e-05,7.999999797903001e-05
-2.0547998985272094e-05,7.999999797903001e-05
-2.0543998984941132e-05,7.999999797903001e-05
-2.053999898461017e-05,7.999999797903001e-05
-2.053599898427921e-05,7.999999797903001e-05
-2.0531998983948248e-05,7.999999797903001e-05
-2.0527998983617286e-05,7.999999797903001e-05
-2.0523998983286325e-05,7.999999797903001e-05
-2.0519998982955363e-05,7.999999797903001e-05
-2.0515998982624402e-05,7.999999797903001e-05
-2.051199898229344e-05,7.999999797903001e-05
-2.050799898196248e-05,7.999999797903001e-05
-2.0503998981631517e-05,7.999999797903001e-05
-2.0499998981300556e-05,7.999999797903001e-05
-2.0495998980969594e-05,7.999999797903001e-05
-2.0491998980638633e-05,7.999999797903001e-05
-2.048799898030767e-05,7.999999797903001e-05
-2.048399897997671e-05,7.999999797903001e-05
-2.047999897964575e-05,7.999999797903001e-05
-2.0475998979314787e-05,7.999999797903001e-05
-2.0471998978983826e-05,3.9999998989515007e-05
-2.0467998978652864e-05,7.999999797903001e-05
-2.0463998978321903e-05,7.999999797903001e-05
-2.045999897799094e-05,7.999999797903001e-05
-2.045599897765998e-05,7.999999797903001e-05
-2.0451998977329018e-05,7.999999797903001e-05
-2.0447998976998057e-05,7.999999797903001e-05
-2.0443998976667095e-05,7.999999797903001e-05
-2.0439998976336134e-05,7.999999797903001e-05
-2.0435998976005172e-05,7.999999797903001e-05
-2.043199897567421e-05,7.999999797903001e-05
-2.042799897534325e-05,7.999999797903001e-05
-2.0423998975012288e-05,7.999999797903001e-05
-2.0419998974681326e-05,7.999999797903001e-05
-2.0415998974350365e-05,7.999999797903001e-05
-2.0411998974019403e-05,7.999999797903001e-05
-2.0407998973688442e-05,7.999999797903001e-05
-2.040399897335748e-05,0.00011999999696854502
-2.039999897302652e-05,7.999999797903001e-05
-2.0395998972695557e-05,7.999999797903001e-05
-2.0391998972364596e-05,7.999999797903001e-05
-2.0387998972033634e-05,7.999999797903001e-05
-2.0383998971702673e-05,7.999999797903001e-05
-2.037999897137171e-05,7.999999797903001e-05
-2.037599897104075e-05,7.999999797903001e-05
-2.037199897070979e-05,7.999999797903001e-05
-2.0367998970378827e-05,7.999999797903001e-05
-2.0363998970047865e-05,7.999999797903001e-05
-2.0359998969716904e-05,7.999999797903001e-05
-2.0355998969385942e-05,7.999999797903001e-05
-2.035199896905498e-05,7.999999797903001e-05
-2.034799896872402e-05,7.999999797903001e-05
-2.0343998968393058e-05,7.999999797903001e-05
-2.0339998968062097e-05,7.999999797903001e-05
-2.0335998967731135e-05,7.999999797903001e-05
-2.0331998967400174e-05,0.00011999999696854502
-2.0327998967069212e-05,7.999999797903001e-05
-2.032399896673825e-05,7.999999797903001e-05
-2.031999896640729e-05,7.999999797903001e-05
-2.0315998966076328e-05,7.999999797903001e-05
-2.0311998965745366e-05,7.999999797903001e-05
-2.0307998965414405e-05,7.999999797903001e-05
-2.0303998965083443e-05,7.999999797903001e-05
-2.0299998964752482e-05,7.999999797903001e-05
-2.029599896442152e-05,7.999999797903001e-05
-2.029199896409056e-05,7.999999797903001e-05
-2.0287998963759597e-05,7.999999797903001e-05
-2.0283998963428636e-05,0.00011999999696854502
-2.0279998963097674e-05,7.999999797903001e-05
-2.0275998962766713e-05,7.999999797903001e-05
-2.027199896243575e-05,7.999999797903001e-05
-2.026799896210479e-05,7.999999797903001e-05
-2.026399896177383e-05,7.999999797903001e-05
-2.0259998961442867e-05,7.999999797903001e-05
-2.0255998961111905e-05,7.999999797903001e-05
-2.0251998960780944e-05,7.999999797903001e-05
-2.0247998960449982e-05,7.999999797903001e-05
-2.024399896011902e-05,7.999999797903001e-05
-2.023999895978806e-05,7.999999797903001e-05
-2.0235998959457098e-05,7.999999797903001e-05
-2.0231998959126136e-05,7.999999797903001e-05
-2.0227998958795175e-05,7.999999797903001e-05
-2.0223998958464214e-05,7.999999797903001e-05
-2.0219998958133252e-05,7.999999797903001e-05
-2.021599895780229e-05,3.9999998989515007e-05
-2.021199895747133e-05,7.999999797903001e-05
-2.0207998957140368e-05,7.999999797903001e-05
-2.0203998956809406e-05,7.999999797903001e-05
-2.0199998956478445e-05,7.999999797903001e-05
-2.0195998956147483e-05,7.999999797903001e-05
-2.019199895581652e-05,7.999999797903001e-05
-2.018799895548556e-05,7.999999797903001e-05
-2.01839989551546e-05,3.9999998989515007e-05
-2.0179998954823637e-05,7.999999797903001e-05
-2.0175998954492676e-05,3.9999998989515007e-05
-2.0171998954161714e-05,7.999999797903001e-05
-2.0167998953830753e-05,3.9999998989515007e-05
-2.016399895349979e-05,7.999999797903001e-05
-2.015999895316883e-05,7.999999797903001e-05
-2.0155998952837868e-05,7.999999797903001e-05
-2.0151998952506907e-05,7.999999797903001e-05
-2.0147998952175945e-05,7.999999797903001e-05
-2.0143998951844984e-05,7.999999797903001e-05
-2.0139998951514022e-05,7.999999797903001e-05
-2.013599895118306e-05,3.9999998989515007e-05
-2.01319989508521e-05,7.999999797903001e-05
-2.0127998950521138e-05,7.999999797903001e-05
-2.0123998950190176e-05,0.00011999999696854502
-2.0119998949859215e-05,7.999999797903001e-05
-2.0115998949528253e-05,0.00011999999696854502
-2.0111998949197292e-05,7.999999797903001e-05
-2.010799894886633e-05,7.999999797903001e-05
-2.010399894853537e-05,7.999999797903001e-05
-2.0099998948204408e-05,7.999999797903001e-05
-2.0095998947873446e-05,3.9999998989515007e-05
-2.0091998947542485e-05,7.999999797903001e-05
-2.0087998947211523e-05,3.9999998989515007e-05
-2.008399894688056e-05,7.999999797903001e-05
-2.00799989465496e-05,7.999999797903001e-05
-2.007599894621864e-05,7.999999797903001e-05
-2.0071998945887677e-05,7.999999797903001e-05
-2.0067998945556716e-05,7.999999797903001e-05
-2.0063998945225754e-05,7.999999797903001e-05
-2.0059998944894793e-05,7.999999797903001e-05
-2.005599894456383e-05,7.999999797903001e-05
-2.005199894423287e-05,7.999999797903001e-05
-2.0047998943901908e-05,3.9999998989515007e-05
-2.0043998943570947e-05,7.999999797903001e-05
-2.0039998943239985e-05,3.9999998989515007e-05
-2.0035998942909024e-05,7.999999797903001e-05
-2.0031998942578062e-05,7.999999797903001e-05
-2.00279989422471e-05,3.9999998989515007e-05
-2.002399894191614e-05,0.00011999999696854502
-2.0019998941585178e-05,7.999999797903001e-05
-2.0015998941254216e-05,7.999999797903001e-05
-2.0011998940923255e-05,0.00011999999696854502
-2.0007998940592293e-05,3.9999998989515007e-05
-2.0003998940261332e-05,0.00011999999696854502
-1.999999893993037e-05,7.999999797903001e-05
-1.999599893959941e-05,7.999999797903001e-05
-1.9991998939268447e-05,7.999999797903001e-05
-1.9987998938937486e-05,3.9999998989515007e-05
-1.9983998938606524e-05,0.00011999999696854502
-1.9979998938275563e-05,3.9999998989515007e-05
-1.99759989379446e-05,7.999999797903001e-05
-1.997199893761364e-05,0.00011999999696854502
-1.996799893728268e-05,3.9999998989515007e-05
-1.9963998936951717e-05,0.00011999999696854502
-1.9959998936620756e-05,3.9999998989515007e-05
-1.9955998936289794e-05,7.999999797903001e-05
-1.9951998935958833e-05,7.999999797903001e-05
-1.994799893562787e-05,3.9999998989515007e-05
-1.994399893529691e-05,0.00011999999696854502
-1.9939998934965948e-05,7.999999797903001e-05
-1.9935998934634987e-05,7.999999797903001e-05
-1.9931998934304025e-05,0.00011999999696854502
-1.9927998933973064e-05,3.9999998989515007e-05
-1.9923998933642102e-05,0.00011999999696854502
-1.991999893331114e-05,3.9999998989515007e-05
-1.991599893298018e-05,7.999999797903001e-05
-1.9911998932649218e-05,7.999999797903001e-05
-1.9907998932318256e-05,3.9999998989515007e-05
-1.9903998931987295e-05,7.999999797903001e-05
-1.9899998931656333e-05,7.999999797903001e-05
-1.9895998931325372e-05,7.999999797903001e-05
-1.989199893099441e-05,0.00011999999696854502
-1.988799893066345e-05,3.9999998989515007e-05
-1.9883998930332487e-05,0.00011999999696854502
-1.9879998930001526e-05,7.999999797903001e-05
-1.9875998929670564e-05,7.999999797903001e-05
-1.9871998929339603e-05,0.00011999999696854502
-1.986799892900864e-05,3.9999998989515007e-05
-1.986399892867768e-05,0.00011999999696854502
-1.985999892834672e-05,7.999999797903001e-05
-1.9855998928015757e-05,7.999999797903001e-05
-1.9851998927684796e-05,0.00011999999696854502
-1.9847998927353834e-05,3.9999998989515007e-05
-1.9843998927022873e-05,0.00011999999696854502
-1.983999892669191e-05,7.999999797903001e-05
-1.983599892636095e-05,7.999999797903001e-05
-1.9831998926029988e-05,0.00011999999696854502
-1.9827998925699027e-05,3.9999998989515007e-05
-1.9823998925368065e-05,0.00011999999696854502
-1.9819998925037104e-05,3.9999998989515007e-05
-1.9815998924706142e-05,3.9999998989515007e-05
-1.981199892437518e-05,0.00011999999696854502
-1.980799892404422e-05,3.9999998989515007e-05
-1.9803998923713258e-05,0.00015999999595806003
-1.9799998923382296e-05,7.999999797903001e-05
-1.9795998923051335e-05,0.00015999999595806003
-1.9791998922720373e-05,0.00019999999494757503
-1.9787998922389412e-05,0.00015999999595806003
-1.978399892205845e-05,0.00031999999191612005
-1.977999892172749e-05,0.00035999999090563506
-1.9775998921396527e-05,0.0005199999868636951
-1.9771998921065566e-05,0.0007599999808007851
-1.9767998920734604e-05,0.0008399999787798151
-1.9763998920403643e-05,0.0011199999717064202
-1.975999892007268e-05,0.0010799999727169052
-1.975599891974172e-05,0.0011999999696854502
-1.975199891941076e-05,0.0011999999696854502
-1.9747998919079797e-05,0.0011599999706959352
-1.9743998918748835e-05,0.0012399999686749652
-1.9739998918417874e-05,0.0012399999686749652
-1.9735998918086912e-05,0.0011999999696854502
-1.973199891775595e-05,0.0013199999666539952
-1.972799891742499e-05,0.0011999999696854502
-1.9723998917094028e-05,0.0013199999666539952
-1.9719998916763067e-05,0.0011999999696854502
-1.9715998916432105e-05,0.0012799999676644802
-1.9711998916101144e-05,0.0012799999676644802
-1.9707998915770182e-05,0.0012399999686749652
-1.970399891543922e-05,0.0012799999676644802
-1.969999891510826e-05,0.0012399999686749652
-1.9695998914777298e-05,0.0012399999686749652
-1.9691998914446336e-05,0.0013199999666539952
-1.9687998914115375e-05,0.0011999999696854502
-1.9683998913784413e-05,0.0013199999666539952
-1.967999891345345e-05,0.0011999999696854502
-1.967599891312249e-05,0.0012799999676644802
-1.967199891279153e-05,0.0012799999676644802
-1.9667998912460567e-05,0.0012399999686749652
-1.9663998912129606e-05,0.0012799999676644802
-1.9659998911798644e-05,0.0012399999686749652
-1.9655998911467683e-05,0.0012399999686749652
-1.965199891113672e-05,0.0013199999666539952
-1.964799891080576e-05,0.0011999999696854502
-1.96439989104748e-05,0.0013199999666539952
-1.9639998910143837e-05,0.0011999999696854502
-1.9635998909812875e-05,0.0012799999676644802
-1.9631998909481914e-05,0.0012399999686749652
-1.9627998909150952e-05,0.0012399999686749652
-1.962399890881999e-05,0.0012799999676644802
-1.961999890848903e-05,0.0012399999686749652
-1.9615998908158068e-05,0.0012399999686749652
-1.9611998907827106e-05,0.0013199999666539952
-1.9607998907496145e-05,0.0011999999696854502
-1.9603998907165183e-05,0.0013199999666539952
-1.9599998906834222e-05,0.0011999999696854502
-1.959599890650326e-05,0.0012799999676644802
-1.95919989061723e-05,0.0012799999676644802
-1.9587998905841338e-05,0.0012399999686749652
-1.9583998905510376e-05,0.0012799999676644802
-1.9579998905179415e-05,0.0012399999686749652
-1.9575998904848453e-05,0.0012399999686749652
-1.957199890451749e-05,0.0013199999666539952
-1.956799890418653e-05,0.0011999999696854502
-1.956399890385557e-05,0.0013199999666539952
-1.9559998903524607e-05,0.0011999999696854502
-1.9555998903193646e-05,0.0012799999676644802
-1.9551998902862684e-05,0.0012799999676644802
-1.9547998902531723e-05,0.0012799999676644802
-1.954399890220076e-05,0.0012799999676644802
-1.95399989018698e-05,0.0013199999666539952
-1.9535998901538838e-05,0.0012399999686749652
-1.9531998901207877e-05,0.0013199999666539952
-1.9527998900876915e-05,0.0011999999696854502
-1.9523998900545954e-05,0.0012799999676644802
-1.9519998900214992e-05,0.0012399999686749652
-1.951599889988403e-05,0.0013199999666539952
-1.951199889955307e-05,0.0012399999686749652
-1.9507998899222108e-05,0.0012799999676644802
-1.9503998898891146e-05,0.0012399999686749652
-1.9499998898560185e-05,0.0012799999676644802
-1.9495998898229223e-05,0.0012399999686749652
-1.9491998897898262e-05,0.0012799999676644802
-1.94879988975673e-05,0.0012399999686749652
-1.948399889723634e-05,0.0012799999676644802
-1.9479998896905377e-05,0.0012399999686749652
-1.9475998896574416e-05,0.0013199999666539952
-1.9471998896243455e-05,0.0012399999686749652
-1.9467998895912493e-05,0.0013199999666539952
-1.946399889558153e-05,0.0012399999686749652
-1.945999889525057e-05,0.0013199999666539952
-1.945599889491961e-05,0.0012399999686749652
-1.9451998894588647e-05,0.0012799999676644802
-1.9447998894257686e-05,0.0012399999686749652
-1.9443998893926724e-05,0.0012799999676644802
-1.9439998893595763e-05,0.0011999999696854502
-1.94359988932648e-05,0.0013199999666539952
-1.943199889293384e-05,0.0012399999686749652
-1.9427998892602878e-05,0.0013199999666539952
-1.9423998892271917e-05,0.0012399999686749652
-1.9419998891940955e-05,0.0012799999676644802
-1.9415998891609994e-05,0.0012399999686749652
-1.9411998891279032e-05,0.0012799999676644802
-1.940799889094807e-05,0.0012399999686749652
-1.940399889061711e-05,0.0013199999666539952
-1.9399998890286148e-05,0.0011999999696854502
-1.9395998889955186e-05,0.0013199999666539952
-1.9391998889624225e-05,0.0012399999686749652
-1.9387998889293263e-05,0.0013199999666539952
-1.9383998888962302e-05,0.0012399999686749652
-1.937999888863134e-05,0.0012799999676644802
-1.937599888830038e-05,0.0012399999686749652
-1.9371998887969417e-05,0.0012799999676644802
-1.9367998887638456e-05,0.0011999999696854502
-1.9363998887307494e-05,0.0013199999666539952
-1.9359998886976533e-05,0.0011999999696854502
-1.935599888664557e-05,0.0013199999666539952
-1.935199888631461e-05,0.0012399999686749652
-1.934799888598365e-05,0.0013199999666539952
-1.9343998885652687e-05,0.0012399999686749652
-1.9339998885321726e-05,0.0013199999666539952
-1.9335998884990764e-05,0.0012399999686749652
-1.9331998884659803e-05,0.0013199999666539952
-1.932799888432884e-05,0.0011999999696854502
-1.932399888399788e-05,0.0012799999676644802
-1.9319998883666918e-05,0.0012399999686749652
-1.9315998883335957e-05,0.0013199999666539952
-1.9311998883004995e-05,0.0012399999686749652
-1.9307998882674034e-05,0.0012799999676644802
-1.9303998882343072e-05,0.0011999999696854502
-1.929999888201211e-05,0.0012799999676644802
-1.929599888168115e-05,0.0012399999686749652
-1.9291998881350188e-05,0.0012399999686749652
-1.9287998881019226e-05,0.0011199999717064202
-1.9283998880688265e-05,0.0009999999747378752
-1.9279998880357303e-05,0.0008399999787798151
-1.9275998880026342e-05,0.0006799999828217551
-1.927199887969538e-05,0.0005199999868636951
-1.926799887936442e-05,0.00043999998888466507
-1.9263998879033457e-05,0.00031999999191612005
-1.9259998878702496e-05,0.00023999999393709004
-1.9255998878371534e-05,0.00019999999494757503
-1.9251998878040573e-05,0.00019999999494757503
-1.924799887770961e-05,0.00011999999696854502
-1.924399887737865e-05,0.00011999999696854502
-1.923999887704769e-05,7.999999797903001e-05
-1.9235998876716727e-05,7.999999797903001e-05
-1.9231998876385765e-05,0.00011999999696854502
-1.9227998876054804e-05,0.00011999999696854502
-1.9223998875723843e-05,0.00011999999696854502
-1.921999887539288e-05,0.00011999999696854502
-1.921599887506192e-05,7.999999797903001e-05
-1.9211998874730958e-05,7.999999797903001e-05
-1.9207998874399997e-05,7.999999797903001e-05
-1.9203998874069035e-05,7.999999797903001e-05
-1.9199998873738074e-05,7.999999797903001e-05
-1.9195998873407112e-05,7.999999797903001e-05
-1.919199887307615e-05,7.999999797903001e-05
-1.918799887274519e-05,0.00011999999696854502
-1.9183998872414228e-05,7.999999797903001e-05
-1.9179998872083266e-05,7.999999797903001e-05
-1.9175998871752305e-05,7.999999797903001e-05
-1.9171998871421343e-05,7.999999797903001e-05
-1.9167998871090382e-05,7.999999797903001e-05
-1.916399887075942e-05,7.999999797903001e-05
-1.915999887042846e-05,7.999999797903001e-05
-1.9155998870097497e-05,7.999999797903001e-05
-1.9151998869766536e-05,7.999999797903001e-05
-1.9147998869435574e-05,0.00011999999696854502
-1.9143998869104613e-05,7.999999797903001e-05
-1.913999886877365e-05,0.00011999999696854502
-1.913599886844269e-05,7.999999797903001e-05
-1.913199886811173e-05,7.999999797903001e-05
-1.9127998867780767e-05,7.999999797903001e-05
-1.9123998867449805e-05,7.999999797903001e-05
-1.9119998867118844e-05,7.999999797903001e-05
-1.9115998866787882e-05,0.00011999999696854502
-1.911199886645692e-05,7.999999797903001e-05
-1.910799886612596e-05,0.00011999999696854502
-1.9103998865794998e-05,7.999999797903001e-05
-1.9099998865464037e-05,0.00011999999696854502
-1.9095998865133075e-05,7.999999797903001e-05
-1.9091998864802114e-05,0.00011999999696854502
-1.9087998864471152e-05,7.999999797903001e-05
-1.908399886414019e-05,7.999999797903001e-05
-1.907999886380923e-05,7.999999797903001e-05
-1.9075998863478268e-05,7.999999797903001e-05
-1.9071998863147306e-05,7.999999797903001e-05
-1.9067998862816345e-05,7.999999797903001e-05
-1.9063998862485383e-05,7.999999797903001e-05
-1.905999886215442e-05,0.00011999999696854502
-1.905599886182346e-05,7.999999797903001e-05
-1.90519988614925e-05,0.00011999999696854502
-1.9047998861161537e-05,7.999999797903001e-05
-1.9043998860830576e-05,7.999999797903001e-05
-1.9039998860499614e-05,7.999999797903001e-05
-1.9035998860168653e-05,7.999999797903001e-05
-1.903199885983769e-05,7.999999797903001e-05
-1.902799885950673e-05,7.999999797903001e-05
-1.902399885917577e-05,7.999999797903001e-05
-1.9019998858844807e-05,7.999999797903001e-05
-1.9015998858513845e-05,7.999999797903001e-05
-1.9011998858182884e-05,7.999999797903001e-05
-1.9007998857851922e-05,7.999999797903001e-05
-1.900399885752096e-05,7.999999797903001e-05
-1.899999885719e-05,7.999999797903001e-05
-1.8995998856859038e-05,7.999999797903001e-05
-1.8991998856528076e-05,7.999999797903001e-05
-1.8987998856197115e-05,7.999999797903001e-05
-1.8983998855866153e-05,7.999999797903001e-05
-1.8979998855535192e-05,7.999999797903001e-05
-1.897599885520423e-05,7.999999797903001e-05
-1.897199885487327e-05,7.999999797903001e-05
-1.8967998854542308e-05,7.999999797903001e-05
-1.8963998854211346e-05,7.999999797903001e-05
-1.8959998853880385e-05,7.999999797903001e-05
-1.8955998853549423e-05,7.999999797903001e-05
-1.895199885321846e-05,7.999999797903001e-05
-1.89479988528875e-05,7.999999797903001e-05
-1.894399885255654e-05,7.999999797903001e-05
-1.8939998852225577e-05,7.999999797903001e-05
-1.8935998851894616e-05,7.999999797903001e-05
-1.8931998851563654e-05,7.999999797903001e-05
-1.8927998851232693e-05,7.999999797903001e-05
-1.892399885090173e-05,7.999999797903001e-05
-1.891999885057077e-05,7.999999797903001e-05
-1.8915998850239808e-05,7.999999797903001e-05
-1.8911998849908847e-05,7.999999797903001e-05
-1.8907998849577885e-05,7.999999797903001e-05
-1.8903998849246924e-05,7.999999797903001e-05
-1.8899998848915962e-05,7.999999797903001e-05
-1.8895998848585e-05,7.999999797903001e-05
-1.889199884825404e-05,7.999999797903001e-05
-1.8887998847923078e-05,7.999999797903001e-05
-1.8883998847592116e-05,7.999999797903001e-05
-1.8879998847261155e-05,7.999999797903001e-05
-1.8875998846930193e-05,7.999999797903001e-05
-1.8871998846599232e-05,7.999999797903001e-05
-1.886799884626827e-05,0.00011999999696854502
-1.886399884593731e-05,7.999999797903001e-05
-1.8859998845606347e-05,7.999999797903001e-05
-1.8855998845275386e-05,7.999999797903001e-05
-1.8851998844944425e-05,7.999999797903001e-05
-1.8847998844613463e-05,7.999999797903001e-05
-1.88439988442825e-05,7.999999797903001e-05
-1.883999884395154e-05,7.999999797903001e-05
-1.883599884362058e-05,7.999999797903001e-05
-1.8831998843289617e-05,7.999999797903001e-05
-1.8827998842958656e-05,7.999999797903001e-05
-1.8823998842627694e-05,7.999999797903001e-05
-1.8819998842296733e-05,0.00011999999696854502
-1.881599884196577e-05,7.999999797903001e-05
-1.881199884163481e-05,7.999999797903001e-05
-1.8807998841303848e-05,7.999999797903001e-05
-1.8803998840972887e-05,7.999999797903001e-05
-1.8799998840641925e-05,7.999999797903001e-05
-1.8795998840310964e-05,7.999999797903001e-05
-1.8791998839980002e-05,7.999999797903001e-05
-1.878799883964904e-05,7.999999797903001e-05
-1.878399883931808e-05,7.999999797903001e-05
-1.8779998838987118e-05,7.999999797903001e-05
-1.8775998838656156e-05,7.999999797903001e-05
-1.8771998838325195e-05,7.999999797903001e-05
-1.8767998837994233e-05,7.999999797903001e-05
-1.8763998837663272e-05,7.999999797903001e-05
-1.875999883733231e-05,7.999999797903001e-05
-1.875599883700135e-05,7.999999797903001e-05
-1.8751998836670387e-05,7.999999797903001e-05
-1.8747998836339426e-05,7.999999797903001e-05
-1.8743998836008464e-05,7.999999797903001e-05
-1.8739998835677503e-05,0.00011999999696854502
-1.873599883534654e-05,7.999999797903001e-05
-1.873199883501558e-05,7.999999797903001e-05
-1.872799883468462e-05,7.999999797903001e-05
-1.8723998834353657e-05,7.999999797903001e-05
-1.8719998834022696e-05,3.9999998989515007e-05
-1.8715998833691734e-05,7.999999797903001e-05
-1.8711998833360773e-05,7.999999797903001e-05
-1.870799883302981e-05,7.999999797903001e-05
-1.870399883269885e-05,7.999999797903001e-05
-1.8699998832367888e-05,7.999999797903001e-05
-1.8695998832036927e-05,7.999999797903001e-05
-1.8691998831705965e-05,7.999999797903001e-05
-1.8687998831375004e-05,7.999999797903001e-05
-1.8683998831044042e-05,7.999999797903001e-05
-1.867999883071308e-05,7.999999797903001e-05
-1.867599883038212e-05,7.999999797903001e-05
-1.8671998830051158e-05,7.999999797903001e-05
-1.8667998829720196e-05,7.999999797903001e-05
-1.8663998829389235e-05,7.999999797903001e-05
-1.8659998829058273e-05,7.999999797903001e-05
-1.8655998828727312e-05,7.999999797903001e-05
-1.865199882839635e-05,7.999999797903001e-05
-1.864799882806539e-05,7.999999797903001e-05
-1.8643998827734427e-05,7.999999797903001e-05
-1.8639998827403466e-05,7.999999797903001e-05
-1.8635998827072504e-05,7.999999797903001e-05
-1.8631998826741543e-05,7.999999797903001e-05
-1.862799882641058e-05,7.999999797903001e-05
-1.862399882607962e-05,7.999999797903001e-05
-1.861999882574866e-05,7.999999797903001e-05
-1.8615998825417697e-05,7.999999797903001e-05
-1.8611998825086735e-05,0.00011999999696854502
-1.8607998824755774e-05,7.999999797903001e-05
-1.8603998824424812e-05,7.999999797903001e-05
-1.859999882409385e-05,3.9999998989515007e-05
-1.859599882376289e-05,7.999999797903001e-05
-1.8591998823431928e-05,3.9999998989515007e-05
-1.8587998823100967e-05,7.999999797903001e-05
-1.8583998822770005e-05,7.999999797903001e-05
-1.8579998822439044e-05,7.999999797903001e-05
-1.8575998822108082e-05,7.999999797903001e-05
-1.857199882177712e-05,7.999999797903001e-05
-1.856799882144616e-05,7.999999797903001e-05
-1.8563998821115198e-05,7.999999797903001e-05
-1.8559998820784236e-05,7.999999797903001e-05
-1.8555998820453275e-05,7.999999797903001e-05
-1.8551998820122313e-05,7.999999797903001e-05
-1.8547998819791352e-05,7.999999797903001e-05
-1.854399881946039e-05,7.999999797903001e-05
-1.853999881912943e-05,7.999999797903001e-05
-1.8535998818798467e-05,7.999999797903001e-05
-1.8531998818467506e-05,7.999999797903001e-05
-1.8527998818136544e-05,7.999999797903001e-05
-1.8523998817805583e-05,7.999999797903001e-05
-1.851999881747462e-05,7.999999797903001e-05
-1.851599881714366e-05,7.999999797903001e-05
-1.85119988168127e-05,7.999999797903001e-05
-1.8507998816481737e-05,7.999999797903001e-05
-1.8503998816150775e-05,7.999999797903001e-05
-1.8499998815819814e-05,7.999999797903001e-05
-1.8495998815488852e-05,7.999999797903001e-05
-1.849199881515789e-05,7.999999797903001e-05
-1.848799881482693e-05,7.999999797903001e-05
-1.8483998814495968e-05,7.999999797903001e-05
-1.8479998814165006e-05,3.9999998989515007e-05
-1.8475998813834045e-05,7.999999797903001e-05
-1.8471998813503084e-05,7.999999797903001e-05
-1.8467998813172122e-05,7.999999797903001e-05
-1.846399881284116e-05,7.999999797903001e-05
-1.84599988125102e-05,7.999999797903001e-05
-1.8455998812179238e-05,7.999999797903001e-05
-1.8451998811848276e-05,7.999999797903001e-05
-1.8447998811517315e-05,7.999999797903001e-05
-1.8443998811186353e-05,7.999999797903001e-05
-1.843999881085539e-05,7.999999797903001e-05
-1.843599881052443e-05,7.999999797903001e-05
-1.843199881019347e-05,7.999999797903001e-05
-1.8427998809862507e-05,7.999999797903001e-05
-1.8423998809531546e-05,7.999999797903001e-05
-1.8419998809200584e-05,7.999999797903001e-05
-1.8415998808869623e-05,7.999999797903001e-05
-1.841199880853866e-05,7.999999797903001e-05
-1.84079988082077e-05,7.999999797903001e-05
-1.8403998807876738e-05,7.999999797903001e-05
-1.8399998807545777e-05,7.999999797903001e-05
-1.8395998807214815e-05,7.999999797903001e-05
-1.8391998806883854e-05,7.999999797903001e-05
-1.8387998806552892e-05,7.999999797903001e-05
-1.838399880622193e-05,7.999999797903001e-05
-1.837999880589097e-05,7.999999797903001e-05
-1.8375998805560008e-05,7.999999797903001e-05
-1.8371998805229046e-05,7.999999797903001e-05
-1.8367998804898085e-05,7.999999797903001e-05
-1.8363998804567123e-05,7.999999797903001e-05
-1.8359998804236162e-05,7.999999797903001e-05
-1.83559988039052e-05,7.999999797903001e-05
-1.835199880357424e-05,7.999999797903001e-05
-1.8347998803243278e-05,7.999999797903001e-05
-1.8343998802912316e-05,7.999999797903001e-05
-1.8339998802581355e-05,7.999999797903001e-05
-1.8335998802250393e-05,7.999999797903001e-05
-1.833199880191943e-05,0.00011999999696854502
-1.832799880158847e-05,7.999999797903001e-05
-1.832399880125751e-05,7.999999797903001e-05
-1.8319998800926547e-05,7.999999797903001e-05
-1.8315998800595586e-05,7.999999797903001e-05
-1.8311998800264624e-05,7.999999797903001e-05
-1.8307998799933663e-05,7.999999797903001e-05
-1.83039987996027e-05,7.999999797903001e-05
-1.829999879927174e-05,7.999999797903001e-05
-1.8295998798940778e-05,7.999999797903001e-05
-1.8291998798609817e-05,7.999999797903001e-05
-1.8287998798278855e-05,7.999999797903001e-05
-1.8283998797947894e-05,7.999999797903001e-05
-1.8279998797616932e-05,7.999999797903001e-05
-1.827599879728597e-05,7.999999797903001e-05
-1.827199879695501e-05,7.999999797903001e-05
-1.8267998796624048e-05,7.999999797903001e-05
-1.8263998796293086e-05,7.999999797903001e-05
-1.8259998795962125e-05,7.999999797903001e-05
-1.8255998795631163e-05,7.999999797903001e-05
-1.8251998795300202e-05,7.999999797903001e-05
-1.824799879496924e-05,7.999999797903001e-05
-1.824399879463828e-05,7.999999797903001e-05
-1.8239998794307317e-05,7.999999797903001e-05
-1.8235998793976356e-05,7.999999797903001e-05
-1.8231998793645394e-05,3.9999998989515007e-05
-1.8227998793314433e-05,7.999999797903001e-05
-1.822399879298347e-05,7.999999797903001e-05
-1.821999879265251e-05,7.999999797903001e-05
-1.821599879232155e-05,7.999999797903001e-05
-1.8211998791990587e-05,7.999999797903001e-05
-1.8207998791659626e-05,7.999999797903001e-05
-1.8203998791328664e-05,7.999999797903001e-05
-1.8199998790997703e-05,7.999999797903001e-05
-1.819599879066674e-05,7.999999797903001e-05
-1.819199879033578e-05,7.999999797903001e-05
-1.8187998790004818e-05,7.999999797903001e-05
-1.8183998789673857e-05,7.999999797903001e-05
-1.8179998789342895e-05,7.999999797903001e-05
-1.8175998789011934e-05,7.999999797903001e-05
-1.8171998788680972e-05,0.00011999999696854502
-1.816799878835001e-05,7.999999797903001e-05
-1.816399878801905e-05,7.999999797903001e-05
-1.8159998787688088e-05,7.999999797903001e-05
-1.8155998787357126e-05,7.999999797903001e-05
-1.8151998787026165e-05,7.999999797903001e-05
-1.8147998786695203e-05,7.999999797903001e-05
-1.8143998786364242e-05,7.999999797903001e-05
-1.813999878603328e-05,7.999999797903001e-05
-1.813599878570232e-05,7.999999797903001e-05
-1.8131998785371357e-05,7.999999797903001e-05
-1.8127998785040396e-05,7.999999797903001e-05
-1.8123998784709434e-05,7.999999797903001e-05
-1.8119998784378473e-05,7.999999797903001e-05
-1.811599878404751e-05,7.999999797903001e-05
-1.811199878371655e-05,7.999999797903001e-05
-1.810799878338559e-05,7.999999797903001e-05
-1.8103998783054627e-05,7.999999797903001e-05
-1.8099998782723666e-05,7.999999797903001e-05
-1.8095998782392704e-05,7.999999797903001e-05
-1.8091998782061743e-05,7.999999797903001e-05
-1.808799878173078e-05,7.999999797903001e-05
-1.808399878139982e-05,0.00011999999696854502
-1.8079998781068858e-05,7.999999797903001e-05
-1.8075998780737897e-05,7.999999797903001e-05
-1.8071998780406935e-05,3.9999998989515007e-05
-1.8067998780075974e-05,7.999999797903001e-05
-1.8063998779745012e-05,7.999999797903001e-05
-1.805999877941405e-05,7.999999797903001e-05
-1.805599877908309e-05,7.999999797903001e-05
-1.8051998778752128e-05,7.999999797903001e-05
-1.8047998778421166e-05,7.999999797903001e-05
-1.8043998778090205e-05,0.00011999999696854502
-1.8039998777759243e-05,7.999999797903001e-05
-1.8035998777428282e-05,7.999999797903001e-05
-1.803199877709732e-05,7.999999797903001e-05
-1.802799877676636e-05,7.999999797903001e-05
-1.8023998776435397e-05,7.999999797903001e-05
-1.8019998776104436e-05,7.999999797903001e-05
-1.8015998775773474e-05,7.999999797903001e-05
-1.8011998775442513e-05,7.999999797903001e-05
-1.800799877511155e-05,7.999999797903001e-05
-1.800399877478059e-05,0.00011999999696854502
-1.799999877444963e-05,7.999999797903001e-05
-1.7995998774118667e-05,7.999999797903001e-05
-1.7991998773787705e-05,7.999999797903001e-05
-1.7987998773456744e-05,7.999999797903001e-05
-1.7983998773125782e-05,7.999999797903001e-05
-1.797999877279482e-05,7.999999797903001e-05
-1.797599877246386e-05,3.9999998989515007e-05
-1.7971998772132898e-05,7.999999797903001e-05
-1.7967998771801937e-05,3.9999998989515007e-05
-1.7963998771470975e-05,7.999999797903001e-05
-1.7959998771140014e-05,7.999999797903001e-05
-1.7955998770809052e-05,7.999999797903001e-05
-1.795199877047809e-05,7.999999797903001e-05
-1.794799877014713e-05,7.999999797903001e-05
-1.7943998769816168e-05,7.999999797903001e-05
-1.7939998769485206e-05,7.999999797903001e-05
-1.7935998769154245e-05,7.999999797903001e-05
-1.7931998768823283e-05,7.999999797903001e-05
-1.7927998768492322e-05,7.999999797903001e-05
-1.792399876816136e-05,0.00011999999696854502
-1.79199987678304e-05,7.999999797903001e-05
-1.7915998767499437e-05,7.999999797903001e-05
-1.7911998767168476e-05,3.9999998989515007e-05
-1.7907998766837514e-05,7.999999797903001e-05
-1.7903998766506553e-05,3.9999998989515007e-05
-1.789999876617559e-05,7.999999797903001e-05
-1.789599876584463e-05,3.9999998989515007e-05
-1.789199876551367e-05,7.999999797903001e-05
-1.7887998765182707e-05,7.999999797903001e-05
-1.7883998764851745e-05,0.00011999999696854502
-1.7879998764520784e-05,0.00011999999696854502
-1.7875998764189822e-05,7.999999797903001e-05
-1.787199876385886e-05,7.999999797903001e-05
-1.78679987635279e-05,7.999999797903001e-05
-1.7863998763196938e-05,7.999999797903001e-05
-1.7859998762865976e-05,7.999999797903001e-05
-1.7855998762535015e-05,7.999999797903001e-05
-1.7851998762204054e-05,7.999999797903001e-05
-1.7847998761873092e-05,7.999999797903001e-05
-1.784399876154213e-05,7.999999797903001e-05
-1.783999876121117e-05,3.9999998989515007e-05
-1.7835998760880208e-05,7.999999797903001e-05
-1.7831998760549246e-05,7.999999797903001e-05
-1.7827998760218285e-05,7.999999797903001e-05
-1.7823998759887323e-05,7.999999797903001e-05
-1.781999875955636e-05,7.999999797903001e-05
-1.78159987592254e-05,7.999999797903001e-05
-1.781199875889444e-05,0.00011999999696854502
-1.7807998758563477e-05,7.999999797903001e-05
-1.7803998758232516e-05,7.999999797903001e-05
-1.7799998757901554e-05,7.999999797903001e-05
-1.7795998757570593e-05,7.999999797903001e-05
-1.779199875723963e-05,3.9999998989515007e-05
-1.778799875690867e-05,3.9999998989515007e-05
-1.7783998756577708e-05,3.9999998989515007e-05
-1.7779998756246747e-05,7.999999797903001e-05
-1.7775998755915785e-05,3.9999998989515007e-05
-1.7771998755584824e-05,7.999999797903001e-05
-1.7767998755253862e-05,7.999999797903001e-05
-1.77639987549229e-05,0.00011999999696854502
-1.775999875459194e-05,7.999999797903001e-05
-1.7755998754260978e-05,7.999999797903001e-05
-1.7751998753930016e-05,7.999999797903001e-05
-1.7747998753599055e-05,7.999999797903001e-05
-1.7743998753268093e-05,7.999999797903001e-05
-1.7739998752937132e-05,7.999999797903001e-05
-1.773599875260617e-05,7.999999797903001e-05
-1.773199875227521e-05,7.999999797903001e-05
-1.7727998751944248e-05,3.9999998989515007e-05
-1.7723998751613286e-05,7.999999797903001e-05
-1.7719998751282325e-05,7.999999797903001e-05
-1.7715998750951363e-05,7.999999797903001e-05
-1.77119987506204e-05,7.999999797903001e-05
-1.770799875028944e-05,7.999999797903001e-05
-1.770399874995848e-05,7.999999797903001e-05
-1.7699998749627517e-05,7.999999797903001e-05
-1.7695998749296556e-05,7.999999797903001e-05
-1.7691998748965594e-05,7.999999797903001e-05
-1.7687998748634633e-05,7.999999797903001e-05
-1.768399874830367e-05,0.00011999999696854502
-1.767999874797271e-05,7.999999797903001e-05
-1.7675998747641748e-05,7.999999797903001e-05
-1.7671998747310787e-05,3.9999998989515007e-05
-1.7667998746979825e-05,7.999999797903001e-05
-1.7663998746648864e-05,3.9999998989515007e-05
-1.7659998746317902e-05,7.999999797903001e-05
-1.765599874598694e-05,3.9999998989515007e-05
-1.765199874565598e-05,7.999999797903001e-05
-1.7647998745325018e-05,7.999999797903001e-05
-1.7643998744994056e-05,0.00011999999696854502
-1.7639998744663095e-05,0.00011999999696854502
-1.7635998744332133e-05,0.00011999999696854502
-1.7631998744001172e-05,7.999999797903001e-05
-1.762799874367021e-05,7.999999797903001e-05
-1.762399874333925e-05,7.999999797903001e-05
-1.7619998743008287e-05,7.999999797903001e-05
-1.7615998742677326e-05,7.999999797903001e-05
-1.7611998742346364e-05,7.999999797903001e-05
-1.7607998742015403e-05,7.999999797903001e-05
-1.760399874168444e-05,7.999999797903001e-05
-1.759999874135348e-05,7.999999797903001e-05
-1.759599874102252e-05,7.999999797903001e-05
-1.7591998740691557e-05,7.999999797903001e-05
-1.7587998740360596e-05,7.999999797903001e-05
-1.7583998740029634e-05,7.999999797903001e-05
-1.7579998739698673e-05,7.999999797903001e-05
-1.757599873936771e-05,7.999999797903001e-05
-1.757199873903675e-05,7.999999797903001e-05
-1.7567998738705788e-05,7.999999797903001e-05
-1.7563998738374827e-05,7.999999797903001e-05
-1.7559998738043865e-05,7.999999797903001e-05
-1.7555998737712904e-05,7.999999797903001e-05
-1.7551998737381942e-05,7.999999797903001e-05
-1.754799873705098e-05,7.999999797903001e-05
-1.754399873672002e-05,7.999999797903001e-05
-1.7539998736389058e-05,7.999999797903001e-05
-1.7535998736058096e-05,7.999999797903001e-05
-1.7531998735727135e-05,7.999999797903001e-05
-1.7527998735396173e-05,7.999999797903001e-05
-1.7523998735065212e-05,7.999999797903001e-05
-1.751999873473425e-05,7.999999797903001e-05
-1.751599873440329e-05,7.999999797903001e-05
-1.7511998734072327e-05,7.999999797903001e-05
-1.7507998733741366e-05,7.999999797903001e-05
-1.7503998733410404e-05,7.999999797903001e-05
-1.7499998733079443e-05,7.999999797903001e-05
-1.749599873274848e-05,7.999999797903001e-05
-1.749199873241752e-05,7.999999797903001e-05
-1.748799873208656e-05,7.999999797903001e-05
-1.7483998731755597e-05,7.999999797903001e-05
-1.7479998731424635e-05,7.999999797903001e-05
-1.7475998731093674e-05,7.999999797903001e-05
-1.7471998730762713e-05,7.999999797903001e-05
-1.746799873043175e-05,7.999999797903001e-05
-1.746399873010079e-05,7.999999797903001e-05
-1.7459998729769828e-05,7.999999797903001e-05
-1.7455998729438867e-05,7.999999797903001e-05
-1.7451998729107905e-05,7.999999797903001e-05
-1.7447998728776944e-05,7.999999797903001e-05
-1.7443998728445982e-05,7.999999797903001e-05
-1.743999872811502e-05,7.999999797903001e-05
-1.743599872778406e-05,7.999999797903001e-05
-1.7431998727453098e-05,7.999999797903001e-05
-1.7427998727122136e-05,7.999999797903001e-05
-1.7423998726791175e-05,7.999999797903001e-05
-1.7419998726460213e-05,7.999999797903001e-05
-1.7415998726129252e-05,7.999999797903001e-05
-1.741199872579829e-05,7.999999797903001e-05
-1.740799872546733e-05,7.999999797903001e-05
-1.7403998725136367e-05,7.999999797903001e-05
-1.7399998724805406e-05,7.999999797903001e-05
-1.7395998724474444e-05,7.999999797903001e-05
-1.7391998724143483e-05,7.999999797903001e-05
-1.738799872381252e-05,7.999999797903001e-05
-1.738399872348156e-05,7.999999797903001e-05
-1.73799987231506e-05,7.999999797903001e-05
-1.7375998722819637e-05,7.999999797903001e-05
-1.7371998722488675e-05,7.999999797903001e-05
-1.7367998722157714e-05,7.999999797903001e-05
-1.7363998721826752e-05,7.999999797903001e-05
-1.735999872149579e-05,7.999999797903001e-05
-1.735599872116483e-05,0.00011999999696854502
-1.7351998720833868e-05,7.999999797903001e-05
-1.7347998720502907e-05,7.999999797903001e-05
-1.7343998720171945e-05,7.999999797903001e-05
-1.7339998719840984e-05,7.999999797903001e-05
-1.7335998719510022e-05,3.9999998989515007e-05
-1.733199871917906e-05,3.9999998989515007e-05
-1.73279987188481e-05,7.999999797903001e-05
-1.7323998718517138e-05,7.999999797903001e-05
-1.7319998718186176e-05,7.999999797903001e-05
-1.7315998717855215e-05,7.999999797903001e-05
-1.7311998717524253e-05,7.999999797903001e-05
-1.730799871719329e-05,7.999999797903001e-05
-1.730399871686233e-05,7.999999797903001e-05
-1.729999871653137e-05,7.999999797903001e-05
-1.7295998716200407e-05,3.9999998989515007e-05
-1.7291998715869446e-05,3.9999998989515007e-05
-1.7287998715538484e-05,3.9999998989515007e-05
-1.7283998715207523e-05,7.999999797903001e-05
-1.727999871487656e-05,7.999999797903001e-05
-1.72759987145456e-05,0.00011999999696854502
-1.727199871421464e-05,7.999999797903001e-05
-1.7267998713883677e-05,7.999999797903001e-05
-1.7263998713552715e-05,7.999999797903001e-05
-1.7259998713221754e-05,7.999999797903001e-05
-1.7255998712890792e-05,7.999999797903001e-05
-1.725199871255983e-05,7.999999797903001e-05
-1.724799871222887e-05,3.9999998989515007e-05
-1.7243998711897908e-05,7.999999797903001e-05
-1.7239998711566946e-05,7.999999797903001e-05
-1.7235998711235985e-05,7.999999797903001e-05
-1.7231998710905023e-05,7.999999797903001e-05
-1.7227998710574062e-05,7.999999797903001e-05
-1.72239987102431e-05,7.999999797903001e-05
-1.721999870991214e-05,7.999999797903001e-05
-1.7215998709581178e-05,7.999999797903001e-05
-1.7211998709250216e-05,7.999999797903001e-05
-1.7207998708919255e-05,7.999999797903001e-05
-1.7203998708588293e-05,7.999999797903001e-05
-1.719999870825733e-05,7.999999797903001e-05
-1.719599870792637e-05,7.999999797903001e-05
-1.719199870759541e-05,7.999999797903001e-05
-1.7187998707264447e-05,0.00011999999696854502
-1.7183998706933486e-05,7.999999797903001e-05
-1.7179998706602524e-05,7.999999797903001e-05
-1.7175998706271563e-05,3.9999998989515007e-05
-1.71719987059406e-05,7.999999797903001e-05
-1.716799870560964e-05,7.999999797903001e-05
-1.7163998705278678e-05,7.999999797903001e-05
-1.7159998704947717e-05,7.999999797903001e-05
-1.7155998704616755e-05,7.999999797903001e-05
-1.7151998704285794e-05,7.999999797903001e-05
-1.7147998703954832e-05,7.999999797903001e-05
-1.714399870362387e-05,7.999999797903001e-05
-1.713999870329291e-05,7.999999797903001e-05
-1.7135998702961948e-05,7.999999797903001e-05
-1.7131998702630986e-05,7.999999797903001e-05
-1.7127998702300025e-05,7.999999797903001e-05
-1.7123998701969063e-05,7.999999797903001e-05
-1.7119998701638102e-05,7.999999797903001e-05
-1.711599870130714e-05,7.999999797903001e-05
-1.711199870097618e-05,7.999999797903001e-05
-1.7107998700645217e-05,7.999999797903001e-05
-1.7103998700314256e-05,7.999999797903001e-05
-1.7099998699983295e-05,7.999999797903001e-05
-1.7095998699652333e-05,7.999999797903001e-05
-1.709199869932137e-05,7.999999797903001e-05
-1.708799869899041e-05,7.999999797903001e-05
-1.708399869865945e-05,7.999999797903001e-05
-1.7079998698328487e-05,7.999999797903001e-05
-1.7075998697997526e-05,7.999999797903001e-05
-1.7071998697666564e-05,7.999999797903001e-05
-1.7067998697335603e-05,7.999999797903001e-05
-1.706399869700464e-05,7.999999797903001e-05
-1.705999869667368e-05,7.999999797903001e-05
-1.7055998696342718e-05,7.999999797903001e-05
-1.7051998696011757e-05,7.999999797903001e-05
-1.7047998695680795e-05,7.999999797903001e-05
-1.7043998695349834e-05,7.999999797903001e-05
-1.7039998695018872e-05,7.999999797903001e-05
-1.703599869468791e-05,0.00011999999696854502
-1.703199869435695e-05,7.999999797903001e-05
-1.7027998694025988e-05,7.999999797903001e-05
-1.7023998693695026e-05,7.999999797903001e-05
-1.7019998693364065e-05,7.999999797903001e-05
-1.7015998693033103e-05,7.999999797903001e-05
-1.7011998692702142e-05,7.999999797903001e-05
-1.700799869237118e-05,7.999999797903001e-05
-1.700399869204022e-05,7.999999797903001e-05
-1.6999998691709257e-05,7.999999797903001e-05
-1.6995998691378296e-05,7.999999797903001e-05
-1.6991998691047334e-05,7.999999797903001e-05
-1.6987998690716373e-05,0.00011999999696854502
-1.698399869038541e-05,7.999999797903001e-05
-1.697999869005445e-05,7.999999797903001e-05
-1.697599868972349e-05,7.999999797903001e-05
-1.6971998689392527e-05,7.999999797903001e-05
-1.6967998689061566e-05,3.9999998989515007e-05
-1.6963998688730604e-05,7.999999797903001e-05
-1.6959998688399643e-05,3.9999998989515007e-05
-1.695599868806868e-05,7.999999797903001e-05
-1.695199868773772e-05,7.999999797903001e-05
-1.6947998687406758e-05,7.999999797903001e-05
-1.6943998687075797e-05,7.999999797903001e-05
-1.6939998686744835e-05,7.999999797903001e-05
-1.6935998686413874e-05,3.9999998989515007e-05
-1.6931998686082912e-05,7.999999797903001e-05
-1.692799868575195e-05,7.999999797903001e-05
-1.692399868542099e-05,7.999999797903001e-05
-1.6919998685090028e-05,7.999999797903001e-05
-1.6915998684759066e-05,7.999999797903001e-05
-1.6911998684428105e-05,7.999999797903001e-05
-1.6907998684097143e-05,7.999999797903001e-05
-1.6903998683766182e-05,7.999999797903001e-05
-1.689999868343522e-05,7.999999797903001e-05
-1.689599868310426e-05,7.999999797903001e-05
-1.6891998682773297e-05,7.999999797903001e-05
-1.6887998682442336e-05,7.999999797903001e-05
-1.6883998682111374e-05,7.999999797903001e-05
-1.6879998681780413e-05,7.999999797903001e-05
-1.687599868144945e-05,7.999999797903001e-05
-1.687199868111849e-05,7.999999797903001e-05
-1.686799868078753e-05,7.999999797903001e-05
-1.6863998680456567e-05,7.999999797903001e-05
-1.6859998680125605e-05,0.00011999999696854502
-1.6855998679794644e-05,7.999999797903001e-05
-1.6851998679463683e-05,7.999999797903001e-05
-1.684799867913272e-05,7.999999797903001e-05
-1.684399867880176e-05,7.999999797903001e-05
-1.6839998678470798e-05,7.999999797903001e-05
-1.6835998678139837e-05,7.999999797903001e-05
-1.6831998677808875e-05,7.999999797903001e-05
-1.6827998677477914e-05,0.00011999999696854502
-1.6823998677146952e-05,7.999999797903001e-05
-1.681999867681599e-05,7.999999797903001e-05
-1.681599867648503e-05,7.999999797903001e-05
-1.6811998676154068e-05,7.999999797903001e-05
-1.6807998675823106e-05,7.999999797903001e-05
-1.6803998675492145e-05,7.999999797903001e-05
-1.6799998675161183e-05,7.999999797903001e-05
-1.6795998674830222e-05,0.00011999999696854502
-1.679199867449926e-05,0.00011999999696854502
-1.67879986741683e-05,7.999999797903001e-05
-1.6783998673837337e-05,7.999999797903001e-05
-1.6779998673506376e-05,7.999999797903001e-05
-1.6775998673175414e-05,7.999999797903001e-05
-1.6771998672844453e-05,7.999999797903001e-05
-1.676799867251349e-05,7.999999797903001e-05
-1.676399867218253e-05,7.999999797903001e-05
-1.675999867185157e-05,3.9999998989515007e-05
-1.6755998671520607e-05,7.999999797903001e-05
-1.6751998671189645e-05,7.999999797903001e-05
-1.6747998670858684e-05,7.999999797903001e-05
-1.6743998670527722e-05,3.9999998989515007e-05
-1.673999867019676e-05,7.999999797903001e-05
-1.67359986698658e-05,7.999999797903001e-05
-1.6731998669534838e-05,7.999999797903001e-05
-1.6727998669203877e-05,7.999999797903001e-05
-1.6723998668872915e-05,7.999999797903001e-05
-1.6719998668541954e-05,3.9999998989515007e-05
-1.6715998668210992e-05,7.999999797903001e-05
-1.671199866788003e-05,7.999999797903001e-05
-1.670799866754907e-05,7.999999797903001e-05
-1.6703998667218108e-05,7.999999797903001e-05
-1.6699998666887146e-05,7.999999797903001e-05
-1.6695998666556185e-05,7.999999797903001e-05
-1.6691998666225223e-05,7.999999797903001e-05
-1.668799866589426e-05,7.999999797903001e-05
-1.66839986655633e-05,7.999999797903001e-05
-1.667999866523234e-05,7.999999797903001e-05
-1.6675998664901377e-05,7.999999797903001e-05
-1.6671998664570416e-05,7.999999797903001e-05
-1.6667998664239454e-05,7.999999797903001e-05
-1.6663998663908493e-05,7.999999797903001e-05
-1.665999866357753e-05,7.999999797903001e-05
-1.665599866324657e-05,7.999999797903001e-05
-1.665199866291561e-05,7.999999797903001e-05
-1.6647998662584647e-05,7.999999797903001e-05
-1.6643998662253685e-05,7.999999797903001e-05
-1.6639998661922724e-05,7.999999797903001e-05
-1.6635998661591762e-05,7.999999797903001e-05
-1.66319986612608e-05,7.999999797903001e-05
-1.662799866092984e-05,7.999999797903001e-05
-1.6623998660598878e-05,7.999999797903001e-05
-1.6619998660267916e-05,7.999999797903001e-05
-1.6615998659936955e-05,7.999999797903001e-05
-1.6611998659605993e-05,7.999999797903001e-05
-1.6607998659275032e-05,7.999999797903001e-05
-1.660399865894407e-05,7.999999797903001e-05
-1.659999865861311e-05,3.9999998989515007e-05
-1.6595998658282148e-05,7.999999797903001e-05
-1.6591998657951186e-05,7.999999797903001e-05
-1.6587998657620225e-05,7.999999797903001e-05
-1.6583998657289263e-05,7.999999797903001e-05
-1.65799986569583e-05,7.999999797903001e-05
-1.657599865662734e-05,7.999999797903001e-05
-1.657199865629638e-05,7.999999797903001e-05
-1.6567998655965417e-05,7.999999797903001e-05
-1.6563998655634456e-05,7.999999797903001e-05
-1.6559998655303494e-05,7.999999797903001e-05
-1.6555998654972533e-05,7.999999797903001e-05
-1.655199865464157e-05,7.999999797903001e-05
-1.654799865431061e-05,7.999999797903001e-05
-1.6543998653979648e-05,7.999999797903001e-05
-1.6539998653648687e-05,7.999999797903001e-05
-1.6535998653317725e-05,7.999999797903001e-05
-1.6531998652986764e-05,7.999999797903001e-05
-1.6527998652655802e-05,7.999999797903001e-05
-1.652399865232484e-05,7.999999797903001e-05
-1.651999865199388e-05,7.999999797903001e-05
-1.6515998651662918e-05,7.999999797903001e-05
-1.6511998651331956e-05,7.999999797903001e-05
-1.6507998651000995e-05,7.999999797903001e-05
-1.6503998650670033e-05,7.999999797903001e-05
-1.6499998650339072e-05,7.999999797903001e-05
-1.649599865000811e-05,7.999999797903001e-05
-1.649199864967715e-05,7.999999797903001e-05
-1.6487998649346187e-05,3.9999998989515007e-05
-1.6483998649015226e-05,7.999999797903001e-05
-1.6479998648684264e-05,7.999999797903001e-05
-1.6475998648353303e-05,7.999999797903001e-05
-1.647199864802234e-05,7.999999797903001e-05
-1.646799864769138e-05,0.00011999999696854502
-1.646399864736042e-05,7.999999797903001e-05
-1.6459998647029457e-05,7.999999797903001e-05
-1.6455998646698496e-05,7.999999797903001e-05
-1.6451998646367534e-05,7.999999797903001e-05
-1.6447998646036573e-05,7.999999797903001e-05
-1.644399864570561e-05,7.999999797903001e-05
-1.643999864537465e-05,7.999999797903001e-05
-1.6435998645043688e-05,7.999999797903001e-05
-1.6431998644712727e-05,7.999999797903001e-05
-1.6427998644381765e-05,7.999999797903001e-05
-1.6423998644050804e-05,7.999999797903001e-05
-1.6419998643719842e-05,7.999999797903001e-05
-1.641599864338888e-05,7.999999797903001e-05
-1.641199864305792e-05,7.999999797903001e-05
-1.6407998642726958e-05,3.9999998989515007e-05
-1.6403998642395996e-05,3.9999998989515007e-05
-1.6399998642065035e-05,3.9999998989515007e-05
-1.6395998641734073e-05,7.999999797903001e-05
-1.6391998641403112e-05,7.999999797903001e-05
-1.638799864107215e-05,7.999999797903001e-05
-1.638399864074119e-05,7.999999797903001e-05
-1.6379998640410227e-05,7.999999797903001e-05
-1.6375998640079266e-05,7.999999797903001e-05
-1.6371998639748304e-05,0.00011999999696854502
-1.6367998639417343e-05,7.999999797903001e-05
-1.636399863908638e-05,7.999999797903001e-05
-1.635999863875542e-05,3.9999998989515007e-05
-1.635599863842446e-05,3.9999998989515007e-05
-1.6351998638093497e-05,3.9999998989515007e-05
-1.6347998637762536e-05,7.999999797903001e-05
-1.6343998637431574e-05,3.9999998989515007e-05
-1.6339998637100613e-05,7.999999797903001e-05
-1.633599863676965e-05,7.999999797903001e-05
-1.633199863643869e-05,7.999999797903001e-05
-1.6327998636107728e-05,7.999999797903001e-05
-1.6323998635776767e-05,0.00011999999696854502
-1.6319998635445805e-05,7.999999797903001e-05
-1.6315998635114844e-05,7.999999797903001e-05
-1.6311998634783882e-05,7.999999797903001e-05
-1.630799863445292e-05,7.999999797903001e-05
-1.630399863412196e-05,3.9999998989515007e-05
-1.6299998633790998e-05,7.999999797903001e-05
-1.6295998633460036e-05,3.9999998989515007e-05
-1.6291998633129075e-05,7.999999797903001e-05
-1.6287998632798113e-05,7.999999797903001e-05
-1.6283998632467152e-05,7.999999797903001e-05
-1.627999863213619e-05,3.9999998989515007e-05
-1.627599863180523e-05,7.999999797903001e-05
-1.6271998631474267e-05,7.999999797903001e-05
-1.6267998631143306e-05,7.999999797903001e-05
-1.6263998630812344e-05,7.999999797903001e-05
-1.6259998630481383e-05,7.999999797903001e-05
-1.625599863015042e-05,7.999999797903001e-05
-1.625199862981946e-05,0.00011999999696854502
-1.62479986294885e-05,7.999999797903001e-05
-1.6243998629157537e-05,7.999999797903001e-05
-1.6239998628826575e-05,7.999999797903001e-05
-1.6235998628495614e-05,7.999999797903001e-05
-1.6231998628164652e-05,7.999999797903001e-05
-1.622799862783369e-05,7.999999797903001e-05
-1.622399862750273e-05,3.9999998989515007e-05
-1.6219998627171768e-05,7.999999797903001e-05
-1.6215998626840807e-05,7.999999797903001e-05
-1.6211998626509845e-05,7.999999797903001e-05
-1.6207998626178884e-05,7.999999797903001e-05
-1.6203998625847922e-05,7.999999797903001e-05
-1.619999862551696e-05,7.999999797903001e-05
-1.6195998625186e-05,7.999999797903001e-05
-1.6191998624855038e-05,7.999999797903001e-05
-1.6187998624524076e-05,7.999999797903001e-05
-1.6183998624193115e-05,7.999999797903001e-05
-1.6179998623862153e-05,3.9999998989515007e-05
-1.6175998623531192e-05,7.999999797903001e-05
-1.617199862320023e-05,7.999999797903001e-05
-1.616799862286927e-05,7.999999797903001e-05
-1.6163998622538307e-05,7.999999797903001e-05
-1.6159998622207346e-05,7.999999797903001e-05
-1.6155998621876384e-05,7.999999797903001e-05
-1.6151998621545423e-05,7.999999797903001e-05
-1.614799862121446e-05,7.999999797903001e-05
-1.61439986208835e-05,7.999999797903001e-05
-1.613999862055254e-05,7.999999797903001e-05
-1.6135998620221577e-05,7.999999797903001e-05
-1.6131998619890615e-05,7.999999797903001e-05
-1.6127998619559654e-05,7.999999797903001e-05
-1.6123998619228692e-05,7.999999797903001e-05
-1.611999861889773e-05,7.999999797903001e-05
-1.611599861856677e-05,7.999999797903001e-05
-1.6111998618235808e-05,7.999999797903001e-05
-1.6107998617904846e-05,7.999999797903001e-05
-1.6103998617573885e-05,7.999999797903001e-05
-1.6099998617242924e-05,7.999999797903001e-05
-1.6095998616911962e-05,7.999999797903001e-05
-1.6091998616581e-05,7.999999797903001e-05
-1.608799861625004e-05,7.999999797903001e-05
-1.6083998615919078e-05,7.999999797903001e-05
-1.6079998615588116e-05,7.999999797903001e-05
-1.6075998615257155e-05,7.999999797903001e-05
-1.6071998614926193e-05,7.999999797903001e-05
-1.606799861459523e-05,7.999999797903001e-05
-1.606399861426427e-05,7.999999797903001e-05
-1.605999861393331e-05,7.999999797903001e-05
-1.6055998613602347e-05,7.999999797903001e-05
-1.6051998613271386e-05,7.999999797903001e-05
-1.6047998612940424e-05,7.999999797903001e-05
-1.6043998612609463e-05,7.999999797903001e-05
-1.60399986122785e-05,7.999999797903001e-05
-1.603599861194754e-05,7.999999797903001e-05
-1.6031998611616578e-05,7.999999797903001e-05
-1.6027998611285617e-05,7.999999797903001e-05
-1.6023998610954655e-05,7.999999797903001e-05
-1.6019998610623694e-05,7.999999797903001e-05
-1.6015998610292732e-05,7.999999797903001e-05
-1.601199860996177e-05,0.00011999999696854502
-1.600799860963081e-05,7.999999797903001e-05
-1.6003998609299848e-05,7.999999797903001e-05
-1.5999998608968886e-05,7.999999797903001e-05
-1.5995998608637925e-05,7.999999797903001e-05
-1.5991998608306963e-05,3.9999998989515007e-05
-1.5987998607976002e-05,7.999999797903001e-05
-1.598399860764504e-05,7.999999797903001e-05
-1.597999860731408e-05,7.999999797903001e-05
-1.5975998606983118e-05,3.9999998989515007e-05
-1.5971998606652156e-05,7.999999797903001e-05
-1.5967998606321195e-05,7.999999797903001e-05
-1.5963998605990233e-05,7.999999797903001e-05
-1.595999860565927e-05,7.999999797903001e-05
-1.595599860532831e-05,7.999999797903001e-05
-1.595199860499735e-05,7.999999797903001e-05
-1.5947998604666387e-05,7.999999797903001e-05
-1.5943998604335426e-05,7.999999797903001e-05
-1.5939998604004464e-05,7.999999797903001e-05
-1.5935998603673503e-05,7.999999797903001e-05
-1.593199860334254e-05,7.999999797903001e-05
-1.592799860301158e-05,7.999999797903001e-05
-1.5923998602680618e-05,7.999999797903001e-05
-1.5919998602349657e-05,7.999999797903001e-05
-1.5915998602018695e-05,3.9999998989515007e-05
-1.5911998601687734e-05,3.9999998989515007e-05
-1.5907998601356772e-05,7.999999797903001e-05
-1.590399860102581e-05,7.999999797903001e-05
-1.589999860069485e-05,7.999999797903001e-05
-1.5895998600363888e-05,7.999999797903001e-05
-1.5891998600032926e-05,7.999999797903001e-05
-1.5887998599701965e-05,7.999999797903001e-05
-1.5883998599371003e-05,7.999999797903001e-05
-1.5879998599040042e-05,7.999999797903001e-05
-1.587599859870908e-05,7.999999797903001e-05
-1.587199859837812e-05,7.999999797903001e-05
-1.5867998598047157e-05,7.999999797903001e-05
-1.5863998597716196e-05,3.9999998989515007e-05
-1.5859998597385234e-05,7.999999797903001e-05
-1.5855998597054273e-05,7.999999797903001e-05
-1.585199859672331e-05,7.999999797903001e-05
-1.584799859639235e-05,7.999999797903001e-05
-1.584399859606139e-05,7.999999797903001e-05
-1.5839998595730427e-05,3.9999998989515007e-05
-1.5835998595399466e-05,7.999999797903001e-05
-1.5831998595068504e-05,7.999999797903001e-05
-1.5827998594737543e-05,7.999999797903001e-05
-1.582399859440658e-05,3.9999998989515007e-05
-1.581999859407562e-05,7.999999797903001e-05
-1.5815998593744658e-05,7.999999797903001e-05
-1.5811998593413697e-05,7.999999797903001e-05
-1.5807998593082735e-05,7.999999797903001e-05
-1.5803998592751774e-05,7.999999797903001e-05
-1.5799998592420812e-05,7.999999797903001e-05
-1.579599859208985e-05,7.999999797903001e-05
-1.579199859175889e-05,7.999999797903001e-05
-1.5787998591427928e-05,7.999999797903001e-05
-1.5783998591096966e-05,7.999999797903001e-05
-1.5779998590766005e-05,7.999999797903001e-05
-1.5775998590435043e-05,7.999999797903001e-05
-1.5771998590104082e-05,7.999999797903001e-05
-1.576799858977312e-05,7.999999797903001e-05
-1.576399858944216e-05,7.999999797903001e-05
-1.5759998589111197e-05,7.999999797903001e-05
-1.5755998588780236e-05,7.999999797903001e-05
-1.5751998588449274e-05,7.999999797903001e-05
-1.5747998588118313e-05,7.999999797903001e-05
-1.574399858778735e-05,7.999999797903001e-05
-1.573999858745639e-05,7.999999797903001e-05
-1.573599858712543e-05,7.999999797903001e-05
-1.5731998586794467e-05,7.999999797903001e-05
-1.5727998586463506e-05,7.999999797903001e-05
-1.5723998586132544e-05,7.999999797903001e-05
-1.5719998585801583e-05,7.999999797903001e-05
-1.571599858547062e-05,7.999999797903001e-05
-1.571199858513966e-05,7.999999797903001e-05
-1.5707998584808698e-05,7.999999797903001e-05
-1.5703998584477737e-05,7.999999797903001e-05
-1.5699998584146775e-05,7.999999797903001e-05
-1.5695998583815814e-05,7.999999797903001e-05
-1.5691998583484852e-05,7.999999797903001e-05
-1.568799858315389e-05,7.999999797903001e-05
-1.568399858282293e-05,7.999999797903001e-05
-1.5679998582491968e-05,7.999999797903001e-05
-1.5675998582161006e-05,7.999999797903001e-05
-1.5671998581830045e-05,7.999999797903001e-05
-1.5667998581499083e-05,7.999999797903001e-05
-1.5663998581168122e-05,7.999999797903001e-05
-1.565999858083716e-05,7.999999797903001e-05
-1.56559985805062e-05,7.999999797903001e-05
-1.5651998580175237e-05,7.999999797903001e-05
-1.5647998579844276e-05,7.999999797903001e-05
-1.5643998579513314e-05,7.999999797903001e-05
-1.5639998579182353e-05,7.999999797903001e-05
-1.563599857885139e-05,7.999999797903001e-05
-1.563199857852043e-05,7.999999797903001e-05
-1.562799857818947e-05,7.999999797903001e-05
-1.5623998577858507e-05,7.999999797903001e-05
-1.5619998577527545e-05,7.999999797903001e-05
-1.5615998577196584e-05,3.9999998989515007e-05
-1.5611998576865622e-05,7.999999797903001e-05
-1.560799857653466e-05,7.999999797903001e-05
-1.56039985762037e-05,7.999999797903001e-05
-1.5599998575872738e-05,7.999999797903001e-05
-1.5595998575541777e-05,7.999999797903001e-05
-1.5591998575210815e-05,7.999999797903001e-05
-1.5587998574879854e-05,7.999999797903001e-05
-1.5583998574548892e-05,7.999999797903001e-05
-1.557999857421793e-05,7.999999797903001e-05
-1.557599857388697e-05,7.999999797903001e-05
-1.5571998573556008e-05,7.999999797903001e-05
-1.5567998573225046e-05,7.999999797903001e-05
-1.5563998572894085e-05,7.999999797903001e-05
-1.5559998572563123e-05,7.999999797903001e-05
-1.555599857223216e-05,7.999999797903001e-05
-1.55519985719012e-05,7.999999797903001e-05
-1.554799857157024e-05,7.999999797903001e-05
-1.5543998571239277e-05,3.9999998989515007e-05
-1.5539998570908316e-05,7.999999797903001e-05
-1.5535998570577354e-05,7.999999797903001e-05
-1.5531998570246393e-05,7.999999797903001e-05
-1.552799856991543e-05,7.999999797903001e-05
-1.552399856958447e-05,7.999999797903001e-05
-1.551999856925351e-05,7.999999797903001e-05
-1.5515998568922547e-05,7.999999797903001e-05
-1.5511998568591585e-05,7.999999797903001e-05
-1.5507998568260624e-05,7.999999797903001e-05
-1.5503998567929662e-05,7.999999797903001e-05
-1.54999985675987e-05,7.999999797903001e-05
-1.549599856726774e-05,3.9999998989515007e-05
-1.5491998566936778e-05,7.999999797903001e-05
-1.5487998566605816e-05,7.999999797903001e-05
-1.5483998566274855e-05,7.999999797903001e-05
-1.5479998565943893e-05,7.999999797903001e-05
-1.5475998565612932e-05,7.999999797903001e-05
-1.547199856528197e-05,7.999999797903001e-05
-1.546799856495101e-05,7.999999797903001e-05
-1.5463998564620048e-05,7.999999797903001e-05
-1.5459998564289086e-05,7.999999797903001e-05
-1.5455998563958125e-05,7.999999797903001e-05
-1.5451998563627163e-05,7.999999797903001e-05
-1.54479985632962e-05,7.999999797903001e-05
-1.544399856296524e-05,7.999999797903001e-05
-1.543999856263428e-05,7.999999797903001e-05
-1.5435998562303317e-05,7.999999797903001e-05
-1.5431998561972356e-05,7.999999797903001e-05
-1.5427998561641394e-05,7.999999797903001e-05
-1.5423998561310433e-05,7.999999797903001e-05
-1.541999856097947e-05,7.999999797903001e-05
-1.541599856064851e-05,7.999999797903001e-05
-1.5411998560317548e-05,7.999999797903001e-05
-1.5407998559986587e-05,7.999999797903001e-05
-1.5403998559655625e-05,7.999999797903001e-05
-1.5399998559324664e-05,7.999999797903001e-05
-1.5395998558993702e-05,7.999999797903001e-05
-1.539199855866274e-05,7.999999797903001e-05
-1.538799855833178e-05,7.999999797903001e-05
-1.5383998558000818e-05,7.999999797903001e-05
-1.5379998557669856e-05,7.999999797903001e-05
-1.5375998557338895e-05,7.999999797903001e-05
-1.5371998557007933e-05,7.999999797903001e-05
-1.5367998556676972e-05,7.999999797903001e-05
-1.536399855634601e-05,7.999999797903001e-05
-1.535999855601505e-05,7.999999797903001e-05
-1.5355998555684087e-05,7.999999797903001e-05
-1.5351998555353126e-05,7.999999797903001e-05
-1.5347998555022165e-05,7.999999797903001e-05
-1.5343998554691203e-05,7.999999797903001e-05
-1.533999855436024e-05,7.999999797903001e-05
-1.533599855402928e-05,7.999999797903001e-05
-1.533199855369832e-05,0.00011999999696854502
-1.5327998553367357e-05,7.999999797903001e-05
-1.5323998553036396e-05,7.999999797903001e-05
-1.5319998552705434e-05,7.999999797903001e-05
-1.5315998552374473e-05,7.999999797903001e-05
-1.531199855204351e-05,7.999999797903001e-05
-1.530799855171255e-05,7.999999797903001e-05
-1.5303998551381588e-05,3.9999998989515007e-05
-1.5299998551050627e-05,3.9999998989515007e-05
-1.5295998550719665e-05,3.9999998989515007e-05
-1.5291998550388704e-05,7.999999797903001e-05
-1.5287998550057742e-05,7.999999797903001e-05
-1.528399854972678e-05,7.999999797903001e-05
-1.527999854939582e-05,7.999999797903001e-05
-1.5275998549064858e-05,7.999999797903001e-05
-1.5271998548733896e-05,7.999999797903001e-05
-1.5267998548402935e-05,7.999999797903001e-05
-1.5263998548071973e-05,7.999999797903001e-05
-1.5259998547741012e-05,0.00011999999696854502
-1.525599854741005e-05,7.999999797903001e-05
-1.5251998547079089e-05,7.999999797903001e-05
-1.5247998546748127e-05,7.999999797903001e-05
-1.5243998546417166e-05,7.999999797903001e-05
-1.5239998546086204e-05,7.999999797903001e-05
-1.5235998545755243e-05,7.999999797903001e-05
-1.5231998545424281e-05,3.9999998989515007e-05
-1.522799854509332e-05,3.9999998989515007e-05
-1.5223998544762359e-05,3.9999998989515007e-05
-1.5219998544431397e-05,7.999999797903001e-05
-1.5215998544100436e-05,7.999999797903001e-05
-1.5211998543769474e-05,7.999999797903001e-05
-1.5207998543438513e-05,7.999999797903001e-05
-1.5203998543107551e-05,0.00011999999696854502
-1.519999854277659e-05,7.999999797903001e-05
-1.5195998542445628e-05,7.999999797903001e-05
-1.5191998542114667e-05,7.999999797903001e-05
-1.5187998541783705e-05,7.999999797903001e-05
-1.5183998541452744e-05,7.999999797903001e-05
-1.5179998541121782e-05,3.9999998989515007e-05
-1.517599854079082e-05,3.9999998989515007e-05
-1.517199854045986e-05,3.9999998989515007e-05
-1.5167998540128898e-05,3.9999998989515007e-05
-1.5163998539797936e-05,7.999999797903001e-05
-1.5159998539466975e-05,7.999999797903001e-05
-1.5155998539136013e-05,7.999999797903001e-05
-1.5151998538805052e-05,7.999999797903001e-05
-1.514799853847409e-05,7.999999797903001e-05
-1.5143998538143129e-05,7.999999797903001e-05
-1.5139998537812167e-05,7.999999797903001e-05
-1.5135998537481206e-05,7.999999797903001e-05
-1.5131998537150244e-05,7.999999797903001e-05
-1.5127998536819283e-05,7.999999797903001e-05
-1.5123998536488321e-05,7.999999797903001e-05
-1.511999853615736e-05,7.999999797903001e-05
-1.5115998535826398e-05,7.999999797903001e-05
-1.5111998535495437e-05,3.9999998989515007e-05
-1.5107998535164475e-05,3.9999998989515007e-05
-1.5103998534833514e-05,3.9999998989515007e-05
-1.5099998534502553e-05,7.999999797903001e-05
-1.5095998534171591e-05,3.9999998989515007e-05
-1.509199853384063e-05,7.999999797903001e-05
-1.5087998533509668e-05,7.999999797903001e-05
-1.5083998533178707e-05,7.999999797903001e-05
-1.5079998532847745e-05,7.999999797903001e-05
-1.5075998532516784e-05,0.00011999999696854502
-1.5071998532185822e-05,7.999999797903001e-05
-1.506799853185486e-05,7.999999797903001e-05
-1.50639985315239e-05,3.9999998989515007e-05
-1.5059998531192938e-05,3.9999998989515007e-05
-1.5055998530861976e-05,7.999999797903001e-05
-1.5051998530531015e-05,7.999999797903001e-05
-1.5047998530200053e-05,3.9999998989515007e-05
-1.5043998529869092e-05,7.999999797903001e-05
-1.503999852953813e-05,3.9999998989515007e-05
-1.5035998529207169e-05,7.999999797903001e-05
-1.5031998528876207e-05,7.999999797903001e-05
-1.5027998528545246e-05,7.999999797903001e-05
-1.5023998528214284e-05,7.999999797903001e-05
-1.5019998527883323e-05,7.999999797903001e-05
-1.5015998527552361e-05,7.999999797903001e-05
-1.50119985272214e-05,7.999999797903001e-05
-1.5007998526890438e-05,7.999999797903001e-05
-1.5003998526559477e-05,7.999999797903001e-05
-1.4999998526228515e-05,7.999999797903001e-05
-1.4995998525897554e-05,7.999999797903001e-05
-1.4991998525566592e-05,7.999999797903001e-05
-1.4987998525235631e-05,7.999999797903001e-05
-1.498399852490467e-05,7.999999797903001e-05
-1.4979998524573708e-05,7.999999797903001e-05
-1.4975998524242747e-05,3.9999998989515007e-05
-1.4971998523911785e-05,7.999999797903001e-05
-1.4967998523580824e-05,7.999999797903001e-05
-1.4963998523249862e-05,7.999999797903001e-05
-1.49599985229189e-05,7.999999797903001e-05
-1.4955998522587939e-05,7.999999797903001e-05
-1.4951998522256978e-05,7.999999797903001e-05
-1.4947998521926016e-05,7.999999797903001e-05
-1.4943998521595055e-05,7.999999797903001e-05
-1.4939998521264093e-05,7.999999797903001e-05
-1.4935998520933132e-05,3.9999998989515007e-05
-1.493199852060217e-05,3.9999998989515007e-05
-1.4927998520271209e-05,3.9999998989515007e-05
-1.4923998519940247e-05,7.999999797903001e-05
-1.4919998519609286e-05,7.999999797903001e-05
-1.4915998519278324e-05,7.999999797903001e-05
-1.4911998518947363e-05,7.999999797903001e-05
-1.4907998518616401e-05,7.999999797903001e-05
-1.490399851828544e-05,7.999999797903001e-05
-1.4899998517954478e-05,7.999999797903001e-05
-1.4895998517623517e-05,7.999999797903001e-05
-1.4891998517292555e-05,7.999999797903001e-05
-1.4887998516961594e-05,7.999999797903001e-05
-1.4883998516630632e-05,7.999999797903001e-05
-1.4879998516299671e-05,7.999999797903001e-05
-1.487599851596871e-05,7.999999797903001e-05
-1.4871998515637748e-05,7.999999797903001e-05
-1.4867998515306786e-05,7.999999797903001e-05
-1.4863998514975825e-05,7.999999797903001e-05
-1.4859998514644863e-05,7.999999797903001e-05
-1.4855998514313902e-05,7.999999797903001e-05
-1.485199851398294e-05,7.999999797903001e-05
-1.4847998513651979e-05,7.999999797903001e-05
-1.4843998513321018e-05,7.999999797903001e-05
-1.4839998512990056e-05,7.999999797903001e-05
-1.4835998512659095e-05,7.999999797903001e-05
-1.4831998512328133e-05,7.999999797903001e-05
-1.4827998511997172e-05,7.999999797903001e-05
-1.482399851166621e-05,7.999999797903001e-05
-1.4819998511335249e-05,7.999999797903001e-05
-1.4815998511004287e-05,7.999999797903001e-05
-1.4811998510673326e-05,7.999999797903001e-05
-1.4807998510342364e-05,3.9999998989515007e-05
-1.4803998510011403e-05,7.999999797903001e-05
-1.4799998509680441e-05,7.999999797903001e-05
-1.479599850934948e-05,7.999999797903001e-05
-1.4791998509018518e-05,7.999999797903001e-05
-1.4787998508687557e-05,7.999999797903001e-05
-1.4783998508356595e-05,3.9999998989515007e-05
-1.4779998508025634e-05,7.999999797903001e-05
-1.4775998507694672e-05,7.999999797903001e-05
-1.477199850736371e-05,7.999999797903001e-05
-1.476799850703275e-05,7.999999797903001e-05
-1.4763998506701788e-05,7.999999797903001e-05
-1.4759998506370826e-05,7.999999797903001e-05
-1.4755998506039865e-05,7.999999797903001e-05
-1.4751998505708903e-05,7.999999797903001e-05
-1.4747998505377942e-05,7.999999797903001e-05
-1.474399850504698e-05,7.999999797903001e-05
-1.4739998504716019e-05,7.999999797903001e-05
-1.4735998504385057e-05,3.9999998989515007e-05
-1.4731998504054096e-05,7.999999797903001e-05
-1.4727998503723135e-05,7.999999797903001e-05
-1.4723998503392173e-05,7.999999797903001e-05
-1.4719998503061212e-05,7.999999797903001e-05
-1.471599850273025e-05,0.00011999999696854502
-1.4711998502399289e-05,7.999999797903001e-05
-1.4707998502068327e-05,7.999999797903001e-05
-1.4703998501737366e-05,7.999999797903001e-05
-1.4699998501406404e-05,7.999999797903001e-05
-1.4695998501075443e-05,7.999999797903001e-05
-1.4691998500744481e-05,7.999999797903001e-05
-1.468799850041352e-05,7.999999797903001e-05
-1.4683998500082558e-05,7.999999797903001e-05
-1.4679998499751597e-05,7.999999797903001e-05
-1.4675998499420635e-05,7.999999797903001e-05
-1.4671998499089674e-05,7.999999797903001e-05
-1.4667998498758712e-05,7.999999797903001e-05
-1.466399849842775e-05,7.999999797903001e-05
-1.465999849809679e-05,7.999999797903001e-05
-1.4655998497765828e-05,7.999999797903001e-05
-1.4651998497434866e-05,7.999999797903001e-05
-1.4647998497103905e-05,7.999999797903001e-05
-1.4643998496772943e-05,7.999999797903001e-05
-1.4639998496441982e-05,7.999999797903001e-05
-1.463599849611102e-05,7.999999797903001e-05
-1.4631998495780059e-05,7.999999797903001e-05
-1.4627998495449097e-05,7.999999797903001e-05
-1.4623998495118136e-05,7.999999797903001e-05
-1.4619998494787174e-05,7.999999797903001e-05
-1.4615998494456213e-05,3.9999998989515007e-05
-1.4611998494125251e-05,7.999999797903001e-05
-1.460799849379429e-05,3.9999998989515007e-05
-1.4603998493463329e-05,7.999999797903001e-05
-1.4599998493132367e-05,7.999999797903001e-05
-1.4595998492801406e-05,7.999999797903001e-05
-1.4591998492470444e-05,7.999999797903001e-05
-1.4587998492139483e-05,7.999999797903001e-05
-1.4583998491808521e-05,7.999999797903001e-05
-1.457999849147756e-05,7.999999797903001e-05
-1.4575998491146598e-05,7.999999797903001e-05
-1.4571998490815637e-05,7.999999797903001e-05
-1.4567998490484675e-05,7.999999797903001e-05
-1.4563998490153714e-05,7.999999797903001e-05
-1.4559998489822752e-05,7.999999797903001e-05
-1.455599848949179e-05,7.999999797903001e-05
-1.455199848916083e-05,7.999999797903001e-05
-1.4547998488829868e-05,7.999999797903001e-05
-1.4543998488498906e-05,7.999999797903001e-05
-1.4539998488167945e-05,7.999999797903001e-05
-1.4535998487836983e-05,7.999999797903001e-05
-1.4531998487506022e-05,7.999999797903001e-05
-1.452799848717506e-05,7.999999797903001e-05
-1.4523998486844099e-05,7.999999797903001e-05
-1.4519998486513137e-05,7.999999797903001e-05
-1.4515998486182176e-05,7.999999797903001e-05
-1.4511998485851214e-05,7.999999797903001e-05
-1.4507998485520253e-05,7.999999797903001e-05
-1.4503998485189291e-05,7.999999797903001e-05
-1.449999848485833e-05,7.999999797903001e-05
-1.4495998484527368e-05,7.999999797903001e-05
-1.4491998484196407e-05,7.999999797903001e-05
-1.4487998483865445e-05,3.9999998989515007e-05
-1.4483998483534484e-05,7.999999797903001e-05
-1.4479998483203522e-05,3.9999998989515007e-05
-1.4475998482872561e-05,7.999999797903001e-05
-1.44719984825416e-05,3.9999998989515007e-05
-1.4467998482210638e-05,7.999999797903001e-05
-1.4463998481879677e-05,7.999999797903001e-05
-1.4459998481548715e-05,7.999999797903001e-05
-1.4455998481217754e-05,7.999999797903001e-05
-1.4451998480886792e-05,7.999999797903001e-05
-1.444799848055583e-05,3.9999998989515007e-05
-1.4443998480224869e-05,7.999999797903001e-05
-1.4439998479893908e-05,3.9999998989515007e-05
-1.4435998479562946e-05,7.999999797903001e-05
-1.4431998479231985e-05,7.999999797903001e-05
-1.4427998478901023e-05,7.999999797903001e-05
-1.4423998478570062e-05,7.999999797903001e-05
-1.44199984782391e-05,7.999999797903001e-05
-1.4415998477908139e-05,7.999999797903001e-05
-1.4411998477577177e-05,7.999999797903001e-05
-1.4407998477246216e-05,7.999999797903001e-05
-1.4403998476915254e-05,7.999999797903001e-05
-1.4399998476584293e-05,7.999999797903001e-05
-1.4395998476253331e-05,7.999999797903001e-05
-1.439199847592237e-05,7.999999797903001e-05
-1.4387998475591408e-05,7.999999797903001e-05
-1.4383998475260447e-05,7.999999797903001e-05
-1.4379998474929485e-05,7.999999797903001e-05
-1.4375998474598524e-05,7.999999797903001e-05
-1.4371998474267562e-05,7.999999797903001e-05
-1.4367998473936601e-05,3.9999998989515007e-05
-1.436399847360564e-05,7.999999797903001e-05
-1.4359998473274678e-05,7.999999797903001e-05
-1.4355998472943716e-05,7.999999797903001e-05
-1.4351998472612755e-05,7.999999797903001e-05
-1.4347998472281794e-05,7.999999797903001e-05
-1.4343998471950832e-05,7.999999797903001e-05
-1.433999847161987e-05,7.999999797903001e-05
-1.4335998471288909e-05,7.999999797903001e-05
-1.4331998470957948e-05,7.999999797903001e-05
-1.4327998470626986e-05,7.999999797903001e-05
-1.4323998470296025e-05,7.999999797903001e-05
-1.4319998469965063e-05,7.999999797903001e-05
-1.4315998469634102e-05,7.999999797903001e-05
-1.431199846930314e-05,7.999999797903001e-05
-1.4307998468972179e-05,7.999999797903001e-05
-1.4303998468641217e-05,7.999999797903001e-05
-1.4299998468310256e-05,7.999999797903001e-05
-1.4295998467979294e-05,7.999999797903001e-05
-1.4291998467648333e-05,7.999999797903001e-05
-1.4287998467317371e-05,7.999999797903001e-05
-1.428399846698641e-05,7.999999797903001e-05
-1.4279998466655448e-05,7.999999797903001e-05
-1.4275998466324487e-05,7.999999797903001e-05
-1.4271998465993525e-05,7.999999797903001e-05
-1.4267998465662564e-05,7.999999797903001e-05
-1.4263998465331602e-05,7.999999797903001e-05
-1.4259998465000641e-05,7.999999797903001e-05
-1.425599846466968e-05,7.999999797903001e-05
-1.4251998464338718e-05,7.999999797903001e-05
-1.4247998464007756e-05,7.999999797903001e-05
-1.4243998463676795e-05,7.999999797903001e-05
-1.4239998463345833e-05,7.999999797903001e-05
-1.4235998463014872e-05,7.999999797903001e-05
-1.423199846268391e-05,7.999999797903001e-05
-1.4227998462352949e-05,7.999999797903001e-05
-1.4223998462021988e-05,3.9999998989515007e-05
-1.4219998461691026e-05,7.999999797903001e-05
-1.4215998461360065e-05,7.999999797903001e-05
-1.4211998461029103e-05,7.999999797903001e-05
-1.4207998460698142e-05,7.999999797903001e-05
-1.420399846036718e-05,7.999999797903001e-05
-1.4199998460036219e-05,7.999999797903001e-05
-1.4195998459705257e-05,7.999999797903001e-05
-1.4191998459374296e-05,7.999999797903001e-05
-1.4187998459043334e-05,7.999999797903001e-05
-1.4183998458712373e-05,7.999999797903001e-05
-1.4179998458381411e-05,7.999999797903001e-05
-1.417599845805045e-05,7.999999797903001e-05
-1.4171998457719488e-05,7.999999797903001e-05
-1.4167998457388527e-05,7.999999797903001e-05
-1.4163998457057565e-05,7.999999797903001e-05
-1.4159998456726604e-05,7.999999797903001e-05
-1.4155998456395642e-05,7.999999797903001e-05
-1.415199845606468e-05,3.9999998989515007e-05
-1.414799845573372e-05,7.999999797903001e-05
-1.4143998455402758e-05,7.999999797903001e-05
-1.4139998455071796e-05,7.999999797903001e-05
-1.4135998454740835e-05,7.999999797903001e-05
-1.4131998454409873e-05,7.999999797903001e-05
-1.4127998454078912e-05,3.9999998989515007e-05
-1.412399845374795e-05,7.999999797903001e-05
-1.4119998453416989e-05,7.999999797903001e-05
-1.4115998453086027e-05,3.9999998989515007e-05
-1.4111998452755066e-05,3.9999998989515007e-05
-1.4107998452424104e-05,7.999999797903001e-05
-1.4103998452093143e-05,7.999999797903001e-05
-1.4099998451762182e-05,7.999999797903001e-05
-1.409599845143122e-05,7.999999797903001e-05
-1.4091998451100259e-05,7.999999797903001e-05
-1.4087998450769297e-05,7.999999797903001e-05
-1.4083998450438336e-05,7.999999797903001e-05
-1.4079998450107374e-05,7.999999797903001e-05
-1.4075998449776413e-05,7.999999797903001e-05
-1.4071998449445451e-05,7.999999797903001e-05
-1.406799844911449e-05,7.999999797903001e-05
-1.4063998448783528e-05,7.999999797903001e-05
-1.4059998448452567e-05,7.999999797903001e-05
-1.4055998448121605e-05,7.999999797903001e-05
-1.4051998447790644e-05,7.999999797903001e-05
-1.4047998447459682e-05,3.9999998989515007e-05
-1.404399844712872e-05,7.999999797903001e-05
-1.403999844679776e-05,7.999999797903001e-05
-1.4035998446466798e-05,7.999999797903001e-05
-1.4031998446135836e-05,7.999999797903001e-05
-1.4027998445804875e-05,7.999999797903001e-05
-1.4023998445473913e-05,7.999999797903001e-05
-1.4019998445142952e-05,7.999999797903001e-05
-1.401599844481199e-05,7.999999797903001e-05
-1.4011998444481029e-05,7.999999797903001e-05
-1.4007998444150067e-05,7.999999797903001e-05
-1.4003998443819106e-05,7.999999797903001e-05
-1.3999998443488144e-05,3.9999998989515007e-05
-1.3995998443157183e-05,3.9999998989515007e-05
-1.3991998442826221e-05,7.999999797903001e-05
-1.398799844249526e-05,7.999999797903001e-05
-1.3983998442164298e-05,7.999999797903001e-05
-1.3979998441833337e-05,7.999999797903001e-05
-1.3975998441502376e-05,7.999999797903001e-05
-1.3971998441171414e-05,7.999999797903001e-05
-1.3967998440840453e-05,7.999999797903001e-05
-1.3963998440509491e-05,7.999999797903001e-05
-1.395999844017853e-05,7.999999797903001e-05
-1.3955998439847568e-05,7.999999797903001e-05
-1.3951998439516607e-05,7.999999797903001e-05
-1.3947998439185645e-05,7.999999797903001e-05
-1.3943998438854684e-05,7.999999797903001e-05
-1.3939998438523722e-05,7.999999797903001e-05
-1.393599843819276e-05,7.999999797903001e-05
-1.39319984378618e-05,7.999999797903001e-05
-1.3927998437530838e-05,3.9999998989515007e-05
-1.3923998437199876e-05,7.999999797903001e-05
-1.3919998436868915e-05,7.999999797903001e-05
-1.3915998436537953e-05,7.999999797903001e-05
-1.3911998436206992e-05,7.999999797903001e-05
-1.390799843587603e-05,7.999999797903001e-05
-1.3903998435545069e-05,7.999999797903001e-05
-1.3899998435214107e-05,7.999999797903001e-05
-1.3895998434883146e-05,7.999999797903001e-05
-1.3891998434552184e-05,7.999999797903001e-05
-1.3887998434221223e-05,7.999999797903001e-05
-1.3883998433890261e-05,3.9999998989515007e-05
-1.38799984335593e-05,3.9999998989515007e-05
-1.3875998433228338e-05,3.9999998989515007e-05
-1.3871998432897377e-05,3.9999998989515007e-05
-1.3867998432566415e-05,7.999999797903001e-05
-1.3863998432235454e-05,7.999999797903001e-05
-1.3859998431904492e-05,7.999999797903001e-05
-1.3855998431573531e-05,7.999999797903001e-05
-1.385199843124257e-05,7.999999797903001e-05
-1.3847998430911608e-05,3.9999998989515007e-05
-1.3843998430580647e-05,7.999999797903001e-05
-1.3839998430249685e-05,7.999999797903001e-05
-1.3835998429918724e-05,7.999999797903001e-05
-1.3831998429587762e-05,7.999999797903001e-05
-1.38279984292568e-05,7.999999797903001e-05
-1.3823998428925839e-05,7.999999797903001e-05
-1.3819998428594878e-05,7.999999797903001e-05
-1.3815998428263916e-05,7.999999797903001e-05
-1.3811998427932955e-05,7.999999797903001e-05
-1.3807998427601993e-05,7.999999797903001e-05
-1.3803998427271032e-05,7.999999797903001e-05
-1.379999842694007e-05,3.9999998989515007e-05
-1.3795998426609109e-05,3.9999998989515007e-05
-1.3791998426278147e-05,7.999999797903001e-05
-1.3787998425947186e-05,7.999999797903001e-05
-1.3783998425616224e-05,7.999999797903001e-05
-1.3779998425285263e-05,7.999999797903001e-05
-1.3775998424954301e-05,7.999999797903001e-05
-1.377199842462334e-05,7.999999797903001e-05
-1.3767998424292378e-05,3.9999998989515007e-05
-1.3763998423961417e-05,3.9999998989515007e-05
-1.3759998423630455e-05,7.999999797903001e-05
-1.3755998423299494e-05,7.999999797903001e-05
-1.3751998422968532e-05,3.9999998989515007e-05
-1.3747998422637571e-05,7.999999797903001e-05
-1.374399842230661e-05,7.999999797903001e-05
-1.3739998421975648e-05,7.999999797903001e-05
-1.3735998421644686e-05,7.999999797903001e-05
-1.3731998421313725e-05,7.999999797903001e-05
-1.3727998420982764e-05,3.9999998989515007e-05
-1.3723998420651802e-05,7.999999797903001e-05
-1.371999842032084e-05,7.999999797903001e-05
-1.3715998419989879e-05,7.999999797903001e-05
-1.3711998419658918e-05,3.9999998989515007e-05
-1.3707998419327956e-05,7.999999797903001e-05
-1.3703998418996995e-05,7.999999797903001e-05
-1.3699998418666033e-05,7.999999797903001e-05
-1.3695998418335072e-05,7.999999797903001e-05
-1.369199841800411e-05,7.999999797903001e-05
-1.3687998417673149e-05,7.999999797903001e-05
-1.3683998417342187e-05,7.999999797903001e-05
-1.3679998417011226e-05,3.9999998989515007e-05
-1.3675998416680264e-05,7.999999797903001e-05
-1.3671998416349303e-05,7.999999797903001e-05
-1.3667998416018341e-05,7.999999797903001e-05
-1.366399841568738e-05,7.999999797903001e-05
-1.3659998415356418e-05,7.999999797903001e-05
-1.3655998415025457e-05,7.999999797903001e-05
-1.3651998414694495e-05,7.999999797903001e-05
-1.3647998414363534e-05,7.999999797903001e-05
-1.3643998414032572e-05,7.999999797903001e-05
-1.3639998413701611e-05,3.9999998989515007e-05
-1.363599841337065e-05,3.9999998989515007e-05
-1.3631998413039688e-05,3.9999998989515007e-05
-1.3627998412708726e-05,7.999999797903001e-05
-1.3623998412377765e-05,7.999999797903001e-05
-1.3619998412046803e-05,7.999999797903001e-05
-1.3615998411715842e-05,7.999999797903001e-05
-1.361199841138488e-05,7.999999797903001e-05
-1.3607998411053919e-05,7.999999797903001e-05
-1.3603998410722958e-05,7.999999797903001e-05
-1.3599998410391996e-05,7.999999797903001e-05
-1.3595998410061035e-05,7.999999797903001e-05
-1.3591998409730073e-05,7.999999797903001e-05
-1.3587998409399112e-05,3.9999998989515007e-05
-1.358399840906815e-05,3.9999998989515007e-05
-1.3579998408737189e-05,3.9999998989515007e-05
-1.3575998408406227e-05,3.9999998989515007e-05
-1.3571998408075266e-05,3.9999998989515007e-05
-1.3567998407744304e-05,7.999999797903001e-05
-1.3563998407413343e-05,7.999999797903001e-05
-1.3559998407082381e-05,7.999999797903001e-05
-1.355599840675142e-05,7.999999797903001e-05
-1.3551998406420458e-05,7.999999797903001e-05
-1.3547998406089497e-05,7.999999797903001e-05
-1.3543998405758535e-05,7.999999797903001e-05
-1.3539998405427574e-05,7.999999797903001e-05
-1.3535998405096612e-05,7.999999797903001e-05
-1.353199840476565e-05,7.999999797903001e-05
-1.352799840443469e-05,3.9999998989515007e-05
-1.3523998404103728e-05,7.999999797903001e-05
-1.3519998403772766e-05,3.9999998989515007e-05
-1.3515998403441805e-05,3.9999998989515007e-05
-1.3511998403110843e-05,3.9999998989515007e-05
-1.3507998402779882e-05,7.999999797903001e-05
-1.350399840244892e-05,3.9999998989515007e-05
-1.3499998402117959e-05,7.999999797903001e-05
-1.3495998401786997e-05,7.999999797903001e-05
-1.3491998401456036e-05,7.999999797903001e-05
-1.3487998401125074e-05,7.999999797903001e-05
-1.3483998400794113e-05,7.999999797903001e-05
-1.3479998400463151e-05,7.999999797903001e-05
-1.347599840013219e-05,7.999999797903001e-05
-1.3471998399801229e-05,3.9999998989515007e-05
-1.3467998399470267e-05,7.999999797903001e-05
-1.3463998399139306e-05,3.9999998989515007e-05
-1.3459998398808344e-05,7.999999797903001e-05
-1.3455998398477383e-05,3.9999998989515007e-05
-1.3451998398146421e-05,7.999999797903001e-05
-1.344799839781546e-05,7.999999797903001e-05
-1.3443998397484498e-05,7.999999797903001e-05
-1.3439998397153537e-05,3.9999998989515007e-05
-1.3435998396822575e-05,7.999999797903001e-05
-1.3431998396491614e-05,3.9999998989515007e-05
-1.3427998396160652e-05,7.999999797903001e-05
-1.342399839582969e-05,7.999999797903001e-05
-1.341999839549873e-05,7.999999797903001e-05
-1.3415998395167768e-05,7.999999797903001e-05
-1.3411998394836806e-05,7.999999797903001e-05
-1.3407998394505845e-05,7.999999797903001e-05
-1.3403998394174883e-05,7.999999797903001e-05
-1.3399998393843922e-05,7.999999797903001e-05
-1.339599839351296e-05,7.999999797903001e-05
-1.3391998393181999e-05,3.9999998989515007e-05
-1.3387998392851037e-05,7.999999797903001e-05
-1.3383998392520076e-05,3.9999998989515007e-05
-1.3379998392189114e-05,7.999999797903001e-05
-1.3375998391858153e-05,7.999999797903001e-05
-1.3371998391527191e-05,7.999999797903001e-05
-1.336799839119623e-05,7.999999797903001e-05
-1.3363998390865268e-05,7.999999797903001e-05
-1.3359998390534307e-05,7.999999797903001e-05
-1.3355998390203345e-05,7.999999797903001e-05
-1.3351998389872384e-05,7.999999797903001e-05
-1.3347998389541423e-05,7.999999797903001e-05
-1.3343998389210461e-05,3.9999998989515007e-05
-1.33399983888795e-05,7.999999797903001e-05
-1.3335998388548538e-05,3.9999998989515007e-05
-1.3331998388217577e-05,7.999999797903001e-05
-1.3327998387886615e-05,7.999999797903001e-05
-1.3323998387555654e-05,7.999999797903001e-05
-1.3319998387224692e-05,7.999999797903001e-05
-1.331599838689373e-05,7.999999797903001e-05
-1.331199838656277e-05,3.9999998989515007e-05
-1.3307998386231808e-05,7.999999797903001e-05
-1.3303998385900846e-05,7.999999797903001e-05
-1.3299998385569885e-05,7.999999797903001e-05
-1.3295998385238923e-05,7.999999797903001e-05
-1.3291998384907962e-05,7.999999797903001e-05
-1.3287998384577e-05,7.999999797903001e-05
-1.3283998384246039e-05,7.999999797903001e-05
-1.3279998383915077e-05,7.999999797903001e-05
-1.3275998383584116e-05,7.999999797903001e-05
-1.3271998383253154e-05,7.999999797903001e-05
-1.3267998382922193e-05,3.9999998989515007e-05
-1.3263998382591231e-05,3.9999998989515007e-05
-1.325999838226027e-05,3.9999998989515007e-05
-1.3255998381929308e-05,7.999999797903001e-05
-1.3251998381598347e-05,7.999999797903001e-05
-1.3247998381267385e-05,7.999999797903001e-05
-1.3243998380936424e-05,7.999999797903001e-05
-1.3239998380605462e-05,3.9999998989515007e-05
-1.3235998380274501e-05,7.999999797903001e-05
-1.323199837994354e-05,7.999999797903001e-05
-1.3227998379612578e-05,7.999999797903001e-05
-1.3223998379281617e-05,7.999999797903001e-05
-1.3219998378950655e-05,7.999999797903001e-05
-1.3215998378619694e-05,7.999999797903001e-05
-1.3211998378288732e-05,7.999999797903001e-05
-1.320799837795777e-05,7.999999797903001e-05
-1.3203998377626809e-05,7.999999797903001e-05
-1.3199998377295848e-05,7.999999797903001e-05
-1.3195998376964886e-05,7.999999797903001e-05
-1.3191998376633925e-05,3.9999998989515007e-05
-1.3187998376302963e-05,3.9999998989515007e-05
-1.3183998375972002e-05,3.9999998989515007e-05
-1.317999837564104e-05,7.999999797903001e-05
-1.3175998375310079e-05,7.999999797903001e-05
-1.3171998374979117e-05,7.999999797903001e-05
-1.3167998374648156e-05,7.999999797903001e-05
-1.3163998374317194e-05,7.999999797903001e-05
-1.3159998373986233e-05,7.999999797903001e-05
-1.3155998373655271e-05,7.999999797903001e-05
-1.315199837332431e-05,7.999999797903001e-05
-1.3147998372993348e-05,7.999999797903001e-05
-1.3143998372662387e-05,3.9999998989515007e-05
-1.3139998372331425e-05,3.9999998989515007e-05
-1.3135998372000464e-05,3.9999998989515007e-05
-1.3131998371669502e-05,7.999999797903001e-05
-1.3127998371338541e-05,7.999999797903001e-05
-1.312399837100758e-05,7.999999797903001e-05
-1.3119998370676618e-05,7.999999797903001e-05
-1.3115998370345656e-05,7.999999797903001e-05
-1.3111998370014695e-05,7.999999797903001e-05
-1.3107998369683733e-05,7.999999797903001e-05
-1.3103998369352772e-05,7.999999797903001e-05
-1.309999836902181e-05,7.999999797903001e-05
-1.3095998368690849e-05,7.999999797903001e-05
-1.3091998368359888e-05,7.999999797903001e-05
-1.3087998368028926e-05,7.999999797903001e-05
-1.3083998367697965e-05,7.999999797903001e-05
-1.3079998367367003e-05,7.999999797903001e-05
-1.3075998367036042e-05,7.999999797903001e-05
-1.307199836670508e-05,3.9999998989515007e-05
-1.3067998366374119e-05,3.9999998989515007e-05
-1.3063998366043157e-05,3.9999998989515007e-05
-1.3059998365712196e-05,7.999999797903001e-05
-1.3055998365381234e-05,7.999999797903001e-05
-1.3051998365050273e-05,7.999999797903001e-05
-1.3047998364719311e-05,7.999999797903001e-05
-1.304399836438835e-05,7.999999797903001e-05
-1.3039998364057388e-05,7.999999797903001e-05
-1.3035998363726427e-05,7.999999797903001e-05
-1.3031998363395465e-05,7.999999797903001e-05
-1.3027998363064504e-05,7.999999797903001e-05
-1.3023998362733542e-05,3.9999998989515007e-05
-1.301999836240258e-05,7.999999797903001e-05
-1.301599836207162e-05,3.9999998989515007e-05
-1.3011998361740658e-05,7.999999797903001e-05
-1.3007998361409696e-05,7.999999797903001e-05
-1.3003998361078735e-05,7.999999797903001e-05
-1.2999998360747773e-05,7.999999797903001e-05
-1.2995998360416812e-05,7.999999797903001e-05
-1.299199836008585e-05,7.999999797903001e-05
-1.2987998359754889e-05,7.999999797903001e-05
-1.2983998359423927e-05,7.999999797903001e-05
-1.2979998359092966e-05,7.999999797903001e-05
-1.2975998358762005e-05,7.999999797903001e-05
-1.2971998358431043e-05,7.999999797903001e-05
-1.2967998358100082e-05,7.999999797903001e-05
-1.296399835776912e-05,7.999999797903001e-05
-1.2959998357438159e-05,7.999999797903001e-05
-1.2955998357107197e-05,7.999999797903001e-05
-1.2951998356776236e-05,3.9999998989515007e-05
-1.2947998356445274e-05,3.9999998989515007e-05
-1.2943998356114313e-05,3.9999998989515007e-05
-1.2939998355783351e-05,7.999999797903001e-05
-1.293599835545239e-05,7.999999797903001e-05
-1.2931998355121428e-05,7.999999797903001e-05
-1.2927998354790467e-05,7.999999797903001e-05
-1.2923998354459505e-05,7.999999797903001e-05
-1.2919998354128544e-05,7.999999797903001e-05
-1.2915998353797582e-05,7.999999797903001e-05
-1.291199835346662e-05,7.999999797903001e-05
-1.290799835313566e-05,7.999999797903001e-05
-1.2903998352804698e-05,3.9999998989515007e-05
-1.2899998352473736e-05,7.999999797903001e-05
-1.2895998352142775e-05,3.9999998989515007e-05
-1.2891998351811813e-05,7.999999797903001e-05
-1.2887998351480852e-05,7.999999797903001e-05
-1.288399835114989e-05,7.999999797903001e-05
-1.2879998350818929e-05,7.999999797903001e-05
-1.2875998350487967e-05,7.999999797903001e-05
-1.2871998350157006e-05,3.9999998989515007e-05
-1.2867998349826044e-05,7.999999797903001e-05
-1.2863998349495083e-05,7.999999797903001e-05
-1.2859998349164121e-05,7.999999797903001e-05
-1.285599834883316e-05,7.999999797903001e-05
-1.2851998348502199e-05,7.999999797903001e-05
-1.2847998348171237e-05,7.999999797903001e-05
-1.2843998347840276e-05,7.999999797903001e-05
-1.2839998347509314e-05,7.999999797903001e-05
-1.2835998347178353e-05,7.999999797903001e-05
-1.2831998346847391e-05,3.9999998989515007e-05
-1.282799834651643e-05,7.999999797903001e-05
-1.2823998346185468e-05,3.9999998989515007e-05
-1.2819998345854507e-05,3.9999998989515007e-05
-1.2815998345523545e-05,3.9999998989515007e-05
-1.2811998345192584e-05,7.999999797903001e-05
-1.2807998344861622e-05,7.999999797903001e-05
-1.280399834453066e-05,7.999999797903001e-05
-1.27999983441997e-05,7.999999797903001e-05
-1.2795998343868738e-05,7.999999797903001e-05
-1.2791998343537776e-05,7.999999797903001e-05
-1.2787998343206815e-05,7.999999797903001e-05
-1.2783998342875853e-05,3.9999998989515007e-05
-1.2779998342544892e-05,7.999999797903001e-05
-1.277599834221393e-05,7.999999797903001e-05
-1.2771998341882969e-05,7.999999797903001e-05
-1.2767998341552007e-05,3.9999998989515007e-05
-1.2763998341221046e-05,7.999999797903001e-05
-1.2759998340890084e-05,7.999999797903001e-05
-1.2755998340559123e-05,7.999999797903001e-05
-1.2751998340228161e-05,7.999999797903001e-05
-1.27479983398972e-05,7.999999797903001e-05
-1.2743998339566238e-05,7.999999797903001e-05
-1.2739998339235277e-05,7.999999797903001e-05
-1.2735998338904315e-05,7.999999797903001e-05
-1.2731998338573354e-05,7.999999797903001e-05
-1.2727998338242393e-05,7.999999797903001e-05
-1.2723998337911431e-05,7.999999797903001e-05
-1.271999833758047e-05,7.999999797903001e-05
-1.2715998337249508e-05,7.999999797903001e-05
-1.2711998336918547e-05,7.999999797903001e-05
-1.2707998336587585e-05,7.999999797903001e-05
-1.2703998336256624e-05,3.9999998989515007e-05
-1.2699998335925662e-05,3.9999998989515007e-05
-1.26959983355947e-05,3.9999998989515007e-05
-1.2691998335263739e-05,7.999999797903001e-05
-1.2687998334932778e-05,7.999999797903001e-05
-1.2683998334601816e-05,7.999999797903001e-05
-1.2679998334270855e-05,7.999999797903001e-05
-1.2675998333939893e-05,7.999999797903001e-05
-1.2671998333608932e-05,7.999999797903001e-05
-1.266799833327797e-05,7.999999797903001e-05
-1.2663998332947009e-05,7.999999797903001e-05
-1.2659998332616047e-05,7.999999797903001e-05
-1.2655998332285086e-05,3.9999998989515007e-05
-1.2651998331954124e-05,7.999999797903001e-05
-1.2647998331623163e-05,7.999999797903001e-05
-1.2643998331292201e-05,7.999999797903001e-05
-1.263999833096124e-05,7.999999797903001e-05
-1.2635998330630278e-05,7.999999797903001e-05
-1.2631998330299317e-05,3.9999998989515007e-05
-1.2627998329968355e-05,7.999999797903001e-05
-1.2623998329637394e-05,3.9999998989515007e-05
-1.2619998329306432e-05,7.999999797903001e-05
-1.2615998328975471e-05,3.9999998989515007e-05
-1.261199832864451e-05,7.999999797903001e-05
-1.2607998328313548e-05,7.999999797903001e-05
-1.2603998327982587e-05,7.999999797903001e-05
-1.2599998327651625e-05,7.999999797903001e-05
-1.2595998327320664e-05,7.999999797903001e-05
-1.2591998326989702e-05,7.999999797903001e-05
-1.258799832665874e-05,7.999999797903001e-05
-1.2583998326327779e-05,7.999999797903001e-05
-1.2579998325996818e-05,7.999999797903001e-05
-1.2575998325665856e-05,3.9999998989515007e-05
-1.2571998325334895e-05,7.999999797903001e-05
-1.2567998325003933e-05,7.999999797903001e-05
-1.2563998324672972e-05,7.999999797903001e-05
-1.255999832434201e-05,7.999999797903001e-05
-1.2555998324011049e-05,7.999999797903001e-05
-1.2551998323680087e-05,7.999999797903001e-05
-1.2547998323349126e-05,7.999999797903001e-05
-1.2543998323018164e-05,7.999999797903001e-05
-1.2539998322687203e-05,7.999999797903001e-05
-1.2535998322356241e-05,3.9999998989515007e-05
-1.253199832202528e-05,7.999999797903001e-05
-1.2527998321694318e-05,7.999999797903001e-05
-1.2523998321363357e-05,7.999999797903001e-05
-1.2519998321032395e-05,7.999999797903001e-05
-1.2515998320701434e-05,7.999999797903001e-05
-1.2511998320370472e-05,7.999999797903001e-05
-1.2507998320039511e-05,7.999999797903001e-05
-1.250399831970855e-05,7.999999797903001e-05
-1.2499998319377588e-05,7.999999797903001e-05
-1.2495998319046626e-05,7.999999797903001e-05
-1.2491998318715665e-05,7.999999797903001e-05
-1.2487998318384703e-05,3.9999998989515007e-05
-1.2483998318053742e-05,7.999999797903001e-05
-1.247999831772278e-05,7.999999797903001e-05
-1.2475998317391819e-05,7.999999797903001e-05
-1.2471998317060858e-05,7.999999797903001e-05
-1.2467998316729896e-05,7.999999797903001e-05
-1.2463998316398935e-05,7.999999797903001e-05
-1.2459998316067973e-05,7.999999797903001e-05
-1.2455998315737012e-05,7.999999797903001e-05
-1.245199831540605e-05,7.999999797903001e-05
-1.2447998315075089e-05,7.999999797903001e-05
-1.2443998314744127e-05,7.999999797903001e-05
-1.2439998314413166e-05,3.9999998989515007e-05
-1.2435998314082204e-05,7.999999797903001e-05
-1.2431998313751243e-05,7.999999797903001e-05
-1.2427998313420281e-05,7.999999797903001e-05
-1.242399831308932e-05,7.999999797903001e-05
-1.2419998312758358e-05,7.999999797903001e-05
-1.2415998312427397e-05,3.9999998989515007e-05
-1.2411998312096435e-05,3.9999998989515007e-05
-1.2407998311765474e-05,3.9999998989515007e-05
-1.2403998311434512e-05,7.999999797903001e-05
-1.239999831110355e-05,7.999999797903001e-05
-1.239599831077259e-05,7.999999797903001e-05
-1.2391998310441628e-05,3.9999998989515007e-05
-1.2387998310110666e-05,7.999999797903001e-05
-1.2383998309779705e-05,7.999999797903001e-05
-1.2379998309448743e-05,7.999999797903001e-05
-1.2375998309117782e-05,7.999999797903001e-05
-1.237199830878682e-05,7.999999797903001e-05
-1.2367998308455859e-05,3.9999998989515007e-05
-1.2363998308124897e-05,7.999999797903001e-05
-1.2359998307793936e-05,3.9999998989515007e-05
-1.2355998307462974e-05,7.999999797903001e-05
-1.2351998307132013e-05,7.999999797903001e-05
-1.2347998306801052e-05,7.999999797903001e-05
-1.234399830647009e-05,7.999999797903001e-05
-1.2339998306139129e-05,7.999999797903001e-05
-1.2335998305808167e-05,7.999999797903001e-05
-1.2331998305477206e-05,7.999999797903001e-05
-1.2327998305146244e-05,7.999999797903001e-05
-1.2323998304815283e-05,7.999999797903001e-05
-1.2319998304484321e-05,7.999999797903001e-05
-1.231599830415336e-05,7.999999797903001e-05
-1.2311998303822398e-05,7.999999797903001e-05
-1.2307998303491437e-05,7.999999797903001e-05
-1.2303998303160475e-05,7.999999797903001e-05
-1.2299998302829514e-05,3.9999998989515007e-05
-1.2295998302498552e-05,3.9999998989515007e-05
-1.229199830216759e-05,7.999999797903001e-05
-1.228799830183663e-05,3.9999998989515007e-05
-1.2283998301505668e-05,7.999999797903001e-05
-1.2279998301174706e-05,3.9999998989515007e-05
-1.2275998300843745e-05,7.999999797903001e-05
-1.2271998300512783e-05,7.999999797903001e-05
-1.2267998300181822e-05,7.999999797903001e-05
-1.226399829985086e-05,7.999999797903001e-05
-1.2259998299519899e-05,7.999999797903001e-05
-1.2255998299188937e-05,7.999999797903001e-05
-1.2251998298857976e-05,7.999999797903001e-05
-1.2247998298527014e-05,7.999999797903001e-05
-1.2243998298196053e-05,7.999999797903001e-05
-1.2239998297865091e-05,7.999999797903001e-05
-1.223599829753413e-05,7.999999797903001e-05
-1.2231998297203168e-05,7.999999797903001e-05
-1.2227998296872207e-05,7.999999797903001e-05
-1.2223998296541246e-05,3.9999998989515007e-05
-1.2219998296210284e-05,7.999999797903001e-05
-1.2215998295879323e-05,3.9999998989515007e-05
-1.2211998295548361e-05,3.9999998989515007e-05
-1.22079982952174e-05,3.9999998989515007e-05
-1.2203998294886438e-05,7.999999797903001e-05
-1.2199998294555477e-05,7.999999797903001e-05
-1.2195998294224515e-05,7.999999797903001e-05
-1.2191998293893554e-05,7.999999797903001e-05
-1.2187998293562592e-05,7.999999797903001e-05
-1.218399829323163e-05,7.999999797903001e-05
-1.217999829290067e-05,7.999999797903001e-05
-1.2175998292569708e-05,7.999999797903001e-05
-1.2171998292238746e-05,7.999999797903001e-05
-1.2167998291907785e-05,3.9999998989515007e-05
-1.2163998291576823e-05,3.9999998989515007e-05
-1.2159998291245862e-05,3.9999998989515007e-05
-1.21559982909149e-05,7.999999797903001e-05
-1.2151998290583939e-05,7.999999797903001e-05
-1.2147998290252977e-05,7.999999797903001e-05
-1.2143998289922016e-05,7.999999797903001e-05
-1.2139998289591054e-05,7.999999797903001e-05
-1.2135998289260093e-05,7.999999797903001e-05
-1.2131998288929131e-05,7.999999797903001e-05
-1.212799828859817e-05,3.9999998989515007e-05
-1.2123998288267208e-05,7.999999797903001e-05
-1.2119998287936247e-05,7.999999797903001e-05
-1.2115998287605285e-05,7.999999797903001e-05
-1.2111998287274324e-05,7.999999797903001e-05
-1.2107998286943362e-05,7.999999797903001e-05
-1.2103998286612401e-05,3.9999998989515007e-05
-1.209999828628144e-05,3.9999998989515007e-05
-1.2095998285950478e-05,3.9999998989515007e-05
-1.2091998285619517e-05,7.999999797903001e-05
-1.2087998285288555e-05,3.9999998989515007e-05
-1.2083998284957594e-05,7.999999797903001e-05
-1.2079998284626632e-05,7.999999797903001e-05
-1.207599828429567e-05,7.999999797903001e-05
-1.2071998283964709e-05,7.999999797903001e-05
-1.2067998283633748e-05,7.999999797903001e-05
-1.2063998283302786e-05,7.999999797903001e-05
-1.2059998282971825e-05,7.999999797903001e-05
-1.2055998282640863e-05,7.999999797903001e-05
-1.2051998282309902e-05,7.999999797903001e-05
-1.204799828197894e-05,3.9999998989515007e-05
-1.2043998281647979e-05,7.999999797903001e-05
-1.2039998281317017e-05,3.9999998989515007e-05
-1.2035998280986056e-05,7.999999797903001e-05
-1.2031998280655094e-05,3.9999998989515007e-05
-1.2027998280324133e-05,3.9999998989515007e-05
-1.2023998279993171e-05,7.999999797903001e-05
-1.201999827966221e-05,7.999999797903001e-05
-1.2015998279331248e-05,3.9999998989515007e-05
-1.2011998279000287e-05,7.999999797903001e-05
-1.2007998278669325e-05,7.999999797903001e-05
-1.2003998278338364e-05,7.999999797903001e-05
-1.1999998278007402e-05,3.9999998989515007e-05
-1.1995998277676441e-05,7.999999797903001e-05
-1.199199827734548e-05,7.999999797903001e-05
-1.1987998277014518e-05,7.999999797903001e-05
-1.1983998276683556e-05,7.999999797903001e-05
-1.1979998276352595e-05,7.999999797903001e-05
-1.1975998276021634e-05,3.9999998989515007e-05
-1.1971998275690672e-05,7.999999797903001e-05
-1.196799827535971e-05,3.9999998989515007e-05
-1.1963998275028749e-05,7.999999797903001e-05
-1.1959998274697788e-05,3.9999998989515007e-05
-1.1955998274366826e-05,7.999999797903001e-05
-1.1951998274035865e-05,3.9999998989515007e-05
-1.1947998273704903e-05,7.999999797903001e-05
-1.1943998273373942e-05,7.999999797903001e-05
-1.193999827304298e-05,7.999999797903001e-05
-1.1935998272712019e-05,7.999999797903001e-05
-1.1931998272381057e-05,7.999999797903001e-05
-1.1927998272050096e-05,7.999999797903001e-05
-1.1923998271719134e-05,3.9999998989515007e-05
-1.1919998271388173e-05,3.9999998989515007e-05
-1.1915998271057211e-05,7.999999797903001e-05
-1.191199827072625e-05,7.999999797903001e-05
-1.1907998270395288e-05,7.999999797903001e-05
-1.1903998270064327e-05,7.999999797903001e-05
-1.1899998269733365e-05,3.9999998989515007e-05
-1.1895998269402404e-05,3.9999998989515007e-05
-1.1891998269071442e-05,7.999999797903001e-05
-1.1887998268740481e-05,7.999999797903001e-05
-1.188399826840952e-05,7.999999797903001e-05
-1.1879998268078558e-05,3.9999998989515007e-05
-1.1875998267747596e-05,7.999999797903001e-05
-1.1871998267416635e-05,7.999999797903001e-05
-1.1867998267085673e-05,7.999999797903001e-05
-1.1863998266754712e-05,7.999999797903001e-05
-1.185999826642375e-05,7.999999797903001e-05
-1.1855998266092789e-05,7.999999797903001e-05
-1.1851998265761828e-05,7.999999797903001e-05
-1.1847998265430866e-05,3.9999998989515007e-05
-1.1843998265099905e-05,7.999999797903001e-05
-1.1839998264768943e-05,3.9999998989515007e-05
-1.1835998264437982e-05,7.999999797903001e-05
-1.183199826410702e-05,7.999999797903001e-05
-1.1827998263776059e-05,7.999999797903001e-05
-1.1823998263445097e-05,7.999999797903001e-05
-1.1819998263114136e-05,7.999999797903001e-05
-1.1815998262783174e-05,7.999999797903001e-05
-1.1811998262452213e-05,7.999999797903001e-05
-1.1807998262121251e-05,7.999999797903001e-05
-1.180399826179029e-05,0.00011999999696854502
-1.1799998261459328e-05,7.999999797903001e-05
-1.1795998261128367e-05,7.999999797903001e-05
-1.1791998260797405e-05,7.999999797903001e-05
-1.1787998260466444e-05,7.999999797903001e-05
-1.1783998260135482e-05,7.999999797903001e-05
-1.177999825980452e-05,7.999999797903001e-05
-1.177599825947356e-05,7.999999797903001e-05
-1.1771998259142598e-05,7.999999797903001e-05
-1.1767998258811636e-05,3.9999998989515007e-05
-1.1763998258480675e-05,7.999999797903001e-05
-1.1759998258149713e-05,7.999999797903001e-05
-1.1755998257818752e-05,7.999999797903001e-05
-1.175199825748779e-05,7.999999797903001e-05
-1.1747998257156829e-05,7.999999797903001e-05
-1.1743998256825867e-05,7.999999797903001e-05
-1.1739998256494906e-05,7.999999797903001e-05
-1.1735998256163944e-05,7.999999797903001e-05
-1.1731998255832983e-05,7.999999797903001e-05
-1.1727998255502022e-05,7.999999797903001e-05
-1.172399825517106e-05,7.999999797903001e-05
-1.1719998254840099e-05,7.999999797903001e-05
-1.1715998254509137e-05,7.999999797903001e-05
-1.1711998254178176e-05,3.9999998989515007e-05
-1.1707998253847214e-05,7.999999797903001e-05
-1.1703998253516253e-05,7.999999797903001e-05
-1.1699998253185291e-05,7.999999797903001e-05
-1.169599825285433e-05,7.999999797903001e-05
-1.1691998252523368e-05,7.999999797903001e-05
-1.1687998252192407e-05,3.9999998989515007e-05
-1.1683998251861445e-05,7.999999797903001e-05
-1.1679998251530484e-05,7.999999797903001e-05
-1.1675998251199522e-05,7.999999797903001e-05
-1.167199825086856e-05,7.999999797903001e-05
-1.16679982505376e-05,7.999999797903001e-05
-1.1663998250206638e-05,3.9999998989515007e-05
-1.1659998249875676e-05,7.999999797903001e-05
-1.1655998249544715e-05,3.9999998989515007e-05
-1.1651998249213753e-05,7.999999797903001e-05
-1.1647998248882792e-05,3.9999998989515007e-05
-1.164399824855183e-05,3.9999998989515007e-05
-1.1639998248220869e-05,7.999999797903001e-05
-1.1635998247889907e-05,3.9999998989515007e-05
-1.1631998247558946e-05,7.999999797903001e-05
-1.1627998247227984e-05,7.999999797903001e-05
-1.1623998246897023e-05,7.999999797903001e-05
-1.1619998246566061e-05,7.999999797903001e-05
-1.16159982462351e-05,7.999999797903001e-05
-1.1611998245904138e-05,7.999999797903001e-05
-1.1607998245573177e-05,7.999999797903001e-05
-1.1603998245242216e-05,3.9999998989515007e-05
-1.1599998244911254e-05,3.9999998989515007e-05
-1.1595998244580293e-05,7.999999797903001e-05
-1.1591998244249331e-05,3.9999998989515007e-05
-1.158799824391837e-05,7.999999797903001e-05
-1.1583998243587408e-05,7.999999797903001e-05
-1.1579998243256447e-05,7.999999797903001e-05
-1.1575998242925485e-05,7.999999797903001e-05
-1.1571998242594524e-05,7.999999797903001e-05
-1.1567998242263562e-05,7.999999797903001e-05
-1.15639982419326e-05,7.999999797903001e-05
-1.155999824160164e-05,3.9999998989515007e-05
-1.1555998241270678e-05,7.999999797903001e-05
-1.1551998240939716e-05,3.9999998989515007e-05
-1.1547998240608755e-05,7.999999797903001e-05
-1.1543998240277793e-05,7.999999797903001e-05
-1.1539998239946832e-05,7.999999797903001e-05
-1.153599823961587e-05,7.999999797903001e-05
-1.1531998239284909e-05,7.999999797903001e-05
-1.1527998238953947e-05,3.9999998989515007e-05
-1.1523998238622986e-05,7.999999797903001e-05
-1.1519998238292024e-05,3.9999998989515007e-05
-1.1515998237961063e-05,7.999999797903001e-05
-1.1511998237630101e-05,3.9999998989515007e-05
-1.150799823729914e-05,7.999999797903001e-05
-1.1503998236968178e-05,7.999999797903001e-05
-1.1499998236637217e-05,7.999999797903001e-05
-1.1495998236306255e-05,7.999999797903001e-05
-1.1491998235975294e-05,7.999999797903001e-05
-1.1487998235644332e-05,7.999999797903001e-05
-1.1483998235313371e-05,3.9999998989515007e-05
-1.147999823498241e-05,3.9999998989515007e-05
-1.1475998234651448e-05,7.999999797903001e-05
-1.1471998234320487e-05,3.9999998989515007e-05
-1.1467998233989525e-05,7.999999797903001e-05
-1.1463998233658564e-05,7.999999797903001e-05
-1.1459998233327602e-05,7.999999797903001e-05
-1.145599823299664e-05,7.999999797903001e-05
-1.1451998232665679e-05,7.999999797903001e-05
-1.1447998232334718e-05,3.9999998989515007e-05
-1.1443998232003756e-05,7.999999797903001e-05
-1.1439998231672795e-05,3.9999998989515007e-05
-1.1435998231341833e-05,3.9999998989515007e-05
-1.1431998231010872e-05,3.9999998989515007e-05
-1.142799823067991e-05,7.999999797903001e-05
-1.1423998230348949e-05,7.999999797903001e-05
-1.1419998230017987e-05,7.999999797903001e-05
-1.1415998229687026e-05,7.999999797903001e-05
-1.1411998229356064e-05,7.999999797903001e-05
-1.1407998229025103e-05,7.999999797903001e-05
-1.1403998228694141e-05,7.999999797903001e-05
-1.139999822836318e-05,3.9999998989515007e-05
-1.1395998228032218e-05,7.999999797903001e-05
-1.1391998227701257e-05,3.9999998989515007e-05
-1.1387998227370295e-05,7.999999797903001e-05
-1.1383998227039334e-05,7.999999797903001e-05
-1.1379998226708372e-05,7.999999797903001e-05
-1.1375998226377411e-05,7.999999797903001e-05
-1.137199822604645e-05,7.999999797903001e-05
-1.1367998225715488e-05,3.9999998989515007e-05
-1.1363998225384526e-05,7.999999797903001e-05
-1.1359998225053565e-05,3.9999998989515007e-05
-1.1355998224722603e-05,7.999999797903001e-05
-1.1351998224391642e-05,7.999999797903001e-05
-1.134799822406068e-05,7.999999797903001e-05
-1.1343998223729719e-05,7.999999797903001e-05
-1.1339998223398758e-05,7.999999797903001e-05
-1.1335998223067796e-05,7.999999797903001e-05
-1.1331998222736835e-05,3.9999998989515007e-05
-1.1327998222405873e-05,3.9999998989515007e-05
-1.1323998222074912e-05,7.999999797903001e-05
-1.131999822174395e-05,3.9999998989515007e-05
-1.1315998221412989e-05,3.9999998989515007e-05
-1.1311998221082027e-05,3.9999998989515007e-05
-1.1307998220751066e-05,7.999999797903001e-05
-1.1303998220420104e-05,7.999999797903001e-05
-1.1299998220089143e-05,7.999999797903001e-05
-1.1295998219758181e-05,7.999999797903001e-05
-1.129199821942722e-05,7.999999797903001e-05
-1.1287998219096258e-05,3.9999998989515007e-05
-1.1283998218765297e-05,7.999999797903001e-05
-1.1279998218434335e-05,3.9999998989515007e-05
-1.1275998218103374e-05,7.999999797903001e-05
-1.1271998217772412e-05,3.9999998989515007e-05
-1.1267998217441451e-05,7.999999797903001e-05
-1.126399821711049e-05,7.999999797903001e-05
-1.1259998216779528e-05,7.999999797903001e-05
-1.1255998216448566e-05,7.999999797903001e-05
-1.1251998216117605e-05,7.999999797903001e-05
-1.1247998215786643e-05,3.9999998989515007e-05
-1.1243998215455682e-05,7.999999797903001e-05
-1.123999821512472e-05,3.9999998989515007e-05
-1.1235998214793759e-05,7.999999797903001e-05
-1.1231998214462797e-05,7.999999797903001e-05
-1.1227998214131836e-05,7.999999797903001e-05
-1.1223998213800875e-05,7.999999797903001e-05
-1.1219998213469913e-05,7.999999797903001e-05
-1.1215998213138952e-05,3.9999998989515007e-05
-1.121199821280799e-05,7.999999797903001e-05
-1.1207998212477029e-05,7.999999797903001e-05
-1.1203998212146067e-05,3.9999998989515007e-05
-1.1199998211815106e-05,3.9999998989515007e-05
-1.1195998211484144e-05,3.9999998989515007e-05
-1.1191998211153183e-05,3.9999998989515007e-05
-1.1187998210822221e-05,7.999999797903001e-05
-1.118399821049126e-05,7.999999797903001e-05
-1.1179998210160298e-05,7.999999797903001e-05
-1.1175998209829337e-05,7.999999797903001e-05
-1.1171998209498375e-05,7.999999797903001e-05
-1.1167998209167414e-05,7.999999797903001e-05
-1.1163998208836452e-05,7.999999797903001e-05
-1.115999820850549e-05,7.999999797903001e-05
-1.115599820817453e-05,3.9999998989515007e-05
-1.1151998207843568e-05,3.9999998989515007e-05
-1.1147998207512606e-05,7.999999797903001e-05
-1.1143998207181645e-05,3.9999998989515007e-05
-1.1139998206850683e-05,7.999999797903001e-05
-1.1135998206519722e-05,7.999999797903001e-05
-1.113199820618876e-05,7.999999797903001e-05
-1.1127998205857799e-05,7.999999797903001e-05
-1.1123998205526837e-05,7.999999797903001e-05
-1.1119998205195876e-05,7.999999797903001e-05
-1.1115998204864914e-05,7.999999797903001e-05
-1.1111998204533953e-05,3.9999998989515007e-05
-1.1107998204202991e-05,7.999999797903001e-05
-1.110399820387203e-05,3.9999998989515007e-05
-1.1099998203541069e-05,7.999999797903001e-05
-1.1095998203210107e-05,7.999999797903001e-05
-1.1091998202879146e-05,7.999999797903001e-05
-1.1087998202548184e-05,3.9999998989515007e-05
-1.1083998202217223e-05,3.9999998989515007e-05
-1.1079998201886261e-05,3.9999998989515007e-05
-1.10759982015553e-05,7.999999797903001e-05
-1.1071998201224338e-05,3.9999998989515007e-05
-1.1067998200893377e-05,7.999999797903001e-05
-1.1063998200562415e-05,7.999999797903001e-05
-1.1059998200231454e-05,7.999999797903001e-05
-1.1055998199900492e-05,7.999999797903001e-05
-1.105199819956953e-05,7.999999797903001e-05
-1.104799819923857e-05,7.999999797903001e-05
-1.1043998198907608e-05,7.999999797903001e-05
-1.1039998198576646e-05,3.9999998989515007e-05
-1.1035998198245685e-05,3.9999998989515007e-05
-1.1031998197914723e-05,3.9999998989515007e-05
-1.1027998197583762e-05,7.999999797903001e-05
-1.10239981972528e-05,7.999999797903001e-05
-1.1019998196921839e-05,7.999999797903001e-05
-1.1015998196590877e-05,7.999999797903001e-05
-1.1011998196259916e-05,7.999999797903001e-05
-1.1007998195928954e-05,7.999999797903001e-05
-1.1003998195597993e-05,7.999999797903001e-05
-1.0999998195267031e-05,7.999999797903001e-05
-1.099599819493607e-05,7.999999797903001e-05
-1.0991998194605108e-05,3.9999998989515007e-05
-1.0987998194274147e-05,3.9999998989515007e-05
-1.0983998193943185e-05,3.9999998989515007e-05
-1.0979998193612224e-05,7.999999797903001e-05
-1.0975998193281263e-05,7.999999797903001e-05
-1.0971998192950301e-05,7.999999797903001e-05
-1.096799819261934e-05,7.999999797903001e-05
-1.0963998192288378e-05,7.999999797903001e-05
-1.0959998191957417e-05,3.9999998989515007e-05
-1.0955998191626455e-05,3.9999998989515007e-05
-1.0951998191295494e-05,3.9999998989515007e-05
-1.0947998190964532e-05,7.999999797903001e-05
-1.094399819063357e-05,7.999999797903001e-05
-1.093999819030261e-05,7.999999797903001e-05
-1.0935998189971648e-05,7.999999797903001e-05
-1.0931998189640686e-05,7.999999797903001e-05
-1.0927998189309725e-05,7.999999797903001e-05
-1.0923998188978763e-05,7.999999797903001e-05
-1.0919998188647802e-05,7.999999797903001e-05
-1.091599818831684e-05,7.999999797903001e-05
-1.0911998187985879e-05,3.9999998989515007e-05
-1.0907998187654917e-05,3.9999998989515007e-05
-1.0903998187323956e-05,3.9999998989515007e-05
-1.0899998186992994e-05,7.999999797903001e-05
-1.0895998186662033e-05,7.999999797903001e-05
-1.0891998186331071e-05,7.999999797903001e-05
-1.088799818600011e-05,3.9999998989515007e-05
-1.0883998185669148e-05,7.999999797903001e-05
-1.0879998185338187e-05,3.9999998989515007e-05
-1.0875998185007225e-05,7.999999797903001e-05
-1.0871998184676264e-05,7.999999797903001e-05
-1.0867998184345302e-05,7.999999797903001e-05
-1.0863998184014341e-05,3.9999998989515007e-05
-1.085999818368338e-05,7.999999797903001e-05
-1.0855998183352418e-05,7.999999797903001e-05
-1.0851998183021457e-05,7.999999797903001e-05
-1.0847998182690495e-05,7.999999797903001e-05
-1.0843998182359534e-05,7.999999797903001e-05
-1.0839998182028572e-05,7.999999797903001e-05
-1.083599818169761e-05,7.999999797903001e-05
-1.0831998181366649e-05,3.9999998989515007e-05
-1.0827998181035688e-05,7.999999797903001e-05
-1.0823998180704726e-05,3.9999998989515007e-05
-1.0819998180373765e-05,7.999999797903001e-05
-1.0815998180042803e-05,7.999999797903001e-05
-1.0811998179711842e-05,7.999999797903001e-05
-1.080799817938088e-05,7.999999797903001e-05
-1.0803998179049919e-05,7.999999797903001e-05
-1.0799998178718957e-05,3.9999998989515007e-05
-1.0795998178387996e-05,7.999999797903001e-05
-1.0791998178057034e-05,7.999999797903001e-05
-1.0787998177726073e-05,7.999999797903001e-05
-1.0783998177395111e-05,7.999999797903001e-05
-1.077999817706415e-05,7.999999797903001e-05
-1.0775998176733188e-05,3.9999998989515007e-05
-1.0771998176402227e-05,7.999999797903001e-05
-1.0767998176071265e-05,3.9999998989515007e-05
-1.0763998175740304e-05,7.999999797903001e-05
-1.0759998175409342e-05,3.9999998989515007e-05
-1.0755998175078381e-05,7.999999797903001e-05
-1.075199817474742e-05,7.999999797903001e-05
-1.0747998174416458e-05,7.999999797903001e-05
-1.0743998174085496e-05,7.999999797903001e-05
-1.0739998173754535e-05,7.999999797903001e-05
-1.0735998173423573e-05,7.999999797903001e-05
-1.0731998173092612e-05,7.999999797903001e-05
-1.072799817276165e-05,7.999999797903001e-05
-1.0723998172430689e-05,7.999999797903001e-05
-1.0719998172099728e-05,7.999999797903001e-05
-1.0715998171768766e-05,3.9999998989515007e-05
-1.0711998171437805e-05,3.9999998989515007e-05
-1.0707998171106843e-05,7.999999797903001e-05
-1.0703998170775882e-05,3.9999998989515007e-05
-1.069999817044492e-05,7.999999797903001e-05
-1.0695998170113959e-05,3.9999998989515007e-05
-1.0691998169782997e-05,7.999999797903001e-05
-1.0687998169452036e-05,7.999999797903001e-05
-1.0683998169121074e-05,7.999999797903001e-05
-1.0679998168790113e-05,7.999999797903001e-05
-1.0675998168459151e-05,0.00011999999696854502
-1.067199816812819e-05,7.999999797903001e-05
-1.0667998167797228e-05,7.999999797903001e-05
-1.0663998167466267e-05,7.999999797903001e-05
-1.0659998167135305e-05,3.9999998989515007e-05
-1.0655998166804344e-05,3.9999998989515007e-05
-1.0651998166473382e-05,7.999999797903001e-05
-1.064799816614242e-05,3.9999998989515007e-05
-1.064399816581146e-05,7.999999797903001e-05
-1.0639998165480498e-05,3.9999998989515007e-05
-1.0635998165149536e-05,7.999999797903001e-05
-1.0631998164818575e-05,3.9999998989515007e-05
-1.0627998164487613e-05,7.999999797903001e-05
-1.0623998164156652e-05,7.999999797903001e-05
-1.061999816382569e-05,7.999999797903001e-05
-1.0615998163494729e-05,7.999999797903001e-05
-1.0611998163163767e-05,7.999999797903001e-05
-1.0607998162832806e-05,7.999999797903001e-05
-1.0603998162501845e-05,7.999999797903001e-05
-1.0599998162170883e-05,7.999999797903001e-05
-1.0595998161839922e-05,7.999999797903001e-05
-1.059199816150896e-05,3.9999998989515007e-05
-1.0587998161177999e-05,3.9999998989515007e-05
-1.0583998160847037e-05,3.9999998989515007e-05
-1.0579998160516076e-05,3.9999998989515007e-05
-1.0575998160185114e-05,3.9999998989515007e-05
-1.0571998159854153e-05,7.999999797903001e-05
-1.0567998159523191e-05,7.999999797903001e-05
-1.056399815919223e-05,7.999999797903001e-05
-1.0559998158861268e-05,7.999999797903001e-05
-1.0555998158530307e-05,7.999999797903001e-05
-1.0551998158199345e-05,7.999999797903001e-05
-1.0547998157868384e-05,7.999999797903001e-05
-1.0543998157537422e-05,7.999999797903001e-05
-1.053999815720646e-05,7.999999797903001e-05
-1.05359981568755e-05,3.9999998989515007e-05
-1.0531998156544538e-05,7.999999797903001e-05
-1.0527998156213576e-05,3.9999998989515007e-05
-1.0523998155882615e-05,7.999999797903001e-05
-1.0519998155551653e-05,7.999999797903001e-05
-1.0515998155220692e-05,3.9999998989515007e-05
-1.051199815488973e-05,3.9999998989515007e-05
-1.0507998154558769e-05,7.999999797903001e-05
-1.0503998154227807e-05,3.9999998989515007e-05
-1.0499998153896846e-05,3.9999998989515007e-05
-1.0495998153565884e-05,7.999999797903001e-05
-1.0491998153234923e-05,7.999999797903001e-05
-1.0487998152903961e-05,7.999999797903001e-05
-1.0483998152573e-05,7.999999797903001e-05
-1.0479998152242039e-05,7.999999797903001e-05
-1.0475998151911077e-05,7.999999797903001e-05
-1.0471998151580116e-05,3.9999998989515007e-05
-1.0467998151249154e-05,7.999999797903001e-05
-1.0463998150918193e-05,3.9999998989515007e-05
-1.0459998150587231e-05,3.9999998989515007e-05
-1.045599815025627e-05,3.9999998989515007e-05
-1.0451998149925308e-05,7.999999797903001e-05
-1.0447998149594347e-05,7.999999797903001e-05
-1.0443998149263385e-05,7.999999797903001e-05
-1.0439998148932424e-05,7.999999797903001e-05
-1.0435998148601462e-05,7.999999797903001e-05
-1.04319981482705e-05,7.999999797903001e-05
-1.042799814793954e-05,7.999999797903001e-05
-1.0423998147608578e-05,3.9999998989515007e-05
-1.0419998147277616e-05,3.9999998989515007e-05
-1.0415998146946655e-05,3.9999998989515007e-05
-1.0411998146615693e-05,7.999999797903001e-05
-1.0407998146284732e-05,3.9999998989515007e-05
-1.040399814595377e-05,3.9999998989515007e-05
-1.0399998145622809e-05,3.9999998989515007e-05
-1.0395998145291847e-05,7.999999797903001e-05
-1.0391998144960886e-05,7.999999797903001e-05
-1.0387998144629924e-05,7.999999797903001e-05
-1.0383998144298963e-05,7.999999797903001e-05
-1.0379998143968001e-05,7.999999797903001e-05
-1.037599814363704e-05,3.9999998989515007e-05
-1.0371998143306078e-05,7.999999797903001e-05
-1.0367998142975117e-05,3.9999998989515007e-05
-1.0363998142644155e-05,7.999999797903001e-05
-1.0359998142313194e-05,7.999999797903001e-05
-1.0355998141982232e-05,7.999999797903001e-05
-1.0351998141651271e-05,7.999999797903001e-05
-1.034799814132031e-05,7.999999797903001e-05
-1.0343998140989348e-05,3.9999998989515007e-05
-1.0339998140658387e-05,7.999999797903001e-05
-1.0335998140327425e-05,7.999999797903001e-05
-1.0331998139996464e-05,7.999999797903001e-05
-1.0327998139665502e-05,3.9999998989515007e-05
-1.032399813933454e-05,7.999999797903001e-05
-1.0319998139003579e-05,7.999999797903001e-05
-1.0315998138672618e-05,7.999999797903001e-05
-1.0311998138341656e-05,3.9999998989515007e-05
-1.0307998138010695e-05,7.999999797903001e-05
-1.0303998137679733e-05,3.9999998989515007e-05
-1.0299998137348772e-05,7.999999797903001e-05
-1.029599813701781e-05,3.9999998989515007e-05
-1.0291998136686849e-05,7.999999797903001e-05
-1.0287998136355887e-05,3.9999998989515007e-05
-1.0283998136024926e-05,7.999999797903001e-05
-1.0279998135693964e-05,7.999999797903001e-05
-1.0275998135363003e-05,7.999999797903001e-05
-1.0271998135032041e-05,7.999999797903001e-05
-1.026799813470108e-05,7.999999797903001e-05
-1.0263998134370118e-05,3.9999998989515007e-05
-1.0259998134039157e-05,7.999999797903001e-05
-1.0255998133708195e-05,3.9999998989515007e-05
-1.0251998133377234e-05,7.999999797903001e-05
-1.0247998133046272e-05,7.999999797903001e-05
-1.0243998132715311e-05,7.999999797903001e-05
-1.023999813238435e-05,7.999999797903001e-05
-1.0235998132053388e-05,7.999999797903001e-05
-1.0231998131722426e-05,3.9999998989515007e-05
-1.0227998131391465e-05,7.999999797903001e-05
-1.0223998131060504e-05,3.9999998989515007e-05
-1.0219998130729542e-05,7.999999797903001e-05
-1.021599813039858e-05,3.9999998989515007e-05
-1.0211998130067619e-05,7.999999797903001e-05
-1.0207998129736658e-05,7.999999797903001e-05
-1.0203998129405696e-05,7.999999797903001e-05
-1.0199998129074735e-05,7.999999797903001e-05
-1.0195998128743773e-05,7.999999797903001e-05
-1.0191998128412812e-05,7.999999797903001e-05
-1.018799812808185e-05,7.999999797903001e-05
-1.0183998127750889e-05,3.9999998989515007e-05
-1.0179998127419927e-05,7.999999797903001e-05
-1.0175998127088966e-05,3.9999998989515007e-05
-1.0171998126758004e-05,3.9999998989515007e-05
-1.0167998126427043e-05,3.9999998989515007e-05
-1.0163998126096081e-05,7.999999797903001e-05
-1.015999812576512e-05,3.9999998989515007e-05
-1.0155998125434158e-05,7.999999797903001e-05
-1.0151998125103197e-05,3.9999998989515007e-05
-1.0147998124772235e-05,7.999999797903001e-05
-1.0143998124441274e-05,3.9999998989515007e-05
-1.0139998124110312e-05,7.999999797903001e-05
-1.0135998123779351e-05,3.9999998989515007e-05
-1.013199812344839e-05,7.999999797903001e-05
-1.0127998123117428e-05,3.9999998989515007e-05
-1.0123998122786466e-05,7.999999797903001e-05
-1.0119998122455505e-05,7.999999797903001e-05
-1.0115998122124543e-05,7.999999797903001e-05
-1.0111998121793582e-05,7.999999797903001e-05
-1.010799812146262e-05,7.999999797903001e-05
-1.0103998121131659e-05,3.9999998989515007e-05
-1.0099998120800698e-05,3.9999998989515007e-05
-1.0095998120469736e-05,3.9999998989515007e-05
-1.0091998120138775e-05,7.999999797903001e-05
-1.0087998119807813e-05,3.9999998989515007e-05
-1.0083998119476852e-05,7.999999797903001e-05
-1.007999811914589e-05,7.999999797903001e-05
-1.0075998118814929e-05,7.999999797903001e-05
-1.0071998118483967e-05,7.999999797903001e-05
-1.0067998118153006e-05,7.999999797903001e-05
-1.0063998117822044e-05,7.999999797903001e-05
-1.0059998117491083e-05,7.999999797903001e-05
-1.0055998117160121e-05,3.9999998989515007e-05
-1.005199811682916e-05,7.999999797903001e-05
-1.0047998116498198e-05,3.9999998989515007e-05
-1.0043998116167237e-05,7.999999797903001e-05
-1.0039998115836275e-05,7.999999797903001e-05
-1.0035998115505314e-05,7.999999797903001e-05
-1.0031998115174352e-05,7.999999797903001e-05
-1.002799811484339e-05,7.999999797903001e-05
-1.002399811451243e-05,7.999999797903001e-05
-1.0019998114181468e-05,3.9999998989515007e-05
-1.0015998113850506e-05,3.9999998989515007e-05
-1.0011998113519545e-05,3.9999998989515007e-05
-1.0007998113188583e-05,3.9999998989515007e-05
-1.0003998112857622e-05,7.999999797903001e-05
-9.99999811252666e-06,7.999999797903001e-05
-9.995998112195699e-06,7.999999797903001e-05
-9.991998111864737e-06,7.999999797903001e-05
-9.987998111533776e-06,7.999999797903001e-05
-9.983998111202814e-06,3.9999998989515007e-05
-9.979998110871853e-06,7.999999797903001e-05
-9.975998110540892e-06,3.9999998989515007e-05
-9.97199811020993e-06,7.999999797903001e-05
-9.967998109878969e-06,7.999999797903001e-05
-9.963998109548007e-06,7.999999797903001e-05
-9.959998109217046e-06,7.999999797903001e-05
-9.955998108886084e-06,7.999999797903001e-05
-9.951998108555123e-06,7.999999797903001e-05
-9.947998108224161e-06,7.999999797903001e-05
-9.9439981078932e-06,3.9999998989515007e-05
-9.939998107562238e-06,7.999999797903001e-05
-9.935998107231277e-06,3.9999998989515007e-05
-9.931998106900315e-06,7.999999797903001e-05
-9.927998106569354e-06,3.9999998989515007e-05
-9.923998106238392e-06,7.999999797903001e-05
-9.91999810590743e-06,7.999999797903001e-05
-9.91599810557647e-06,7.999999797903001e-05
-9.911998105245508e-06,7.999999797903001e-05
-9.907998104914546e-06,7.999999797903001e-05
-9.903998104583585e-06,3.9999998989515007e-05
-9.899998104252623e-06,7.999999797903001e-05
-9.895998103921662e-06,3.9999998989515007e-05
-9.8919981035907e-06,7.999999797903001e-05
-9.887998103259739e-06,3.9999998989515007e-05
-9.883998102928777e-06,7.999999797903001e-05
-9.879998102597816e-06,7.999999797903001e-05
-9.875998102266854e-06,7.999999797903001e-05
-9.871998101935893e-06,7.999999797903001e-05
-9.867998101604931e-06,7.999999797903001e-05
-9.86399810127397e-06,3.9999998989515007e-05
-9.859998100943008e-06,3.9999998989515007e-05
-9.855998100612047e-06,3.9999998989515007e-05
-9.851998100281086e-06,7.999999797903001e-05
-9.847998099950124e-06,7.999999797903001e-05
-9.843998099619163e-06,7.999999797903001e-05
-9.839998099288201e-06,7.999999797903001e-05
-9.83599809895724e-06,7.999999797903001e-05
-9.831998098626278e-06,7.999999797903001e-05
-9.827998098295317e-06,7.999999797903001e-05
-9.823998097964355e-06,7.999999797903001e-05
-9.819998097633394e-06,7.999999797903001e-05
-9.815998097302432e-06,3.9999998989515007e-05
-9.81199809697147e-06,3.9999998989515007e-05
-9.80799809664051e-06,3.9999998989515007e-05
-9.803998096309548e-06,7.999999797903001e-05
-9.799998095978586e-06,7.999999797903001e-05
-9.795998095647625e-06,7.999999797903001e-05
-9.791998095316663e-06,7.999999797903001e-05
-9.787998094985702e-06,7.999999797903001e-05
-9.78399809465474e-06,7.999999797903001e-05
-9.779998094323779e-06,7.999999797903001e-05
-9.775998093992817e-06,7.999999797903001e-05
-9.771998093661856e-06,7.999999797903001e-05
-9.767998093330894e-06,3.9999998989515007e-05
-9.763998092999933e-06,7.999999797903001e-05
-9.759998092668971e-06,3.9999998989515007e-05
-9.75599809233801e-06,7.999999797903001e-05
-9.751998092007048e-06,3.9999998989515007e-05
-9.747998091676087e-06,7.999999797903001e-05
-9.743998091345125e-06,7.999999797903001e-05
-9.739998091014164e-06,7.999999797903001e-05
-9.735998090683202e-06,7.999999797903001e-05
-9.731998090352241e-06,7.999999797903001e-05
-9.72799809002128e-06,7.999999797903001e-05
-9.723998089690318e-06,7.999999797903001e-05
-9.719998089359357e-06,7.999999797903001e-05
-9.715998089028395e-06,7.999999797903001e-05
-9.711998088697434e-06,3.9999998989515007e-05
-9.707998088366472e-06,7.999999797903001e-05
-9.70399808803551e-06,3.9999998989515007e-05
-9.699998087704549e-06,3.9999998989515007e-05
-9.695998087373588e-06,3.9999998989515007e-05
-9.691998087042626e-06,3.9999998989515007e-05
-9.687998086711665e-06,3.9999998989515007e-05
-9.683998086380703e-06,7.999999797903001e-05
-9.679998086049742e-06,7.999999797903001e-05
-9.67599808571878e-06,0.00011999999696854502
-9.671998085387819e-06,0.00011999999696854502
-9.667998085056857e-06,0.00011999999696854502
-9.663998084725896e-06,7.999999797903001e-05
-9.659998084394934e-06,7.999999797903001e-05
-9.655998084063973e-06,3.9999998989515007e-05
-9.651998083733011e-06,3.9999998989515007e-05
-9.64799808340205e-06,3.9999998989515007e-05
-9.643998083071088e-06,7.999999797903001e-05
-9.639998082740127e-06,3.9999998989515007e-05
-9.635998082409165e-06,7.999999797903001e-05
-9.631998082078204e-06,3.9999998989515007e-05
-9.627998081747242e-06,7.999999797903001e-05
-9.623998081416281e-06,7.999999797903001e-05
-9.61999808108532e-06,7.999999797903001e-05
-9.615998080754358e-06,7.999999797903001e-05
-9.611998080423396e-06,7.999999797903001e-05
-9.607998080092435e-06,7.999999797903001e-05
-9.603998079761474e-06,7.999999797903001e-05
-9.599998079430512e-06,7.999999797903001e-05
-9.59599807909955e-06,7.999999797903001e-05
-9.591998078768589e-06,7.999999797903001e-05
-9.587998078437628e-06,7.999999797903001e-05
-9.583998078106666e-06,3.9999998989515007e-05
-9.579998077775705e-06,3.9999998989515007e-05
-9.575998077444743e-06,3.9999998989515007e-05
-9.571998077113782e-06,3.9999998989515007e-05
-9.56799807678282e-06,3.9999998989515007e-05
-9.563998076451859e-06,7.999999797903001e-05
-9.559998076120897e-06,7.999999797903001e-05
-9.555998075789936e-06,7.999999797903001e-05
-9.551998075458974e-06,7.999999797903001e-05
-9.547998075128013e-06,0.00011999999696854502
-9.543998074797051e-06,7.999999797903001e-05
-9.53999807446609e-06,0.00011999999696854502
-9.535998074135128e-06,7.999999797903001e-05
-9.531998073804167e-06,7.999999797903001e-05
-9.527998073473205e-06,3.9999998989515007e-05
-9.523998073142244e-06,3.9999998989515007e-05
-9.519998072811282e-06,3.9999998989515007e-05
-9.515998072480321e-06,3.9999998989515007e-05
-9.51199807214936e-06,3.9999998989515007e-05
-9.507998071818398e-06,7.999999797903001e-05
-9.503998071487436e-06,7.999999797903001e-05
-9.499998071156475e-06,7.999999797903001e-05
-9.495998070825513e-06,7.999999797903001e-05
-9.491998070494552e-06,7.999999797903001e-05
-9.48799807016359e-06,7.999999797903001e-05
-9.483998069832629e-06,7.999999797903001e-05
-9.479998069501668e-06,7.999999797903001e-05
-9.475998069170706e-06,7.999999797903001e-05
-9.471998068839745e-06,7.999999797903001e-05
-9.467998068508783e-06,7.999999797903001e-05
-9.463998068177822e-06,3.9999998989515007e-05
-9.45999806784686e-06,7.999999797903001e-05
-9.455998067515899e-06,3.9999998989515007e-05
-9.451998067184937e-06,7.999999797903001e-05
-9.447998066853976e-06,3.9999998989515007e-05
-9.443998066523014e-06,3.9999998989515007e-05
-9.439998066192053e-06,3.9999998989515007e-05
-9.435998065861091e-06,7.999999797903001e-05
-9.43199806553013e-06,7.999999797903001e-05
-9.427998065199168e-06,7.999999797903001e-05
-9.423998064868207e-06,7.999999797903001e-05
-9.419998064537245e-06,7.999999797903001e-05
-9.415998064206284e-06,7.999999797903001e-05
-9.411998063875322e-06,7.999999797903001e-05
-9.40799806354436e-06,3.9999998989515007e-05
-9.4039980632134e-06,7.999999797903001e-05
-9.399998062882438e-06,7.999999797903001e-05
-9.395998062551476e-06,7.999999797903001e-05
-9.391998062220515e-06,3.9999998989515007e-05
-9.387998061889553e-06,7.999999797903001e-05
-9.383998061558592e-06,3.9999998989515007e-05
-9.37999806122763e-06,3.9999998989515007e-05
-9.375998060896669e-06,3.9999998989515007e-05
-9.371998060565707e-06,3.9999998989515007e-05
-9.367998060234746e-06,3.9999998989515007e-05
-9.363998059903784e-06,7.999999797903001e-05
-9.359998059572823e-06,7.999999797903001e-05
-9.355998059241861e-06,7.999999797903001e-05
-9.3519980589109e-06,7.999999797903001e-05
-9.347998058579939e-06,7.999999797903001e-05
-9.343998058248977e-06,7.999999797903001e-05
-9.339998057918016e-06,7.999999797903001e-05
-9.335998057587054e-06,7.999999797903001e-05
-9.331998057256093e-06,7.999999797903001e-05
-9.327998056925131e-06,3.9999998989515007e-05
-9.32399805659417e-06,3.9999998989515007e-05
-9.319998056263208e-06,3.9999998989515007e-05
-9.315998055932247e-06,3.9999998989515007e-05
-9.311998055601285e-06,3.9999998989515007e-05
-9.307998055270324e-06,7.999999797903001e-05
-9.303998054939362e-06,3.9999998989515007e-05
-9.2999980546084e-06,7.999999797903001e-05
-9.29599805427744e-06,7.999999797903001e-05
-9.291998053946478e-06,7.999999797903001e-05
-9.287998053615516e-06,7.999999797903001e-05
-9.283998053284555e-06,7.999999797903001e-05
-9.279998052953593e-06,7.999999797903001e-05
-9.275998052622632e-06,7.999999797903001e-05
-9.27199805229167e-06,7.999999797903001e-05
-9.267998051960709e-06,7.999999797903001e-05
-9.263998051629747e-06,3.9999998989515007e-05
-9.259998051298786e-06,3.9999998989515007e-05
-9.255998050967824e-06,3.9999998989515007e-05
-9.251998050636863e-06,3.9999998989515007e-05
-9.247998050305901e-06,3.9999998989515007e-05
-9.24399804997494e-06,3.9999998989515007e-05
-9.239998049643978e-06,7.999999797903001e-05
-9.235998049313017e-06,7.999999797903001e-05
-9.231998048982055e-06,7.999999797903001e-05
-9.227998048651094e-06,0.00011999999696854502
-9.223998048320133e-06,7.999999797903001e-05
-9.219998047989171e-06,0.00011999999696854502
-9.21599804765821e-06,7.999999797903001e-05
-9.211998047327248e-06,7.999999797903001e-05
-9.207998046996287e-06,3.9999998989515007e-05
-9.203998046665325e-06,3.9999998989515007e-05
-9.199998046334364e-06,3.9999998989515007e-05
-9.195998046003402e-06,3.9999998989515007e-05
-9.19199804567244e-06,3.9999998989515007e-05
-9.18799804534148e-06,3.9999998989515007e-05
-9.183998045010518e-06,3.9999998989515007e-05
-9.179998044679556e-06,7.999999797903001e-05
-9.175998044348595e-06,7.999999797903001e-05
-9.171998044017633e-06,7.999999797903001e-05
-9.167998043686672e-06,7.999999797903001e-05
-9.16399804335571e-06,7.999999797903001e-05
-9.159998043024749e-06,7.999999797903001e-05
-9.155998042693787e-06,7.999999797903001e-05
-9.151998042362826e-06,3.9999998989515007e-05
-9.147998042031864e-06,7.999999797903001e-05
-9.143998041700903e-06,3.9999998989515007e-05
-9.139998041369941e-06,3.9999998989515007e-05
-9.13599804103898e-06,3.9999998989515007e-05
-9.131998040708018e-06,3.9999998989515007e-05
-9.127998040377057e-06,3.9999998989515007e-05
-9.123998040046095e-06,7.999999797903001e-05
-9.119998039715134e-06,3.9999998989515007e-05
-9.115998039384172e-06,7.999999797903001e-05
-9.111998039053211e-06,7.999999797903001e-05
-9.10799803872225e-06,7.999999797903001e-05
-9.103998038391288e-06,7.999999797903001e-05
-9.099998038060327e-06,7.999999797903001e-05
-9.095998037729365e-06,7.999999797903001e-05
-9.091998037398404e-06,7.999999797903001e-05
-9.087998037067442e-06,3.9999998989515007e-05
-9.08399803673648e-06,3.9999998989515007e-05
-9.079998036405519e-06,3.9999998989515007e-05
-9.075998036074558e-06,3.9999998989515007e-05
-9.071998035743596e-06,3.9999998989515007e-05
-9.067998035412635e-06,3.9999998989515007e-05
-9.063998035081673e-06,7.999999797903001e-05
-9.059998034750712e-06,7.999999797903001e-05
-9.05599803441975e-06,7.999999797903001e-05
-9.051998034088789e-06,7.999999797903001e-05
-9.047998033757827e-06,7.999999797903001e-05
-9.043998033426866e-06,7.999999797903001e-05
-9.039998033095904e-06,7.999999797903001e-05
-9.035998032764943e-06,7.999999797903001e-05
-9.031998032433981e-06,3.9999998989515007e-05
-9.02799803210302e-06,7.999999797903001e-05
-9.023998031772058e-06,7.999999797903001e-05
-9.019998031441097e-06,7.999999797903001e-05
-9.015998031110135e-06,3.9999998989515007e-05
-9.011998030779174e-06,3.9999998989515007e-05
-9.007998030448212e-06,3.9999998989515007e-05
-9.003998030117251e-06,3.9999998989515007e-05
-8.99999802978629e-06,7.999999797903001e-05
-8.995998029455328e-06,7.999999797903001e-05
-8.991998029124366e-06,3.9999998989515007e-05
-8.987998028793405e-06,7.999999797903001e-05
-8.983998028462443e-06,7.999999797903001e-05
-8.979998028131482e-06,7.999999797903001e-05
-8.97599802780052e-06,7.999999797903001e-05
-8.971998027469559e-06,7.999999797903001e-05
-8.967998027138598e-06,7.999999797903001e-05
-8.963998026807636e-06,7.999999797903001e-05
-8.959998026476675e-06,3.9999998989515007e-05
-8.955998026145713e-06,7.999999797903001e-05
-8.951998025814752e-06,3.9999998989515007e-05
-8.94799802548379e-06,7.999999797903001e-05
-8.943998025152829e-06,7.999999797903001e-05
-8.939998024821867e-06,7.999999797903001e-05
-8.935998024490906e-06,3.9999998989515007e-05
-8.931998024159944e-06,7.999999797903001e-05
-8.927998023828983e-06,3.9999998989515007e-05
-8.923998023498021e-06,7.999999797903001e-05
-8.91999802316706e-06,7.999999797903001e-05
-8.915998022836098e-06,7.999999797903001e-05
-8.911998022505137e-06,3.9999998989515007e-05
-8.907998022174175e-06,7.999999797903001e-05
-8.903998021843214e-06,7.999999797903001e-05
-8.899998021512252e-06,7.999999797903001e-05
-8.89599802118129e-06,7.999999797903001e-05
-8.89199802085033e-06,7.999999797903001e-05
-8.887998020519368e-06,7.999999797903001e-05
-8.883998020188406e-06,3.9999998989515007e-05
-8.879998019857445e-06,3.9999998989515007e-05
-8.875998019526483e-06,3.9999998989515007e-05
-8.871998019195522e-06,3.9999998989515007e-05
-8.86799801886456e-06,7.999999797903001e-05
-8.863998018533599e-06,7.999999797903001e-05
-8.859998018202637e-06,7.999999797903001e-05
-8.855998017871676e-06,7.999999797903001e-05
-8.851998017540715e-06,7.999999797903001e-05
-8.847998017209753e-06,7.999999797903001e-05
-8.843998016878792e-06,7.999999797903001e-05
-8.83999801654783e-06,7.999999797903001e-05
-8.835998016216869e-06,7.999999797903001e-05
-8.831998015885907e-06,3.9999998989515007e-05
-8.827998015554946e-06,7.999999797903001e-05
-8.823998015223984e-06,3.9999998989515007e-05
-8.819998014893023e-06,7.999999797903001e-05
-8.815998014562061e-06,7.999999797903001e-05
-8.8119980142311e-06,7.999999797903001e-05
-8.807998013900138e-06,7.999999797903001e-05
-8.803998013569177e-06,7.999999797903001e-05
-8.799998013238215e-06,3.9999998989515007e-05
-8.795998012907254e-06,7.999999797903001e-05
-8.791998012576292e-06,3.9999998989515007e-05
-8.78799801224533e-06,7.999999797903001e-05
-8.78399801191437e-06,3.9999998989515007e-05
-8.779998011583408e-06,7.999999797903001e-05
-8.775998011252446e-06,7.999999797903001e-05
-8.771998010921485e-06,7.999999797903001e-05
-8.767998010590523e-06,3.9999998989515007e-05
-8.763998010259562e-06,7.999999797903001e-05
-8.7599980099286e-06,3.9999998989515007e-05
-8.755998009597639e-06,7.999999797903001e-05
-8.751998009266677e-06,3.9999998989515007e-05
-8.747998008935716e-06,7.999999797903001e-05
-8.743998008604754e-06,7.999999797903001e-05
-8.739998008273793e-06,7.999999797903001e-05
-8.735998007942831e-06,7.999999797903001e-05
-8.73199800761187e-06,7.999999797903001e-05
-8.727998007280909e-06,7.999999797903001e-05
-8.723998006949947e-06,7.999999797903001e-05
-8.719998006618986e-06,7.999999797903001e-05
-8.715998006288024e-06,7.999999797903001e-05
-8.711998005957063e-06,3.9999998989515007e-05
-8.707998005626101e-06,7.999999797903001e-05
-8.70399800529514e-06,3.9999998989515007e-05
-8.699998004964178e-06,7.999999797903001e-05
-8.695998004633217e-06,3.9999998989515007e-05
-8.691998004302255e-06,7.999999797903001e-05
-8.687998003971294e-06,3.9999998989515007e-05
-8.683998003640332e-06,7.999999797903001e-05
-8.67999800330937e-06,3.9999998989515007e-05
-8.67599800297841e-06,7.999999797903001e-05
-8.671998002647448e-06,3.9999998989515007e-05
-8.667998002316486e-06,7.999999797903001e-05
-8.663998001985525e-06,7.999999797903001e-05
-8.659998001654563e-06,7.999999797903001e-05
-8.655998001323602e-06,7.999999797903001e-05
-8.65199800099264e-06,7.999999797903001e-05
-8.647998000661679e-06,3.9999998989515007e-05
-8.643998000330717e-06,7.999999797903001e-05
-8.639997999999756e-06,3.9999998989515007e-05
-8.635997999668794e-06,7.999999797903001e-05
-8.631997999337833e-06,3.9999998989515007e-05
-8.627997999006871e-06,3.9999998989515007e-05
-8.62399799867591e-06,3.9999998989515007e-05
-8.619997998344948e-06,7.999999797903001e-05
-8.615997998013987e-06,7.999999797903001e-05
-8.611997997683025e-06,7.999999797903001e-05
-8.607997997352064e-06,7.999999797903001e-05
-8.603997997021103e-06,7.999999797903001e-05
-8.599997996690141e-06,7.999999797903001e-05
-8.59599799635918e-06,7.999999797903001e-05
-8.591997996028218e-06,7.999999797903001e-05
-8.587997995697257e-06,7.999999797903001e-05
-8.583997995366295e-06,7.999999797903001e-05
-8.579997995035334e-06,7.999999797903001e-05
-8.575997994704372e-06,3.9999998989515007e-05
-8.57199799437341e-06,7.999999797903001e-05
-8.567997994042449e-06,3.9999998989515007e-05
-8.563997993711488e-06,3.9999998989515007e-05
-8.559997993380526e-06,3.9999998989515007e-05
-8.555997993049565e-06,3.9999998989515007e-05
-8.551997992718603e-06,3.9999998989515007e-05
-8.547997992387642e-06,7.999999797903001e-05
-8.54399799205668e-06,7.999999797903001e-05
-8.539997991725719e-06,7.999999797903001e-05
-8.535997991394757e-06,7.999999797903001e-05
-8.531997991063796e-06,7.999999797903001e-05
-8.527997990732834e-06,7.999999797903001e-05
-8.523997990401873e-06,7.999999797903001e-05
-8.519997990070911e-06,3.9999998989515007e-05
-8.51599798973995e-06,3.9999998989515007e-05
-8.511997989408988e-06,3.9999998989515007e-05
-8.507997989078027e-06,3.9999998989515007e-05
-8.503997988747065e-06,3.9999998989515007e-05
-8.499997988416104e-06,7.999999797903001e-05
-8.495997988085142e-06,3.9999998989515007e-05
-8.491997987754181e-06,7.999999797903001e-05
-8.48799798742322e-06,7.999999797903001e-05
-8.483997987092258e-06,7.999999797903001e-05
-8.479997986761297e-06,7.999999797903001e-05
-8.475997986430335e-06,7.999999797903001e-05
-8.471997986099374e-06,7.999999797903001e-05
-8.467997985768412e-06,7.999999797903001e-05
-8.46399798543745e-06,7.999999797903001e-05
-8.459997985106489e-06,7.999999797903001e-05
-8.455997984775528e-06,7.999999797903001e-05
-8.451997984444566e-06,7.999999797903001e-05
-8.447997984113605e-06,7.999999797903001e-05
-8.443997983782643e-06,7.999999797903001e-05
-8.439997983451682e-06,3.9999998989515007e-05
-8.43599798312072e-06,7.999999797903001e-05
-8.431997982789759e-06,7.999999797903001e-05
-8.427997982458797e-06,7.999999797903001e-05
-8.423997982127836e-06,3.9999998989515007e-05
-8.419997981796874e-06,7.999999797903001e-05
-8.415997981465913e-06,7.999999797903001e-05
-8.411997981134951e-06,7.999999797903001e-05
-8.40799798080399e-06,7.999999797903001e-05
-8.403997980473028e-06,7.999999797903001e-05
-8.399997980142067e-06,3.9999998989515007e-05
-8.395997979811105e-06,7.999999797903001e-05
-8.391997979480144e-06,3.9999998989515007e-05
-8.387997979149182e-06,3.9999998989515007e-05
-8.383997978818221e-06,3.9999998989515007e-05
-8.37999797848726e-06,7.999999797903001e-05
-8.375997978156298e-06,7.999999797903001e-05
-8.371997977825336e-06,7.999999797903001e-05
-8.367997977494375e-06,7.999999797903001e-05
-8.363997977163413e-06,7.999999797903001e-05
-8.359997976832452e-06,7.999999797903001e-05
-8.35599797650149e-06,7.999999797903001e-05
-8.351997976170529e-06,3.9999998989515007e-05
-8.347997975839568e-06,7.999999797903001e-05
-8.343997975508606e-06,3.9999998989515007e-05
-8.339997975177645e-06,7.999999797903001e-05
-8.335997974846683e-06,3.9999998989515007e-05
-8.331997974515722e-06,7.999999797903001e-05
-8.32799797418476e-06,7.999999797903001e-05
-8.323997973853799e-06,7.999999797903001e-05
-8.319997973522837e-06,7.999999797903001e-05
-8.315997973191876e-06,7.999999797903001e-05
-8.311997972860914e-06,7.999999797903001e-05
-8.307997972529953e-06,7.999999797903001e-05
-8.303997972198991e-06,7.999999797903001e-05
-8.29999797186803e-06,7.999999797903001e-05
-8.295997971537068e-06,7.999999797903001e-05
-8.291997971206107e-06,7.999999797903001e-05
-8.287997970875145e-06,3.9999998989515007e-05
-8.283997970544184e-06,7.999999797903001e-05
-8.279997970213222e-06,3.9999998989515007e-05
-8.27599796988226e-06,7.999999797903001e-05
-8.2719979695513e-06,3.9999998989515007e-05
-8.267997969220338e-06,7.999999797903001e-05
-8.263997968889376e-06,3.9999998989515007e-05
-8.259997968558415e-06,7.999999797903001e-05
-8.255997968227453e-06,7.999999797903001e-05
-8.251997967896492e-06,7.999999797903001e-05
-8.24799796756553e-06,7.999999797903001e-05
-8.243997967234569e-06,7.999999797903001e-05
-8.239997966903607e-06,3.9999998989515007e-05
-8.235997966572646e-06,7.999999797903001e-05
-8.231997966241684e-06,3.9999998989515007e-05
-8.227997965910723e-06,7.999999797903001e-05
-8.223997965579762e-06,3.9999998989515007e-05
-8.2199979652488e-06,7.999999797903001e-05
-8.215997964917839e-06,3.9999998989515007e-05
-8.211997964586877e-06,7.999999797903001e-05
-8.207997964255916e-06,7.999999797903001e-05
-8.203997963924954e-06,7.999999797903001e-05
-8.199997963593993e-06,7.999999797903001e-05
-8.195997963263031e-06,7.999999797903001e-05
-8.19199796293207e-06,7.999999797903001e-05
-8.187997962601108e-06,7.999999797903001e-05
-8.183997962270147e-06,3.9999998989515007e-05
-8.179997961939185e-06,7.999999797903001e-05
-8.175997961608224e-06,3.9999998989515007e-05
-8.171997961277262e-06,7.999999797903001e-05
-8.1679979609463e-06,7.999999797903001e-05
-8.16399796061534e-06,7.999999797903001e-05
-8.159997960284378e-06,7.999999797903001e-05
-8.155997959953416e-06,3.9999998989515007e-05
-8.151997959622455e-06,3.9999998989515007e-05
-8.147997959291493e-06,7.999999797903001e-05
-8.143997958960532e-06,3.9999998989515007e-05
-8.13999795862957e-06,3.9999998989515007e-05
-8.135997958298609e-06,3.9999998989515007e-05
-8.131997957967647e-06,7.999999797903001e-05
-8.127997957636686e-06,3.9999998989515007e-05
-8.123997957305724e-06,7.999999797903001e-05
-8.119997956974763e-06,7.999999797903001e-05
-8.115997956643801e-06,7.999999797903001e-05
-8.11199795631284e-06,3.9999998989515007e-05
-8.107997955981878e-06,7.999999797903001e-05
-8.103997955650917e-06,3.9999998989515007e-05
-8.099997955319956e-06,7.999999797903001e-05
-8.095997954988994e-06,7.999999797903001e-05
-8.091997954658033e-06,7.999999797903001e-05
-8.087997954327071e-06,7.999999797903001e-05
-8.08399795399611e-06,7.999999797903001e-05
-8.079997953665148e-06,7.999999797903001e-05
-8.075997953334187e-06,7.999999797903001e-05
-8.071997953003225e-06,3.9999998989515007e-05
-8.067997952672264e-06,7.999999797903001e-05
-8.063997952341302e-06,3.9999998989515007e-05
-8.05999795201034e-06,7.999999797903001e-05
-8.05599795167938e-06,3.9999998989515007e-05
-8.051997951348418e-06,7.999999797903001e-05
-8.047997951017456e-06,7.999999797903001e-05
-8.043997950686495e-06,7.999999797903001e-05
-8.039997950355533e-06,7.999999797903001e-05
-8.035997950024572e-06,7.999999797903001e-05
-8.03199794969361e-06,3.9999998989515007e-05
-8.027997949362649e-06,7.999999797903001e-05
-8.023997949031687e-06,3.9999998989515007e-05
-8.019997948700726e-06,7.999999797903001e-05
-8.015997948369764e-06,3.9999998989515007e-05
-8.011997948038803e-06,7.999999797903001e-05
-8.007997947707841e-06,7.999999797903001e-05
-8.00399794737688e-06,7.999999797903001e-05
-7.999997947045918e-06,7.999999797903001e-05
-7.995997946714957e-06,7.999999797903001e-05
-7.991997946383995e-06,7.999999797903001e-05
-7.987997946053034e-06,7.999999797903001e-05
-7.983997945722072e-06,7.999999797903001e-05
-7.979997945391111e-06,7.999999797903001e-05
-7.97599794506015e-06,3.9999998989515007e-05
-7.971997944729188e-06,7.999999797903001e-05
-7.967997944398227e-06,3.9999998989515007e-05
-7.963997944067265e-06,7.999999797903001e-05
-7.959997943736304e-06,3.9999998989515007e-05
-7.955997943405342e-06,7.999999797903001e-05
-7.95199794307438e-06,3.9999998989515007e-05
-7.947997942743419e-06,7.999999797903001e-05
-7.943997942412458e-06,7.999999797903001e-05
-7.939997942081496e-06,7.999999797903001e-05
-7.935997941750535e-06,7.999999797903001e-05
-7.931997941419573e-06,7.999999797903001e-05
-7.927997941088612e-06,7.999999797903001e-05
-7.92399794075765e-06,0.00011999999696854502
-7.919997940426689e-06,7.999999797903001e-05
-7.915997940095727e-06,7.999999797903001e-05
-7.911997939764766e-06,3.9999998989515007e-05
-7.907997939433804e-06,3.9999998989515007e-05
-7.903997939102843e-06,3.9999998989515007e-05
-7.899997938771881e-06,3.9999998989515007e-05
-7.89599793844092e-06,3.9999998989515007e-05
-7.891997938109958e-06,7.999999797903001e-05
-7.887997937778997e-06,7.999999797903001e-05
-7.883997937448035e-06,7.999999797903001e-05
-7.879997937117074e-06,7.999999797903001e-05
-7.875997936786112e-06,7.999999797903001e-05
-7.871997936455151e-06,7.999999797903001e-05
-7.86799793612419e-06,7.999999797903001e-05
-7.863997935793228e-06,7.999999797903001e-05
-7.859997935462266e-06,3.9999998989515007e-05
-7.855997935131305e-06,3.9999998989515007e-05
-7.851997934800344e-06,3.9999998989515007e-05
-7.847997934469382e-06,3.9999998989515007e-05
-7.84399793413842e-06,3.9999998989515007e-05
-7.839997933807459e-06,3.9999998989515007e-05
-7.835997933476498e-06,3.9999998989515007e-05
-7.831997933145536e-06,7.999999797903001e-05
-7.827997932814575e-06,7.999999797903001e-05
-7.823997932483613e-06,7.999999797903001e-05
-7.819997932152652e-06,7.999999797903001e-05
-7.81599793182169e-06,7.999999797903001e-05
-7.811997931490729e-06,7.999999797903001e-05
-7.807997931159767e-06,7.999999797903001e-05
-7.803997930828806e-06,7.999999797903001e-05
-7.799997930497844e-06,7.999999797903001e-05
-7.795997930166883e-06,7.999999797903001e-05
-7.791997929835921e-06,3.9999998989515007e-05
-7.78799792950496e-06,3.9999998989515007e-05
-7.783997929173998e-06,3.9999998989515007e-05
-7.779997928843037e-06,3.9999998989515007e-05
-7.775997928512075e-06,3.9999998989515007e-05
-7.771997928181114e-06,7.999999797903001e-05
-7.767997927850152e-06,7.999999797903001e-05
-7.763997927519191e-06,7.999999797903001e-05
-7.75999792718823e-06,7.999999797903001e-05
-7.755997926857268e-06,7.999999797903001e-05
-7.751997926526306e-06,7.999999797903001e-05
-7.747997926195345e-06,7.999999797903001e-05
-7.743997925864383e-06,3.9999998989515007e-05
-7.739997925533422e-06,7.999999797903001e-05
-7.73599792520246e-06,3.9999998989515007e-05
-7.731997924871499e-06,7.999999797903001e-05
-7.727997924540538e-06,3.9999998989515007e-05
-7.723997924209576e-06,7.999999797903001e-05
-7.719997923878615e-06,7.999999797903001e-05
-7.715997923547653e-06,7.999999797903001e-05
-7.711997923216692e-06,7.999999797903001e-05
-7.70799792288573e-06,7.999999797903001e-05
-7.703997922554769e-06,7.999999797903001e-05
-7.699997922223807e-06,7.999999797903001e-05
-7.695997921892846e-06,7.999999797903001e-05
-7.691997921561884e-06,7.999999797903001e-05
-7.687997921230923e-06,7.999999797903001e-05
-7.683997920899961e-06,7.999999797903001e-05
-7.679997920569e-06,7.999999797903001e-05
-7.675997920238038e-06,7.999999797903001e-05
-7.671997919907077e-06,3.9999998989515007e-05
-7.667997919576115e-06,3.9999998989515007e-05
-7.663997919245154e-06,3.9999998989515007e-05
-7.659997918914192e-06,3.9999998989515007e-05
-7.65599791858323e-06,3.9999998989515007e-05
-7.65199791825227e-06,7.999999797903001e-05
-7.647997917921308e-06,7.999999797903001e-05
-7.643997917590346e-06,7.999999797903001e-05
-7.639997917259385e-06,7.999999797903001e-05
-7.635997916928423e-06,7.999999797903001e-05
-7.631997916597462e-06,7.999999797903001e-05
-7.6279979162665e-06,7.999999797903001e-05
-7.623997915935539e-06,7.999999797903001e-05
-7.6199979156045774e-06,7.999999797903001e-05
-7.615997915273616e-06,7.999999797903001e-05
-7.6119979149426545e-06,7.999999797903001e-05
-7.607997914611693e-06,3.9999998989515007e-05
-7.6039979142807315e-06,7.999999797903001e-05
-7.59999791394977e-06,7.999999797903001e-05
-7.5959979136188085e-06,7.999999797903001e-05
-7.591997913287847e-06,3.9999998989515007e-05
-7.5879979129568856e-06,7.999999797903001e-05
-7.583997912625924e-06,3.9999998989515007e-05
-7.579997912294963e-06,7.999999797903001e-05
-7.575997911964001e-06,7.999999797903001e-05
-7.57199791163304e-06,7.999999797903001e-05
-7.567997911302078e-06,7.999999797903001e-05
-7.563997910971117e-06,7.999999797903001e-05
-7.559997910640155e-06,7.999999797903001e-05
-7.555997910309194e-06,7.999999797903001e-05
-7.551997909978232e-06,7.999999797903001e-05
-7.547997909647271e-06,7.999999797903001e-05
-7.543997909316309e-06,3.9999998989515007e-05
-7.539997908985348e-06,3.9999998989515007e-05
-7.535997908654386e-06,3.9999998989515007e-05
-7.531997908323425e-06,7.999999797903001e-05
-7.527997907992463e-06,3.9999998989515007e-05
-7.523997907661502e-06,7.999999797903001e-05
-7.51999790733054e-06,7.999999797903001e-05
-7.515997906999579e-06,7.999999797903001e-05
-7.511997906668617e-06,7.999999797903001e-05
-7.507997906337656e-06,7.999999797903001e-05
-7.503997906006694e-06,7.999999797903001e-05
-7.499997905675733e-06,7.999999797903001e-05
-7.4959979053447714e-06,3.9999998989515007e-05
-7.49199790501381e-06,3.9999998989515007e-05
-7.4879979046828485e-06,3.9999998989515007e-05
-7.483997904351887e-06,7.999999797903001e-05
-7.4799979040209255e-06,3.9999998989515007e-05
-7.475997903689964e-06,7.999999797903001e-05
-7.4719979033590025e-06,3.9999998989515007e-05
-7.467997903028041e-06,7.999999797903001e-05
-7.4639979026970796e-06,7.999999797903001e-05
-7.459997902366118e-06,7.999999797903001e-05
-7.455997902035157e-06,7.999999797903001e-05
-7.451997901704195e-06,7.999999797903001e-05
-7.447997901373234e-06,7.999999797903001e-05
-7.443997901042272e-06,7.999999797903001e-05
-7.439997900711311e-06,7.999999797903001e-05
-7.435997900380349e-06,7.999999797903001e-05
-7.431997900049388e-06,7.999999797903001e-05
-7.427997899718426e-06,7.999999797903001e-05
-7.423997899387465e-06,7.999999797903001e-05
-7.419997899056503e-06,7.999999797903001e-05
-7.415997898725542e-06,3.9999998989515007e-05
-7.41199789839458e-06,7.999999797903001e-05
-7.407997898063619e-06,3.9999998989515007e-05
-7.403997897732657e-06,7.999999797903001e-05
-7.399997897401696e-06,7.999999797903001e-05
-7.395997897070734e-06,7.999999797903001e-05
-7.391997896739773e-06,7.999999797903001e-05
-7.387997896408811e-06,7.999999797903001e-05
-7.38399789607785e-06,7.999999797903001e-05
-7.379997895746888e-06,7.999999797903001e-05
-7.375997895415927e-06,3.9999998989515007e-05
-7.3719978950849654e-06,7.999999797903001e-05
-7.367997894754004e-06,7.999999797903001e-05
-7.3639978944230425e-06,7.999999797903001e-05
-7.359997894092081e-06,3.9999998989515007e-05
-7.3559978937611195e-06,7.999999797903001e-05
-7.351997893430158e-06,7.999999797903001e-05
-7.3479978930991965e-06,7.999999797903001e-05
-7.343997892768235e-06,3.9999998989515007e-05
-7.3399978924372736e-06,3.9999998989515007e-05
-7.335997892106312e-06,7.999999797903001e-05
-7.331997891775351e-06,7.999999797903001e-05
-7.327997891444389e-06,3.9999998989515007e-05
-7.323997891113428e-06,7.999999797903001e-05
-7.319997890782466e-06,7.999999797903001e-05
-7.315997890451505e-06,7.999999797903001e-05
-7.311997890120543e-06,7.999999797903001e-05
-7.307997889789582e-06,7.999999797903001e-05
-7.30399788945862e-06,7.999999797903001e-05
-7.299997889127659e-06,7.999999797903001e-05
-7.295997888796697e-06,3.9999998989515007e-05
-7.291997888465736e-06,7.999999797903001e-05
-7.287997888134774e-06,3.9999998989515007e-05
-7.283997887803813e-06,3.9999998989515007e-05
-7.279997887472851e-06,3.9999998989515007e-05
-7.27599788714189e-06,7.999999797903001e-05
-7.271997886810928e-06,7.999999797903001e-05
-7.267997886479967e-06,7.999999797903001e-05
-7.263997886149005e-06,7.999999797903001e-05
-7.259997885818044e-06,7.999999797903001e-05
-7.255997885487082e-06,7.999999797903001e-05
-7.251997885156121e-06,7.999999797903001e-05
-7.2479978848251594e-06,7.999999797903001e-05
-7.243997884494198e-06,7.999999797903001e-05
-7.2399978841632365e-06,7.999999797903001e-05
-7.235997883832275e-06,7.999999797903001e-05
-7.2319978835013135e-06,7.999999797903001e-05
-7.227997883170352e-06,7.999999797903001e-05
-7.2239978828393905e-06,3.9999998989515007e-05
-7.219997882508429e-06,7.999999797903001e-05
-7.2159978821774676e-06,3.9999998989515007e-05
-7.211997881846506e-06,3.9999998989515007e-05
-7.207997881515545e-06,3.9999998989515007e-05
-7.203997881184583e-06,7.999999797903001e-05
-7.199997880853622e-06,7.999999797903001e-05
-7.19599788052266e-06,7.999999797903001e-05
-7.191997880191699e-06,7.999999797903001e-05
-7.187997879860737e-06,7.999999797903001e-05
-7.183997879529776e-06,7.999999797903001e-05
-7.179997879198814e-06,7.999999797903001e-05
-7.175997878867853e-06,3.9999998989515007e-05
-7.171997878536891e-06,7.999999797903001e-05
-7.16799787820593e-06,7.999999797903001e-05
-7.163997877874968e-06,7.999999797903001e-05
-7.159997877544007e-06,7.999999797903001e-05
-7.155997877213045e-06,7.999999797903001e-05
-7.151997876882084e-06,7.999999797903001e-05
-7.147997876551122e-06,7.999999797903001e-05
-7.143997876220161e-06,3.9999998989515007e-05
-7.139997875889199e-06,7.999999797903001e-05
-7.135997875558238e-06,7.999999797903001e-05
-7.131997875227276e-06,7.999999797903001e-05
-7.127997874896315e-06,7.999999797903001e-05
-7.1239978745653534e-06,7.999999797903001e-05
-7.119997874234392e-06,7.999999797903001e-05
-7.1159978739034305e-06,7.999999797903001e-05
-7.111997873572469e-06,7.999999797903001e-05
-7.1079978732415075e-06,7.999999797903001e-05
-7.103997872910546e-06,3.9999998989515007e-05
-7.0999978725795845e-06,7.999999797903001e-05
-7.095997872248623e-06,3.9999998989515007e-05
-7.0919978719176616e-06,3.9999998989515007e-05
-7.0879978715867e-06,3.9999998989515007e-05
-7.083997871255739e-06,7.999999797903001e-05
-7.079997870924777e-06,7.999999797903001e-05
-7.075997870593816e-06,0.00011999999696854502
-7.071997870262854e-06,7.999999797903001e-05
-7.067997869931893e-06,0.00011999999696854502
-7.063997869600931e-06,7.999999797903001e-05
-7.05999786926997e-06,7.999999797903001e-05
-7.055997868939008e-06,7.999999797903001e-05
-7.051997868608047e-06,3.9999998989515007e-05
-7.047997868277085e-06,3.9999998989515007e-05
-7.043997867946124e-06,3.9999998989515007e-05
-7.039997867615162e-06,3.9999998989515007e-05
-7.035997867284201e-06,3.9999998989515007e-05
-7.031997866953239e-06,3.9999998989515007e-05
-7.027997866622278e-06,3.9999998989515007e-05
-7.023997866291316e-06,3.9999998989515007e-05
-7.019997865960355e-06,7.999999797903001e-05
-7.015997865629393e-06,7.999999797903001e-05
-7.011997865298432e-06,7.999999797903001e-05
-7.00799786496747e-06,7.999999797903001e-05
-7.003997864636509e-06,0.00011999999696854502
-6.9999978643055474e-06,7.999999797903001e-05
-6.995997863974586e-06,7.999999797903001e-05
-6.9919978636436245e-06,7.999999797903001e-05
-6.987997863312663e-06,7.999999797903001e-05
-6.9839978629817015e-06,3.9999998989515007e-05
-6.97999786265074e-06,3.9999998989515007e-05
-6.9759978623197785e-06,3.9999998989515007e-05
-6.971997861988817e-06,3.9999998989515007e-05
-6.9679978616578556e-06,3.9999998989515007e-05
-6.963997861326894e-06,7.999999797903001e-05
-6.959997860995933e-06,3.9999998989515007e-05
-6.955997860664971e-06,7.999999797903001e-05
-6.95199786033401e-06,7.999999797903001e-05
-6.947997860003048e-06,0.00011999999696854502
-6.943997859672087e-06,7.999999797903001e-05
-6.939997859341125e-06,0.00011999999696854502
-6.935997859010164e-06,7.999999797903001e-05
-6.931997858679202e-06,7.999999797903001e-05
-6.927997858348241e-06,3.9999998989515007e-05
-6.923997858017279e-06,3.9999998989515007e-05
-6.919997857686318e-06,3.9999998989515007e-05
-6.915997857355356e-06,3.9999998989515007e-05
-6.911997857024395e-06,3.9999998989515007e-05
-6.907997856693433e-06,3.9999998989515007e-05
-6.903997856362472e-06,7.999999797903001e-05
-6.89999785603151e-06,7.999999797903001e-05
-6.895997855700549e-06,7.999999797903001e-05
-6.891997855369587e-06,0.00011999999696854502
-6.887997855038626e-06,7.999999797903001e-05
-6.883997854707664e-06,0.00011999999696854502
-6.879997854376703e-06,7.999999797903001e-05
-6.875997854045741e-06,7.999999797903001e-05
-6.87199785371478e-06,7.999999797903001e-05
-6.8679978533838185e-06,3.9999998989515007e-05
-6.863997853052857e-06,3.9999998989515007e-05
-6.8599978527218955e-06,3.9999998989515007e-05
-6.855997852390934e-06,3.9999998989515007e-05
-6.8519978520599725e-06,3.9999998989515007e-05
-6.847997851729011e-06,3.9999998989515007e-05
-6.8439978513980495e-06,3.9999998989515007e-05
-6.839997851067088e-06,3.9999998989515007e-05
-6.835997850736127e-06,7.999999797903001e-05
-6.831997850405165e-06,7.999999797903001e-05
-6.827997850074204e-06,0.00011999999696854502
-6.823997849743242e-06,7.999999797903001e-05
-6.819997849412281e-06,7.999999797903001e-05
-6.815997849081319e-06,7.999999797903001e-05
-6.811997848750358e-06,7.999999797903001e-05
-6.807997848419396e-06,3.9999998989515007e-05
-6.803997848088435e-06,3.9999998989515007e-05
-6.799997847757473e-06,3.9999998989515007e-05
-6.795997847426512e-06,7.999999797903001e-05
-6.79199784709555e-06,3.9999998989515007e-05
-6.787997846764589e-06,7.999999797903001e-05
-6.783997846433627e-06,3.9999998989515007e-05
-6.779997846102666e-06,7.999999797903001e-05
-6.775997845771704e-06,3.9999998989515007e-05
-6.771997845440743e-06,7.999999797903001e-05
-6.767997845109781e-06,3.9999998989515007e-05
-6.76399784477882e-06,7.999999797903001e-05
-6.759997844447858e-06,7.999999797903001e-05
-6.755997844116897e-06,7.999999797903001e-05
-6.751997843785935e-06,7.999999797903001e-05
-6.747997843454974e-06,7.999999797903001e-05
-6.7439978431240124e-06,3.9999998989515007e-05
-6.739997842793051e-06,7.999999797903001e-05
-6.7359978424620895e-06,3.9999998989515007e-05
-6.731997842131128e-06,7.999999797903001e-05
-6.7279978418001665e-06,3.9999998989515007e-05
-6.723997841469205e-06,3.9999998989515007e-05
-6.7199978411382435e-06,3.9999998989515007e-05
-6.715997840807282e-06,7.999999797903001e-05
-6.7119978404763206e-06,7.999999797903001e-05
-6.707997840145359e-06,7.999999797903001e-05
-6.703997839814398e-06,7.999999797903001e-05
-6.699997839483436e-06,7.999999797903001e-05
-6.695997839152475e-06,7.999999797903001e-05
-6.691997838821513e-06,3.9999998989515007e-05
-6.687997838490552e-06,3.9999998989515007e-05
-6.68399783815959e-06,3.9999998989515007e-05
-6.679997837828629e-06,3.9999998989515007e-05
-6.675997837497667e-06,7.999999797903001e-05
-6.671997837166706e-06,7.999999797903001e-05
-6.667997836835744e-06,7.999999797903001e-05
-6.663997836504783e-06,7.999999797903001e-05
-6.659997836173821e-06,7.999999797903001e-05
-6.65599783584286e-06,3.9999998989515007e-05
-6.651997835511898e-06,7.999999797903001e-05
-6.647997835180937e-06,7.999999797903001e-05
-6.643997834849975e-06,7.999999797903001e-05
-6.639997834519014e-06,7.999999797903001e-05
-6.635997834188052e-06,7.999999797903001e-05
-6.631997833857091e-06,7.999999797903001e-05
-6.627997833526129e-06,7.999999797903001e-05
-6.623997833195168e-06,7.999999797903001e-05
-6.6199978328642064e-06,7.999999797903001e-05
-6.615997832533245e-06,7.999999797903001e-05
-6.6119978322022835e-06,7.999999797903001e-05
-6.607997831871322e-06,3.9999998989515007e-05
-6.6039978315403605e-06,3.9999998989515007e-05
-6.599997831209399e-06,3.9999998989515007e-05
-6.5959978308784375e-06,3.9999998989515007e-05
-6.591997830547476e-06,3.9999998989515007e-05
-6.5879978302165146e-06,7.999999797903001e-05
-6.583997829885553e-06,7.999999797903001e-05
-6.579997829554592e-06,7.999999797903001e-05
-6.57599782922363e-06,7.999999797903001e-05
-6.571997828892669e-06,7.999999797903001e-05
-6.567997828561707e-06,3.9999998989515007e-05
-6.563997828230746e-06,7.999999797903001e-05
-6.559997827899784e-06,7.999999797903001e-05
-6.555997827568823e-06,7.999999797903001e-05
-6.551997827237861e-06,3.9999998989515007e-05
-6.5479978269069e-06,7.999999797903001e-05
-6.543997826575938e-06,7.999999797903001e-05
-6.539997826244977e-06,7.999999797903001e-05
-6.535997825914015e-06,7.999999797903001e-05
-6.531997825583054e-06,7.999999797903001e-05
-6.527997825252092e-06,3.9999998989515007e-05
-6.523997824921131e-06,7.999999797903001e-05
-6.519997824590169e-06,3.9999998989515007e-05
-6.515997824259208e-06,3.9999998989515007e-05
-6.511997823928246e-06,3.9999998989515007e-05
-6.507997823597285e-06,7.999999797903001e-05
-6.503997823266323e-06,7.999999797903001e-05
-6.499997822935362e-06,7.999999797903001e-05
-6.4959978226044004e-06,7.999999797903001e-05
-6.491997822273439e-06,7.999999797903001e-05
-6.4879978219424775e-06,7.999999797903001e-05
-6.483997821611516e-06,7.999999797903001e-05
-6.4799978212805545e-06,3.9999998989515007e-05
-6.475997820949593e-06,7.999999797903001e-05
-6.4719978206186315e-06,3.9999998989515007e-05
-6.46799782028767e-06,7.999999797903001e-05
-6.4639978199567086e-06,7.999999797903001e-05
-6.459997819625747e-06,7.999999797903001e-05
-6.455997819294786e-06,7.999999797903001e-05
-6.451997818963824e-06,7.999999797903001e-05
-6.447997818632863e-06,7.999999797903001e-05
-6.443997818301901e-06,7.999999797903001e-05
-6.43999781797094e-06,7.999999797903001e-05
-6.435997817639978e-06,7.999999797903001e-05
-6.431997817309017e-06,7.999999797903001e-05
-6.427997816978055e-06,7.999999797903001e-05
-6.423997816647094e-06,7.999999797903001e-05
-6.419997816316132e-06,7.999999797903001e-05
-6.415997815985171e-06,3.9999998989515007e-05
-6.411997815654209e-06,7.999999797903001e-05
-6.407997815323248e-06,3.9999998989515007e-05
-6.403997814992286e-06,7.999999797903001e-05
-6.399997814661325e-06,3.9999998989515007e-05
-6.395997814330363e-06,7.999999797903001e-05
-6.391997813999402e-06,7.999999797903001e-05
-6.38799781366844e-06,7.999999797903001e-05
-6.383997813337479e-06,7.999999797903001e-05
-6.379997813006517e-06,7.999999797903001e-05
-6.375997812675556e-06,7.999999797903001e-05
-6.3719978123445944e-06,7.999999797903001e-05
-6.367997812013633e-06,3.9999998989515007e-05
-6.3639978116826715e-06,7.999999797903001e-05
-6.35999781135171e-06,3.9999998989515007e-05
-6.3559978110207485e-06,7.999999797903001e-05
-6.351997810689787e-06,7.999999797903001e-05
-6.3479978103588255e-06,7.999999797903001e-05
-6.343997810027864e-06,3.9999998989515007e-05
-6.3399978096969026e-06,7.999999797903001e-05
-6.335997809365941e-06,7.999999797903001e-05
-6.33199780903498e-06,7.999999797903001e-05
-6.327997808704018e-06,3.9999998989515007e-05
-6.323997808373057e-06,7.999999797903001e-05
-6.319997808042095e-06,7.999999797903001e-05
-6.315997807711134e-06,7.999999797903001e-05
-6.311997807380172e-06,7.999999797903001e-05
-6.307997807049211e-06,7.999999797903001e-05
-6.303997806718249e-06,7.999999797903001e-05
-6.299997806387288e-06,7.999999797903001e-05
-6.295997806056326e-06,3.9999998989515007e-05
-6.291997805725365e-06,7.999999797903001e-05
-6.287997805394403e-06,3.9999998989515007e-05
-6.283997805063442e-06,7.999999797903001e-05
-6.27999780473248e-06,7.999999797903001e-05
-6.275997804401519e-06,7.999999797903001e-05
-6.271997804070557e-06,7.999999797903001e-05
-6.267997803739596e-06,7.999999797903001e-05
-6.263997803408634e-06,7.999999797903001e-05
-6.259997803077673e-06,7.999999797903001e-05
-6.255997802746711e-06,7.999999797903001e-05
-6.25199780241575e-06,7.999999797903001e-05
-6.2479978020847884e-06,3.9999998989515007e-05
-6.243997801753827e-06,3.9999998989515007e-05
-6.2399978014228655e-06,7.999999797903001e-05
-6.235997801091904e-06,7.999999797903001e-05
-6.2319978007609425e-06,3.9999998989515007e-05
-6.227997800429981e-06,7.999999797903001e-05
-6.2239978000990195e-06,7.999999797903001e-05
-6.219997799768058e-06,7.999999797903001e-05
-6.2159977994370966e-06,7.999999797903001e-05
-6.211997799106135e-06,7.999999797903001e-05
-6.207997798775174e-06,7.999999797903001e-05
-6.203997798444212e-06,7.999999797903001e-05
-6.199997798113251e-06,3.9999998989515007e-05
-6.195997797782289e-06,7.999999797903001e-05
-6.191997797451328e-06,3.9999998989515007e-05
-6.187997797120366e-06,7.999999797903001e-05
-6.183997796789405e-06,7.999999797903001e-05
-6.179997796458443e-06,7.999999797903001e-05
-6.175997796127482e-06,7.999999797903001e-05
-6.17199779579652e-06,7.999999797903001e-05
-6.167997795465559e-06,7.999999797903001e-05
-6.163997795134597e-06,7.999999797903001e-05
-6.159997794803636e-06,7.999999797903001e-05
-6.155997794472674e-06,7.999999797903001e-05
-6.151997794141713e-06,3.9999998989515007e-05
-6.147997793810751e-06,7.999999797903001e-05
-6.14399779347979e-06,7.999999797903001e-05
-6.139997793148828e-06,7.999999797903001e-05
-6.135997792817867e-06,7.999999797903001e-05
-6.131997792486905e-06,7.999999797903001e-05
-6.127997792155944e-06,7.999999797903001e-05
-6.1239977918249824e-06,7.999999797903001e-05
-6.119997791494021e-06,3.9999998989515007e-05
-6.1159977911630595e-06,3.9999998989515007e-05
-6.111997790832098e-06,3.9999998989515007e-05
-6.1079977905011365e-06,7.999999797903001e-05
-6.103997790170175e-06,7.999999797903001e-05
-6.0999977898392135e-06,7.999999797903001e-05
-6.095997789508252e-06,7.999999797903001e-05
-6.0919977891772906e-06,7.999999797903001e-05
-6.087997788846329e-06,7.999999797903001e-05
-6.083997788515368e-06,7.999999797903001e-05
-6.079997788184406e-06,3.9999998989515007e-05
-6.075997787853445e-06,7.999999797903001e-05
-6.071997787522483e-06,7.999999797903001e-05
-6.067997787191522e-06,7.999999797903001e-05
-6.06399778686056e-06,3.9999998989515007e-05
-6.059997786529599e-06,7.999999797903001e-05
-6.055997786198637e-06,7.999999797903001e-05
-6.051997785867676e-06,7.999999797903001e-05
-6.047997785536714e-06,3.9999998989515007e-05
-6.043997785205753e-06,7.999999797903001e-05
-6.039997784874791e-06,7.999999797903001e-05
-6.03599778454383e-06,3.9999998989515007e-05
-6.031997784212868e-06,3.9999998989515007e-05
-6.027997783881907e-06,7.999999797903001e-05
-6.023997783550945e-06,7.999999797903001e-05
-6.019997783219984e-06,7.999999797903001e-05
-6.015997782889022e-06,7.999999797903001e-05
-6.011997782558061e-06,7.999999797903001e-05
-6.007997782227099e-06,7.999999797903001e-05
-6.003997781896138e-06,7.999999797903001e-05
-5.9999977815651764e-06,3.9999998989515007e-05
-5.995997781234215e-06,7.999999797903001e-05
-5.9919977809032535e-06,3.9999998989515007e-05
-5.987997780572292e-06,7.999999797903001e-05
-5.9839977802413305e-06,7.999999797903001e-05
-5.979997779910369e-06,7.999999797903001e-05
-5.9759977795794075e-06,3.9999998989515007e-05
-5.971997779248446e-06,7.999999797903001e-05
-5.9679977789174846e-06,3.9999998989515007e-05
-5.963997778586523e-06,7.999999797903001e-05
-5.959997778255562e-06,7.999999797903001e-05
-5.9559977779246e-06,3.9999998989515007e-05
-5.951997777593639e-06,3.9999998989515007e-05
-5.947997777262677e-06,7.999999797903001e-05
-5.943997776931716e-06,7.999999797903001e-05
-5.939997776600754e-06,7.999999797903001e-05
-5.935997776269793e-06,7.999999797903001e-05
-5.931997775938831e-06,7.999999797903001e-05
-5.92799777560787e-06,7.999999797903001e-05
-5.923997775276908e-06,7.999999797903001e-05
-5.919997774945947e-06,3.9999998989515007e-05
-5.915997774614985e-06,3.9999998989515007e-05
-5.911997774284024e-06,3.9999998989515007e-05
-5.907997773953062e-06,7.999999797903001e-05
-5.903997773622101e-06,7.999999797903001e-05
-5.899997773291139e-06,7.999999797903001e-05
-5.895997772960178e-06,7.999999797903001e-05
-5.891997772629216e-06,7.999999797903001e-05
-5.887997772298255e-06,3.9999998989515007e-05
-5.883997771967293e-06,7.999999797903001e-05
-5.879997771636332e-06,7.999999797903001e-05
-5.87599777130537e-06,7.999999797903001e-05
-5.871997770974409e-06,7.999999797903001e-05
-5.8679977706434475e-06,7.999999797903001e-05
-5.863997770312486e-06,3.9999998989515007e-05
-5.8599977699815245e-06,7.999999797903001e-05
-5.855997769650563e-06,7.999999797903001e-05
-5.8519977693196015e-06,7.999999797903001e-05
-5.84799776898864e-06,7.999999797903001e-05
-5.8439977686576785e-06,7.999999797903001e-05
-5.839997768326717e-06,7.999999797903001e-05
-5.835997767995756e-06,3.9999998989515007e-05
-5.831997767664794e-06,3.9999998989515007e-05
-5.827997767333833e-06,7.999999797903001e-05
-5.823997767002871e-06,7.999999797903001e-05
-5.81999776667191e-06,7.999999797903001e-05
-5.815997766340948e-06,7.999999797903001e-05
-5.811997766009987e-06,7.999999797903001e-05
-5.807997765679025e-06,7.999999797903001e-05
-5.803997765348064e-06,7.999999797903001e-05
-5.799997765017102e-06,7.999999797903001e-05
-5.795997764686141e-06,7.999999797903001e-05
-5.791997764355179e-06,3.9999998989515007e-05
-5.787997764024218e-06,7.999999797903001e-05
-5.783997763693256e-06,3.9999998989515007e-05
-5.779997763362295e-06,7.999999797903001e-05
-5.775997763031333e-06,7.999999797903001e-05
-5.771997762700372e-06,7.999999797903001e-05
-5.76799776236941e-06,7.999999797903001e-05
-5.763997762038449e-06,7.999999797903001e-05
-5.759997761707487e-06,7.999999797903001e-05
-5.755997761376526e-06,7.999999797903001e-05
-5.751997761045564e-06,7.999999797903001e-05
-5.747997760714603e-06,7.999999797903001e-05
-5.7439977603836414e-06,3.9999998989515007e-05
-5.73999776005268e-06,7.999999797903001e-05
-5.7359977597217185e-06,3.9999998989515007e-05
-5.731997759390757e-06,7.999999797903001e-05
-5.7279977590597955e-06,7.999999797903001e-05
-5.723997758728834e-06,7.999999797903001e-05
-5.7199977583978725e-06,7.999999797903001e-05
-5.715997758066911e-06,7.999999797903001e-05
-5.71199775773595e-06,7.999999797903001e-05
-5.707997757404988e-06,7.999999797903001e-05
-5.703997757074027e-06,3.9999998989515007e-05
-5.699997756743065e-06,7.999999797903001e-05
-5.695997756412104e-06,7.999999797903001e-05
-5.691997756081142e-06,7.999999797903001e-05
-5.687997755750181e-06,7.999999797903001e-05
-5.683997755419219e-06,7.999999797903001e-05
-5.679997755088258e-06,7.999999797903001e-05
-5.675997754757296e-06,7.999999797903001e-05
-5.671997754426335e-06,3.9999998989515007e-05
-5.667997754095373e-06,3.9999998989515007e-05
-5.663997753764412e-06,7.999999797903001e-05
-5.65999775343345e-06,7.999999797903001e-05
-5.655997753102489e-06,7.999999797903001e-05
-5.651997752771527e-06,7.999999797903001e-05
-5.647997752440566e-06,7.999999797903001e-05
-5.643997752109604e-06,7.999999797903001e-05
-5.639997751778643e-06,3.9999998989515007e-05
-5.635997751447681e-06,7.999999797903001e-05
-5.63199775111672e-06,3.9999998989515007e-05
-5.627997750785758e-06,7.999999797903001e-05
-5.623997750454797e-06,3.9999998989515007e-05
-5.6199977501238354e-06,7.999999797903001e-05
-5.615997749792874e-06,3.9999998989515007e-05
-5.6119977494619125e-06,7.999999797903001e-05
-5.607997749130951e-06,3.9999998989515007e-05
-5.6039977487999895e-06,7.999999797903001e-05
-5.599997748469028e-06,3.9999998989515007e-05
-5.5959977481380665e-06,7.999999797903001e-05
-5.591997747807105e-06,3.9999998989515007e-05
-5.5879977474761436e-06,7.999999797903001e-05
-5.583997747145182e-06,7.999999797903001e-05
-5.579997746814221e-06,7.999999797903001e-05
-5.575997746483259e-06,7.999999797903001e-05
-5.571997746152298e-06,7.999999797903001e-05
-5.567997745821336e-06,7.999999797903001e-05
-5.563997745490375e-06,7.999999797903001e-05
-5.559997745159413e-06,7.999999797903001e-05
-5.555997744828452e-06,7.999999797903001e-05
-5.55199774449749e-06,7.999999797903001e-05
-5.547997744166529e-06,7.999999797903001e-05
-5.543997743835567e-06,3.9999998989515007e-05
-5.539997743504606e-06,7.999999797903001e-05
-5.535997743173644e-06,3.9999998989515007e-05
-5.531997742842683e-06,7.999999797903001e-05
-5.527997742511721e-06,7.999999797903001e-05
-5.52399774218076e-06,7.999999797903001e-05
-5.519997741849798e-06,7.999999797903001e-05
-5.515997741518837e-06,7.999999797903001e-05
-5.511997741187875e-06,7.999999797903001e-05
-5.507997740856914e-06,7.999999797903001e-05
-5.503997740525952e-06,7.999999797903001e-05
-5.499997740194991e-06,7.999999797903001e-05
-5.4959977398640294e-06,7.999999797903001e-05
-5.491997739533068e-06,7.999999797903001e-05
-5.4879977392021065e-06,7.999999797903001e-05
-5.483997738871145e-06,7.999999797903001e-05
-5.4799977385401835e-06,7.999999797903001e-05
-5.475997738209222e-06,7.999999797903001e-05
-5.4719977378782605e-06,3.9999998989515007e-05
-5.467997737547299e-06,3.9999998989515007e-05
-5.4639977372163376e-06,3.9999998989515007e-05
-5.459997736885376e-06,7.999999797903001e-05
-5.455997736554415e-06,3.9999998989515007e-05
-5.451997736223453e-06,7.999999797903001e-05
-5.447997735892492e-06,7.999999797903001e-05
-5.44399773556153e-06,7.999999797903001e-05
-5.439997735230569e-06,7.999999797903001e-05
-5.435997734899607e-06,7.999999797903001e-05
-5.431997734568646e-06,7.999999797903001e-05
-5.427997734237684e-06,7.999999797903001e-05
-5.423997733906723e-06,3.9999998989515007e-05
-5.419997733575761e-06,7.999999797903001e-05
-5.4159977332448e-06,3.9999998989515007e-05
-5.411997732913838e-06,7.999999797903001e-05
-5.407997732582877e-06,3.9999998989515007e-05
-5.403997732251915e-06,7.999999797903001e-05
-5.399997731920954e-06,7.999999797903001e-05
-5.395997731589992e-06,7.999999797903001e-05
-5.391997731259031e-06,3.9999998989515007e-05
-5.387997730928069e-06,7.999999797903001e-05
-5.383997730597108e-06,3.9999998989515007e-05
-5.379997730266146e-06,7.999999797903001e-05
-5.375997729935185e-06,7.999999797903001e-05
-5.3719977296042234e-06,7.999999797903001e-05
-5.367997729273262e-06,7.999999797903001e-05
-5.3639977289423005e-06,7.999999797903001e-05
-5.359997728611339e-06,7.999999797903001e-05
-5.3559977282803775e-06,7.999999797903001e-05
-5.351997727949416e-06,3.9999998989515007e-05
-5.3479977276184545e-06,7.999999797903001e-05
-5.343997727287493e-06,3.9999998989515007e-05
-5.3399977269565316e-06,3.9999998989515007e-05
-5.33599772662557e-06,3.9999998989515007e-05
-5.331997726294609e-06,3.9999998989515007e-05
-5.327997725963647e-06,3.9999998989515007e-05
-5.323997725632686e-06,7.999999797903001e-05
-5.319997725301724e-06,7.999999797903001e-05
-5.315997724970763e-06,7.999999797903001e-05
-5.311997724639801e-06,7.999999797903001e-05
-5.30799772430884e-06,7.999999797903001e-05
-5.303997723977878e-06,7.999999797903001e-05
-5.299997723646917e-06,7.999999797903001e-05
-5.295997723315955e-06,3.9999998989515007e-05
-5.291997722984994e-06,7.999999797903001e-05
-5.287997722654032e-06,7.999999797903001e-05
-5.283997722323071e-06,7.999999797903001e-05
-5.279997721992109e-06,7.999999797903001e-05
-5.275997721661148e-06,7.999999797903001e-05
-5.271997721330186e-06,3.9999998989515007e-05
-5.267997720999225e-06,3.9999998989515007e-05
-5.263997720668263e-06,3.9999998989515007e-05
-5.259997720337302e-06,7.999999797903001e-05
-5.25599772000634e-06,3.9999998989515007e-05
-5.251997719675379e-06,7.999999797903001e-05
-5.2479977193444174e-06,7.999999797903001e-05
-5.243997719013456e-06,7.999999797903001e-05
-5.2399977186824945e-06,7.999999797903001e-05
-5.235997718351533e-06,7.999999797903001e-05
-5.2319977180205715e-06,3.9999998989515007e-05
-5.22799771768961e-06,7.999999797903001e-05
-5.2239977173586485e-06,3.9999998989515007e-05
-5.219997717027687e-06,7.999999797903001e-05
-5.2159977166967256e-06,7.999999797903001e-05
-5.211997716365764e-06,7.999999797903001e-05
-5.207997716034803e-06,7.999999797903001e-05
-5.203997715703841e-06,7.999999797903001e-05
-5.19999771537288e-06,7.999999797903001e-05
-5.195997715041918e-06,7.999999797903001e-05
-5.191997714710957e-06,7.999999797903001e-05
-5.187997714379995e-06,7.999999797903001e-05
-5.183997714049034e-06,3.9999998989515007e-05
-5.179997713718072e-06,7.999999797903001e-05
-5.175997713387111e-06,3.9999998989515007e-05
-5.171997713056149e-06,7.999999797903001e-05
-5.167997712725188e-06,7.999999797903001e-05
-5.163997712394226e-06,7.999999797903001e-05
-5.159997712063265e-06,7.999999797903001e-05
-5.155997711732303e-06,7.999999797903001e-05
-5.151997711401342e-06,7.999999797903001e-05
-5.14799771107038e-06,7.999999797903001e-05
-5.143997710739419e-06,7.999999797903001e-05
-5.139997710408457e-06,7.999999797903001e-05
-5.135997710077496e-06,3.9999998989515007e-05
-5.131997709746534e-06,7.999999797903001e-05
-5.127997709415573e-06,3.9999998989515007e-05
-5.1239977090846114e-06,7.999999797903001e-05
-5.11999770875365e-06,3.9999998989515007e-05
-5.1159977084226885e-06,7.999999797903001e-05
-5.111997708091727e-06,7.999999797903001e-05
-5.1079977077607655e-06,7.999999797903001e-05
-5.103997707429804e-06,7.999999797903001e-05
-5.0999977070988425e-06,7.999999797903001e-05
-5.095997706767881e-06,7.999999797903001e-05
-5.0919977064369196e-06,7.999999797903001e-05
-5.087997706105958e-06,7.999999797903001e-05
-5.083997705774997e-06,7.999999797903001e-05
-5.079997705444035e-06,3.9999998989515007e-05
-5.075997705113074e-06,7.999999797903001e-05
-5.071997704782112e-06,7.999999797903001e-05
-5.067997704451151e-06,7.999999797903001e-05
-5.063997704120189e-06,7.999999797903001e-05
-5.059997703789228e-06,7.999999797903001e-05
-5.055997703458266e-06,3.9999998989515007e-05
-5.051997703127305e-06,7.999999797903001e-05
-5.047997702796343e-06,7.999999797903001e-05
-5.043997702465382e-06,7.999999797903001e-05
-5.03999770213442e-06,7.999999797903001e-05
-5.035997701803459e-06,7.999999797903001e-05
-5.031997701472497e-06,7.999999797903001e-05
-5.027997701141536e-06,7.999999797903001e-05
-5.023997700810574e-06,7.999999797903001e-05
-5.019997700479613e-06,7.999999797903001e-05
-5.015997700148651e-06,7.999999797903001e-05
-5.01199769981769e-06,7.999999797903001e-05
-5.007997699486728e-06,3.9999998989515007e-05
-5.003997699155767e-06,7.999999797903001e-05
-4.9999976988248054e-06,7.999999797903001e-05
-4.995997698493844e-06,7.999999797903001e-05
-4.9919976981628825e-06,7.999999797903001e-05
-4.987997697831921e-06,7.999999797903001e-05
-4.9839976975009595e-06,7.999999797903001e-05
-4.979997697169998e-06,7.999999797903001e-05
-4.9759976968390365e-06,7.999999797903001e-05
-4.971997696508075e-06,7.999999797903001e-05
-4.9679976961771136e-06,7.999999797903001e-05
-4.963997695846152e-06,7.999999797903001e-05
-4.959997695515191e-06,7.999999797903001e-05
-4.955997695184229e-06,7.999999797903001e-05
-4.951997694853268e-06,7.999999797903001e-05
-4.947997694522306e-06,7.999999797903001e-05
-4.943997694191345e-06,3.9999998989515007e-05
-4.939997693860383e-06,7.999999797903001e-05
-4.935997693529422e-06,3.9999998989515007e-05
-4.93199769319846e-06,7.999999797903001e-05
-4.927997692867499e-06,7.999999797903001e-05
-4.923997692536537e-06,7.999999797903001e-05
-4.919997692205576e-06,7.999999797903001e-05
-4.915997691874614e-06,7.999999797903001e-05
-4.911997691543653e-06,7.999999797903001e-05
-4.907997691212691e-06,7.999999797903001e-05
-4.90399769088173e-06,7.999999797903001e-05
-4.899997690550768e-06,7.999999797903001e-05
-4.895997690219807e-06,7.999999797903001e-05
-4.891997689888845e-06,7.999999797903001e-05
-4.887997689557884e-06,7.999999797903001e-05
-4.883997689226922e-06,7.999999797903001e-05
-4.879997688895961e-06,7.999999797903001e-05
-4.875997688564999e-06,7.999999797903001e-05
-4.871997688234038e-06,7.999999797903001e-05
-4.8679976879030765e-06,7.999999797903001e-05
-4.863997687572115e-06,7.999999797903001e-05
-4.8599976872411535e-06,7.999999797903001e-05
-4.855997686910192e-06,3.9999998989515007e-05
-4.8519976865792305e-06,7.999999797903001e-05
-4.847997686248269e-06,3.9999998989515007e-05
-4.8439976859173075e-06,7.999999797903001e-05
-4.839997685586346e-06,7.999999797903001e-05
-4.835997685255385e-06,7.999999797903001e-05
-4.831997684924423e-06,7.999999797903001e-05
-4.827997684593462e-06,7.999999797903001e-05
-4.8239976842625e-06,3.9999998989515007e-05
-4.819997683931539e-06,7.999999797903001e-05
-4.815997683600577e-06,3.9999998989515007e-05
-4.811997683269616e-06,7.999999797903001e-05
-4.807997682938654e-06,3.9999998989515007e-05
-4.803997682607693e-06,7.999999797903001e-05
-4.799997682276731e-06,7.999999797903001e-05
-4.79599768194577e-06,7.999999797903001e-05
-4.791997681614808e-06,7.999999797903001e-05
-4.787997681283847e-06,7.999999797903001e-05
-4.783997680952885e-06,7.999999797903001e-05
-4.779997680621924e-06,7.999999797903001e-05
-4.775997680290962e-06,7.999999797903001e-05
-4.771997679960001e-06,3.9999998989515007e-05
-4.767997679629039e-06,7.999999797903001e-05
-4.763997679298078e-06,7.999999797903001e-05
-4.759997678967116e-06,3.9999998989515007e-05
-4.755997678636155e-06,7.999999797903001e-05
-4.751997678305193e-06,7.999999797903001e-05
-4.747997677974232e-06,7.999999797903001e-05
-4.7439976776432704e-06,3.9999998989515007e-05
-4.739997677312309e-06,7.999999797903001e-05
-4.7359976769813475e-06,7.999999797903001e-05
-4.731997676650386e-06,7.999999797903001e-05
-4.7279976763194245e-06,7.999999797903001e-05
-4.723997675988463e-06,7.999999797903001e-05
-4.7199976756575015e-06,7.999999797903001e-05
-4.71599767532654e-06,7.999999797903001e-05
-4.711997674995579e-06,3.9999998989515007e-05
-4.707997674664617e-06,7.999999797903001e-05
-4.703997674333656e-06,7.999999797903001e-05
-4.699997674002694e-06,7.999999797903001e-05
-4.695997673671733e-06,7.999999797903001e-05
-4.691997673340771e-06,7.999999797903001e-05
-4.68799767300981e-06,3.9999998989515007e-05
-4.683997672678848e-06,7.999999797903001e-05
-4.679997672347887e-06,7.999999797903001e-05
-4.675997672016925e-06,7.999999797903001e-05
-4.671997671685964e-06,7.999999797903001e-05
-4.667997671355002e-06,7.999999797903001e-05
-4.663997671024041e-06,7.999999797903001e-05
-4.659997670693079e-06,7.999999797903001e-05
-4.655997670362118e-06,3.9999998989515007e-05
-4.651997670031156e-06,7.999999797903001e-05
-4.647997669700195e-06,3.9999998989515007e-05
-4.643997669369233e-06,7.999999797903001e-05
-4.639997669038272e-06,3.9999998989515007e-05
-4.63599766870731e-06,7.999999797903001e-05
-4.631997668376349e-06,7.999999797903001e-05
-4.627997668045387e-06,7.999999797903001e-05
-4.623997667714426e-06,7.999999797903001e-05
-4.6199976673834644e-06,0.00011999999696854502
-4.615997667052503e-06,7.999999797903001e-05
-4.6119976667215415e-06,7.999999797903001e-05
-4.60799766639058e-06,3.9999998989515007e-05
-4.6039976660596185e-06,3.9999998989515007e-05
-4.599997665728657e-06,7.999999797903001e-05
-4.5959976653976955e-06,7.999999797903001e-05
-4.591997665066734e-06,7.999999797903001e-05
-4.5879976647357726e-06,7.999999797903001e-05
-4.583997664404811e-06,7.999999797903001e-05
-4.57999766407385e-06,7.999999797903001e-05
-4.575997663742888e-06,3.9999998989515007e-05
-4.571997663411927e-06,7.999999797903001e-05
-4.567997663080965e-06,7.999999797903001e-05
-4.563997662750004e-06,7.999999797903001e-05
-4.559997662419042e-06,7.999999797903001e-05
-4.555997662088081e-06,7.999999797903001e-05
-4.551997661757119e-06,7.999999797903001e-05
-4.547997661426158e-06,7.999999797903001e-05
-4.543997661095196e-06,7.999999797903001e-05
-4.539997660764235e-06,7.999999797903001e-05
-4.535997660433273e-06,7.999999797903001e-05
-4.531997660102312e-06,7.999999797903001e-05
-4.52799765977135e-06,3.9999998989515007e-05
-4.523997659440389e-06,7.999999797903001e-05
-4.519997659109427e-06,3.9999998989515007e-05
-4.515997658778466e-06,7.999999797903001e-05
-4.511997658447504e-06,7.999999797903001e-05
-4.507997658116543e-06,7.999999797903001e-05
-4.503997657785581e-06,7.999999797903001e-05
-4.49999765745462e-06,7.999999797903001e-05
-4.4959976571236584e-06,7.999999797903001e-05
-4.491997656792697e-06,7.999999797903001e-05
-4.4879976564617355e-06,7.999999797903001e-05
-4.483997656130774e-06,7.999999797903001e-05
-4.4799976557998125e-06,7.999999797903001e-05
-4.475997655468851e-06,7.999999797903001e-05
-4.4719976551378895e-06,7.999999797903001e-05
-4.467997654806928e-06,7.999999797903001e-05
-4.4639976544759666e-06,3.9999998989515007e-05
-4.459997654145005e-06,7.999999797903001e-05
-4.455997653814044e-06,3.9999998989515007e-05
-4.451997653483082e-06,7.999999797903001e-05
-4.447997653152121e-06,3.9999998989515007e-05
-4.443997652821159e-06,7.999999797903001e-05
-4.439997652490198e-06,7.999999797903001e-05
-4.435997652159236e-06,7.999999797903001e-05
-4.431997651828275e-06,7.999999797903001e-05
-4.427997651497313e-06,7.999999797903001e-05
-4.423997651166352e-06,3.9999998989515007e-05
-4.41999765083539e-06,7.999999797903001e-05
-4.415997650504429e-06,3.9999998989515007e-05
-4.411997650173467e-06,3.9999998989515007e-05
-4.407997649842506e-06,3.9999998989515007e-05
-4.403997649511544e-06,7.999999797903001e-05
-4.399997649180583e-06,7.999999797903001e-05
-4.395997648849621e-06,7.999999797903001e-05
-4.39199764851866e-06,7.999999797903001e-05
-4.387997648187698e-06,7.999999797903001e-05
-4.383997647856737e-06,7.999999797903001e-05
-4.379997647525775e-06,7.999999797903001e-05
-4.375997647194814e-06,3.9999998989515007e-05
-4.3719976468638524e-06,3.9999998989515007e-05
-4.367997646532891e-06,3.9999998989515007e-05
-4.3639976462019295e-06,7.999999797903001e-05
-4.359997645870968e-06,3.9999998989515007e-05
-4.3559976455400065e-06,7.999999797903001e-05
-4.351997645209045e-06,7.999999797903001e-05
-4.3479976448780835e-06,7.999999797903001e-05
-4.343997644547122e-06,7.999999797903001e-05
-4.3399976442161606e-06,7.999999797903001e-05
-4.335997643885199e-06,7.999999797903001e-05
-4.331997643554238e-06,7.999999797903001e-05
-4.327997643223276e-06,7.999999797903001e-05
-4.323997642892315e-06,7.999999797903001e-05
-4.319997642561353e-06,7.999999797903001e-05
-4.315997642230392e-06,7.999999797903001e-05
-4.31199764189943e-06,7.999999797903001e-05
-4.307997641568469e-06,7.999999797903001e-05
-4.303997641237507e-06,7.999999797903001e-05
-4.299997640906546e-06,7.999999797903001e-05
-4.295997640575584e-06,7.999999797903001e-05
-4.291997640244623e-06,7.999999797903001e-05
-4.287997639913661e-06,7.999999797903001e-05
-4.2839976395827e-06,7.999999797903001e-05
-4.279997639251738e-06,3.9999998989515007e-05
-4.275997638920777e-06,7.999999797903001e-05
-4.271997638589815e-06,7.999999797903001e-05
-4.267997638258854e-06,0.00011999999696854502
-4.263997637927892e-06,7.999999797903001e-05
-4.259997637596931e-06,7.999999797903001e-05
-4.255997637265969e-06,7.999999797903001e-05
-4.251997636935008e-06,7.999999797903001e-05
-4.2479976366040464e-06,3.9999998989515007e-05
-4.243997636273085e-06,3.9999998989515007e-05
-4.2399976359421235e-06,3.9999998989515007e-05
-4.235997635611162e-06,3.9999998989515007e-05
-4.2319976352802005e-06,3.9999998989515007e-05
-4.227997634949239e-06,7.999999797903001e-05
-4.2239976346182775e-06,7.999999797903001e-05
-4.219997634287316e-06,0.00011999999696854502
-4.2159976339563546e-06,7.999999797903001e-05
-4.211997633625393e-06,7.999999797903001e-05
-4.207997633294432e-06,3.9999998989515007e-05
-4.20399763296347e-06,7.999999797903001e-05
-4.199997632632509e-06,7.999999797903001e-05
-4.195997632301547e-06,7.999999797903001e-05
-4.191997631970586e-06,3.9999998989515007e-05
-4.187997631639624e-06,7.999999797903001e-05
-4.183997631308663e-06,7.999999797903001e-05
-4.179997630977701e-06,7.999999797903001e-05
-4.17599763064674e-06,3.9999998989515007e-05
-4.171997630315778e-06,7.999999797903001e-05
-4.167997629984817e-06,7.999999797903001e-05
-4.163997629653855e-06,7.999999797903001e-05
-4.159997629322894e-06,7.999999797903001e-05
-4.155997628991932e-06,7.999999797903001e-05
-4.151997628660971e-06,7.999999797903001e-05
-4.147997628330009e-06,7.999999797903001e-05
-4.143997627999048e-06,7.999999797903001e-05
-4.139997627668086e-06,7.999999797903001e-05
-4.135997627337125e-06,7.999999797903001e-05
-4.131997627006163e-06,7.999999797903001e-05
-4.127997626675202e-06,7.999999797903001e-05
-4.1239976263442404e-06,7.999999797903001e-05
-4.119997626013279e-06,3.9999998989515007e-05
-4.1159976256823175e-06,7.999999797903001e-05
-4.111997625351356e-06,7.999999797903001e-05
-4.1079976250203945e-06,7.999999797903001e-05
-4.103997624689433e-06,7.999999797903001e-05
-4.0999976243584715e-06,7.999999797903001e-05
-4.09599762402751e-06,7.999999797903001e-05
-4.0919976236965486e-06,7.999999797903001e-05
-4.087997623365587e-06,7.999999797903001e-05
-4.083997623034626e-06,7.999999797903001e-05
-4.079997622703664e-06,7.999999797903001e-05
-4.075997622372703e-06,7.999999797903001e-05
-4.071997622041741e-06,3.9999998989515007e-05
-4.06799762171078e-06,7.999999797903001e-05
-4.063997621379818e-06,3.9999998989515007e-05
-4.059997621048857e-06,7.999999797903001e-05
-4.055997620717895e-06,7.999999797903001e-05
-4.051997620386934e-06,7.999999797903001e-05
-4.047997620055972e-06,3.9999998989515007e-05
-4.043997619725011e-06,7.999999797903001e-05
-4.039997619394049e-06,7.999999797903001e-05
-4.035997619063088e-06,7.999999797903001e-05
-4.031997618732126e-06,7.999999797903001e-05
-4.027997618401165e-06,7.999999797903001e-05
-4.023997618070203e-06,7.999999797903001e-05
-4.019997617739242e-06,7.999999797903001e-05
-4.01599761740828e-06,7.999999797903001e-05
-4.011997617077319e-06,7.999999797903001e-05
-4.007997616746357e-06,3.9999998989515007e-05
-4.003997616415396e-06,7.999999797903001e-05
-3.9999976160844344e-06,7.999999797903001e-05
-3.995997615753473e-06,7.999999797903001e-05
-3.9919976154225115e-06,7.999999797903001e-05
-3.98799761509155e-06,7.999999797903001e-05
-3.9839976147605885e-06,7.999999797903001e-05
-3.979997614429627e-06,7.999999797903001e-05
-3.9759976140986655e-06,7.999999797903001e-05
-3.971997613767704e-06,7.999999797903001e-05
-3.9679976134367426e-06,7.999999797903001e-05
-3.963997613105781e-06,7.999999797903001e-05
-3.95999761277482e-06,3.9999998989515007e-05
-3.955997612443858e-06,7.999999797903001e-05
-3.951997612112897e-06,7.999999797903001e-05
-3.947997611781935e-06,7.999999797903001e-05
-3.943997611450974e-06,7.999999797903001e-05
-3.939997611120012e-06,7.999999797903001e-05
-3.935997610789051e-06,7.999999797903001e-05
-3.931997610458089e-06,7.999999797903001e-05
-3.927997610127128e-06,7.999999797903001e-05
-3.923997609796166e-06,7.999999797903001e-05
-3.919997609465205e-06,7.999999797903001e-05
-3.915997609134243e-06,7.999999797903001e-05
-3.911997608803282e-06,3.9999998989515007e-05
-3.90799760847232e-06,7.999999797903001e-05
-3.903997608141359e-06,7.999999797903001e-05
-3.899997607810397e-06,7.999999797903001e-05
-3.895997607479436e-06,7.999999797903001e-05
-3.891997607148474e-06,7.999999797903001e-05
-3.887997606817513e-06,7.999999797903001e-05
-3.883997606486551e-06,7.999999797903001e-05
-3.87999760615559e-06,7.999999797903001e-05
-3.875997605824628e-06,7.999999797903001e-05
-3.871997605493667e-06,7.999999797903001e-05
-3.8679976051627055e-06,7.999999797903001e-05
-3.863997604831744e-06,7.999999797903001e-05
-3.8599976045007825e-06,7.999999797903001e-05
-3.855997604169821e-06,3.9999998989515007e-05
-3.8519976038388595e-06,7.999999797903001e-05
-3.847997603507898e-06,3.9999998989515007e-05
-3.8439976031769366e-06,7.999999797903001e-05
-3.839997602845975e-06,3.9999998989515007e-05
-3.835997602515014e-06,7.999999797903001e-05
-3.831997602184052e-06,7.999999797903001e-05
-3.827997601853091e-06,7.999999797903001e-05
-3.823997601522129e-06,7.999999797903001e-05
-3.819997601191168e-06,7.999999797903001e-05
-3.815997600860206e-06,7.999999797903001e-05
-3.8119976005292447e-06,7.999999797903001e-05
-3.807997600198283e-06,7.999999797903001e-05
-3.8039975998673217e-06,7.999999797903001e-05
-3.7999975995363602e-06,3.9999998989515007e-05
-3.7959975992053987e-06,7.999999797903001e-05
-3.7919975988744373e-06,3.9999998989515007e-05
-3.7879975985434758e-06,7.999999797903001e-05
-3.7839975982125143e-06,7.999999797903001e-05
-3.779997597881553e-06,7.999999797903001e-05
-3.7759975975505913e-06,7.999999797903001e-05
-3.77199759721963e-06,7.999999797903001e-05
-3.7679975968886684e-06,7.999999797903001e-05
-3.763997596557707e-06,7.999999797903001e-05
-3.7599975962267454e-06,7.999999797903001e-05
-3.755997595895784e-06,7.999999797903001e-05
-3.7519975955648224e-06,3.9999998989515007e-05
-3.747997595233861e-06,7.999999797903001e-05
-3.7439975949028995e-06,7.999999797903001e-05
-3.739997594571938e-06,7.999999797903001e-05
-3.7359975942409765e-06,7.999999797903001e-05
-3.731997593910015e-06,7.999999797903001e-05
-3.7279975935790535e-06,7.999999797903001e-05
-3.723997593248092e-06,7.999999797903001e-05
-3.7199975929171305e-06,7.999999797903001e-05
-3.715997592586169e-06,7.999999797903001e-05
-3.7119975922552076e-06,7.999999797903001e-05
-3.707997591924246e-06,7.999999797903001e-05
-3.7039975915932846e-06,3.9999998989515007e-05
-3.699997591262323e-06,7.999999797903001e-05
-3.6959975909313616e-06,7.999999797903001e-05
-3.6919975906004e-06,7.999999797903001e-05
-3.6879975902694387e-06,7.999999797903001e-05
-3.683997589938477e-06,7.999999797903001e-05
-3.6799975896075157e-06,3.9999998989515007e-05
-3.6759975892765542e-06,7.999999797903001e-05
-3.6719975889455927e-06,7.999999797903001e-05
-3.6679975886146313e-06,7.999999797903001e-05
-3.6639975882836698e-06,7.999999797903001e-05
-3.6599975879527083e-06,7.999999797903001e-05
-3.655997587621747e-06,7.999999797903001e-05
-3.6519975872907853e-06,7.999999797903001e-05
-3.647997586959824e-06,7.999999797903001e-05
-3.6439975866288624e-06,7.999999797903001e-05
-3.639997586297901e-06,7.999999797903001e-05
-3.6359975859669394e-06,7.999999797903001e-05
-3.631997585635978e-06,3.9999998989515007e-05
-3.6279975853050164e-06,7.999999797903001e-05
-3.623997584974055e-06,3.9999998989515007e-05
-3.6199975846430934e-06,7.999999797903001e-05
-3.615997584312132e-06,7.999999797903001e-05
-3.6119975839811705e-06,7.999999797903001e-05
-3.607997583650209e-06,7.999999797903001e-05
-3.6039975833192475e-06,7.999999797903001e-05
-3.599997582988286e-06,7.999999797903001e-05
-3.5959975826573245e-06,7.999999797903001e-05
-3.591997582326363e-06,3.9999998989515007e-05
-3.5879975819954016e-06,7.999999797903001e-05
-3.58399758166444e-06,7.999999797903001e-05
-3.5799975813334786e-06,0.00011999999696854502
-3.575997581002517e-06,7.999999797903001e-05
-3.5719975806715556e-06,7.999999797903001e-05
-3.567997580340594e-06,7.999999797903001e-05
-3.5639975800096327e-06,3.9999998989515007e-05
-3.559997579678671e-06,3.9999998989515007e-05
-3.5559975793477097e-06,7.999999797903001e-05
-3.5519975790167482e-06,7.999999797903001e-05
-3.5479975786857867e-06,7.999999797903001e-05
-3.5439975783548253e-06,7.999999797903001e-05
-3.5399975780238638e-06,7.999999797903001e-05
-3.5359975776929023e-06,3.9999998989515007e-05
-3.531997577361941e-06,7.999999797903001e-05
-3.5279975770309793e-06,7.999999797903001e-05
-3.523997576700018e-06,7.999999797903001e-05
-3.5199975763690563e-06,7.999999797903001e-05
-3.515997576038095e-06,3.9999998989515007e-05
-3.5119975757071334e-06,7.999999797903001e-05
-3.507997575376172e-06,7.999999797903001e-05
-3.5039975750452104e-06,7.999999797903001e-05
-3.499997574714249e-06,7.999999797903001e-05
-3.4959975743832874e-06,7.999999797903001e-05
-3.491997574052326e-06,7.999999797903001e-05
-3.4879975737213645e-06,7.999999797903001e-05
-3.483997573390403e-06,7.999999797903001e-05
-3.4799975730594415e-06,7.999999797903001e-05
-3.47599757272848e-06,7.999999797903001e-05
-3.4719975723975185e-06,3.9999998989515007e-05
-3.467997572066557e-06,7.999999797903001e-05
-3.4639975717355956e-06,3.9999998989515007e-05
-3.459997571404634e-06,7.999999797903001e-05
-3.4559975710736726e-06,7.999999797903001e-05
-3.451997570742711e-06,7.999999797903001e-05
-3.4479975704117496e-06,7.999999797903001e-05
-3.443997570080788e-06,7.999999797903001e-05
-3.4399975697498267e-06,3.9999998989515007e-05
-3.435997569418865e-06,3.9999998989515007e-05
-3.4319975690879037e-06,3.9999998989515007e-05
-3.4279975687569422e-06,7.999999797903001e-05
-3.4239975684259807e-06,7.999999797903001e-05
-3.4199975680950192e-06,7.999999797903001e-05
-3.4159975677640578e-06,7.999999797903001e-05
-3.4119975674330963e-06,7.999999797903001e-05
-3.407997567102135e-06,7.999999797903001e-05
-3.4039975667711733e-06,7.999999797903001e-05
-3.399997566440212e-06,3.9999998989515007e-05
-3.3959975661092503e-06,7.999999797903001e-05
-3.391997565778289e-06,7.999999797903001e-05
-3.3879975654473274e-06,7.999999797903001e-05
-3.383997565116366e-06,7.999999797903001e-05
-3.3799975647854044e-06,7.999999797903001e-05
-3.375997564454443e-06,7.999999797903001e-05
-3.3719975641234814e-06,7.999999797903001e-05
-3.36799756379252e-06,3.9999998989515007e-05
-3.3639975634615585e-06,7.999999797903001e-05
-3.359997563130597e-06,7.999999797903001e-05
-3.3559975627996355e-06,7.999999797903001e-05
-3.351997562468674e-06,3.9999998989515007e-05
-3.3479975621377125e-06,7.999999797903001e-05
-3.343997561806751e-06,7.999999797903001e-05
-3.3399975614757896e-06,7.999999797903001e-05
-3.335997561144828e-06,7.999999797903001e-05
-3.3319975608138666e-06,7.999999797903001e-05
-3.327997560482905e-06,7.999999797903001e-05
-3.3239975601519436e-06,7.999999797903001e-05
-3.319997559820982e-06,7.999999797903001e-05
-3.3159975594900207e-06,7.999999797903001e-05
-3.311997559159059e-06,7.999999797903001e-05
-3.3079975588280977e-06,7.999999797903001e-05
-3.303997558497136e-06,3.9999998989515007e-05
-3.2999975581661747e-06,7.999999797903001e-05
-3.2959975578352132e-06,3.9999998989515007e-05
-3.2919975575042518e-06,7.999999797903001e-05
-3.2879975571732903e-06,7.999999797903001e-05
-3.283997556842329e-06,7.999999797903001e-05
-3.2799975565113673e-06,3.9999998989515007e-05
-3.275997556180406e-06,7.999999797903001e-05
-3.2719975558494443e-06,7.999999797903001e-05
-3.267997555518483e-06,7.999999797903001e-05
-3.2639975551875214e-06,7.999999797903001e-05
-3.25999755485656e-06,7.999999797903001e-05
-3.2559975545255984e-06,7.999999797903001e-05
-3.251997554194637e-06,7.999999797903001e-05
-3.2479975538636754e-06,7.999999797903001e-05
-3.243997553532714e-06,7.999999797903001e-05
-3.2399975532017525e-06,7.999999797903001e-05
-3.235997552870791e-06,7.999999797903001e-05
-3.2319975525398295e-06,3.9999998989515007e-05
-3.227997552208868e-06,7.999999797903001e-05
-3.2239975518779065e-06,7.999999797903001e-05
-3.219997551546945e-06,7.999999797903001e-05
-3.2159975512159836e-06,7.999999797903001e-05
-3.211997550885022e-06,7.999999797903001e-05
-3.2079975505540606e-06,7.999999797903001e-05
-3.203997550223099e-06,7.999999797903001e-05
-3.1999975498921376e-06,7.999999797903001e-05
-3.195997549561176e-06,7.999999797903001e-05
-3.1919975492302147e-06,7.999999797903001e-05
-3.187997548899253e-06,7.999999797903001e-05
-3.1839975485682917e-06,3.9999998989515007e-05
-3.17999754823733e-06,7.999999797903001e-05
-3.1759975479063687e-06,7.999999797903001e-05
-3.1719975475754072e-06,7.999999797903001e-05
-3.1679975472444458e-06,7.999999797903001e-05
-3.1639975469134843e-06,7.999999797903001e-05
-3.1599975465825228e-06,7.999999797903001e-05
-3.1559975462515613e-06,7.999999797903001e-05
-3.1519975459206e-06,3.9999998989515007e-05
-3.1479975455896383e-06,7.999999797903001e-05
-3.143997545258677e-06,7.999999797903001e-05
-3.1399975449277154e-06,7.999999797903001e-05
-3.135997544596754e-06,3.9999998989515007e-05
-3.1319975442657924e-06,7.999999797903001e-05
-3.127997543934831e-06,7.999999797903001e-05
-3.1239975436038694e-06,7.999999797903001e-05
-3.119997543272908e-06,7.999999797903001e-05
-3.1159975429419465e-06,7.999999797903001e-05
-3.111997542610985e-06,7.999999797903001e-05
-3.1079975422800235e-06,7.999999797903001e-05
-3.103997541949062e-06,7.999999797903001e-05
-3.0999975416181005e-06,7.999999797903001e-05
-3.095997541287139e-06,7.999999797903001e-05
-3.0919975409561776e-06,7.999999797903001e-05
-3.087997540625216e-06,7.999999797903001e-05
-3.0839975402942546e-06,7.999999797903001e-05
-3.079997539963293e-06,3.9999998989515007e-05
-3.0759975396323316e-06,7.999999797903001e-05
-3.07199753930137e-06,3.9999998989515007e-05
-3.0679975389704087e-06,7.999999797903001e-05
-3.063997538639447e-06,7.999999797903001e-05
-3.0599975383084857e-06,0.00011999999696854502
-3.055997537977524e-06,7.999999797903001e-05
-3.0519975376465627e-06,0.00011999999696854502
-3.0479975373156012e-06,7.999999797903001e-05
-3.0439975369846398e-06,0.00011999999696854502
-3.0399975366536783e-06,7.999999797903001e-05
-3.0359975363227168e-06,7.999999797903001e-05
-3.0319975359917553e-06,3.9999998989515007e-05
-3.027997535660794e-06,3.9999998989515007e-05
-3.0239975353298323e-06,3.9999998989515007e-05
-3.019997534998871e-06,7.999999797903001e-05
-3.0159975346679094e-06,3.9999998989515007e-05
-3.011997534336948e-06,7.999999797903001e-05
-3.0079975340059864e-06,7.999999797903001e-05
-3.003997533675025e-06,7.999999797903001e-05
-2.9999975333440634e-06,7.999999797903001e-05
-2.995997533013102e-06,7.999999797903001e-05
-2.9919975326821405e-06,7.999999797903001e-05
-2.987997532351179e-06,7.999999797903001e-05
-2.9839975320202175e-06,7.999999797903001e-05
-2.979997531689256e-06,7.999999797903001e-05
-2.9759975313582945e-06,7.999999797903001e-05
-2.971997531027333e-06,7.999999797903001e-05
-2.9679975306963716e-06,7.999999797903001e-05
-2.96399753036541e-06,3.9999998989515007e-05
-2.9599975300344486e-06,3.9999998989515007e-05
-2.955997529703487e-06,3.9999998989515007e-05
-2.9519975293725256e-06,3.9999998989515007e-05
-2.947997529041564e-06,3.9999998989515007e-05
-2.9439975287106027e-06,7.999999797903001e-05
-2.939997528379641e-06,0.00011999999696854502
-2.9359975280486797e-06,7.999999797903001e-05
-2.931997527717718e-06,0.00011999999696854502
-2.9279975273867567e-06,7.999999797903001e-05
-2.9239975270557952e-06,7.999999797903001e-05
-2.9199975267248337e-06,7.999999797903001e-05
-2.9159975263938723e-06,7.999999797903001e-05
-2.9119975260629108e-06,3.9999998989515007e-05
-2.9079975257319493e-06,3.9999998989515007e-05
-2.903997525400988e-06,3.9999998989515007e-05
-2.8999975250700263e-06,3.9999998989515007e-05
-2.895997524739065e-06,3.9999998989515007e-05
-2.8919975244081034e-06,7.999999797903001e-05
-2.887997524077142e-06,7.999999797903001e-05
-2.8839975237461804e-06,7.999999797903001e-05
-2.879997523415219e-06,7.999999797903001e-05
-2.8759975230842574e-06,7.999999797903001e-05
-2.871997522753296e-06,7.999999797903001e-05
-2.8679975224223345e-06,7.999999797903001e-05
-2.863997522091373e-06,7.999999797903001e-05
-2.8599975217604115e-06,7.999999797903001e-05
-2.85599752142945e-06,7.999999797903001e-05
-2.8519975210984885e-06,7.999999797903001e-05
-2.847997520767527e-06,3.9999998989515007e-05
-2.8439975204365656e-06,7.999999797903001e-05
-2.839997520105604e-06,7.999999797903001e-05
-2.8359975197746426e-06,7.999999797903001e-05
-2.831997519443681e-06,3.9999998989515007e-05
-2.8279975191127196e-06,7.999999797903001e-05
-2.823997518781758e-06,3.9999998989515007e-05
-2.8199975184507966e-06,7.999999797903001e-05
-2.815997518119835e-06,3.9999998989515007e-05
-2.8119975177888737e-06,7.999999797903001e-05
-2.807997517457912e-06,7.999999797903001e-05
-2.8039975171269507e-06,7.999999797903001e-05
-2.7999975167959892e-06,7.999999797903001e-05
-2.7959975164650277e-06,7.999999797903001e-05
-2.7919975161340663e-06,7.999999797903001e-05
-2.7879975158031048e-06,7.999999797903001e-05
-2.7839975154721433e-06,7.999999797903001e-05
-2.779997515141182e-06,7.999999797903001e-05
-2.7759975148102203e-06,3.9999998989515007e-05
-2.771997514479259e-06,7.999999797903001e-05
-2.7679975141482974e-06,3.9999998989515007e-05
-2.763997513817336e-06,7.999999797903001e-05
-2.7599975134863744e-06,7.999999797903001e-05
-2.755997513155413e-06,7.999999797903001e-05
-2.7519975128244514e-06,7.999999797903001e-05
-2.74799751249349e-06,7.999999797903001e-05
-2.7439975121625285e-06,3.9999998989515007e-05
-2.739997511831567e-06,7.999999797903001e-05
-2.7359975115006055e-06,7.999999797903001e-05
-2.731997511169644e-06,7.999999797903001e-05
-2.7279975108386825e-06,7.999999797903001e-05
-2.723997510507721e-06,0.00011999999696854502
-2.7199975101767595e-06,7.999999797903001e-05
-2.715997509845798e-06,7.999999797903001e-05
-2.7119975095148366e-06,7.999999797903001e-05
-2.707997509183875e-06,7.999999797903001e-05
-2.7039975088529136e-06,7.999999797903001e-05
-2.699997508521952e-06,7.999999797903001e-05
-2.6959975081909906e-06,3.9999998989515007e-05
-2.691997507860029e-06,7.999999797903001e-05
-2.6879975075290677e-06,3.9999998989515007e-05
-2.683997507198106e-06,7.999999797903001e-05
-2.6799975068671447e-06,7.999999797903001e-05
-2.6759975065361832e-06,7.999999797903001e-05
-2.6719975062052217e-06,7.999999797903001e-05
-2.6679975058742603e-06,7.999999797903001e-05
-2.6639975055432988e-06,7.999999797903001e-05
-2.6599975052123373e-06,0.00011999999696854502
-2.655997504881376e-06,7.999999797903001e-05
-2.6519975045504143e-06,0.00011999999696854502
-2.647997504219453e-06,7.999999797903001e-05
-2.6439975038884914e-06,7.999999797903001e-05
-2.63999750355753e-06,7.999999797903001e-05
-2.6359975032265684e-06,7.999999797903001e-05
-2.631997502895607e-06,3.9999998989515007e-05
-2.6279975025646454e-06,3.9999998989515007e-05
-2.623997502233684e-06,3.9999998989515007e-05
-2.6199975019027224e-06,7.999999797903001e-05
-2.615997501571761e-06,7.999999797903001e-05
-2.6119975012407995e-06,7.999999797903001e-05
-2.607997500909838e-06,7.999999797903001e-05
-2.6039975005788765e-06,7.999999797903001e-05
-2.599997500247915e-06,7.999999797903001e-05
-2.5959974999169535e-06,7.999999797903001e-05
-2.591997499585992e-06,7.999999797903001e-05
-2.5879974992550306e-06,7.999999797903001e-05
-2.583997498924069e-06,3.9999998989515007e-05
-2.5799974985931076e-06,7.999999797903001e-05
-2.575997498262146e-06,3.9999998989515007e-05
-2.5719974979311846e-06,7.999999797903001e-05
-2.567997497600223e-06,3.9999998989515007e-05
-2.5639974972692617e-06,7.999999797903001e-05
-2.5599974969383e-06,3.9999998989515007e-05
-2.5559974966073387e-06,7.999999797903001e-05
-2.5519974962763772e-06,7.999999797903001e-05
-2.5479974959454157e-06,7.999999797903001e-05
-2.5439974956144543e-06,7.999999797903001e-05
-2.5399974952834928e-06,7.999999797903001e-05
-2.5359974949525313e-06,7.999999797903001e-05
-2.53199749462157e-06,7.999999797903001e-05
-2.5279974942906083e-06,7.999999797903001e-05
-2.523997493959647e-06,7.999999797903001e-05
-2.5199974936286853e-06,7.999999797903001e-05
-2.515997493297724e-06,7.999999797903001e-05
-2.5119974929667624e-06,7.999999797903001e-05
-2.507997492635801e-06,3.9999998989515007e-05
-2.5039974923048394e-06,3.9999998989515007e-05
-2.499997491973878e-06,3.9999998989515007e-05
-2.4959974916429164e-06,3.9999998989515007e-05
-2.491997491311955e-06,7.999999797903001e-05
-2.4879974909809935e-06,7.999999797903001e-05
-2.483997490650032e-06,7.999999797903001e-05
-2.4799974903190705e-06,7.999999797903001e-05
-2.475997489988109e-06,0.00011999999696854502
-2.4719974896571475e-06,7.999999797903001e-05
-2.467997489326186e-06,7.999999797903001e-05
-2.4639974889952246e-06,7.999999797903001e-05
-2.459997488664263e-06,7.999999797903001e-05
-2.4559974883333016e-06,3.9999998989515007e-05
-2.45199748800234e-06,7.999999797903001e-05
-2.4479974876713786e-06,3.9999998989515007e-05
-2.443997487340417e-06,7.999999797903001e-05
-2.4399974870094557e-06,3.9999998989515007e-05
-2.435997486678494e-06,7.999999797903001e-05
-2.4319974863475327e-06,7.999999797903001e-05
-2.4279974860165712e-06,7.999999797903001e-05
-2.4239974856856097e-06,7.999999797903001e-05
-2.4199974853546482e-06,7.999999797903001e-05
-2.4159974850236868e-06,7.999999797903001e-05
-2.4119974846927253e-06,7.999999797903001e-05
-2.407997484361764e-06,7.999999797903001e-05
-2.4039974840308023e-06,7.999999797903001e-05
-2.399997483699841e-06,7.999999797903001e-05
-2.3959974833688793e-06,7.999999797903001e-05
-2.391997483037918e-06,7.999999797903001e-05
-2.3879974827069564e-06,7.999999797903001e-05
-2.383997482375995e-06,3.9999998989515007e-05
-2.3799974820450334e-06,3.9999998989515007e-05
-2.375997481714072e-06,3.9999998989515007e-05
-2.3719974813831104e-06,7.999999797903001e-05
-2.367997481052149e-06,3.9999998989515007e-05
-2.3639974807211875e-06,7.999999797903001e-05
-2.359997480390226e-06,7.999999797903001e-05
-2.3559974800592645e-06,7.999999797903001e-05
-2.351997479728303e-06,7.999999797903001e-05
-2.3479974793973415e-06,7.999999797903001e-05
-2.34399747906638e-06,3.9999998989515007e-05
-2.3399974787354186e-06,7.999999797903001e-05
-2.335997478404457e-06,3.9999998989515007e-05
-2.3319974780734956e-06,7.999999797903001e-05
-2.327997477742534e-06,3.9999998989515007e-05
-2.3239974774115726e-06,7.999999797903001e-05
-2.319997477080611e-06,7.999999797903001e-05
-2.3159974767496497e-06,7.999999797903001e-05
-2.311997476418688e-06,7.999999797903001e-05
-2.3079974760877267e-06,0.00011999999696854502
-2.3039974757567652e-06,7.999999797903001e-05
-2.2999974754258037e-06,7.999999797903001e-05
-2.2959974750948422e-06,7.999999797903001e-05
-2.2919974747638808e-06,7.999999797903001e-05
-2.2879974744329193e-06,7.999999797903001e-05
-2.283997474101958e-06,7.999999797903001e-05
-2.2799974737709963e-06,7.999999797903001e-05
-2.275997473440035e-06,7.999999797903001e-05
-2.2719974731090733e-06,7.999999797903001e-05
-2.267997472778112e-06,7.999999797903001e-05
-2.2639974724471504e-06,3.9999998989515007e-05
-2.259997472116189e-06,7.999999797903001e-05
-2.2559974717852274e-06,7.999999797903001e-05
-2.251997471454266e-06,7.999999797903001e-05
-2.2479974711233044e-06,7.999999797903001e-05
-2.243997470792343e-06,7.999999797903001e-05
-2.2399974704613815e-06,7.999999797903001e-05
-2.23599747013042e-06,7.999999797903001e-05
-2.2319974697994585e-06,7.999999797903001e-05
-2.227997469468497e-06,7.999999797903001e-05
-2.2239974691375355e-06,7.999999797903001e-05
-2.219997468806574e-06,7.999999797903001e-05
-2.2159974684756126e-06,7.999999797903001e-05
-2.211997468144651e-06,7.999999797903001e-05
-2.2079974678136896e-06,7.999999797903001e-05
-2.203997467482728e-06,7.999999797903001e-05
-2.1999974671517666e-06,7.999999797903001e-05
-2.195997466820805e-06,7.999999797903001e-05
-2.1919974664898437e-06,7.999999797903001e-05
-2.187997466158882e-06,7.999999797903001e-05
-2.1839974658279207e-06,7.999999797903001e-05
-2.179997465496959e-06,7.999999797903001e-05
-2.1759974651659977e-06,7.999999797903001e-05
-2.1719974648350362e-06,7.999999797903001e-05
-2.1679974645040748e-06,7.999999797903001e-05
-2.1639974641731133e-06,7.999999797903001e-05
-2.159997463842152e-06,7.999999797903001e-05
-2.1559974635111903e-06,7.999999797903001e-05
-2.151997463180229e-06,7.999999797903001e-05
-2.1479974628492673e-06,7.999999797903001e-05
-2.143997462518306e-06,7.999999797903001e-05
-2.1399974621873444e-06,7.999999797903001e-05
-2.135997461856383e-06,7.999999797903001e-05
-2.1319974615254214e-06,7.999999797903001e-05
-2.12799746119446e-06,7.999999797903001e-05
-2.1239974608634984e-06,7.999999797903001e-05
-2.119997460532537e-06,7.999999797903001e-05
-2.1159974602015755e-06,7.999999797903001e-05
-2.111997459870614e-06,7.999999797903001e-05
-2.1079974595396525e-06,7.999999797903001e-05
-2.103997459208691e-06,7.999999797903001e-05
-2.0999974588777295e-06,7.999999797903001e-05
-2.095997458546768e-06,7.999999797903001e-05
-2.0919974582158066e-06,7.999999797903001e-05
-2.087997457884845e-06,7.999999797903001e-05
-2.0839974575538836e-06,7.999999797903001e-05
-2.079997457222922e-06,7.999999797903001e-05
-2.0759974568919606e-06,7.999999797903001e-05
-2.071997456560999e-06,3.9999998989515007e-05
-2.0679974562300377e-06,7.999999797903001e-05
-2.063997455899076e-06,7.999999797903001e-05
-2.0599974555681147e-06,7.999999797903001e-05
-2.055997455237153e-06,3.9999998989515007e-05
-2.0519974549061917e-06,7.999999797903001e-05
-2.0479974545752302e-06,7.999999797903001e-05
-2.0439974542442688e-06,7.999999797903001e-05
-2.0399974539133073e-06,7.999999797903001e-05
-2.0359974535823458e-06,0.00011999999696854502
-2.0319974532513843e-06,7.999999797903001e-05
-2.027997452920423e-06,7.999999797903001e-05
-2.0239974525894613e-06,7.999999797903001e-05
-2.0199974522585e-06,7.999999797903001e-05
-2.0159974519275384e-06,7.999999797903001e-05
-2.011997451596577e-06,7.999999797903001e-05
-2.0079974512656154e-06,3.9999998989515007e-05
-2.003997450934654e-06,7.999999797903001e-05
-1.9999974506036924e-06,7.999999797903001e-05
-1.995997450272731e-06,7.999999797903001e-05
-1.9919974499417695e-06,7.999999797903001e-05
-1.987997449610808e-06,7.999999797903001e-05
-1.9839974492798465e-06,7.999999797903001e-05
-1.979997448948885e-06,7.999999797903001e-05
-1.9759974486179235e-06,7.999999797903001e-05
-1.971997448286962e-06,7.999999797903001e-05
-1.9679974479560006e-06,7.999999797903001e-05
-1.963997447625039e-06,7.999999797903001e-05
-1.9599974472940776e-06,7.999999797903001e-05
-1.955997446963116e-06,7.999999797903001e-05
-1.9519974466321546e-06,7.999999797903001e-05
-1.947997446301193e-06,7.999999797903001e-05
-1.9439974459702317e-06,7.999999797903001e-05
-1.93999744563927e-06,7.999999797903001e-05
-1.9359974453083087e-06,3.9999998989515007e-05
-1.931997444977347e-06,7.999999797903001e-05
-1.9279974446463857e-06,7.999999797903001e-05
-1.9239974443154242e-06,7.999999797903001e-05
-1.9199974439844627e-06,7.999999797903001e-05
-1.9159974436535013e-06,7.999999797903001e-05
-1.9119974433225398e-06,7.999999797903001e-05
-1.9079974429915783e-06,7.999999797903001e-05
-1.9039974426606168e-06,7.999999797903001e-05
-1.8999974423296553e-06,7.999999797903001e-05
-1.8959974419986938e-06,7.999999797903001e-05
-1.8919974416677324e-06,7.999999797903001e-05
-1.8879974413367709e-06,3.9999998989515007e-05
-1.8839974410058094e-06,7.999999797903001e-05
-1.879997440674848e-06,3.9999998989515007e-05
-1.8759974403438864e-06,7.999999797903001e-05
-1.871997440012925e-06,7.999999797903001e-05
-1.8679974396819635e-06,7.999999797903001e-05
-1.863997439351002e-06,7.999999797903001e-05
-1.8599974390200405e-06,7.999999797903001e-05
-1.855997438689079e-06,7.999999797903001e-05
-1.8519974383581175e-06,7.999999797903001e-05
-1.847997438027156e-06,3.9999998989515007e-05
-1.8439974376961946e-06,7.999999797903001e-05
-1.839997437365233e-06,7.999999797903001e-05
-1.8359974370342716e-06,7.999999797903001e-05
-1.83199743670331e-06,7.999999797903001e-05
-1.8279974363723486e-06,7.999999797903001e-05
-1.8239974360413871e-06,7.999999797903001e-05
-1.8199974357104256e-06,7.999999797903001e-05
-1.8159974353794642e-06,3.9999998989515007e-05
-1.8119974350485027e-06,7.999999797903001e-05
-1.8079974347175412e-06,7.999999797903001e-05
-1.8039974343865797e-06,7.999999797903001e-05
-1.7999974340556182e-06,7.999999797903001e-05
-1.7959974337246567e-06,7.999999797903001e-05
-1.7919974333936953e-06,7.999999797903001e-05
-1.7879974330627338e-06,7.999999797903001e-05
-1.7839974327317723e-06,7.999999797903001e-05
-1.7799974324008108e-06,7.999999797903001e-05
-1.7759974320698493e-06,7.999999797903001e-05
-1.7719974317388878e-06,7.999999797903001e-05
-1.7679974314079264e-06,7.999999797903001e-05
-1.7639974310769649e-06,7.999999797903001e-05
-1.7599974307460034e-06,7.999999797903001e-05
-1.755997430415042e-06,7.999999797903001e-05
-1.7519974300840804e-06,3.9999998989515007e-05
-1.747997429753119e-06,7.999999797903001e-05
-1.7439974294221575e-06,7.999999797903001e-05
-1.739997429091196e-06,7.999999797903001e-05
-1.7359974287602345e-06,7.999999797903001e-05
-1.731997428429273e-06,7.999999797903001e-05
-1.7279974280983115e-06,7.999999797903001e-05
-1.72399742776735e-06,7.999999797903001e-05
-1.7199974274363885e-06,7.999999797903001e-05
-1.715997427105427e-06,7.999999797903001e-05
-1.7119974267744656e-06,7.999999797903001e-05
-1.707997426443504e-06,7.999999797903001e-05
-1.7039974261125426e-06,3.9999998989515007e-05
-1.6999974257815811e-06,7.999999797903001e-05
-1.6959974254506196e-06,7.999999797903001e-05
-1.6919974251196582e-06,7.999999797903001e-05
-1.6879974247886967e-06,7.999999797903001e-05
-1.6839974244577352e-06,7.999999797903001e-05
-1.6799974241267737e-06,7.999999797903001e-05
-1.6759974237958122e-06,7.999999797903001e-05
-1.6719974234648507e-06,7.999999797903001e-05
-1.6679974231338893e-06,7.999999797903001e-05
-1.6639974228029278e-06,7.999999797903001e-05
-1.6599974224719663e-06,7.999999797903001e-05
-1.6559974221410048e-06,7.999999797903001e-05
-1.6519974218100433e-06,7.999999797903001e-05
-1.6479974214790818e-06,7.999999797903001e-05
-1.6439974211481204e-06,7.999999797903001e-05
-1.6399974208171589e-06,3.9999998989515007e-05
-1.6359974204861974e-06,7.999999797903001e-05
-1.631997420155236e-06,7.999999797903001e-05
-1.6279974198242744e-06,7.999999797903001e-05
-1.623997419493313e-06,7.999999797903001e-05
-1.6199974191623514e-06,7.999999797903001e-05
-1.61599741883139e-06,7.999999797903001e-05
-1.6119974185004285e-06,7.999999797903001e-05
-1.607997418169467e-06,3.9999998989515007e-05
-1.6039974178385055e-06,7.999999797903001e-05
-1.599997417507544e-06,7.999999797903001e-05
-1.5959974171765825e-06,7.999999797903001e-05
-1.591997416845621e-06,7.999999797903001e-05
-1.5879974165146596e-06,7.999999797903001e-05
-1.583997416183698e-06,7.999999797903001e-05
-1.5799974158527366e-06,7.999999797903001e-05
-1.5759974155217751e-06,7.999999797903001e-05
-1.5719974151908136e-06,7.999999797903001e-05
-1.5679974148598522e-06,7.999999797903001e-05
-1.5639974145288907e-06,7.999999797903001e-05
-1.5599974141979292e-06,7.999999797903001e-05
-1.5559974138669677e-06,7.999999797903001e-05
-1.5519974135360062e-06,7.999999797903001e-05
-1.5479974132050447e-06,7.999999797903001e-05
-1.5439974128740833e-06,7.999999797903001e-05
-1.5399974125431218e-06,7.999999797903001e-05
-1.5359974122121603e-06,7.999999797903001e-05
-1.5319974118811988e-06,7.999999797903001e-05
-1.5279974115502373e-06,3.9999998989515007e-05
-1.5239974112192758e-06,7.999999797903001e-05
-1.5199974108883143e-06,3.9999998989515007e-05
-1.5159974105573529e-06,7.999999797903001e-05
-1.5119974102263914e-06,7.999999797903001e-05
-1.50799740989543e-06,7.999999797903001e-05
-1.5039974095644684e-06,7.999999797903001e-05
-1.499997409233507e-06,7.999999797903001e-05
-1.4959974089025454e-06,7.999999797903001e-05
-1.491997408571584e-06,7.999999797903001e-05
-1.4879974082406225e-06,3.9999998989515007e-05
-1.483997407909661e-06,7.999999797903001e-05
-1.4799974075786995e-06,7.999999797903001e-05
-1.475997407247738e-06,7.999999797903001e-05
-1.4719974069167765e-06,7.999999797903001e-05
-1.467997406585815e-06,7.999999797903001e-05
-1.4639974062548536e-06,7.999999797903001e-05
-1.459997405923892e-06,7.999999797903001e-05
-1.4559974055929306e-06,7.999999797903001e-05
-1.4519974052619691e-06,7.999999797903001e-05
-1.4479974049310076e-06,7.999999797903001e-05
-1.4439974046000462e-06,7.999999797903001e-05
-1.4399974042690847e-06,3.9999998989515007e-05
-1.4359974039381232e-06,7.999999797903001e-05
-1.4319974036071617e-06,7.999999797903001e-05
-1.4279974032762002e-06,7.999999797903001e-05
-1.4239974029452387e-06,7.999999797903001e-05
-1.4199974026142772e-06,0.00011999999696854502
-1.4159974022833158e-06,7.999999797903001e-05
-1.4119974019523543e-06,7.999999797903001e-05
-1.4079974016213928e-06,7.999999797903001e-05
-1.4039974012904313e-06,7.999999797903001e-05
-1.3999974009594698e-06,3.9999998989515007e-05
-1.3959974006285083e-06,7.999999797903001e-05
-1.3919974002975469e-06,7.999999797903001e-05
-1.3879973999665854e-06,7.999999797903001e-05
-1.3839973996356239e-06,7.999999797903001e-05
-1.3799973993046624e-06,7.999999797903001e-05
-1.375997398973701e-06,7.999999797903001e-05
-1.3719973986427394e-06,7.999999797903001e-05
-1.367997398311778e-06,7.999999797903001e-05
-1.3639973979808165e-06,7.999999797903001e-05
-1.359997397649855e-06,7.999999797903001e-05
-1.3559973973188935e-06,7.999999797903001e-05
-1.351997396987932e-06,7.999999797903001e-05
-1.3479973966569705e-06,7.999999797903001e-05
-1.343997396326009e-06,3.9999998989515007e-05
-1.3399973959950476e-06,7.999999797903001e-05
-1.335997395664086e-06,7.999999797903001e-05
-1.3319973953331246e-06,7.999999797903001e-05
-1.3279973950021631e-06,7.999999797903001e-05
-1.3239973946712016e-06,7.999999797903001e-05
-1.3199973943402401e-06,3.9999998989515007e-05
-1.3159973940092787e-06,7.999999797903001e-05
-1.3119973936783172e-06,7.999999797903001e-05
-1.3079973933473557e-06,7.999999797903001e-05
-1.3039973930163942e-06,7.999999797903001e-05
-1.2999973926854327e-06,0.00011999999696854502
-1.2959973923544712e-06,7.999999797903001e-05
-1.2919973920235098e-06,7.999999797903001e-05
-1.2879973916925483e-06,7.999999797903001e-05
-1.2839973913615868e-06,7.999999797903001e-05
-1.2799973910306253e-06,3.9999998989515007e-05
-1.2759973906996638e-06,7.999999797903001e-05
-1.2719973903687023e-06,7.999999797903001e-05
-1.2679973900377409e-06,7.999999797903001e-05
-1.2639973897067794e-06,7.999999797903001e-05
-1.2599973893758179e-06,7.999999797903001e-05
-1.2559973890448564e-06,7.999999797903001e-05
-1.251997388713895e-06,7.999999797903001e-05
-1.2479973883829334e-06,7.999999797903001e-05
-1.243997388051972e-06,7.999999797903001e-05
-1.2399973877210105e-06,7.999999797903001e-05
-1.235997387390049e-06,7.999999797903001e-05
-1.2319973870590875e-06,3.9999998989515007e-05
-1.227997386728126e-06,7.999999797903001e-05
-1.2239973863971645e-06,7.999999797903001e-05
-1.219997386066203e-06,7.999999797903001e-05
-1.2159973857352416e-06,7.999999797903001e-05
-1.21199738540428e-06,7.999999797903001e-05
-1.2079973850733186e-06,7.999999797903001e-05
-1.2039973847423571e-06,7.999999797903001e-05
-1.1999973844113956e-06,7.999999797903001e-05
-1.1959973840804341e-06,7.999999797903001e-05
-1.1919973837494727e-06,3.9999998989515007e-05
-1.1879973834185112e-06,7.999999797903001e-05
-1.1839973830875497e-06,7.999999797903001e-05
-1.1799973827565882e-06,7.999999797903001e-05
-1.1759973824256267e-06,7.999999797903001e-05
-1.1719973820946652e-06,0.00011999999696854502
-1.1679973817637038e-06,0.00011999999696854502
-1.1639973814327423e-06,7.999999797903001e-05
-1.1599973811017808e-06,7.999999797903001e-05
-1.1559973807708193e-06,7.999999797903001e-05
-1.1519973804398578e-06,7.999999797903001e-05
-1.1479973801088963e-06,7.999999797903001e-05
-1.1439973797779349e-06,7.999999797903001e-05
-1.1399973794469734e-06,7.999999797903001e-05
-1.1359973791160119e-06,7.999999797903001e-05
-1.1319973787850504e-06,7.999999797903001e-05
-1.127997378454089e-06,7.999999797903001e-05
-1.1239973781231274e-06,7.999999797903001e-05
-1.119997377792166e-06,7.999999797903001e-05
-1.1159973774612045e-06,7.999999797903001e-05
-1.111997377130243e-06,7.999999797903001e-05
-1.1079973767992815e-06,7.999999797903001e-05
-1.10399737646832e-06,7.999999797903001e-05
-1.0999973761373585e-06,7.999999797903001e-05
-1.095997375806397e-06,7.999999797903001e-05
-1.0919973754754356e-06,7.999999797903001e-05
-1.087997375144474e-06,7.999999797903001e-05
-1.0839973748135126e-06,7.999999797903001e-05
-1.0799973744825511e-06,7.999999797903001e-05
-1.0759973741515896e-06,3.9999998989515007e-05
-1.0719973738206281e-06,3.9999998989515007e-05
-1.0679973734896667e-06,7.999999797903001e-05
-1.0639973731587052e-06,7.999999797903001e-05
-1.0599973728277437e-06,7.999999797903001e-05
-1.0559973724967822e-06,7.999999797903001e-05
-1.0519973721658207e-06,7.999999797903001e-05
-1.0479973718348592e-06,3.9999998989515007e-05
-1.0439973715038978e-06,7.999999797903001e-05
-1.0399973711729363e-06,7.999999797903001e-05
-1.0359973708419748e-06,7.999999797903001e-05
-1.0319973705110133e-06,7.999999797903001e-05
-1.0279973701800518e-06,7.999999797903001e-05
-1.0239973698490903e-06,7.999999797903001e-05
-1.0199973695181288e-06,7.999999797903001e-05
-1.0159973691871674e-06,7.999999797903001e-05
-1.0119973688562059e-06,7.999999797903001e-05
-1.0079973685252444e-06,7.999999797903001e-05
-1.003997368194283e-06,7.999999797903001e-05
-9.999973678633214e-07,7.999999797903001e-05
-9.9599736753236e-07,7.999999797903001e-05
-9.919973672013985e-07,3.9999998989515007e-05
-9.87997366870437e-07,7.999999797903001e-05
-9.839973665394755e-07,7.999999797903001e-05
-9.79997366208514e-07,7.999999797903001e-05
-9.759973658775525e-07,7.999999797903001e-05
-9.71997365546591e-07,0.00011999999696854502
-9.679973652156296e-07,7.999999797903001e-05
-9.63997364884668e-07,7.999999797903001e-05
-9.599973645537066e-07,7.999999797903001e-05
-9.55997364222745e-07,7.999999797903001e-05
-9.519973638917836e-07,7.999999797903001e-05
-9.479973635608221e-07,7.999999797903001e-05
-9.439973632298607e-07,7.999999797903001e-05
-9.399973628988992e-07,7.999999797903001e-05
-9.359973625679377e-07,7.999999797903001e-05
-9.319973622369762e-07,7.999999797903001e-05
-9.279973619060147e-07,7.999999797903001e-05
-9.239973615750532e-07,7.999999797903001e-05
-9.199973612440917e-07,7.999999797903001e-05
-9.159973609131303e-07,7.999999797903001e-05
-9.119973605821688e-07,7.999999797903001e-05
-9.079973602512073e-07,7.999999797903001e-05
-9.039973599202458e-07,7.999999797903001e-05
-8.999973595892843e-07,7.999999797903001e-05
-8.959973592583228e-07,7.999999797903001e-05
-8.919973589273614e-07,7.999999797903001e-05
-8.879973585963999e-07,7.999999797903001e-05
-8.839973582654384e-07,7.999999797903001e-05
-8.799973579344769e-07,7.999999797903001e-05
-8.759973576035154e-07,7.999999797903001e-05
-8.719973572725539e-07,3.9999998989515007e-05
-8.679973569415925e-07,7.999999797903001e-05
-8.63997356610631e-07,7.999999797903001e-05
-8.599973562796695e-07,7.999999797903001e-05
-8.55997355948708e-07,7.999999797903001e-05
-8.519973556177465e-07,0.00011999999696854502
-8.47997355286785e-07,7.999999797903001e-05
-8.439973549558236e-07,7.999999797903001e-05
-8.399973546248621e-07,7.999999797903001e-05
-8.359973542939006e-07,7.999999797903001e-05
-8.319973539629391e-07,3.9999998989515007e-05
-8.279973536319776e-07,7.999999797903001e-05
-8.239973533010161e-07,3.9999998989515007e-05
-8.199973529700546e-07,7.999999797903001e-05
-8.159973526390932e-07,7.999999797903001e-05
-8.119973523081317e-07,7.999999797903001e-05
-8.079973519771702e-07,7.999999797903001e-05
-8.039973516462087e-07,7.999999797903001e-05
-7.999973513152472e-07,7.999999797903001e-05
-7.959973509842857e-07,7.999999797903001e-05
-7.919973506533243e-07,7.999999797903001e-05
-7.879973503223628e-07,7.999999797903001e-05
-7.839973499914013e-07,7.999999797903001e-05
-7.799973496604398e-07,7.999999797903001e-05
-7.759973493294783e-07,7.999999797903001e-05
-7.719973489985168e-07,7.999999797903001e-05
-7.679973486675554e-07,7.999999797903001e-05
-7.639973483365939e-07,7.999999797903001e-05
-7.599973480056324e-07,7.999999797903001e-05
-7.559973476746709e-07,7.999999797903001e-05
-7.519973473437094e-07,3.9999998989515007e-05
-7.479973470127479e-07,7.999999797903001e-05
-7.439973466817865e-07,7.999999797903001e-05
-7.39997346350825e-07,7.999999797903001e-05
-7.359973460198635e-07,7.999999797903001e-05
-7.31997345688902e-07,7.999999797903001e-05
-7.279973453579405e-07,7.999999797903001e-05
-7.23997345026979e-07,7.999999797903001e-05
-7.199973446960175e-07,7.999999797903001e-05
-7.159973443650561e-07,7.999999797903001e-05
-7.119973440340946e-07,7.999999797903001e-05
-7.079973437031331e-07,7.999999797903001e-05
-7.039973433721716e-07,7.999999797903001e-05
-6.999973430412101e-07,7.999999797903001e-05
-6.959973427102486e-07,7.999999797903001e-05
-6.919973423792872e-07,7.999999797903001e-05
-6.879973420483257e-07,7.999999797903001e-05
-6.839973417173642e-07,7.999999797903001e-05
-6.799973413864027e-07,7.999999797903001e-05
-6.759973410554412e-07,7.999999797903001e-05
-6.719973407244797e-07,7.999999797903001e-05
-6.679973403935183e-07,7.999999797903001e-05
-6.639973400625568e-07,3.9999998989515007e-05
-6.599973397315953e-07,7.999999797903001e-05
-6.559973394006338e-07,7.999999797903001e-05
-6.519973390696723e-07,7.999999797903001e-05
-6.479973387387108e-07,7.999999797903001e-05
-6.439973384077494e-07,7.999999797903001e-05
-6.399973380767879e-07,7.999999797903001e-05
-6.359973377458264e-07,7.999999797903001e-05
-6.319973374148649e-07,7.999999797903001e-05
-6.279973370839034e-07,7.999999797903001e-05
-6.239973367529419e-07,7.999999797903001e-05
-6.199973364219804e-07,7.999999797903001e-05
-6.15997336091019e-07,7.999999797903001e-05
-6.119973357600575e-07,7.999999797903001e-05
-6.07997335429096e-07,7.999999797903001e-05
-6.039973350981345e-07,7.999999797903001e-05
-5.99997334767173e-07,7.999999797903001e-05
-5.959973344362115e-07,7.999999797903001e-05
-5.919973341052501e-07,7.999999797903001e-05
-5.879973337742886e-07,3.9999998989515007e-05
-5.839973334433271e-07,7.999999797903001e-05
-5.799973331123656e-07,7.999999797903001e-05
-5.759973327814041e-07,7.999999797903001e-05
-5.719973324504426e-07,7.999999797903001e-05
-5.679973321194812e-07,7.999999797903001e-05
-5.639973317885197e-07,7.999999797903001e-05
-5.599973314575582e-07,7.999999797903001e-05
-5.559973311265967e-07,7.999999797903001e-05
-5.519973307956352e-07,7.999999797903001e-05
-5.479973304646737e-07,7.999999797903001e-05
-5.439973301337123e-07,7.999999797903001e-05
-5.399973298027508e-07,7.999999797903001e-05
-5.359973294717893e-07,7.999999797903001e-05
-5.319973291408278e-07,7.999999797903001e-05
-5.279973288098663e-07,7.999999797903001e-05
-5.239973284789048e-07,0.00011999999696854502
-5.199973281479433e-07,7.999999797903001e-05
-5.159973278169819e-07,7.999999797903001e-05
-5.119973274860204e-07,7.999999797903001e-05
-5.079973271550589e-07,7.999999797903001e-05
-5.039973268240974e-07,3.9999998989515007e-05
-4.999973264931359e-07,7.999999797903001e-05
-4.959973261621744e-07,7.999999797903001e-05
-4.91997325831213e-07,7.999999797903001e-05
-4.879973255002515e-07,7.999999797903001e-05
-4.8399732516929e-07,7.999999797903001e-05
-4.799973248383285e-07,7.999999797903001e-05
-4.75997324507367e-07,7.999999797903001e-05
-4.7199732417640554e-07,7.999999797903001e-05
-4.6799732384544406e-07,7.999999797903001e-05
-4.639973235144826e-07,3.9999998989515007e-05
-4.599973231835211e-07,7.999999797903001e-05
-4.559973228525596e-07,3.9999998989515007e-05
-4.519973225215981e-07,7.999999797903001e-05
-4.4799732219063664e-07,7.999999797903001e-05
-4.4399732185967515e-07,0.00011999999696854502
-4.3999732152871367e-07,7.999999797903001e-05
-4.359973211977522e-07,7.999999797903001e-05
-4.319973208667907e-07,7.999999797903001e-05
-4.279973205358292e-07,7.999999797903001e-05
-4.2399732020486773e-07,3.9999998989515007e-05
-4.1999731987390625e-07,7.999999797903001e-05
-4.1599731954294477e-07,7.999999797903001e-05
-4.119973192119833e-07,7.999999797903001e-05
-4.079973188810218e-07,7.999999797903001e-05
-4.039973185500603e-07,7.999999797903001e-05
-3.9999731821909883e-07,7.999999797903001e-05
-3.9599731788813735e-07,7.999999797903001e-05
-3.9199731755717586e-07,7.999999797903001e-05
-3.879973172262144e-07,7.999999797903001e-05
-3.839973168952529e-07,7.999999797903001e-05
-3.799973165642914e-07,7.999999797903001e-05
-3.759973162333299e-07,7.999999797903001e-05
-3.7199731590236844e-07,7.999999797903001e-05
-3.6799731557140696e-07,7.999999797903001e-05
-3.639973152404455e-07,7.999999797903001e-05
-3.59997314909484e-07,7.999999797903001e-05
-3.559973145785225e-07,7.999999797903001e-05
-3.51997314247561e-07,7.999999797903001e-05
-3.4799731391659954e-07,7.999999797903001e-05
-3.4399731358563805e-07,3.9999998989515007e-05
-3.3999731325467657e-07,7.999999797903001e-05
-3.359973129237151e-07,7.999999797903001e-05
-3.319973125927536e-07,7.999999797903001e-05
-3.279973122617921e-07,7.999999797903001e-05
-3.2399731193083063e-07,7.999999797903001e-05
-3.1999731159986915e-07,7.999999797903001e-05
-3.1599731126890767e-07,7.999999797903001e-05
-3.119973109379462e-07,7.999999797903001e-05
-3.079973106069847e-07,7.999999797903001e-05
-3.039973102760232e-07,7.999999797903001e-05
-2.9999730994506173e-07,7.999999797903001e-05
-2.9599730961410025e-07,7.999999797903001e-05
-2.9199730928313876e-07,7.999999797903001e-05
-2.879973089521773e-07,7.999999797903001e-05
-2.839973086212158e-07,7.999999797903001e-05
-2.799973082902543e-07,3.9999998989515007e-05
-2.759973079592928e-07,7.999999797903001e-05
-2.7199730762833134e-07,7.999999797903001e-05
-2.6799730729736986e-07,7.999999797903001e-05
-2.639973069664084e-07,7.999999797903001e-05
-2.599973066354469e-07,7.999999797903001e-05
-2.559973063044854e-07,7.999999797903001e-05
-2.519973059735239e-07,7.999999797903001e-05
-2.4799730564256244e-07,7.999999797903001e-05
-2.4399730531160095e-07,0.00011999999696854502
-2.3999730498063947e-07,7.999999797903001e-05
-2.3599730464967799e-07,7.999999797903001e-05
-2.319973043187165e-07,7.999999797903001e-05
-2.2799730398775502e-07,3.9999998989515007e-05
-2.2399730365679353e-07,7.999999797903001e-05
-2.1999730332583205e-07,7.999999797903001e-05
-2.1599730299487057e-07,7.999999797903001e-05
-2.1199730266390908e-07,7.999999797903001e-05
-2.079973023329476e-07,7.999999797903001e-05
-2.0399730200198611e-07,7.999999797903001e-05
-1.9999730167102463e-07,7.999999797903001e-05
-1.9599730134006315e-07,7.999999797903001e-05
-1.9199730100910166e-07,7.999999797903001e-05
-1.8799730067814018e-07,7.999999797903001e-05
-1.839973003471787e-07,7.999999797903001e-05
-1.799973000162172e-07,3.9999998989515007e-05
-1.7599729968525573e-07,7.999999797903001e-05
-1.7199729935429424e-07,7.999999797903001e-05
-1.6799729902333276e-07,7.999999797903001e-05
-1.6399729869237127e-07,7.999999797903001e-05
-1.599972983614098e-07,7.999999797903001e-05
-1.559972980304483e-07,7.999999797903001e-05
-1.5199729769948682e-07,7.999999797903001e-05
-1.4799729736852534e-07,7.999999797903001e-05
-1.4399729703756385e-07,7.999999797903001e-05
-1.3999729670660237e-07,7.999999797903001e-05
-1.3599729637564089e-07,3.9999998989515007e-05
-1.319972960446794e-07,7.999999797903001e-05
-1.2799729571371792e-07,7.999999797903001e-05
-1.2399729538275643e-07,7.999999797903001e-05
-1.1999729505179495e-07,7.999999797903001e-05
-1.1599729472083347e-07,7.999999797903001e-05
-1.1199729438987198e-07,7.999999797903001e-05
-1.079972940589105e-07,7.999999797903001e-05
-1.0399729372794901e-07,3.9999998989515007e-05
-9.999729339698753e-08,7.999999797903001e-05
-9.599729306602605e-08,7.999999797903001e-05
-9.199729273506456e-08,7.999999797903001e-05
-8.799729240410308e-08,7.999999797903001e-05
-8.39972920731416e-08,7.999999797903001e-05
-7.999729174218011e-08,7.999999797903001e-05
-7.599729141121863e-08,7.999999797903001e-05
-7.199729108025714e-08,7.999999797903001e-05
-6.799729074929566e-08,7.999999797903001e-05
-6.399729041833417e-08,7.999999797903001e-05
-5.999729008737269e-08,7.999999797903001e-05
-5.5997289756411206e-08,7.999999797903001e-05
-5.199728942544972e-08,7.999999797903001e-05
-4.799728909448824e-08,7.999999797903001e-05
-4.3997288763526754e-08,7.999999797903001e-05
-3.999728843256527e-08,7.999999797903001e-05
-3.5997288101603786e-08,7.999999797903001e-05
-3.19972877706423e-08,7.999999797903001e-05
-2.7997287439680818e-08,7.999999797903001e-05
-2.3997287108719334e-08,7.999999797903001e-05
-1.999728677775785e-08,7.999999797903001e-05
-1.5997286446796366e-08,7.999999797903001e-05
-1.1997286115834882e-08,7.999999797903001e-05
-7.997285784873398e-09,7.999999797903001e-05
-3.997285453911914e-09,7.999999797903001e-05
2.7148770495697035e-12,7.999999797903001e-05
4.002715208011054e-09,7.999999797903001e-05
8.002715538972538e-09,7.999999797903001e-05
1.2002715869934022e-08,7.999999797903001e-05
1.6002716200895506e-08,7.999999797903001e-05
2.000271653185699e-08,7.999999797903001e-05
2.4002716862818474e-08,7.999999797903001e-05
2.8002717193779958e-08,7.999999797903001e-05
3.200271752474144e-08,7.999999797903001e-05
3.6002717855702926e-08,7.999999797903001e-05
4.000271818666441e-08,7.999999797903001e-05
4.4002718517625894e-08,7.999999797903001e-05
4.800271884858738e-08,0.00011999999696854502
5.200271917954886e-08,7.999999797903001e-05
5.6002719510510346e-08,0.00011999999696854502
6.000271984147183e-08,7.999999797903001e-05
6.400272017243331e-08,7.999999797903001e-05
6.80027205033948e-08,7.999999797903001e-05
7.200272083435628e-08,7.999999797903001e-05
7.600272116531777e-08,7.999999797903001e-05
8.000272149627925e-08,7.999999797903001e-05
8.400272182724073e-08,7.999999797903001e-05
8.800272215820222e-08,7.999999797903001e-05
9.20027224891637e-08,7.999999797903001e-05
9.600272282012519e-08,7.999999797903001e-05
1.0000272315108667e-07,7.999999797903001e-05
1.0400272348204815e-07,7.999999797903001e-05
1.0800272381300964e-07,7.999999797903001e-05
1.1200272414397112e-07,7.999999797903001e-05
1.160027244749326e-07,7.999999797903001e-05
1.200027248058941e-07,7.999999797903001e-05
1.2400272513685557e-07,7.999999797903001e-05
1.2800272546781706e-07,7.999999797903001e-05
1.3200272579877854e-07,7.999999797903001e-05
1.3600272612974003e-07,7.999999797903001e-05
1.400027264607015e-07,7.999999797903001e-05
1.44002726791663e-07,3.9999998989515007e-05
1.4800272712262448e-07,7.999999797903001e-05
1.5200272745358596e-07,7.999999797903001e-05
1.5600272778454745e-07,7.999999797903001e-05
1.6000272811550893e-07,7.999999797903001e-05
1.6400272844647041e-07,7.999999797903001e-05
1.680027287774319e-07,7.999999797903001e-05
1.7200272910839338e-07,0.00011999999696854502
1.7600272943935487e-07,7.999999797903001e-05
1.8000272977031635e-07,7.999999797903001e-05
1.8400273010127783e-07,7.999999797903001e-05
1.8800273043223932e-07,7.999999797903001e-05
1.920027307632008e-07,7.999999797903001e-05
1.9600273109416229e-07,7.999999797903001e-05
2.0000273142512377e-07,7.999999797903001e-05
2.0400273175608525e-07,7.999999797903001e-05
2.0800273208704674e-07,7.999999797903001e-05
2.1200273241800822e-07,7.999999797903001e-05
2.160027327489697e-07,7.999999797903001e-05
2.200027330799312e-07,7.999999797903001e-05
2.2400273341089267e-07,3.9999998989515007e-05
2.2800273374185416e-07,7.999999797903001e-05
2.3200273407281564e-07,7.999999797903001e-05
2.3600273440377713e-07,7.999999797903001e-05
2.400027347347386e-07,7.999999797903001e-05
2.440027350657001e-07,7.999999797903001e-05
2.480027353966616e-07,7.999999797903001e-05
2.5200273572762306e-07,7.999999797903001e-05
2.5600273605858455e-07,7.999999797903001e-05
2.6000273638954603e-07,7.999999797903001e-05
2.640027367205075e-07,7.999999797903001e-05
2.68002737051469e-07,7.999999797903001e-05
2.720027373824305e-07,7.999999797903001e-05
2.7600273771339197e-07,7.999999797903001e-05
2.8000273804435345e-07,0.00011999999696854502
2.8400273837531493e-07,0.00011999999696854502
2.880027387062764e-07,7.999999797903001e-05
2.920027390372379e-07,7.999999797903001e-05
2.960027393681994e-07,7.999999797903001e-05
3.0000273969916087e-07,7.999999797903001e-05
3.0400274003012235e-07,3.9999998989515007e-05
3.0800274036108384e-07,7.999999797903001e-05
3.120027406920453e-07,3.9999998989515007e-05
3.160027410230068e-07,7.999999797903001e-05
3.200027413539683e-07,7.999999797903001e-05
3.2400274168492977e-07,7.999999797903001e-05
3.2800274201589126e-07,7.999999797903001e-05
3.3200274234685274e-07,0.00011999999696854502
3.360027426778142e-07,7.999999797903001e-05
3.400027430087757e-07,7.999999797903001e-05
3.440027433397372e-07,7.999999797903001e-05
3.480027436706987e-07,7.999999797903001e-05
3.5200274400166016e-07,7.999999797903001e-05
3.5600274433262165e-07,7.999999797903001e-05
3.6000274466358313e-07,7.999999797903001e-05
3.640027449945446e-07,7.999999797903001e-05
3.680027453255061e-07,7.999999797903001e-05
3.720027456564676e-07,7.999999797903001e-05
3.7600274598742907e-07,7.999999797903001e-05
3.8000274631839055e-07,7.999999797903001e-05
3.8400274664935203e-07,7.999999797903001e-05
3.880027469803135e-07,7.999999797903001e-05
3.92002747311275e-07,7.999999797903001e-05
3.960027476422365e-07,7.999999797903001e-05
4.0000274797319797e-07,7.999999797903001e-05
4.0400274830415945e-07,0.00011999999696854502
4.0800274863512094e-07,7.999999797903001e-05
4.120027489660824e-07,7.999999797903001e-05
4.160027492970439e-07,7.999999797903001e-05
4.200027496280054e-07,7.999999797903001e-05
4.2400274995896687e-07,7.999999797903001e-05
4.2800275028992836e-07,7.999999797903001e-05
4.3200275062088984e-07,3.9999998989515007e-05
4.360027509518513e-07,7.999999797903001e-05
4.400027512828128e-07,3.9999998989515007e-05
4.440027516137743e-07,7.999999797903001e-05
4.480027519447358e-07,7.999999797903001e-05
4.5200275227569726e-07,3.9999998989515007e-05
4.5600275260665875e-07,0.00011999999696854502
4.6000275293762023e-07,7.999999797903001e-05
4.640027532685817e-07,3.9999998989515007e-05
4.680027535995432e-07,0.00011999999696854502
4.720027539305047e-07,3.9999998989515007e-05
4.7600275426146617e-07,7.999999797903001e-05
4.800027545924276e-07,7.999999797903001e-05
4.840027549233891e-07,7.999999797903001e-05
4.880027552543506e-07,0.00011999999696854502
4.920027555853121e-07,3.9999998989515007e-05
4.960027559162736e-07,0.00011999999696854502
5.000027562472351e-07,3.9999998989515007e-05
5.040027565781966e-07,3.9999998989515007e-05
5.08002756909158e-07,0.00011999999696854502
5.120027572401195e-07,3.9999998989515007e-05
5.16002757571081e-07,0.00011999999696854502
5.200027579020425e-07,7.999999797903001e-05
5.24002758233004e-07,7.999999797903001e-05
5.280027585639655e-07,0.00011999999696854502
5.320027588949269e-07,3.9999998989515007e-05
5.360027592258884e-07,0.00011999999696854502
5.400027595568499e-07,7.999999797903001e-05
5.440027598878114e-07,3.9999998989515007e-05
5.480027602187729e-07,0.00011999999696854502
5.520027605497344e-07,3.9999998989515007e-05
5.560027608806958e-07,0.00011999999696854502
5.600027612116573e-07,7.999999797903001e-05
5.640027615426188e-07,7.999999797903001e-05
5.680027618735803e-07,0.00011999999696854502
5.720027622045418e-07,3.9999998989515007e-05
5.760027625355033e-07,0.00011999999696854502
5.800027628664647e-07,7.999999797903001e-05
5.840027631974262e-07,7.999999797903001e-05
5.880027635283877e-07,0.00011999999696854502
5.920027638593492e-07,3.9999998989515007e-05
5.960027641903107e-07,0.00011999999696854502
6.000027645212722e-07,3.9999998989515007e-05
6.040027648522337e-07,7.999999797903001e-05
6.080027651831951e-07,0.00011999999696854502
6.120027655141566e-07,3.9999998989515007e-05
6.160027658451181e-07,0.00011999999696854502
6.200027661760796e-07,7.999999797903001e-05
6.240027665070411e-07,3.9999998989515007e-05
6.280027668380026e-07,0.00011999999696854502
6.32002767168964e-07,3.9999998989515007e-05
6.360027674999255e-07,0.00011999999696854502
6.40002767830887e-07,7.999999797903001e-05
6.440027681618485e-07,7.999999797903001e-05
6.4800276849281e-07,0.00011999999696854502
6.520027688237715e-07,3.9999998989515007e-05
6.560027691547329e-07,7.999999797903001e-05
6.600027694856944e-07,7.999999797903001e-05
6.640027698166559e-07,3.9999998989515007e-05
6.680027701476174e-07,0.00011999999696854502
6.720027704785789e-07,3.9999998989515007e-05
6.760027708095404e-07,0.00011999999696854502
6.800027711405018e-07,7.999999797903001e-05
6.840027714714633e-07,0.00011999999696854502
6.880027718024248e-07,0.00015999999595806003
6.920027721333863e-07,0.00015999999595806003
6.960027724643478e-07,0.00027999999292660505
7.000027727953093e-07,0.00039999998989515007
7.040027731262708e-07,0.0004799999878741801
7.080027734572322e-07,0.0007199999818112701
7.120027737881937e-07,0.0007999999797903001
7.160027741191552e-07,0.0010799999727169052
7.200027744501167e-07,0.0010799999727169052
7.240027747810782e-07,0.0011599999706959352
7.280027751120397e-07,0.0011999999696854502
7.320027754430011e-07,0.0011599999706959352
7.360027757739626e-07,0.0012399999686749652
7.400027761049241e-07,0.0012399999686749652
7.440027764358856e-07,0.0011999999696854502
7.480027767668471e-07,0.0013199999666539952
7.520027770978086e-07,0.0011599999706959352
7.5600277742877e-07,0.0013199999666539952
7.600027777597315e-07,0.0011999999696854502
7.64002778090693e-07,0.0012399999686749652
7.680027784216545e-07,0.0012799999676644802
7.72002778752616e-07,0.0012399999686749652
7.760027790835775e-07,0.0012799999676644802
7.80002779414539e-07,0.0012799999676644802
7.840027797455004e-07,0.0012399999686749652
7.880027800764619e-07,0.0013199999666539952
7.920027804074234e-07,0.0011999999696854502
7.960027807383849e-07,0.0013199999666539952
8.000027810693464e-07,0.0012399999686749652
8.040027814003079e-07,0.0012799999676644802
8.080027817312693e-07,0.0012799999676644802
8.120027820622308e-07,0.0012399999686749652
8.160027823931923e-07,0.0012799999676644802
8.200027827241538e-07,0.0012799999676644802
8.240027830551153e-07,0.0012399999686749652
8.280027833860768e-07,0.0013199999666539952
8.320027837170382e-07,0.0011999999696854502
8.360027840479997e-07,0.0013199999666539952
8.400027843789612e-07,0.0011999999696854502
8.440027847099227e-07,0.0012799999676644802
8.480027850408842e-07,0.0012799999676644802
8.520027853718457e-07,0.0012399999686749652
8.560027857028071e-07,0.0012799999676644802
8.600027860337686e-07,0.0013199999666539952
8.640027863647301e-07,0.0012399999686749652
8.680027866956916e-07,0.0013199999666539952
8.720027870266531e-07,0.0011999999696854502
8.760027873576146e-07,0.0013199999666539952
8.80002787688576e-07,0.0012399999686749652
8.840027880195375e-07,0.0012399999686749652
8.88002788350499e-07,0.0012799999676644802
8.920027886814605e-07,0.0012399999686749652
8.96002789012422e-07,0.0012799999676644802
9.000027893433835e-07,0.0012799999676644802
9.04002789674345e-07,0.0011999999696854502
9.080027900053064e-07,0.0013199999666539952
9.120027903362679e-07,0.0011999999696854502
9.160027906672294e-07,0.0013199999666539952
9.200027909981909e-07,0.0012399999686749652
9.240027913291524e-07,0.0012399999686749652
9.280027916601139e-07,0.0012799999676644802
9.320027919910753e-07,0.0012399999686749652
9.360027923220368e-07,0.0012399999686749652
9.400027926529983e-07,0.0013199999666539952
9.440027929839598e-07,0.0012399999686749652
9.480027933149213e-07,0.0012799999676644802
9.520027936458828e-07,0.0012399999686749652
9.560027939768442e-07,0.0012799999676644802
9.600027943078057e-07,0.0012399999686749652
9.640027946387672e-07,0.0012799999676644802
9.680027949697287e-07,0.0012399999686749652
9.720027953006902e-07,0.0013199999666539952
9.760027956316517e-07,0.0012799999676644802
9.800027959626131e-07,0.0013199999666539952
9.840027962935746e-07,0.0012399999686749652
9.880027966245361e-07,0.0012799999676644802
9.920027969554976e-07,0.0011999999696854502
9.96002797286459e-07,0.0012799999676644802
1.0000027976174206e-06,0.0012399999686749652
1.004002797948382e-06,0.0013199999666539952
1.0080027982793435e-06,0.0012399999686749652
1.012002798610305e-06,0.0013199999666539952
1.0160027989412665e-06,0.0012399999686749652
1.020002799272228e-06,0.0013199999666539952
1.0240027996031895e-06,0.0012399999686749652
1.028002799934151e-06,0.0012799999676644802
1.0320028002651124e-06,0.0012399999686749652
1.036002800596074e-06,0.0013199999666539952
1.0400028009270354e-06,0.0011999999696854502
1.0440028012579969e-06,0.0013199999666539952
1.0480028015889584e-06,0.0012399999686749652
1.0520028019199199e-06,0.0012799999676644802
1.0560028022508813e-06,0.0012399999686749652
1.0600028025818428e-06,0.0012799999676644802
1.0640028029128043e-06,0.0012399999686749652
1.0680028032437658e-06,0.0013199999666539952
1.0720028035747273e-06,0.0011999999696854502
1.0760028039056888e-06,0.0013199999666539952
1.0800028042366502e-06,0.0011999999696854502
1.0840028045676117e-06,0.0012799999676644802
1.0880028048985732e-06,0.0012399999686749652
1.0920028052295347e-06,0.0012799999676644802
1.0960028055604962e-06,0.0012399999686749652
1.1000028058914577e-06,0.0013199999666539952
1.1040028062224192e-06,0.0012399999686749652
1.1080028065533806e-06,0.0012799999676644802
1.1120028068843421e-06,0.0012399999686749652
1.1160028072153036e-06,0.0013199999666539952
1.120002807546265e-06,0.0011999999696854502
1.1240028078772266e-06,0.0013199999666539952
1.128002808208188e-06,0.0012399999686749652
1.1320028085391495e-06,0.0012799999676644802
1.136002808870111e-06,0.0012399999686749652
1.1400028092010725e-06,0.0013199999666539952
1.144002809532034e-06,0.0012399999686749652
1.1480028098629955e-06,0.0013199999666539952
1.152002810193957e-06,0.0011999999696854502
1.1560028105249184e-06,0.0012799999676644802
1.16000281085588e-06,0.0011999999696854502
1.1640028111868414e-06,0.0012799999676644802
1.168002811517803e-06,0.0011999999696854502
1.1720028118487644e-06,0.0012799999676644802
1.1760028121797259e-06,0.0012399999686749652
1.1800028125106873e-06,0.0012799999676644802
1.1840028128416488e-06,0.0012399999686749652
1.1880028131726103e-06,0.0012799999676644802
1.1920028135035718e-06,0.0011199999717064202
1.1960028138345333e-06,0.0010399999737273902
1.2000028141654948e-06,0.0008399999787798151
1.2040028144964563e-06,0.0007199999818112701
1.2080028148274177e-06,0.0005199999868636951
1.2120028151583792e-06,0.00043999998888466507
1.2160028154893407e-06,0.00031999999191612005
1.2200028158203022e-06,0.00027999999292660505
1.2240028161512637e-06,0.00019999999494757503
1.2280028164822252e-06,0.00019999999494757503
1.2320028168131866e-06,0.00015999999595806003
1.2360028171441481e-06,0.00011999999696854502
1.2400028174751096e-06,0.00011999999696854502
1.244002817806071e-06,7.999999797903001e-05
1.2480028181370326e-06,7.999999797903001e-05
1.252002818467994e-06,0.00011999999696854502
1.2560028187989555e-06,7.999999797903001e-05
1.260002819129917e-06,0.00011999999696854502
1.2640028194608785e-06,7.999999797903001e-05
1.26800281979184e-06,7.999999797903001e-05
1.2720028201228015e-06,7.999999797903001e-05
1.276002820453763e-06,7.999999797903001e-05
1.2800028207847244e-06,7.999999797903001e-05
1.284002821115686e-06,7.999999797903001e-05
1.2880028214466474e-06,7.999999797903001e-05
1.292002821777609e-06,7.999999797903001e-05
1.2960028221085704e-06,0.00011999999696854502
1.3000028224395319e-06,0.00011999999696854502
1.3040028227704934e-06,0.00011999999696854502
1.3080028231014548e-06,0.00011999999696854502
1.3120028234324163e-06,7.999999797903001e-05
1.3160028237633778e-06,7.999999797903001e-05
1.3200028240943393e-06,7.999999797903001e-05
1.3240028244253008e-06,7.999999797903001e-05
1.3280028247562623e-06,7.999999797903001e-05
1.3320028250872237e-06,7.999999797903001e-05
1.3360028254181852e-06,7.999999797903001e-05
1.3400028257491467e-06,0.00011999999696854502
1.3440028260801082e-06,7.999999797903001e-05
1.3480028264110697e-06,7.999999797903001e-05
1.3520028267420312e-06,7.999999797903001e-05
1.3560028270729926e-06,7.999999797903001e-05
1.3600028274039541e-06,7.999999797903001e-05
1.3640028277349156e-06,7.999999797903001e-05
1.368002828065877e-06,7.999999797903001e-05
1.3720028283968386e-06,7.999999797903001e-05
1.3760028287278e-06,7.999999797903001e-05
1.3800028290587615e-06,7.999999797903001e-05
1.384002829389723e-06,7.999999797903001e-05
1.3880028297206845e-06,7.999999797903001e-05
1.392002830051646e-06,7.999999797903001e-05
1.3960028303826075e-06,7.999999797903001e-05
1.400002830713569e-06,7.999999797903001e-05
1.4040028310445305e-06,7.999999797903001e-05
1.408002831375492e-06,7.999999797903001e-05
1.4120028317064534e-06,7.999999797903001e-05
1.416002832037415e-06,7.999999797903001e-05
1.4200028323683764e-06,0.00011999999696854502
1.4240028326993379e-06,0.00011999999696854502
1.4280028330302994e-06,7.999999797903001e-05
1.4320028333612608e-06,7.999999797903001e-05
1.4360028336922223e-06,7.999999797903001e-05
1.4400028340231838e-06,3.9999998989515007e-05
1.4440028343541453e-06,7.999999797903001e-05
1.4480028346851068e-06,7.999999797903001e-05
1.4520028350160683e-06,7.999999797903001e-05
1.4560028353470297e-06,7.999999797903001e-05
1.4600028356779912e-06,0.00011999999696854502
1.4640028360089527e-06,7.999999797903001e-05
1.4680028363399142e-06,7.999999797903001e-05
1.4720028366708757e-06,7.999999797903001e-05
1.4760028370018372e-06,7.999999797903001e-05
1.4800028373327986e-06,7.999999797903001e-05
1.4840028376637601e-06,7.999999797903001e-05
1.4880028379947216e-06,7.999999797903001e-05
1.492002838325683e-06,7.999999797903001e-05
1.4960028386566446e-06,7.999999797903001e-05
1.500002838987606e-06,7.999999797903001e-05
1.5040028393185676e-06,7.999999797903001e-05
1.508002839649529e-06,7.999999797903001e-05
1.5120028399804905e-06,7.999999797903001e-05
1.516002840311452e-06,7.999999797903001e-05
1.5200028406424135e-06,7.999999797903001e-05
1.524002840973375e-06,7.999999797903001e-05
1.5280028413043365e-06,7.999999797903001e-05
1.532002841635298e-06,7.999999797903001e-05
1.5360028419662594e-06,7.999999797903001e-05
1.540002842297221e-06,0.00011999999696854502
1.5440028426281824e-06,7.999999797903001e-05
1.5480028429591439e-06,0.00011999999696854502
1.5520028432901054e-06,7.999999797903001e-05
1.5560028436210668e-06,7.999999797903001e-05
1.5600028439520283e-06,7.999999797903001e-05
1.5640028442829898e-06,7.999999797903001e-05
1.5680028446139513e-06,7.999999797903001e-05
1.5720028449449128e-06,7.999999797903001e-05
1.5760028452758743e-06,7.999999797903001e-05
1.5800028456068357e-06,7.999999797903001e-05
1.5840028459377972e-06,7.999999797903001e-05
1.5880028462687587e-06,0.00011999999696854502
1.5920028465997202e-06,7.999999797903001e-05
1.5960028469306817e-06,7.999999797903001e-05
1.6000028472616432e-06,7.999999797903001e-05
1.6040028475926047e-06,7.999999797903001e-05
1.6080028479235661e-06,3.9999998989515007e-05
1.6120028482545276e-06,7.999999797903001e-05
1.616002848585489e-06,7.999999797903001e-05
1.6200028489164506e-06,7.999999797903001e-05
1.624002849247412e-06,7.999999797903001e-05
1.6280028495783736e-06,7.999999797903001e-05
1.632002849909335e-06,7.999999797903001e-05
1.6360028502402965e-06,7.999999797903001e-05
1.640002850571258e-06,7.999999797903001e-05
1.6440028509022195e-06,7.999999797903001e-05
1.648002851233181e-06,7.999999797903001e-05
1.6520028515641425e-06,7.999999797903001e-05
1.656002851895104e-06,7.999999797903001e-05
1.6600028522260654e-06,7.999999797903001e-05
1.664002852557027e-06,7.999999797903001e-05
1.6680028528879884e-06,7.999999797903001e-05
1.6720028532189499e-06,7.999999797903001e-05
1.6760028535499114e-06,0.00011999999696854502
1.6800028538808728e-06,7.999999797903001e-05
1.6840028542118343e-06,7.999999797903001e-05
1.6880028545427958e-06,7.999999797903001e-05
1.6920028548737573e-06,7.999999797903001e-05
1.6960028552047188e-06,7.999999797903001e-05
1.7000028555356803e-06,7.999999797903001e-05
1.7040028558666418e-06,7.999999797903001e-05
1.7080028561976032e-06,7.999999797903001e-05
1.7120028565285647e-06,7.999999797903001e-05
1.7160028568595262e-06,7.999999797903001e-05
1.7200028571904877e-06,7.999999797903001e-05
1.7240028575214492e-06,7.999999797903001e-05
1.7280028578524107e-06,7.999999797903001e-05
1.7320028581833721e-06,7.999999797903001e-05
1.7360028585143336e-06,7.999999797903001e-05
1.7400028588452951e-06,7.999999797903001e-05
1.7440028591762566e-06,7.999999797903001e-05
1.748002859507218e-06,7.999999797903001e-05
1.7520028598381796e-06,7.999999797903001e-05
1.756002860169141e-06,0.00011999999696854502
1.7600028605001025e-06,7.999999797903001e-05
1.764002860831064e-06,7.999999797903001e-05
1.7680028611620255e-06,7.999999797903001e-05
1.772002861492987e-06,7.999999797903001e-05
1.7760028618239485e-06,7.999999797903001e-05
1.78000286215491e-06,7.999999797903001e-05
1.7840028624858714e-06,7.999999797903001e-05
1.788002862816833e-06,7.999999797903001e-05
1.7920028631477944e-06,7.999999797903001e-05
1.7960028634787559e-06,7.999999797903001e-05
1.8000028638097174e-06,7.999999797903001e-05
1.8040028641406789e-06,7.999999797903001e-05
1.8080028644716403e-06,7.999999797903001e-05
1.8120028648026018e-06,7.999999797903001e-05
1.8160028651335633e-06,7.999999797903001e-05
1.8200028654645248e-06,7.999999797903001e-05
1.8240028657954863e-06,7.999999797903001e-05
1.8280028661264478e-06,0.00011999999696854502
1.8320028664574092e-06,7.999999797903001e-05
1.8360028667883707e-06,7.999999797903001e-05
1.8400028671193322e-06,7.999999797903001e-05
1.8440028674502937e-06,7.999999797903001e-05
1.8480028677812552e-06,3.9999998989515007e-05
1.8520028681122167e-06,7.999999797903001e-05
1.8560028684431781e-06,3.9999998989515007e-05
1.8600028687741396e-06,7.999999797903001e-05
1.8640028691051011e-06,3.9999998989515007e-05
1.8680028694360626e-06,7.999999797903001e-05
1.872002869767024e-06,7.999999797903001e-05
1.8760028700979856e-06,7.999999797903001e-05
1.880002870428947e-06,7.999999797903001e-05
1.8840028707599085e-06,7.999999797903001e-05
1.88800287109087e-06,7.999999797903001e-05
1.8920028714218315e-06,7.999999797903001e-05
1.896002871752793e-06,7.999999797903001e-05
1.9000028720837545e-06,7.999999797903001e-05
1.904002872414716e-06,7.999999797903001e-05
1.9080028727456774e-06,7.999999797903001e-05
1.912002873076639e-06,7.999999797903001e-05
1.9160028734076004e-06,7.999999797903001e-05
1.920002873738562e-06,3.9999998989515007e-05
1.9240028740695234e-06,7.999999797903001e-05
1.928002874400485e-06,3.9999998989515007e-05
1.9320028747314463e-06,7.999999797903001e-05
1.936002875062408e-06,7.999999797903001e-05
1.9400028753933693e-06,7.999999797903001e-05
1.944002875724331e-06,7.999999797903001e-05
1.9480028760552923e-06,7.999999797903001e-05
1.9520028763862538e-06,7.999999797903001e-05
1.9560028767172152e-06,7.999999797903001e-05
1.9600028770481767e-06,7.999999797903001e-05
1.9640028773791382e-06,7.999999797903001e-05
1.9680028777100997e-06,7.999999797903001e-05
1.972002878041061e-06,7.999999797903001e-05
1.9760028783720227e-06,7.999999797903001e-05
1.980002878702984e-06,7.999999797903001e-05
1.9840028790339456e-06,7.999999797903001e-05
1.988002879364907e-06,7.999999797903001e-05
1.9920028796958686e-06,7.999999797903001e-05
1.99600288002683e-06,7.999999797903001e-05
2.0000028803577916e-06,7.999999797903001e-05
2.004002880688753e-06,7.999999797903001e-05
2.0080028810197145e-06,7.999999797903001e-05
2.012002881350676e-06,7.999999797903001e-05
2.0160028816816375e-06,7.999999797903001e-05
2.020002882012599e-06,7.999999797903001e-05
2.0240028823435605e-06,7.999999797903001e-05
2.028002882674522e-06,7.999999797903001e-05
2.0320028830054834e-06,7.999999797903001e-05
2.036002883336445e-06,7.999999797903001e-05
2.0400028836674064e-06,7.999999797903001e-05
2.044002883998368e-06,7.999999797903001e-05
2.0480028843293294e-06,7.999999797903001e-05
2.052002884660291e-06,7.999999797903001e-05
2.0560028849912523e-06,7.999999797903001e-05
2.060002885322214e-06,7.999999797903001e-05
2.0640028856531753e-06,7.999999797903001e-05
2.068002885984137e-06,7.999999797903001e-05
2.0720028863150983e-06,7.999999797903001e-05
2.0760028866460598e-06,7.999999797903001e-05
2.0800028869770212e-06,7.999999797903001e-05
2.0840028873079827e-06,7.999999797903001e-05
2.0880028876389442e-06,3.9999998989515007e-05
2.0920028879699057e-06,3.9999998989515007e-05
2.096002888300867e-06,7.999999797903001e-05
2.1000028886318287e-06,7.999999797903001e-05
2.10400288896279e-06,7.999999797903001e-05
2.1080028892937516e-06,7.999999797903001e-05
2.112002889624713e-06,7.999999797903001e-05
2.1160028899556746e-06,0.00011999999696854502
2.120002890286636e-06,7.999999797903001e-05
2.1240028906175976e-06,0.00011999999696854502
2.128002890948559e-06,7.999999797903001e-05
2.1320028912795205e-06,7.999999797903001e-05
2.136002891610482e-06,7.999999797903001e-05
2.1400028919414435e-06,7.999999797903001e-05
2.144002892272405e-06,3.9999998989515007e-05
2.1480028926033665e-06,7.999999797903001e-05
2.152002892934328e-06,3.9999998989515007e-05
2.1560028932652894e-06,7.999999797903001e-05
2.160002893596251e-06,7.999999797903001e-05
2.1640028939272124e-06,7.999999797903001e-05
2.168002894258174e-06,7.999999797903001e-05
2.1720028945891354e-06,7.999999797903001e-05
2.176002894920097e-06,7.999999797903001e-05
2.1800028952510583e-06,7.999999797903001e-05
2.18400289558202e-06,7.999999797903001e-05
2.1880028959129813e-06,7.999999797903001e-05
2.192002896243943e-06,7.999999797903001e-05
2.1960028965749043e-06,7.999999797903001e-05
2.2000028969058658e-06,7.999999797903001e-05
2.2040028972368273e-06,7.999999797903001e-05
2.2080028975677887e-06,7.999999797903001e-05
2.2120028978987502e-06,7.999999797903001e-05
2.2160028982297117e-06,3.9999998989515007e-05
2.220002898560673e-06,7.999999797903001e-05
2.2240028988916347e-06,7.999999797903001e-05
2.228002899222596e-06,7.999999797903001e-05
2.2320028995535576e-06,7.999999797903001e-05
2.236002899884519e-06,7.999999797903001e-05
2.2400029002154806e-06,7.999999797903001e-05
2.244002900546442e-06,7.999999797903001e-05
2.2480029008774036e-06,7.999999797903001e-05
2.252002901208365e-06,7.999999797903001e-05
2.2560029015393265e-06,7.999999797903001e-05
2.260002901870288e-06,7.999999797903001e-05
2.2640029022012495e-06,7.999999797903001e-05
2.268002902532211e-06,7.999999797903001e-05
2.2720029028631725e-06,7.999999797903001e-05
2.276002903194134e-06,7.999999797903001e-05
2.2800029035250954e-06,7.999999797903001e-05
2.284002903856057e-06,7.999999797903001e-05
2.2880029041870184e-06,7.999999797903001e-05
2.29200290451798e-06,7.999999797903001e-05
2.2960029048489414e-06,7.999999797903001e-05
2.300002905179903e-06,7.999999797903001e-05
2.3040029055108644e-06,7.999999797903001e-05
2.308002905841826e-06,0.00011999999696854502
2.3120029061727873e-06,7.999999797903001e-05
2.316002906503749e-06,7.999999797903001e-05
2.3200029068347103e-06,7.999999797903001e-05
2.3240029071656718e-06,7.999999797903001e-05
2.3280029074966333e-06,3.9999998989515007e-05
2.3320029078275947e-06,7.999999797903001e-05
2.3360029081585562e-06,3.9999998989515007e-05
2.3400029084895177e-06,7.999999797903001e-05
2.344002908820479e-06,7.999999797903001e-05
2.3480029091514407e-06,7.999999797903001e-05
2.352002909482402e-06,7.999999797903001e-05
2.3560029098133636e-06,7.999999797903001e-05
2.360002910144325e-06,7.999999797903001e-05
2.3640029104752866e-06,7.999999797903001e-05
2.368002910806248e-06,7.999999797903001e-05
2.3720029111372096e-06,7.999999797903001e-05
2.376002911468171e-06,7.999999797903001e-05
2.3800029117991325e-06,7.999999797903001e-05
2.384002912130094e-06,7.999999797903001e-05
2.3880029124610555e-06,7.999999797903001e-05
2.392002912792017e-06,7.999999797903001e-05
2.3960029131229785e-06,7.999999797903001e-05
2.40000291345394e-06,7.999999797903001e-05
2.4040029137849015e-06,0.00011999999696854502
2.408002914115863e-06,7.999999797903001e-05
2.4120029144468244e-06,7.999999797903001e-05
2.416002914777786e-06,7.999999797903001e-05
2.4200029151087474e-06,7.999999797903001e-05
2.424002915439709e-06,7.999999797903001e-05
2.4280029157706704e-06,7.999999797903001e-05
2.432002916101632e-06,7.999999797903001e-05
2.4360029164325933e-06,0.00011999999696854502
2.440002916763555e-06,0.00011999999696854502
2.4440029170945163e-06,0.00011999999696854502
2.4480029174254778e-06,7.999999797903001e-05
2.4520029177564393e-06,7.999999797903001e-05
2.4560029180874007e-06,3.9999998989515007e-05
2.4600029184183622e-06,3.9999998989515007e-05
2.4640029187493237e-06,3.9999998989515007e-05
2.468002919080285e-06,7.999999797903001e-05
2.4720029194112467e-06,7.999999797903001e-05
2.476002919742208e-06,7.999999797903001e-05
2.4800029200731696e-06,7.999999797903001e-05
2.484002920404131e-06,7.999999797903001e-05
2.4880029207350926e-06,7.999999797903001e-05
2.492002921066054e-06,7.999999797903001e-05
2.4960029213970156e-06,7.999999797903001e-05
2.500002921727977e-06,7.999999797903001e-05
2.5040029220589386e-06,7.999999797903001e-05
2.5080029223899e-06,7.999999797903001e-05
2.5120029227208615e-06,7.999999797903001e-05
2.516002923051823e-06,7.999999797903001e-05
2.5200029233827845e-06,3.9999998989515007e-05
2.524002923713746e-06,7.999999797903001e-05
2.5280029240447075e-06,7.999999797903001e-05
2.532002924375669e-06,7.999999797903001e-05
2.5360029247066304e-06,7.999999797903001e-05
2.540002925037592e-06,7.999999797903001e-05
2.5440029253685534e-06,7.999999797903001e-05
2.548002925699515e-06,7.999999797903001e-05
2.5520029260304764e-06,3.9999998989515007e-05
2.556002926361438e-06,7.999999797903001e-05
2.5600029266923993e-06,7.999999797903001e-05
2.564002927023361e-06,7.999999797903001e-05
2.5680029273543223e-06,7.999999797903001e-05
2.5720029276852838e-06,7.999999797903001e-05
2.5760029280162453e-06,7.999999797903001e-05
2.5800029283472067e-06,7.999999797903001e-05
2.5840029286781682e-06,7.999999797903001e-05
2.5880029290091297e-06,7.999999797903001e-05
2.592002929340091e-06,7.999999797903001e-05
2.5960029296710527e-06,7.999999797903001e-05
2.600002930002014e-06,7.999999797903001e-05
2.6040029303329757e-06,7.999999797903001e-05
2.608002930663937e-06,7.999999797903001e-05
2.6120029309948986e-06,7.999999797903001e-05
2.61600293132586e-06,7.999999797903001e-05
2.6200029316568216e-06,7.999999797903001e-05
2.624002931987783e-06,7.999999797903001e-05
2.6280029323187446e-06,7.999999797903001e-05
2.632002932649706e-06,7.999999797903001e-05
2.6360029329806675e-06,7.999999797903001e-05
2.640002933311629e-06,3.9999998989515007e-05
2.6440029336425905e-06,7.999999797903001e-05
2.648002933973552e-06,7.999999797903001e-05
2.6520029343045135e-06,7.999999797903001e-05
2.656002934635475e-06,7.999999797903001e-05
2.6600029349664364e-06,7.999999797903001e-05
2.664002935297398e-06,7.999999797903001e-05
2.6680029356283594e-06,7.999999797903001e-05
2.672002935959321e-06,7.999999797903001e-05
2.6760029362902824e-06,7.999999797903001e-05
2.680002936621244e-06,7.999999797903001e-05
2.6840029369522053e-06,7.999999797903001e-05
2.688002937283167e-06,7.999999797903001e-05
2.6920029376141283e-06,7.999999797903001e-05
2.6960029379450898e-06,3.9999998989515007e-05
2.7000029382760513e-06,7.999999797903001e-05
2.7040029386070128e-06,7.999999797903001e-05
2.7080029389379742e-06,7.999999797903001e-05
2.7120029392689357e-06,7.999999797903001e-05
2.716002939599897e-06,7.999999797903001e-05
2.7200029399308587e-06,7.999999797903001e-05
2.72400294026182e-06,0.00011999999696854502
2.7280029405927817e-06,7.999999797903001e-05
2.732002940923743e-06,7.999999797903001e-05
2.7360029412547046e-06,7.999999797903001e-05
2.740002941585666e-06,7.999999797903001e-05
2.7440029419166276e-06,7.999999797903001e-05
2.748002942247589e-06,7.999999797903001e-05
2.7520029425785506e-06,7.999999797903001e-05
2.756002942909512e-06,7.999999797903001e-05
2.7600029432404735e-06,7.999999797903001e-05
2.764002943571435e-06,0.00011999999696854502
2.7680029439023965e-06,7.999999797903001e-05
2.772002944233358e-06,7.999999797903001e-05
2.7760029445643195e-06,7.999999797903001e-05
2.780002944895281e-06,7.999999797903001e-05
2.7840029452262424e-06,7.999999797903001e-05
2.788002945557204e-06,7.999999797903001e-05
2.7920029458881654e-06,7.999999797903001e-05
2.796002946219127e-06,7.999999797903001e-05
2.8000029465500884e-06,7.999999797903001e-05
2.80400294688105e-06,7.999999797903001e-05
2.8080029472120113e-06,7.999999797903001e-05
2.812002947542973e-06,7.999999797903001e-05
2.8160029478739343e-06,3.9999998989515007e-05
2.8200029482048958e-06,3.9999998989515007e-05
2.8240029485358573e-06,7.999999797903001e-05
2.8280029488668188e-06,7.999999797903001e-05
2.8320029491977802e-06,7.999999797903001e-05
2.8360029495287417e-06,7.999999797903001e-05
2.840002949859703e-06,7.999999797903001e-05
2.8440029501906647e-06,7.999999797903001e-05
2.848002950521626e-06,7.999999797903001e-05
2.8520029508525877e-06,0.00011999999696854502
2.856002951183549e-06,7.999999797903001e-05
2.8600029515145106e-06,7.999999797903001e-05
2.864002951845472e-06,3.9999998989515007e-05
2.8680029521764336e-06,7.999999797903001e-05
2.872002952507395e-06,3.9999998989515007e-05
2.8760029528383566e-06,7.999999797903001e-05
2.880002953169318e-06,7.999999797903001e-05
2.8840029535002795e-06,7.999999797903001e-05
2.888002953831241e-06,7.999999797903001e-05
2.8920029541622025e-06,0.00011999999696854502
2.896002954493164e-06,7.999999797903001e-05
2.9000029548241255e-06,7.999999797903001e-05
2.904002955155087e-06,7.999999797903001e-05
2.9080029554860484e-06,7.999999797903001e-05
2.91200295581701e-06,7.999999797903001e-05
2.9160029561479714e-06,7.999999797903001e-05
2.920002956478933e-06,7.999999797903001e-05
2.9240029568098944e-06,7.999999797903001e-05
2.928002957140856e-06,7.999999797903001e-05
2.9320029574718173e-06,7.999999797903001e-05
2.936002957802779e-06,7.999999797903001e-05
2.9400029581337403e-06,7.999999797903001e-05
2.944002958464702e-06,7.999999797903001e-05
2.9480029587956633e-06,7.999999797903001e-05
2.9520029591266248e-06,7.999999797903001e-05
2.9560029594575862e-06,7.999999797903001e-05
2.9600029597885477e-06,7.999999797903001e-05
2.964002960119509e-06,7.999999797903001e-05
2.9680029604504707e-06,7.999999797903001e-05
2.972002960781432e-06,7.999999797903001e-05
2.9760029611123937e-06,7.999999797903001e-05
2.980002961443355e-06,7.999999797903001e-05
2.9840029617743166e-06,7.999999797903001e-05
2.988002962105278e-06,7.999999797903001e-05
2.9920029624362396e-06,3.9999998989515007e-05
2.996002962767201e-06,7.999999797903001e-05
3.0000029630981626e-06,7.999999797903001e-05
3.004002963429124e-06,7.999999797903001e-05
3.0080029637600855e-06,7.999999797903001e-05
3.012002964091047e-06,7.999999797903001e-05
3.0160029644220085e-06,7.999999797903001e-05
3.02000296475297e-06,7.999999797903001e-05
3.0240029650839315e-06,7.999999797903001e-05
3.028002965414893e-06,7.999999797903001e-05
3.0320029657458544e-06,7.999999797903001e-05
3.036002966076816e-06,7.999999797903001e-05
3.0400029664077774e-06,7.999999797903001e-05
3.044002966738739e-06,7.999999797903001e-05
3.0480029670697004e-06,7.999999797903001e-05
3.052002967400662e-06,7.999999797903001e-05
3.0560029677316233e-06,7.999999797903001e-05
3.060002968062585e-06,7.999999797903001e-05
3.0640029683935463e-06,3.9999998989515007e-05
3.068002968724508e-06,7.999999797903001e-05
3.0720029690554693e-06,7.999999797903001e-05
3.0760029693864308e-06,7.999999797903001e-05
3.0800029697173922e-06,7.999999797903001e-05
3.0840029700483537e-06,7.999999797903001e-05
3.0880029703793152e-06,7.999999797903001e-05
3.0920029707102767e-06,7.999999797903001e-05
3.096002971041238e-06,7.999999797903001e-05
3.1000029713721997e-06,7.999999797903001e-05
3.104002971703161e-06,7.999999797903001e-05
3.1080029720341226e-06,7.999999797903001e-05
3.112002972365084e-06,7.999999797903001e-05
3.1160029726960456e-06,7.999999797903001e-05
3.120002973027007e-06,7.999999797903001e-05
3.1240029733579686e-06,7.999999797903001e-05
3.12800297368893e-06,7.999999797903001e-05
3.1320029740198915e-06,7.999999797903001e-05
3.136002974350853e-06,7.999999797903001e-05
3.1400029746818145e-06,7.999999797903001e-05
3.144002975012776e-06,7.999999797903001e-05
3.1480029753437375e-06,7.999999797903001e-05
3.152002975674699e-06,7.999999797903001e-05
3.1560029760056604e-06,0.00011999999696854502
3.160002976336622e-06,7.999999797903001e-05
3.1640029766675834e-06,0.00011999999696854502
3.168002976998545e-06,7.999999797903001e-05
3.1720029773295064e-06,7.999999797903001e-05
3.176002977660468e-06,7.999999797903001e-05
3.1800029779914293e-06,7.999999797903001e-05
3.184002978322391e-06,7.999999797903001e-05
3.1880029786533523e-06,7.999999797903001e-05
3.192002978984314e-06,7.999999797903001e-05
3.1960029793152753e-06,7.999999797903001e-05
3.2000029796462368e-06,7.999999797903001e-05
3.2040029799771983e-06,0.00011999999696854502
3.2080029803081597e-06,7.999999797903001e-05
3.2120029806391212e-06,7.999999797903001e-05
3.2160029809700827e-06,7.999999797903001e-05
3.220002981301044e-06,7.999999797903001e-05
3.2240029816320057e-06,7.999999797903001e-05
3.228002981962967e-06,7.999999797903001e-05
3.2320029822939286e-06,7.999999797903001e-05
3.23600298262489e-06,7.999999797903001e-05
3.2400029829558516e-06,7.999999797903001e-05
3.244002983286813e-06,7.999999797903001e-05
3.2480029836177746e-06,7.999999797903001e-05
3.252002983948736e-06,7.999999797903001e-05
3.2560029842796975e-06,7.999999797903001e-05
3.260002984610659e-06,7.999999797903001e-05
3.2640029849416205e-06,7.999999797903001e-05
3.268002985272582e-06,7.999999797903001e-05
3.2720029856035435e-06,7.999999797903001e-05
3.276002985934505e-06,7.999999797903001e-05
3.2800029862654664e-06,3.9999998989515007e-05
3.284002986596428e-06,7.999999797903001e-05
3.2880029869273894e-06,7.999999797903001e-05
3.292002987258351e-06,7.999999797903001e-05
3.2960029875893124e-06,7.999999797903001e-05
3.300002987920274e-06,7.999999797903001e-05
3.3040029882512354e-06,7.999999797903001e-05
3.308002988582197e-06,7.999999797903001e-05
3.3120029889131583e-06,3.9999998989515007e-05
3.31600298924412e-06,7.999999797903001e-05
3.3200029895750813e-06,7.999999797903001e-05
3.3240029899060428e-06,7.999999797903001e-05
3.3280029902370043e-06,7.999999797903001e-05
3.3320029905679657e-06,0.00011999999696854502
3.3360029908989272e-06,0.00011999999696854502
3.3400029912298887e-06,0.00011999999696854502
3.34400299156085e-06,7.999999797903001e-05
3.3480029918918117e-06,7.999999797903001e-05
3.352002992222773e-06,3.9999998989515007e-05
3.3560029925537346e-06,7.999999797903001e-05
3.360002992884696e-06,7.999999797903001e-05
3.3640029932156576e-06,7.999999797903001e-05
3.368002993546619e-06,3.9999998989515007e-05
3.3720029938775806e-06,7.999999797903001e-05
3.376002994208542e-06,7.999999797903001e-05
3.3800029945395035e-06,7.999999797903001e-05
3.384002994870465e-06,7.999999797903001e-05
3.3880029952014265e-06,7.999999797903001e-05
3.392002995532388e-06,7.999999797903001e-05
3.3960029958633495e-06,7.999999797903001e-05
3.400002996194311e-06,3.9999998989515007e-05
3.4040029965252725e-06,7.999999797903001e-05
3.408002996856234e-06,7.999999797903001e-05
3.4120029971871954e-06,7.999999797903001e-05
3.416002997518157e-06,7.999999797903001e-05
3.4200029978491184e-06,7.999999797903001e-05
3.42400299818008e-06,7.999999797903001e-05
3.4280029985110414e-06,7.999999797903001e-05
3.432002998842003e-06,7.999999797903001e-05
3.4360029991729643e-06,7.999999797903001e-05
3.440002999503926e-06,7.999999797903001e-05
3.4440029998348873e-06,7.999999797903001e-05
3.4480030001658488e-06,7.999999797903001e-05
3.4520030004968103e-06,7.999999797903001e-05
3.4560030008277717e-06,7.999999797903001e-05
3.4600030011587332e-06,7.999999797903001e-05
3.4640030014896947e-06,7.999999797903001e-05
3.468003001820656e-06,7.999999797903001e-05
3.4720030021516177e-06,7.999999797903001e-05
3.476003002482579e-06,7.999999797903001e-05
3.4800030028135406e-06,7.999999797903001e-05
3.484003003144502e-06,7.999999797903001e-05
3.4880030034754636e-06,7.999999797903001e-05
3.492003003806425e-06,0.00011999999696854502
3.4960030041373866e-06,7.999999797903001e-05
3.500003004468348e-06,0.00011999999696854502
3.5040030047993096e-06,7.999999797903001e-05
3.508003005130271e-06,7.999999797903001e-05
3.5120030054612325e-06,7.999999797903001e-05
3.516003005792194e-06,7.999999797903001e-05
3.5200030061231555e-06,7.999999797903001e-05
3.524003006454117e-06,7.999999797903001e-05
3.5280030067850785e-06,7.999999797903001e-05
3.53200300711604e-06,7.999999797903001e-05
3.5360030074470014e-06,7.999999797903001e-05
3.540003007777963e-06,7.999999797903001e-05
3.5440030081089244e-06,3.9999998989515007e-05
3.548003008439886e-06,7.999999797903001e-05
3.5520030087708474e-06,7.999999797903001e-05
3.556003009101809e-06,7.999999797903001e-05
3.5600030094327703e-06,7.999999797903001e-05
3.564003009763732e-06,7.999999797903001e-05
3.5680030100946933e-06,7.999999797903001e-05
3.5720030104256548e-06,7.999999797903001e-05
3.5760030107566163e-06,7.999999797903001e-05
3.5800030110875777e-06,0.00011999999696854502
3.5840030114185392e-06,7.999999797903001e-05
3.5880030117495007e-06,7.999999797903001e-05
3.592003012080462e-06,7.999999797903001e-05
3.5960030124114237e-06,7.999999797903001e-05
3.600003012742385e-06,3.9999998989515007e-05
3.6040030130733467e-06,7.999999797903001e-05
3.608003013404308e-06,7.999999797903001e-05
3.6120030137352696e-06,7.999999797903001e-05
3.616003014066231e-06,7.999999797903001e-05
3.6200030143971926e-06,7.999999797903001e-05
3.624003014728154e-06,7.999999797903001e-05
3.6280030150591156e-06,7.999999797903001e-05
3.632003015390077e-06,7.999999797903001e-05
3.6360030157210385e-06,7.999999797903001e-05
3.640003016052e-06,7.999999797903001e-05
3.6440030163829615e-06,0.00011999999696854502
3.648003016713923e-06,7.999999797903001e-05
3.6520030170448845e-06,0.00011999999696854502
3.656003017375846e-06,7.999999797903001e-05
3.6600030177068074e-06,0.00011999999696854502
3.664003018037769e-06,7.999999797903001e-05
3.6680030183687304e-06,7.999999797903001e-05
3.672003018699692e-06,7.999999797903001e-05
3.6760030190306534e-06,7.999999797903001e-05
3.680003019361615e-06,7.999999797903001e-05
3.6840030196925763e-06,7.999999797903001e-05
3.688003020023538e-06,7.999999797903001e-05
3.6920030203544993e-06,7.999999797903001e-05
3.6960030206854608e-06,7.999999797903001e-05
3.7000030210164223e-06,7.999999797903001e-05
3.7040030213473838e-06,7.999999797903001e-05
3.7080030216783452e-06,7.999999797903001e-05
3.7120030220093067e-06,7.999999797903001e-05
3.716003022340268e-06,7.999999797903001e-05
3.7200030226712297e-06,7.999999797903001e-05
3.724003023002191e-06,7.999999797903001e-05
3.7280030233331527e-06,7.999999797903001e-05
3.732003023664114e-06,7.999999797903001e-05
3.7360030239950756e-06,7.999999797903001e-05
3.740003024326037e-06,7.999999797903001e-05
3.7440030246569986e-06,7.999999797903001e-05
3.74800302498796e-06,7.999999797903001e-05
3.7520030253189216e-06,3.9999998989515007e-05
3.756003025649883e-06,7.999999797903001e-05
3.7600030259808445e-06,7.999999797903001e-05
3.764003026311806e-06,7.999999797903001e-05
3.7680030266427675e-06,7.999999797903001e-05
3.772003026973729e-06,7.999999797903001e-05
3.7760030273046905e-06,7.999999797903001e-05
3.780003027635652e-06,0.00011999999696854502
3.7840030279666134e-06,7.999999797903001e-05
3.788003028297575e-06,7.999999797903001e-05
3.7920030286285364e-06,7.999999797903001e-05
3.796003028959498e-06,7.999999797903001e-05
3.8000030292904594e-06,7.999999797903001e-05
3.804003029621421e-06,7.999999797903001e-05
3.8080030299523823e-06,7.999999797903001e-05
3.812003030283344e-06,7.999999797903001e-05
3.816003030614305e-06,7.999999797903001e-05
3.820003030945267e-06,0.00011999999696854502
3.824003031276228e-06,7.999999797903001e-05
3.82800303160719e-06,0.00011999999696854502
3.832003031938151e-06,7.999999797903001e-05
3.836003032269113e-06,7.999999797903001e-05
3.840003032600074e-06,3.9999998989515007e-05
3.844003032931036e-06,7.999999797903001e-05
3.848003033261997e-06,7.999999797903001e-05
3.852003033592959e-06,7.999999797903001e-05
3.85600303392392e-06,7.999999797903001e-05
3.860003034254882e-06,7.999999797903001e-05
3.864003034585843e-06,7.999999797903001e-05
3.868003034916805e-06,7.999999797903001e-05
3.872003035247766e-06,7.999999797903001e-05
3.8760030355787276e-06,7.999999797903001e-05
3.880003035909689e-06,7.999999797903001e-05
3.8840030362406505e-06,7.999999797903001e-05
3.888003036571612e-06,7.999999797903001e-05
3.8920030369025735e-06,7.999999797903001e-05
3.896003037233535e-06,7.999999797903001e-05
3.9000030375644965e-06,7.999999797903001e-05
3.904003037895458e-06,7.999999797903001e-05
3.9080030382264194e-06,7.999999797903001e-05
3.912003038557381e-06,7.999999797903001e-05
3.916003038888342e-06,7.999999797903001e-05
3.920003039219304e-06,7.999999797903001e-05
3.924003039550265e-06,7.999999797903001e-05
3.928003039881227e-06,7.999999797903001e-05
3.932003040212188e-06,7.999999797903001e-05
3.93600304054315e-06,7.999999797903001e-05
3.940003040874111e-06,7.999999797903001e-05
3.944003041205073e-06,7.999999797903001e-05
3.948003041536034e-06,7.999999797903001e-05
3.952003041866996e-06,7.999999797903001e-05
3.956003042197957e-06,7.999999797903001e-05
3.960003042528919e-06,3.9999998989515007e-05
3.96400304285988e-06,7.999999797903001e-05
3.968003043190842e-06,3.9999998989515007e-05
3.972003043521803e-06,7.999999797903001e-05
3.976003043852765e-06,7.999999797903001e-05
3.980003044183726e-06,0.00011999999696854502
3.984003044514688e-06,7.999999797903001e-05
3.988003044845649e-06,0.00011999999696854502
3.992003045176611e-06,7.999999797903001e-05
3.996003045507572e-06,7.999999797903001e-05
4.0000030458385336e-06,7.999999797903001e-05
4.004003046169495e-06,7.999999797903001e-05
4.0080030465004565e-06,7.999999797903001e-05
4.012003046831418e-06,7.999999797903001e-05
4.0160030471623795e-06,3.9999998989515007e-05
4.020003047493341e-06,7.999999797903001e-05
4.0240030478243025e-06,3.9999998989515007e-05
4.028003048155264e-06,7.999999797903001e-05
4.0320030484862254e-06,7.999999797903001e-05
4.036003048817187e-06,7.999999797903001e-05
4.040003049148148e-06,7.999999797903001e-05
4.04400304947911e-06,7.999999797903001e-05
4.048003049810071e-06,3.9999998989515007e-05
4.052003050141033e-06,7.999999797903001e-05
4.056003050471994e-06,7.999999797903001e-05
4.060003050802956e-06,7.999999797903001e-05
4.064003051133917e-06,7.999999797903001e-05
4.068003051464879e-06,7.999999797903001e-05
4.07200305179584e-06,7.999999797903001e-05
4.076003052126802e-06,7.999999797903001e-05
4.080003052457763e-06,7.999999797903001e-05
4.084003052788725e-06,7.999999797903001e-05
4.088003053119686e-06,7.999999797903001e-05
4.092003053450648e-06,7.999999797903001e-05
4.096003053781609e-06,7.999999797903001e-05
4.100003054112571e-06,7.999999797903001e-05
4.104003054443532e-06,7.999999797903001e-05
4.108003054774494e-06,7.999999797903001e-05
4.112003055105455e-06,7.999999797903001e-05
4.116003055436417e-06,7.999999797903001e-05
4.120003055767378e-06,7.999999797903001e-05
4.1240030560983396e-06,7.999999797903001e-05
4.128003056429301e-06,7.999999797903001e-05
4.1320030567602625e-06,7.999999797903001e-05
4.136003057091224e-06,7.999999797903001e-05
4.1400030574221855e-06,7.999999797903001e-05
4.144003057753147e-06,7.999999797903001e-05
4.1480030580841085e-06,7.999999797903001e-05
4.15200305841507e-06,7.999999797903001e-05
4.1560030587460314e-06,7.999999797903001e-05
4.160003059076993e-06,7.999999797903001e-05
4.164003059407954e-06,7.999999797903001e-05
4.168003059738916e-06,7.999999797903001e-05
4.172003060069877e-06,7.999999797903001e-05
4.176003060400839e-06,7.999999797903001e-05
4.1800030607318e-06,7.999999797903001e-05
4.184003061062762e-06,7.999999797903001e-05
4.188003061393723e-06,7.999999797903001e-05
4.192003061724685e-06,7.999999797903001e-05
4.196003062055646e-06,7.999999797903001e-05
4.200003062386608e-06,7.999999797903001e-05
4.204003062717569e-06,7.999999797903001e-05
4.208003063048531e-06,3.9999998989515007e-05
4.212003063379492e-06,7.999999797903001e-05
4.216003063710454e-06,3.9999998989515007e-05
4.220003064041415e-06,7.999999797903001e-05
4.224003064372377e-06,7.999999797903001e-05
4.228003064703338e-06,0.00011999999696854502
4.2320030650343e-06,7.999999797903001e-05
4.236003065365261e-06,7.999999797903001e-05
4.240003065696223e-06,7.999999797903001e-05
4.244003066027184e-06,7.999999797903001e-05
4.2480030663581456e-06,7.999999797903001e-05
4.252003066689107e-06,7.999999797903001e-05
4.2560030670200685e-06,7.999999797903001e-05
4.26000306735103e-06,7.999999797903001e-05
4.2640030676819915e-06,7.999999797903001e-05
4.268003068012953e-06,7.999999797903001e-05
4.2720030683439145e-06,7.999999797903001e-05
4.276003068674876e-06,7.999999797903001e-05
4.2800030690058374e-06,7.999999797903001e-05
4.284003069336799e-06,7.999999797903001e-05
4.28800306966776e-06,3.9999998989515007e-05
4.292003069998722e-06,7.999999797903001e-05
4.296003070329683e-06,7.999999797903001e-05
4.300003070660645e-06,7.999999797903001e-05
4.304003070991606e-06,7.999999797903001e-05
4.308003071322568e-06,0.00011999999696854502
4.312003071653529e-06,7.999999797903001e-05
4.316003071984491e-06,7.999999797903001e-05
4.320003072315452e-06,7.999999797903001e-05
4.324003072646414e-06,7.999999797903001e-05
4.328003072977375e-06,7.999999797903001e-05
4.332003073308337e-06,7.999999797903001e-05
4.336003073639298e-06,3.9999998989515007e-05
4.34000307397026e-06,7.999999797903001e-05
4.344003074301221e-06,7.999999797903001e-05
4.348003074632183e-06,7.999999797903001e-05
4.352003074963144e-06,7.999999797903001e-05
4.356003075294106e-06,7.999999797903001e-05
4.360003075625067e-06,7.999999797903001e-05
4.364003075956029e-06,7.999999797903001e-05
4.36800307628699e-06,7.999999797903001e-05
4.372003076617952e-06,7.999999797903001e-05
4.376003076948913e-06,7.999999797903001e-05
4.3800030772798745e-06,7.999999797903001e-05
4.384003077610836e-06,7.999999797903001e-05
4.3880030779417975e-06,0.00011999999696854502
4.392003078272759e-06,7.999999797903001e-05
4.3960030786037205e-06,7.999999797903001e-05
4.400003078934682e-06,3.9999998989515007e-05
4.4040030792656434e-06,7.999999797903001e-05
4.408003079596605e-06,3.9999998989515007e-05
4.412003079927566e-06,7.999999797903001e-05
4.416003080258528e-06,7.999999797903001e-05
4.420003080589489e-06,7.999999797903001e-05
4.424003080920451e-06,7.999999797903001e-05
4.428003081251412e-06,0.00011999999696854502
4.432003081582374e-06,7.999999797903001e-05
4.436003081913335e-06,0.00011999999696854502
4.440003082244297e-06,7.999999797903001e-05
4.444003082575258e-06,7.999999797903001e-05
4.44800308290622e-06,7.999999797903001e-05
4.452003083237181e-06,7.999999797903001e-05
4.456003083568143e-06,7.999999797903001e-05
4.460003083899104e-06,7.999999797903001e-05
4.464003084230066e-06,7.999999797903001e-05
4.468003084561027e-06,7.999999797903001e-05
4.472003084891989e-06,7.999999797903001e-05
4.47600308522295e-06,7.999999797903001e-05
4.480003085553912e-06,7.999999797903001e-05
4.484003085884873e-06,7.999999797903001e-05
4.488003086215835e-06,7.999999797903001e-05
4.492003086546796e-06,7.999999797903001e-05
4.496003086877758e-06,7.999999797903001e-05
4.500003087208719e-06,7.999999797903001e-05
4.5040030875396805e-06,7.999999797903001e-05
4.508003087870642e-06,7.999999797903001e-05
4.5120030882016035e-06,7.999999797903001e-05
4.516003088532565e-06,7.999999797903001e-05
4.5200030888635265e-06,7.999999797903001e-05
4.524003089194488e-06,7.999999797903001e-05
4.5280030895254495e-06,3.9999998989515007e-05
4.532003089856411e-06,7.999999797903001e-05
4.536003090187372e-06,3.9999998989515007e-05
4.540003090518334e-06,7.999999797903001e-05
4.544003090849295e-06,7.999999797903001e-05
4.548003091180257e-06,7.999999797903001e-05
4.552003091511218e-06,7.999999797903001e-05
4.55600309184218e-06,0.00011999999696854502
4.560003092173141e-06,7.999999797903001e-05
4.564003092504103e-06,0.00011999999696854502
4.568003092835064e-06,7.999999797903001e-05
4.572003093166026e-06,7.999999797903001e-05
4.576003093496987e-06,7.999999797903001e-05
4.580003093827949e-06,7.999999797903001e-05
4.58400309415891e-06,7.999999797903001e-05
4.588003094489872e-06,7.999999797903001e-05
4.592003094820833e-06,7.999999797903001e-05
4.596003095151795e-06,7.999999797903001e-05
4.600003095482756e-06,7.999999797903001e-05
4.604003095813718e-06,7.999999797903001e-05
4.608003096144679e-06,7.999999797903001e-05
4.612003096475641e-06,7.999999797903001e-05
4.616003096806602e-06,7.999999797903001e-05
4.620003097137564e-06,7.999999797903001e-05
4.624003097468525e-06,7.999999797903001e-05
4.6280030977994866e-06,7.999999797903001e-05
4.632003098130448e-06,7.999999797903001e-05
4.6360030984614095e-06,0.00011999999696854502
4.640003098792371e-06,7.999999797903001e-05
4.6440030991233325e-06,7.999999797903001e-05
4.648003099454294e-06,7.999999797903001e-05
4.6520030997852555e-06,3.9999998989515007e-05
4.656003100116217e-06,7.999999797903001e-05
4.6600031004471784e-06,7.999999797903001e-05
4.66400310077814e-06,7.999999797903001e-05
4.668003101109101e-06,7.999999797903001e-05
4.672003101440063e-06,7.999999797903001e-05
4.676003101771024e-06,7.999999797903001e-05
4.680003102101986e-06,7.999999797903001e-05
4.684003102432947e-06,7.999999797903001e-05
4.688003102763909e-06,7.999999797903001e-05
4.69200310309487e-06,7.999999797903001e-05
4.696003103425832e-06,3.9999998989515007e-05
4.700003103756793e-06,7.999999797903001e-05
4.704003104087755e-06,7.999999797903001e-05
4.708003104418716e-06,7.999999797903001e-05
4.712003104749678e-06,3.9999998989515007e-05
4.716003105080639e-06,7.999999797903001e-05
4.720003105411601e-06,7.999999797903001e-05
4.724003105742562e-06,7.999999797903001e-05
4.728003106073524e-06,7.999999797903001e-05
4.732003106404485e-06,7.999999797903001e-05
4.736003106735447e-06,7.999999797903001e-05
4.740003107066408e-06,7.999999797903001e-05
4.74400310739737e-06,7.999999797903001e-05
4.748003107728331e-06,0.00011999999696854502
4.7520031080592926e-06,7.999999797903001e-05
4.756003108390254e-06,0.00011999999696854502
4.7600031087212155e-06,7.999999797903001e-05
4.764003109052177e-06,7.999999797903001e-05
4.7680031093831385e-06,3.9999998989515007e-05
4.7720031097141e-06,7.999999797903001e-05
4.7760031100450615e-06,3.9999998989515007e-05
4.780003110376023e-06,7.999999797903001e-05
4.7840031107069844e-06,7.999999797903001e-05
4.788003111037946e-06,7.999999797903001e-05
4.792003111368907e-06,7.999999797903001e-05
4.796003111699869e-06,7.999999797903001e-05
4.80000311203083e-06,7.999999797903001e-05
4.804003112361792e-06,7.999999797903001e-05
4.808003112692753e-06,7.999999797903001e-05
4.812003113023715e-06,7.999999797903001e-05
4.816003113354676e-06,7.999999797903001e-05
4.820003113685638e-06,7.999999797903001e-05
4.824003114016599e-06,7.999999797903001e-05
4.828003114347561e-06,7.999999797903001e-05
4.832003114678522e-06,7.999999797903001e-05
4.836003115009484e-06,7.999999797903001e-05
4.840003115340445e-06,7.999999797903001e-05
4.844003115671407e-06,7.999999797903001e-05
4.848003116002368e-06,7.999999797903001e-05
4.85200311633333e-06,7.999999797903001e-05
4.856003116664291e-06,7.999999797903001e-05
4.860003116995253e-06,7.999999797903001e-05
4.864003117326214e-06,7.999999797903001e-05
4.868003117657176e-06,7.999999797903001e-05
4.872003117988137e-06,7.999999797903001e-05
4.8760031183190986e-06,7.999999797903001e-05
4.88000311865006e-06,7.999999797903001e-05
4.8840031189810215e-06,7.999999797903001e-05
4.888003119311983e-06,3.9999998989515007e-05
4.8920031196429445e-06,7.999999797903001e-05
4.896003119973906e-06,3.9999998989515007e-05
4.9000031203048675e-06,7.999999797903001e-05
4.904003120635829e-06,3.9999998989515007e-05
4.9080031209667904e-06,7.999999797903001e-05
4.912003121297752e-06,7.999999797903001e-05
4.916003121628713e-06,7.999999797903001e-05
4.920003121959675e-06,7.999999797903001e-05
4.924003122290636e-06,7.999999797903001e-05
4.928003122621598e-06,7.999999797903001e-05
4.932003122952559e-06,7.999999797903001e-05
4.936003123283521e-06,3.9999998989515007e-05
4.940003123614482e-06,7.999999797903001e-05
4.944003123945444e-06,7.999999797903001e-05
4.948003124276405e-06,7.999999797903001e-05
4.952003124607367e-06,7.999999797903001e-05
4.956003124938328e-06,7.999999797903001e-05
4.96000312526929e-06,7.999999797903001e-05
4.964003125600251e-06,7.999999797903001e-05
4.968003125931213e-06,7.999999797903001e-05
4.972003126262174e-06,7.999999797903001e-05
4.976003126593136e-06,7.999999797903001e-05
4.980003126924097e-06,7.999999797903001e-05
4.984003127255059e-06,7.999999797903001e-05
4.98800312758602e-06,7.999999797903001e-05
4.992003127916982e-06,7.999999797903001e-05
4.996003128247943e-06,7.999999797903001e-05
5.0000031285789046e-06,7.999999797903001e-05
5.004003128909866e-06,7.999999797903001e-05
5.0080031292408275e-06,3.9999998989515007e-05
5.012003129571789e-06,7.999999797903001e-05
5.0160031299027505e-06,7.999999797903001e-05
5.020003130233712e-06,7.999999797903001e-05
5.0240031305646735e-06,7.999999797903001e-05
5.028003130895635e-06,7.999999797903001e-05
5.0320031312265964e-06,7.999999797903001e-05
5.036003131557558e-06,7.999999797903001e-05
5.040003131888519e-06,7.999999797903001e-05
5.044003132219481e-06,7.999999797903001e-05
5.048003132550442e-06,7.999999797903001e-05
5.052003132881404e-06,7.999999797903001e-05
5.056003133212365e-06,3.9999998989515007e-05
5.060003133543327e-06,7.999999797903001e-05
5.064003133874288e-06,3.9999998989515007e-05
5.06800313420525e-06,7.999999797903001e-05
5.072003134536211e-06,7.999999797903001e-05
5.076003134867173e-06,7.999999797903001e-05
5.080003135198134e-06,7.999999797903001e-05
5.084003135529096e-06,0.00011999999696854502
5.088003135860057e-06,7.999999797903001e-05
5.092003136191019e-06,0.00011999999696854502
5.09600313652198e-06,7.999999797903001e-05
5.100003136852942e-06,7.999999797903001e-05
5.104003137183903e-06,7.999999797903001e-05
5.108003137514865e-06,7.999999797903001e-05
5.112003137845826e-06,7.999999797903001e-05
5.116003138176788e-06,7.999999797903001e-05
5.120003138507749e-06,3.9999998989515007e-05
5.1240031388387106e-06,7.999999797903001e-05
5.128003139169672e-06,7.999999797903001e-05
5.1320031395006335e-06,7.999999797903001e-05
5.136003139831595e-06,7.999999797903001e-05
5.1400031401625565e-06,7.999999797903001e-05
5.144003140493518e-06,7.999999797903001e-05
5.1480031408244795e-06,7.999999797903001e-05
5.152003141155441e-06,7.999999797903001e-05
5.1560031414864024e-06,0.00011999999696854502
5.160003141817364e-06,7.999999797903001e-05
5.164003142148325e-06,0.00011999999696854502
5.168003142479287e-06,7.999999797903001e-05
5.172003142810248e-06,7.999999797903001e-05
5.17600314314121e-06,3.9999998989515007e-05
5.180003143472171e-06,3.9999998989515007e-05
5.184003143803133e-06,3.9999998989515007e-05
5.188003144134094e-06,3.9999998989515007e-05
5.192003144465056e-06,3.9999998989515007e-05
5.196003144796017e-06,7.999999797903001e-05
5.200003145126979e-06,7.999999797903001e-05
5.20400314545794e-06,7.999999797903001e-05
5.208003145788902e-06,7.999999797903001e-05
5.212003146119863e-06,7.999999797903001e-05
5.216003146450825e-06,7.999999797903001e-05
5.220003146781786e-06,7.999999797903001e-05
5.224003147112748e-06,7.999999797903001e-05
5.228003147443709e-06,7.999999797903001e-05
5.232003147774671e-06,3.9999998989515007e-05
5.236003148105632e-06,7.999999797903001e-05
5.240003148436594e-06,7.999999797903001e-05
5.244003148767555e-06,7.999999797903001e-05
5.2480031490985166e-06,3.9999998989515007e-05
5.252003149429478e-06,7.999999797903001e-05
5.2560031497604395e-06,7.999999797903001e-05
5.260003150091401e-06,7.999999797903001e-05
5.2640031504223625e-06,7.999999797903001e-05
5.268003150753324e-06,7.999999797903001e-05
5.2720031510842855e-06,7.999999797903001e-05
5.276003151415247e-06,0.00011999999696854502
5.2800031517462084e-06,7.999999797903001e-05
5.28400315207717e-06,0.00011999999696854502
5.288003152408131e-06,7.999999797903001e-05
5.292003152739093e-06,7.999999797903001e-05
5.296003153070054e-06,3.9999998989515007e-05
5.300003153401016e-06,7.999999797903001e-05
5.304003153731977e-06,3.9999998989515007e-05
5.308003154062939e-06,3.9999998989515007e-05
5.3120031543939e-06,3.9999998989515007e-05
5.316003154724862e-06,7.999999797903001e-05
5.320003155055823e-06,7.999999797903001e-05
5.324003155386785e-06,7.999999797903001e-05
5.328003155717746e-06,7.999999797903001e-05
5.332003156048708e-06,7.999999797903001e-05
5.336003156379669e-06,7.999999797903001e-05
5.340003156710631e-06,7.999999797903001e-05
5.344003157041592e-06,7.999999797903001e-05
5.348003157372554e-06,7.999999797903001e-05
5.352003157703515e-06,7.999999797903001e-05
5.356003158034477e-06,7.999999797903001e-05
5.360003158365438e-06,7.999999797903001e-05
5.3640031586964e-06,7.999999797903001e-05
5.368003159027361e-06,3.9999998989515007e-05
5.372003159358323e-06,7.999999797903001e-05
5.376003159689284e-06,7.999999797903001e-05
5.3800031600202455e-06,7.999999797903001e-05
5.384003160351207e-06,7.999999797903001e-05
5.3880031606821685e-06,7.999999797903001e-05
5.39200316101313e-06,7.999999797903001e-05
5.3960031613440915e-06,7.999999797903001e-05
5.400003161675053e-06,7.999999797903001e-05
5.4040031620060144e-06,7.999999797903001e-05
5.408003162336976e-06,7.999999797903001e-05
5.412003162667937e-06,7.999999797903001e-05
5.416003162998899e-06,7.999999797903001e-05
5.42000316332986e-06,7.999999797903001e-05
5.424003163660822e-06,3.9999998989515007e-05
5.428003163991783e-06,7.999999797903001e-05
5.432003164322745e-06,7.999999797903001e-05
5.436003164653706e-06,7.999999797903001e-05
5.440003164984668e-06,7.999999797903001e-05
5.444003165315629e-06,7.999999797903001e-05
5.448003165646591e-06,7.999999797903001e-05
5.452003165977552e-06,7.999999797903001e-05
5.456003166308514e-06,7.999999797903001e-05
5.460003166639475e-06,7.999999797903001e-05
5.464003166970437e-06,7.999999797903001e-05
5.468003167301398e-06,7.999999797903001e-05
5.47200316763236e-06,7.999999797903001e-05
5.476003167963321e-06,7.999999797903001e-05
5.480003168294283e-06,7.999999797903001e-05
5.484003168625244e-06,7.999999797903001e-05
5.488003168956206e-06,7.999999797903001e-05
5.492003169287167e-06,7.999999797903001e-05
5.496003169618129e-06,3.9999998989515007e-05
5.50000316994909e-06,7.999999797903001e-05
5.5040031702800515e-06,7.999999797903001e-05
5.508003170611013e-06,7.999999797903001e-05
5.5120031709419745e-06,7.999999797903001e-05
5.516003171272936e-06,7.999999797903001e-05
5.5200031716038975e-06,7.999999797903001e-05
5.524003171934859e-06,0.00011999999696854502
5.5280031722658205e-06,7.999999797903001e-05
5.532003172596782e-06,0.00011999999696854502
5.536003172927743e-06,7.999999797903001e-05
5.540003173258705e-06,7.999999797903001e-05
5.544003173589666e-06,7.999999797903001e-05
5.548003173920628e-06,7.999999797903001e-05
5.552003174251589e-06,3.9999998989515007e-05
5.556003174582551e-06,7.999999797903001e-05
5.560003174913512e-06,7.999999797903001e-05
5.564003175244474e-06,7.999999797903001e-05
5.568003175575435e-06,7.999999797903001e-05
5.572003175906397e-06,7.999999797903001e-05
5.576003176237358e-06,7.999999797903001e-05
5.58000317656832e-06,7.999999797903001e-05
5.584003176899281e-06,7.999999797903001e-05
5.588003177230243e-06,7.999999797903001e-05
5.592003177561204e-06,3.9999998989515007e-05
5.596003177892166e-06,7.999999797903001e-05
5.600003178223127e-06,7.999999797903001e-05
5.604003178554089e-06,7.999999797903001e-05
5.60800317888505e-06,7.999999797903001e-05
5.612003179216012e-06,7.999999797903001e-05
5.616003179546973e-06,7.999999797903001e-05
5.620003179877935e-06,7.999999797903001e-05
5.624003180208896e-06,3.9999998989515007e-05
5.6280031805398576e-06,3.9999998989515007e-05
5.632003180870819e-06,3.9999998989515007e-05
5.6360031812017805e-06,3.9999998989515007e-05
5.640003181532742e-06,3.9999998989515007e-05
5.6440031818637035e-06,7.999999797903001e-05
5.648003182194665e-06,7.999999797903001e-05
5.6520031825256265e-06,0.00011999999696854502
5.656003182856588e-06,7.999999797903001e-05
5.6600031831875494e-06,0.00011999999696854502
5.664003183518511e-06,7.999999797903001e-05
5.668003183849472e-06,7.999999797903001e-05
5.672003184180434e-06,7.999999797903001e-05
5.676003184511395e-06,7.999999797903001e-05
5.680003184842357e-06,7.999999797903001e-05
5.684003185173318e-06,7.999999797903001e-05
5.68800318550428e-06,7.999999797903001e-05
5.692003185835241e-06,7.999999797903001e-05
5.696003186166203e-06,7.999999797903001e-05
5.700003186497164e-06,7.999999797903001e-05
5.704003186828126e-06,7.999999797903001e-05
5.708003187159087e-06,7.999999797903001e-05
5.712003187490049e-06,7.999999797903001e-05
5.71600318782101e-06,7.999999797903001e-05
5.720003188151972e-06,7.999999797903001e-05
5.724003188482933e-06,7.999999797903001e-05
5.728003188813895e-06,7.999999797903001e-05
5.732003189144856e-06,7.999999797903001e-05
5.736003189475818e-06,7.999999797903001e-05
5.740003189806779e-06,0.00011999999696854502
5.744003190137741e-06,7.999999797903001e-05
5.748003190468702e-06,7.999999797903001e-05
5.7520031907996636e-06,3.9999998989515007e-05
5.756003191130625e-06,7.999999797903001e-05
5.7600031914615865e-06,3.9999998989515007e-05
5.764003191792548e-06,7.999999797903001e-05
5.7680031921235095e-06,7.999999797903001e-05
5.772003192454471e-06,7.999999797903001e-05
5.7760031927854325e-06,7.999999797903001e-05
5.780003193116394e-06,7.999999797903001e-05
5.7840031934473554e-06,7.999999797903001e-05
5.788003193778317e-06,7.999999797903001e-05
5.792003194109278e-06,7.999999797903001e-05
5.79600319444024e-06,7.999999797903001e-05
5.800003194771201e-06,7.999999797903001e-05
5.804003195102163e-06,7.999999797903001e-05
5.808003195433124e-06,7.999999797903001e-05
5.812003195764086e-06,7.999999797903001e-05
5.816003196095047e-06,7.999999797903001e-05
5.820003196426009e-06,7.999999797903001e-05
5.82400319675697e-06,3.9999998989515007e-05
5.828003197087932e-06,7.999999797903001e-05
5.832003197418893e-06,7.999999797903001e-05
5.836003197749855e-06,7.999999797903001e-05
5.840003198080816e-06,7.999999797903001e-05
5.844003198411778e-06,7.999999797903001e-05
5.848003198742739e-06,7.999999797903001e-05
5.852003199073701e-06,7.999999797903001e-05
5.856003199404662e-06,7.999999797903001e-05
5.860003199735624e-06,7.999999797903001e-05
5.864003200066585e-06,7.999999797903001e-05
5.868003200397547e-06,7.999999797903001e-05
5.872003200728508e-06,7.999999797903001e-05
5.8760032010594696e-06,7.999999797903001e-05
5.880003201390431e-06,7.999999797903001e-05
5.8840032017213925e-06,7.999999797903001e-05
5.888003202052354e-06,7.999999797903001e-05
5.8920032023833155e-06,7.999999797903001e-05
5.896003202714277e-06,7.999999797903001e-05
5.9000032030452385e-06,7.999999797903001e-05
5.9040032033762e-06,7.999999797903001e-05
5.9080032037071614e-06,7.999999797903001e-05
5.912003204038123e-06,7.999999797903001e-05
5.916003204369084e-06,7.999999797903001e-05
5.920003204700046e-06,7.999999797903001e-05
5.924003205031007e-06,7.999999797903001e-05
5.928003205361969e-06,7.999999797903001e-05
5.93200320569293e-06,7.999999797903001e-05
5.936003206023892e-06,7.999999797903001e-05
5.940003206354853e-06,7.999999797903001e-05
5.944003206685815e-06,7.999999797903001e-05
5.948003207016776e-06,7.999999797903001e-05
5.952003207347738e-06,7.999999797903001e-05
5.956003207678699e-06,7.999999797903001e-05
5.960003208009661e-06,7.999999797903001e-05
5.964003208340622e-06,7.999999797903001e-05
5.968003208671584e-06,7.999999797903001e-05
5.972003209002545e-06,7.999999797903001e-05
5.976003209333507e-06,7.999999797903001e-05
5.980003209664468e-06,0.00011999999696854502
5.98400320999543e-06,7.999999797903001e-05
5.988003210326391e-06,7.999999797903001e-05
5.992003210657353e-06,7.999999797903001e-05
5.996003210988314e-06,7.999999797903001e-05
6.0000032113192756e-06,7.999999797903001e-05
6.004003211650237e-06,7.999999797903001e-05
6.0080032119811985e-06,7.999999797903001e-05
6.01200321231216e-06,7.999999797903001e-05
6.0160032126431215e-06,7.999999797903001e-05
6.020003212974083e-06,0.00011999999696854502
6.0240032133050445e-06,7.999999797903001e-05
6.028003213636006e-06,7.999999797903001e-05
6.0320032139669674e-06,7.999999797903001e-05
6.036003214297929e-06,7.999999797903001e-05
6.04000321462889e-06,7.999999797903001e-05
6.044003214959852e-06,7.999999797903001e-05
6.048003215290813e-06,7.999999797903001e-05
6.052003215621775e-06,7.999999797903001e-05
6.056003215952736e-06,7.999999797903001e-05
6.060003216283698e-06,7.999999797903001e-05
6.064003216614659e-06,7.999999797903001e-05
6.068003216945621e-06,7.999999797903001e-05
6.072003217276582e-06,7.999999797903001e-05
6.076003217607544e-06,7.999999797903001e-05
6.080003217938505e-06,7.999999797903001e-05
6.084003218269467e-06,7.999999797903001e-05
6.088003218600428e-06,7.999999797903001e-05
6.09200321893139e-06,7.999999797903001e-05
6.096003219262351e-06,7.999999797903001e-05
6.100003219593313e-06,7.999999797903001e-05
6.104003219924274e-06,7.999999797903001e-05
6.108003220255236e-06,7.999999797903001e-05
6.112003220586197e-06,7.999999797903001e-05
6.116003220917159e-06,7.999999797903001e-05
6.12000322124812e-06,7.999999797903001e-05
6.1240032215790816e-06,7.999999797903001e-05
6.128003221910043e-06,7.999999797903001e-05
6.1320032222410045e-06,7.999999797903001e-05
6.136003222571966e-06,7.999999797903001e-05
6.1400032229029275e-06,7.999999797903001e-05
6.144003223233889e-06,7.999999797903001e-05
6.1480032235648505e-06,7.999999797903001e-05
6.152003223895812e-06,7.999999797903001e-05
6.1560032242267734e-06,7.999999797903001e-05
6.160003224557735e-06,7.999999797903001e-05
6.164003224888696e-06,7.999999797903001e-05
6.168003225219658e-06,7.999999797903001e-05
6.172003225550619e-06,0.00011999999696854502
6.176003225881581e-06,7.999999797903001e-05
6.180003226212542e-06,7.999999797903001e-05
6.184003226543504e-06,7.999999797903001e-05
6.188003226874465e-06,7.999999797903001e-05
6.192003227205427e-06,7.999999797903001e-05
6.196003227536388e-06,7.999999797903001e-05
6.20000322786735e-06,7.999999797903001e-05
6.204003228198311e-06,7.999999797903001e-05
6.208003228529273e-06,7.999999797903001e-05
6.212003228860234e-06,7.999999797903001e-05
6.216003229191196e-06,7.999999797903001e-05
6.220003229522157e-06,7.999999797903001e-05
6.224003229853119e-06,7.999999797903001e-05
6.22800323018408e-06,7.999999797903001e-05
6.232003230515042e-06,7.999999797903001e-05
6.236003230846003e-06,7.999999797903001e-05
6.240003231176965e-06,7.999999797903001e-05
6.244003231507926e-06,7.999999797903001e-05
6.2480032318388876e-06,3.9999998989515007e-05
6.252003232169849e-06,7.999999797903001e-05
6.2560032325008105e-06,7.999999797903001e-05
6.260003232831772e-06,7.999999797903001e-05
6.2640032331627335e-06,7.999999797903001e-05
6.268003233493695e-06,7.999999797903001e-05
6.2720032338246565e-06,7.999999797903001e-05
6.276003234155618e-06,7.999999797903001e-05
6.2800032344865794e-06,3.9999998989515007e-05
6.284003234817541e-06,7.999999797903001e-05
6.288003235148502e-06,7.999999797903001e-05
6.292003235479464e-06,7.999999797903001e-05
6.296003235810425e-06,7.999999797903001e-05
6.300003236141387e-06,7.999999797903001e-05
6.304003236472348e-06,7.999999797903001e-05
6.30800323680331e-06,7.999999797903001e-05
6.312003237134271e-06,7.999999797903001e-05
6.316003237465233e-06,7.999999797903001e-05
6.320003237796194e-06,3.9999998989515007e-05
6.324003238127156e-06,7.999999797903001e-05
6.328003238458117e-06,7.999999797903001e-05
6.332003238789079e-06,7.999999797903001e-05
6.33600323912004e-06,7.999999797903001e-05
6.340003239451002e-06,0.00011999999696854502
6.344003239781963e-06,7.999999797903001e-05
6.348003240112925e-06,0.00011999999696854502
6.352003240443886e-06,7.999999797903001e-05
6.356003240774848e-06,7.999999797903001e-05
6.360003241105809e-06,3.9999998989515007e-05
6.364003241436771e-06,7.999999797903001e-05
6.368003241767732e-06,7.999999797903001e-05
6.3720032420986936e-06,7.999999797903001e-05
6.376003242429655e-06,7.999999797903001e-05
6.3800032427606165e-06,7.999999797903001e-05
6.384003243091578e-06,7.999999797903001e-05
6.3880032434225395e-06,7.999999797903001e-05
6.392003243753501e-06,7.999999797903001e-05
6.3960032440844625e-06,7.999999797903001e-05
6.400003244415424e-06,7.999999797903001e-05
6.4040032447463854e-06,7.999999797903001e-05
6.408003245077347e-06,7.999999797903001e-05
6.412003245408308e-06,7.999999797903001e-05
6.41600324573927e-06,7.999999797903001e-05
6.420003246070231e-06,7.999999797903001e-05
6.424003246401193e-06,7.999999797903001e-05
6.428003246732154e-06,7.999999797903001e-05
6.432003247063116e-06,7.999999797903001e-05
6.436003247394077e-06,7.999999797903001e-05
6.440003247725039e-06,7.999999797903001e-05
6.444003248056e-06,7.999999797903001e-05
6.448003248386962e-06,7.999999797903001e-05
6.452003248717923e-06,7.999999797903001e-05
6.456003249048885e-06,7.999999797903001e-05
6.460003249379846e-06,0.00011999999696854502
6.464003249710808e-06,7.999999797903001e-05
6.468003250041769e-06,7.999999797903001e-05
6.472003250372731e-06,7.999999797903001e-05
6.476003250703692e-06,7.999999797903001e-05
6.480003251034654e-06,7.999999797903001e-05
6.484003251365615e-06,7.999999797903001e-05
6.488003251696577e-06,7.999999797903001e-05
6.492003252027538e-06,7.999999797903001e-05
6.4960032523585e-06,7.999999797903001e-05
6.500003252689461e-06,7.999999797903001e-05
6.5040032530204225e-06,7.999999797903001e-05
6.508003253351384e-06,7.999999797903001e-05
6.5120032536823455e-06,7.999999797903001e-05
6.516003254013307e-06,7.999999797903001e-05
6.5200032543442685e-06,7.999999797903001e-05
6.52400325467523e-06,7.999999797903001e-05
6.5280032550061915e-06,7.999999797903001e-05
6.532003255337153e-06,7.999999797903001e-05
6.536003255668114e-06,7.999999797903001e-05
6.540003255999076e-06,7.999999797903001e-05
6.544003256330037e-06,7.999999797903001e-05
6.548003256660999e-06,7.999999797903001e-05
6.55200325699196e-06,7.999999797903001e-05
6.556003257322922e-06,7.999999797903001e-05
6.560003257653883e-06,7.999999797903001e-05
6.564003257984845e-06,7.999999797903001e-05
6.568003258315806e-06,3.9999998989515007e-05
6.572003258646768e-06,7.999999797903001e-05
6.576003258977729e-06,3.9999998989515007e-05
6.580003259308691e-06,7.999999797903001e-05
6.584003259639652e-06,7.999999797903001e-05
6.588003259970614e-06,7.999999797903001e-05
6.592003260301575e-06,7.999999797903001e-05
6.596003260632537e-06,7.999999797903001e-05
6.600003260963498e-06,7.999999797903001e-05
6.60400326129446e-06,7.999999797903001e-05
6.608003261625421e-06,7.999999797903001e-05
6.612003261956383e-06,7.999999797903001e-05
6.616003262287344e-06,7.999999797903001e-05
6.620003262618306e-06,0.00011999999696854502
6.624003262949267e-06,7.999999797903001e-05
6.6280032632802286e-06,0.00011999999696854502
6.63200326361119e-06,7.999999797903001e-05
6.6360032639421515e-06,7.999999797903001e-05
6.640003264273113e-06,7.999999797903001e-05
6.6440032646040745e-06,7.999999797903001e-05
6.648003264935036e-06,7.999999797903001e-05
6.6520032652659975e-06,7.999999797903001e-05
6.656003265596959e-06,3.9999998989515007e-05
6.6600032659279204e-06,7.999999797903001e-05
6.664003266258882e-06,7.999999797903001e-05
6.668003266589843e-06,7.999999797903001e-05
6.672003266920805e-06,7.999999797903001e-05
6.676003267251766e-06,7.999999797903001e-05
6.680003267582728e-06,7.999999797903001e-05
6.684003267913689e-06,7.999999797903001e-05
6.688003268244651e-06,3.9999998989515007e-05
6.692003268575612e-06,7.999999797903001e-05
6.696003268906574e-06,3.9999998989515007e-05
6.700003269237535e-06,7.999999797903001e-05
6.704003269568497e-06,7.999999797903001e-05
6.708003269899458e-06,7.999999797903001e-05
6.71200327023042e-06,7.999999797903001e-05
6.716003270561381e-06,7.999999797903001e-05
6.720003270892343e-06,7.999999797903001e-05
6.724003271223304e-06,7.999999797903001e-05
6.728003271554266e-06,7.999999797903001e-05
6.732003271885227e-06,7.999999797903001e-05
6.736003272216189e-06,7.999999797903001e-05
6.74000327254715e-06,7.999999797903001e-05
6.744003272878112e-06,7.999999797903001e-05
6.748003273209073e-06,7.999999797903001e-05
6.7520032735400346e-06,7.999999797903001e-05
6.756003273870996e-06,7.999999797903001e-05
6.7600032742019575e-06,7.999999797903001e-05
6.764003274532919e-06,7.999999797903001e-05
6.7680032748638805e-06,7.999999797903001e-05
6.772003275194842e-06,7.999999797903001e-05
6.7760032755258035e-06,7.999999797903001e-05
6.780003275856765e-06,7.999999797903001e-05
6.7840032761877264e-06,7.999999797903001e-05
6.788003276518688e-06,7.999999797903001e-05
6.792003276849649e-06,7.999999797903001e-05
6.796003277180611e-06,7.999999797903001e-05
6.800003277511572e-06,7.999999797903001e-05
6.804003277842534e-06,7.999999797903001e-05
6.808003278173495e-06,3.9999998989515007e-05
6.812003278504457e-06,7.999999797903001e-05
6.816003278835418e-06,7.999999797903001e-05
6.82000327916638e-06,7.999999797903001e-05
6.824003279497341e-06,7.999999797903001e-05
6.828003279828303e-06,7.999999797903001e-05
6.832003280159264e-06,7.999999797903001e-05
6.836003280490226e-06,7.999999797903001e-05
6.840003280821187e-06,7.999999797903001e-05
6.844003281152149e-06,7.999999797903001e-05
6.84800328148311e-06,7.999999797903001e-05
6.852003281814072e-06,7.999999797903001e-05
6.856003282145033e-06,7.999999797903001e-05
6.860003282475995e-06,7.999999797903001e-05
6.864003282806956e-06,7.999999797903001e-05
6.868003283137918e-06,7.999999797903001e-05
6.872003283468879e-06,7.999999797903001e-05
6.8760032837998406e-06,7.999999797903001e-05
6.880003284130802e-06,7.999999797903001e-05
6.8840032844617635e-06,7.999999797903001e-05
6.888003284792725e-06,7.999999797903001e-05
6.8920032851236865e-06,7.999999797903001e-05
6.896003285454648e-06,7.999999797903001e-05
6.9000032857856095e-06,7.999999797903001e-05
6.904003286116571e-06,7.999999797903001e-05
6.9080032864475324e-06,7.999999797903001e-05
6.912003286778494e-06,7.999999797903001e-05
6.916003287109455e-06,7.999999797903001e-05
6.920003287440417e-06,7.999999797903001e-05
6.924003287771378e-06,7.999999797903001e-05
6.92800328810234e-06,7.999999797903001e-05
6.932003288433301e-06,7.999999797903001e-05
6.936003288764263e-06,3.9999998989515007e-05
6.940003289095224e-06,7.999999797903001e-05
6.944003289426186e-06,7.999999797903001e-05
6.948003289757147e-06,7.999999797903001e-05
6.952003290088109e-06,7.999999797903001e-05
6.95600329041907e-06,7.999999797903001e-05
6.960003290750032e-06,7.999999797903001e-05
6.964003291080993e-06,7.999999797903001e-05
6.968003291411955e-06,7.999999797903001e-05
6.972003291742916e-06,7.999999797903001e-05
6.976003292073878e-06,7.999999797903001e-05
6.980003292404839e-06,7.999999797903001e-05
6.984003292735801e-06,7.999999797903001e-05
6.988003293066762e-06,7.999999797903001e-05
6.992003293397724e-06,7.999999797903001e-05
6.996003293728685e-06,7.999999797903001e-05
7.0000032940596466e-06,7.999999797903001e-05
7.004003294390608e-06,7.999999797903001e-05
7.0080032947215695e-06,7.999999797903001e-05
7.012003295052531e-06,7.999999797903001e-05
7.0160032953834925e-06,7.999999797903001e-05
7.020003295714454e-06,7.999999797903001e-05
7.0240032960454155e-06,7.999999797903001e-05
7.028003296376377e-06,7.999999797903001e-05
7.0320032967073384e-06,7.999999797903001e-05
7.0360032970383e-06,7.999999797903001e-05
7.040003297369261e-06,7.999999797903001e-05
7.044003297700223e-06,7.999999797903001e-05
7.048003298031184e-06,7.999999797903001e-05
7.052003298362146e-06,7.999999797903001e-05
7.056003298693107e-06,3.9999998989515007e-05
7.060003299024069e-06,7.999999797903001e-05
7.06400329935503e-06,3.9999998989515007e-05
7.068003299685992e-06,7.999999797903001e-05
7.072003300016953e-06,7.999999797903001e-05
7.076003300347915e-06,0.00011999999696854502
7.080003300678876e-06,7.999999797903001e-05
7.084003301009838e-06,7.999999797903001e-05
7.088003301340799e-06,7.999999797903001e-05
7.092003301671761e-06,7.999999797903001e-05
7.096003302002722e-06,7.999999797903001e-05
7.100003302333684e-06,7.999999797903001e-05
7.104003302664645e-06,7.999999797903001e-05
7.108003302995607e-06,7.999999797903001e-05
7.112003303326568e-06,7.999999797903001e-05
7.11600330365753e-06,7.999999797903001e-05
7.120003303988491e-06,7.999999797903001e-05
7.1240033043194526e-06,7.999999797903001e-05
7.128003304650414e-06,7.999999797903001e-05
7.1320033049813755e-06,7.999999797903001e-05
7.136003305312337e-06,7.999999797903001e-05
7.1400033056432985e-06,7.999999797903001e-05
7.14400330597426e-06,7.999999797903001e-05
7.1480033063052215e-06,7.999999797903001e-05
7.152003306636183e-06,7.999999797903001e-05
7.1560033069671444e-06,7.999999797903001e-05
7.160003307298106e-06,7.999999797903001e-05
7.164003307629067e-06,7.999999797903001e-05
7.168003307960029e-06,3.9999998989515007e-05
7.17200330829099e-06,7.999999797903001e-05
7.176003308621952e-06,7.999999797903001e-05
7.180003308952913e-06,7.999999797903001e-05
7.184003309283875e-06,7.999999797903001e-05
7.188003309614836e-06,7.999999797903001e-05
7.192003309945798e-06,7.999999797903001e-05
7.196003310276759e-06,7.999999797903001e-05
7.200003310607721e-06,7.999999797903001e-05
7.204003310938682e-06,7.999999797903001e-05
7.208003311269644e-06,7.999999797903001e-05
7.212003311600605e-06,7.999999797903001e-05
7.216003311931567e-06,7.999999797903001e-05
7.220003312262528e-06,3.9999998989515007e-05
7.22400331259349e-06,3.9999998989515007e-05
7.228003312924451e-06,7.999999797903001e-05
7.232003313255413e-06,7.999999797903001e-05
7.236003313586374e-06,7.999999797903001e-05
7.240003313917336e-06,7.999999797903001e-05
7.244003314248297e-06,7.999999797903001e-05
7.2480033145792586e-06,7.999999797903001e-05
7.25200331491022e-06,7.999999797903001e-05
7.2560033152411815e-06,7.999999797903001e-05
7.260003315572143e-06,7.999999797903001e-05
7.2640033159031045e-06,7.999999797903001e-05
7.268003316234066e-06,7.999999797903001e-05
7.2720033165650275e-06,7.999999797903001e-05
7.276003316895989e-06,7.999999797903001e-05
7.2800033172269504e-06,7.999999797903001e-05
7.284003317557912e-06,7.999999797903001e-05
7.288003317888873e-06,7.999999797903001e-05
7.292003318219835e-06,7.999999797903001e-05
7.296003318550796e-06,3.9999998989515007e-05
7.300003318881758e-06,7.999999797903001e-05
7.304003319212719e-06,7.999999797903001e-05
7.308003319543681e-06,7.999999797903001e-05
7.312003319874642e-06,7.999999797903001e-05
7.316003320205604e-06,0.00011999999696854502
7.320003320536565e-06,7.999999797903001e-05
7.324003320867527e-06,7.999999797903001e-05
7.328003321198488e-06,7.999999797903001e-05
7.33200332152945e-06,7.999999797903001e-05
7.336003321860411e-06,7.999999797903001e-05
7.340003322191373e-06,7.999999797903001e-05
7.344003322522334e-06,7.999999797903001e-05
7.348003322853296e-06,7.999999797903001e-05
7.352003323184257e-06,7.999999797903001e-05
7.356003323515219e-06,7.999999797903001e-05
7.36000332384618e-06,7.999999797903001e-05
7.364003324177142e-06,7.999999797903001e-05
7.368003324508103e-06,7.999999797903001e-05
7.3720033248390646e-06,7.999999797903001e-05
7.376003325170026e-06,7.999999797903001e-05
7.3800033255009875e-06,7.999999797903001e-05
7.384003325831949e-06,7.999999797903001e-05
7.3880033261629105e-06,7.999999797903001e-05
7.392003326493872e-06,7.999999797903001e-05
7.3960033268248335e-06,7.999999797903001e-05
7.400003327155795e-06,7.999999797903001e-05
7.4040033274867564e-06,7.999999797903001e-05
7.408003327817718e-06,7.999999797903001e-05
7.412003328148679e-06,7.999999797903001e-05
7.416003328479641e-06,7.999999797903001e-05
7.420003328810602e-06,7.999999797903001e-05
7.424003329141564e-06,7.999999797903001e-05
7.428003329472525e-06,7.999999797903001e-05
7.432003329803487e-06,3.9999998989515007e-05
7.436003330134448e-06,7.999999797903001e-05
7.44000333046541e-06,7.999999797903001e-05
7.444003330796371e-06,7.999999797903001e-05
7.448003331127333e-06,7.999999797903001e-05
7.452003331458294e-06,7.999999797903001e-05
7.456003331789256e-06,7.999999797903001e-05
7.460003332120217e-06,7.999999797903001e-05
7.464003332451179e-06,7.999999797903001e-05
7.46800333278214e-06,7.999999797903001e-05
7.472003333113102e-06,3.9999998989515007e-05
7.476003333444063e-06,7.999999797903001e-05
7.480003333775025e-06,7.999999797903001e-05
7.484003334105986e-06,7.999999797903001e-05
7.488003334436948e-06,7.999999797903001e-05
7.492003334767909e-06,7.999999797903001e-05
7.496003335098871e-06,7.999999797903001e-05
7.500003335429832e-06,7.999999797903001e-05
7.5040033357607935e-06,7.999999797903001e-05
7.508003336091755e-06,7.999999797903001e-05
7.5120033364227165e-06,7.999999797903001e-05
7.516003336753678e-06,7.999999797903001e-05
7.5200033370846395e-06,7.999999797903001e-05
7.524003337415601e-06,7.999999797903001e-05
7.5280033377465625e-06,7.999999797903001e-05
7.532003338077524e-06,7.999999797903001e-05
7.536003338408485e-06,7.999999797903001e-05
7.540003338739447e-06,7.999999797903001e-05
7.544003339070408e-06,7.999999797903001e-05
7.54800333940137e-06,7.999999797903001e-05
7.552003339732331e-06,7.999999797903001e-05
7.556003340063293e-06,0.00011999999696854502
7.560003340394254e-06,7.999999797903001e-05
7.564003340725216e-06,7.999999797903001e-05
7.568003341056177e-06,7.999999797903001e-05
7.572003341387139e-06,7.999999797903001e-05
7.5760033417181e-06,7.999999797903001e-05
7.580003342049062e-06,7.999999797903001e-05
7.584003342380023e-06,3.9999998989515007e-05
7.588003342710985e-06,3.9999998989515007e-05
7.592003343041946e-06,3.9999998989515007e-05
7.596003343372908e-06,7.999999797903001e-05
7.600003343703869e-06,7.999999797903001e-05
7.604003344034831e-06,0.00011999999696854502
7.608003344365792e-06,7.999999797903001e-05
7.612003344696754e-06,0.00011999999696854502
7.616003345027715e-06,7.999999797903001e-05
7.620003345358677e-06,7.999999797903001e-05
7.624003345689638e-06,7.999999797903001e-05
7.6280033460205996e-06,7.999999797903001e-05
7.632003346351561e-06,7.999999797903001e-05
7.636003346682523e-06,7.999999797903001e-05
7.640003347013484e-06,3.9999998989515007e-05
7.644003347344445e-06,3.9999998989515007e-05
7.648003347675407e-06,3.9999998989515007e-05
7.652003348006368e-06,3.9999998989515007e-05
7.65600334833733e-06,7.999999797903001e-05
7.660003348668291e-06,7.999999797903001e-05
7.664003348999253e-06,7.999999797903001e-05
7.668003349330214e-06,7.999999797903001e-05
7.672003349661176e-06,7.999999797903001e-05
7.676003349992137e-06,0.00011999999696854502
7.680003350323099e-06,7.999999797903001e-05
7.68400335065406e-06,0.00011999999696854502
7.688003350985022e-06,7.999999797903001e-05
7.692003351315983e-06,7.999999797903001e-05
7.696003351646945e-06,3.9999998989515007e-05
7.700003351977906e-06,3.9999998989515007e-05
7.704003352308868e-06,3.9999998989515007e-05
7.70800335263983e-06,7.999999797903001e-05
7.71200335297079e-06,3.9999998989515007e-05
7.716003353301752e-06,7.999999797903001e-05
7.720003353632714e-06,7.999999797903001e-05
7.724003353963675e-06,7.999999797903001e-05
7.728003354294637e-06,7.999999797903001e-05
7.732003354625598e-06,0.00011999999696854502
7.73600335495656e-06,7.999999797903001e-05
7.740003355287521e-06,0.00011999999696854502
7.744003355618483e-06,7.999999797903001e-05
7.748003355949444e-06,7.999999797903001e-05
7.752003356280406e-06,3.9999998989515007e-05
7.756003356611367e-06,7.999999797903001e-05
7.760003356942329e-06,3.9999998989515007e-05
7.76400335727329e-06,7.999999797903001e-05
7.768003357604251e-06,3.9999998989515007e-05
7.772003357935213e-06,3.9999998989515007e-05
7.776003358266174e-06,3.9999998989515007e-05
7.780003358597136e-06,7.999999797903001e-05
7.784003358928097e-06,7.999999797903001e-05
7.788003359259059e-06,7.999999797903001e-05
7.79200335959002e-06,7.999999797903001e-05
7.796003359920982e-06,7.999999797903001e-05
7.800003360251943e-06,7.999999797903001e-05
7.804003360582905e-06,7.999999797903001e-05
7.808003360913866e-06,7.999999797903001e-05
7.812003361244828e-06,7.999999797903001e-05
7.81600336157579e-06,7.999999797903001e-05
7.82000336190675e-06,7.999999797903001e-05
7.824003362237712e-06,3.9999998989515007e-05
7.828003362568674e-06,7.999999797903001e-05
7.832003362899635e-06,3.9999998989515007e-05
7.836003363230597e-06,7.999999797903001e-05
7.840003363561558e-06,7.999999797903001e-05
7.84400336389252e-06,7.999999797903001e-05
7.848003364223481e-06,7.999999797903001e-05
7.852003364554443e-06,7.999999797903001e-05
7.856003364885404e-06,7.999999797903001e-05
7.860003365216366e-06,7.999999797903001e-05
7.864003365547327e-06,7.999999797903001e-05
7.868003365878289e-06,7.999999797903001e-05
7.87200336620925e-06,3.9999998989515007e-05
7.876003366540212e-06,7.999999797903001e-05
7.880003366871173e-06,7.999999797903001e-05
7.884003367202135e-06,7.999999797903001e-05
7.888003367533096e-06,7.999999797903001e-05
7.892003367864057e-06,7.999999797903001e-05
7.896003368195019e-06,7.999999797903001e-05
7.90000336852598e-06,7.999999797903001e-05
7.904003368856942e-06,7.999999797903001e-05
7.908003369187903e-06,7.999999797903001e-05
7.912003369518865e-06,7.999999797903001e-05
7.916003369849826e-06,7.999999797903001e-05
7.920003370180788e-06,7.999999797903001e-05
7.92400337051175e-06,7.999999797903001e-05
7.928003370842711e-06,7.999999797903001e-05
7.932003371173672e-06,7.999999797903001e-05
7.936003371504634e-06,3.9999998989515007e-05
7.940003371835595e-06,7.999999797903001e-05
7.944003372166557e-06,7.999999797903001e-05
7.948003372497518e-06,7.999999797903001e-05
7.95200337282848e-06,7.999999797903001e-05
7.956003373159441e-06,7.999999797903001e-05
7.960003373490403e-06,7.999999797903001e-05
7.964003373821364e-06,7.999999797903001e-05
7.968003374152326e-06,7.999999797903001e-05
7.972003374483287e-06,7.999999797903001e-05
7.976003374814249e-06,7.999999797903001e-05
7.98000337514521e-06,0.00011999999696854502
7.984003375476172e-06,7.999999797903001e-05
7.988003375807133e-06,7.999999797903001e-05
7.992003376138095e-06,3.9999998989515007e-05
7.996003376469056e-06,3.9999998989515007e-05
8.000003376800018e-06,7.999999797903001e-05
8.004003377130979e-06,7.999999797903001e-05
8.00800337746194e-06,7.999999797903001e-05
8.012003377792902e-06,7.999999797903001e-05
8.016003378123863e-06,7.999999797903001e-05
8.020003378454825e-06,7.999999797903001e-05
8.024003378785786e-06,7.999999797903001e-05
8.028003379116748e-06,7.999999797903001e-05
8.03200337944771e-06,7.999999797903001e-05
8.036003379778671e-06,7.999999797903001e-05
8.040003380109632e-06,7.999999797903001e-05
8.044003380440594e-06,7.999999797903001e-05
8.048003380771555e-06,7.999999797903001e-05
8.052003381102517e-06,7.999999797903001e-05
8.056003381433478e-06,7.999999797903001e-05
8.06000338176444e-06,7.999999797903001e-05
8.064003382095401e-06,7.999999797903001e-05
8.068003382426363e-06,7.999999797903001e-05
8.072003382757324e-06,7.999999797903001e-05
8.076003383088286e-06,7.999999797903001e-05
8.080003383419247e-06,3.9999998989515007e-05
8.084003383750209e-06,7.999999797903001e-05
8.08800338408117e-06,3.9999998989515007e-05
8.092003384412132e-06,7.999999797903001e-05
8.096003384743093e-06,7.999999797903001e-05
8.100003385074055e-06,7.999999797903001e-05
8.104003385405016e-06,7.999999797903001e-05
8.108003385735978e-06,7.999999797903001e-05
8.112003386066939e-06,7.999999797903001e-05
8.1160033863979e-06,7.999999797903001e-05
8.120003386728862e-06,7.999999797903001e-05
8.124003387059824e-06,7.999999797903001e-05
8.128003387390785e-06,7.999999797903001e-05
8.132003387721747e-06,7.999999797903001e-05
8.136003388052708e-06,7.999999797903001e-05
8.14000338838367e-06,7.999999797903001e-05
8.144003388714631e-06,3.9999998989515007e-05
8.148003389045592e-06,7.999999797903001e-05
8.152003389376554e-06,7.999999797903001e-05
8.156003389707515e-06,7.999999797903001e-05
8.160003390038477e-06,7.999999797903001e-05
8.164003390369438e-06,0.00011999999696854502
8.1680033907004e-06,7.999999797903001e-05
8.172003391031361e-06,7.999999797903001e-05
8.176003391362323e-06,7.999999797903001e-05
8.180003391693284e-06,7.999999797903001e-05
8.184003392024246e-06,7.999999797903001e-05
8.188003392355207e-06,7.999999797903001e-05
8.192003392686169e-06,3.9999998989515007e-05
8.19600339301713e-06,7.999999797903001e-05
8.200003393348092e-06,3.9999998989515007e-05
8.204003393679053e-06,7.999999797903001e-05
8.208003394010015e-06,3.9999998989515007e-05
8.212003394340976e-06,7.999999797903001e-05
8.216003394671938e-06,7.999999797903001e-05
8.2200033950029e-06,7.999999797903001e-05
8.22400339533386e-06,7.999999797903001e-05
8.228003395664822e-06,7.999999797903001e-05
8.232003395995784e-06,7.999999797903001e-05
8.236003396326745e-06,7.999999797903001e-05
8.240003396657707e-06,7.999999797903001e-05
8.244003396988668e-06,7.999999797903001e-05
8.24800339731963e-06,7.999999797903001e-05
8.252003397650591e-06,7.999999797903001e-05
8.256003397981553e-06,7.999999797903001e-05
8.260003398312514e-06,7.999999797903001e-05
8.264003398643476e-06,3.9999998989515007e-05
8.268003398974437e-06,7.999999797903001e-05
8.272003399305398e-06,3.9999998989515007e-05
8.27600339963636e-06,7.999999797903001e-05
8.280003399967321e-06,7.999999797903001e-05
8.284003400298283e-06,7.999999797903001e-05
8.288003400629244e-06,7.999999797903001e-05
8.292003400960206e-06,0.00011999999696854502
8.296003401291167e-06,7.999999797903001e-05
8.300003401622129e-06,7.999999797903001e-05
8.30400340195309e-06,7.999999797903001e-05
8.308003402284052e-06,7.999999797903001e-05
8.312003402615013e-06,3.9999998989515007e-05
8.316003402945975e-06,3.9999998989515007e-05
8.320003403276936e-06,3.9999998989515007e-05
8.324003403607898e-06,7.999999797903001e-05
8.32800340393886e-06,7.999999797903001e-05
8.33200340426982e-06,7.999999797903001e-05
8.336003404600782e-06,7.999999797903001e-05
8.340003404931744e-06,7.999999797903001e-05
8.344003405262705e-06,7.999999797903001e-05
8.348003405593667e-06,7.999999797903001e-05
8.352003405924628e-06,7.999999797903001e-05
8.35600340625559e-06,7.999999797903001e-05
8.360003406586551e-06,7.999999797903001e-05
8.364003406917513e-06,7.999999797903001e-05
8.368003407248474e-06,7.999999797903001e-05
8.372003407579436e-06,7.999999797903001e-05
8.376003407910397e-06,7.999999797903001e-05
8.380003408241359e-06,7.999999797903001e-05
8.38400340857232e-06,3.9999998989515007e-05
8.388003408903282e-06,7.999999797903001e-05
8.392003409234243e-06,3.9999998989515007e-05
8.396003409565204e-06,7.999999797903001e-05
8.400003409896166e-06,3.9999998989515007e-05
8.404003410227127e-06,7.999999797903001e-05
8.408003410558089e-06,7.999999797903001e-05
8.41200341088905e-06,7.999999797903001e-05
8.416003411220012e-06,0.00011999999696854502
8.420003411550973e-06,0.00011999999696854502
8.424003411881935e-06,7.999999797903001e-05
8.428003412212896e-06,7.999999797903001e-05
8.432003412543858e-06,7.999999797903001e-05
8.43600341287482e-06,7.999999797903001e-05
8.44000341320578e-06,3.9999998989515007e-05
8.444003413536742e-06,7.999999797903001e-05
8.448003413867704e-06,7.999999797903001e-05
8.452003414198665e-06,7.999999797903001e-05
8.456003414529627e-06,7.999999797903001e-05
8.460003414860588e-06,7.999999797903001e-05
8.46400341519155e-06,7.999999797903001e-05
8.468003415522511e-06,7.999999797903001e-05
8.472003415853473e-06,7.999999797903001e-05
8.476003416184434e-06,7.999999797903001e-05
8.480003416515396e-06,7.999999797903001e-05
8.484003416846357e-06,7.999999797903001e-05
8.488003417177319e-06,3.9999998989515007e-05
8.49200341750828e-06,7.999999797903001e-05
8.496003417839242e-06,7.999999797903001e-05
8.500003418170203e-06,7.999999797903001e-05
8.504003418501165e-06,7.999999797903001e-05
8.508003418832126e-06,7.999999797903001e-05
8.512003419163088e-06,7.999999797903001e-05
8.516003419494049e-06,7.999999797903001e-05
8.52000341982501e-06,7.999999797903001e-05
8.524003420155972e-06,7.999999797903001e-05
8.528003420486933e-06,7.999999797903001e-05
8.532003420817895e-06,7.999999797903001e-05
8.536003421148856e-06,7.999999797903001e-05
8.540003421479818e-06,7.999999797903001e-05
8.54400342181078e-06,7.999999797903001e-05
8.548003422141741e-06,7.999999797903001e-05
8.552003422472702e-06,7.999999797903001e-05
8.556003422803664e-06,7.999999797903001e-05
8.560003423134625e-06,3.9999998989515007e-05
8.564003423465587e-06,7.999999797903001e-05
8.568003423796548e-06,3.9999998989515007e-05
8.57200342412751e-06,7.999999797903001e-05
8.576003424458471e-06,7.999999797903001e-05
8.580003424789433e-06,7.999999797903001e-05
8.584003425120394e-06,7.999999797903001e-05
8.588003425451356e-06,7.999999797903001e-05
8.592003425782317e-06,7.999999797903001e-05
8.596003426113279e-06,7.999999797903001e-05
8.60000342644424e-06,7.999999797903001e-05
8.604003426775202e-06,7.999999797903001e-05
8.608003427106163e-06,7.999999797903001e-05
8.612003427437125e-06,7.999999797903001e-05
8.616003427768086e-06,7.999999797903001e-05
8.620003428099048e-06,7.999999797903001e-05
8.624003428430009e-06,7.999999797903001e-05
8.62800342876097e-06,7.999999797903001e-05
8.632003429091932e-06,7.999999797903001e-05
8.636003429422894e-06,7.999999797903001e-05
8.640003429753855e-06,7.999999797903001e-05
8.644003430084816e-06,7.999999797903001e-05
8.648003430415778e-06,7.999999797903001e-05
8.65200343074674e-06,7.999999797903001e-05
8.656003431077701e-06,7.999999797903001e-05
8.660003431408662e-06,7.999999797903001e-05
8.664003431739624e-06,7.999999797903001e-05
8.668003432070585e-06,7.999999797903001e-05
8.672003432401547e-06,7.999999797903001e-05
8.676003432732508e-06,7.999999797903001e-05
8.68000343306347e-06,3.9999998989515007e-05
8.684003433394431e-06,7.999999797903001e-05
8.688003433725393e-06,7.999999797903001e-05
8.692003434056354e-06,7.999999797903001e-05
8.696003434387316e-06,7.999999797903001e-05
8.700003434718277e-06,7.999999797903001e-05
8.704003435049239e-06,7.999999797903001e-05
8.7080034353802e-06,7.999999797903001e-05
8.712003435711162e-06,7.999999797903001e-05
8.716003436042123e-06,7.999999797903001e-05
8.720003436373085e-06,7.999999797903001e-05
8.724003436704046e-06,3.9999998989515007e-05
8.728003437035008e-06,7.999999797903001e-05
8.732003437365969e-06,7.999999797903001e-05
8.73600343769693e-06,7.999999797903001e-05
8.740003438027892e-06,7.999999797903001e-05
8.744003438358854e-06,7.999999797903001e-05
8.748003438689815e-06,7.999999797903001e-05
8.752003439020777e-06,7.999999797903001e-05
8.756003439351738e-06,7.999999797903001e-05
8.7600034396827e-06,7.999999797903001e-05
8.764003440013661e-06,7.999999797903001e-05
8.768003440344622e-06,3.9999998989515007e-05
8.772003440675584e-06,7.999999797903001e-05
8.776003441006545e-06,7.999999797903001e-05
8.780003441337507e-06,7.999999797903001e-05
8.784003441668468e-06,7.999999797903001e-05
8.78800344199943e-06,7.999999797903001e-05
8.792003442330391e-06,7.999999797903001e-05
8.796003442661353e-06,7.999999797903001e-05
8.800003442992314e-06,3.9999998989515007e-05
8.804003443323276e-06,7.999999797903001e-05
8.808003443654237e-06,3.9999998989515007e-05
8.812003443985199e-06,7.999999797903001e-05
8.81600344431616e-06,7.999999797903001e-05
8.820003444647122e-06,7.999999797903001e-05
8.824003444978083e-06,7.999999797903001e-05
8.828003445309045e-06,7.999999797903001e-05
8.832003445640006e-06,7.999999797903001e-05
8.836003445970968e-06,7.999999797903001e-05
8.84000344630193e-06,7.999999797903001e-05
8.84400344663289e-06,7.999999797903001e-05
8.848003446963852e-06,7.999999797903001e-05
8.852003447294814e-06,7.999999797903001e-05
8.856003447625775e-06,7.999999797903001e-05
8.860003447956737e-06,7.999999797903001e-05
8.864003448287698e-06,7.999999797903001e-05
8.86800344861866e-06,7.999999797903001e-05
8.872003448949621e-06,7.999999797903001e-05
8.876003449280583e-06,7.999999797903001e-05
8.880003449611544e-06,7.999999797903001e-05
8.884003449942506e-06,7.999999797903001e-05
8.888003450273467e-06,7.999999797903001e-05
8.892003450604428e-06,7.999999797903001e-05
8.89600345093539e-06,7.999999797903001e-05
8.900003451266351e-06,7.999999797903001e-05
8.904003451597313e-06,7.999999797903001e-05
8.908003451928274e-06,7.999999797903001e-05
8.912003452259236e-06,3.9999998989515007e-05
8.916003452590197e-06,7.999999797903001e-05
8.920003452921159e-06,7.999999797903001e-05
8.92400345325212e-06,7.999999797903001e-05
8.928003453583082e-06,7.999999797903001e-05
8.932003453914043e-06,7.999999797903001e-05
8.936003454245005e-06,7.999999797903001e-05
8.940003454575966e-06,7.999999797903001e-05
8.944003454906928e-06,7.999999797903001e-05
8.94800345523789e-06,7.999999797903001e-05
8.95200345556885e-06,7.999999797903001e-05
8.956003455899812e-06,7.999999797903001e-05
8.960003456230774e-06,7.999999797903001e-05
8.964003456561735e-06,7.999999797903001e-05
8.968003456892697e-06,3.9999998989515007e-05
8.972003457223658e-06,7.999999797903001e-05
8.97600345755462e-06,7.999999797903001e-05
8.980003457885581e-06,7.999999797903001e-05
8.984003458216543e-06,7.999999797903001e-05
8.988003458547504e-06,7.999999797903001e-05
8.992003458878466e-06,7.999999797903001e-05
8.996003459209427e-06,7.999999797903001e-05
9.000003459540389e-06,3.9999998989515007e-05
9.00400345987135e-06,7.999999797903001e-05
9.008003460202312e-06,3.9999998989515007e-05
9.012003460533273e-06,7.999999797903001e-05
9.016003460864234e-06,7.999999797903001e-05
9.020003461195196e-06,7.999999797903001e-05
9.024003461526157e-06,7.999999797903001e-05
9.028003461857119e-06,0.00011999999696854502
9.03200346218808e-06,7.999999797903001e-05
9.036003462519042e-06,7.999999797903001e-05
9.040003462850003e-06,7.999999797903001e-05
9.044003463180965e-06,7.999999797903001e-05
9.048003463511926e-06,7.999999797903001e-05
9.052003463842888e-06,7.999999797903001e-05
9.05600346417385e-06,7.999999797903001e-05
9.06000346450481e-06,7.999999797903001e-05
9.064003464835772e-06,7.999999797903001e-05
9.068003465166734e-06,7.999999797903001e-05
9.072003465497695e-06,7.999999797903001e-05
9.076003465828657e-06,7.999999797903001e-05
9.080003466159618e-06,7.999999797903001e-05
9.08400346649058e-06,7.999999797903001e-05
9.088003466821541e-06,7.999999797903001e-05
9.092003467152503e-06,7.999999797903001e-05
9.096003467483464e-06,7.999999797903001e-05
9.100003467814426e-06,7.999999797903001e-05
9.104003468145387e-06,7.999999797903001e-05
9.108003468476349e-06,0.00011999999696854502
9.11200346880731e-06,7.999999797903001e-05
9.116003469138272e-06,7.999999797903001e-05
9.120003469469233e-06,3.9999998989515007e-05
9.124003469800195e-06,7.999999797903001e-05
9.128003470131156e-06,3.9999998989515007e-05
9.132003470462118e-06,7.999999797903001e-05
9.136003470793079e-06,3.9999998989515007e-05
9.14000347112404e-06,7.999999797903001e-05
9.144003471455002e-06,7.999999797903001e-05
9.148003471785963e-06,7.999999797903001e-05
9.152003472116925e-06,7.999999797903001e-05
9.156003472447886e-06,7.999999797903001e-05
9.160003472778848e-06,7.999999797903001e-05
9.16400347310981e-06,7.999999797903001e-05
9.168003473440771e-06,7.999999797903001e-05
9.172003473771732e-06,7.999999797903001e-05
9.176003474102694e-06,3.9999998989515007e-05
9.180003474433655e-06,7.999999797903001e-05
9.184003474764617e-06,3.9999998989515007e-05
9.188003475095578e-06,7.999999797903001e-05
9.19200347542654e-06,7.999999797903001e-05
9.196003475757501e-06,7.999999797903001e-05
9.200003476088463e-06,7.999999797903001e-05
9.204003476419424e-06,7.999999797903001e-05
9.208003476750386e-06,7.999999797903001e-05
9.212003477081347e-06,7.999999797903001e-05
9.216003477412309e-06,7.999999797903001e-05
9.22000347774327e-06,7.999999797903001e-05
9.224003478074232e-06,7.999999797903001e-05
9.228003478405193e-06,7.999999797903001e-05
9.232003478736155e-06,7.999999797903001e-05
9.236003479067116e-06,7.999999797903001e-05
9.240003479398078e-06,7.999999797903001e-05
9.244003479729039e-06,7.999999797903001e-05
9.24800348006e-06,7.999999797903001e-05
9.252003480390962e-06,7.999999797903001e-05
9.256003480721924e-06,3.9999998989515007e-05
9.260003481052885e-06,7.999999797903001e-05
9.264003481383847e-06,7.999999797903001e-05
9.268003481714808e-06,7.999999797903001e-05
9.27200348204577e-06,7.999999797903001e-05
9.276003482376731e-06,7.999999797903001e-05
9.280003482707692e-06,7.999999797903001e-05
9.284003483038654e-06,7.999999797903001e-05
9.288003483369615e-06,7.999999797903001e-05
9.292003483700577e-06,7.999999797903001e-05
9.296003484031538e-06,7.999999797903001e-05
9.3000034843625e-06,7.999999797903001e-05
9.304003484693461e-06,3.9999998989515007e-05
9.308003485024423e-06,7.999999797903001e-05
9.312003485355384e-06,7.999999797903001e-05
9.316003485686346e-06,7.999999797903001e-05
9.320003486017307e-06,7.999999797903001e-05
9.324003486348269e-06,7.999999797903001e-05
9.32800348667923e-06,7.999999797903001e-05
9.332003487010192e-06,7.999999797903001e-05
9.336003487341153e-06,7.999999797903001e-05
9.340003487672115e-06,7.999999797903001e-05
9.344003488003076e-06,3.9999998989515007e-05
9.348003488334038e-06,7.999999797903001e-05
9.352003488665e-06,7.999999797903001e-05
9.35600348899596e-06,7.999999797903001e-05
9.360003489326922e-06,7.999999797903001e-05
9.364003489657884e-06,7.999999797903001e-05
9.368003489988845e-06,7.999999797903001e-05
9.372003490319807e-06,7.999999797903001e-05
9.376003490650768e-06,7.999999797903001e-05
9.38000349098173e-06,7.999999797903001e-05
9.384003491312691e-06,7.999999797903001e-05
9.388003491643653e-06,7.999999797903001e-05
9.392003491974614e-06,7.999999797903001e-05
9.396003492305575e-06,7.999999797903001e-05
9.400003492636537e-06,7.999999797903001e-05
9.404003492967498e-06,7.999999797903001e-05
9.40800349329846e-06,7.999999797903001e-05
9.412003493629421e-06,7.999999797903001e-05
9.416003493960383e-06,7.999999797903001e-05
9.420003494291344e-06,7.999999797903001e-05
9.424003494622306e-06,7.999999797903001e-05
9.428003494953267e-06,7.999999797903001e-05
9.432003495284229e-06,7.999999797903001e-05
9.43600349561519e-06,7.999999797903001e-05
9.440003495946152e-06,7.999999797903001e-05
9.444003496277113e-06,7.999999797903001e-05
9.448003496608075e-06,7.999999797903001e-05
9.452003496939036e-06,7.999999797903001e-05
9.456003497269998e-06,3.9999998989515007e-05
9.46000349760096e-06,7.999999797903001e-05
9.46400349793192e-06,7.999999797903001e-05
9.468003498262882e-06,7.999999797903001e-05
9.472003498593844e-06,7.999999797903001e-05
9.476003498924805e-06,7.999999797903001e-05
9.480003499255767e-06,7.999999797903001e-05
9.484003499586728e-06,7.999999797903001e-05
9.48800349991769e-06,7.999999797903001e-05
9.492003500248651e-06,7.999999797903001e-05
9.496003500579613e-06,7.999999797903001e-05
9.500003500910574e-06,7.999999797903001e-05
9.504003501241536e-06,7.999999797903001e-05
9.508003501572497e-06,7.999999797903001e-05
9.512003501903459e-06,7.999999797903001e-05
9.51600350223442e-06,7.999999797903001e-05
9.520003502565381e-06,7.999999797903001e-05
9.524003502896343e-06,7.999999797903001e-05
9.528003503227304e-06,3.9999998989515007e-05
9.532003503558266e-06,7.999999797903001e-05
9.536003503889227e-06,7.999999797903001e-05
9.540003504220189e-06,7.999999797903001e-05
9.54400350455115e-06,7.999999797903001e-05
9.548003504882112e-06,7.999999797903001e-05
9.552003505213073e-06,7.999999797903001e-05
9.556003505544035e-06,7.999999797903001e-05
9.560003505874996e-06,7.999999797903001e-05
9.564003506205958e-06,7.999999797903001e-05
9.56800350653692e-06,7.999999797903001e-05
9.57200350686788e-06,7.999999797903001e-05
9.576003507198842e-06,3.9999998989515007e-05
9.580003507529804e-06,7.999999797903001e-05
9.584003507860765e-06,7.999999797903001e-05
9.588003508191727e-06,7.999999797903001e-05
9.592003508522688e-06,7.999999797903001e-05
9.59600350885365e-06,0.00011999999696854502
9.600003509184611e-06,7.999999797903001e-05
9.604003509515573e-06,7.999999797903001e-05
9.608003509846534e-06,7.999999797903001e-05
9.612003510177496e-06,7.999999797903001e-05
9.616003510508457e-06,7.999999797903001e-05
9.620003510839419e-06,7.999999797903001e-05
9.62400351117038e-06,3.9999998989515007e-05
9.628003511501342e-06,7.999999797903001e-05
9.632003511832303e-06,7.999999797903001e-05
9.636003512163265e-06,7.999999797903001e-05
9.640003512494226e-06,7.999999797903001e-05
9.644003512825187e-06,7.999999797903001e-05
9.648003513156149e-06,7.999999797903001e-05
9.65200351348711e-06,7.999999797903001e-05
9.656003513818072e-06,7.999999797903001e-05
9.660003514149033e-06,7.999999797903001e-05
9.664003514479995e-06,7.999999797903001e-05
9.668003514810956e-06,7.999999797903001e-05
9.672003515141918e-06,7.999999797903001e-05
9.67600351547288e-06,7.999999797903001e-05
9.68000351580384e-06,7.999999797903001e-05
9.684003516134802e-06,7.999999797903001e-05
9.688003516465764e-06,3.9999998989515007e-05
9.692003516796725e-06,3.9999998989515007e-05
9.696003517127687e-06,3.9999998989515007e-05
9.700003517458648e-06,7.999999797903001e-05
9.70400351778961e-06,7.999999797903001e-05
9.708003518120571e-06,7.999999797903001e-05
9.712003518451533e-06,7.999999797903001e-05
9.716003518782494e-06,7.999999797903001e-05
9.720003519113456e-06,7.999999797903001e-05
9.724003519444417e-06,7.999999797903001e-05
9.728003519775379e-06,7.999999797903001e-05
9.73200352010634e-06,7.999999797903001e-05
9.736003520437302e-06,7.999999797903001e-05
9.740003520768263e-06,7.999999797903001e-05
9.744003521099225e-06,7.999999797903001e-05
9.748003521430186e-06,7.999999797903001e-05
9.752003521761148e-06,7.999999797903001e-05
9.756003522092109e-06,7.999999797903001e-05
9.76000352242307e-06,7.999999797903001e-05
9.764003522754032e-06,7.999999797903001e-05
9.768003523084993e-06,7.999999797903001e-05
9.772003523415955e-06,7.999999797903001e-05
9.776003523746916e-06,7.999999797903001e-05
9.780003524077878e-06,7.999999797903001e-05
9.78400352440884e-06,7.999999797903001e-05
9.788003524739801e-06,7.999999797903001e-05
9.792003525070762e-06,7.999999797903001e-05
9.796003525401724e-06,7.999999797903001e-05
9.800003525732685e-06,7.999999797903001e-05
9.804003526063647e-06,7.999999797903001e-05
9.808003526394608e-06,7.999999797903001e-05
9.81200352672557e-06,7.999999797903001e-05
9.816003527056531e-06,7.999999797903001e-05
9.820003527387493e-06,3.9999998989515007e-05
9.824003527718454e-06,3.9999998989515007e-05
9.828003528049416e-06,7.999999797903001e-05
9.832003528380377e-06,7.999999797903001e-05
9.836003528711339e-06,7.999999797903001e-05
9.8400035290423e-06,7.999999797903001e-05
9.844003529373262e-06,7.999999797903001e-05
9.848003529704223e-06,7.999999797903001e-05
9.852003530035185e-06,7.999999797903001e-05
9.856003530366146e-06,7.999999797903001e-05
9.860003530697108e-06,7.999999797903001e-05
9.864003531028069e-06,7.999999797903001e-05
9.86800353135903e-06,7.999999797903001e-05
9.872003531689992e-06,7.999999797903001e-05
9.876003532020954e-06,7.999999797903001e-05
9.880003532351915e-06,7.999999797903001e-05
9.884003532682877e-06,7.999999797903001e-05
9.888003533013838e-06,7.999999797903001e-05
9.8920035333448e-06,7.999999797903001e-05
9.896003533675761e-06,7.999999797903001e-05
9.900003534006722e-06,7.999999797903001e-05
9.904003534337684e-06,7.999999797903001e-05
9.908003534668645e-06,7.999999797903001e-05
9.912003534999607e-06,7.999999797903001e-05
9.916003535330568e-06,0.00011999999696854502
9.92000353566153e-06,7.999999797903001e-05
9.924003535992491e-06,7.999999797903001e-05
9.928003536323453e-06,7.999999797903001e-05
9.932003536654414e-06,7.999999797903001e-05
9.936003536985376e-06,7.999999797903001e-05
9.940003537316337e-06,7.999999797903001e-05
9.944003537647299e-06,3.9999998989515007e-05
9.94800353797826e-06,7.999999797903001e-05
9.952003538309222e-06,7.999999797903001e-05
9.956003538640183e-06,7.999999797903001e-05
9.960003538971145e-06,7.999999797903001e-05
9.964003539302106e-06,7.999999797903001e-05
9.968003539633068e-06,7.999999797903001e-05
9.97200353996403e-06,7.999999797903001e-05
9.97600354029499e-06,7.999999797903001e-05
9.980003540625952e-06,7.999999797903001e-05
9.984003540956914e-06,7.999999797903001e-05
9.988003541287875e-06,7.999999797903001e-05
9.992003541618837e-06,7.999999797903001e-05
9.996003541949798e-06,7.999999797903001e-05
1.000000354228076e-05,7.999999797903001e-05
1.0004003542611721e-05,7.999999797903001e-05
1.0008003542942683e-05,7.999999797903001e-05
1.0012003543273644e-05,7.999999797903001e-05
1.0016003543604605e-05,7.999999797903001e-05
1.0020003543935567e-05,7.999999797903001e-05
1.0024003544266528e-05,7.999999797903001e-05
1.002800354459749e-05,7.999999797903001e-05
1.0032003544928451e-05,7.999999797903001e-05
1.0036003545259413e-05,7.999999797903001e-05
1.0040003545590374e-05,7.999999797903001e-05
1.0044003545921336e-05,7.999999797903001e-05
1.0048003546252297e-05,7.999999797903001e-05
1.0052003546583259e-05,7.999999797903001e-05
1.005600354691422e-05,7.999999797903001e-05
1.0060003547245182e-05,7.999999797903001e-05
1.0064003547576143e-05,3.9999998989515007e-05
1.0068003547907105e-05,7.999999797903001e-05
1.0072003548238066e-05,3.9999998989515007e-05
1.0076003548569028e-05,7.999999797903001e-05
1.008000354889999e-05,7.999999797903001e-05
1.008400354923095e-05,7.999999797903001e-05
1.0088003549561912e-05,7.999999797903001e-05
1.0092003549892874e-05,7.999999797903001e-05
1.0096003550223835e-05,7.999999797903001e-05
1.0100003550554797e-05,7.999999797903001e-05
1.0104003550885758e-05,7.999999797903001e-05
1.010800355121672e-05,7.999999797903001e-05
1.0112003551547681e-05,7.999999797903001e-05
1.0116003551878643e-05,7.999999797903001e-05
1.0120003552209604e-05,7.999999797903001e-05
1.0124003552540566e-05,7.999999797903001e-05
1.0128003552871527e-05,7.999999797903001e-05
1.0132003553202489e-05,7.999999797903001e-05
1.013600355353345e-05,7.999999797903001e-05
1.0140003553864412e-05,7.999999797903001e-05
1.0144003554195373e-05,3.9999998989515007e-05
1.0148003554526334e-05,7.999999797903001e-05
1.0152003554857296e-05,7.999999797903001e-05
1.0156003555188257e-05,7.999999797903001e-05
1.0160003555519219e-05,7.999999797903001e-05
1.016400355585018e-05,7.999999797903001e-05
1.0168003556181142e-05,7.999999797903001e-05
1.0172003556512103e-05,7.999999797903001e-05
1.0176003556843065e-05,3.9999998989515007e-05
1.0180003557174026e-05,7.999999797903001e-05
1.0184003557504988e-05,7.999999797903001e-05
1.018800355783595e-05,7.999999797903001e-05
1.019200355816691e-05,7.999999797903001e-05
1.0196003558497872e-05,7.999999797903001e-05
1.0200003558828834e-05,7.999999797903001e-05
1.0204003559159795e-05,7.999999797903001e-05
1.0208003559490757e-05,7.999999797903001e-05
1.0212003559821718e-05,7.999999797903001e-05
1.021600356015268e-05,3.9999998989515007e-05
1.0220003560483641e-05,7.999999797903001e-05
1.0224003560814603e-05,7.999999797903001e-05
1.0228003561145564e-05,7.999999797903001e-05
1.0232003561476526e-05,7.999999797903001e-05
1.0236003561807487e-05,7.999999797903001e-05
1.0240003562138449e-05,7.999999797903001e-05
1.024400356246941e-05,7.999999797903001e-05
1.0248003562800372e-05,7.999999797903001e-05
1.0252003563131333e-05,7.999999797903001e-05
1.0256003563462295e-05,7.999999797903001e-05
1.0260003563793256e-05,7.999999797903001e-05
1.0264003564124218e-05,7.999999797903001e-05
1.0268003564455179e-05,7.999999797903001e-05
1.027200356478614e-05,3.9999998989515007e-05
1.0276003565117102e-05,7.999999797903001e-05
1.0280003565448063e-05,3.9999998989515007e-05
1.0284003565779025e-05,7.999999797903001e-05
1.0288003566109986e-05,7.999999797903001e-05
1.0292003566440948e-05,7.999999797903001e-05
1.029600356677191e-05,7.999999797903001e-05
1.0300003567102871e-05,7.999999797903001e-05
1.0304003567433832e-05,7.999999797903001e-05
1.0308003567764794e-05,7.999999797903001e-05
1.0312003568095755e-05,7.999999797903001e-05
1.0316003568426717e-05,7.999999797903001e-05
1.0320003568757678e-05,7.999999797903001e-05
1.032400356908864e-05,7.999999797903001e-05
1.0328003569419601e-05,3.9999998989515007e-05
1.0332003569750563e-05,7.999999797903001e-05
1.0336003570081524e-05,3.9999998989515007e-05
1.0340003570412486e-05,7.999999797903001e-05
1.0344003570743447e-05,3.9999998989515007e-05
1.0348003571074409e-05,7.999999797903001e-05
1.035200357140537e-05,7.999999797903001e-05
1.0356003571736332e-05,7.999999797903001e-05
1.0360003572067293e-05,7.999999797903001e-05
1.0364003572398255e-05,0.00011999999696854502
1.0368003572729216e-05,7.999999797903001e-05
1.0372003573060178e-05,7.999999797903001e-05
1.0376003573391139e-05,7.999999797903001e-05
1.03800035737221e-05,7.999999797903001e-05
1.0384003574053062e-05,7.999999797903001e-05
1.0388003574384024e-05,7.999999797903001e-05
1.0392003574714985e-05,7.999999797903001e-05
1.0396003575045946e-05,3.9999998989515007e-05
1.0400003575376908e-05,3.9999998989515007e-05
1.040400357570787e-05,7.999999797903001e-05
1.0408003576038831e-05,7.999999797903001e-05
1.0412003576369792e-05,7.999999797903001e-05
1.0416003576700754e-05,7.999999797903001e-05
1.0420003577031715e-05,7.999999797903001e-05
1.0424003577362677e-05,7.999999797903001e-05
1.0428003577693638e-05,0.00011999999696854502
1.04320035780246e-05,7.999999797903001e-05
1.0436003578355561e-05,7.999999797903001e-05
1.0440003578686523e-05,7.999999797903001e-05
1.0444003579017484e-05,7.999999797903001e-05
1.0448003579348446e-05,3.9999998989515007e-05
1.0452003579679407e-05,3.9999998989515007e-05
1.0456003580010369e-05,3.9999998989515007e-05
1.046000358034133e-05,3.9999998989515007e-05
1.0464003580672292e-05,3.9999998989515007e-05
1.0468003581003253e-05,7.999999797903001e-05
1.0472003581334215e-05,7.999999797903001e-05
1.0476003581665176e-05,7.999999797903001e-05
1.0480003581996138e-05,7.999999797903001e-05
1.0484003582327099e-05,7.999999797903001e-05
1.048800358265806e-05,0.00011999999696854502
1.0492003582989022e-05,0.00011999999696854502
1.0496003583319984e-05,7.999999797903001e-05
1.0500003583650945e-05,7.999999797903001e-05
1.0504003583981907e-05,7.999999797903001e-05
1.0508003584312868e-05,7.999999797903001e-05
1.051200358464383e-05,3.9999998989515007e-05
1.0516003584974791e-05,3.9999998989515007e-05
1.0520003585305752e-05,3.9999998989515007e-05
1.0524003585636714e-05,7.999999797903001e-05
1.0528003585967675e-05,7.999999797903001e-05
1.0532003586298637e-05,7.999999797903001e-05
1.0536003586629598e-05,7.999999797903001e-05
1.054000358696056e-05,7.999999797903001e-05
1.0544003587291521e-05,7.999999797903001e-05
1.0548003587622483e-05,7.999999797903001e-05
1.0552003587953444e-05,7.999999797903001e-05
1.0556003588284406e-05,0.00011999999696854502
1.0560003588615367e-05,7.999999797903001e-05
1.0564003588946329e-05,7.999999797903001e-05
1.056800358927729e-05,7.999999797903001e-05
1.0572003589608252e-05,7.999999797903001e-05
1.0576003589939213e-05,7.999999797903001e-05
1.0580003590270175e-05,7.999999797903001e-05
1.0584003590601136e-05,3.9999998989515007e-05
1.0588003590932098e-05,7.999999797903001e-05
1.059200359126306e-05,7.999999797903001e-05
1.059600359159402e-05,7.999999797903001e-05
1.0600003591924982e-05,7.999999797903001e-05
1.0604003592255944e-05,7.999999797903001e-05
1.0608003592586905e-05,7.999999797903001e-05
1.0612003592917867e-05,0.00011999999696854502
1.0616003593248828e-05,7.999999797903001e-05
1.062000359357979e-05,7.999999797903001e-05
1.0624003593910751e-05,3.9999998989515007e-05
1.0628003594241713e-05,7.999999797903001e-05
1.0632003594572674e-05,3.9999998989515007e-05
1.0636003594903636e-05,3.9999998989515007e-05
1.0640003595234597e-05,7.999999797903001e-05
1.0644003595565558e-05,7.999999797903001e-05
1.064800359589652e-05,7.999999797903001e-05
1.0652003596227481e-05,7.999999797903001e-05
1.0656003596558443e-05,7.999999797903001e-05
1.0660003596889404e-05,7.999999797903001e-05
1.0664003597220366e-05,7.999999797903001e-05
1.0668003597551327e-05,7.999999797903001e-05
1.0672003597882289e-05,7.999999797903001e-05
1.067600359821325e-05,7.999999797903001e-05
1.0680003598544212e-05,7.999999797903001e-05
1.0684003598875173e-05,7.999999797903001e-05
1.0688003599206135e-05,7.999999797903001e-05
1.0692003599537096e-05,7.999999797903001e-05
1.0696003599868058e-05,7.999999797903001e-05
1.070000360019902e-05,7.999999797903001e-05
1.070400360052998e-05,7.999999797903001e-05
1.0708003600860942e-05,7.999999797903001e-05
1.0712003601191904e-05,7.999999797903001e-05
1.0716003601522865e-05,7.999999797903001e-05
1.0720003601853827e-05,7.999999797903001e-05
1.0724003602184788e-05,7.999999797903001e-05
1.072800360251575e-05,7.999999797903001e-05
1.0732003602846711e-05,7.999999797903001e-05
1.0736003603177673e-05,7.999999797903001e-05
1.0740003603508634e-05,0.00011999999696854502
1.0744003603839596e-05,7.999999797903001e-05
1.0748003604170557e-05,7.999999797903001e-05
1.0752003604501519e-05,7.999999797903001e-05
1.075600360483248e-05,7.999999797903001e-05
1.0760003605163442e-05,7.999999797903001e-05
1.0764003605494403e-05,7.999999797903001e-05
1.0768003605825364e-05,7.999999797903001e-05
1.0772003606156326e-05,7.999999797903001e-05
1.0776003606487287e-05,7.999999797903001e-05
1.0780003606818249e-05,7.999999797903001e-05
1.078400360714921e-05,3.9999998989515007e-05
1.0788003607480172e-05,7.999999797903001e-05
1.0792003607811133e-05,7.999999797903001e-05
1.0796003608142095e-05,7.999999797903001e-05
1.0800003608473056e-05,7.999999797903001e-05
1.0804003608804018e-05,7.999999797903001e-05
1.080800360913498e-05,7.999999797903001e-05
1.081200360946594e-05,7.999999797903001e-05
1.0816003609796902e-05,7.999999797903001e-05
1.0820003610127864e-05,7.999999797903001e-05
1.0824003610458825e-05,7.999999797903001e-05
1.0828003610789787e-05,7.999999797903001e-05
1.0832003611120748e-05,7.999999797903001e-05
1.083600361145171e-05,7.999999797903001e-05
1.0840003611782671e-05,7.999999797903001e-05
1.0844003612113633e-05,7.999999797903001e-05
1.0848003612444594e-05,3.9999998989515007e-05
1.0852003612775556e-05,7.999999797903001e-05
1.0856003613106517e-05,7.999999797903001e-05
1.0860003613437479e-05,7.999999797903001e-05
1.086400361376844e-05,7.999999797903001e-05
1.0868003614099402e-05,7.999999797903001e-05
1.0872003614430363e-05,7.999999797903001e-05
1.0876003614761325e-05,7.999999797903001e-05
1.0880003615092286e-05,7.999999797903001e-05
1.0884003615423248e-05,7.999999797903001e-05
1.0888003615754209e-05,7.999999797903001e-05
1.089200361608517e-05,7.999999797903001e-05
1.0896003616416132e-05,7.999999797903001e-05
1.0900003616747093e-05,7.999999797903001e-05
1.0904003617078055e-05,7.999999797903001e-05
1.0908003617409016e-05,7.999999797903001e-05
1.0912003617739978e-05,7.999999797903001e-05
1.091600361807094e-05,7.999999797903001e-05
1.0920003618401901e-05,7.999999797903001e-05
1.0924003618732862e-05,7.999999797903001e-05
1.0928003619063824e-05,7.999999797903001e-05
1.0932003619394785e-05,7.999999797903001e-05
1.0936003619725747e-05,7.999999797903001e-05
1.0940003620056708e-05,7.999999797903001e-05
1.094400362038767e-05,7.999999797903001e-05
1.0948003620718631e-05,7.999999797903001e-05
1.0952003621049593e-05,3.9999998989515007e-05
1.0956003621380554e-05,7.999999797903001e-05
1.0960003621711516e-05,3.9999998989515007e-05
1.0964003622042477e-05,7.999999797903001e-05
1.0968003622373439e-05,7.999999797903001e-05
1.09720036227044e-05,0.00011999999696854502
1.0976003623035362e-05,7.999999797903001e-05
1.0980003623366323e-05,0.00011999999696854502
1.0984003623697285e-05,7.999999797903001e-05
1.0988003624028246e-05,7.999999797903001e-05
1.0992003624359208e-05,7.999999797903001e-05
1.0996003624690169e-05,7.999999797903001e-05
1.100000362502113e-05,7.999999797903001e-05
1.1004003625352092e-05,7.999999797903001e-05
1.1008003625683054e-05,3.9999998989515007e-05
1.1012003626014015e-05,7.999999797903001e-05
1.1016003626344976e-05,7.999999797903001e-05
1.1020003626675938e-05,7.999999797903001e-05
1.10240036270069e-05,7.999999797903001e-05
1.1028003627337861e-05,7.999999797903001e-05
1.1032003627668822e-05,7.999999797903001e-05
1.1036003627999784e-05,7.999999797903001e-05
1.1040003628330745e-05,7.999999797903001e-05
1.1044003628661707e-05,7.999999797903001e-05
1.1048003628992668e-05,7.999999797903001e-05
1.105200362932363e-05,7.999999797903001e-05
1.1056003629654591e-05,7.999999797903001e-05
1.1060003629985553e-05,7.999999797903001e-05
1.1064003630316514e-05,7.999999797903001e-05
1.1068003630647476e-05,7.999999797903001e-05
1.1072003630978437e-05,7.999999797903001e-05
1.1076003631309399e-05,7.999999797903001e-05
1.108000363164036e-05,3.9999998989515007e-05
1.1084003631971322e-05,7.999999797903001e-05
1.1088003632302283e-05,7.999999797903001e-05
1.1092003632633245e-05,7.999999797903001e-05
1.1096003632964206e-05,7.999999797903001e-05
1.1100003633295168e-05,7.999999797903001e-05
1.1104003633626129e-05,7.999999797903001e-05
1.110800363395709e-05,7.999999797903001e-05
1.1112003634288052e-05,7.999999797903001e-05
1.1116003634619014e-05,7.999999797903001e-05
1.1120003634949975e-05,7.999999797903001e-05
1.1124003635280937e-05,7.999999797903001e-05
1.1128003635611898e-05,7.999999797903001e-05
1.113200363594286e-05,0.00011999999696854502
1.1136003636273821e-05,7.999999797903001e-05
1.1140003636604782e-05,7.999999797903001e-05
1.1144003636935744e-05,7.999999797903001e-05
1.1148003637266705e-05,7.999999797903001e-05
1.1152003637597667e-05,7.999999797903001e-05
1.1156003637928628e-05,7.999999797903001e-05
1.116000363825959e-05,7.999999797903001e-05
1.1164003638590551e-05,7.999999797903001e-05
1.1168003638921513e-05,7.999999797903001e-05
1.1172003639252474e-05,7.999999797903001e-05
1.1176003639583436e-05,7.999999797903001e-05
1.1180003639914397e-05,0.00011999999696854502
1.1184003640245359e-05,7.999999797903001e-05
1.118800364057632e-05,7.999999797903001e-05
1.1192003640907282e-05,3.9999998989515007e-05
1.1196003641238243e-05,7.999999797903001e-05
1.1200003641569205e-05,3.9999998989515007e-05
1.1204003641900166e-05,7.999999797903001e-05
1.1208003642231128e-05,7.999999797903001e-05
1.121200364256209e-05,7.999999797903001e-05
1.121600364289305e-05,7.999999797903001e-05
1.1220003643224012e-05,7.999999797903001e-05
1.1224003643554974e-05,7.999999797903001e-05
1.1228003643885935e-05,7.999999797903001e-05
1.1232003644216897e-05,3.9999998989515007e-05
1.1236003644547858e-05,7.999999797903001e-05
1.124000364487882e-05,3.9999998989515007e-05
1.1244003645209781e-05,7.999999797903001e-05
1.1248003645540743e-05,7.999999797903001e-05
1.1252003645871704e-05,7.999999797903001e-05
1.1256003646202666e-05,7.999999797903001e-05
1.1260003646533627e-05,0.00011999999696854502
1.1264003646864589e-05,7.999999797903001e-05
1.126800364719555e-05,7.999999797903001e-05
1.1272003647526511e-05,3.9999998989515007e-05
1.1276003647857473e-05,7.999999797903001e-05
1.1280003648188434e-05,3.9999998989515007e-05
1.1284003648519396e-05,7.999999797903001e-05
1.1288003648850357e-05,7.999999797903001e-05
1.1292003649181319e-05,7.999999797903001e-05
1.129600364951228e-05,7.999999797903001e-05
1.1300003649843242e-05,7.999999797903001e-05
1.1304003650174203e-05,7.999999797903001e-05
1.1308003650505165e-05,7.999999797903001e-05
1.1312003650836126e-05,7.999999797903001e-05
1.1316003651167088e-05,7.999999797903001e-05
1.132000365149805e-05,3.9999998989515007e-05
1.132400365182901e-05,7.999999797903001e-05
1.1328003652159972e-05,3.9999998989515007e-05
1.1332003652490934e-05,7.999999797903001e-05
1.1336003652821895e-05,7.999999797903001e-05
1.1340003653152857e-05,7.999999797903001e-05
1.1344003653483818e-05,7.999999797903001e-05
1.134800365381478e-05,7.999999797903001e-05
1.1352003654145741e-05,7.999999797903001e-05
1.1356003654476703e-05,7.999999797903001e-05
1.1360003654807664e-05,3.9999998989515007e-05
1.1364003655138626e-05,7.999999797903001e-05
1.1368003655469587e-05,7.999999797903001e-05
1.1372003655800549e-05,7.999999797903001e-05
1.137600365613151e-05,7.999999797903001e-05
1.1380003656462472e-05,7.999999797903001e-05
1.1384003656793433e-05,7.999999797903001e-05
1.1388003657124395e-05,7.999999797903001e-05
1.1392003657455356e-05,7.999999797903001e-05
1.1396003657786317e-05,7.999999797903001e-05
1.1400003658117279e-05,7.999999797903001e-05
1.140400365844824e-05,3.9999998989515007e-05
1.1408003658779202e-05,3.9999998989515007e-05
1.1412003659110163e-05,7.999999797903001e-05
1.1416003659441125e-05,3.9999998989515007e-05
1.1420003659772086e-05,7.999999797903001e-05
1.1424003660103048e-05,7.999999797903001e-05
1.142800366043401e-05,7.999999797903001e-05
1.143200366076497e-05,7.999999797903001e-05
1.1436003661095932e-05,7.999999797903001e-05
1.1440003661426894e-05,7.999999797903001e-05
1.1444003661757855e-05,7.999999797903001e-05
1.1448003662088817e-05,7.999999797903001e-05
1.1452003662419778e-05,7.999999797903001e-05
1.145600366275074e-05,7.999999797903001e-05
1.1460003663081701e-05,7.999999797903001e-05
1.1464003663412663e-05,7.999999797903001e-05
1.1468003663743624e-05,7.999999797903001e-05
1.1472003664074586e-05,7.999999797903001e-05
1.1476003664405547e-05,7.999999797903001e-05
1.1480003664736509e-05,7.999999797903001e-05
1.148400366506747e-05,7.999999797903001e-05
1.1488003665398432e-05,7.999999797903001e-05
1.1492003665729393e-05,7.999999797903001e-05
1.1496003666060355e-05,3.9999998989515007e-05
1.1500003666391316e-05,7.999999797903001e-05
1.1504003666722278e-05,7.999999797903001e-05
1.1508003667053239e-05,7.999999797903001e-05
1.15120036673842e-05,7.999999797903001e-05
1.1516003667715162e-05,7.999999797903001e-05
1.1520003668046123e-05,3.9999998989515007e-05
1.1524003668377085e-05,7.999999797903001e-05
1.1528003668708046e-05,3.9999998989515007e-05
1.1532003669039008e-05,7.999999797903001e-05
1.153600366936997e-05,7.999999797903001e-05
1.1540003669700931e-05,7.999999797903001e-05
1.1544003670031892e-05,7.999999797903001e-05
1.1548003670362854e-05,7.999999797903001e-05
1.1552003670693815e-05,7.999999797903001e-05
1.1556003671024777e-05,7.999999797903001e-05
1.1560003671355738e-05,7.999999797903001e-05
1.15640036716867e-05,7.999999797903001e-05
1.1568003672017661e-05,3.9999998989515007e-05
1.1572003672348623e-05,7.999999797903001e-05
1.1576003672679584e-05,7.999999797903001e-05
1.1580003673010546e-05,7.999999797903001e-05
1.1584003673341507e-05,3.9999998989515007e-05
1.1588003673672469e-05,7.999999797903001e-05
1.159200367400343e-05,7.999999797903001e-05
1.1596003674334392e-05,7.999999797903001e-05
1.1600003674665353e-05,7.999999797903001e-05
1.1604003674996315e-05,7.999999797903001e-05
1.1608003675327276e-05,7.999999797903001e-05
1.1612003675658238e-05,7.999999797903001e-05
1.1616003675989199e-05,7.999999797903001e-05
1.162000367632016e-05,7.999999797903001e-05
1.1624003676651122e-05,7.999999797903001e-05
1.1628003676982084e-05,7.999999797903001e-05
1.1632003677313045e-05,7.999999797903001e-05
1.1636003677644007e-05,7.999999797903001e-05
1.1640003677974968e-05,3.9999998989515007e-05
1.164400367830593e-05,7.999999797903001e-05
1.1648003678636891e-05,7.999999797903001e-05
1.1652003678967852e-05,7.999999797903001e-05
1.1656003679298814e-05,7.999999797903001e-05
1.1660003679629775e-05,7.999999797903001e-05
1.1664003679960737e-05,7.999999797903001e-05
1.1668003680291698e-05,7.999999797903001e-05
1.167200368062266e-05,7.999999797903001e-05
1.1676003680953621e-05,7.999999797903001e-05
1.1680003681284583e-05,3.9999998989515007e-05
1.1684003681615544e-05,7.999999797903001e-05
1.1688003681946506e-05,7.999999797903001e-05
1.1692003682277467e-05,7.999999797903001e-05
1.1696003682608429e-05,7.999999797903001e-05
1.170000368293939e-05,7.999999797903001e-05
1.1704003683270352e-05,7.999999797903001e-05
1.1708003683601313e-05,0.00011999999696854502
1.1712003683932275e-05,7.999999797903001e-05
1.1716003684263236e-05,0.00011999999696854502
1.1720003684594198e-05,7.999999797903001e-05
1.172400368492516e-05,7.999999797903001e-05
1.172800368525612e-05,3.9999998989515007e-05
1.1732003685587082e-05,7.999999797903001e-05
1.1736003685918044e-05,7.999999797903001e-05
1.1740003686249005e-05,7.999999797903001e-05
1.1744003686579967e-05,7.999999797903001e-05
1.1748003686910928e-05,7.999999797903001e-05
1.175200368724189e-05,7.999999797903001e-05
1.1756003687572851e-05,7.999999797903001e-05
1.1760003687903813e-05,7.999999797903001e-05
1.1764003688234774e-05,7.999999797903001e-05
1.1768003688565735e-05,7.999999797903001e-05
1.1772003688896697e-05,7.999999797903001e-05
1.1776003689227658e-05,7.999999797903001e-05
1.178000368955862e-05,7.999999797903001e-05
1.1784003689889581e-05,7.999999797903001e-05
1.1788003690220543e-05,7.999999797903001e-05
1.1792003690551504e-05,7.999999797903001e-05
1.1796003690882466e-05,7.999999797903001e-05
1.1800003691213427e-05,7.999999797903001e-05
1.1804003691544389e-05,7.999999797903001e-05
1.180800369187535e-05,7.999999797903001e-05
1.1812003692206312e-05,7.999999797903001e-05
1.1816003692537273e-05,7.999999797903001e-05
1.1820003692868235e-05,7.999999797903001e-05
1.1824003693199196e-05,7.999999797903001e-05
1.1828003693530158e-05,7.999999797903001e-05
1.183200369386112e-05,7.999999797903001e-05
1.183600369419208e-05,7.999999797903001e-05
1.1840003694523042e-05,7.999999797903001e-05
1.1844003694854004e-05,3.9999998989515007e-05
1.1848003695184965e-05,3.9999998989515007e-05
1.1852003695515927e-05,7.999999797903001e-05
1.1856003695846888e-05,3.9999998989515007e-05
1.186000369617785e-05,7.999999797903001e-05
1.1864003696508811e-05,7.999999797903001e-05
1.1868003696839773e-05,7.999999797903001e-05
1.1872003697170734e-05,7.999999797903001e-05
1.1876003697501696e-05,7.999999797903001e-05
1.1880003697832657e-05,7.999999797903001e-05
1.1884003698163619e-05,7.999999797903001e-05
1.188800369849458e-05,7.999999797903001e-05
1.1892003698825541e-05,7.999999797903001e-05
1.1896003699156503e-05,3.9999998989515007e-05
1.1900003699487464e-05,7.999999797903001e-05
1.1904003699818426e-05,3.9999998989515007e-05
1.1908003700149387e-05,7.999999797903001e-05
1.1912003700480349e-05,7.999999797903001e-05
1.191600370081131e-05,7.999999797903001e-05
1.1920003701142272e-05,7.999999797903001e-05
1.1924003701473233e-05,7.999999797903001e-05
1.1928003701804195e-05,7.999999797903001e-05
1.1932003702135156e-05,7.999999797903001e-05
1.1936003702466118e-05,7.999999797903001e-05
1.194000370279708e-05,7.999999797903001e-05
1.194400370312804e-05,7.999999797903001e-05
1.1948003703459002e-05,7.999999797903001e-05
1.1952003703789964e-05,7.999999797903001e-05
1.1956003704120925e-05,7.999999797903001e-05
1.1960003704451887e-05,7.999999797903001e-05
1.1964003704782848e-05,7.999999797903001e-05
1.196800370511381e-05,3.9999998989515007e-05
1.1972003705444771e-05,7.999999797903001e-05
1.1976003705775733e-05,3.9999998989515007e-05
1.1980003706106694e-05,7.999999797903001e-05
1.1984003706437656e-05,3.9999998989515007e-05
1.1988003706768617e-05,7.999999797903001e-05
1.1992003707099579e-05,7.999999797903001e-05
1.199600370743054e-05,7.999999797903001e-05
1.2000003707761502e-05,7.999999797903001e-05
1.2004003708092463e-05,7.999999797903001e-05
1.2008003708423425e-05,7.999999797903001e-05
1.2012003708754386e-05,7.999999797903001e-05
1.2016003709085347e-05,7.999999797903001e-05
1.2020003709416309e-05,7.999999797903001e-05
1.202400370974727e-05,3.9999998989515007e-05
1.2028003710078232e-05,7.999999797903001e-05
1.2032003710409193e-05,7.999999797903001e-05
1.2036003710740155e-05,7.999999797903001e-05
1.2040003711071116e-05,7.999999797903001e-05
1.2044003711402078e-05,7.999999797903001e-05
1.204800371173304e-05,7.999999797903001e-05
1.2052003712064001e-05,7.999999797903001e-05
1.2056003712394962e-05,7.999999797903001e-05
1.2060003712725924e-05,7.999999797903001e-05
1.2064003713056885e-05,7.999999797903001e-05
1.2068003713387847e-05,7.999999797903001e-05
1.2072003713718808e-05,7.999999797903001e-05
1.207600371404977e-05,7.999999797903001e-05
1.2080003714380731e-05,3.9999998989515007e-05
1.2084003714711693e-05,7.999999797903001e-05
1.2088003715042654e-05,7.999999797903001e-05
1.2092003715373616e-05,7.999999797903001e-05
1.2096003715704577e-05,7.999999797903001e-05
1.2100003716035539e-05,7.999999797903001e-05
1.21040037163665e-05,7.999999797903001e-05
1.2108003716697462e-05,7.999999797903001e-05
1.2112003717028423e-05,7.999999797903001e-05
1.2116003717359385e-05,7.999999797903001e-05
1.2120003717690346e-05,7.999999797903001e-05
1.2124003718021308e-05,7.999999797903001e-05
1.2128003718352269e-05,7.999999797903001e-05
1.213200371868323e-05,7.999999797903001e-05
1.2136003719014192e-05,3.9999998989515007e-05
1.2140003719345153e-05,7.999999797903001e-05
1.2144003719676115e-05,7.999999797903001e-05
1.2148003720007076e-05,7.999999797903001e-05
1.2152003720338038e-05,7.999999797903001e-05
1.2156003720669e-05,7.999999797903001e-05
1.2160003720999961e-05,7.999999797903001e-05
1.2164003721330922e-05,7.999999797903001e-05
1.2168003721661884e-05,7.999999797903001e-05
1.2172003721992845e-05,7.999999797903001e-05
1.2176003722323807e-05,7.999999797903001e-05
1.2180003722654768e-05,7.999999797903001e-05
1.218400372298573e-05,7.999999797903001e-05
1.2188003723316691e-05,7.999999797903001e-05
1.2192003723647653e-05,7.999999797903001e-05
1.2196003723978614e-05,7.999999797903001e-05
1.2200003724309576e-05,7.999999797903001e-05
1.2204003724640537e-05,7.999999797903001e-05
1.2208003724971499e-05,3.9999998989515007e-05
1.221200372530246e-05,7.999999797903001e-05
1.2216003725633422e-05,7.999999797903001e-05
1.2220003725964383e-05,7.999999797903001e-05
1.2224003726295345e-05,7.999999797903001e-05
1.2228003726626306e-05,7.999999797903001e-05
1.2232003726957268e-05,7.999999797903001e-05
1.2236003727288229e-05,7.999999797903001e-05
1.224000372761919e-05,7.999999797903001e-05
1.2244003727950152e-05,7.999999797903001e-05
1.2248003728281114e-05,7.999999797903001e-05
1.2252003728612075e-05,3.9999998989515007e-05
1.2256003728943037e-05,3.9999998989515007e-05
1.2260003729273998e-05,7.999999797903001e-05
1.226400372960496e-05,3.9999998989515007e-05
1.2268003729935921e-05,7.999999797903001e-05
1.2272003730266882e-05,7.999999797903001e-05
1.2276003730597844e-05,7.999999797903001e-05
1.2280003730928805e-05,7.999999797903001e-05
1.2284003731259767e-05,7.999999797903001e-05
1.2288003731590728e-05,7.999999797903001e-05
1.229200373192169e-05,7.999999797903001e-05
1.2296003732252651e-05,3.9999998989515007e-05
1.2300003732583613e-05,7.999999797903001e-05
1.2304003732914574e-05,3.9999998989515007e-05
1.2308003733245536e-05,7.999999797903001e-05
1.2312003733576497e-05,3.9999998989515007e-05
1.2316003733907459e-05,7.999999797903001e-05
1.232000373423842e-05,7.999999797903001e-05
1.2324003734569382e-05,7.999999797903001e-05
1.2328003734900343e-05,7.999999797903001e-05
1.2332003735231305e-05,7.999999797903001e-05
1.2336003735562266e-05,7.999999797903001e-05
1.2340003735893228e-05,3.9999998989515007e-05
1.234400373622419e-05,3.9999998989515007e-05
1.234800373655515e-05,7.999999797903001e-05
1.2352003736886112e-05,7.999999797903001e-05
1.2356003737217074e-05,7.999999797903001e-05
1.2360003737548035e-05,7.999999797903001e-05
1.2364003737878997e-05,7.999999797903001e-05
1.2368003738209958e-05,7.999999797903001e-05
1.237200373854092e-05,3.9999998989515007e-05
1.2376003738871881e-05,3.9999998989515007e-05
1.2380003739202843e-05,7.999999797903001e-05
1.2384003739533804e-05,3.9999998989515007e-05
1.2388003739864766e-05,7.999999797903001e-05
1.2392003740195727e-05,7.999999797903001e-05
1.2396003740526688e-05,7.999999797903001e-05
1.240000374085765e-05,7.999999797903001e-05
1.2404003741188611e-05,7.999999797903001e-05
1.2408003741519573e-05,7.999999797903001e-05
1.2412003741850534e-05,7.999999797903001e-05
1.2416003742181496e-05,3.9999998989515007e-05
1.2420003742512457e-05,7.999999797903001e-05
1.2424003742843419e-05,7.999999797903001e-05
1.242800374317438e-05,7.999999797903001e-05
1.2432003743505342e-05,7.999999797903001e-05
1.2436003743836303e-05,7.999999797903001e-05
1.2440003744167265e-05,7.999999797903001e-05
1.2444003744498226e-05,7.999999797903001e-05
1.2448003744829188e-05,7.999999797903001e-05
1.245200374516015e-05,7.999999797903001e-05
1.245600374549111e-05,7.999999797903001e-05
1.2460003745822072e-05,7.999999797903001e-05
1.2464003746153034e-05,3.9999998989515007e-05
1.2468003746483995e-05,7.999999797903001e-05
1.2472003746814957e-05,3.9999998989515007e-05
1.2476003747145918e-05,7.999999797903001e-05
1.248000374747688e-05,7.999999797903001e-05
1.2484003747807841e-05,7.999999797903001e-05
1.2488003748138803e-05,7.999999797903001e-05
1.2492003748469764e-05,7.999999797903001e-05
1.2496003748800726e-05,3.9999998989515007e-05
1.2500003749131687e-05,7.999999797903001e-05
1.2504003749462649e-05,7.999999797903001e-05
1.250800374979361e-05,7.999999797903001e-05
1.2512003750124572e-05,7.999999797903001e-05
1.2516003750455533e-05,7.999999797903001e-05
1.2520003750786494e-05,3.9999998989515007e-05
1.2524003751117456e-05,7.999999797903001e-05
1.2528003751448417e-05,7.999999797903001e-05
1.2532003751779379e-05,7.999999797903001e-05
1.253600375211034e-05,7.999999797903001e-05
1.2540003752441302e-05,7.999999797903001e-05
1.2544003752772263e-05,7.999999797903001e-05
1.2548003753103225e-05,7.999999797903001e-05
1.2552003753434186e-05,7.999999797903001e-05
1.2556003753765148e-05,7.999999797903001e-05
1.256000375409611e-05,7.999999797903001e-05
1.256400375442707e-05,7.999999797903001e-05
1.2568003754758032e-05,7.999999797903001e-05
1.2572003755088994e-05,7.999999797903001e-05
1.2576003755419955e-05,7.999999797903001e-05
1.2580003755750917e-05,7.999999797903001e-05
1.2584003756081878e-05,7.999999797903001e-05
1.258800375641284e-05,7.999999797903001e-05
1.2592003756743801e-05,7.999999797903001e-05
1.2596003757074763e-05,7.999999797903001e-05
1.2600003757405724e-05,3.9999998989515007e-05
1.2604003757736686e-05,7.999999797903001e-05
1.2608003758067647e-05,7.999999797903001e-05
1.2612003758398609e-05,7.999999797903001e-05
1.261600375872957e-05,3.9999998989515007e-05
1.2620003759060532e-05,7.999999797903001e-05
1.2624003759391493e-05,7.999999797903001e-05
1.2628003759722455e-05,7.999999797903001e-05
1.2632003760053416e-05,3.9999998989515007e-05
1.2636003760384378e-05,7.999999797903001e-05
1.2640003760715339e-05,7.999999797903001e-05
1.26440037610463e-05,7.999999797903001e-05
1.2648003761377262e-05,7.999999797903001e-05
1.2652003761708223e-05,7.999999797903001e-05
1.2656003762039185e-05,7.999999797903001e-05
1.2660003762370146e-05,7.999999797903001e-05
1.2664003762701108e-05,7.999999797903001e-05
1.266800376303207e-05,7.999999797903001e-05
1.2672003763363031e-05,7.999999797903001e-05
1.2676003763693992e-05,7.999999797903001e-05
1.2680003764024954e-05,7.999999797903001e-05
1.2684003764355915e-05,7.999999797903001e-05
1.2688003764686877e-05,7.999999797903001e-05
1.2692003765017838e-05,7.999999797903001e-05
1.26960037653488e-05,7.999999797903001e-05
1.2700003765679761e-05,7.999999797903001e-05
1.2704003766010723e-05,3.9999998989515007e-05
1.2708003766341684e-05,7.999999797903001e-05
1.2712003766672646e-05,3.9999998989515007e-05
1.2716003767003607e-05,7.999999797903001e-05
1.2720003767334569e-05,7.999999797903001e-05
1.272400376766553e-05,7.999999797903001e-05
1.2728003767996492e-05,7.999999797903001e-05
1.2732003768327453e-05,7.999999797903001e-05
1.2736003768658415e-05,7.999999797903001e-05
1.2740003768989376e-05,7.999999797903001e-05
1.2744003769320338e-05,7.999999797903001e-05
1.2748003769651299e-05,7.999999797903001e-05
1.275200376998226e-05,3.9999998989515007e-05
1.2756003770313222e-05,7.999999797903001e-05
1.2760003770644184e-05,7.999999797903001e-05
1.2764003770975145e-05,7.999999797903001e-05
1.2768003771306106e-05,7.999999797903001e-05
1.2772003771637068e-05,7.999999797903001e-05
1.277600377196803e-05,7.999999797903001e-05
1.2780003772298991e-05,7.999999797903001e-05
1.2784003772629952e-05,7.999999797903001e-05
1.2788003772960914e-05,7.999999797903001e-05
1.2792003773291875e-05,7.999999797903001e-05
1.2796003773622837e-05,7.999999797903001e-05
1.2800003773953798e-05,7.999999797903001e-05
1.280400377428476e-05,7.999999797903001e-05
1.2808003774615721e-05,7.999999797903001e-05
1.2812003774946683e-05,7.999999797903001e-05
1.2816003775277644e-05,7.999999797903001e-05
1.2820003775608606e-05,7.999999797903001e-05
1.2824003775939567e-05,7.999999797903001e-05
1.2828003776270529e-05,3.9999998989515007e-05
1.283200377660149e-05,3.9999998989515007e-05
1.2836003776932452e-05,7.999999797903001e-05
1.2840003777263413e-05,7.999999797903001e-05
1.2844003777594375e-05,7.999999797903001e-05
1.2848003777925336e-05,7.999999797903001e-05
1.2852003778256298e-05,7.999999797903001e-05
1.2856003778587259e-05,3.9999998989515007e-05
1.286000377891822e-05,7.999999797903001e-05
1.2864003779249182e-05,3.9999998989515007e-05
1.2868003779580144e-05,7.999999797903001e-05
1.2872003779911105e-05,3.9999998989515007e-05
1.2876003780242067e-05,7.999999797903001e-05
1.2880003780573028e-05,7.999999797903001e-05
1.288400378090399e-05,7.999999797903001e-05
1.2888003781234951e-05,7.999999797903001e-05
1.2892003781565912e-05,7.999999797903001e-05
1.2896003781896874e-05,7.999999797903001e-05
1.2900003782227835e-05,7.999999797903001e-05
1.2904003782558797e-05,7.999999797903001e-05
1.2908003782889758e-05,7.999999797903001e-05
1.291200378322072e-05,7.999999797903001e-05
1.2916003783551681e-05,7.999999797903001e-05
1.2920003783882643e-05,7.999999797903001e-05
1.2924003784213604e-05,7.999999797903001e-05
1.2928003784544566e-05,7.999999797903001e-05
1.2932003784875527e-05,7.999999797903001e-05
1.2936003785206489e-05,7.999999797903001e-05
1.294000378553745e-05,7.999999797903001e-05
1.2944003785868412e-05,7.999999797903001e-05
1.2948003786199373e-05,7.999999797903001e-05
1.2952003786530335e-05,7.999999797903001e-05
1.2956003786861296e-05,7.999999797903001e-05
1.2960003787192258e-05,7.999999797903001e-05
1.296400378752322e-05,7.999999797903001e-05
1.296800378785418e-05,0.00011999999696854502
1.2972003788185142e-05,0.00011999999696854502
1.2976003788516104e-05,7.999999797903001e-05
1.2980003788847065e-05,7.999999797903001e-05
1.2984003789178027e-05,7.999999797903001e-05
1.2988003789508988e-05,7.999999797903001e-05
1.299200378983995e-05,7.999999797903001e-05
1.2996003790170911e-05,7.999999797903001e-05
1.3000003790501873e-05,7.999999797903001e-05
1.3004003790832834e-05,7.999999797903001e-05
1.3008003791163796e-05,7.999999797903001e-05
1.3012003791494757e-05,7.999999797903001e-05
1.3016003791825718e-05,7.999999797903001e-05
1.302000379215668e-05,7.999999797903001e-05
1.3024003792487641e-05,7.999999797903001e-05
1.3028003792818603e-05,7.999999797903001e-05
1.3032003793149564e-05,7.999999797903001e-05
1.3036003793480526e-05,7.999999797903001e-05
1.3040003793811487e-05,7.999999797903001e-05
1.3044003794142449e-05,7.999999797903001e-05
1.304800379447341e-05,7.999999797903001e-05
1.3052003794804372e-05,7.999999797903001e-05
1.3056003795135333e-05,7.999999797903001e-05
1.3060003795466295e-05,7.999999797903001e-05
1.3064003795797256e-05,7.999999797903001e-05
1.3068003796128218e-05,7.999999797903001e-05
1.307200379645918e-05,7.999999797903001e-05
1.307600379679014e-05,7.999999797903001e-05
1.3080003797121102e-05,7.999999797903001e-05
1.3084003797452064e-05,7.999999797903001e-05
1.3088003797783025e-05,7.999999797903001e-05
1.3092003798113987e-05,0.00011999999696854502
1.3096003798444948e-05,7.999999797903001e-05
1.310000379877591e-05,7.999999797903001e-05
1.3104003799106871e-05,3.9999998989515007e-05
1.3108003799437833e-05,3.9999998989515007e-05
1.3112003799768794e-05,3.9999998989515007e-05
1.3116003800099756e-05,7.999999797903001e-05
1.3120003800430717e-05,7.999999797903001e-05
1.3124003800761679e-05,7.999999797903001e-05
1.312800380109264e-05,7.999999797903001e-05
1.3132003801423602e-05,7.999999797903001e-05
1.3136003801754563e-05,7.999999797903001e-05
1.3140003802085524e-05,7.999999797903001e-05
1.3144003802416486e-05,7.999999797903001e-05
1.3148003802747447e-05,0.00011999999696854502
1.3152003803078409e-05,7.999999797903001e-05
1.315600380340937e-05,7.999999797903001e-05
1.3160003803740332e-05,7.999999797903001e-05
1.3164003804071293e-05,7.999999797903001e-05
1.3168003804402255e-05,7.999999797903001e-05
1.3172003804733216e-05,7.999999797903001e-05
1.3176003805064178e-05,7.999999797903001e-05
1.318000380539514e-05,7.999999797903001e-05
1.31840038057261e-05,7.999999797903001e-05
1.3188003806057062e-05,7.999999797903001e-05
1.3192003806388024e-05,7.999999797903001e-05
1.3196003806718985e-05,7.999999797903001e-05
1.3200003807049947e-05,7.999999797903001e-05
1.3204003807380908e-05,7.999999797903001e-05
1.320800380771187e-05,7.999999797903001e-05
1.3212003808042831e-05,7.999999797903001e-05
1.3216003808373793e-05,7.999999797903001e-05
1.3220003808704754e-05,7.999999797903001e-05
1.3224003809035716e-05,7.999999797903001e-05
1.3228003809366677e-05,7.999999797903001e-05
1.3232003809697639e-05,3.9999998989515007e-05
1.32360038100286e-05,7.999999797903001e-05
1.3240003810359562e-05,7.999999797903001e-05
1.3244003810690523e-05,7.999999797903001e-05
1.3248003811021485e-05,7.999999797903001e-05
1.3252003811352446e-05,7.999999797903001e-05
1.3256003811683408e-05,7.999999797903001e-05
1.3260003812014369e-05,7.999999797903001e-05
1.326400381234533e-05,7.999999797903001e-05
1.3268003812676292e-05,7.999999797903001e-05
1.3272003813007253e-05,3.9999998989515007e-05
1.3276003813338215e-05,7.999999797903001e-05
1.3280003813669176e-05,7.999999797903001e-05
1.3284003814000138e-05,7.999999797903001e-05
1.32880038143311e-05,7.999999797903001e-05
1.3292003814662061e-05,7.999999797903001e-05
1.3296003814993022e-05,7.999999797903001e-05
1.3300003815323984e-05,7.999999797903001e-05
1.3304003815654945e-05,7.999999797903001e-05
1.3308003815985907e-05,7.999999797903001e-05
1.3312003816316868e-05,7.999999797903001e-05
1.331600381664783e-05,7.999999797903001e-05
1.3320003816978791e-05,3.9999998989515007e-05
1.3324003817309753e-05,7.999999797903001e-05
1.3328003817640714e-05,7.999999797903001e-05
1.3332003817971676e-05,7.999999797903001e-05
1.3336003818302637e-05,7.999999797903001e-05
1.3340003818633599e-05,7.999999797903001e-05
1.334400381896456e-05,7.999999797903001e-05
1.3348003819295522e-05,7.999999797903001e-05
1.3352003819626483e-05,3.9999998989515007e-05
1.3356003819957445e-05,7.999999797903001e-05
1.3360003820288406e-05,7.999999797903001e-05
1.3364003820619368e-05,7.999999797903001e-05
1.3368003820950329e-05,7.999999797903001e-05
1.337200382128129e-05,7.999999797903001e-05
1.3376003821612252e-05,7.999999797903001e-05
1.3380003821943214e-05,7.999999797903001e-05
1.3384003822274175e-05,7.999999797903001e-05
1.3388003822605137e-05,7.999999797903001e-05
1.3392003822936098e-05,7.999999797903001e-05
1.339600382326706e-05,7.999999797903001e-05
1.3400003823598021e-05,7.999999797903001e-05
1.3404003823928982e-05,7.999999797903001e-05
1.3408003824259944e-05,7.999999797903001e-05
1.3412003824590905e-05,7.999999797903001e-05
1.3416003824921867e-05,7.999999797903001e-05
1.3420003825252828e-05,7.999999797903001e-05
1.342400382558379e-05,7.999999797903001e-05
1.3428003825914751e-05,7.999999797903001e-05
1.3432003826245713e-05,7.999999797903001e-05
1.3436003826576674e-05,7.999999797903001e-05
1.3440003826907636e-05,3.9999998989515007e-05
1.3444003827238597e-05,7.999999797903001e-05
1.3448003827569559e-05,7.999999797903001e-05
1.345200382790052e-05,7.999999797903001e-05
1.3456003828231482e-05,7.999999797903001e-05
1.3460003828562443e-05,7.999999797903001e-05
1.3464003828893405e-05,7.999999797903001e-05
1.3468003829224366e-05,7.999999797903001e-05
1.3472003829555328e-05,7.999999797903001e-05
1.347600382988629e-05,7.999999797903001e-05
1.348000383021725e-05,3.9999998989515007e-05
1.3484003830548212e-05,7.999999797903001e-05
1.3488003830879174e-05,7.999999797903001e-05
1.3492003831210135e-05,7.999999797903001e-05
1.3496003831541097e-05,7.999999797903001e-05
1.3500003831872058e-05,7.999999797903001e-05
1.350400383220302e-05,7.999999797903001e-05
1.3508003832533981e-05,7.999999797903001e-05
1.3512003832864943e-05,7.999999797903001e-05
1.3516003833195904e-05,7.999999797903001e-05
1.3520003833526865e-05,7.999999797903001e-05
1.3524003833857827e-05,7.999999797903001e-05
1.3528003834188788e-05,3.9999998989515007e-05
1.353200383451975e-05,7.999999797903001e-05
1.3536003834850711e-05,7.999999797903001e-05
1.3540003835181673e-05,7.999999797903001e-05
1.3544003835512634e-05,7.999999797903001e-05
1.3548003835843596e-05,7.999999797903001e-05
1.3552003836174557e-05,3.9999998989515007e-05
1.3556003836505519e-05,7.999999797903001e-05
1.356000383683648e-05,7.999999797903001e-05
1.3564003837167442e-05,7.999999797903001e-05
1.3568003837498403e-05,7.999999797903001e-05
1.3572003837829365e-05,7.999999797903001e-05
1.3576003838160326e-05,7.999999797903001e-05
1.3580003838491288e-05,7.999999797903001e-05
1.358400383882225e-05,7.999999797903001e-05
1.358800383915321e-05,7.999999797903001e-05
1.3592003839484172e-05,7.999999797903001e-05
1.3596003839815134e-05,7.999999797903001e-05
1.3600003840146095e-05,3.9999998989515007e-05
1.3604003840477057e-05,7.999999797903001e-05
1.3608003840808018e-05,7.999999797903001e-05
1.361200384113898e-05,7.999999797903001e-05
1.3616003841469941e-05,3.9999998989515007e-05
1.3620003841800903e-05,7.999999797903001e-05
1.3624003842131864e-05,3.9999998989515007e-05
1.3628003842462826e-05,7.999999797903001e-05
1.3632003842793787e-05,3.9999998989515007e-05
1.3636003843124749e-05,7.999999797903001e-05
1.364000384345571e-05,7.999999797903001e-05
1.3644003843786671e-05,7.999999797903001e-05
1.3648003844117633e-05,7.999999797903001e-05
1.3652003844448594e-05,0.00011999999696854502
1.3656003844779556e-05,7.999999797903001e-05
1.3660003845110517e-05,0.00011999999696854502
1.3664003845441479e-05,7.999999797903001e-05
1.366800384577244e-05,7.999999797903001e-05
1.3672003846103402e-05,3.9999998989515007e-05
1.3676003846434363e-05,7.999999797903001e-05
1.3680003846765325e-05,3.9999998989515007e-05
1.3684003847096286e-05,7.999999797903001e-05
1.3688003847427248e-05,7.999999797903001e-05
1.369200384775821e-05,7.999999797903001e-05
1.369600384808917e-05,3.9999998989515007e-05
1.3700003848420132e-05,7.999999797903001e-05
1.3704003848751094e-05,7.999999797903001e-05
1.3708003849082055e-05,7.999999797903001e-05
1.3712003849413017e-05,7.999999797903001e-05
1.3716003849743978e-05,7.999999797903001e-05
1.372000385007494e-05,7.999999797903001e-05
1.3724003850405901e-05,7.999999797903001e-05
1.3728003850736863e-05,7.999999797903001e-05
1.3732003851067824e-05,7.999999797903001e-05
1.3736003851398786e-05,7.999999797903001e-05
1.3740003851729747e-05,7.999999797903001e-05
1.3744003852060709e-05,3.9999998989515007e-05
1.374800385239167e-05,7.999999797903001e-05
1.3752003852722632e-05,3.9999998989515007e-05
1.3756003853053593e-05,7.999999797903001e-05
1.3760003853384555e-05,7.999999797903001e-05
1.3764003853715516e-05,7.999999797903001e-05
1.3768003854046477e-05,7.999999797903001e-05
1.3772003854377439e-05,0.00011999999696854502
1.37760038547084e-05,7.999999797903001e-05
1.3780003855039362e-05,0.00011999999696854502
1.3784003855370323e-05,7.999999797903001e-05
1.3788003855701285e-05,7.999999797903001e-05
1.3792003856032246e-05,7.999999797903001e-05
1.3796003856363208e-05,7.999999797903001e-05
1.380000385669417e-05,3.9999998989515007e-05
1.380400385702513e-05,7.999999797903001e-05
1.3808003857356092e-05,3.9999998989515007e-05
1.3812003857687054e-05,7.999999797903001e-05
1.3816003858018015e-05,3.9999998989515007e-05
1.3820003858348977e-05,7.999999797903001e-05
1.3824003858679938e-05,7.999999797903001e-05
1.38280038590109e-05,0.00011999999696854502
1.3832003859341861e-05,7.999999797903001e-05
1.3836003859672823e-05,7.999999797903001e-05
1.3840003860003784e-05,7.999999797903001e-05
1.3844003860334746e-05,7.999999797903001e-05
1.3848003860665707e-05,3.9999998989515007e-05
1.3852003860996669e-05,7.999999797903001e-05
1.385600386132763e-05,7.999999797903001e-05
1.3860003861658592e-05,7.999999797903001e-05
1.3864003861989553e-05,3.9999998989515007e-05
1.3868003862320515e-05,7.999999797903001e-05
1.3872003862651476e-05,3.9999998989515007e-05
1.3876003862982438e-05,7.999999797903001e-05
1.3880003863313399e-05,3.9999998989515007e-05
1.388400386364436e-05,7.999999797903001e-05
1.3888003863975322e-05,7.999999797903001e-05
1.3892003864306283e-05,0.00011999999696854502
1.3896003864637245e-05,7.999999797903001e-05
1.3900003864968206e-05,0.00011999999696854502
1.3904003865299168e-05,7.999999797903001e-05
1.390800386563013e-05,7.999999797903001e-05
1.3912003865961091e-05,7.999999797903001e-05
1.3916003866292052e-05,7.999999797903001e-05
1.3920003866623014e-05,7.999999797903001e-05
1.3924003866953975e-05,7.999999797903001e-05
1.3928003867284937e-05,3.9999998989515007e-05
1.3932003867615898e-05,7.999999797903001e-05
1.393600386794686e-05,3.9999998989515007e-05
1.3940003868277821e-05,7.999999797903001e-05
1.3944003868608783e-05,7.999999797903001e-05
1.3948003868939744e-05,7.999999797903001e-05
1.3952003869270706e-05,7.999999797903001e-05
1.3956003869601667e-05,7.999999797903001e-05
1.3960003869932629e-05,7.999999797903001e-05
1.396400387026359e-05,7.999999797903001e-05
1.3968003870594552e-05,3.9999998989515007e-05
1.3972003870925513e-05,7.999999797903001e-05
1.3976003871256475e-05,7.999999797903001e-05
1.3980003871587436e-05,7.999999797903001e-05
1.3984003871918398e-05,7.999999797903001e-05
1.3988003872249359e-05,7.999999797903001e-05
1.399200387258032e-05,7.999999797903001e-05
1.3996003872911282e-05,7.999999797903001e-05
1.4000003873242244e-05,7.999999797903001e-05
1.4004003873573205e-05,7.999999797903001e-05
1.4008003873904167e-05,7.999999797903001e-05
1.4012003874235128e-05,7.999999797903001e-05
1.401600387456609e-05,7.999999797903001e-05
1.4020003874897051e-05,7.999999797903001e-05
1.4024003875228012e-05,7.999999797903001e-05
1.4028003875558974e-05,7.999999797903001e-05
1.4032003875889935e-05,7.999999797903001e-05
1.4036003876220897e-05,7.999999797903001e-05
1.4040003876551858e-05,7.999999797903001e-05
1.404400387688282e-05,7.999999797903001e-05
1.4048003877213781e-05,7.999999797903001e-05
1.4052003877544743e-05,7.999999797903001e-05
1.4056003877875704e-05,3.9999998989515007e-05
1.4060003878206666e-05,7.999999797903001e-05
1.4064003878537627e-05,7.999999797903001e-05
1.4068003878868589e-05,7.999999797903001e-05
1.407200387919955e-05,7.999999797903001e-05
1.4076003879530512e-05,7.999999797903001e-05
1.4080003879861473e-05,7.999999797903001e-05
1.4084003880192435e-05,7.999999797903001e-05
1.4088003880523396e-05,7.999999797903001e-05
1.4092003880854358e-05,7.999999797903001e-05
1.409600388118532e-05,7.999999797903001e-05
1.410000388151628e-05,7.999999797903001e-05
1.4104003881847242e-05,7.999999797903001e-05
1.4108003882178204e-05,7.999999797903001e-05
1.4112003882509165e-05,7.999999797903001e-05
1.4116003882840127e-05,7.999999797903001e-05
1.4120003883171088e-05,7.999999797903001e-05
1.412400388350205e-05,7.999999797903001e-05
1.4128003883833011e-05,3.9999998989515007e-05
1.4132003884163973e-05,7.999999797903001e-05
1.4136003884494934e-05,7.999999797903001e-05
1.4140003884825895e-05,7.999999797903001e-05
1.4144003885156857e-05,7.999999797903001e-05
1.4148003885487818e-05,7.999999797903001e-05
1.415200388581878e-05,7.999999797903001e-05
1.4156003886149741e-05,7.999999797903001e-05
1.4160003886480703e-05,7.999999797903001e-05
1.4164003886811664e-05,7.999999797903001e-05
1.4168003887142626e-05,7.999999797903001e-05
1.4172003887473587e-05,7.999999797903001e-05
1.4176003887804549e-05,7.999999797903001e-05
1.418000388813551e-05,7.999999797903001e-05
1.4184003888466472e-05,7.999999797903001e-05
1.4188003888797433e-05,7.999999797903001e-05
1.4192003889128395e-05,3.9999998989515007e-05
1.4196003889459356e-05,7.999999797903001e-05
1.4200003889790318e-05,7.999999797903001e-05
1.420400389012128e-05,7.999999797903001e-05
1.420800389045224e-05,3.9999998989515007e-05
1.4212003890783202e-05,7.999999797903001e-05
1.4216003891114164e-05,7.999999797903001e-05
1.4220003891445125e-05,7.999999797903001e-05
1.4224003891776087e-05,7.999999797903001e-05
1.4228003892107048e-05,7.999999797903001e-05
1.423200389243801e-05,7.999999797903001e-05
1.4236003892768971e-05,7.999999797903001e-05
1.4240003893099933e-05,7.999999797903001e-05
1.4244003893430894e-05,7.999999797903001e-05
1.4248003893761856e-05,3.9999998989515007e-05
1.4252003894092817e-05,3.9999998989515007e-05
1.4256003894423779e-05,3.9999998989515007e-05
1.426000389475474e-05,7.999999797903001e-05
1.4264003895085702e-05,7.999999797903001e-05
1.4268003895416663e-05,7.999999797903001e-05
1.4272003895747624e-05,7.999999797903001e-05
1.4276003896078586e-05,7.999999797903001e-05
1.4280003896409547e-05,7.999999797903001e-05
1.4284003896740509e-05,7.999999797903001e-05
1.428800389707147e-05,7.999999797903001e-05
1.4292003897402432e-05,7.999999797903001e-05
1.4296003897733393e-05,7.999999797903001e-05
1.4300003898064355e-05,7.999999797903001e-05
1.4304003898395316e-05,7.999999797903001e-05
1.4308003898726278e-05,7.999999797903001e-05
1.431200389905724e-05,7.999999797903001e-05
1.43160038993882e-05,7.999999797903001e-05
1.4320003899719162e-05,7.999999797903001e-05
1.4324003900050124e-05,7.999999797903001e-05
1.4328003900381085e-05,3.9999998989515007e-05
1.4332003900712047e-05,7.999999797903001e-05
1.4336003901043008e-05,7.999999797903001e-05
1.434000390137397e-05,7.999999797903001e-05
1.4344003901704931e-05,7.999999797903001e-05
1.4348003902035893e-05,7.999999797903001e-05
1.4352003902366854e-05,7.999999797903001e-05
1.4356003902697816e-05,7.999999797903001e-05
1.4360003903028777e-05,7.999999797903001e-05
1.4364003903359739e-05,7.999999797903001e-05
1.43680039036907e-05,7.999999797903001e-05
1.4372003904021662e-05,7.999999797903001e-05
1.4376003904352623e-05,3.9999998989515007e-05
1.4380003904683585e-05,3.9999998989515007e-05
1.4384003905014546e-05,3.9999998989515007e-05
1.4388003905345508e-05,7.999999797903001e-05
1.4392003905676469e-05,3.9999998989515007e-05
1.439600390600743e-05,7.999999797903001e-05
1.4400003906338392e-05,7.999999797903001e-05
1.4404003906669353e-05,7.999999797903001e-05
1.4408003907000315e-05,7.999999797903001e-05
1.4412003907331276e-05,7.999999797903001e-05
1.4416003907662238e-05,7.999999797903001e-05
1.44200039079932e-05,7.999999797903001e-05
1.4424003908324161e-05,7.999999797903001e-05
1.4428003908655122e-05,7.999999797903001e-05
1.4432003908986084e-05,7.999999797903001e-05
1.4436003909317045e-05,7.999999797903001e-05
1.4440003909648007e-05,7.999999797903001e-05
1.4444003909978968e-05,7.999999797903001e-05
1.444800391030993e-05,3.9999998989515007e-05
1.4452003910640891e-05,3.9999998989515007e-05
1.4456003910971853e-05,3.9999998989515007e-05
1.4460003911302814e-05,7.999999797903001e-05
1.4464003911633776e-05,3.9999998989515007e-05
1.4468003911964737e-05,7.999999797903001e-05
1.4472003912295699e-05,7.999999797903001e-05
1.447600391262666e-05,7.999999797903001e-05
1.4480003912957622e-05,7.999999797903001e-05
1.4484003913288583e-05,7.999999797903001e-05
1.4488003913619545e-05,7.999999797903001e-05
1.4492003913950506e-05,7.999999797903001e-05
1.4496003914281468e-05,7.999999797903001e-05
1.4500003914612429e-05,7.999999797903001e-05
1.450400391494339e-05,3.9999998989515007e-05
1.4508003915274352e-05,7.999999797903001e-05
1.4512003915605314e-05,3.9999998989515007e-05
1.4516003915936275e-05,7.999999797903001e-05
1.4520003916267236e-05,7.999999797903001e-05
1.4524003916598198e-05,7.999999797903001e-05
1.452800391692916e-05,3.9999998989515007e-05
1.4532003917260121e-05,7.999999797903001e-05
1.4536003917591082e-05,7.999999797903001e-05
1.4540003917922044e-05,7.999999797903001e-05
1.4544003918253005e-05,3.9999998989515007e-05
1.4548003918583967e-05,7.999999797903001e-05
1.4552003918914928e-05,7.999999797903001e-05
1.455600391924589e-05,7.999999797903001e-05
1.4560003919576851e-05,7.999999797903001e-05
1.4564003919907813e-05,7.999999797903001e-05
1.4568003920238774e-05,7.999999797903001e-05
1.4572003920569736e-05,3.9999998989515007e-05
1.4576003920900697e-05,3.9999998989515007e-05
1.4580003921231659e-05,7.999999797903001e-05
1.458400392156262e-05,3.9999998989515007e-05
1.4588003921893582e-05,7.999999797903001e-05
1.4592003922224543e-05,7.999999797903001e-05
1.4596003922555505e-05,7.999999797903001e-05
1.4600003922886466e-05,7.999999797903001e-05
1.4604003923217428e-05,7.999999797903001e-05
1.4608003923548389e-05,7.999999797903001e-05
1.461200392387935e-05,7.999999797903001e-05
1.4616003924210312e-05,7.999999797903001e-05
1.4620003924541274e-05,7.999999797903001e-05
1.4624003924872235e-05,7.999999797903001e-05
1.4628003925203197e-05,7.999999797903001e-05
1.4632003925534158e-05,7.999999797903001e-05
1.463600392586512e-05,7.999999797903001e-05
1.4640003926196081e-05,7.999999797903001e-05
1.4644003926527042e-05,7.999999797903001e-05
1.4648003926858004e-05,7.999999797903001e-05
1.4652003927188965e-05,7.999999797903001e-05
1.4656003927519927e-05,7.999999797903001e-05
1.4660003927850888e-05,7.999999797903001e-05
1.466400392818185e-05,3.9999998989515007e-05
1.4668003928512811e-05,7.999999797903001e-05
1.4672003928843773e-05,7.999999797903001e-05
1.4676003929174734e-05,7.999999797903001e-05
1.4680003929505696e-05,7.999999797903001e-05
1.4684003929836657e-05,7.999999797903001e-05
1.4688003930167619e-05,3.9999998989515007e-05
1.469200393049858e-05,7.999999797903001e-05
1.4696003930829542e-05,3.9999998989515007e-05
1.4700003931160503e-05,7.999999797903001e-05
1.4704003931491465e-05,7.999999797903001e-05
1.4708003931822426e-05,7.999999797903001e-05
1.4712003932153388e-05,7.999999797903001e-05
1.471600393248435e-05,7.999999797903001e-05
1.472000393281531e-05,7.999999797903001e-05
1.4724003933146272e-05,7.999999797903001e-05
1.4728003933477234e-05,7.999999797903001e-05
1.4732003933808195e-05,7.999999797903001e-05
1.4736003934139157e-05,3.9999998989515007e-05
1.4740003934470118e-05,7.999999797903001e-05
1.474400393480108e-05,7.999999797903001e-05
1.4748003935132041e-05,7.999999797903001e-05
1.4752003935463003e-05,7.999999797903001e-05
1.4756003935793964e-05,7.999999797903001e-05
1.4760003936124926e-05,7.999999797903001e-05
1.4764003936455887e-05,7.999999797903001e-05
1.4768003936786848e-05,7.999999797903001e-05
1.477200393711781e-05,7.999999797903001e-05
1.4776003937448771e-05,3.9999998989515007e-05
1.4780003937779733e-05,7.999999797903001e-05
1.4784003938110694e-05,7.999999797903001e-05
1.4788003938441656e-05,7.999999797903001e-05
1.4792003938772617e-05,7.999999797903001e-05
1.4796003939103579e-05,7.999999797903001e-05
1.480000393943454e-05,7.999999797903001e-05
1.4804003939765502e-05,7.999999797903001e-05
1.4808003940096463e-05,7.999999797903001e-05
1.4812003940427425e-05,7.999999797903001e-05
1.4816003940758386e-05,7.999999797903001e-05
1.4820003941089348e-05,7.999999797903001e-05
1.482400394142031e-05,3.9999998989515007e-05
1.482800394175127e-05,7.999999797903001e-05
1.4832003942082232e-05,7.999999797903001e-05
1.4836003942413194e-05,7.999999797903001e-05
1.4840003942744155e-05,7.999999797903001e-05
1.4844003943075117e-05,7.999999797903001e-05
1.4848003943406078e-05,7.999999797903001e-05
1.485200394373704e-05,7.999999797903001e-05
1.4856003944068001e-05,7.999999797903001e-05
1.4860003944398963e-05,7.999999797903001e-05
1.4864003944729924e-05,7.999999797903001e-05
1.4868003945060886e-05,7.999999797903001e-05
1.4872003945391847e-05,7.999999797903001e-05
1.4876003945722809e-05,7.999999797903001e-05
1.488000394605377e-05,7.999999797903001e-05
1.4884003946384732e-05,7.999999797903001e-05
1.4888003946715693e-05,7.999999797903001e-05
1.4892003947046654e-05,7.999999797903001e-05
1.4896003947377616e-05,7.999999797903001e-05
1.4900003947708577e-05,7.999999797903001e-05
1.4904003948039539e-05,7.999999797903001e-05
1.49080039483705e-05,7.999999797903001e-05
1.4912003948701462e-05,7.999999797903001e-05
1.4916003949032423e-05,7.999999797903001e-05
1.4920003949363385e-05,7.999999797903001e-05
1.4924003949694346e-05,7.999999797903001e-05
1.4928003950025308e-05,7.999999797903001e-05
1.493200395035627e-05,7.999999797903001e-05
1.493600395068723e-05,3.9999998989515007e-05
1.4940003951018192e-05,7.999999797903001e-05
1.4944003951349154e-05,7.999999797903001e-05
1.4948003951680115e-05,7.999999797903001e-05
1.4952003952011077e-05,3.9999998989515007e-05
1.4956003952342038e-05,7.999999797903001e-05
1.4960003952673e-05,7.999999797903001e-05
1.4964003953003961e-05,7.999999797903001e-05
1.4968003953334923e-05,7.999999797903001e-05
1.4972003953665884e-05,7.999999797903001e-05
1.4976003953996846e-05,7.999999797903001e-05
1.4980003954327807e-05,7.999999797903001e-05
1.4984003954658769e-05,7.999999797903001e-05
1.498800395498973e-05,7.999999797903001e-05
1.4992003955320692e-05,3.9999998989515007e-05
1.4996003955651653e-05,7.999999797903001e-05
1.5000003955982615e-05,7.999999797903001e-05
1.5004003956313576e-05,7.999999797903001e-05
1.5008003956644538e-05,7.999999797903001e-05
1.5012003956975499e-05,7.999999797903001e-05
1.501600395730646e-05,7.999999797903001e-05
1.5020003957637422e-05,7.999999797903001e-05
1.5024003957968383e-05,7.999999797903001e-05
1.5028003958299345e-05,7.999999797903001e-05
1.5032003958630306e-05,3.9999998989515007e-05
1.5036003958961268e-05,7.999999797903001e-05
1.504000395929223e-05,7.999999797903001e-05
1.5044003959623191e-05,7.999999797903001e-05
1.5048003959954152e-05,7.999999797903001e-05
1.5052003960285114e-05,7.999999797903001e-05
1.5056003960616075e-05,7.999999797903001e-05
1.5060003960947037e-05,7.999999797903001e-05
1.5064003961277998e-05,7.999999797903001e-05
1.506800396160896e-05,7.999999797903001e-05
1.5072003961939921e-05,7.999999797903001e-05
1.5076003962270883e-05,7.999999797903001e-05
1.5080003962601844e-05,7.999999797903001e-05
1.5084003962932806e-05,7.999999797903001e-05
1.5088003963263767e-05,7.999999797903001e-05
1.5092003963594729e-05,7.999999797903001e-05
1.509600396392569e-05,7.999999797903001e-05
1.5100003964256652e-05,7.999999797903001e-05
1.5104003964587613e-05,3.9999998989515007e-05
1.5108003964918575e-05,7.999999797903001e-05
1.5112003965249536e-05,3.9999998989515007e-05
1.5116003965580498e-05,7.999999797903001e-05
1.5120003965911459e-05,7.999999797903001e-05
1.512400396624242e-05,7.999999797903001e-05
1.5128003966573382e-05,7.999999797903001e-05
1.5132003966904344e-05,7.999999797903001e-05
1.5136003967235305e-05,7.999999797903001e-05
1.5140003967566266e-05,7.999999797903001e-05
1.5144003967897228e-05,7.999999797903001e-05
1.514800396822819e-05,7.999999797903001e-05
1.5152003968559151e-05,3.9999998989515007e-05
1.5156003968890112e-05,7.999999797903001e-05
1.5160003969221074e-05,7.999999797903001e-05
1.5164003969552035e-05,7.999999797903001e-05
1.5168003969882997e-05,7.999999797903001e-05
1.5172003970213958e-05,7.999999797903001e-05
1.517600397054492e-05,3.9999998989515007e-05
1.5180003970875881e-05,7.999999797903001e-05
1.5184003971206843e-05,3.9999998989515007e-05
1.5188003971537804e-05,7.999999797903001e-05
1.5192003971868766e-05,7.999999797903001e-05
1.5196003972199727e-05,7.999999797903001e-05
1.5200003972530689e-05,7.999999797903001e-05
1.520400397286165e-05,7.999999797903001e-05
1.5208003973192612e-05,7.999999797903001e-05
1.5212003973523573e-05,7.999999797903001e-05
1.5216003973854535e-05,7.999999797903001e-05
1.5220003974185496e-05,7.999999797903001e-05
1.5224003974516458e-05,3.9999998989515007e-05
1.5228003974847419e-05,3.9999998989515007e-05
1.523200397517838e-05,7.999999797903001e-05
1.5236003975509342e-05,7.999999797903001e-05
1.5240003975840304e-05,7.999999797903001e-05
1.5244003976171265e-05,7.999999797903001e-05
1.5248003976502227e-05,7.999999797903001e-05
1.5252003976833188e-05,7.999999797903001e-05
1.525600397716415e-05,7.999999797903001e-05
1.526000397749511e-05,7.999999797903001e-05
1.5264003977826072e-05,7.999999797903001e-05
1.5268003978157034e-05,7.999999797903001e-05
1.5272003978487995e-05,7.999999797903001e-05
1.5276003978818957e-05,7.999999797903001e-05
1.528000397914992e-05,7.999999797903001e-05
1.528400397948088e-05,7.999999797903001e-05
1.528800397981184e-05,7.999999797903001e-05
1.5292003980142803e-05,7.999999797903001e-05
1.5296003980473764e-05,7.999999797903001e-05
1.5300003980804726e-05,7.999999797903001e-05
1.5304003981135687e-05,7.999999797903001e-05
1.530800398146665e-05,7.999999797903001e-05
1.531200398179761e-05,7.999999797903001e-05
1.5316003982128572e-05,7.999999797903001e-05
1.5320003982459533e-05,7.999999797903001e-05
1.5324003982790495e-05,7.999999797903001e-05
1.5328003983121456e-05,7.999999797903001e-05
1.5332003983452418e-05,7.999999797903001e-05
1.533600398378338e-05,7.999999797903001e-05
1.534000398411434e-05,7.999999797903001e-05
1.5344003984445302e-05,7.999999797903001e-05
1.5348003984776264e-05,7.999999797903001e-05
1.5352003985107225e-05,3.9999998989515007e-05
1.5356003985438187e-05,7.999999797903001e-05
1.5360003985769148e-05,7.999999797903001e-05
1.536400398610011e-05,7.999999797903001e-05
1.536800398643107e-05,7.999999797903001e-05
1.5372003986762033e-05,7.999999797903001e-05
1.5376003987092994e-05,7.999999797903001e-05
1.5380003987423956e-05,7.999999797903001e-05
1.5384003987754917e-05,7.999999797903001e-05
1.538800398808588e-05,7.999999797903001e-05
1.539200398841684e-05,7.999999797903001e-05
1.53960039887478e-05,7.999999797903001e-05
1.5400003989078763e-05,7.999999797903001e-05
1.5404003989409724e-05,7.999999797903001e-05
1.5408003989740686e-05,7.999999797903001e-05
1.5412003990071647e-05,7.999999797903001e-05
1.541600399040261e-05,7.999999797903001e-05
1.542000399073357e-05,7.999999797903001e-05
1.5424003991064532e-05,3.9999998989515007e-05
1.5428003991395493e-05,7.999999797903001e-05
1.5432003991726455e-05,3.9999998989515007e-05
1.5436003992057416e-05,7.999999797903001e-05
1.5440003992388378e-05,7.999999797903001e-05
1.544400399271934e-05,7.999999797903001e-05
1.54480039930503e-05,7.999999797903001e-05
1.5452003993381262e-05,7.999999797903001e-05
1.5456003993712224e-05,7.999999797903001e-05
1.5460003994043185e-05,7.999999797903001e-05
1.5464003994374147e-05,7.999999797903001e-05
1.5468003994705108e-05,7.999999797903001e-05
1.547200399503607e-05,3.9999998989515007e-05
1.547600399536703e-05,7.999999797903001e-05
1.5480003995697993e-05,7.999999797903001e-05
1.5484003996028954e-05,7.999999797903001e-05
1.5488003996359916e-05,3.9999998989515007e-05
1.5492003996690877e-05,7.999999797903001e-05
1.549600399702184e-05,3.9999998989515007e-05
1.55000039973528e-05,7.999999797903001e-05
1.550400399768376e-05,7.999999797903001e-05
1.5508003998014723e-05,7.999999797903001e-05
1.5512003998345685e-05,7.999999797903001e-05
1.5516003998676646e-05,7.999999797903001e-05
1.5520003999007607e-05,7.999999797903001e-05
1.552400399933857e-05,7.999999797903001e-05
1.552800399966953e-05,7.999999797903001e-05
1.5532004000000492e-05,7.999999797903001e-05
1.5536004000331453e-05,7.999999797903001e-05
1.5540004000662415e-05,7.999999797903001e-05
1.5544004000993376e-05,7.999999797903001e-05
1.5548004001324338e-05,3.9999998989515007e-05
1.55520040016553e-05,3.9999998989515007e-05
1.555600400198626e-05,3.9999998989515007e-05
1.5560004002317222e-05,7.999999797903001e-05
1.5564004002648184e-05,7.999999797903001e-05
1.5568004002979145e-05,7.999999797903001e-05
1.5572004003310107e-05,7.999999797903001e-05
1.5576004003641068e-05,7.999999797903001e-05
1.558000400397203e-05,7.999999797903001e-05
1.558400400430299e-05,7.999999797903001e-05
1.5588004004633953e-05,7.999999797903001e-05
1.5592004004964914e-05,7.999999797903001e-05
1.5596004005295876e-05,7.999999797903001e-05
1.5600004005626837e-05,7.999999797903001e-05
1.56040040059578e-05,7.999999797903001e-05
1.560800400628876e-05,3.9999998989515007e-05
1.561200400661972e-05,7.999999797903001e-05
1.5616004006950683e-05,7.999999797903001e-05
1.5620004007281645e-05,7.999999797903001e-05
1.5624004007612606e-05,7.999999797903001e-05
1.5628004007943568e-05,7.999999797903001e-05
1.563200400827453e-05,7.999999797903001e-05
1.563600400860549e-05,7.999999797903001e-05
1.5640004008936452e-05,7.999999797903001e-05
1.5644004009267413e-05,7.999999797903001e-05
1.5648004009598375e-05,7.999999797903001e-05
1.5652004009929336e-05,7.999999797903001e-05
1.5656004010260298e-05,7.999999797903001e-05
1.566000401059126e-05,7.999999797903001e-05
1.566400401092222e-05,7.999999797903001e-05
1.5668004011253182e-05,7.999999797903001e-05
1.5672004011584144e-05,3.9999998989515007e-05
1.5676004011915105e-05,7.999999797903001e-05
1.5680004012246067e-05,7.999999797903001e-05
1.568400401257703e-05,7.999999797903001e-05
1.568800401290799e-05,7.999999797903001e-05
1.569200401323895e-05,7.999999797903001e-05
1.5696004013569913e-05,7.999999797903001e-05
1.5700004013900874e-05,7.999999797903001e-05
1.5704004014231836e-05,7.999999797903001e-05
1.5708004014562797e-05,7.999999797903001e-05
1.571200401489376e-05,7.999999797903001e-05
1.571600401522472e-05,7.999999797903001e-05
1.572000401555568e-05,7.999999797903001e-05
1.5724004015886643e-05,7.999999797903001e-05
1.5728004016217605e-05,7.999999797903001e-05
1.5732004016548566e-05,7.999999797903001e-05
1.5736004016879528e-05,7.999999797903001e-05
1.574000401721049e-05,7.999999797903001e-05
1.574400401754145e-05,3.9999998989515007e-05
1.5748004017872412e-05,7.999999797903001e-05
1.5752004018203374e-05,7.999999797903001e-05
1.5756004018534335e-05,7.999999797903001e-05
1.5760004018865297e-05,7.999999797903001e-05
1.5764004019196258e-05,7.999999797903001e-05
1.576800401952722e-05,7.999999797903001e-05
1.577200401985818e-05,7.999999797903001e-05
1.5776004020189142e-05,7.999999797903001e-05
1.5780004020520104e-05,7.999999797903001e-05
1.5784004020851065e-05,7.999999797903001e-05
1.5788004021182027e-05,7.999999797903001e-05
1.579200402151299e-05,3.9999998989515007e-05
1.579600402184395e-05,7.999999797903001e-05
1.580000402217491e-05,3.9999998989515007e-05
1.5804004022505873e-05,7.999999797903001e-05
1.5808004022836834e-05,7.999999797903001e-05
1.5812004023167796e-05,7.999999797903001e-05
1.5816004023498757e-05,7.999999797903001e-05
1.582000402382972e-05,7.999999797903001e-05
1.582400402416068e-05,3.9999998989515007e-05
1.5828004024491642e-05,7.999999797903001e-05
1.5832004024822603e-05,7.999999797903001e-05
1.5836004025153565e-05,7.999999797903001e-05
1.5840004025484526e-05,3.9999998989515007e-05
1.5844004025815488e-05,7.999999797903001e-05
1.584800402614645e-05,3.9999998989515007e-05
1.585200402647741e-05,7.999999797903001e-05
1.5856004026808372e-05,7.999999797903001e-05
1.5860004027139334e-05,7.999999797903001e-05
1.5864004027470295e-05,7.999999797903001e-05
1.5868004027801257e-05,7.999999797903001e-05
1.5872004028132218e-05,3.9999998989515007e-05
1.587600402846318e-05,7.999999797903001e-05
1.588000402879414e-05,7.999999797903001e-05
1.5884004029125103e-05,7.999999797903001e-05
1.5888004029456064e-05,7.999999797903001e-05
1.5892004029787025e-05,7.999999797903001e-05
1.5896004030117987e-05,7.999999797903001e-05
1.590000403044895e-05,7.999999797903001e-05
1.590400403077991e-05,7.999999797903001e-05
1.590800403111087e-05,7.999999797903001e-05
1.5912004031441833e-05,3.9999998989515007e-05
1.5916004031772794e-05,7.999999797903001e-05
1.5920004032103756e-05,7.999999797903001e-05
1.5924004032434717e-05,7.999999797903001e-05
1.592800403276568e-05,3.9999998989515007e-05
1.593200403309664e-05,7.999999797903001e-05
1.5936004033427602e-05,7.999999797903001e-05
1.5940004033758563e-05,7.999999797903001e-05
1.5944004034089525e-05,7.999999797903001e-05
1.5948004034420486e-05,7.999999797903001e-05
1.5952004034751448e-05,7.999999797903001e-05
1.595600403508241e-05,7.999999797903001e-05
1.596000403541337e-05,7.999999797903001e-05
1.5964004035744332e-05,7.999999797903001e-05
1.5968004036075294e-05,7.999999797903001e-05
1.5972004036406255e-05,7.999999797903001e-05
1.5976004036737217e-05,7.999999797903001e-05
1.5980004037068178e-05,7.999999797903001e-05
1.598400403739914e-05,7.999999797903001e-05
1.59880040377301e-05,7.999999797903001e-05
1.5992004038061063e-05,3.9999998989515007e-05
1.5996004038392024e-05,7.999999797903001e-05
1.6000004038722986e-05,7.999999797903001e-05
1.6004004039053947e-05,7.999999797903001e-05
1.600800403938491e-05,3.9999998989515007e-05
1.601200403971587e-05,7.999999797903001e-05
1.601600404004683e-05,7.999999797903001e-05
1.6020004040377793e-05,7.999999797903001e-05
1.6024004040708754e-05,7.999999797903001e-05
1.6028004041039716e-05,7.999999797903001e-05
1.6032004041370677e-05,7.999999797903001e-05
1.603600404170164e-05,7.999999797903001e-05
1.60400040420326e-05,3.9999998989515007e-05
1.6044004042363562e-05,7.999999797903001e-05
1.6048004042694523e-05,7.999999797903001e-05
1.6052004043025485e-05,7.999999797903001e-05
1.6056004043356446e-05,7.999999797903001e-05
1.6060004043687408e-05,7.999999797903001e-05
1.606400404401837e-05,7.999999797903001e-05
1.606800404434933e-05,7.999999797903001e-05
1.6072004044680292e-05,7.999999797903001e-05
1.6076004045011254e-05,7.999999797903001e-05
1.6080004045342215e-05,7.999999797903001e-05
1.6084004045673177e-05,7.999999797903001e-05
1.6088004046004138e-05,7.999999797903001e-05
1.60920040463351e-05,7.999999797903001e-05
1.609600404666606e-05,7.999999797903001e-05
1.6100004046997023e-05,7.999999797903001e-05
1.6104004047327984e-05,7.999999797903001e-05
1.6108004047658946e-05,7.999999797903001e-05
1.6112004047989907e-05,7.999999797903001e-05
1.611600404832087e-05,7.999999797903001e-05
1.612000404865183e-05,3.9999998989515007e-05
1.612400404898279e-05,7.999999797903001e-05
1.6128004049313753e-05,7.999999797903001e-05
1.6132004049644715e-05,7.999999797903001e-05
1.6136004049975676e-05,7.999999797903001e-05
1.6140004050306637e-05,7.999999797903001e-05
1.61440040506376e-05,7.999999797903001e-05
1.614800405096856e-05,7.999999797903001e-05
1.6152004051299522e-05,7.999999797903001e-05
1.6156004051630483e-05,7.999999797903001e-05
1.6160004051961445e-05,3.9999998989515007e-05
1.6164004052292406e-05,7.999999797903001e-05
1.6168004052623368e-05,3.9999998989515007e-05
1.617200405295433e-05,7.999999797903001e-05
1.617600405328529e-05,7.999999797903001e-05
1.6180004053616252e-05,7.999999797903001e-05
1.6184004053947214e-05,7.999999797903001e-05
1.6188004054278175e-05,7.999999797903001e-05
1.6192004054609137e-05,7.999999797903001e-05
1.6196004054940098e-05,7.999999797903001e-05
1.620000405527106e-05,3.9999998989515007e-05
1.620400405560202e-05,7.999999797903001e-05
1.6208004055932983e-05,7.999999797903001e-05
1.6212004056263944e-05,7.999999797903001e-05
1.6216004056594906e-05,7.999999797903001e-05
1.6220004056925867e-05,7.999999797903001e-05
1.622400405725683e-05,7.999999797903001e-05
1.622800405758779e-05,7.999999797903001e-05
1.623200405791875e-05,7.999999797903001e-05
1.6236004058249713e-05,7.999999797903001e-05
1.6240004058580675e-05,7.999999797903001e-05
1.6244004058911636e-05,7.999999797903001e-05
1.6248004059242598e-05,3.9999998989515007e-05
1.625200405957356e-05,7.999999797903001e-05
1.625600405990452e-05,7.999999797903001e-05
1.6260004060235482e-05,7.999999797903001e-05
1.6264004060566443e-05,7.999999797903001e-05
1.6268004060897405e-05,7.999999797903001e-05
1.6272004061228366e-05,7.999999797903001e-05
1.6276004061559328e-05,7.999999797903001e-05
1.628000406189029e-05,7.999999797903001e-05
1.628400406222125e-05,7.999999797903001e-05
1.6288004062552212e-05,3.9999998989515007e-05
1.6292004062883174e-05,7.999999797903001e-05
1.6296004063214135e-05,7.999999797903001e-05
1.6300004063545097e-05,7.999999797903001e-05
1.630400406387606e-05,7.999999797903001e-05
1.630800406420702e-05,7.999999797903001e-05
1.631200406453798e-05,7.999999797903001e-05
1.6316004064868943e-05,3.9999998989515007e-05
1.6320004065199904e-05,7.999999797903001e-05
1.6324004065530866e-05,7.999999797903001e-05
1.6328004065861827e-05,7.999999797903001e-05
1.633200406619279e-05,7.999999797903001e-05
1.633600406652375e-05,7.999999797903001e-05
1.6340004066854712e-05,7.999999797903001e-05
1.6344004067185673e-05,7.999999797903001e-05
1.6348004067516635e-05,7.999999797903001e-05
1.6352004067847596e-05,7.999999797903001e-05
1.6356004068178558e-05,7.999999797903001e-05
1.636000406850952e-05,7.999999797903001e-05
1.636400406884048e-05,7.999999797903001e-05
1.6368004069171442e-05,3.9999998989515007e-05
1.6372004069502404e-05,7.999999797903001e-05
1.6376004069833365e-05,7.999999797903001e-05
1.6380004070164327e-05,7.999999797903001e-05
1.6384004070495288e-05,7.999999797903001e-05
1.638800407082625e-05,7.999999797903001e-05
1.639200407115721e-05,7.999999797903001e-05
1.6396004071488172e-05,7.999999797903001e-05
1.6400004071819134e-05,7.999999797903001e-05
1.6404004072150095e-05,7.999999797903001e-05
1.6408004072481057e-05,7.999999797903001e-05
1.641200407281202e-05,7.999999797903001e-05
1.641600407314298e-05,3.9999998989515007e-05
1.642000407347394e-05,7.999999797903001e-05
1.6424004073804903e-05,7.999999797903001e-05
1.6428004074135864e-05,7.999999797903001e-05
1.6432004074466826e-05,7.999999797903001e-05
1.6436004074797787e-05,7.999999797903001e-05
1.644000407512875e-05,7.999999797903001e-05
1.644400407545971e-05,7.999999797903001e-05
1.6448004075790672e-05,7.999999797903001e-05
1.6452004076121633e-05,7.999999797903001e-05
1.6456004076452595e-05,7.999999797903001e-05
1.6460004076783556e-05,7.999999797903001e-05
1.6464004077114518e-05,7.999999797903001e-05
1.646800407744548e-05,7.999999797903001e-05
1.647200407777644e-05,7.999999797903001e-05
1.6476004078107402e-05,7.999999797903001e-05
1.6480004078438364e-05,3.9999998989515007e-05
1.6484004078769325e-05,7.999999797903001e-05
1.6488004079100287e-05,7.999999797903001e-05
1.6492004079431248e-05,7.999999797903001e-05
1.649600407976221e-05,7.999999797903001e-05
1.650000408009317e-05,7.999999797903001e-05
1.6504004080424133e-05,7.999999797903001e-05
1.6508004080755094e-05,7.999999797903001e-05
1.6512004081086056e-05,7.999999797903001e-05
1.6516004081417017e-05,7.999999797903001e-05
1.652000408174798e-05,7.999999797903001e-05
1.652400408207894e-05,7.999999797903001e-05
1.65280040824099e-05,7.999999797903001e-05
1.6532004082740863e-05,7.999999797903001e-05
1.6536004083071824e-05,7.999999797903001e-05
1.6540004083402786e-05,7.999999797903001e-05
1.6544004083733747e-05,7.999999797903001e-05
1.654800408406471e-05,7.999999797903001e-05
1.655200408439567e-05,7.999999797903001e-05
1.6556004084726632e-05,7.999999797903001e-05
1.6560004085057593e-05,3.9999998989515007e-05
1.6564004085388555e-05,7.999999797903001e-05
1.6568004085719516e-05,7.999999797903001e-05
1.6572004086050478e-05,7.999999797903001e-05
1.657600408638144e-05,7.999999797903001e-05
1.65800040867124e-05,7.999999797903001e-05
1.6584004087043362e-05,7.999999797903001e-05
1.6588004087374324e-05,7.999999797903001e-05
1.6592004087705285e-05,7.999999797903001e-05
1.6596004088036247e-05,7.999999797903001e-05
1.6600004088367208e-05,7.999999797903001e-05
1.660400408869817e-05,7.999999797903001e-05
1.660800408902913e-05,7.999999797903001e-05
1.6612004089360093e-05,7.999999797903001e-05
1.6616004089691054e-05,7.999999797903001e-05
1.6620004090022016e-05,7.999999797903001e-05
1.6624004090352977e-05,7.999999797903001e-05
1.662800409068394e-05,7.999999797903001e-05
1.66320040910149e-05,7.999999797903001e-05
1.663600409134586e-05,7.999999797903001e-05
1.6640004091676823e-05,7.999999797903001e-05
1.6644004092007784e-05,7.999999797903001e-05
1.6648004092338746e-05,3.9999998989515007e-05
1.6652004092669707e-05,7.999999797903001e-05
1.665600409300067e-05,3.9999998989515007e-05
1.666000409333163e-05,7.999999797903001e-05
1.6664004093662592e-05,7.999999797903001e-05
1.6668004093993553e-05,7.999999797903001e-05
1.6672004094324515e-05,7.999999797903001e-05
1.6676004094655476e-05,7.999999797903001e-05
1.6680004094986438e-05,7.999999797903001e-05
1.66840040953174e-05,7.999999797903001e-05
1.668800409564836e-05,7.999999797903001e-05
1.6692004095979322e-05,7.999999797903001e-05
1.6696004096310284e-05,3.9999998989515007e-05
1.6700004096641245e-05,7.999999797903001e-05
1.6704004096972207e-05,7.999999797903001e-05
1.6708004097303168e-05,7.999999797903001e-05
1.671200409763413e-05,7.999999797903001e-05
1.671600409796509e-05,7.999999797903001e-05
1.6720004098296053e-05,7.999999797903001e-05
1.6724004098627014e-05,7.999999797903001e-05
1.6728004098957976e-05,7.999999797903001e-05
1.6732004099288937e-05,7.999999797903001e-05
1.67360040996199e-05,7.999999797903001e-05
1.674000409995086e-05,7.999999797903001e-05
1.674400410028182e-05,7.999999797903001e-05
1.6748004100612783e-05,7.999999797903001e-05
1.6752004100943745e-05,7.999999797903001e-05
1.6756004101274706e-05,7.999999797903001e-05
1.6760004101605668e-05,3.9999998989515007e-05
1.676400410193663e-05,7.999999797903001e-05
1.676800410226759e-05,7.999999797903001e-05
1.6772004102598552e-05,7.999999797903001e-05
1.6776004102929513e-05,7.999999797903001e-05
1.6780004103260475e-05,7.999999797903001e-05
1.6784004103591436e-05,7.999999797903001e-05
1.6788004103922398e-05,7.999999797903001e-05
1.679200410425336e-05,7.999999797903001e-05
1.679600410458432e-05,7.999999797903001e-05
1.6800004104915282e-05,7.999999797903001e-05
1.6804004105246244e-05,7.999999797903001e-05
1.6808004105577205e-05,7.999999797903001e-05
1.6812004105908167e-05,7.999999797903001e-05
1.6816004106239128e-05,3.9999998989515007e-05
1.682000410657009e-05,7.999999797903001e-05
1.682400410690105e-05,7.999999797903001e-05
1.6828004107232013e-05,7.999999797903001e-05
1.6832004107562974e-05,7.999999797903001e-05
1.6836004107893936e-05,7.999999797903001e-05
1.6840004108224897e-05,7.999999797903001e-05
1.684400410855586e-05,7.999999797903001e-05
1.684800410888682e-05,7.999999797903001e-05
1.685200410921778e-05,7.999999797903001e-05
1.6856004109548743e-05,7.999999797903001e-05
1.6860004109879705e-05,7.999999797903001e-05
1.6864004110210666e-05,7.999999797903001e-05
1.6868004110541628e-05,7.999999797903001e-05
1.687200411087259e-05,7.999999797903001e-05
1.687600411120355e-05,7.999999797903001e-05
1.6880004111534512e-05,7.999999797903001e-05
1.6884004111865474e-05,7.999999797903001e-05
1.6888004112196435e-05,7.999999797903001e-05
1.6892004112527396e-05,7.999999797903001e-05
1.6896004112858358e-05,3.9999998989515007e-05
1.690000411318932e-05,7.999999797903001e-05
1.690400411352028e-05,3.9999998989515007e-05
1.6908004113851242e-05,7.999999797903001e-05
1.6912004114182204e-05,7.999999797903001e-05
1.6916004114513165e-05,7.999999797903001e-05
1.6920004114844127e-05,7.999999797903001e-05
1.692400411517509e-05,7.999999797903001e-05
1.692800411550605e-05,7.999999797903001e-05
1.693200411583701e-05,7.999999797903001e-05
1.6936004116167973e-05,3.9999998989515007e-05
1.6940004116498934e-05,7.999999797903001e-05
1.6944004116829896e-05,7.999999797903001e-05
1.6948004117160857e-05,7.999999797903001e-05
1.695200411749182e-05,7.999999797903001e-05
1.695600411782278e-05,7.999999797903001e-05
1.6960004118153742e-05,7.999999797903001e-05
1.6964004118484703e-05,7.999999797903001e-05
1.6968004118815665e-05,7.999999797903001e-05
1.6972004119146626e-05,7.999999797903001e-05
1.6976004119477588e-05,7.999999797903001e-05
1.698000411980855e-05,7.999999797903001e-05
1.698400412013951e-05,7.999999797903001e-05
1.6988004120470472e-05,7.999999797903001e-05
1.6992004120801434e-05,7.999999797903001e-05
1.6996004121132395e-05,7.999999797903001e-05
1.7000004121463357e-05,3.9999998989515007e-05
1.7004004121794318e-05,7.999999797903001e-05
1.700800412212528e-05,3.9999998989515007e-05
1.701200412245624e-05,3.9999998989515007e-05
1.7016004122787202e-05,3.9999998989515007e-05
1.7020004123118164e-05,7.999999797903001e-05
1.7024004123449125e-05,7.999999797903001e-05
1.7028004123780087e-05,7.999999797903001e-05
1.703200412411105e-05,7.999999797903001e-05
1.703600412444201e-05,7.999999797903001e-05
1.704000412477297e-05,7.999999797903001e-05
1.7044004125103933e-05,7.999999797903001e-05
1.7048004125434894e-05,3.9999998989515007e-05
1.7052004125765856e-05,7.999999797903001e-05
1.7056004126096817e-05,3.9999998989515007e-05
1.706000412642778e-05,7.999999797903001e-05
1.706400412675874e-05,7.999999797903001e-05
1.7068004127089702e-05,7.999999797903001e-05
1.7072004127420663e-05,3.9999998989515007e-05
1.7076004127751625e-05,7.999999797903001e-05
1.7080004128082586e-05,3.9999998989515007e-05
1.7084004128413548e-05,7.999999797903001e-05
1.708800412874451e-05,7.999999797903001e-05
1.709200412907547e-05,7.999999797903001e-05
1.7096004129406432e-05,7.999999797903001e-05
1.7100004129737394e-05,7.999999797903001e-05
1.7104004130068355e-05,7.999999797903001e-05
1.7108004130399317e-05,7.999999797903001e-05
1.7112004130730278e-05,7.999999797903001e-05
1.711600413106124e-05,7.999999797903001e-05
1.71200041313922e-05,7.999999797903001e-05
1.7124004131723163e-05,7.999999797903001e-05
1.7128004132054124e-05,7.999999797903001e-05
1.7132004132385086e-05,7.999999797903001e-05
1.7136004132716047e-05,7.999999797903001e-05
1.714000413304701e-05,7.999999797903001e-05
1.714400413337797e-05,3.9999998989515007e-05
1.714800413370893e-05,7.999999797903001e-05
1.7152004134039893e-05,7.999999797903001e-05
1.7156004134370854e-05,7.999999797903001e-05
1.7160004134701816e-05,7.999999797903001e-05
1.7164004135032777e-05,7.999999797903001e-05
1.716800413536374e-05,7.999999797903001e-05
1.71720041356947e-05,7.999999797903001e-05
1.7176004136025662e-05,3.9999998989515007e-05
1.7180004136356623e-05,7.999999797903001e-05
1.7184004136687585e-05,7.999999797903001e-05
1.7188004137018546e-05,7.999999797903001e-05
1.7192004137349508e-05,7.999999797903001e-05
1.719600413768047e-05,7.999999797903001e-05
1.720000413801143e-05,7.999999797903001e-05
1.7204004138342392e-05,7.999999797903001e-05
1.7208004138673354e-05,7.999999797903001e-05
1.7212004139004315e-05,7.999999797903001e-05
1.7216004139335277e-05,7.999999797903001e-05
1.7220004139666238e-05,7.999999797903001e-05
1.72240041399972e-05,3.9999998989515007e-05
1.722800414032816e-05,7.999999797903001e-05
1.7232004140659123e-05,3.9999998989515007e-05
1.7236004140990084e-05,7.999999797903001e-05
1.7240004141321046e-05,7.999999797903001e-05
1.7244004141652007e-05,7.999999797903001e-05
1.724800414198297e-05,7.999999797903001e-05
1.725200414231393e-05,7.999999797903001e-05
1.725600414264489e-05,7.999999797903001e-05
1.7260004142975853e-05,7.999999797903001e-05
1.7264004143306814e-05,7.999999797903001e-05
1.7268004143637776e-05,7.999999797903001e-05
1.7272004143968737e-05,7.999999797903001e-05
1.72760041442997e-05,7.999999797903001e-05
1.728000414463066e-05,7.999999797903001e-05
1.7284004144961622e-05,7.999999797903001e-05
1.7288004145292583e-05,7.999999797903001e-05
1.7292004145623545e-05,7.999999797903001e-05
1.7296004145954506e-05,7.999999797903001e-05
1.7300004146285468e-05,7.999999797903001e-05
1.730400414661643e-05,3.9999998989515007e-05
1.730800414694739e-05,7.999999797903001e-05
1.7312004147278352e-05,7.999999797903001e-05
1.7316004147609314e-05,7.999999797903001e-05
1.7320004147940275e-05,7.999999797903001e-05
1.7324004148271237e-05,7.999999797903001e-05
1.7328004148602198e-05,7.999999797903001e-05
1.733200414893316e-05,7.999999797903001e-05
1.733600414926412e-05,3.9999998989515007e-05
1.7340004149595083e-05,7.999999797903001e-05
1.7344004149926044e-05,7.999999797903001e-05
1.7348004150257006e-05,7.999999797903001e-05
1.7352004150587967e-05,7.999999797903001e-05
1.735600415091893e-05,7.999999797903001e-05
1.736000415124989e-05,7.999999797903001e-05
1.736400415158085e-05,7.999999797903001e-05
1.7368004151911813e-05,3.9999998989515007e-05
1.7372004152242775e-05,7.999999797903001e-05
1.7376004152573736e-05,3.9999998989515007e-05
1.7380004152904698e-05,7.999999797903001e-05
1.738400415323566e-05,7.999999797903001e-05
1.738800415356662e-05,7.999999797903001e-05
1.7392004153897582e-05,7.999999797903001e-05
1.7396004154228543e-05,7.999999797903001e-05
1.7400004154559505e-05,7.999999797903001e-05
1.7404004154890466e-05,7.999999797903001e-05
1.7408004155221428e-05,7.999999797903001e-05
1.741200415555239e-05,7.999999797903001e-05
1.741600415588335e-05,7.999999797903001e-05
1.7420004156214312e-05,7.999999797903001e-05
1.7424004156545274e-05,3.9999998989515007e-05
1.7428004156876235e-05,7.999999797903001e-05
1.7432004157207197e-05,7.999999797903001e-05
1.743600415753816e-05,7.999999797903001e-05
1.744000415786912e-05,7.999999797903001e-05
1.744400415820008e-05,7.999999797903001e-05
1.7448004158531043e-05,7.999999797903001e-05
1.7452004158862004e-05,7.999999797903001e-05
1.7456004159192966e-05,7.999999797903001e-05
1.7460004159523927e-05,7.999999797903001e-05
1.746400415985489e-05,7.999999797903001e-05
1.746800416018585e-05,7.999999797903001e-05
1.747200416051681e-05,7.999999797903001e-05
1.7476004160847773e-05,7.999999797903001e-05
1.7480004161178735e-05,7.999999797903001e-05
1.7484004161509696e-05,7.999999797903001e-05
1.7488004161840658e-05,7.999999797903001e-05
1.749200416217162e-05,7.999999797903001e-05
1.749600416250258e-05,7.999999797903001e-05
1.7500004162833542e-05,7.999999797903001e-05
1.7504004163164504e-05,7.999999797903001e-05
1.7508004163495465e-05,7.999999797903001e-05
1.7512004163826427e-05,7.999999797903001e-05
1.7516004164157388e-05,7.999999797903001e-05
1.752000416448835e-05,7.999999797903001e-05
1.752400416481931e-05,7.999999797903001e-05
1.7528004165150272e-05,3.9999998989515007e-05
1.7532004165481234e-05,7.999999797903001e-05
1.7536004165812195e-05,7.999999797903001e-05
1.7540004166143157e-05,7.999999797903001e-05
1.754400416647412e-05,7.999999797903001e-05
1.754800416680508e-05,7.999999797903001e-05
1.755200416713604e-05,7.999999797903001e-05
1.7556004167467003e-05,7.999999797903001e-05
1.7560004167797964e-05,7.999999797903001e-05
1.7564004168128926e-05,7.999999797903001e-05
1.7568004168459887e-05,7.999999797903001e-05
1.757200416879085e-05,7.999999797903001e-05
1.757600416912181e-05,7.999999797903001e-05
1.7580004169452772e-05,7.999999797903001e-05
1.7584004169783733e-05,7.999999797903001e-05
1.7588004170114695e-05,7.999999797903001e-05
1.7592004170445656e-05,7.999999797903001e-05
1.7596004170776618e-05,7.999999797903001e-05
1.760000417110758e-05,7.999999797903001e-05
1.760400417143854e-05,7.999999797903001e-05
1.7608004171769502e-05,7.999999797903001e-05
1.7612004172100464e-05,7.999999797903001e-05
1.7616004172431425e-05,3.9999998989515007e-05
1.7620004172762387e-05,7.999999797903001e-05
1.7624004173093348e-05,3.9999998989515007e-05
1.762800417342431e-05,7.999999797903001e-05
1.763200417375527e-05,7.999999797903001e-05
1.7636004174086233e-05,7.999999797903001e-05
1.7640004174417194e-05,7.999999797903001e-05
1.7644004174748155e-05,7.999999797903001e-05
1.7648004175079117e-05,7.999999797903001e-05
1.765200417541008e-05,7.999999797903001e-05
1.765600417574104e-05,7.999999797903001e-05
1.7660004176072e-05,7.999999797903001e-05
1.7664004176402963e-05,3.9999998989515007e-05
1.7668004176733924e-05,7.999999797903001e-05
1.7672004177064886e-05,7.999999797903001e-05
1.7676004177395847e-05,7.999999797903001e-05
1.768000417772681e-05,7.999999797903001e-05
1.768400417805777e-05,7.999999797903001e-05
1.7688004178388732e-05,7.999999797903001e-05
1.7692004178719693e-05,7.999999797903001e-05
1.7696004179050655e-05,3.9999998989515007e-05
1.7700004179381616e-05,7.999999797903001e-05
1.7704004179712578e-05,3.9999998989515007e-05
1.770800418004354e-05,7.999999797903001e-05
1.77120041803745e-05,7.999999797903001e-05
1.7716004180705462e-05,7.999999797903001e-05
1.7720004181036424e-05,7.999999797903001e-05
1.7724004181367385e-05,7.999999797903001e-05
1.7728004181698347e-05,7.999999797903001e-05
1.7732004182029308e-05,7.999999797903001e-05
1.773600418236027e-05,7.999999797903001e-05
1.774000418269123e-05,7.999999797903001e-05
1.7744004183022193e-05,7.999999797903001e-05
1.7748004183353154e-05,7.999999797903001e-05
1.7752004183684116e-05,7.999999797903001e-05
1.7756004184015077e-05,7.999999797903001e-05
1.776000418434604e-05,7.999999797903001e-05
1.7764004184677e-05,7.999999797903001e-05
1.776800418500796e-05,7.999999797903001e-05
1.7772004185338923e-05,7.999999797903001e-05
1.7776004185669884e-05,7.999999797903001e-05
1.7780004186000846e-05,7.999999797903001e-05
1.7784004186331807e-05,7.999999797903001e-05
1.778800418666277e-05,7.999999797903001e-05
1.779200418699373e-05,7.999999797903001e-05
1.7796004187324692e-05,7.999999797903001e-05
1.7800004187655653e-05,7.999999797903001e-05
1.7804004187986615e-05,7.999999797903001e-05
1.7808004188317576e-05,7.999999797903001e-05
1.7812004188648538e-05,7.999999797903001e-05
1.78160041889795e-05,7.999999797903001e-05
1.782000418931046e-05,7.999999797903001e-05
1.7824004189641422e-05,7.999999797903001e-05
1.7828004189972384e-05,7.999999797903001e-05
1.7832004190303345e-05,7.999999797903001e-05
1.7836004190634307e-05,7.999999797903001e-05
1.7840004190965268e-05,7.999999797903001e-05
1.784400419129623e-05,7.999999797903001e-05
1.784800419162719e-05,7.999999797903001e-05
1.7852004191958153e-05,7.999999797903001e-05
1.7856004192289114e-05,7.999999797903001e-05
1.7860004192620076e-05,7.999999797903001e-05
1.7864004192951037e-05,3.9999998989515007e-05
1.7868004193282e-05,7.999999797903001e-05
1.787200419361296e-05,7.999999797903001e-05
1.787600419394392e-05,7.999999797903001e-05
1.7880004194274883e-05,7.999999797903001e-05
1.7884004194605845e-05,7.999999797903001e-05
1.7888004194936806e-05,7.999999797903001e-05
1.7892004195267767e-05,7.999999797903001e-05
1.789600419559873e-05,7.999999797903001e-05
1.790000419592969e-05,7.999999797903001e-05
1.7904004196260652e-05,7.999999797903001e-05
1.7908004196591613e-05,7.999999797903001e-05
1.7912004196922575e-05,3.9999998989515007e-05
1.7916004197253536e-05,7.999999797903001e-05
1.7920004197584498e-05,7.999999797903001e-05
1.792400419791546e-05,7.999999797903001e-05
1.792800419824642e-05,7.999999797903001e-05
1.7932004198577382e-05,7.999999797903001e-05
1.7936004198908344e-05,7.999999797903001e-05
1.7940004199239305e-05,7.999999797903001e-05
1.7944004199570267e-05,7.999999797903001e-05
1.7948004199901228e-05,7.999999797903001e-05
1.795200420023219e-05,7.999999797903001e-05
1.795600420056315e-05,7.999999797903001e-05
1.7960004200894113e-05,7.999999797903001e-05
1.7964004201225074e-05,7.999999797903001e-05
1.7968004201556036e-05,7.999999797903001e-05
1.7972004201886997e-05,7.999999797903001e-05
1.797600420221796e-05,7.999999797903001e-05
1.798000420254892e-05,7.999999797903001e-05
1.798400420287988e-05,7.999999797903001e-05
1.7988004203210843e-05,7.999999797903001e-05
1.7992004203541805e-05,3.9999998989515007e-05
1.7996004203872766e-05,7.999999797903001e-05
1.8000004204203728e-05,7.999999797903001e-05
1.800400420453469e-05,7.999999797903001e-05
1.800800420486565e-05,7.999999797903001e-05
1.8012004205196612e-05,7.999999797903001e-05
1.8016004205527573e-05,7.999999797903001e-05
1.8020004205858535e-05,7.999999797903001e-05
1.8024004206189496e-05,7.999999797903001e-05
1.8028004206520458e-05,7.999999797903001e-05
1.803200420685142e-05,7.999999797903001e-05
1.803600420718238e-05,7.999999797903001e-05
1.8040004207513342e-05,3.9999998989515007e-05
1.8044004207844304e-05,7.999999797903001e-05
1.8048004208175265e-05,7.999999797903001e-05
1.8052004208506227e-05,7.999999797903001e-05
1.805600420883719e-05,7.999999797903001e-05
1.806000420916815e-05,7.999999797903001e-05
1.806400420949911e-05,7.999999797903001e-05
1.8068004209830073e-05,7.999999797903001e-05
1.8072004210161034e-05,3.9999998989515007e-05
1.8076004210491996e-05,7.999999797903001e-05
1.8080004210822957e-05,7.999999797903001e-05
1.808400421115392e-05,7.999999797903001e-05
1.808800421148488e-05,7.999999797903001e-05
1.809200421181584e-05,7.999999797903001e-05
1.8096004212146803e-05,7.999999797903001e-05
1.8100004212477765e-05,7.999999797903001e-05
1.8104004212808726e-05,7.999999797903001e-05
1.8108004213139688e-05,7.999999797903001e-05
1.811200421347065e-05,7.999999797903001e-05
1.811600421380161e-05,7.999999797903001e-05
1.8120004214132572e-05,7.999999797903001e-05
1.8124004214463534e-05,7.999999797903001e-05
1.8128004214794495e-05,7.999999797903001e-05
1.8132004215125457e-05,7.999999797903001e-05
1.8136004215456418e-05,7.999999797903001e-05
1.814000421578738e-05,7.999999797903001e-05
1.814400421611834e-05,7.999999797903001e-05
1.8148004216449302e-05,7.999999797903001e-05
1.8152004216780264e-05,3.9999998989515007e-05
1.8156004217111225e-05,7.999999797903001e-05
1.8160004217442187e-05,7.999999797903001e-05
1.816400421777315e-05,7.999999797903001e-05
1.816800421810411e-05,7.999999797903001e-05
1.817200421843507e-05,7.999999797903001e-05
1.8176004218766033e-05,7.999999797903001e-05
1.8180004219096994e-05,7.999999797903001e-05
1.8184004219427956e-05,7.999999797903001e-05
1.8188004219758917e-05,7.999999797903001e-05
1.819200422008988e-05,7.999999797903001e-05
1.819600422042084e-05,7.999999797903001e-05
1.8200004220751802e-05,7.999999797903001e-05
1.8204004221082763e-05,7.999999797903001e-05
1.8208004221413725e-05,7.999999797903001e-05
1.8212004221744686e-05,7.999999797903001e-05
1.8216004222075648e-05,7.999999797903001e-05
1.822000422240661e-05,7.999999797903001e-05
1.822400422273757e-05,7.999999797903001e-05
1.8228004223068532e-05,7.999999797903001e-05
1.8232004223399494e-05,7.999999797903001e-05
1.8236004223730455e-05,3.9999998989515007e-05
1.8240004224061417e-05,7.999999797903001e-05
1.8244004224392378e-05,7.999999797903001e-05
1.824800422472334e-05,7.999999797903001e-05
1.82520042250543e-05,7.999999797903001e-05
1.8256004225385263e-05,7.999999797903001e-05
1.8260004225716224e-05,7.999999797903001e-05
1.8264004226047185e-05,7.999999797903001e-05
1.8268004226378147e-05,7.999999797903001e-05
1.827200422670911e-05,7.999999797903001e-05
1.827600422704007e-05,7.999999797903001e-05
1.828000422737103e-05,7.999999797903001e-05
1.8284004227701993e-05,7.999999797903001e-05
1.8288004228032954e-05,7.999999797903001e-05
1.8292004228363916e-05,7.999999797903001e-05
1.8296004228694877e-05,7.999999797903001e-05
1.830000422902584e-05,7.999999797903001e-05
1.83040042293568e-05,7.999999797903001e-05
1.8308004229687762e-05,7.999999797903001e-05
1.8312004230018723e-05,7.999999797903001e-05
1.8316004230349685e-05,7.999999797903001e-05
1.8320004230680646e-05,7.999999797903001e-05
1.8324004231011608e-05,7.999999797903001e-05
1.832800423134257e-05,7.999999797903001e-05
1.833200423167353e-05,7.999999797903001e-05
1.8336004232004492e-05,7.999999797903001e-05
1.8340004232335454e-05,7.999999797903001e-05
1.8344004232666415e-05,7.999999797903001e-05
1.8348004232997377e-05,7.999999797903001e-05
1.8352004233328338e-05,3.9999998989515007e-05
1.83560042336593e-05,7.999999797903001e-05
1.836000423399026e-05,3.9999998989515007e-05
1.8364004234321223e-05,7.999999797903001e-05
1.8368004234652184e-05,7.999999797903001e-05
1.8372004234983146e-05,7.999999797903001e-05
1.8376004235314107e-05,7.999999797903001e-05
1.838000423564507e-05,7.999999797903001e-05
1.838400423597603e-05,7.999999797903001e-05
1.838800423630699e-05,7.999999797903001e-05
1.8392004236637953e-05,3.9999998989515007e-05
1.8396004236968914e-05,7.999999797903001e-05
1.8400004237299876e-05,3.9999998989515007e-05
1.8404004237630837e-05,7.999999797903001e-05
1.84080042379618e-05,7.999999797903001e-05
1.841200423829276e-05,7.999999797903001e-05
1.8416004238623722e-05,7.999999797903001e-05
1.8420004238954683e-05,7.999999797903001e-05
1.8424004239285645e-05,7.999999797903001e-05
1.8428004239616606e-05,7.999999797903001e-05
1.8432004239947568e-05,7.999999797903001e-05
1.843600424027853e-05,7.999999797903001e-05
1.844000424060949e-05,7.999999797903001e-05
1.8444004240940452e-05,7.999999797903001e-05
1.8448004241271414e-05,7.999999797903001e-05
1.8452004241602375e-05,7.999999797903001e-05
1.8456004241933337e-05,7.999999797903001e-05
1.8460004242264298e-05,7.999999797903001e-05
1.846400424259526e-05,3.9999998989515007e-05
1.846800424292622e-05,7.999999797903001e-05
1.8472004243257183e-05,7.999999797903001e-05
1.8476004243588144e-05,7.999999797903001e-05
1.8480004243919106e-05,7.999999797903001e-05
1.8484004244250067e-05,7.999999797903001e-05
1.848800424458103e-05,7.999999797903001e-05
1.849200424491199e-05,7.999999797903001e-05
1.849600424524295e-05,7.999999797903001e-05
1.8500004245573913e-05,7.999999797903001e-05
1.8504004245904875e-05,7.999999797903001e-05
1.8508004246235836e-05,7.999999797903001e-05
1.8512004246566798e-05,3.9999998989515007e-05
1.851600424689776e-05,7.999999797903001e-05
1.852000424722872e-05,3.9999998989515007e-05
1.8524004247559682e-05,7.999999797903001e-05
1.8528004247890643e-05,3.9999998989515007e-05
1.8532004248221605e-05,7.999999797903001e-05
1.8536004248552566e-05,3.9999998989515007e-05
1.8540004248883528e-05,7.999999797903001e-05
1.854400424921449e-05,7.999999797903001e-05
1.854800424954545e-05,7.999999797903001e-05
1.8552004249876412e-05,7.999999797903001e-05
1.8556004250207374e-05,7.999999797903001e-05
1.8560004250538335e-05,7.999999797903001e-05
1.8564004250869297e-05,7.999999797903001e-05
1.8568004251200258e-05,7.999999797903001e-05
1.857200425153122e-05,7.999999797903001e-05
1.857600425186218e-05,7.999999797903001e-05
1.8580004252193143e-05,7.999999797903001e-05
1.8584004252524104e-05,7.999999797903001e-05
1.8588004252855066e-05,7.999999797903001e-05
1.8592004253186027e-05,7.999999797903001e-05
1.859600425351699e-05,7.999999797903001e-05
1.860000425384795e-05,3.9999998989515007e-05
1.860400425417891e-05,7.999999797903001e-05
1.8608004254509873e-05,7.999999797903001e-05
1.8612004254840835e-05,7.999999797903001e-05
1.8616004255171796e-05,7.999999797903001e-05
1.8620004255502758e-05,7.999999797903001e-05
1.862400425583372e-05,7.999999797903001e-05
1.862800425616468e-05,7.999999797903001e-05
1.8632004256495642e-05,7.999999797903001e-05
1.8636004256826604e-05,7.999999797903001e-05
1.8640004257157565e-05,7.999999797903001e-05
1.8644004257488526e-05,7.999999797903001e-05
1.8648004257819488e-05,3.9999998989515007e-05
1.865200425815045e-05,7.999999797903001e-05
1.865600425848141e-05,7.999999797903001e-05
1.8660004258812372e-05,7.999999797903001e-05
1.8664004259143334e-05,7.999999797903001e-05
1.8668004259474295e-05,7.999999797903001e-05
1.8672004259805257e-05,7.999999797903001e-05
1.867600426013622e-05,7.999999797903001e-05
1.868000426046718e-05,7.999999797903001e-05
1.868400426079814e-05,7.999999797903001e-05
1.8688004261129103e-05,7.999999797903001e-05
1.8692004261460064e-05,0.00011999999696854502
1.8696004261791026e-05,7.999999797903001e-05
1.8700004262121987e-05,0.00011999999696854502
1.870400426245295e-05,7.999999797903001e-05
1.870800426278391e-05,7.999999797903001e-05
1.8712004263114872e-05,7.999999797903001e-05
1.8716004263445833e-05,7.999999797903001e-05
1.8720004263776795e-05,3.9999998989515007e-05
1.8724004264107756e-05,3.9999998989515007e-05
1.8728004264438718e-05,3.9999998989515007e-05
1.873200426476968e-05,7.999999797903001e-05
1.873600426510064e-05,3.9999998989515007e-05
1.8740004265431602e-05,7.999999797903001e-05
1.8744004265762564e-05,7.999999797903001e-05
1.8748004266093525e-05,7.999999797903001e-05
1.8752004266424487e-05,7.999999797903001e-05
1.8756004266755448e-05,7.999999797903001e-05
1.876000426708641e-05,7.999999797903001e-05
1.876400426741737e-05,7.999999797903001e-05
1.8768004267748332e-05,7.999999797903001e-05
1.8772004268079294e-05,7.999999797903001e-05
1.8776004268410255e-05,7.999999797903001e-05
1.8780004268741217e-05,7.999999797903001e-05
1.878400426907218e-05,7.999999797903001e-05
1.878800426940314e-05,7.999999797903001e-05
1.87920042697341e-05,3.9999998989515007e-05
1.8796004270065063e-05,7.999999797903001e-05
1.8800004270396024e-05,3.9999998989515007e-05
1.8804004270726986e-05,7.999999797903001e-05
1.8808004271057947e-05,7.999999797903001e-05
1.881200427138891e-05,7.999999797903001e-05
1.881600427171987e-05,7.999999797903001e-05
1.8820004272050832e-05,7.999999797903001e-05
1.8824004272381793e-05,7.999999797903001e-05
1.8828004272712755e-05,0.00011999999696854502
1.8832004273043716e-05,7.999999797903001e-05
1.8836004273374678e-05,7.999999797903001e-05
1.884000427370564e-05,3.9999998989515007e-05
1.88440042740366e-05,3.9999998989515007e-05
1.8848004274367562e-05,3.9999998989515007e-05
1.8852004274698524e-05,7.999999797903001e-05
1.8856004275029485e-05,7.999999797903001e-05
1.8860004275360447e-05,7.999999797903001e-05
1.8864004275691408e-05,7.999999797903001e-05
1.886800427602237e-05,0.00011999999696854502
1.887200427635333e-05,7.999999797903001e-05
1.8876004276684293e-05,7.999999797903001e-05
1.8880004277015254e-05,7.999999797903001e-05
1.8884004277346216e-05,7.999999797903001e-05
1.8888004277677177e-05,3.9999998989515007e-05
1.889200427800814e-05,7.999999797903001e-05
1.88960042783391e-05,7.999999797903001e-05
1.890000427867006e-05,7.999999797903001e-05
1.8904004279001023e-05,7.999999797903001e-05
1.8908004279331984e-05,7.999999797903001e-05
1.8912004279662946e-05,7.999999797903001e-05
1.8916004279993907e-05,7.999999797903001e-05
1.892000428032487e-05,3.9999998989515007e-05
1.892400428065583e-05,7.999999797903001e-05
1.8928004280986792e-05,7.999999797903001e-05
1.8932004281317753e-05,7.999999797903001e-05
1.8936004281648715e-05,3.9999998989515007e-05
1.8940004281979676e-05,7.999999797903001e-05
1.8944004282310638e-05,7.999999797903001e-05
1.89480042826416e-05,0.00011999999696854502
1.895200428297256e-05,7.999999797903001e-05
1.8956004283303522e-05,7.999999797903001e-05
1.8960004283634484e-05,7.999999797903001e-05
1.8964004283965445e-05,7.999999797903001e-05
1.8968004284296407e-05,7.999999797903001e-05
1.8972004284627368e-05,7.999999797903001e-05
1.897600428495833e-05,7.999999797903001e-05
1.898000428528929e-05,7.999999797903001e-05
1.8984004285620253e-05,7.999999797903001e-05
1.8988004285951214e-05,7.999999797903001e-05
1.8992004286282176e-05,7.999999797903001e-05
1.8996004286613137e-05,7.999999797903001e-05
1.90000042869441e-05,7.999999797903001e-05
1.900400428727506e-05,7.999999797903001e-05
1.900800428760602e-05,3.9999998989515007e-05
1.9012004287936983e-05,7.999999797903001e-05
1.9016004288267944e-05,7.999999797903001e-05
1.9020004288598906e-05,7.999999797903001e-05
1.9024004288929867e-05,7.999999797903001e-05
1.902800428926083e-05,7.999999797903001e-05
1.903200428959179e-05,7.999999797903001e-05
1.9036004289922752e-05,7.999999797903001e-05
1.9040004290253713e-05,7.999999797903001e-05
1.9044004290584675e-05,7.999999797903001e-05
1.9048004290915636e-05,3.9999998989515007e-05
1.9052004291246598e-05,7.999999797903001e-05
1.905600429157756e-05,7.999999797903001e-05
1.906000429190852e-05,7.999999797903001e-05
1.9064004292239482e-05,7.999999797903001e-05
1.9068004292570444e-05,7.999999797903001e-05
1.9072004292901405e-05,7.999999797903001e-05
1.9076004293232367e-05,7.999999797903001e-05
1.9080004293563328e-05,7.999999797903001e-05
1.908400429389429e-05,7.999999797903001e-05
1.908800429422525e-05,7.999999797903001e-05
1.9092004294556213e-05,7.999999797903001e-05
1.9096004294887174e-05,7.999999797903001e-05
1.9100004295218136e-05,7.999999797903001e-05
1.9104004295549097e-05,7.999999797903001e-05
1.910800429588006e-05,7.999999797903001e-05
1.911200429621102e-05,3.9999998989515007e-05
1.911600429654198e-05,7.999999797903001e-05
1.9120004296872943e-05,7.999999797903001e-05
1.9124004297203905e-05,7.999999797903001e-05
1.9128004297534866e-05,7.999999797903001e-05
1.9132004297865828e-05,7.999999797903001e-05
1.913600429819679e-05,7.999999797903001e-05
1.914000429852775e-05,0.00011999999696854502
1.9144004298858712e-05,7.999999797903001e-05
1.9148004299189673e-05,7.999999797903001e-05
1.9152004299520635e-05,3.9999998989515007e-05
1.9156004299851596e-05,7.999999797903001e-05
1.9160004300182558e-05,7.999999797903001e-05
1.916400430051352e-05,7.999999797903001e-05
1.916800430084448e-05,3.9999998989515007e-05
1.9172004301175442e-05,7.999999797903001e-05
1.9176004301506404e-05,7.999999797903001e-05
1.9180004301837365e-05,7.999999797903001e-05
1.9184004302168327e-05,7.999999797903001e-05
1.9188004302499288e-05,7.999999797903001e-05
1.919200430283025e-05,7.999999797903001e-05
1.919600430316121e-05,7.999999797903001e-05
1.9200004303492173e-05,7.999999797903001e-05
1.9204004303823134e-05,7.999999797903001e-05
1.9208004304154096e-05,7.999999797903001e-05
1.9212004304485057e-05,7.999999797903001e-05
1.921600430481602e-05,7.999999797903001e-05
1.922000430514698e-05,7.999999797903001e-05
1.922400430547794e-05,7.999999797903001e-05
1.9228004305808903e-05,7.999999797903001e-05
1.9232004306139865e-05,7.999999797903001e-05
1.9236004306470826e-05,7.999999797903001e-05
1.9240004306801788e-05,7.999999797903001e-05
1.924400430713275e-05,7.999999797903001e-05
1.924800430746371e-05,3.9999998989515007e-05
1.9252004307794672e-05,7.999999797903001e-05
1.9256004308125634e-05,7.999999797903001e-05
1.9260004308456595e-05,7.999999797903001e-05
1.9264004308787556e-05,3.9999998989515007e-05
1.9268004309118518e-05,7.999999797903001e-05
1.927200430944948e-05,7.999999797903001e-05
1.927600430978044e-05,7.999999797903001e-05
1.9280004310111402e-05,3.9999998989515007e-05
1.9284004310442364e-05,7.999999797903001e-05
1.9288004310773325e-05,3.9999998989515007e-05
1.9292004311104287e-05,7.999999797903001e-05
1.929600431143525e-05,3.9999998989515007e-05
1.930000431176621e-05,7.999999797903001e-05
1.930400431209717e-05,7.999999797903001e-05
1.9308004312428133e-05,7.999999797903001e-05
1.9312004312759094e-05,7.999999797903001e-05
1.9316004313090056e-05,7.999999797903001e-05
1.9320004313421017e-05,7.999999797903001e-05
1.932400431375198e-05,7.999999797903001e-05
1.932800431408294e-05,3.9999998989515007e-05
1.9332004314413902e-05,3.9999998989515007e-05
1.9336004314744863e-05,3.9999998989515007e-05
1.9340004315075825e-05,7.999999797903001e-05
1.9344004315406786e-05,7.999999797903001e-05
1.9348004315737748e-05,7.999999797903001e-05
1.935200431606871e-05,7.999999797903001e-05
1.935600431639967e-05,7.999999797903001e-05
1.9360004316730632e-05,7.999999797903001e-05
1.9364004317061594e-05,7.999999797903001e-05
1.9368004317392555e-05,7.999999797903001e-05
1.9372004317723517e-05,7.999999797903001e-05
1.9376004318054478e-05,7.999999797903001e-05
1.938000431838544e-05,7.999999797903001e-05
1.93840043187164e-05,7.999999797903001e-05
1.9388004319047363e-05,7.999999797903001e-05
1.9392004319378324e-05,7.999999797903001e-05
1.9396004319709285e-05,7.999999797903001e-05
1.9400004320040247e-05,7.999999797903001e-05
1.940400432037121e-05,7.999999797903001e-05
1.940800432070217e-05,7.999999797903001e-05
1.941200432103313e-05,3.9999998989515007e-05
1.9416004321364093e-05,3.9999998989515007e-05
1.9420004321695054e-05,7.999999797903001e-05
1.9424004322026016e-05,7.999999797903001e-05
1.9428004322356977e-05,7.999999797903001e-05
1.943200432268794e-05,7.999999797903001e-05
1.94360043230189e-05,7.999999797903001e-05
1.9440004323349862e-05,7.999999797903001e-05
1.9444004323680823e-05,7.999999797903001e-05
1.9448004324011785e-05,3.9999998989515007e-05
1.9452004324342746e-05,7.999999797903001e-05
1.9456004324673708e-05,7.999999797903001e-05
1.946000432500467e-05,7.999999797903001e-05
1.946400432533563e-05,7.999999797903001e-05
1.9468004325666592e-05,7.999999797903001e-05
1.9472004325997554e-05,7.999999797903001e-05
1.9476004326328515e-05,7.999999797903001e-05
1.9480004326659477e-05,7.999999797903001e-05
1.9484004326990438e-05,7.999999797903001e-05
1.94880043273214e-05,3.9999998989515007e-05
1.949200432765236e-05,7.999999797903001e-05
1.9496004327983323e-05,7.999999797903001e-05
1.9500004328314284e-05,7.999999797903001e-05
1.9504004328645246e-05,7.999999797903001e-05
1.9508004328976207e-05,7.999999797903001e-05
1.951200432930717e-05,7.999999797903001e-05
1.951600432963813e-05,7.999999797903001e-05
1.952000432996909e-05,7.999999797903001e-05
1.9524004330300053e-05,7.999999797903001e-05
1.9528004330631014e-05,3.9999998989515007e-05
1.9532004330961976e-05,3.9999998989515007e-05
1.9536004331292937e-05,3.9999998989515007e-05
1.95400043316239e-05,7.999999797903001e-05
1.954400433195486e-05,3.9999998989515007e-05
1.9548004332285822e-05,7.999999797903001e-05
1.9552004332616783e-05,7.999999797903001e-05
1.9556004332947745e-05,7.999999797903001e-05
1.9560004333278706e-05,7.999999797903001e-05
1.9564004333609668e-05,7.999999797903001e-05
1.956800433394063e-05,7.999999797903001e-05
1.957200433427159e-05,7.999999797903001e-05
1.9576004334602552e-05,3.9999998989515007e-05
1.9580004334933514e-05,7.999999797903001e-05
1.9584004335264475e-05,7.999999797903001e-05
1.9588004335595437e-05,7.999999797903001e-05
1.9592004335926398e-05,7.999999797903001e-05
1.959600433625736e-05,7.999999797903001e-05
1.960000433658832e-05,7.999999797903001e-05
1.9604004336919283e-05,7.999999797903001e-05
1.9608004337250244e-05,3.9999998989515007e-05
1.9612004337581206e-05,7.999999797903001e-05
1.9616004337912167e-05,7.999999797903001e-05
1.962000433824313e-05,7.999999797903001e-05
1.962400433857409e-05,7.999999797903001e-05
1.962800433890505e-05,7.999999797903001e-05
1.9632004339236013e-05,7.999999797903001e-05
1.9636004339566975e-05,7.999999797903001e-05
1.9640004339897936e-05,7.999999797903001e-05
1.9644004340228897e-05,7.999999797903001e-05
1.964800434055986e-05,3.9999998989515007e-05
1.965200434089082e-05,7.999999797903001e-05
1.9656004341221782e-05,3.9999998989515007e-05
1.9660004341552743e-05,7.999999797903001e-05
1.9664004341883705e-05,7.999999797903001e-05
1.9668004342214666e-05,7.999999797903001e-05
1.9672004342545628e-05,7.999999797903001e-05
1.967600434287659e-05,7.999999797903001e-05
1.968000434320755e-05,7.999999797903001e-05
1.9684004343538512e-05,7.999999797903001e-05
1.9688004343869474e-05,7.999999797903001e-05
1.9692004344200435e-05,7.999999797903001e-05
1.9696004344531397e-05,3.9999998989515007e-05
1.9700004344862358e-05,7.999999797903001e-05
1.970400434519332e-05,3.9999998989515007e-05
1.970800434552428e-05,7.999999797903001e-05
1.9712004345855243e-05,7.999999797903001e-05
1.9716004346186204e-05,7.999999797903001e-05
1.9720004346517166e-05,7.999999797903001e-05
1.9724004346848127e-05,7.999999797903001e-05
1.972800434717909e-05,7.999999797903001e-05
1.973200434751005e-05,7.999999797903001e-05
1.973600434784101e-05,7.999999797903001e-05
1.9740004348171973e-05,7.999999797903001e-05
1.9744004348502935e-05,7.999999797903001e-05
1.9748004348833896e-05,7.999999797903001e-05
1.9752004349164858e-05,7.999999797903001e-05
1.975600434949582e-05,7.999999797903001e-05
1.976000434982678e-05,7.999999797903001e-05
1.9764004350157742e-05,7.999999797903001e-05
1.9768004350488703e-05,7.999999797903001e-05
1.9772004350819665e-05,7.999999797903001e-05
1.9776004351150626e-05,7.999999797903001e-05
1.9780004351481588e-05,7.999999797903001e-05
1.978400435181255e-05,7.999999797903001e-05
1.978800435214351e-05,7.999999797903001e-05
1.9792004352474472e-05,7.999999797903001e-05
1.9796004352805434e-05,7.999999797903001e-05
1.9800004353136395e-05,7.999999797903001e-05
1.9804004353467357e-05,7.999999797903001e-05
1.980800435379832e-05,7.999999797903001e-05
1.981200435412928e-05,7.999999797903001e-05
1.981600435446024e-05,3.9999998989515007e-05
1.9820004354791203e-05,7.999999797903001e-05
1.9824004355122164e-05,3.9999998989515007e-05
1.9828004355453126e-05,7.999999797903001e-05
1.9832004355784087e-05,7.999999797903001e-05
1.983600435611505e-05,7.999999797903001e-05
1.984000435644601e-05,7.999999797903001e-05
1.984400435677697e-05,7.999999797903001e-05
1.9848004357107933e-05,7.999999797903001e-05
1.9852004357438895e-05,7.999999797903001e-05
1.9856004357769856e-05,7.999999797903001e-05
1.9860004358100818e-05,7.999999797903001e-05
1.986400435843178e-05,7.999999797903001e-05
1.986800435876274e-05,7.999999797903001e-05
1.9872004359093702e-05,7.999999797903001e-05
1.9876004359424664e-05,7.999999797903001e-05
1.9880004359755625e-05,7.999999797903001e-05
1.9884004360086587e-05,7.999999797903001e-05
1.9888004360417548e-05,7.999999797903001e-05
1.989200436074851e-05,7.999999797903001e-05
1.989600436107947e-05,3.9999998989515007e-05
1.9900004361410432e-05,7.999999797903001e-05
1.9904004361741394e-05,7.999999797903001e-05
1.9908004362072355e-05,7.999999797903001e-05
1.9912004362403317e-05,7.999999797903001e-05
1.991600436273428e-05,7.999999797903001e-05
1.992000436306524e-05,7.999999797903001e-05
1.99240043633962e-05,7.999999797903001e-05
1.9928004363727163e-05,7.999999797903001e-05
1.9932004364058124e-05,7.999999797903001e-05
1.9936004364389086e-05,7.999999797903001e-05
1.9940004364720047e-05,7.999999797903001e-05
1.994400436505101e-05,7.999999797903001e-05
1.994800436538197e-05,7.999999797903001e-05
1.9952004365712932e-05,3.9999998989515007e-05
1.9956004366043893e-05,7.999999797903001e-05
1.9960004366374855e-05,7.999999797903001e-05
1.9964004366705816e-05,7.999999797903001e-05
1.9968004367036778e-05,7.999999797903001e-05
1.997200436736774e-05,7.999999797903001e-05
1.99760043676987e-05,7.999999797903001e-05
1.9980004368029662e-05,7.999999797903001e-05
1.9984004368360624e-05,7.999999797903001e-05
1.9988004368691585e-05,7.999999797903001e-05
1.9992004369022547e-05,7.999999797903001e-05
1.9996004369353508e-05,7.999999797903001e-05
2.000000436968447e-05,7.999999797903001e-05
2.000400437001543e-05,7.999999797903001e-05
2.0008004370346393e-05,7.999999797903001e-05
2.0012004370677354e-05,7.999999797903001e-05
2.0016004371008315e-05,7.999999797903001e-05
2.0020004371339277e-05,7.999999797903001e-05
2.002400437167024e-05,7.999999797903001e-05
2.00280043720012e-05,7.999999797903001e-05
2.003200437233216e-05,7.999999797903001e-05
2.0036004372663123e-05,7.999999797903001e-05
2.0040004372994084e-05,7.999999797903001e-05
2.0044004373325046e-05,7.999999797903001e-05
2.0048004373656007e-05,7.999999797903001e-05
2.005200437398697e-05,7.999999797903001e-05
2.005600437431793e-05,7.999999797903001e-05
2.0060004374648892e-05,7.999999797903001e-05
2.0064004374979853e-05,3.9999998989515007e-05
2.0068004375310815e-05,7.999999797903001e-05
2.0072004375641776e-05,7.999999797903001e-05
2.0076004375972738e-05,7.999999797903001e-05
2.00800043763037e-05,7.999999797903001e-05
2.008400437663466e-05,7.999999797903001e-05
2.0088004376965622e-05,7.999999797903001e-05
2.0092004377296584e-05,7.999999797903001e-05
2.0096004377627545e-05,7.999999797903001e-05
2.0100004377958507e-05,7.999999797903001e-05
2.0104004378289468e-05,7.999999797903001e-05
2.010800437862043e-05,7.999999797903001e-05
2.011200437895139e-05,7.999999797903001e-05
2.0116004379282353e-05,7.999999797903001e-05
2.0120004379613314e-05,7.999999797903001e-05
2.0124004379944276e-05,7.999999797903001e-05
2.0128004380275237e-05,7.999999797903001e-05
2.01320043806062e-05,7.999999797903001e-05
2.013600438093716e-05,7.999999797903001e-05
2.014000438126812e-05,7.999999797903001e-05
2.0144004381599083e-05,7.999999797903001e-05
2.0148004381930044e-05,7.999999797903001e-05
2.0152004382261006e-05,7.999999797903001e-05
2.0156004382591967e-05,7.999999797903001e-05
2.016000438292293e-05,7.999999797903001e-05
2.016400438325389e-05,7.999999797903001e-05
2.0168004383584852e-05,7.999999797903001e-05
2.0172004383915813e-05,7.999999797903001e-05
2.0176004384246775e-05,7.999999797903001e-05
2.0180004384577736e-05,7.999999797903001e-05
2.0184004384908698e-05,7.999999797903001e-05
2.018800438523966e-05,7.999999797903001e-05
2.019200438557062e-05,7.999999797903001e-05
2.0196004385901582e-05,7.999999797903001e-05
2.0200004386232544e-05,7.999999797903001e-05
2.0204004386563505e-05,7.999999797903001e-05
2.0208004386894467e-05,7.999999797903001e-05
2.0212004387225428e-05,7.999999797903001e-05
2.021600438755639e-05,7.999999797903001e-05
2.022000438788735e-05,7.999999797903001e-05
2.0224004388218313e-05,7.999999797903001e-05
2.0228004388549274e-05,7.999999797903001e-05
2.0232004388880236e-05,7.999999797903001e-05
2.0236004389211197e-05,7.999999797903001e-05
2.024000438954216e-05,7.999999797903001e-05
2.024400438987312e-05,7.999999797903001e-05
2.024800439020408e-05,7.999999797903001e-05
2.0252004390535043e-05,7.999999797903001e-05
2.0256004390866005e-05,7.999999797903001e-05
2.0260004391196966e-05,7.999999797903001e-05
2.0264004391527927e-05,7.999999797903001e-05
2.026800439185889e-05,7.999999797903001e-05
2.027200439218985e-05,3.9999998989515007e-05
2.0276004392520812e-05,7.999999797903001e-05
2.0280004392851773e-05,7.999999797903001e-05
2.0284004393182735e-05,7.999999797903001e-05
2.0288004393513696e-05,7.999999797903001e-05
2.0292004393844658e-05,7.999999797903001e-05
2.029600439417562e-05,7.999999797903001e-05
2.030000439450658e-05,7.999999797903001e-05
2.0304004394837542e-05,7.999999797903001e-05
2.0308004395168504e-05,7.999999797903001e-05
2.0312004395499465e-05,7.999999797903001e-05
2.0316004395830427e-05,7.999999797903001e-05
2.0320004396161388e-05,7.999999797903001e-05
2.032400439649235e-05,7.999999797903001e-05
2.032800439682331e-05,7.999999797903001e-05
2.0332004397154273e-05,7.999999797903001e-05
2.0336004397485234e-05,7.999999797903001e-05
2.0340004397816196e-05,7.999999797903001e-05
2.0344004398147157e-05,7.999999797903001e-05
2.034800439847812e-05,7.999999797903001e-05
2.035200439880908e-05,3.9999998989515007e-05
2.035600439914004e-05,7.999999797903001e-05
2.0360004399471003e-05,7.999999797903001e-05
2.0364004399801965e-05,7.999999797903001e-05
2.0368004400132926e-05,7.999999797903001e-05
2.0372004400463888e-05,7.999999797903001e-05
2.037600440079485e-05,7.999999797903001e-05
2.038000440112581e-05,7.999999797903001e-05
2.0384004401456772e-05,3.9999998989515007e-05
2.0388004401787733e-05,7.999999797903001e-05
2.0392004402118695e-05,7.999999797903001e-05
2.0396004402449656e-05,7.999999797903001e-05
2.0400004402780618e-05,7.999999797903001e-05
2.040400440311158e-05,7.999999797903001e-05
2.040800440344254e-05,3.9999998989515007e-05
2.0412004403773502e-05,7.999999797903001e-05
2.0416004404104464e-05,3.9999998989515007e-05
2.0420004404435425e-05,7.999999797903001e-05
2.0424004404766387e-05,7.999999797903001e-05
2.042800440509735e-05,7.999999797903001e-05
2.043200440542831e-05,3.9999998989515007e-05
2.043600440575927e-05,7.999999797903001e-05
2.0440004406090233e-05,7.999999797903001e-05
2.0444004406421194e-05,7.999999797903001e-05
2.0448004406752156e-05,0.00011999999696854502
2.0452004407083117e-05,7.999999797903001e-05
2.045600440741408e-05,7.999999797903001e-05
2.046000440774504e-05,7.999999797903001e-05
2.0464004408076002e-05,3.9999998989515007e-05
2.0468004408406963e-05,3.9999998989515007e-05
2.0472004408737925e-05,3.9999998989515007e-05
2.0476004409068886e-05,7.999999797903001e-05
2.0480004409399848e-05,7.999999797903001e-05
2.048400440973081e-05,7.999999797903001e-05
2.048800441006177e-05,7.999999797903001e-05
2.0492004410392732e-05,7.999999797903001e-05
2.0496004410723694e-05,7.999999797903001e-05
2.0500004411054655e-05,7.999999797903001e-05
2.0504004411385617e-05,7.999999797903001e-05
2.0508004411716578e-05,7.999999797903001e-05
2.051200441204754e-05,3.9999998989515007e-05
2.05160044123785e-05,7.999999797903001e-05
2.0520004412709462e-05,7.999999797903001e-05
2.0524004413040424e-05,7.999999797903001e-05
2.0528004413371385e-05,7.999999797903001e-05
2.0532004413702347e-05,7.999999797903001e-05
2.053600441403331e-05,7.999999797903001e-05
2.054000441436427e-05,7.999999797903001e-05
2.054400441469523e-05,7.999999797903001e-05
2.0548004415026193e-05,7.999999797903001e-05
2.0552004415357154e-05,3.9999998989515007e-05
2.0556004415688116e-05,7.999999797903001e-05
2.0560004416019077e-05,7.999999797903001e-05
2.056400441635004e-05,7.999999797903001e-05
2.0568004416681e-05,7.999999797903001e-05
2.0572004417011962e-05,7.999999797903001e-05
2.0576004417342923e-05,0.00011999999696854502
2.0580004417673885e-05,7.999999797903001e-05
2.0584004418004846e-05,3.9999998989515007e-05
2.0588004418335808e-05,7.999999797903001e-05
2.059200441866677e-05,3.9999998989515007e-05
2.059600441899773e-05,3.9999998989515007e-05
2.0600004419328692e-05,3.9999998989515007e-05
2.0604004419659654e-05,7.999999797903001e-05
2.0608004419990615e-05,7.999999797903001e-05
2.0612004420321577e-05,7.999999797903001e-05
2.0616004420652538e-05,7.999999797903001e-05
2.06200044209835e-05,7.999999797903001e-05
2.062400442131446e-05,7.999999797903001e-05
2.0628004421645423e-05,7.999999797903001e-05
2.0632004421976384e-05,7.999999797903001e-05
2.0636004422307346e-05,7.999999797903001e-05
2.0640004422638307e-05,7.999999797903001e-05
2.064400442296927e-05,7.999999797903001e-05
2.064800442330023e-05,7.999999797903001e-05
2.065200442363119e-05,7.999999797903001e-05
2.0656004423962153e-05,3.9999998989515007e-05
2.0660004424293114e-05,7.999999797903001e-05
2.0664004424624076e-05,3.9999998989515007e-05
2.0668004424955037e-05,7.999999797903001e-05
2.0672004425286e-05,7.999999797903001e-05
2.067600442561696e-05,7.999999797903001e-05
2.0680004425947922e-05,7.999999797903001e-05
2.0684004426278883e-05,7.999999797903001e-05
2.0688004426609845e-05,7.999999797903001e-05
2.0692004426940806e-05,7.999999797903001e-05
2.0696004427271768e-05,7.999999797903001e-05
2.070000442760273e-05,7.999999797903001e-05
2.070400442793369e-05,3.9999998989515007e-05
2.0708004428264652e-05,3.9999998989515007e-05
2.0712004428595614e-05,3.9999998989515007e-05
2.0716004428926575e-05,7.999999797903001e-05
2.0720004429257537e-05,7.999999797903001e-05
2.0724004429588498e-05,7.999999797903001e-05
2.072800442991946e-05,7.999999797903001e-05
2.073200443025042e-05,7.999999797903001e-05
2.0736004430581383e-05,7.999999797903001e-05
2.0740004430912344e-05,0.00011999999696854502
2.0744004431243306e-05,7.999999797903001e-05
2.0748004431574267e-05,7.999999797903001e-05
2.075200443190523e-05,7.999999797903001e-05
2.075600443223619e-05,7.999999797903001e-05
2.076000443256715e-05,7.999999797903001e-05
2.0764004432898113e-05,7.999999797903001e-05
2.0768004433229074e-05,3.9999998989515007e-05
2.0772004433560036e-05,3.9999998989515007e-05
2.0776004433890997e-05,3.9999998989515007e-05
2.078000443422196e-05,7.999999797903001e-05
2.078400443455292e-05,3.9999998989515007e-05
2.0788004434883882e-05,3.9999998989515007e-05
2.0792004435214843e-05,3.9999998989515007e-05
2.0796004435545805e-05,7.999999797903001e-05
2.0800004435876766e-05,7.999999797903001e-05
2.0804004436207728e-05,0.00011999999696854502
2.080800443653869e-05,0.00011999999696854502
2.081200443686965e-05,0.00011999999696854502
2.0816004437200612e-05,0.00011999999696854502
2.0820004437531574e-05,7.999999797903001e-05
2.0824004437862535e-05,7.999999797903001e-05
2.0828004438193497e-05,7.999999797903001e-05
2.0832004438524458e-05,3.9999998989515007e-05
2.083600443885542e-05,7.999999797903001e-05
2.084000443918638e-05,3.9999998989515007e-05
2.0844004439517343e-05,3.9999998989515007e-05
2.0848004439848304e-05,3.9999998989515007e-05
2.0852004440179266e-05,7.999999797903001e-05
2.0856004440510227e-05,7.999999797903001e-05
2.086000444084119e-05,7.999999797903001e-05
2.086400444117215e-05,7.999999797903001e-05
2.086800444150311e-05,0.00011999999696854502
2.0872004441834073e-05,7.999999797903001e-05
2.0876004442165035e-05,7.999999797903001e-05
2.0880004442495996e-05,7.999999797903001e-05
2.0884004442826958e-05,7.999999797903001e-05
2.088800444315792e-05,7.999999797903001e-05
2.089200444348888e-05,7.999999797903001e-05
2.0896004443819842e-05,3.9999998989515007e-05
2.0900004444150803e-05,3.9999998989515007e-05
2.0904004444481765e-05,3.9999998989515007e-05
2.0908004444812726e-05,3.9999998989515007e-05
2.0912004445143688e-05,3.9999998989515007e-05
2.091600444547465e-05,7.999999797903001e-05
2.092000444580561e-05,7.999999797903001e-05
2.0924004446136572e-05,7.999999797903001e-05
2.0928004446467534e-05,0.00011999999696854502
2.0932004446798495e-05,7.999999797903001e-05
2.0936004447129457e-05,0.00011999999696854502
2.0940004447460418e-05,0.00011999999696854502
2.094400444779138e-05,7.999999797903001e-05
2.094800444812234e-05,0.00011999999696854502
2.0952004448453303e-05,3.9999998989515007e-05
2.0956004448784264e-05,7.999999797903001e-05
2.0960004449115226e-05,3.9999998989515007e-05
2.0964004449446187e-05,0.0
2.096800444977715e-05,7.999999797903001e-05
2.097200445010811e-05,3.9999998989515007e-05
2.097600445043907e-05,7.999999797903001e-05
2.0980004450770033e-05,7.999999797903001e-05
2.0984004451100995e-05,7.999999797903001e-05
2.0988004451431956e-05,0.00011999999696854502
2.0992004451762918e-05,3.9999998989515007e-05
2.099600445209388e-05,0.00011999999696854502
2.100000445242484e-05,7.999999797903001e-05
2.1004004452755802e-05,7.999999797903001e-05
2.1008004453086764e-05,0.00011999999696854502
2.1012004453417725e-05,3.9999998989515007e-05
2.1016004453748686e-05,7.999999797903001e-05
2.1020004454079648e-05,7.999999797903001e-05
2.102400445441061e-05,3.9999998989515007e-05
2.102800445474157e-05,0.00011999999696854502
2.1032004455072532e-05,3.9999998989515007e-05
2.1036004455403494e-05,7.999999797903001e-05
2.1040004455734455e-05,7.999999797903001e-05
2.1044004456065417e-05,7.999999797903001e-05
2.104800445639638e-05,7.999999797903001e-05
2.105200445672734e-05,3.9999998989515007e-05
2.10560044570583e-05,7.999999797903001e-05
2.1060004457389263e-05,7.999999797903001e-05
2.1064004457720224e-05,3.9999998989515007e-05
2.1068004458051186e-05,0.00011999999696854502
2.1072004458382147e-05,3.9999998989515007e-05
2.107600445871311e-05,0.00011999999696854502
2.108000445904407e-05,7.999999797903001e-05
2.1084004459375032e-05,7.999999797903001e-05
2.1088004459705993e-05,0.00011999999696854502
2.1092004460036955e-05,3.9999998989515007e-05
2.1096004460367916e-05,7.999999797903001e-05
2.1100004460698878e-05,7.999999797903001e-05
2.110400446102984e-05,3.9999998989515007e-05
2.11080044613608e-05,0.00011999999696854502
2.1112004461691762e-05,3.9999998989515007e-05
2.1116004462022724e-05,0.00011999999696854502
2.1120004462353685e-05,7.999999797903001e-05
2.1124004462684647e-05,7.999999797903001e-05
2.1128004463015608e-05,0.00011999999696854502
2.113200446334657e-05,3.9999998989515007e-05
2.113600446367753e-05,0.00011999999696854502
2.1140004464008492e-05,7.999999797903001e-05
2.1144004464339454e-05,3.9999998989515007e-05
2.1148004464670415e-05,0.00011999999696854502
2.1152004465001377e-05,3.9999998989515007e-05
2.115600446533234e-05,0.00011999999696854502
2.11600044656633e-05,7.999999797903001e-05
2.116400446599426e-05,7.999999797903001e-05
2.1168004466325223e-05,0.00015999999595806003
2.1172004466656184e-05,0.00011999999696854502
2.1176004466987146e-05,0.00023999999393709004
2.1180004467318107e-05,0.00035999999090563506
2.118400446764907e-05,0.00043999998888466507
2.118800446798003e-05,0.0007199999818112701
2.1192004468310992e-05,0.0007999999797903001
2.1196004468641953e-05,0.0010399999737273902
2.1200004468972915e-05,0.0010799999727169052
2.1204004469303876e-05,0.0011199999717064202
2.1208004469634838e-05,0.0011999999696854502
2.12120044699658e-05,0.0011999999696854502
2.121600447029676e-05,0.0011999999696854502
2.1220004470627722e-05,0.0012399999686749652
2.1224004470958684e-05,0.0011999999696854502
2.1228004471289645e-05,0.0012799999676644802
2.1232004471620607e-05,0.0011999999696854502
2.1236004471951568e-05,0.0012799999676644802
2.124000447228253e-05,0.0011999999696854502
2.124400447261349e-05,0.0012399999686749652
2.1248004472944453e-05,0.0012399999686749652
2.1252004473275414e-05,0.0012399999686749652
2.1256004473606376e-05,0.0012799999676644802
2.1260004473937337e-05,0.0013199999666539952
2.12640044742683e-05,0.0012399999686749652
2.126800447459926e-05,0.0013599999656435102
2.127200447493022e-05,0.0011999999696854502
2.1276004475261183e-05,0.0013199999666539952
2.1280004475592144e-05,0.0012399999686749652
2.1284004475923106e-05,0.0012399999686749652
2.1288004476254067e-05,0.0012799999676644802
2.129200447658503e-05,0.0012399999686749652
2.129600447691599e-05,0.0012399999686749652
2.1300004477246952e-05,0.0012799999676644802
2.1304004477577913e-05,0.0011999999696854502
2.1308004477908875e-05,0.0013199999666539952
2.1312004478239836e-05,0.0011999999696854502
2.1316004478570798e-05,0.0013199999666539952
2.132000447890176e-05,0.0012399999686749652
2.132400447923272e-05,0.0012399999686749652
2.1328004479563682e-05,0.0012799999676644802
2.1332004479894644e-05,0.0012399999686749652
2.1336004480225605e-05,0.0012799999676644802
2.1340004480556567e-05,0.0013199999666539952
2.1344004480887528e-05,0.0012399999686749652
2.134800448121849e-05,0.0013199999666539952
2.135200448154945e-05,0.0011999999696854502
2.1356004481880413e-05,0.0012799999676644802
2.1360004482211374e-05,0.0011999999696854502
2.1364004482542336e-05,0.0012399999686749652
2.1368004482873297e-05,0.0012399999686749652
2.137200448320426e-05,0.0011999999696854502
2.137600448353522e-05,0.0012399999686749652
2.138000448386618e-05,0.0012799999676644802
2.1384004484197143e-05,0.0012399999686749652
2.1388004484528104e-05,0.0013599999656435102
2.1392004484859066e-05,0.0011999999696854502
2.1396004485190027e-05,0.0013199999666539952
2.140000448552099e-05,0.0012399999686749652
2.140400448585195e-05,0.0012799999676644802
2.1408004486182912e-05,0.0012799999676644802
2.1412004486513873e-05,0.0012399999686749652
2.1416004486844835e-05,0.0012399999686749652
2.1420004487175796e-05,0.0012799999676644802
2.1424004487506758e-05,0.0011999999696854502
2.142800448783772e-05,0.0013199999666539952
2.143200448816868e-05,0.0012399999686749652
2.1436004488499642e-05,0.0012799999676644802
2.1440004488830604e-05,0.0012399999686749652
2.1444004489161565e-05,0.0012799999676644802
2.1448004489492527e-05,0.0012399999686749652
2.1452004489823488e-05,0.0013199999666539952
2.145600449015445e-05,0.0012399999686749652
2.146000449048541e-05,0.0013199999666539952
2.1464004490816373e-05,0.0012399999686749652
2.1468004491147334e-05,0.0012799999676644802
2.1472004491478296e-05,0.0011999999696854502
2.1476004491809257e-05,0.0012799999676644802
2.148000449214022e-05,0.0012399999686749652
2.148400449247118e-05,0.0012799999676644802
2.148800449280214e-05,0.0011999999696854502
2.1492004493133103e-05,0.0012799999676644802
2.1496004493464065e-05,0.0011999999696854502
2.1500004493795026e-05,0.0012799999676644802
2.1504004494125988e-05,0.0012399999686749652
2.150800449445695e-05,0.0013199999666539952
2.151200449478791e-05,0.0012399999686749652
2.1516004495118872e-05,0.0013199999666539952
2.1520004495449833e-05,0.0011999999696854502
2.1524004495780795e-05,0.0012799999676644802
2.1528004496111756e-05,0.0012399999686749652
2.1532004496442718e-05,0.0012799999676644802
2.153600449677368e-05,0.0012399999686749652
2.154000449710464e-05,0.0013199999666539952
2.1544004497435602e-05,0.0012399999686749652
2.1548004497766564e-05,0.0013199999666539952
2.1552004498097525e-05,0.0011999999696854502
2.1556004498428487e-05,0.0013199999666539952
2.156000449875945e-05,0.0011999999696854502
2.156400449909041e-05,0.0012799999676644802
2.156800449942137e-05,0.0012399999686749652
2.1572004499752333e-05,0.0013199999666539952
2.1576004500083294e-05,0.0012399999686749652
2.1580004500414256e-05,0.0013199999666539952
2.1584004500745217e-05,0.0012399999686749652
2.158800450107618e-05,0.0013199999666539952
2.159200450140714e-05,0.0012399999686749652
2.15960045017381e-05,0.0012799999676644802
2.1600004502069063e-05,0.0011999999696854502
2.1604004502400025e-05,0.0012799999676644802
2.1608004502730986e-05,0.0011999999696854502
2.1612004503061948e-05,0.0012799999676644802
2.161600450339291e-05,0.0011999999696854502
2.162000450372387e-05,0.0012799999676644802
2.1624004504054832e-05,0.0012399999686749652
2.1628004504385794e-05,0.0013199999666539952
2.1632004504716755e-05,0.0012399999686749652
2.1636004505047717e-05,0.0013199999666539952
2.1640004505378678e-05,0.0011999999696854502
2.164400450570964e-05,0.0012799999676644802
2.16480045060406e-05,0.0011999999696854502
2.1652004506371562e-05,0.0012799999676644802
2.1656004506702524e-05,0.0011999999696854502
2.1660004507033485e-05,0.0012799999676644802
2.1664004507364447e-05,0.0012399999686749652
2.166800450769541e-05,0.0012799999676644802
2.167200450802637e-05,0.0011199999717064202
2.167600450835733e-05,0.0010399999737273902
2.1680004508688293e-05,0.0008799999777693301
2.1684004509019254e-05,0.0007199999818112701
2.1688004509350216e-05,0.0005599999858532101
2.1692004509681177e-05,0.00043999998888466507
2.169600451001214e-05,0.00031999999191612005
2.17000045103431e-05,0.00027999999292660505
2.1704004510674062e-05,0.00019999999494757503
2.1708004511005023e-05,0.00019999999494757503
2.1712004511335985e-05,0.00015999999595806003
2.1716004511666946e-05,0.00011999999696854502
2.1720004511997908e-05,0.00011999999696854502
2.172400451232887e-05,7.999999797903001e-05
2.172800451265983e-05,7.999999797903001e-05
2.1732004512990792e-05,7.999999797903001e-05
2.1736004513321754e-05,7.999999797903001e-05
2.1740004513652715e-05,7.999999797903001e-05
2.1744004513983677e-05,7.999999797903001e-05
2.1748004514314638e-05,7.999999797903001e-05
2.17520045146456e-05,7.999999797903001e-05
2.175600451497656e-05,7.999999797903001e-05
2.1760004515307523e-05,7.999999797903001e-05
2.1764004515638484e-05,7.999999797903001e-05
2.1768004515969445e-05,7.999999797903001e-05
2.1772004516300407e-05,7.999999797903001e-05
2.177600451663137e-05,7.999999797903001e-05
2.178000451696233e-05,7.999999797903001e-05
2.178400451729329e-05,7.999999797903001e-05
2.1788004517624253e-05,7.999999797903001e-05
2.1792004517955214e-05,7.999999797903001e-05
2.1796004518286176e-05,7.999999797903001e-05
2.1800004518617137e-05,7.999999797903001e-05
2.18040045189481e-05,7.999999797903001e-05
2.180800451927906e-05,3.9999998989515007e-05
2.1812004519610022e-05,7.999999797903001e-05
2.1816004519940983e-05,7.999999797903001e-05
2.1820004520271945e-05,7.999999797903001e-05
2.1824004520602906e-05,7.999999797903001e-05
2.1828004520933868e-05,7.999999797903001e-05
2.183200452126483e-05,7.999999797903001e-05
2.183600452159579e-05,7.999999797903001e-05
2.1840004521926752e-05,7.999999797903001e-05
2.1844004522257714e-05,7.999999797903001e-05
2.1848004522588675e-05,7.999999797903001e-05
2.1852004522919637e-05,7.999999797903001e-05
2.1856004523250598e-05,7.999999797903001e-05
2.186000452358156e-05,7.999999797903001e-05
2.186400452391252e-05,7.999999797903001e-05
2.1868004524243483e-05,7.999999797903001e-05
2.1872004524574444e-05,7.999999797903001e-05
2.1876004524905406e-05,7.999999797903001e-05
2.1880004525236367e-05,7.999999797903001e-05
2.188400452556733e-05,7.999999797903001e-05
2.188800452589829e-05,7.999999797903001e-05
2.189200452622925e-05,7.999999797903001e-05
2.1896004526560213e-05,7.999999797903001e-05
2.1900004526891174e-05,7.999999797903001e-05
2.1904004527222136e-05,7.999999797903001e-05
2.1908004527553097e-05,7.999999797903001e-05
2.191200452788406e-05,7.999999797903001e-05
2.191600452821502e-05,7.999999797903001e-05
2.1920004528545982e-05,7.999999797903001e-05
2.1924004528876943e-05,7.999999797903001e-05
2.1928004529207905e-05,7.999999797903001e-05
2.1932004529538866e-05,7.999999797903001e-05
2.1936004529869828e-05,7.999999797903001e-05
2.194000453020079e-05,7.999999797903001e-05
2.194400453053175e-05,7.999999797903001e-05
2.1948004530862712e-05,7.999999797903001e-05
2.1952004531193674e-05,7.999999797903001e-05
2.1956004531524635e-05,7.999999797903001e-05
2.1960004531855597e-05,7.999999797903001e-05
2.1964004532186558e-05,7.999999797903001e-05
2.196800453251752e-05,7.999999797903001e-05
2.197200453284848e-05,7.999999797903001e-05
2.1976004533179443e-05,7.999999797903001e-05
2.1980004533510404e-05,7.999999797903001e-05
2.1984004533841366e-05,7.999999797903001e-05
2.1988004534172327e-05,7.999999797903001e-05
2.199200453450329e-05,7.999999797903001e-05
2.199600453483425e-05,7.999999797903001e-05
2.200000453516521e-05,7.999999797903001e-05
2.2004004535496173e-05,7.999999797903001e-05
2.2008004535827135e-05,3.9999998989515007e-05
2.2012004536158096e-05,7.999999797903001e-05
2.2016004536489057e-05,3.9999998989515007e-05
2.202000453682002e-05,7.999999797903001e-05
2.202400453715098e-05,7.999999797903001e-05
2.2028004537481942e-05,7.999999797903001e-05
2.2032004537812903e-05,7.999999797903001e-05
2.2036004538143865e-05,7.999999797903001e-05
2.2040004538474826e-05,7.999999797903001e-05
2.2044004538805788e-05,7.999999797903001e-05
2.204800453913675e-05,7.999999797903001e-05
2.205200453946771e-05,7.999999797903001e-05
2.2056004539798672e-05,7.999999797903001e-05
2.2060004540129634e-05,7.999999797903001e-05
2.2064004540460595e-05,3.9999998989515007e-05
2.2068004540791557e-05,7.999999797903001e-05
2.2072004541122518e-05,7.999999797903001e-05
2.207600454145348e-05,7.999999797903001e-05
2.208000454178444e-05,7.999999797903001e-05
2.2084004542115403e-05,7.999999797903001e-05
2.2088004542446364e-05,7.999999797903001e-05
2.2092004542777326e-05,7.999999797903001e-05
2.2096004543108287e-05,7.999999797903001e-05
2.210000454343925e-05,7.999999797903001e-05
2.210400454377021e-05,7.999999797903001e-05
2.210800454410117e-05,0.00011999999696854502
2.2112004544432133e-05,7.999999797903001e-05
2.2116004544763095e-05,7.999999797903001e-05
2.2120004545094056e-05,7.999999797903001e-05
2.2124004545425018e-05,7.999999797903001e-05
2.212800454575598e-05,3.9999998989515007e-05
2.213200454608694e-05,7.999999797903001e-05
2.2136004546417902e-05,7.999999797903001e-05
2.2140004546748863e-05,7.999999797903001e-05
2.2144004547079825e-05,7.999999797903001e-05
2.2148004547410786e-05,7.999999797903001e-05
2.2152004547741748e-05,7.999999797903001e-05
2.215600454807271e-05,7.999999797903001e-05
2.216000454840367e-05,7.999999797903001e-05
2.2164004548734632e-05,0.00011999999696854502
2.2168004549065594e-05,7.999999797903001e-05
2.2172004549396555e-05,7.999999797903001e-05
2.2176004549727517e-05,7.999999797903001e-05
2.218000455005848e-05,7.999999797903001e-05
2.218400455038944e-05,7.999999797903001e-05
2.21880045507204e-05,7.999999797903001e-05
2.2192004551051363e-05,7.999999797903001e-05
2.2196004551382324e-05,7.999999797903001e-05
2.2200004551713286e-05,3.9999998989515007e-05
2.2204004552044247e-05,7.999999797903001e-05
2.220800455237521e-05,7.999999797903001e-05
2.221200455270617e-05,7.999999797903001e-05
2.221600455303713e-05,7.999999797903001e-05
2.2220004553368093e-05,7.999999797903001e-05
2.2224004553699055e-05,7.999999797903001e-05
2.2228004554030016e-05,7.999999797903001e-05
2.2232004554360978e-05,7.999999797903001e-05
2.223600455469194e-05,7.999999797903001e-05
2.22400045550229e-05,7.999999797903001e-05
2.2244004555353862e-05,7.999999797903001e-05
2.2248004555684824e-05,7.999999797903001e-05
2.2252004556015785e-05,7.999999797903001e-05
2.2256004556346747e-05,7.999999797903001e-05
2.2260004556677708e-05,7.999999797903001e-05
2.226400455700867e-05,3.9999998989515007e-05
2.226800455733963e-05,7.999999797903001e-05
2.2272004557670592e-05,7.999999797903001e-05
2.2276004558001554e-05,7.999999797903001e-05
2.2280004558332515e-05,7.999999797903001e-05
2.2284004558663477e-05,7.999999797903001e-05
2.228800455899444e-05,7.999999797903001e-05
2.22920045593254e-05,7.999999797903001e-05
2.229600455965636e-05,7.999999797903001e-05
2.2300004559987323e-05,7.999999797903001e-05
2.2304004560318284e-05,7.999999797903001e-05
2.2308004560649246e-05,7.999999797903001e-05
2.2312004560980207e-05,7.999999797903001e-05
2.231600456131117e-05,7.999999797903001e-05
2.232000456164213e-05,7.999999797903001e-05
2.2324004561973092e-05,7.999999797903001e-05
2.2328004562304053e-05,7.999999797903001e-05
2.2332004562635015e-05,7.999999797903001e-05
2.2336004562965976e-05,7.999999797903001e-05
2.2340004563296938e-05,7.999999797903001e-05
2.23440045636279e-05,3.9999998989515007e-05
2.234800456395886e-05,7.999999797903001e-05
2.2352004564289822e-05,7.999999797903001e-05
2.2356004564620784e-05,7.999999797903001e-05
2.2360004564951745e-05,7.999999797903001e-05
2.2364004565282707e-05,0.00011999999696854502
2.2368004565613668e-05,7.999999797903001e-05
2.237200456594463e-05,7.999999797903001e-05
2.237600456627559e-05,7.999999797903001e-05
2.2380004566606553e-05,7.999999797903001e-05
2.2384004566937514e-05,7.999999797903001e-05
2.2388004567268475e-05,7.999999797903001e-05
2.2392004567599437e-05,7.999999797903001e-05
2.23960045679304e-05,7.999999797903001e-05
2.240000456826136e-05,7.999999797903001e-05
2.240400456859232e-05,7.999999797903001e-05
2.2408004568923283e-05,7.999999797903001e-05
2.2412004569254244e-05,3.9999998989515007e-05
2.2416004569585206e-05,7.999999797903001e-05
2.2420004569916167e-05,7.999999797903001e-05
2.242400457024713e-05,7.999999797903001e-05
2.242800457057809e-05,7.999999797903001e-05
2.2432004570909052e-05,7.999999797903001e-05
2.2436004571240013e-05,7.999999797903001e-05
2.2440004571570975e-05,7.999999797903001e-05
2.2444004571901936e-05,7.999999797903001e-05
2.2448004572232898e-05,7.999999797903001e-05
2.245200457256386e-05,7.999999797903001e-05
2.245600457289482e-05,7.999999797903001e-05
2.2460004573225782e-05,7.999999797903001e-05
2.2464004573556744e-05,7.999999797903001e-05
2.2468004573887705e-05,7.999999797903001e-05
2.2472004574218667e-05,7.999999797903001e-05
2.2476004574549628e-05,7.999999797903001e-05
2.248000457488059e-05,7.999999797903001e-05
2.248400457521155e-05,7.999999797903001e-05
2.2488004575542513e-05,7.999999797903001e-05
2.2492004575873474e-05,7.999999797903001e-05
2.2496004576204436e-05,7.999999797903001e-05
2.2500004576535397e-05,7.999999797903001e-05
2.250400457686636e-05,7.999999797903001e-05
2.250800457719732e-05,7.999999797903001e-05
2.251200457752828e-05,7.999999797903001e-05
2.2516004577859243e-05,7.999999797903001e-05
2.2520004578190204e-05,7.999999797903001e-05
2.2524004578521166e-05,7.999999797903001e-05
2.2528004578852127e-05,7.999999797903001e-05
2.253200457918309e-05,7.999999797903001e-05
2.253600457951405e-05,7.999999797903001e-05
2.2540004579845012e-05,7.999999797903001e-05
2.2544004580175973e-05,7.999999797903001e-05
2.2548004580506935e-05,7.999999797903001e-05
2.2552004580837896e-05,7.999999797903001e-05
2.2556004581168858e-05,7.999999797903001e-05
2.256000458149982e-05,7.999999797903001e-05
2.256400458183078e-05,7.999999797903001e-05
2.2568004582161742e-05,7.999999797903001e-05
2.2572004582492704e-05,7.999999797903001e-05
2.2576004582823665e-05,3.9999998989515007e-05
2.2580004583154627e-05,7.999999797903001e-05
2.2584004583485588e-05,3.9999998989515007e-05
2.258800458381655e-05,7.999999797903001e-05
2.259200458414751e-05,7.999999797903001e-05
2.2596004584478473e-05,7.999999797903001e-05
2.2600004584809434e-05,7.999999797903001e-05
2.2604004585140396e-05,7.999999797903001e-05
2.2608004585471357e-05,7.999999797903001e-05
2.261200458580232e-05,7.999999797903001e-05
2.261600458613328e-05,7.999999797903001e-05
2.262000458646424e-05,7.999999797903001e-05
2.2624004586795203e-05,7.999999797903001e-05
2.2628004587126165e-05,7.999999797903001e-05
2.2632004587457126e-05,7.999999797903001e-05
2.2636004587788088e-05,7.999999797903001e-05
2.264000458811905e-05,7.999999797903001e-05
2.264400458845001e-05,7.999999797903001e-05
2.2648004588780972e-05,7.999999797903001e-05
2.2652004589111933e-05,7.999999797903001e-05
2.2656004589442895e-05,7.999999797903001e-05
2.2660004589773856e-05,7.999999797903001e-05
2.2664004590104818e-05,7.999999797903001e-05
2.266800459043578e-05,7.999999797903001e-05
2.267200459076674e-05,7.999999797903001e-05
2.2676004591097702e-05,7.999999797903001e-05
2.2680004591428664e-05,7.999999797903001e-05
2.2684004591759625e-05,7.999999797903001e-05
2.2688004592090587e-05,7.999999797903001e-05
2.2692004592421548e-05,7.999999797903001e-05
2.269600459275251e-05,7.999999797903001e-05
2.270000459308347e-05,7.999999797903001e-05
2.2704004593414433e-05,3.9999998989515007e-05
2.2708004593745394e-05,7.999999797903001e-05
2.2712004594076356e-05,7.999999797903001e-05
2.2716004594407317e-05,7.999999797903001e-05
2.272000459473828e-05,7.999999797903001e-05
2.272400459506924e-05,7.999999797903001e-05
2.27280045954002e-05,7.999999797903001e-05
2.2732004595731163e-05,7.999999797903001e-05
2.2736004596062125e-05,7.999999797903001e-05
2.2740004596393086e-05,7.999999797903001e-05
2.2744004596724048e-05,7.999999797903001e-05
2.274800459705501e-05,7.999999797903001e-05
2.275200459738597e-05,7.999999797903001e-05
2.2756004597716932e-05,7.999999797903001e-05
2.2760004598047894e-05,7.999999797903001e-05
2.2764004598378855e-05,7.999999797903001e-05
2.2768004598709816e-05,7.999999797903001e-05
2.2772004599040778e-05,7.999999797903001e-05
2.277600459937174e-05,3.9999998989515007e-05
2.27800045997027e-05,7.999999797903001e-05
2.2784004600033662e-05,7.999999797903001e-05
2.2788004600364624e-05,7.999999797903001e-05
2.2792004600695585e-05,7.999999797903001e-05
2.2796004601026547e-05,7.999999797903001e-05
2.280000460135751e-05,7.999999797903001e-05
2.280400460168847e-05,7.999999797903001e-05
2.280800460201943e-05,7.999999797903001e-05
2.2812004602350393e-05,7.999999797903001e-05
2.2816004602681354e-05,7.999999797903001e-05
2.2820004603012316e-05,7.999999797903001e-05
2.2824004603343277e-05,7.999999797903001e-05
2.282800460367424e-05,7.999999797903001e-05
2.28320046040052e-05,7.999999797903001e-05
2.2836004604336162e-05,7.999999797903001e-05
2.2840004604667123e-05,3.9999998989515007e-05
2.2844004604998085e-05,7.999999797903001e-05
2.2848004605329046e-05,7.999999797903001e-05
2.2852004605660008e-05,7.999999797903001e-05
2.285600460599097e-05,7.999999797903001e-05
2.286000460632193e-05,7.999999797903001e-05
2.2864004606652892e-05,7.999999797903001e-05
2.2868004606983854e-05,7.999999797903001e-05
2.2872004607314815e-05,3.9999998989515007e-05
2.2876004607645777e-05,7.999999797903001e-05
2.2880004607976738e-05,7.999999797903001e-05
2.28840046083077e-05,7.999999797903001e-05
2.288800460863866e-05,7.999999797903001e-05
2.2892004608969622e-05,7.999999797903001e-05
2.2896004609300584e-05,3.9999998989515007e-05
2.2900004609631545e-05,7.999999797903001e-05
2.2904004609962507e-05,7.999999797903001e-05
2.290800461029347e-05,7.999999797903001e-05
2.291200461062443e-05,7.999999797903001e-05
2.291600461095539e-05,7.999999797903001e-05
2.2920004611286353e-05,7.999999797903001e-05
2.2924004611617314e-05,7.999999797903001e-05
2.2928004611948276e-05,7.999999797903001e-05
2.2932004612279237e-05,7.999999797903001e-05
2.29360046126102e-05,7.999999797903001e-05
2.294000461294116e-05,7.999999797903001e-05
2.2944004613272122e-05,3.9999998989515007e-05
2.2948004613603083e-05,7.999999797903001e-05
2.2952004613934045e-05,7.999999797903001e-05
2.2956004614265006e-05,7.999999797903001e-05
2.2960004614595968e-05,7.999999797903001e-05
2.296400461492693e-05,7.999999797903001e-05
2.296800461525789e-05,7.999999797903001e-05
2.2972004615588852e-05,7.999999797903001e-05
2.2976004615919814e-05,7.999999797903001e-05
2.2980004616250775e-05,7.999999797903001e-05
2.2984004616581737e-05,7.999999797903001e-05
2.2988004616912698e-05,7.999999797903001e-05
2.299200461724366e-05,3.9999998989515007e-05
2.299600461757462e-05,7.999999797903001e-05
2.3000004617905583e-05,7.999999797903001e-05
2.3004004618236544e-05,7.999999797903001e-05
2.3008004618567506e-05,7.999999797903001e-05
2.3012004618898467e-05,7.999999797903001e-05
2.301600461922943e-05,3.9999998989515007e-05
2.302000461956039e-05,7.999999797903001e-05
2.302400461989135e-05,7.999999797903001e-05
2.3028004620222313e-05,7.999999797903001e-05
2.3032004620553274e-05,7.999999797903001e-05
2.3036004620884236e-05,7.999999797903001e-05
2.3040004621215197e-05,7.999999797903001e-05
2.304400462154616e-05,7.999999797903001e-05
2.304800462187712e-05,7.999999797903001e-05
2.3052004622208082e-05,7.999999797903001e-05
2.3056004622539043e-05,7.999999797903001e-05
2.3060004622870005e-05,7.999999797903001e-05
2.3064004623200966e-05,7.999999797903001e-05
2.3068004623531928e-05,7.999999797903001e-05
2.307200462386289e-05,3.9999998989515007e-05
2.307600462419385e-05,7.999999797903001e-05
2.3080004624524812e-05,7.999999797903001e-05
2.3084004624855774e-05,7.999999797903001e-05
2.3088004625186735e-05,7.999999797903001e-05
2.3092004625517697e-05,7.999999797903001e-05
2.3096004625848658e-05,7.999999797903001e-05
2.310000462617962e-05,7.999999797903001e-05
2.310400462651058e-05,7.999999797903001e-05
2.3108004626841543e-05,7.999999797903001e-05
2.3112004627172504e-05,7.999999797903001e-05
2.3116004627503466e-05,7.999999797903001e-05
2.3120004627834427e-05,7.999999797903001e-05
2.312400462816539e-05,7.999999797903001e-05
2.312800462849635e-05,7.999999797903001e-05
2.313200462882731e-05,7.999999797903001e-05
2.3136004629158273e-05,7.999999797903001e-05
2.3140004629489234e-05,7.999999797903001e-05
2.3144004629820196e-05,7.999999797903001e-05
2.3148004630151157e-05,7.999999797903001e-05
2.315200463048212e-05,7.999999797903001e-05
2.315600463081308e-05,7.999999797903001e-05
2.3160004631144042e-05,7.999999797903001e-05
2.3164004631475003e-05,7.999999797903001e-05
2.3168004631805965e-05,7.999999797903001e-05
2.3172004632136926e-05,0.00011999999696854502
2.3176004632467888e-05,7.999999797903001e-05
2.318000463279885e-05,7.999999797903001e-05
2.318400463312981e-05,7.999999797903001e-05
2.3188004633460772e-05,7.999999797903001e-05
2.3192004633791734e-05,7.999999797903001e-05
2.3196004634122695e-05,7.999999797903001e-05
2.3200004634453657e-05,3.9999998989515007e-05
2.3204004634784618e-05,7.999999797903001e-05
2.320800463511558e-05,7.999999797903001e-05
2.321200463544654e-05,7.999999797903001e-05
2.3216004635777503e-05,7.999999797903001e-05
2.3220004636108464e-05,7.999999797903001e-05
2.3224004636439426e-05,7.999999797903001e-05
2.3228004636770387e-05,7.999999797903001e-05
2.323200463710135e-05,7.999999797903001e-05
2.323600463743231e-05,7.999999797903001e-05
2.324000463776327e-05,7.999999797903001e-05
2.3244004638094233e-05,7.999999797903001e-05
2.3248004638425195e-05,7.999999797903001e-05
2.3252004638756156e-05,7.999999797903001e-05
2.3256004639087118e-05,7.999999797903001e-05
2.326000463941808e-05,7.999999797903001e-05
2.326400463974904e-05,3.9999998989515007e-05
2.3268004640080002e-05,7.999999797903001e-05
2.3272004640410963e-05,3.9999998989515007e-05
2.3276004640741925e-05,3.9999998989515007e-05
2.3280004641072886e-05,3.9999998989515007e-05
2.3284004641403848e-05,7.999999797903001e-05
2.328800464173481e-05,7.999999797903001e-05
2.329200464206577e-05,0.00011999999696854502
2.3296004642396732e-05,0.00011999999696854502
2.3300004642727694e-05,0.00011999999696854502
2.3304004643058655e-05,7.999999797903001e-05
2.3308004643389617e-05,7.999999797903001e-05
2.3312004643720578e-05,7.999999797903001e-05
2.331600464405154e-05,7.999999797903001e-05
2.33200046443825e-05,3.9999998989515007e-05
2.3324004644713463e-05,3.9999998989515007e-05
2.3328004645044424e-05,3.9999998989515007e-05
2.3332004645375386e-05,7.999999797903001e-05
2.3336004645706347e-05,3.9999998989515007e-05
2.334000464603731e-05,7.999999797903001e-05
2.334400464636827e-05,7.999999797903001e-05
2.334800464669923e-05,7.999999797903001e-05
2.3352004647030193e-05,7.999999797903001e-05
2.3356004647361155e-05,0.00011999999696854502
2.3360004647692116e-05,7.999999797903001e-05
2.3364004648023078e-05,0.00011999999696854502
2.336800464835404e-05,7.999999797903001e-05
2.3372004648685e-05,0.00011999999696854502
2.3376004649015962e-05,7.999999797903001e-05
2.3380004649346924e-05,7.999999797903001e-05
2.3384004649677885e-05,3.9999998989515007e-05
2.3388004650008846e-05,3.9999998989515007e-05
2.3392004650339808e-05,3.9999998989515007e-05
2.339600465067077e-05,7.999999797903001e-05
2.340000465100173e-05,3.9999998989515007e-05
2.3404004651332692e-05,7.999999797903001e-05
2.3408004651663654e-05,7.999999797903001e-05
2.3412004651994615e-05,0.00011999999696854502
2.3416004652325577e-05,7.999999797903001e-05
2.342000465265654e-05,7.999999797903001e-05
2.34240046529875e-05,7.999999797903001e-05
2.342800465331846e-05,0.00011999999696854502
2.3432004653649423e-05,7.999999797903001e-05
2.3436004653980384e-05,7.999999797903001e-05
2.3440004654311346e-05,3.9999998989515007e-05
2.3444004654642307e-05,7.999999797903001e-05
2.344800465497327e-05,3.9999998989515007e-05
2.345200465530423e-05,3.9999998989515007e-05
2.3456004655635192e-05,7.999999797903001e-05
2.3460004655966153e-05,7.999999797903001e-05
2.3464004656297115e-05,7.999999797903001e-05
2.3468004656628076e-05,7.999999797903001e-05
2.3472004656959038e-05,7.999999797903001e-05
2.347600465729e-05,0.00011999999696854502
2.348000465762096e-05,7.999999797903001e-05
2.3484004657951922e-05,7.999999797903001e-05
2.3488004658282884e-05,7.999999797903001e-05
2.3492004658613845e-05,7.999999797903001e-05
2.3496004658944807e-05,7.999999797903001e-05
2.3500004659275768e-05,7.999999797903001e-05
2.350400465960673e-05,3.9999998989515007e-05
2.350800465993769e-05,7.999999797903001e-05
2.3512004660268653e-05,3.9999998989515007e-05
2.3516004660599614e-05,7.999999797903001e-05
2.3520004660930575e-05,3.9999998989515007e-05
2.3524004661261537e-05,7.999999797903001e-05
2.35280046615925e-05,7.999999797903001e-05
2.353200466192346e-05,0.00011999999696854502
2.353600466225442e-05,7.999999797903001e-05
2.3540004662585383e-05,7.999999797903001e-05
2.3544004662916344e-05,7.999999797903001e-05
2.3548004663247306e-05,7.999999797903001e-05
2.3552004663578267e-05,7.999999797903001e-05
2.355600466390923e-05,7.999999797903001e-05
2.356000466424019e-05,3.9999998989515007e-05
2.3564004664571152e-05,3.9999998989515007e-05
2.3568004664902113e-05,3.9999998989515007e-05
2.3572004665233075e-05,7.999999797903001e-05
2.3576004665564036e-05,7.999999797903001e-05
2.3580004665894998e-05,7.999999797903001e-05
2.358400466622596e-05,7.999999797903001e-05
2.358800466655692e-05,7.999999797903001e-05
2.3592004666887882e-05,7.999999797903001e-05
2.3596004667218844e-05,7.999999797903001e-05
2.3600004667549805e-05,7.999999797903001e-05
2.3604004667880767e-05,0.00011999999696854502
2.3608004668211728e-05,7.999999797903001e-05
2.361200466854269e-05,7.999999797903001e-05
2.361600466887365e-05,7.999999797903001e-05
2.3620004669204613e-05,7.999999797903001e-05
2.3624004669535574e-05,7.999999797903001e-05
2.3628004669866536e-05,7.999999797903001e-05
2.3632004670197497e-05,3.9999998989515007e-05
2.363600467052846e-05,7.999999797903001e-05
2.364000467085942e-05,7.999999797903001e-05
2.364400467119038e-05,3.9999998989515007e-05
2.3648004671521343e-05,7.999999797903001e-05
2.3652004671852304e-05,7.999999797903001e-05
2.3656004672183266e-05,7.999999797903001e-05
2.3660004672514227e-05,7.999999797903001e-05
2.366400467284519e-05,7.999999797903001e-05
2.366800467317615e-05,7.999999797903001e-05
2.3672004673507112e-05,7.999999797903001e-05
2.3676004673838073e-05,7.999999797903001e-05
2.3680004674169035e-05,7.999999797903001e-05
2.3684004674499996e-05,7.999999797903001e-05
2.3688004674830958e-05,3.9999998989515007e-05
2.369200467516192e-05,7.999999797903001e-05
2.369600467549288e-05,3.9999998989515007e-05
2.3700004675823842e-05,7.999999797903001e-05
2.3704004676154804e-05,7.999999797903001e-05
2.3708004676485765e-05,7.999999797903001e-05
2.3712004676816727e-05,7.999999797903001e-05
2.3716004677147688e-05,7.999999797903001e-05
2.372000467747865e-05,3.9999998989515007e-05
2.372400467780961e-05,7.999999797903001e-05
2.3728004678140573e-05,7.999999797903001e-05
2.3732004678471534e-05,0.00011999999696854502
2.3736004678802496e-05,7.999999797903001e-05
2.3740004679133457e-05,7.999999797903001e-05
2.374400467946442e-05,7.999999797903001e-05
2.374800467979538e-05,7.999999797903001e-05
2.375200468012634e-05,7.999999797903001e-05
2.3756004680457303e-05,7.999999797903001e-05
2.3760004680788265e-05,7.999999797903001e-05
2.3764004681119226e-05,7.999999797903001e-05
2.3768004681450187e-05,7.999999797903001e-05
2.377200468178115e-05,7.999999797903001e-05
2.377600468211211e-05,7.999999797903001e-05
2.3780004682443072e-05,7.999999797903001e-05
2.3784004682774033e-05,7.999999797903001e-05
2.3788004683104995e-05,7.999999797903001e-05
2.3792004683435956e-05,7.999999797903001e-05
2.3796004683766918e-05,7.999999797903001e-05
2.380000468409788e-05,7.999999797903001e-05
2.380400468442884e-05,7.999999797903001e-05
2.3808004684759802e-05,7.999999797903001e-05
2.3812004685090764e-05,7.999999797903001e-05
2.3816004685421725e-05,7.999999797903001e-05
2.3820004685752687e-05,7.999999797903001e-05
2.3824004686083648e-05,7.999999797903001e-05
2.382800468641461e-05,7.999999797903001e-05
2.383200468674557e-05,3.9999998989515007e-05
2.3836004687076533e-05,7.999999797903001e-05
2.3840004687407494e-05,7.999999797903001e-05
2.3844004687738456e-05,7.999999797903001e-05
2.3848004688069417e-05,7.999999797903001e-05
2.385200468840038e-05,7.999999797903001e-05
2.385600468873134e-05,7.999999797903001e-05
2.38600046890623e-05,0.00011999999696854502
2.3864004689393263e-05,7.999999797903001e-05
2.3868004689724225e-05,7.999999797903001e-05
2.3872004690055186e-05,7.999999797903001e-05
2.3876004690386148e-05,7.999999797903001e-05
2.388000469071711e-05,7.999999797903001e-05
2.388400469104807e-05,7.999999797903001e-05
2.3888004691379032e-05,7.999999797903001e-05
2.3892004691709993e-05,7.999999797903001e-05
2.3896004692040955e-05,3.9999998989515007e-05
2.3900004692371916e-05,7.999999797903001e-05
2.3904004692702878e-05,7.999999797903001e-05
2.390800469303384e-05,0.00011999999696854502
2.39120046933648e-05,7.999999797903001e-05
2.3916004693695762e-05,7.999999797903001e-05
2.3920004694026724e-05,3.9999998989515007e-05
2.3924004694357685e-05,7.999999797903001e-05
2.3928004694688647e-05,7.999999797903001e-05
2.393200469501961e-05,7.999999797903001e-05
2.393600469535057e-05,3.9999998989515007e-05
2.394000469568153e-05,7.999999797903001e-05
2.3944004696012493e-05,7.999999797903001e-05
2.3948004696343454e-05,7.999999797903001e-05
2.3952004696674416e-05,7.999999797903001e-05
2.3956004697005377e-05,7.999999797903001e-05
2.396000469733634e-05,7.999999797903001e-05
2.39640046976673e-05,7.999999797903001e-05
2.396800469799826e-05,7.999999797903001e-05
2.3972004698329223e-05,7.999999797903001e-05
2.3976004698660185e-05,7.999999797903001e-05
2.3980004698991146e-05,0.00011999999696854502
2.3984004699322108e-05,7.999999797903001e-05
2.398800469965307e-05,7.999999797903001e-05
2.399200469998403e-05,7.999999797903001e-05
2.3996004700314992e-05,7.999999797903001e-05
2.4000004700645954e-05,7.999999797903001e-05
2.4004004700976915e-05,7.999999797903001e-05
2.4008004701307877e-05,7.999999797903001e-05
2.4012004701638838e-05,7.999999797903001e-05
2.40160047019698e-05,7.999999797903001e-05
2.402000470230076e-05,7.999999797903001e-05
2.4024004702631722e-05,7.999999797903001e-05
2.4028004702962684e-05,7.999999797903001e-05
2.4032004703293645e-05,7.999999797903001e-05
2.4036004703624607e-05,7.999999797903001e-05
2.404000470395557e-05,7.999999797903001e-05
2.404400470428653e-05,7.999999797903001e-05
2.404800470461749e-05,7.999999797903001e-05
2.4052004704948453e-05,7.999999797903001e-05
2.4056004705279414e-05,7.999999797903001e-05
2.4060004705610376e-05,7.999999797903001e-05
2.4064004705941337e-05,7.999999797903001e-05
2.40680047062723e-05,7.999999797903001e-05
2.407200470660326e-05,7.999999797903001e-05
2.4076004706934222e-05,7.999999797903001e-05
2.4080004707265183e-05,7.999999797903001e-05
2.4084004707596145e-05,7.999999797903001e-05
2.4088004707927106e-05,7.999999797903001e-05
2.4092004708258068e-05,7.999999797903001e-05
2.409600470858903e-05,3.9999998989515007e-05
2.410000470891999e-05,7.999999797903001e-05
2.4104004709250952e-05,7.999999797903001e-05
2.4108004709581914e-05,7.999999797903001e-05
2.4112004709912875e-05,7.999999797903001e-05
2.4116004710243837e-05,7.999999797903001e-05
2.4120004710574798e-05,7.999999797903001e-05
2.412400471090576e-05,7.999999797903001e-05
2.412800471123672e-05,7.999999797903001e-05
2.4132004711567683e-05,7.999999797903001e-05
2.4136004711898644e-05,7.999999797903001e-05
2.4140004712229605e-05,7.999999797903001e-05
2.4144004712560567e-05,7.999999797903001e-05
2.414800471289153e-05,7.999999797903001e-05
2.415200471322249e-05,7.999999797903001e-05
2.415600471355345e-05,7.999999797903001e-05
2.4160004713884413e-05,7.999999797903001e-05
2.4164004714215374e-05,7.999999797903001e-05
2.4168004714546336e-05,7.999999797903001e-05
2.4172004714877297e-05,7.999999797903001e-05
2.417600471520826e-05,7.999999797903001e-05
2.418000471553922e-05,7.999999797903001e-05
2.4184004715870182e-05,7.999999797903001e-05
2.4188004716201143e-05,7.999999797903001e-05
2.4192004716532105e-05,7.999999797903001e-05
2.4196004716863066e-05,7.999999797903001e-05
2.4200004717194028e-05,7.999999797903001e-05
2.420400471752499e-05,7.999999797903001e-05
2.420800471785595e-05,7.999999797903001e-05
2.4212004718186912e-05,7.999999797903001e-05
2.4216004718517874e-05,7.999999797903001e-05
2.4220004718848835e-05,7.999999797903001e-05
2.4224004719179797e-05,7.999999797903001e-05
2.4228004719510758e-05,7.999999797903001e-05
2.423200471984172e-05,3.9999998989515007e-05
2.423600472017268e-05,7.999999797903001e-05
2.4240004720503643e-05,7.999999797903001e-05
2.4244004720834604e-05,7.999999797903001e-05
2.4248004721165566e-05,7.999999797903001e-05
2.4252004721496527e-05,7.999999797903001e-05
2.425600472182749e-05,7.999999797903001e-05
2.426000472215845e-05,7.999999797903001e-05
2.426400472248941e-05,7.999999797903001e-05
2.4268004722820373e-05,7.999999797903001e-05
2.4272004723151334e-05,7.999999797903001e-05
2.4276004723482296e-05,7.999999797903001e-05
2.4280004723813257e-05,3.9999998989515007e-05
2.428400472414422e-05,7.999999797903001e-05
2.428800472447518e-05,3.9999998989515007e-05
2.4292004724806142e-05,3.9999998989515007e-05
2.4296004725137103e-05,7.999999797903001e-05
2.4300004725468065e-05,7.999999797903001e-05
2.4304004725799026e-05,7.999999797903001e-05
2.4308004726129988e-05,7.999999797903001e-05
2.431200472646095e-05,7.999999797903001e-05
2.431600472679191e-05,7.999999797903001e-05
2.4320004727122872e-05,7.999999797903001e-05
2.4324004727453834e-05,7.999999797903001e-05
2.4328004727784795e-05,7.999999797903001e-05
2.4332004728115757e-05,7.999999797903001e-05
2.4336004728446718e-05,7.999999797903001e-05
2.434000472877768e-05,7.999999797903001e-05
2.434400472910864e-05,7.999999797903001e-05
2.4348004729439603e-05,7.999999797903001e-05
2.4352004729770564e-05,7.999999797903001e-05
2.4356004730101526e-05,7.999999797903001e-05
2.4360004730432487e-05,3.9999998989515007e-05
2.436400473076345e-05,7.999999797903001e-05
2.436800473109441e-05,7.999999797903001e-05
2.437200473142537e-05,7.999999797903001e-05
2.4376004731756333e-05,7.999999797903001e-05
2.4380004732087295e-05,7.999999797903001e-05
2.4384004732418256e-05,7.999999797903001e-05
2.4388004732749217e-05,7.999999797903001e-05
2.439200473308018e-05,7.999999797903001e-05
2.439600473341114e-05,7.999999797903001e-05
2.4400004733742102e-05,7.999999797903001e-05
2.4404004734073063e-05,7.999999797903001e-05
2.4408004734404025e-05,7.999999797903001e-05
2.4412004734734986e-05,7.999999797903001e-05
2.4416004735065948e-05,3.9999998989515007e-05
2.442000473539691e-05,7.999999797903001e-05
2.442400473572787e-05,7.999999797903001e-05
2.4428004736058832e-05,7.999999797903001e-05
2.4432004736389794e-05,7.999999797903001e-05
2.4436004736720755e-05,7.999999797903001e-05
2.4440004737051717e-05,7.999999797903001e-05
2.4444004737382678e-05,7.999999797903001e-05
2.444800473771364e-05,7.999999797903001e-05
2.44520047380446e-05,7.999999797903001e-05
2.4456004738375563e-05,7.999999797903001e-05
2.4460004738706524e-05,7.999999797903001e-05
2.4464004739037486e-05,7.999999797903001e-05
2.4468004739368447e-05,7.999999797903001e-05
2.447200473969941e-05,7.999999797903001e-05
2.447600474003037e-05,7.999999797903001e-05
2.448000474036133e-05,3.9999998989515007e-05
2.4484004740692293e-05,7.999999797903001e-05
2.4488004741023255e-05,3.9999998989515007e-05
2.4492004741354216e-05,7.999999797903001e-05
2.4496004741685178e-05,7.999999797903001e-05
2.450000474201614e-05,7.999999797903001e-05
2.45040047423471e-05,7.999999797903001e-05
2.4508004742678062e-05,7.999999797903001e-05
2.4512004743009023e-05,7.999999797903001e-05
2.4516004743339985e-05,7.999999797903001e-05
2.4520004743670946e-05,7.999999797903001e-05
2.4524004744001908e-05,7.999999797903001e-05
2.452800474433287e-05,7.999999797903001e-05
2.453200474466383e-05,7.999999797903001e-05
2.4536004744994792e-05,3.9999998989515007e-05
2.4540004745325754e-05,7.999999797903001e-05
2.4544004745656715e-05,7.999999797903001e-05
2.4548004745987677e-05,7.999999797903001e-05
2.455200474631864e-05,7.999999797903001e-05
2.45560047466496e-05,7.999999797903001e-05
2.456000474698056e-05,7.999999797903001e-05
2.4564004747311523e-05,7.999999797903001e-05
2.4568004747642484e-05,7.999999797903001e-05
2.4572004747973446e-05,7.999999797903001e-05
2.4576004748304407e-05,7.999999797903001e-05
2.458000474863537e-05,7.999999797903001e-05
2.458400474896633e-05,7.999999797903001e-05
2.4588004749297292e-05,7.999999797903001e-05
2.4592004749628253e-05,7.999999797903001e-05
2.4596004749959215e-05,7.999999797903001e-05
2.4600004750290176e-05,7.999999797903001e-05
2.4604004750621138e-05,7.999999797903001e-05
2.46080047509521e-05,3.9999998989515007e-05
2.461200475128306e-05,7.999999797903001e-05
2.4616004751614022e-05,3.9999998989515007e-05
2.4620004751944984e-05,7.999999797903001e-05
2.4624004752275945e-05,7.999999797903001e-05
2.4628004752606907e-05,7.999999797903001e-05
2.4632004752937868e-05,7.999999797903001e-05
2.463600475326883e-05,7.999999797903001e-05
2.464000475359979e-05,7.999999797903001e-05
2.4644004753930752e-05,7.999999797903001e-05
2.4648004754261714e-05,7.999999797903001e-05
2.4652004754592675e-05,7.999999797903001e-05
2.4656004754923637e-05,7.999999797903001e-05
2.46600047552546e-05,7.999999797903001e-05
2.466400475558556e-05,7.999999797903001e-05
2.466800475591652e-05,7.999999797903001e-05
2.4672004756247483e-05,7.999999797903001e-05
2.4676004756578444e-05,7.999999797903001e-05
2.4680004756909406e-05,7.999999797903001e-05
2.4684004757240367e-05,7.999999797903001e-05
2.468800475757133e-05,7.999999797903001e-05
2.469200475790229e-05,7.999999797903001e-05
2.4696004758233252e-05,7.999999797903001e-05
2.4700004758564213e-05,7.999999797903001e-05
2.4704004758895175e-05,3.9999998989515007e-05
2.4708004759226136e-05,7.999999797903001e-05
2.4712004759557098e-05,7.999999797903001e-05
2.471600475988806e-05,7.999999797903001e-05
2.472000476021902e-05,3.9999998989515007e-05
2.4724004760549982e-05,7.999999797903001e-05
2.4728004760880944e-05,7.999999797903001e-05
2.4732004761211905e-05,7.999999797903001e-05
2.4736004761542867e-05,7.999999797903001e-05
2.4740004761873828e-05,7.999999797903001e-05
2.474400476220479e-05,7.999999797903001e-05
2.474800476253575e-05,7.999999797903001e-05
2.4752004762866713e-05,7.999999797903001e-05
2.4756004763197674e-05,7.999999797903001e-05
2.4760004763528636e-05,7.999999797903001e-05
2.4764004763859597e-05,7.999999797903001e-05
2.476800476419056e-05,3.9999998989515007e-05
2.477200476452152e-05,3.9999998989515007e-05
2.477600476485248e-05,3.9999998989515007e-05
2.4780004765183443e-05,7.999999797903001e-05
2.4784004765514404e-05,7.999999797903001e-05
2.4788004765845366e-05,7.999999797903001e-05
2.4792004766176327e-05,7.999999797903001e-05
2.479600476650729e-05,0.00011999999696854502
2.480000476683825e-05,7.999999797903001e-05
2.4804004767169212e-05,0.00011999999696854502
2.4808004767500173e-05,7.999999797903001e-05
2.4812004767831135e-05,7.999999797903001e-05
2.4816004768162096e-05,7.999999797903001e-05
2.4820004768493058e-05,7.999999797903001e-05
2.482400476882402e-05,3.9999998989515007e-05
2.482800476915498e-05,7.999999797903001e-05
2.4832004769485942e-05,7.999999797903001e-05
2.4836004769816904e-05,7.999999797903001e-05
2.4840004770147865e-05,7.999999797903001e-05
2.4844004770478827e-05,7.999999797903001e-05
2.4848004770809788e-05,7.999999797903001e-05
2.485200477114075e-05,7.999999797903001e-05
2.485600477147171e-05,7.999999797903001e-05
2.4860004771802673e-05,0.00011999999696854502
2.4864004772133634e-05,7.999999797903001e-05
2.4868004772464596e-05,0.00011999999696854502
2.4872004772795557e-05,7.999999797903001e-05
2.487600477312652e-05,7.999999797903001e-05
2.488000477345748e-05,7.999999797903001e-05
2.488400477378844e-05,7.999999797903001e-05
2.4888004774119403e-05,3.9999998989515007e-05
2.4892004774450364e-05,7.999999797903001e-05
2.4896004774781326e-05,3.9999998989515007e-05
2.4900004775112287e-05,3.9999998989515007e-05
2.490400477544325e-05,3.9999998989515007e-05
2.490800477577421e-05,7.999999797903001e-05
2.4912004776105172e-05,7.999999797903001e-05
2.4916004776436133e-05,7.999999797903001e-05
2.4920004776767095e-05,7.999999797903001e-05
2.4924004777098056e-05,0.00011999999696854502
2.4928004777429018e-05,7.999999797903001e-05
2.493200477775998e-05,7.999999797903001e-05
2.493600477809094e-05,7.999999797903001e-05
2.4940004778421902e-05,7.999999797903001e-05
2.4944004778752864e-05,3.9999998989515007e-05
2.4948004779083825e-05,7.999999797903001e-05
2.4952004779414787e-05,7.999999797903001e-05
2.4956004779745748e-05,7.999999797903001e-05
2.496000478007671e-05,3.9999998989515007e-05
2.496400478040767e-05,7.999999797903001e-05
2.4968004780738633e-05,7.999999797903001e-05
2.4972004781069594e-05,7.999999797903001e-05
2.4976004781400556e-05,7.999999797903001e-05
2.4980004781731517e-05,7.999999797903001e-05
2.498400478206248e-05,7.999999797903001e-05
2.498800478239344e-05,7.999999797903001e-05
2.49920047827244e-05,7.999999797903001e-05
2.4996004783055363e-05,7.999999797903001e-05
2.5000004783386325e-05,7.999999797903001e-05
2.5004004783717286e-05,7.999999797903001e-05
2.5008004784048248e-05,7.999999797903001e-05
2.501200478437921e-05,7.999999797903001e-05
2.501600478471017e-05,7.999999797903001e-05
2.5020004785041132e-05,7.999999797903001e-05
2.5024004785372093e-05,7.999999797903001e-05
2.5028004785703055e-05,7.999999797903001e-05
2.5032004786034016e-05,7.999999797903001e-05
2.5036004786364978e-05,7.999999797903001e-05
2.504000478669594e-05,7.999999797903001e-05
2.50440047870269e-05,0.00011999999696854502
2.5048004787357862e-05,7.999999797903001e-05
2.5052004787688824e-05,7.999999797903001e-05
2.5056004788019785e-05,7.999999797903001e-05
2.5060004788350747e-05,7.999999797903001e-05
2.5064004788681708e-05,3.9999998989515007e-05
2.506800478901267e-05,7.999999797903001e-05
2.507200478934363e-05,3.9999998989515007e-05
2.5076004789674593e-05,7.999999797903001e-05
2.5080004790005554e-05,7.999999797903001e-05
2.5084004790336516e-05,7.999999797903001e-05
2.5088004790667477e-05,7.999999797903001e-05
2.509200479099844e-05,7.999999797903001e-05
2.50960047913294e-05,7.999999797903001e-05
2.510000479166036e-05,0.00011999999696854502
2.5104004791991323e-05,7.999999797903001e-05
2.5108004792322285e-05,0.00011999999696854502
2.5112004792653246e-05,7.999999797903001e-05
2.5116004792984208e-05,7.999999797903001e-05
2.512000479331517e-05,7.999999797903001e-05
2.512400479364613e-05,7.999999797903001e-05
2.5128004793977092e-05,7.999999797903001e-05
2.5132004794308054e-05,7.999999797903001e-05
2.5136004794639015e-05,3.9999998989515007e-05
2.5140004794969976e-05,7.999999797903001e-05
2.5144004795300938e-05,3.9999998989515007e-05
2.51480047956319e-05,7.999999797903001e-05
2.515200479596286e-05,3.9999998989515007e-05
2.5156004796293822e-05,7.999999797903001e-05
2.5160004796624784e-05,7.999999797903001e-05
2.5164004796955745e-05,7.999999797903001e-05
2.5168004797286707e-05,7.999999797903001e-05
2.517200479761767e-05,0.00011999999696854502
2.517600479794863e-05,7.999999797903001e-05
2.518000479827959e-05,7.999999797903001e-05
2.5184004798610553e-05,7.999999797903001e-05
2.5188004798941514e-05,7.999999797903001e-05
2.5192004799272476e-05,3.9999998989515007e-05
2.5196004799603437e-05,7.999999797903001e-05
2.52000047999344e-05,3.9999998989515007e-05
2.520400480026536e-05,7.999999797903001e-05
2.5208004800596322e-05,7.999999797903001e-05
2.5212004800927283e-05,7.999999797903001e-05
2.5216004801258245e-05,7.999999797903001e-05
2.5220004801589206e-05,7.999999797903001e-05
2.5224004801920168e-05,7.999999797903001e-05
2.522800480225113e-05,7.999999797903001e-05
2.523200480258209e-05,7.999999797903001e-05
2.5236004802913052e-05,7.999999797903001e-05
2.5240004803244014e-05,7.999999797903001e-05
2.5244004803574975e-05,7.999999797903001e-05
2.5248004803905937e-05,7.999999797903001e-05
2.5252004804236898e-05,7.999999797903001e-05
2.525600480456786e-05,3.9999998989515007e-05
2.526000480489882e-05,3.9999998989515007e-05
2.5264004805229782e-05,3.9999998989515007e-05
2.5268004805560744e-05,7.999999797903001e-05
2.5272004805891705e-05,3.9999998989515007e-05
2.5276004806222667e-05,7.999999797903001e-05
2.528000480655363e-05,7.999999797903001e-05
2.528400480688459e-05,7.999999797903001e-05
2.528800480721555e-05,7.999999797903001e-05
2.5292004807546513e-05,0.00011999999696854502
2.5296004807877474e-05,7.999999797903001e-05
2.5300004808208436e-05,7.999999797903001e-05
2.5304004808539397e-05,3.9999998989515007e-05
2.530800480887036e-05,7.999999797903001e-05
2.531200480920132e-05,7.999999797903001e-05
2.5316004809532282e-05,7.999999797903001e-05
2.5320004809863243e-05,7.999999797903001e-05
2.5324004810194205e-05,7.999999797903001e-05
2.5328004810525166e-05,3.9999998989515007e-05
2.5332004810856128e-05,3.9999998989515007e-05
2.533600481118709e-05,7.999999797903001e-05
2.534000481151805e-05,7.999999797903001e-05
2.5344004811849012e-05,7.999999797903001e-05
2.5348004812179974e-05,7.999999797903001e-05
2.5352004812510935e-05,7.999999797903001e-05
2.5356004812841897e-05,7.999999797903001e-05
2.5360004813172858e-05,7.999999797903001e-05
2.536400481350382e-05,7.999999797903001e-05
2.536800481383478e-05,7.999999797903001e-05
2.5372004814165743e-05,7.999999797903001e-05
2.5376004814496704e-05,7.999999797903001e-05
2.5380004814827666e-05,7.999999797903001e-05
2.5384004815158627e-05,7.999999797903001e-05
2.538800481548959e-05,7.999999797903001e-05
2.539200481582055e-05,7.999999797903001e-05
2.539600481615151e-05,7.999999797903001e-05
2.5400004816482473e-05,7.999999797903001e-05
2.5404004816813434e-05,7.999999797903001e-05
2.5408004817144396e-05,7.999999797903001e-05
2.5412004817475357e-05,7.999999797903001e-05
2.541600481780632e-05,7.999999797903001e-05
2.542000481813728e-05,7.999999797903001e-05
2.5424004818468242e-05,7.999999797903001e-05
2.5428004818799203e-05,7.999999797903001e-05
2.5432004819130165e-05,7.999999797903001e-05
2.5436004819461126e-05,7.999999797903001e-05
2.5440004819792088e-05,7.999999797903001e-05
2.544400482012305e-05,7.999999797903001e-05
2.544800482045401e-05,7.999999797903001e-05
2.5452004820784972e-05,7.999999797903001e-05
2.5456004821115934e-05,7.999999797903001e-05
2.5460004821446895e-05,7.999999797903001e-05
2.5464004821777857e-05,7.999999797903001e-05
2.5468004822108818e-05,7.999999797903001e-05
2.547200482243978e-05,7.999999797903001e-05
2.547600482277074e-05,7.999999797903001e-05
2.5480004823101703e-05,7.999999797903001e-05
2.5484004823432664e-05,7.999999797903001e-05
2.5488004823763626e-05,7.999999797903001e-05
2.5492004824094587e-05,7.999999797903001e-05
2.549600482442555e-05,7.999999797903001e-05
2.550000482475651e-05,7.999999797903001e-05
2.550400482508747e-05,7.999999797903001e-05
2.5508004825418433e-05,7.999999797903001e-05
2.5512004825749394e-05,3.9999998989515007e-05
2.5516004826080356e-05,7.999999797903001e-05
2.5520004826411317e-05,7.999999797903001e-05
2.552400482674228e-05,7.999999797903001e-05
2.552800482707324e-05,7.999999797903001e-05
2.5532004827404202e-05,7.999999797903001e-05
2.5536004827735163e-05,7.999999797903001e-05
2.5540004828066125e-05,0.00011999999696854502
2.5544004828397086e-05,7.999999797903001e-05
2.5548004828728048e-05,7.999999797903001e-05
2.555200482905901e-05,7.999999797903001e-05
2.555600482938997e-05,7.999999797903001e-05
2.5560004829720932e-05,3.9999998989515007e-05
2.5564004830051894e-05,7.999999797903001e-05
2.5568004830382855e-05,3.9999998989515007e-05
2.5572004830713817e-05,3.9999998989515007e-05
2.5576004831044778e-05,3.9999998989515007e-05
2.558000483137574e-05,7.999999797903001e-05
2.55840048317067e-05,7.999999797903001e-05
2.5588004832037663e-05,7.999999797903001e-05
2.5592004832368624e-05,7.999999797903001e-05
2.5596004832699586e-05,7.999999797903001e-05
2.5600004833030547e-05,7.999999797903001e-05
2.560400483336151e-05,0.00011999999696854502
2.560800483369247e-05,7.999999797903001e-05
2.561200483402343e-05,7.999999797903001e-05
2.5616004834354393e-05,7.999999797903001e-05
2.5620004834685355e-05,3.9999998989515007e-05
2.5624004835016316e-05,3.9999998989515007e-05
2.5628004835347278e-05,3.9999998989515007e-05
2.563200483567824e-05,3.9999998989515007e-05
2.56360048360092e-05,7.999999797903001e-05
2.5640004836340162e-05,3.9999998989515007e-05
2.5644004836671123e-05,7.999999797903001e-05
2.5648004837002085e-05,7.999999797903001e-05
2.5652004837333046e-05,0.00011999999696854502
2.5656004837664008e-05,7.999999797903001e-05
2.566000483799497e-05,0.00011999999696854502
2.566400483832593e-05,0.00011999999696854502
2.5668004838656892e-05,7.999999797903001e-05
2.5672004838987854e-05,7.999999797903001e-05
2.5676004839318815e-05,7.999999797903001e-05
2.5680004839649777e-05,3.9999998989515007e-05
2.568400483998074e-05,7.999999797903001e-05
2.56880048403117e-05,3.9999998989515007e-05
2.569200484064266e-05,7.999999797903001e-05
2.5696004840973623e-05,3.9999998989515007e-05
2.5700004841304584e-05,7.999999797903001e-05
2.5704004841635546e-05,7.999999797903001e-05
2.5708004841966507e-05,7.999999797903001e-05
2.571200484229747e-05,7.999999797903001e-05
2.571600484262843e-05,7.999999797903001e-05
2.572000484295939e-05,7.999999797903001e-05
2.5724004843290353e-05,7.999999797903001e-05
2.5728004843621315e-05,7.999999797903001e-05
2.5732004843952276e-05,7.999999797903001e-05
2.5736004844283238e-05,3.9999998989515007e-05
2.57400048446142e-05,7.999999797903001e-05
2.574400484494516e-05,3.9999998989515007e-05
2.5748004845276122e-05,3.9999998989515007e-05
2.5752004845607084e-05,3.9999998989515007e-05
2.5756004845938045e-05,7.999999797903001e-05
2.5760004846269007e-05,7.999999797903001e-05
2.5764004846599968e-05,7.999999797903001e-05
2.576800484693093e-05,7.999999797903001e-05
2.577200484726189e-05,0.00011999999696854502
2.5776004847592852e-05,7.999999797903001e-05
2.5780004847923814e-05,7.999999797903001e-05
2.5784004848254775e-05,7.999999797903001e-05
2.5788004848585737e-05,7.999999797903001e-05
2.57920048489167e-05,3.9999998989515007e-05
2.579600484924766e-05,7.999999797903001e-05
2.580000484957862e-05,7.999999797903001e-05
2.5804004849909583e-05,7.999999797903001e-05
2.5808004850240544e-05,7.999999797903001e-05
2.5812004850571506e-05,7.999999797903001e-05
2.5816004850902467e-05,7.999999797903001e-05
2.582000485123343e-05,7.999999797903001e-05
2.582400485156439e-05,7.999999797903001e-05
2.5828004851895352e-05,7.999999797903001e-05
2.5832004852226313e-05,7.999999797903001e-05
2.5836004852557275e-05,7.999999797903001e-05
2.5840004852888236e-05,7.999999797903001e-05
2.5844004853219198e-05,7.999999797903001e-05
2.584800485355016e-05,7.999999797903001e-05
2.585200485388112e-05,0.00011999999696854502
2.5856004854212082e-05,7.999999797903001e-05
2.5860004854543044e-05,7.999999797903001e-05
2.5864004854874005e-05,3.9999998989515007e-05
2.5868004855204967e-05,7.999999797903001e-05
2.5872004855535928e-05,3.9999998989515007e-05
2.587600485586689e-05,7.999999797903001e-05
2.588000485619785e-05,7.999999797903001e-05
2.5884004856528813e-05,7.999999797903001e-05
2.5888004856859774e-05,7.999999797903001e-05
2.5892004857190735e-05,7.999999797903001e-05
2.5896004857521697e-05,7.999999797903001e-05
2.590000485785266e-05,7.999999797903001e-05
2.590400485818362e-05,7.999999797903001e-05
2.590800485851458e-05,7.999999797903001e-05
2.5912004858845543e-05,7.999999797903001e-05
2.5916004859176504e-05,7.999999797903001e-05
2.5920004859507466e-05,7.999999797903001e-05
2.5924004859838427e-05,7.999999797903001e-05
2.592800486016939e-05,7.999999797903001e-05
2.593200486050035e-05,7.999999797903001e-05
2.5936004860831312e-05,7.999999797903001e-05
2.5940004861162273e-05,7.999999797903001e-05
2.5944004861493235e-05,7.999999797903001e-05
2.5948004861824196e-05,7.999999797903001e-05
2.5952004862155158e-05,7.999999797903001e-05
2.595600486248612e-05,7.999999797903001e-05
2.596000486281708e-05,7.999999797903001e-05
2.5964004863148042e-05,7.999999797903001e-05
2.5968004863479004e-05,7.999999797903001e-05
2.5972004863809965e-05,7.999999797903001e-05
2.5976004864140927e-05,7.999999797903001e-05
2.5980004864471888e-05,7.999999797903001e-05
2.598400486480285e-05,7.999999797903001e-05
2.598800486513381e-05,7.999999797903001e-05
2.5992004865464773e-05,7.999999797903001e-05
2.5996004865795734e-05,7.999999797903001e-05
2.6000004866126696e-05,3.9999998989515007e-05
2.6004004866457657e-05,7.999999797903001e-05
2.600800486678862e-05,7.999999797903001e-05
2.601200486711958e-05,7.999999797903001e-05
2.601600486745054e-05,7.999999797903001e-05
2.6020004867781503e-05,7.999999797903001e-05
2.6024004868112464e-05,7.999999797903001e-05
2.6028004868443426e-05,7.999999797903001e-05
2.6032004868774387e-05,7.999999797903001e-05
2.603600486910535e-05,7.999999797903001e-05
2.604000486943631e-05,7.999999797903001e-05
2.6044004869767272e-05,7.999999797903001e-05
2.6048004870098233e-05,3.9999998989515007e-05
2.6052004870429195e-05,7.999999797903001e-05
2.6056004870760156e-05,7.999999797903001e-05
2.6060004871091118e-05,7.999999797903001e-05
2.606400487142208e-05,3.9999998989515007e-05
2.606800487175304e-05,7.999999797903001e-05
2.6072004872084002e-05,7.999999797903001e-05
2.6076004872414964e-05,7.999999797903001e-05
2.6080004872745925e-05,7.999999797903001e-05
2.6084004873076887e-05,7.999999797903001e-05
2.6088004873407848e-05,7.999999797903001e-05
2.609200487373881e-05,7.999999797903001e-05
2.609600487406977e-05,7.999999797903001e-05
2.6100004874400733e-05,7.999999797903001e-05
2.6104004874731694e-05,7.999999797903001e-05
2.6108004875062656e-05,7.999999797903001e-05
2.6112004875393617e-05,7.999999797903001e-05
2.611600487572458e-05,7.999999797903001e-05
2.612000487605554e-05,7.999999797903001e-05
2.61240048763865e-05,7.999999797903001e-05
2.6128004876717463e-05,7.999999797903001e-05
2.6132004877048425e-05,7.999999797903001e-05
2.6136004877379386e-05,7.999999797903001e-05
2.6140004877710347e-05,7.999999797903001e-05
2.614400487804131e-05,7.999999797903001e-05
2.614800487837227e-05,7.999999797903001e-05
2.6152004878703232e-05,7.999999797903001e-05
2.6156004879034193e-05,7.999999797903001e-05
2.6160004879365155e-05,7.999999797903001e-05
2.6164004879696116e-05,7.999999797903001e-05
2.6168004880027078e-05,7.999999797903001e-05
2.617200488035804e-05,7.999999797903001e-05
2.6176004880689e-05,7.999999797903001e-05
2.6180004881019962e-05,7.999999797903001e-05
2.6184004881350924e-05,7.999999797903001e-05
2.6188004881681885e-05,7.999999797903001e-05
2.6192004882012847e-05,3.9999998989515007e-05
2.6196004882343808e-05,7.999999797903001e-05
2.620000488267477e-05,7.999999797903001e-05
2.620400488300573e-05,7.999999797903001e-05
2.6208004883336693e-05,7.999999797903001e-05
2.6212004883667654e-05,7.999999797903001e-05
2.6216004883998616e-05,7.999999797903001e-05
2.6220004884329577e-05,7.999999797903001e-05
2.622400488466054e-05,7.999999797903001e-05
2.62280048849915e-05,7.999999797903001e-05
2.623200488532246e-05,3.9999998989515007e-05
2.6236004885653423e-05,3.9999998989515007e-05
2.6240004885984385e-05,3.9999998989515007e-05
2.6244004886315346e-05,7.999999797903001e-05
2.6248004886646308e-05,7.999999797903001e-05
2.625200488697727e-05,7.999999797903001e-05
2.625600488730823e-05,7.999999797903001e-05
2.6260004887639192e-05,7.999999797903001e-05
2.6264004887970153e-05,7.999999797903001e-05
2.6268004888301115e-05,7.999999797903001e-05
2.6272004888632076e-05,7.999999797903001e-05
2.6276004888963038e-05,7.999999797903001e-05
2.6280004889294e-05,7.999999797903001e-05
2.628400488962496e-05,7.999999797903001e-05
2.6288004889955922e-05,7.999999797903001e-05
2.6292004890286884e-05,7.999999797903001e-05
2.6296004890617845e-05,7.999999797903001e-05
2.6300004890948807e-05,7.999999797903001e-05
2.630400489127977e-05,7.999999797903001e-05
2.630800489161073e-05,7.999999797903001e-05
2.631200489194169e-05,7.999999797903001e-05
2.6316004892272653e-05,7.999999797903001e-05
2.6320004892603614e-05,7.999999797903001e-05
2.6324004892934576e-05,7.999999797903001e-05
2.6328004893265537e-05,7.999999797903001e-05
2.63320048935965e-05,7.999999797903001e-05
2.633600489392746e-05,7.999999797903001e-05
2.634000489425842e-05,7.999999797903001e-05
2.6344004894589383e-05,7.999999797903001e-05
2.6348004894920345e-05,7.999999797903001e-05
2.6352004895251306e-05,3.9999998989515007e-05
2.6356004895582268e-05,7.999999797903001e-05
2.636000489591323e-05,7.999999797903001e-05
2.636400489624419e-05,7.999999797903001e-05
2.6368004896575152e-05,7.999999797903001e-05
2.6372004896906114e-05,7.999999797903001e-05
2.6376004897237075e-05,7.999999797903001e-05
2.6380004897568037e-05,7.999999797903001e-05
2.6384004897898998e-05,7.999999797903001e-05
2.638800489822996e-05,7.999999797903001e-05
2.639200489856092e-05,7.999999797903001e-05
2.6396004898891882e-05,7.999999797903001e-05
2.6400004899222844e-05,3.9999998989515007e-05
2.6404004899553805e-05,7.999999797903001e-05
2.6408004899884767e-05,3.9999998989515007e-05
2.641200490021573e-05,3.9999998989515007e-05
2.641600490054669e-05,3.9999998989515007e-05
2.642000490087765e-05,7.999999797903001e-05
2.6424004901208613e-05,7.999999797903001e-05
2.6428004901539574e-05,7.999999797903001e-05
2.6432004901870536e-05,7.999999797903001e-05
2.6436004902201497e-05,0.00011999999696854502
2.644000490253246e-05,0.00011999999696854502
2.644400490286342e-05,0.00011999999696854502
2.6448004903194382e-05,7.999999797903001e-05
2.6452004903525343e-05,7.999999797903001e-05
2.6456004903856305e-05,7.999999797903001e-05
2.6460004904187266e-05,7.999999797903001e-05
2.6464004904518228e-05,3.9999998989515007e-05
2.646800490484919e-05,7.999999797903001e-05
2.647200490518015e-05,3.9999998989515007e-05
2.6476004905511112e-05,7.999999797903001e-05
2.6480004905842074e-05,3.9999998989515007e-05
2.6484004906173035e-05,7.999999797903001e-05
2.6488004906503997e-05,7.999999797903001e-05
2.6492004906834958e-05,7.999999797903001e-05
2.649600490716592e-05,7.999999797903001e-05
2.650000490749688e-05,0.00011999999696854502
2.6504004907827843e-05,7.999999797903001e-05
2.6508004908158804e-05,7.999999797903001e-05
2.6512004908489765e-05,7.999999797903001e-05
2.6516004908820727e-05,7.999999797903001e-05
2.652000490915169e-05,7.999999797903001e-05
2.652400490948265e-05,7.999999797903001e-05
2.652800490981361e-05,3.9999998989515007e-05
2.6532004910144573e-05,7.999999797903001e-05
2.6536004910475534e-05,7.999999797903001e-05
2.6540004910806496e-05,7.999999797903001e-05
2.6544004911137457e-05,7.999999797903001e-05
2.654800491146842e-05,7.999999797903001e-05
2.655200491179938e-05,7.999999797903001e-05
2.6556004912130342e-05,7.999999797903001e-05
2.6560004912461303e-05,7.999999797903001e-05
2.6564004912792265e-05,7.999999797903001e-05
2.6568004913123226e-05,7.999999797903001e-05
2.6572004913454188e-05,7.999999797903001e-05
2.657600491378515e-05,7.999999797903001e-05
2.658000491411611e-05,7.999999797903001e-05
2.6584004914447072e-05,7.999999797903001e-05
2.6588004914778034e-05,7.999999797903001e-05
2.6592004915108995e-05,3.9999998989515007e-05
2.6596004915439957e-05,7.999999797903001e-05
2.6600004915770918e-05,7.999999797903001e-05
2.660400491610188e-05,7.999999797903001e-05
2.660800491643284e-05,7.999999797903001e-05
2.6612004916763803e-05,7.999999797903001e-05
2.6616004917094764e-05,7.999999797903001e-05
2.6620004917425726e-05,7.999999797903001e-05
2.6624004917756687e-05,0.00011999999696854502
2.662800491808765e-05,0.00011999999696854502
2.663200491841861e-05,7.999999797903001e-05
2.663600491874957e-05,7.999999797903001e-05
2.6640004919080533e-05,7.999999797903001e-05
2.6644004919411494e-05,7.999999797903001e-05
2.6648004919742456e-05,7.999999797903001e-05
2.6652004920073417e-05,7.999999797903001e-05
2.665600492040438e-05,7.999999797903001e-05
2.666000492073534e-05,7.999999797903001e-05
2.6664004921066302e-05,7.999999797903001e-05
2.6668004921397263e-05,7.999999797903001e-05
2.6672004921728225e-05,7.999999797903001e-05
2.6676004922059186e-05,7.999999797903001e-05
2.6680004922390148e-05,7.999999797903001e-05
2.668400492272111e-05,7.999999797903001e-05
2.668800492305207e-05,7.999999797903001e-05
2.6692004923383032e-05,7.999999797903001e-05
2.6696004923713994e-05,7.999999797903001e-05
2.6700004924044955e-05,7.999999797903001e-05
2.6704004924375917e-05,7.999999797903001e-05
2.6708004924706878e-05,7.999999797903001e-05
2.671200492503784e-05,7.999999797903001e-05
2.67160049253688e-05,7.999999797903001e-05
2.6720004925699763e-05,7.999999797903001e-05
2.6724004926030724e-05,7.999999797903001e-05
2.6728004926361686e-05,7.999999797903001e-05
2.6732004926692647e-05,7.999999797903001e-05
2.673600492702361e-05,7.999999797903001e-05
2.674000492735457e-05,7.999999797903001e-05
2.674400492768553e-05,7.999999797903001e-05
2.6748004928016493e-05,0.00011999999696854502
2.6752004928347455e-05,7.999999797903001e-05
2.6756004928678416e-05,0.00011999999696854502
2.6760004929009378e-05,7.999999797903001e-05
2.676400492934034e-05,7.999999797903001e-05
2.67680049296713e-05,3.9999998989515007e-05
2.6772004930002262e-05,7.999999797903001e-05
2.6776004930333223e-05,7.999999797903001e-05
2.6780004930664185e-05,7.999999797903001e-05
2.6784004930995146e-05,7.999999797903001e-05
2.6788004931326108e-05,7.999999797903001e-05
2.679200493165707e-05,7.999999797903001e-05
2.679600493198803e-05,7.999999797903001e-05
2.6800004932318992e-05,7.999999797903001e-05
2.6804004932649954e-05,7.999999797903001e-05
2.6808004932980915e-05,7.999999797903001e-05
2.6812004933311877e-05,7.999999797903001e-05
2.6816004933642838e-05,7.999999797903001e-05
2.68200049339738e-05,7.999999797903001e-05
2.682400493430476e-05,7.999999797903001e-05
2.6828004934635723e-05,7.999999797903001e-05
2.6832004934966684e-05,7.999999797903001e-05
2.6836004935297646e-05,7.999999797903001e-05
2.6840004935628607e-05,7.999999797903001e-05
2.684400493595957e-05,7.999999797903001e-05
2.684800493629053e-05,3.9999998989515007e-05
2.685200493662149e-05,7.999999797903001e-05
2.6856004936952453e-05,7.999999797903001e-05
2.6860004937283415e-05,7.999999797903001e-05
2.6864004937614376e-05,7.999999797903001e-05
2.6868004937945338e-05,0.00011999999696854502
2.68720049382763e-05,0.00011999999696854502
2.687600493860726e-05,7.999999797903001e-05
2.6880004938938222e-05,7.999999797903001e-05
2.6884004939269184e-05,7.999999797903001e-05
2.6888004939600145e-05,7.999999797903001e-05
2.6892004939931106e-05,7.999999797903001e-05
2.6896004940262068e-05,7.999999797903001e-05
2.690000494059303e-05,7.999999797903001e-05
2.690400494092399e-05,3.9999998989515007e-05
2.6908004941254952e-05,7.999999797903001e-05
2.6912004941585914e-05,3.9999998989515007e-05
2.6916004941916875e-05,7.999999797903001e-05
2.6920004942247837e-05,7.999999797903001e-05
2.69240049425788e-05,7.999999797903001e-05
2.692800494290976e-05,7.999999797903001e-05
2.693200494324072e-05,7.999999797903001e-05
2.6936004943571683e-05,7.999999797903001e-05
2.6940004943902644e-05,7.999999797903001e-05
2.6944004944233606e-05,7.999999797903001e-05
2.6948004944564567e-05,7.999999797903001e-05
2.695200494489553e-05,7.999999797903001e-05
2.695600494522649e-05,7.999999797903001e-05
2.6960004945557452e-05,7.999999797903001e-05
2.6964004945888413e-05,7.999999797903001e-05
2.6968004946219375e-05,3.9999998989515007e-05
2.6972004946550336e-05,7.999999797903001e-05
2.6976004946881298e-05,7.999999797903001e-05
2.698000494721226e-05,7.999999797903001e-05
2.698400494754322e-05,7.999999797903001e-05
2.6988004947874182e-05,7.999999797903001e-05
2.6992004948205144e-05,7.999999797903001e-05
2.6996004948536105e-05,0.00011999999696854502
2.7000004948867067e-05,7.999999797903001e-05
2.7004004949198028e-05,0.00011999999696854502
2.700800494952899e-05,7.999999797903001e-05
2.701200494985995e-05,7.999999797903001e-05
2.7016004950190912e-05,3.9999998989515007e-05
2.7020004950521874e-05,7.999999797903001e-05
2.7024004950852835e-05,7.999999797903001e-05
2.7028004951183797e-05,7.999999797903001e-05
2.703200495151476e-05,7.999999797903001e-05
2.703600495184572e-05,7.999999797903001e-05
2.704000495217668e-05,7.999999797903001e-05
2.7044004952507643e-05,7.999999797903001e-05
2.7048004952838604e-05,7.999999797903001e-05
2.7052004953169566e-05,7.999999797903001e-05
2.7056004953500527e-05,7.999999797903001e-05
2.706000495383149e-05,7.999999797903001e-05
2.706400495416245e-05,7.999999797903001e-05
2.7068004954493412e-05,7.999999797903001e-05
2.7072004954824373e-05,7.999999797903001e-05
2.7076004955155335e-05,7.999999797903001e-05
2.7080004955486296e-05,7.999999797903001e-05
2.7084004955817258e-05,7.999999797903001e-05
2.708800495614822e-05,7.999999797903001e-05
2.709200495647918e-05,7.999999797903001e-05
2.7096004956810142e-05,3.9999998989515007e-05
2.7100004957141104e-05,7.999999797903001e-05
2.7104004957472065e-05,7.999999797903001e-05
2.7108004957803027e-05,7.999999797903001e-05
2.7112004958133988e-05,7.999999797903001e-05
2.711600495846495e-05,7.999999797903001e-05
2.712000495879591e-05,0.00011999999696854502
2.7124004959126873e-05,7.999999797903001e-05
2.7128004959457834e-05,7.999999797903001e-05
2.7132004959788796e-05,7.999999797903001e-05
2.7136004960119757e-05,3.9999998989515007e-05
2.714000496045072e-05,3.9999998989515007e-05
2.714400496078168e-05,3.9999998989515007e-05
2.714800496111264e-05,3.9999998989515007e-05
2.7152004961443603e-05,7.999999797903001e-05
2.7156004961774564e-05,7.999999797903001e-05
2.7160004962105526e-05,7.999999797903001e-05
2.7164004962436487e-05,7.999999797903001e-05
2.716800496276745e-05,7.999999797903001e-05
2.717200496309841e-05,7.999999797903001e-05
2.7176004963429372e-05,7.999999797903001e-05
2.7180004963760333e-05,7.999999797903001e-05
2.7184004964091295e-05,7.999999797903001e-05
2.7188004964422256e-05,7.999999797903001e-05
2.7192004964753218e-05,7.999999797903001e-05
2.719600496508418e-05,7.999999797903001e-05
2.720000496541514e-05,7.999999797903001e-05
2.7204004965746102e-05,7.999999797903001e-05
2.7208004966077064e-05,7.999999797903001e-05
2.7212004966408025e-05,7.999999797903001e-05
2.7216004966738987e-05,7.999999797903001e-05
2.7220004967069948e-05,7.999999797903001e-05
2.722400496740091e-05,7.999999797903001e-05
2.722800496773187e-05,7.999999797903001e-05
2.7232004968062833e-05,7.999999797903001e-05
2.7236004968393794e-05,7.999999797903001e-05
2.7240004968724756e-05,7.999999797903001e-05
2.7244004969055717e-05,7.999999797903001e-05
2.724800496938668e-05,7.999999797903001e-05
2.725200496971764e-05,7.999999797903001e-05
2.72560049700486e-05,7.999999797903001e-05
2.7260004970379563e-05,7.999999797903001e-05
2.7264004970710524e-05,3.9999998989515007e-05
2.7268004971041486e-05,7.999999797903001e-05
2.7272004971372447e-05,7.999999797903001e-05
2.727600497170341e-05,7.999999797903001e-05
2.728000497203437e-05,7.999999797903001e-05
2.7284004972365332e-05,7.999999797903001e-05
2.7288004972696293e-05,7.999999797903001e-05
2.7292004973027255e-05,7.999999797903001e-05
2.7296004973358216e-05,7.999999797903001e-05
2.7300004973689178e-05,7.999999797903001e-05
2.730400497402014e-05,7.999999797903001e-05
2.73080049743511e-05,7.999999797903001e-05
2.7312004974682062e-05,7.999999797903001e-05
2.7316004975013024e-05,7.999999797903001e-05
2.7320004975343985e-05,7.999999797903001e-05
2.7324004975674947e-05,7.999999797903001e-05
2.7328004976005908e-05,7.999999797903001e-05
2.733200497633687e-05,7.999999797903001e-05
2.733600497666783e-05,7.999999797903001e-05
2.7340004976998793e-05,7.999999797903001e-05
2.7344004977329754e-05,7.999999797903001e-05
2.7348004977660716e-05,7.999999797903001e-05
2.7352004977991677e-05,7.999999797903001e-05
2.735600497832264e-05,7.999999797903001e-05
2.73600049786536e-05,7.999999797903001e-05
2.736400497898456e-05,7.999999797903001e-05
2.7368004979315523e-05,7.999999797903001e-05
2.7372004979646485e-05,7.999999797903001e-05
2.7376004979977446e-05,7.999999797903001e-05
2.7380004980308408e-05,7.999999797903001e-05
2.738400498063937e-05,7.999999797903001e-05
2.738800498097033e-05,7.999999797903001e-05
2.7392004981301292e-05,3.9999998989515007e-05
2.7396004981632253e-05,7.999999797903001e-05
2.7400004981963215e-05,7.999999797903001e-05
2.7404004982294176e-05,7.999999797903001e-05
2.7408004982625138e-05,3.9999998989515007e-05
2.74120049829561e-05,7.999999797903001e-05
2.741600498328706e-05,3.9999998989515007e-05
2.7420004983618022e-05,7.999999797903001e-05
2.7424004983948984e-05,7.999999797903001e-05
2.7428004984279945e-05,7.999999797903001e-05
2.7432004984610907e-05,7.999999797903001e-05
2.7436004984941868e-05,7.999999797903001e-05
2.744000498527283e-05,7.999999797903001e-05
2.744400498560379e-05,7.999999797903001e-05
2.7448004985934753e-05,7.999999797903001e-05
2.7452004986265714e-05,7.999999797903001e-05
2.7456004986596676e-05,3.9999998989515007e-05
2.7460004986927637e-05,7.999999797903001e-05
2.74640049872586e-05,7.999999797903001e-05
2.746800498758956e-05,7.999999797903001e-05
2.747200498792052e-05,7.999999797903001e-05
2.7476004988251483e-05,7.999999797903001e-05
2.7480004988582445e-05,7.999999797903001e-05
2.7484004988913406e-05,7.999999797903001e-05
2.7488004989244368e-05,7.999999797903001e-05
2.749200498957533e-05,7.999999797903001e-05
2.749600498990629e-05,7.999999797903001e-05
2.7500004990237252e-05,7.999999797903001e-05
2.7504004990568214e-05,7.999999797903001e-05
2.7508004990899175e-05,7.999999797903001e-05
2.7512004991230136e-05,7.999999797903001e-05
2.7516004991561098e-05,7.999999797903001e-05
2.752000499189206e-05,7.999999797903001e-05
2.752400499222302e-05,7.999999797903001e-05
2.7528004992553982e-05,7.999999797903001e-05
2.7532004992884944e-05,7.999999797903001e-05
2.7536004993215905e-05,7.999999797903001e-05
2.7540004993546867e-05,7.999999797903001e-05
2.754400499387783e-05,7.999999797903001e-05
2.754800499420879e-05,7.999999797903001e-05
2.755200499453975e-05,7.999999797903001e-05
2.7556004994870713e-05,7.999999797903001e-05
2.7560004995201674e-05,7.999999797903001e-05
2.7564004995532636e-05,7.999999797903001e-05
2.7568004995863597e-05,7.999999797903001e-05
2.757200499619456e-05,7.999999797903001e-05
2.757600499652552e-05,7.999999797903001e-05
2.7580004996856482e-05,7.999999797903001e-05
2.7584004997187443e-05,3.9999998989515007e-05
2.7588004997518405e-05,7.999999797903001e-05
2.7592004997849366e-05,7.999999797903001e-05
2.7596004998180328e-05,7.999999797903001e-05
2.760000499851129e-05,7.999999797903001e-05
2.760400499884225e-05,7.999999797903001e-05
2.7608004999173212e-05,7.999999797903001e-05
2.7612004999504174e-05,7.999999797903001e-05
2.7616004999835135e-05,7.999999797903001e-05
2.7620005000166097e-05,7.999999797903001e-05
2.7624005000497058e-05,7.999999797903001e-05
2.762800500082802e-05,7.999999797903001e-05
2.763200500115898e-05,7.999999797903001e-05
2.7636005001489943e-05,7.999999797903001e-05
2.7640005001820904e-05,7.999999797903001e-05
2.7644005002151865e-05,7.999999797903001e-05
2.7648005002482827e-05,7.999999797903001e-05
2.765200500281379e-05,7.999999797903001e-05
2.765600500314475e-05,3.9999998989515007e-05
2.766000500347571e-05,7.999999797903001e-05
2.7664005003806673e-05,7.999999797903001e-05
2.7668005004137634e-05,7.999999797903001e-05
2.7672005004468596e-05,7.999999797903001e-05
2.7676005004799557e-05,7.999999797903001e-05
2.768000500513052e-05,7.999999797903001e-05
2.768400500546148e-05,7.999999797903001e-05
2.7688005005792442e-05,7.999999797903001e-05
2.7692005006123403e-05,7.999999797903001e-05
2.7696005006454365e-05,7.999999797903001e-05
2.7700005006785326e-05,7.999999797903001e-05
2.7704005007116288e-05,7.999999797903001e-05
2.770800500744725e-05,7.999999797903001e-05
2.771200500777821e-05,7.999999797903001e-05
2.7716005008109172e-05,7.999999797903001e-05
2.7720005008440134e-05,7.999999797903001e-05
2.7724005008771095e-05,7.999999797903001e-05
2.7728005009102057e-05,7.999999797903001e-05
2.7732005009433018e-05,7.999999797903001e-05
2.773600500976398e-05,3.9999998989515007e-05
2.774000501009494e-05,7.999999797903001e-05
2.7744005010425903e-05,3.9999998989515007e-05
2.7748005010756864e-05,7.999999797903001e-05
2.7752005011087826e-05,3.9999998989515007e-05
2.7756005011418787e-05,7.999999797903001e-05
2.776000501174975e-05,7.999999797903001e-05
2.776400501208071e-05,7.999999797903001e-05
2.776800501241167e-05,7.999999797903001e-05
2.7772005012742633e-05,7.999999797903001e-05
2.7776005013073594e-05,7.999999797903001e-05
2.7780005013404556e-05,7.999999797903001e-05
2.7784005013735517e-05,7.999999797903001e-05
2.778800501406648e-05,7.999999797903001e-05
2.779200501439744e-05,7.999999797903001e-05
2.7796005014728402e-05,7.999999797903001e-05
2.7800005015059363e-05,7.999999797903001e-05
2.7804005015390325e-05,7.999999797903001e-05
2.7808005015721286e-05,3.9999998989515007e-05
2.7812005016052248e-05,7.999999797903001e-05
2.781600501638321e-05,3.9999998989515007e-05
2.782000501671417e-05,7.999999797903001e-05
2.7824005017045132e-05,7.999999797903001e-05
2.7828005017376094e-05,7.999999797903001e-05
2.7832005017707055e-05,7.999999797903001e-05
2.7836005018038017e-05,0.00011999999696854502
2.7840005018368978e-05,7.999999797903001e-05
2.784400501869994e-05,7.999999797903001e-05
2.78480050190309e-05,7.999999797903001e-05
2.7852005019361863e-05,7.999999797903001e-05
2.7856005019692824e-05,7.999999797903001e-05
2.7860005020023786e-05,7.999999797903001e-05
2.7864005020354747e-05,3.9999998989515007e-05
2.786800502068571e-05,3.9999998989515007e-05
2.787200502101667e-05,3.9999998989515007e-05
2.787600502134763e-05,7.999999797903001e-05
2.7880005021678593e-05,7.999999797903001e-05
2.7884005022009555e-05,7.999999797903001e-05
2.7888005022340516e-05,7.999999797903001e-05
2.7892005022671477e-05,0.00011999999696854502
2.789600502300244e-05,7.999999797903001e-05
2.79000050233334e-05,0.00011999999696854502
2.7904005023664362e-05,0.00011999999696854502
2.7908005023995323e-05,7.999999797903001e-05
2.7912005024326285e-05,7.999999797903001e-05
2.7916005024657246e-05,7.999999797903001e-05
2.7920005024988208e-05,3.9999998989515007e-05
2.792400502531917e-05,7.999999797903001e-05
2.792800502565013e-05,7.999999797903001e-05
2.7932005025981092e-05,3.9999998989515007e-05
2.7936005026312054e-05,7.999999797903001e-05
2.7940005026643015e-05,7.999999797903001e-05
2.7944005026973977e-05,7.999999797903001e-05
2.7948005027304938e-05,7.999999797903001e-05
2.79520050276359e-05,7.999999797903001e-05
2.795600502796686e-05,0.00011999999696854502
2.7960005028297823e-05,0.00011999999696854502
2.7964005028628784e-05,0.00011999999696854502
2.7968005028959746e-05,7.999999797903001e-05
2.7972005029290707e-05,7.999999797903001e-05
2.797600502962167e-05,7.999999797903001e-05
2.798000502995263e-05,3.9999998989515007e-05
2.798400503028359e-05,3.9999998989515007e-05
2.7988005030614553e-05,7.999999797903001e-05
2.7992005030945515e-05,3.9999998989515007e-05
2.7996005031276476e-05,7.999999797903001e-05
2.8000005031607438e-05,7.999999797903001e-05
2.80040050319384e-05,7.999999797903001e-05
2.800800503226936e-05,7.999999797903001e-05
2.8012005032600322e-05,7.999999797903001e-05
2.8016005032931283e-05,7.999999797903001e-05
2.8020005033262245e-05,0.00011999999696854502
2.8024005033593206e-05,7.999999797903001e-05
2.8028005033924168e-05,7.999999797903001e-05
2.803200503425513e-05,7.999999797903001e-05
2.803600503458609e-05,7.999999797903001e-05
2.8040005034917052e-05,7.999999797903001e-05
2.8044005035248014e-05,7.999999797903001e-05
2.8048005035578975e-05,7.999999797903001e-05
2.8052005035909937e-05,7.999999797903001e-05
2.80560050362409e-05,7.999999797903001e-05
2.806000503657186e-05,7.999999797903001e-05
2.806400503690282e-05,3.9999998989515007e-05
2.8068005037233783e-05,7.999999797903001e-05
2.8072005037564744e-05,7.999999797903001e-05
2.8076005037895706e-05,7.999999797903001e-05
2.8080005038226667e-05,7.999999797903001e-05
2.808400503855763e-05,0.00011999999696854502
2.808800503888859e-05,7.999999797903001e-05
2.809200503921955e-05,7.999999797903001e-05
2.8096005039550513e-05,7.999999797903001e-05
2.8100005039881475e-05,7.999999797903001e-05
2.8104005040212436e-05,7.999999797903001e-05
2.8108005040543398e-05,7.999999797903001e-05
2.811200504087436e-05,3.9999998989515007e-05
2.811600504120532e-05,7.999999797903001e-05
2.8120005041536282e-05,3.9999998989515007e-05
2.8124005041867244e-05,7.999999797903001e-05
2.8128005042198205e-05,7.999999797903001e-05
2.8132005042529167e-05,7.999999797903001e-05
2.8136005042860128e-05,7.999999797903001e-05
2.814000504319109e-05,7.999999797903001e-05
2.814400504352205e-05,7.999999797903001e-05
2.8148005043853012e-05,7.999999797903001e-05
2.8152005044183974e-05,7.999999797903001e-05
2.8156005044514935e-05,7.999999797903001e-05
2.8160005044845897e-05,7.999999797903001e-05
2.816400504517686e-05,7.999999797903001e-05
2.816800504550782e-05,7.999999797903001e-05
2.817200504583878e-05,7.999999797903001e-05
2.8176005046169743e-05,7.999999797903001e-05
2.8180005046500704e-05,7.999999797903001e-05
2.8184005046831666e-05,3.9999998989515007e-05
2.8188005047162627e-05,7.999999797903001e-05
2.819200504749359e-05,7.999999797903001e-05
2.819600504782455e-05,7.999999797903001e-05
2.8200005048155512e-05,7.999999797903001e-05
2.8204005048486473e-05,7.999999797903001e-05
2.8208005048817435e-05,7.999999797903001e-05
2.8212005049148396e-05,7.999999797903001e-05
2.8216005049479358e-05,7.999999797903001e-05
2.822000504981032e-05,7.999999797903001e-05
2.822400505014128e-05,3.9999998989515007e-05
2.8228005050472242e-05,7.999999797903001e-05
2.8232005050803204e-05,7.999999797903001e-05
2.8236005051134165e-05,7.999999797903001e-05
2.8240005051465127e-05,7.999999797903001e-05
2.8244005051796088e-05,7.999999797903001e-05
2.824800505212705e-05,7.999999797903001e-05
2.825200505245801e-05,7.999999797903001e-05
2.8256005052788973e-05,7.999999797903001e-05
2.8260005053119934e-05,7.999999797903001e-05
2.8264005053450895e-05,7.999999797903001e-05
2.8268005053781857e-05,7.999999797903001e-05
2.827200505411282e-05,7.999999797903001e-05
2.827600505444378e-05,7.999999797903001e-05
2.828000505477474e-05,7.999999797903001e-05
2.8284005055105703e-05,7.999999797903001e-05
2.8288005055436664e-05,7.999999797903001e-05
2.8292005055767626e-05,7.999999797903001e-05
2.8296005056098587e-05,7.999999797903001e-05
2.830000505642955e-05,7.999999797903001e-05
2.830400505676051e-05,3.9999998989515007e-05
2.8308005057091472e-05,7.999999797903001e-05
2.8312005057422433e-05,3.9999998989515007e-05
2.8316005057753395e-05,7.999999797903001e-05
2.8320005058084356e-05,7.999999797903001e-05
2.8324005058415318e-05,7.999999797903001e-05
2.832800505874628e-05,7.999999797903001e-05
2.833200505907724e-05,7.999999797903001e-05
2.8336005059408202e-05,7.999999797903001e-05
2.8340005059739164e-05,7.999999797903001e-05
2.8344005060070125e-05,7.999999797903001e-05
2.8348005060401087e-05,7.999999797903001e-05
2.8352005060732048e-05,3.9999998989515007e-05
2.835600506106301e-05,7.999999797903001e-05
2.836000506139397e-05,7.999999797903001e-05
2.8364005061724933e-05,7.999999797903001e-05
2.8368005062055894e-05,7.999999797903001e-05
2.8372005062386856e-05,7.999999797903001e-05
2.8376005062717817e-05,7.999999797903001e-05
2.838000506304878e-05,7.999999797903001e-05
2.838400506337974e-05,7.999999797903001e-05
2.83880050637107e-05,7.999999797903001e-05
2.8392005064041663e-05,7.999999797903001e-05
2.8396005064372624e-05,7.999999797903001e-05
2.8400005064703586e-05,3.9999998989515007e-05
2.8404005065034547e-05,7.999999797903001e-05
2.840800506536551e-05,7.999999797903001e-05
2.841200506569647e-05,7.999999797903001e-05
2.8416005066027432e-05,7.999999797903001e-05
2.8420005066358393e-05,7.999999797903001e-05
2.8424005066689355e-05,7.999999797903001e-05
2.8428005067020316e-05,0.00011999999696854502
2.8432005067351278e-05,7.999999797903001e-05
2.843600506768224e-05,7.999999797903001e-05
2.84400050680132e-05,7.999999797903001e-05
2.8444005068344162e-05,7.999999797903001e-05
2.8448005068675124e-05,7.999999797903001e-05
2.8452005069006085e-05,7.999999797903001e-05
2.8456005069337047e-05,7.999999797903001e-05
2.8460005069668008e-05,7.999999797903001e-05
2.846400506999897e-05,7.999999797903001e-05
2.846800507032993e-05,7.999999797903001e-05
2.8472005070660893e-05,7.999999797903001e-05
2.8476005070991854e-05,7.999999797903001e-05
2.8480005071322816e-05,7.999999797903001e-05
2.8484005071653777e-05,7.999999797903001e-05
2.848800507198474e-05,7.999999797903001e-05
2.84920050723157e-05,7.999999797903001e-05
2.849600507264666e-05,7.999999797903001e-05
2.8500005072977623e-05,7.999999797903001e-05
2.8504005073308585e-05,7.999999797903001e-05
2.8508005073639546e-05,7.999999797903001e-05
2.8512005073970507e-05,7.999999797903001e-05
2.851600507430147e-05,7.999999797903001e-05
2.852000507463243e-05,7.999999797903001e-05
2.8524005074963392e-05,7.999999797903001e-05
2.8528005075294353e-05,7.999999797903001e-05
2.8532005075625315e-05,7.999999797903001e-05
2.8536005075956276e-05,3.9999998989515007e-05
2.8540005076287238e-05,7.999999797903001e-05
2.85440050766182e-05,7.999999797903001e-05
2.854800507694916e-05,7.999999797903001e-05
2.8552005077280122e-05,7.999999797903001e-05
2.8556005077611084e-05,7.999999797903001e-05
2.8560005077942045e-05,7.999999797903001e-05
2.8564005078273007e-05,7.999999797903001e-05
2.8568005078603968e-05,7.999999797903001e-05
2.857200507893493e-05,7.999999797903001e-05
2.857600507926589e-05,7.999999797903001e-05
2.8580005079596853e-05,7.999999797903001e-05
2.8584005079927814e-05,3.9999998989515007e-05
2.8588005080258776e-05,7.999999797903001e-05
2.8592005080589737e-05,7.999999797903001e-05
2.85960050809207e-05,7.999999797903001e-05
2.860000508125166e-05,7.999999797903001e-05
2.860400508158262e-05,7.999999797903001e-05
2.8608005081913583e-05,7.999999797903001e-05
2.8612005082244545e-05,7.999999797903001e-05
2.8616005082575506e-05,7.999999797903001e-05
2.8620005082906468e-05,7.999999797903001e-05
2.862400508323743e-05,7.999999797903001e-05
2.862800508356839e-05,7.999999797903001e-05
2.8632005083899352e-05,3.9999998989515007e-05
2.8636005084230313e-05,7.999999797903001e-05
2.8640005084561275e-05,7.999999797903001e-05
2.8644005084892236e-05,7.999999797903001e-05
2.8648005085223198e-05,7.999999797903001e-05
2.865200508555416e-05,7.999999797903001e-05
2.865600508588512e-05,7.999999797903001e-05
2.8660005086216082e-05,7.999999797903001e-05
2.8664005086547044e-05,7.999999797903001e-05
2.8668005086878005e-05,7.999999797903001e-05
2.8672005087208967e-05,3.9999998989515007e-05
2.867600508753993e-05,7.999999797903001e-05
2.868000508787089e-05,7.999999797903001e-05
2.868400508820185e-05,7.999999797903001e-05
2.8688005088532813e-05,7.999999797903001e-05
2.8692005088863774e-05,7.999999797903001e-05
2.8696005089194736e-05,7.999999797903001e-05
2.8700005089525697e-05,7.999999797903001e-05
2.870400508985666e-05,7.999999797903001e-05
2.870800509018762e-05,7.999999797903001e-05
2.8712005090518582e-05,3.9999998989515007e-05
2.8716005090849543e-05,7.999999797903001e-05
2.8720005091180505e-05,7.999999797903001e-05
2.8724005091511466e-05,7.999999797903001e-05
2.8728005091842428e-05,7.999999797903001e-05
2.873200509217339e-05,7.999999797903001e-05
2.873600509250435e-05,7.999999797903001e-05
2.8740005092835312e-05,7.999999797903001e-05
2.8744005093166274e-05,7.999999797903001e-05
2.8748005093497235e-05,7.999999797903001e-05
2.8752005093828197e-05,3.9999998989515007e-05
2.8756005094159158e-05,7.999999797903001e-05
2.876000509449012e-05,7.999999797903001e-05
2.876400509482108e-05,7.999999797903001e-05
2.8768005095152042e-05,7.999999797903001e-05
2.8772005095483004e-05,7.999999797903001e-05
2.8776005095813965e-05,7.999999797903001e-05
2.8780005096144927e-05,7.999999797903001e-05
2.878400509647589e-05,7.999999797903001e-05
2.878800509680685e-05,7.999999797903001e-05
2.879200509713781e-05,3.9999998989515007e-05
2.8796005097468773e-05,7.999999797903001e-05
2.8800005097799734e-05,3.9999998989515007e-05
2.8804005098130696e-05,7.999999797903001e-05
2.8808005098461657e-05,3.9999998989515007e-05
2.881200509879262e-05,7.999999797903001e-05
2.881600509912358e-05,7.999999797903001e-05
2.8820005099454542e-05,0.00011999999696854502
2.8824005099785503e-05,7.999999797903001e-05
2.8828005100116465e-05,7.999999797903001e-05
2.8832005100447426e-05,7.999999797903001e-05
2.8836005100778388e-05,7.999999797903001e-05
2.884000510110935e-05,7.999999797903001e-05
2.884400510144031e-05,7.999999797903001e-05
2.8848005101771272e-05,3.9999998989515007e-05
2.8852005102102234e-05,7.999999797903001e-05
2.8856005102433195e-05,3.9999998989515007e-05
2.8860005102764157e-05,7.999999797903001e-05
2.8864005103095118e-05,3.9999998989515007e-05
2.886800510342608e-05,7.999999797903001e-05
2.887200510375704e-05,3.9999998989515007e-05
2.8876005104088003e-05,7.999999797903001e-05
2.8880005104418964e-05,7.999999797903001e-05
2.8884005104749926e-05,7.999999797903001e-05
2.8888005105080887e-05,7.999999797903001e-05
2.889200510541185e-05,0.00011999999696854502
2.889600510574281e-05,7.999999797903001e-05
2.890000510607377e-05,7.999999797903001e-05
2.8904005106404733e-05,7.999999797903001e-05
2.8908005106735694e-05,7.999999797903001e-05
2.8912005107066656e-05,7.999999797903001e-05
2.8916005107397617e-05,7.999999797903001e-05
2.892000510772858e-05,3.9999998989515007e-05
2.892400510805954e-05,7.999999797903001e-05
2.8928005108390502e-05,7.999999797903001e-05
2.8932005108721463e-05,7.999999797903001e-05
2.8936005109052425e-05,7.999999797903001e-05
2.8940005109383386e-05,7.999999797903001e-05
2.8944005109714348e-05,7.999999797903001e-05
2.894800511004531e-05,7.999999797903001e-05
2.895200511037627e-05,7.999999797903001e-05
2.8956005110707232e-05,7.999999797903001e-05
2.8960005111038194e-05,7.999999797903001e-05
2.8964005111369155e-05,7.999999797903001e-05
2.8968005111700117e-05,7.999999797903001e-05
2.8972005112031078e-05,7.999999797903001e-05
2.897600511236204e-05,3.9999998989515007e-05
2.8980005112693e-05,7.999999797903001e-05
2.8984005113023963e-05,7.999999797903001e-05
2.8988005113354924e-05,7.999999797903001e-05
2.8992005113685886e-05,3.9999998989515007e-05
2.8996005114016847e-05,7.999999797903001e-05
2.900000511434781e-05,7.999999797903001e-05
2.900400511467877e-05,7.999999797903001e-05
2.900800511500973e-05,7.999999797903001e-05
2.9012005115340693e-05,7.999999797903001e-05
2.9016005115671654e-05,7.999999797903001e-05
2.9020005116002616e-05,7.999999797903001e-05
2.9024005116333577e-05,7.999999797903001e-05
2.902800511666454e-05,7.999999797903001e-05
2.90320051169955e-05,3.9999998989515007e-05
2.9036005117326462e-05,7.999999797903001e-05
2.9040005117657423e-05,7.999999797903001e-05
2.9044005117988385e-05,7.999999797903001e-05
2.9048005118319346e-05,7.999999797903001e-05
2.9052005118650308e-05,7.999999797903001e-05
2.905600511898127e-05,3.9999998989515007e-05
2.906000511931223e-05,7.999999797903001e-05
2.9064005119643192e-05,7.999999797903001e-05
2.9068005119974154e-05,7.999999797903001e-05
2.9072005120305115e-05,7.999999797903001e-05
2.9076005120636077e-05,7.999999797903001e-05
2.9080005120967038e-05,7.999999797903001e-05
2.9084005121298e-05,7.999999797903001e-05
2.908800512162896e-05,3.9999998989515007e-05
2.9092005121959923e-05,7.999999797903001e-05
2.9096005122290884e-05,7.999999797903001e-05
2.9100005122621846e-05,7.999999797903001e-05
2.9104005122952807e-05,7.999999797903001e-05
2.910800512328377e-05,7.999999797903001e-05
2.911200512361473e-05,3.9999998989515007e-05
2.911600512394569e-05,7.999999797903001e-05
2.9120005124276653e-05,3.9999998989515007e-05
2.9124005124607615e-05,7.999999797903001e-05
2.9128005124938576e-05,7.999999797903001e-05
2.9132005125269538e-05,7.999999797903001e-05
2.91360051256005e-05,7.999999797903001e-05
2.914000512593146e-05,7.999999797903001e-05
2.9144005126262422e-05,7.999999797903001e-05
2.9148005126593383e-05,7.999999797903001e-05
2.9152005126924345e-05,7.999999797903001e-05
2.9156005127255306e-05,7.999999797903001e-05
2.9160005127586268e-05,3.9999998989515007e-05
2.916400512791723e-05,7.999999797903001e-05
2.916800512824819e-05,7.999999797903001e-05
2.9172005128579152e-05,7.999999797903001e-05
2.9176005128910114e-05,7.999999797903001e-05
2.9180005129241075e-05,7.999999797903001e-05
2.9184005129572037e-05,7.999999797903001e-05
2.9188005129902998e-05,7.999999797903001e-05
2.919200513023396e-05,7.999999797903001e-05
2.919600513056492e-05,7.999999797903001e-05
2.9200005130895883e-05,3.9999998989515007e-05
2.9204005131226844e-05,7.999999797903001e-05
2.9208005131557806e-05,3.9999998989515007e-05
2.9212005131888767e-05,7.999999797903001e-05
2.921600513221973e-05,3.9999998989515007e-05
2.922000513255069e-05,7.999999797903001e-05
2.922400513288165e-05,7.999999797903001e-05
2.9228005133212613e-05,7.999999797903001e-05
2.9232005133543575e-05,7.999999797903001e-05
2.9236005133874536e-05,7.999999797903001e-05
2.9240005134205498e-05,3.9999998989515007e-05
2.924400513453646e-05,7.999999797903001e-05
2.924800513486742e-05,3.9999998989515007e-05
2.9252005135198382e-05,7.999999797903001e-05
2.9256005135529344e-05,3.9999998989515007e-05
2.9260005135860305e-05,7.999999797903001e-05
2.9264005136191266e-05,7.999999797903001e-05
2.9268005136522228e-05,7.999999797903001e-05
2.927200513685319e-05,7.999999797903001e-05
2.927600513718415e-05,7.999999797903001e-05
2.9280005137515112e-05,7.999999797903001e-05
2.9284005137846074e-05,7.999999797903001e-05
2.9288005138177035e-05,7.999999797903001e-05
2.9292005138507997e-05,7.999999797903001e-05
2.929600513883896e-05,3.9999998989515007e-05
2.930000513916992e-05,7.999999797903001e-05
2.930400513950088e-05,7.999999797903001e-05
2.9308005139831843e-05,7.999999797903001e-05
2.9312005140162804e-05,7.999999797903001e-05
2.9316005140493766e-05,7.999999797903001e-05
2.9320005140824727e-05,7.999999797903001e-05
2.932400514115569e-05,7.999999797903001e-05
2.932800514148665e-05,7.999999797903001e-05
2.9332005141817612e-05,7.999999797903001e-05
2.9336005142148573e-05,7.999999797903001e-05
2.9340005142479535e-05,0.00011999999696854502
2.9344005142810496e-05,7.999999797903001e-05
2.9348005143141458e-05,7.999999797903001e-05
2.935200514347242e-05,7.999999797903001e-05
2.935600514380338e-05,7.999999797903001e-05
2.9360005144134342e-05,7.999999797903001e-05
2.9364005144465304e-05,7.999999797903001e-05
2.9368005144796265e-05,7.999999797903001e-05
2.9372005145127227e-05,7.999999797903001e-05
2.9376005145458188e-05,7.999999797903001e-05
2.938000514578915e-05,7.999999797903001e-05
2.938400514612011e-05,7.999999797903001e-05
2.9388005146451072e-05,7.999999797903001e-05
2.9392005146782034e-05,7.999999797903001e-05
2.9396005147112995e-05,7.999999797903001e-05
2.9400005147443957e-05,7.999999797903001e-05
2.940400514777492e-05,7.999999797903001e-05
2.940800514810588e-05,3.9999998989515007e-05
2.941200514843684e-05,7.999999797903001e-05
2.9416005148767803e-05,7.999999797903001e-05
2.9420005149098764e-05,7.999999797903001e-05
2.9424005149429726e-05,7.999999797903001e-05
2.9428005149760687e-05,7.999999797903001e-05
2.943200515009165e-05,7.999999797903001e-05
2.943600515042261e-05,7.999999797903001e-05
2.9440005150753572e-05,7.999999797903001e-05
2.9444005151084533e-05,7.999999797903001e-05
2.9448005151415495e-05,3.9999998989515007e-05
2.9452005151746456e-05,3.9999998989515007e-05
2.9456005152077418e-05,3.9999998989515007e-05
2.946000515240838e-05,7.999999797903001e-05
2.946400515273934e-05,7.999999797903001e-05
2.9468005153070302e-05,7.999999797903001e-05
2.9472005153401264e-05,7.999999797903001e-05
2.9476005153732225e-05,0.00011999999696854502
2.9480005154063187e-05,7.999999797903001e-05
2.9484005154394148e-05,7.999999797903001e-05
2.948800515472511e-05,7.999999797903001e-05
2.949200515505607e-05,7.999999797903001e-05
2.9496005155387033e-05,7.999999797903001e-05
2.9500005155717994e-05,3.9999998989515007e-05
2.9504005156048956e-05,3.9999998989515007e-05
2.9508005156379917e-05,7.999999797903001e-05
2.951200515671088e-05,7.999999797903001e-05
2.951600515704184e-05,7.999999797903001e-05
2.95200051573728e-05,7.999999797903001e-05
2.9524005157703763e-05,7.999999797903001e-05
2.9528005158034724e-05,7.999999797903001e-05
2.9532005158365686e-05,7.999999797903001e-05
2.9536005158696647e-05,7.999999797903001e-05
2.954000515902761e-05,7.999999797903001e-05
2.954400515935857e-05,7.999999797903001e-05
2.9548005159689532e-05,7.999999797903001e-05
2.9552005160020493e-05,7.999999797903001e-05
2.9556005160351455e-05,7.999999797903001e-05
2.9560005160682416e-05,7.999999797903001e-05
2.9564005161013378e-05,7.999999797903001e-05
2.956800516134434e-05,3.9999998989515007e-05
2.95720051616753e-05,3.9999998989515007e-05
2.9576005162006262e-05,3.9999998989515007e-05
2.9580005162337224e-05,3.9999998989515007e-05
2.9584005162668185e-05,7.999999797903001e-05
2.9588005162999147e-05,7.999999797903001e-05
2.9592005163330108e-05,7.999999797903001e-05
2.959600516366107e-05,7.999999797903001e-05
2.960000516399203e-05,7.999999797903001e-05
2.9604005164322993e-05,7.999999797903001e-05
2.9608005164653954e-05,7.999999797903001e-05
2.9612005164984916e-05,7.999999797903001e-05
2.9616005165315877e-05,7.999999797903001e-05
2.962000516564684e-05,7.999999797903001e-05
2.96240051659778e-05,3.9999998989515007e-05
2.962800516630876e-05,3.9999998989515007e-05
2.9632005166639723e-05,3.9999998989515007e-05
2.9636005166970684e-05,7.999999797903001e-05
2.9640005167301646e-05,7.999999797903001e-05
2.9644005167632607e-05,7.999999797903001e-05
2.964800516796357e-05,7.999999797903001e-05
2.965200516829453e-05,7.999999797903001e-05
2.9656005168625492e-05,7.999999797903001e-05
2.9660005168956453e-05,7.999999797903001e-05
2.9664005169287415e-05,7.999999797903001e-05
2.9668005169618376e-05,0.00011999999696854502
2.9672005169949338e-05,7.999999797903001e-05
2.96760051702803e-05,7.999999797903001e-05
2.968000517061126e-05,3.9999998989515007e-05
2.9684005170942222e-05,3.9999998989515007e-05
2.9688005171273184e-05,3.9999998989515007e-05
2.9692005171604145e-05,7.999999797903001e-05
2.9696005171935107e-05,3.9999998989515007e-05
2.9700005172266068e-05,7.999999797903001e-05
2.970400517259703e-05,3.9999998989515007e-05
2.970800517292799e-05,7.999999797903001e-05
2.9712005173258953e-05,7.999999797903001e-05
2.9716005173589914e-05,7.999999797903001e-05
2.9720005173920876e-05,7.999999797903001e-05
2.9724005174251837e-05,7.999999797903001e-05
2.97280051745828e-05,7.999999797903001e-05
2.973200517491376e-05,7.999999797903001e-05
2.973600517524472e-05,7.999999797903001e-05
2.9740005175575683e-05,7.999999797903001e-05
2.9744005175906645e-05,7.999999797903001e-05
2.9748005176237606e-05,7.999999797903001e-05
2.9752005176568568e-05,7.999999797903001e-05
2.975600517689953e-05,7.999999797903001e-05
2.976000517723049e-05,3.9999998989515007e-05
2.9764005177561452e-05,7.999999797903001e-05
2.9768005177892413e-05,7.999999797903001e-05
2.9772005178223375e-05,7.999999797903001e-05
2.9776005178554336e-05,3.9999998989515007e-05
2.9780005178885298e-05,7.999999797903001e-05
2.978400517921626e-05,7.999999797903001e-05
2.978800517954722e-05,7.999999797903001e-05
2.9792005179878182e-05,7.999999797903001e-05
2.9796005180209144e-05,7.999999797903001e-05
2.9800005180540105e-05,7.999999797903001e-05
2.9804005180871067e-05,7.999999797903001e-05
2.980800518120203e-05,7.999999797903001e-05
2.981200518153299e-05,7.999999797903001e-05
2.981600518186395e-05,3.9999998989515007e-05
2.9820005182194913e-05,7.999999797903001e-05
2.9824005182525874e-05,3.9999998989515007e-05
2.9828005182856836e-05,7.999999797903001e-05
2.9832005183187797e-05,7.999999797903001e-05
2.983600518351876e-05,7.999999797903001e-05
2.984000518384972e-05,7.999999797903001e-05
2.984400518418068e-05,7.999999797903001e-05
2.9848005184511643e-05,7.999999797903001e-05
2.9852005184842605e-05,0.00011999999696854502
2.9856005185173566e-05,7.999999797903001e-05
2.9860005185504528e-05,7.999999797903001e-05
2.986400518583549e-05,7.999999797903001e-05
2.986800518616645e-05,7.999999797903001e-05
2.9872005186497412e-05,3.9999998989515007e-05
2.9876005186828374e-05,7.999999797903001e-05
2.9880005187159335e-05,7.999999797903001e-05
2.9884005187490297e-05,7.999999797903001e-05
2.9888005187821258e-05,7.999999797903001e-05
2.989200518815222e-05,7.999999797903001e-05
2.989600518848318e-05,3.9999998989515007e-05
2.9900005188814142e-05,7.999999797903001e-05
2.9904005189145104e-05,7.999999797903001e-05
2.9908005189476065e-05,7.999999797903001e-05
2.9912005189807027e-05,7.999999797903001e-05
2.991600519013799e-05,7.999999797903001e-05
2.992000519046895e-05,7.999999797903001e-05
2.992400519079991e-05,0.00011999999696854502
2.9928005191130873e-05,7.999999797903001e-05
2.9932005191461834e-05,7.999999797903001e-05
2.9936005191792796e-05,7.999999797903001e-05
2.9940005192123757e-05,3.9999998989515007e-05
2.994400519245472e-05,3.9999998989515007e-05
2.994800519278568e-05,3.9999998989515007e-05
2.9952005193116642e-05,7.999999797903001e-05
2.9956005193447603e-05,7.999999797903001e-05
2.9960005193778565e-05,7.999999797903001e-05
2.9964005194109526e-05,7.999999797903001e-05
2.9968005194440488e-05,7.999999797903001e-05
2.997200519477145e-05,7.999999797903001e-05
2.997600519510241e-05,7.999999797903001e-05
2.9980005195433372e-05,7.999999797903001e-05
2.9984005195764334e-05,7.999999797903001e-05
2.9988005196095295e-05,7.999999797903001e-05
2.9992005196426257e-05,7.999999797903001e-05
2.9996005196757218e-05,7.999999797903001e-05
3.000000519708818e-05,7.999999797903001e-05
3.000400519741914e-05,7.999999797903001e-05
3.0008005197750103e-05,7.999999797903001e-05
3.0012005198081064e-05,7.999999797903001e-05
3.0016005198412025e-05,7.999999797903001e-05
3.0020005198742987e-05,7.999999797903001e-05
3.002400519907395e-05,7.999999797903001e-05
3.002800519940491e-05,7.999999797903001e-05
3.003200519973587e-05,3.9999998989515007e-05
3.0036005200066833e-05,7.999999797903001e-05
3.0040005200397794e-05,7.999999797903001e-05
3.0044005200728756e-05,7.999999797903001e-05
3.0048005201059717e-05,7.999999797903001e-05
3.005200520139068e-05,7.999999797903001e-05
3.005600520172164e-05,3.9999998989515007e-05
3.0060005202052602e-05,7.999999797903001e-05
3.0064005202383563e-05,3.9999998989515007e-05
3.0068005202714525e-05,7.999999797903001e-05
3.0072005203045486e-05,7.999999797903001e-05
3.0076005203376448e-05,7.999999797903001e-05
3.008000520370741e-05,7.999999797903001e-05
3.008400520403837e-05,7.999999797903001e-05
3.0088005204369332e-05,7.999999797903001e-05
3.0092005204700294e-05,7.999999797903001e-05
3.0096005205031255e-05,7.999999797903001e-05
3.0100005205362217e-05,7.999999797903001e-05
3.0104005205693178e-05,7.999999797903001e-05
3.010800520602414e-05,7.999999797903001e-05
3.01120052063551e-05,3.9999998989515007e-05
3.0116005206686063e-05,7.999999797903001e-05
3.0120005207017024e-05,7.999999797903001e-05
3.0124005207347986e-05,7.999999797903001e-05
3.0128005207678947e-05,7.999999797903001e-05
3.013200520800991e-05,7.999999797903001e-05
3.013600520834087e-05,7.999999797903001e-05
3.014000520867183e-05,7.999999797903001e-05
3.0144005209002793e-05,7.999999797903001e-05
3.0148005209333754e-05,7.999999797903001e-05
3.0152005209664716e-05,3.9999998989515007e-05
3.0156005209995677e-05,7.999999797903001e-05
3.016000521032664e-05,3.9999998989515007e-05
3.01640052106576e-05,7.999999797903001e-05
3.0168005210988562e-05,7.999999797903001e-05
3.0172005211319523e-05,7.999999797903001e-05
3.0176005211650485e-05,7.999999797903001e-05
3.0180005211981446e-05,7.999999797903001e-05
3.0184005212312408e-05,3.9999998989515007e-05
3.018800521264337e-05,7.999999797903001e-05
3.019200521297433e-05,7.999999797903001e-05
3.0196005213305292e-05,7.999999797903001e-05
3.0200005213636254e-05,7.999999797903001e-05
3.0204005213967215e-05,7.999999797903001e-05
3.0208005214298177e-05,7.999999797903001e-05
3.0212005214629138e-05,7.999999797903001e-05
3.02160052149601e-05,7.999999797903001e-05
3.022000521529106e-05,7.999999797903001e-05
3.0224005215622023e-05,7.999999797903001e-05
3.0228005215952984e-05,7.999999797903001e-05
3.0232005216283946e-05,3.9999998989515007e-05
3.0236005216614907e-05,7.999999797903001e-05
3.024000521694587e-05,7.999999797903001e-05
3.024400521727683e-05,7.999999797903001e-05
3.024800521760779e-05,7.999999797903001e-05
3.0252005217938753e-05,7.999999797903001e-05
3.0256005218269715e-05,3.9999998989515007e-05
3.0260005218600676e-05,7.999999797903001e-05
3.0264005218931637e-05,3.9999998989515007e-05
3.02680052192626e-05,7.999999797903001e-05
3.027200521959356e-05,7.999999797903001e-05
3.0276005219924522e-05,7.999999797903001e-05
3.0280005220255483e-05,7.999999797903001e-05
3.0284005220586445e-05,7.999999797903001e-05
3.0288005220917406e-05,7.999999797903001e-05
3.0292005221248368e-05,7.999999797903001e-05
3.029600522157933e-05,3.9999998989515007e-05
3.030000522191029e-05,3.9999998989515007e-05
3.0304005222241252e-05,3.9999998989515007e-05
3.0308005222572214e-05,7.999999797903001e-05
3.0312005222903175e-05,7.999999797903001e-05
3.0316005223234137e-05,7.999999797903001e-05
3.0320005223565098e-05,3.9999998989515007e-05
3.032400522389606e-05,7.999999797903001e-05
3.032800522422702e-05,7.999999797903001e-05
3.0332005224557983e-05,7.999999797903001e-05
3.0336005224888944e-05,7.999999797903001e-05
3.0340005225219906e-05,7.999999797903001e-05
3.0344005225550867e-05,7.999999797903001e-05
3.034800522588183e-05,7.999999797903001e-05
3.035200522621279e-05,7.999999797903001e-05
3.035600522654375e-05,7.999999797903001e-05
3.0360005226874713e-05,7.999999797903001e-05
3.0364005227205675e-05,7.999999797903001e-05
3.0368005227536636e-05,7.999999797903001e-05
3.0372005227867598e-05,7.999999797903001e-05
3.037600522819856e-05,7.999999797903001e-05
3.038000522852952e-05,7.999999797903001e-05
3.0384005228860482e-05,7.999999797903001e-05
3.0388005229191443e-05,7.999999797903001e-05
3.0392005229522405e-05,7.999999797903001e-05
3.0396005229853366e-05,7.999999797903001e-05
3.0400005230184328e-05,7.999999797903001e-05
3.040400523051529e-05,7.999999797903001e-05
3.040800523084625e-05,7.999999797903001e-05
3.0412005231177212e-05,7.999999797903001e-05
3.0416005231508174e-05,7.999999797903001e-05
3.0420005231839135e-05,7.999999797903001e-05
3.0424005232170097e-05,7.999999797903001e-05
3.042800523250106e-05,7.999999797903001e-05
3.043200523283202e-05,3.9999998989515007e-05
3.043600523316298e-05,7.999999797903001e-05
3.0440005233493943e-05,3.9999998989515007e-05
3.0444005233824904e-05,7.999999797903001e-05
3.0448005234155866e-05,7.999999797903001e-05
3.0452005234486827e-05,7.999999797903001e-05
3.045600523481779e-05,7.999999797903001e-05
3.046000523514875e-05,7.999999797903001e-05
3.046400523547971e-05,7.999999797903001e-05
3.0468005235810673e-05,7.999999797903001e-05
3.0472005236141635e-05,7.999999797903001e-05
3.0476005236472596e-05,7.999999797903001e-05
3.0480005236803558e-05,7.999999797903001e-05
3.048400523713452e-05,7.999999797903001e-05
3.048800523746548e-05,7.999999797903001e-05
3.0492005237796442e-05,7.999999797903001e-05
3.0496005238127404e-05,7.999999797903001e-05
3.0500005238458365e-05,7.999999797903001e-05
3.0504005238789327e-05,7.999999797903001e-05
3.0508005239120288e-05,7.999999797903001e-05
3.051200523945125e-05,7.999999797903001e-05
3.051600523978221e-05,7.999999797903001e-05
3.052000524011317e-05,7.999999797903001e-05
3.0524005240444134e-05,7.999999797903001e-05
3.0528005240775095e-05,7.999999797903001e-05
3.053200524110606e-05,0.00011999999696854502
3.053600524143702e-05,7.999999797903001e-05
3.054000524176798e-05,7.999999797903001e-05
3.054400524209894e-05,7.999999797903001e-05
3.05480052424299e-05,7.999999797903001e-05
3.0552005242760864e-05,3.9999998989515007e-05
3.0556005243091826e-05,3.9999998989515007e-05
3.056000524342279e-05,7.999999797903001e-05
3.056400524375375e-05,7.999999797903001e-05
3.056800524408471e-05,7.999999797903001e-05
3.057200524441567e-05,7.999999797903001e-05
3.057600524474663e-05,3.9999998989515007e-05
3.0580005245077595e-05,7.999999797903001e-05
3.0584005245408556e-05,7.999999797903001e-05
3.058800524573952e-05,7.999999797903001e-05
3.059200524607048e-05,7.999999797903001e-05
3.059600524640144e-05,7.999999797903001e-05
3.06000052467324e-05,7.999999797903001e-05
3.0604005247063364e-05,7.999999797903001e-05
3.0608005247394325e-05,7.999999797903001e-05
3.0612005247725287e-05,7.999999797903001e-05
3.061600524805625e-05,7.999999797903001e-05
3.062000524838721e-05,7.999999797903001e-05
3.062400524871817e-05,3.9999998989515007e-05
3.062800524904913e-05,7.999999797903001e-05
3.0632005249380094e-05,3.9999998989515007e-05
3.0636005249711055e-05,7.999999797903001e-05
3.064000525004202e-05,7.999999797903001e-05
3.064400525037298e-05,7.999999797903001e-05
3.064800525070394e-05,7.999999797903001e-05
3.06520052510349e-05,7.999999797903001e-05
3.065600525136586e-05,7.999999797903001e-05
3.0660005251696824e-05,7.999999797903001e-05
3.0664005252027786e-05,7.999999797903001e-05
3.066800525235875e-05,7.999999797903001e-05
3.067200525268971e-05,7.999999797903001e-05
3.067600525302067e-05,7.999999797903001e-05
3.068000525335163e-05,7.999999797903001e-05
3.068400525368259e-05,7.999999797903001e-05
3.0688005254013555e-05,7.999999797903001e-05
3.0692005254344516e-05,7.999999797903001e-05
3.069600525467548e-05,7.999999797903001e-05
3.070000525500644e-05,7.999999797903001e-05
3.07040052553374e-05,7.999999797903001e-05
3.070800525566836e-05,7.999999797903001e-05
3.0712005255999324e-05,7.999999797903001e-05
3.0716005256330285e-05,7.999999797903001e-05
3.072000525666125e-05,7.999999797903001e-05
3.072400525699221e-05,7.999999797903001e-05
3.072800525732317e-05,7.999999797903001e-05
3.073200525765413e-05,7.999999797903001e-05
3.073600525798509e-05,7.999999797903001e-05
3.0740005258316054e-05,7.999999797903001e-05
3.0744005258647016e-05,3.9999998989515007e-05
3.074800525897798e-05,7.999999797903001e-05
3.075200525930894e-05,7.999999797903001e-05
3.07560052596399e-05,7.999999797903001e-05
3.076000525997086e-05,3.9999998989515007e-05
3.076400526030182e-05,7.999999797903001e-05
3.0768005260632784e-05,7.999999797903001e-05
3.0772005260963746e-05,7.999999797903001e-05
3.077600526129471e-05,7.999999797903001e-05
3.078000526162567e-05,7.999999797903001e-05
3.078400526195663e-05,7.999999797903001e-05
3.078800526228759e-05,7.999999797903001e-05
3.079200526261855e-05,7.999999797903001e-05
3.0796005262949515e-05,7.999999797903001e-05
3.0800005263280476e-05,7.999999797903001e-05
3.080400526361144e-05,7.999999797903001e-05
3.08080052639424e-05,7.999999797903001e-05
3.081200526427336e-05,7.999999797903001e-05
3.081600526460432e-05,7.999999797903001e-05
3.0820005264935284e-05,7.999999797903001e-05
3.0824005265266245e-05,3.9999998989515007e-05
3.082800526559721e-05,7.999999797903001e-05
3.083200526592817e-05,7.999999797903001e-05
3.083600526625913e-05,7.999999797903001e-05
3.084000526659009e-05,7.999999797903001e-05
3.084400526692105e-05,7.999999797903001e-05
3.0848005267252014e-05,7.999999797903001e-05
3.0852005267582976e-05,7.999999797903001e-05
3.085600526791394e-05,7.999999797903001e-05
3.08600052682449e-05,7.999999797903001e-05
3.086400526857586e-05,7.999999797903001e-05
3.086800526890682e-05,7.999999797903001e-05
3.087200526923778e-05,3.9999998989515007e-05
3.0876005269568745e-05,7.999999797903001e-05
3.0880005269899706e-05,3.9999998989515007e-05
3.088400527023067e-05,7.999999797903001e-05
3.088800527056163e-05,7.999999797903001e-05
3.089200527089259e-05,7.999999797903001e-05
3.089600527122355e-05,7.999999797903001e-05
3.0900005271554513e-05,7.999999797903001e-05
3.0904005271885475e-05,7.999999797903001e-05
3.0908005272216436e-05,7.999999797903001e-05
3.09120052725474e-05,7.999999797903001e-05
3.091600527287836e-05,7.999999797903001e-05
3.092000527320932e-05,7.999999797903001e-05
3.092400527354028e-05,7.999999797903001e-05
3.0928005273871244e-05,7.999999797903001e-05
3.0932005274202205e-05,7.999999797903001e-05
3.093600527453317e-05,7.999999797903001e-05
3.094000527486413e-05,7.999999797903001e-05
3.094400527519509e-05,7.999999797903001e-05
3.094800527552605e-05,7.999999797903001e-05
3.095200527585701e-05,3.9999998989515007e-05
3.0956005276187974e-05,7.999999797903001e-05
3.0960005276518936e-05,3.9999998989515007e-05
3.09640052768499e-05,7.999999797903001e-05
3.096800527718086e-05,7.999999797903001e-05
3.097200527751182e-05,7.999999797903001e-05
3.097600527784278e-05,7.999999797903001e-05
3.098000527817374e-05,7.999999797903001e-05
3.0984005278504705e-05,7.999999797903001e-05
3.0988005278835666e-05,7.999999797903001e-05
3.099200527916663e-05,7.999999797903001e-05
3.099600527949759e-05,7.999999797903001e-05
3.100000527982855e-05,7.999999797903001e-05
3.100400528015951e-05,7.999999797903001e-05
3.1008005280490474e-05,7.999999797903001e-05
3.1012005280821435e-05,7.999999797903001e-05
3.1016005281152396e-05,7.999999797903001e-05
3.102000528148336e-05,7.999999797903001e-05
3.102400528181432e-05,7.999999797903001e-05
3.102800528214528e-05,7.999999797903001e-05
3.103200528247624e-05,7.999999797903001e-05
3.1036005282807204e-05,7.999999797903001e-05
3.1040005283138165e-05,7.999999797903001e-05
3.104400528346913e-05,7.999999797903001e-05
3.104800528380009e-05,7.999999797903001e-05
3.105200528413105e-05,7.999999797903001e-05
3.105600528446201e-05,7.999999797903001e-05
3.106000528479297e-05,7.999999797903001e-05
3.1064005285123934e-05,7.999999797903001e-05
3.1068005285454896e-05,7.999999797903001e-05
3.107200528578586e-05,7.999999797903001e-05
3.107600528611682e-05,7.999999797903001e-05
3.108000528644778e-05,3.9999998989515007e-05
3.108400528677874e-05,7.999999797903001e-05
3.10880052871097e-05,3.9999998989515007e-05
3.1092005287440665e-05,7.999999797903001e-05
3.1096005287771626e-05,7.999999797903001e-05
3.110000528810259e-05,7.999999797903001e-05
3.110400528843355e-05,7.999999797903001e-05
3.110800528876451e-05,3.9999998989515007e-05
3.111200528909547e-05,3.9999998989515007e-05
3.1116005289426434e-05,7.999999797903001e-05
3.1120005289757395e-05,7.999999797903001e-05
3.1124005290088357e-05,7.999999797903001e-05
3.112800529041932e-05,7.999999797903001e-05
3.113200529075028e-05,7.999999797903001e-05
3.113600529108124e-05,7.999999797903001e-05
3.11400052914122e-05,0.00011999999696854502
3.1144005291743164e-05,7.999999797903001e-05
3.1148005292074125e-05,7.999999797903001e-05
3.115200529240509e-05,7.999999797903001e-05
3.115600529273605e-05,7.999999797903001e-05
3.116000529306701e-05,3.9999998989515007e-05
3.116400529339797e-05,7.999999797903001e-05
3.116800529372893e-05,7.999999797903001e-05
3.1172005294059894e-05,7.999999797903001e-05
3.1176005294390856e-05,7.999999797903001e-05
3.118000529472182e-05,7.999999797903001e-05
3.118400529505278e-05,7.999999797903001e-05
3.118800529538374e-05,7.999999797903001e-05
3.11920052957147e-05,7.999999797903001e-05
3.119600529604566e-05,7.999999797903001e-05
3.1200005296376625e-05,7.999999797903001e-05
3.1204005296707586e-05,7.999999797903001e-05
3.120800529703855e-05,7.999999797903001e-05
3.121200529736951e-05,7.999999797903001e-05
3.121600529770047e-05,3.9999998989515007e-05
3.122000529803143e-05,7.999999797903001e-05
3.1224005298362394e-05,7.999999797903001e-05
3.1228005298693355e-05,7.999999797903001e-05
3.123200529902432e-05,7.999999797903001e-05
3.123600529935528e-05,7.999999797903001e-05
3.124000529968624e-05,7.999999797903001e-05
3.12440053000172e-05,7.999999797903001e-05
3.124800530034816e-05,7.999999797903001e-05
3.1252005300679124e-05,7.999999797903001e-05
3.1256005301010086e-05,7.999999797903001e-05
3.126000530134105e-05,7.999999797903001e-05
3.126400530167201e-05,7.999999797903001e-05
3.126800530200297e-05,7.999999797903001e-05
3.127200530233393e-05,7.999999797903001e-05
3.127600530266489e-05,7.999999797903001e-05
3.1280005302995854e-05,7.999999797903001e-05
3.1284005303326816e-05,7.999999797903001e-05
3.128800530365778e-05,7.999999797903001e-05
3.129200530398874e-05,7.999999797903001e-05
3.12960053043197e-05,7.999999797903001e-05
3.130000530465066e-05,7.999999797903001e-05
3.130400530498162e-05,7.999999797903001e-05
3.1308005305312585e-05,7.999999797903001e-05
3.1312005305643546e-05,3.9999998989515007e-05
3.131600530597451e-05,7.999999797903001e-05
3.132000530630547e-05,7.999999797903001e-05
3.132400530663643e-05,7.999999797903001e-05
3.132800530696739e-05,3.9999998989515007e-05
3.1332005307298354e-05,3.9999998989515007e-05
3.1336005307629315e-05,7.999999797903001e-05
3.134000530796028e-05,7.999999797903001e-05
3.134400530829124e-05,7.999999797903001e-05
3.13480053086222e-05,7.999999797903001e-05
3.135200530895316e-05,7.999999797903001e-05
3.135600530928412e-05,7.999999797903001e-05
3.1360005309615084e-05,7.999999797903001e-05
3.1364005309946046e-05,7.999999797903001e-05
3.136800531027701e-05,3.9999998989515007e-05
3.137200531060797e-05,7.999999797903001e-05
3.137600531093893e-05,7.999999797903001e-05
3.138000531126989e-05,7.999999797903001e-05
3.138400531160085e-05,7.999999797903001e-05
3.1388005311931814e-05,7.999999797903001e-05
3.1392005312262776e-05,7.999999797903001e-05
3.139600531259374e-05,7.999999797903001e-05
3.14000053129247e-05,3.9999998989515007e-05
3.140400531325566e-05,7.999999797903001e-05
3.140800531358662e-05,7.999999797903001e-05
3.1412005313917583e-05,7.999999797903001e-05
3.1416005314248545e-05,7.999999797903001e-05
3.1420005314579506e-05,7.999999797903001e-05
3.142400531491047e-05,7.999999797903001e-05
3.142800531524143e-05,7.999999797903001e-05
3.143200531557239e-05,7.999999797903001e-05
3.143600531590335e-05,7.999999797903001e-05
3.1440005316234314e-05,7.999999797903001e-05
3.1444005316565275e-05,7.999999797903001e-05
3.144800531689624e-05,7.999999797903001e-05
3.14520053172272e-05,7.999999797903001e-05
3.145600531755816e-05,7.999999797903001e-05
3.146000531788912e-05,7.999999797903001e-05
3.146400531822008e-05,7.999999797903001e-05
3.1468005318551044e-05,7.999999797903001e-05
3.1472005318882006e-05,7.999999797903001e-05
3.147600531921297e-05,7.999999797903001e-05
3.148000531954393e-05,7.999999797903001e-05
3.148400531987489e-05,7.999999797903001e-05
3.148800532020585e-05,7.999999797903001e-05
3.149200532053681e-05,7.999999797903001e-05
3.1496005320867775e-05,7.999999797903001e-05
3.1500005321198736e-05,7.999999797903001e-05
3.15040053215297e-05,7.999999797903001e-05
3.150800532186066e-05,7.999999797903001e-05
3.151200532219162e-05,7.999999797903001e-05
3.151600532252258e-05,7.999999797903001e-05
3.1520005322853543e-05,3.9999998989515007e-05
3.1524005323184505e-05,7.999999797903001e-05
3.1528005323515466e-05,7.999999797903001e-05
3.153200532384643e-05,7.999999797903001e-05
3.153600532417739e-05,7.999999797903001e-05
3.154000532450835e-05,7.999999797903001e-05
3.154400532483931e-05,7.999999797903001e-05
3.1548005325170274e-05,7.999999797903001e-05
3.1552005325501235e-05,7.999999797903001e-05
3.15560053258322e-05,7.999999797903001e-05
3.156000532616316e-05,7.999999797903001e-05
3.156400532649412e-05,3.9999998989515007e-05
3.156800532682508e-05,3.9999998989515007e-05
3.157200532715604e-05,7.999999797903001e-05
3.1576005327487004e-05,7.999999797903001e-05
3.1580005327817966e-05,7.999999797903001e-05
3.158400532814893e-05,7.999999797903001e-05
3.158800532847989e-05,7.999999797903001e-05
3.159200532881085e-05,7.999999797903001e-05
3.159600532914181e-05,7.999999797903001e-05
3.160000532947277e-05,7.999999797903001e-05
3.1604005329803735e-05,7.999999797903001e-05
3.1608005330134696e-05,3.9999998989515007e-05
3.161200533046566e-05,7.999999797903001e-05
3.161600533079662e-05,7.999999797903001e-05
3.162000533112758e-05,7.999999797903001e-05
3.162400533145854e-05,7.999999797903001e-05
3.1628005331789504e-05,7.999999797903001e-05
3.1632005332120465e-05,7.999999797903001e-05
3.1636005332451426e-05,7.999999797903001e-05
3.164000533278239e-05,7.999999797903001e-05
3.164400533311335e-05,7.999999797903001e-05
3.164800533344431e-05,7.999999797903001e-05
3.165200533377527e-05,7.999999797903001e-05
3.1656005334106234e-05,7.999999797903001e-05
3.1660005334437195e-05,7.999999797903001e-05
3.166400533476816e-05,7.999999797903001e-05
3.166800533509912e-05,7.999999797903001e-05
3.167200533543008e-05,7.999999797903001e-05
3.167600533576104e-05,7.999999797903001e-05
3.1680005336092e-05,7.999999797903001e-05
3.1684005336422964e-05,7.999999797903001e-05
3.1688005336753926e-05,3.9999998989515007e-05
3.169200533708489e-05,7.999999797903001e-05
3.169600533741585e-05,3.9999998989515007e-05
3.170000533774681e-05,7.999999797903001e-05
3.170400533807777e-05,7.999999797903001e-05
3.170800533840873e-05,7.999999797903001e-05
3.1712005338739695e-05,7.999999797903001e-05
3.1716005339070656e-05,7.999999797903001e-05
3.172000533940162e-05,7.999999797903001e-05
3.172400533973258e-05,7.999999797903001e-05
3.172800534006354e-05,3.9999998989515007e-05
3.17320053403945e-05,7.999999797903001e-05
3.1736005340725464e-05,7.999999797903001e-05
3.1740005341056425e-05,7.999999797903001e-05
3.1744005341387387e-05,7.999999797903001e-05
3.174800534171835e-05,7.999999797903001e-05
3.175200534204931e-05,7.999999797903001e-05
3.175600534238027e-05,7.999999797903001e-05
3.176000534271123e-05,3.9999998989515007e-05
3.1764005343042194e-05,7.999999797903001e-05
3.1768005343373155e-05,3.9999998989515007e-05
3.177200534370412e-05,7.999999797903001e-05
3.177600534403508e-05,7.999999797903001e-05
3.178000534436604e-05,7.999999797903001e-05
3.1784005344697e-05,7.999999797903001e-05
3.178800534502796e-05,7.999999797903001e-05
3.1792005345358924e-05,7.999999797903001e-05
3.1796005345689886e-05,7.999999797903001e-05
3.180000534602085e-05,7.999999797903001e-05
3.180400534635181e-05,7.999999797903001e-05
3.180800534668277e-05,7.999999797903001e-05
3.181200534701373e-05,7.999999797903001e-05
3.181600534734469e-05,7.999999797903001e-05
3.1820005347675655e-05,7.999999797903001e-05
3.1824005348006616e-05,3.9999998989515007e-05
3.182800534833758e-05,7.999999797903001e-05
3.183200534866854e-05,7.999999797903001e-05
3.18360053489995e-05,7.999999797903001e-05
3.184000534933046e-05,7.999999797903001e-05
3.1844005349661424e-05,7.999999797903001e-05
3.1848005349992385e-05,3.9999998989515007e-05
3.185200535032335e-05,7.999999797903001e-05
3.185600535065431e-05,3.9999998989515007e-05
3.186000535098527e-05,7.999999797903001e-05
3.186400535131623e-05,7.999999797903001e-05
3.186800535164719e-05,7.999999797903001e-05
3.1872005351978154e-05,7.999999797903001e-05
3.1876005352309116e-05,7.999999797903001e-05
3.188000535264008e-05,7.999999797903001e-05
3.188400535297104e-05,7.999999797903001e-05
3.1888005353302e-05,7.999999797903001e-05
3.189200535363296e-05,7.999999797903001e-05
3.189600535396392e-05,7.999999797903001e-05
3.1900005354294884e-05,7.999999797903001e-05
3.1904005354625846e-05,7.999999797903001e-05
3.190800535495681e-05,7.999999797903001e-05
3.191200535528777e-05,7.999999797903001e-05
3.191600535561873e-05,7.999999797903001e-05
3.192000535594969e-05,7.999999797903001e-05
3.192400535628065e-05,7.999999797903001e-05
3.1928005356611615e-05,7.999999797903001e-05
3.1932005356942576e-05,7.999999797903001e-05
3.193600535727354e-05,3.9999998989515007e-05
3.19400053576045e-05,7.999999797903001e-05
3.194400535793546e-05,3.9999998989515007e-05
3.194800535826642e-05,7.999999797903001e-05
3.1952005358597384e-05,7.999999797903001e-05
3.1956005358928345e-05,7.999999797903001e-05
3.196000535925931e-05,7.999999797903001e-05
3.196400535959027e-05,7.999999797903001e-05
3.196800535992123e-05,7.999999797903001e-05
3.197200536025219e-05,7.999999797903001e-05
3.197600536058315e-05,3.9999998989515007e-05
3.1980005360914114e-05,7.999999797903001e-05
3.1984005361245076e-05,7.999999797903001e-05
3.198800536157604e-05,7.999999797903001e-05
3.1992005361907e-05,7.999999797903001e-05
3.199600536223796e-05,7.999999797903001e-05
3.200000536256892e-05,7.999999797903001e-05
3.200400536289988e-05,7.999999797903001e-05
3.2008005363230845e-05,3.9999998989515007e-05
3.2012005363561806e-05,7.999999797903001e-05
3.201600536389277e-05,7.999999797903001e-05
3.202000536422373e-05,7.999999797903001e-05
3.202400536455469e-05,3.9999998989515007e-05
3.202800536488565e-05,7.999999797903001e-05
3.2032005365216613e-05,7.999999797903001e-05
3.2036005365547575e-05,7.999999797903001e-05
3.2040005365878536e-05,7.999999797903001e-05
3.20440053662095e-05,7.999999797903001e-05
3.204800536654046e-05,7.999999797903001e-05
3.205200536687142e-05,7.999999797903001e-05
3.205600536720238e-05,7.999999797903001e-05
3.2060005367533344e-05,7.999999797903001e-05
3.2064005367864305e-05,7.999999797903001e-05
3.206800536819527e-05,7.999999797903001e-05
3.207200536852623e-05,7.999999797903001e-05
3.207600536885719e-05,7.999999797903001e-05
3.208000536918815e-05,7.999999797903001e-05
3.208400536951911e-05,7.999999797903001e-05
3.2088005369850074e-05,3.9999998989515007e-05
3.2092005370181036e-05,7.999999797903001e-05
3.2096005370512e-05,3.9999998989515007e-05
3.210000537084296e-05,7.999999797903001e-05
3.210400537117392e-05,3.9999998989515007e-05
3.210800537150488e-05,7.999999797903001e-05
3.211200537183584e-05,7.999999797903001e-05
3.2116005372166805e-05,7.999999797903001e-05
3.2120005372497766e-05,7.999999797903001e-05
3.212400537282873e-05,7.999999797903001e-05
3.212800537315969e-05,7.999999797903001e-05
3.213200537349065e-05,7.999999797903001e-05
3.213600537382161e-05,3.9999998989515007e-05
3.2140005374152573e-05,3.9999998989515007e-05
3.2144005374483535e-05,3.9999998989515007e-05
3.2148005374814496e-05,3.9999998989515007e-05
3.215200537514546e-05,3.9999998989515007e-05
3.215600537547642e-05,7.999999797903001e-05
3.216000537580738e-05,7.999999797903001e-05
3.216400537613834e-05,7.999999797903001e-05
3.2168005376469304e-05,7.999999797903001e-05
3.2172005376800265e-05,7.999999797903001e-05
3.217600537713123e-05,7.999999797903001e-05
3.218000537746219e-05,7.999999797903001e-05
3.218400537779315e-05,7.999999797903001e-05
3.218800537812411e-05,7.999999797903001e-05
3.219200537845507e-05,7.999999797903001e-05
3.2196005378786034e-05,7.999999797903001e-05
3.2200005379116996e-05,7.999999797903001e-05
3.220400537944796e-05,7.999999797903001e-05
3.220800537977892e-05,3.9999998989515007e-05
3.221200538010988e-05,7.999999797903001e-05
3.221600538044084e-05,3.9999998989515007e-05
3.22200053807718e-05,7.999999797903001e-05
3.2224005381102765e-05,7.999999797903001e-05
3.2228005381433726e-05,7.999999797903001e-05
3.223200538176469e-05,7.999999797903001e-05
3.223600538209565e-05,7.999999797903001e-05
3.224000538242661e-05,7.999999797903001e-05
3.224400538275757e-05,7.999999797903001e-05
3.2248005383088534e-05,7.999999797903001e-05
3.2252005383419495e-05,7.999999797903001e-05
3.2256005383750457e-05,3.9999998989515007e-05
3.226000538408142e-05,7.999999797903001e-05
3.226400538441238e-05,3.9999998989515007e-05
3.226800538474334e-05,7.999999797903001e-05
3.22720053850743e-05,3.9999998989515007e-05
3.2276005385405264e-05,7.999999797903001e-05
3.2280005385736225e-05,7.999999797903001e-05
3.228400538606719e-05,7.999999797903001e-05
3.228800538639815e-05,3.9999998989515007e-05
3.229200538672911e-05,7.999999797903001e-05
3.229600538706007e-05,7.999999797903001e-05
3.230000538739103e-05,7.999999797903001e-05
3.2304005387721994e-05,7.999999797903001e-05
3.2308005388052956e-05,7.999999797903001e-05
3.231200538838392e-05,3.9999998989515007e-05
3.231600538871488e-05,7.999999797903001e-05
3.232000538904584e-05,7.999999797903001e-05
3.23240053893768e-05,7.999999797903001e-05
3.232800538970776e-05,7.999999797903001e-05
3.2332005390038725e-05,7.999999797903001e-05
3.2336005390369686e-05,3.9999998989515007e-05
3.234000539070065e-05,3.9999998989515007e-05
3.234400539103161e-05,3.9999998989515007e-05
3.234800539136257e-05,7.999999797903001e-05
3.235200539169353e-05,7.999999797903001e-05
3.2356005392024494e-05,7.999999797903001e-05
3.2360005392355455e-05,7.999999797903001e-05
3.2364005392686417e-05,7.999999797903001e-05
3.236800539301738e-05,7.999999797903001e-05
3.237200539334834e-05,7.999999797903001e-05
3.23760053936793e-05,7.999999797903001e-05
3.238000539401026e-05,7.999999797903001e-05
3.2384005394341224e-05,7.999999797903001e-05
3.2388005394672185e-05,7.999999797903001e-05
3.239200539500315e-05,7.999999797903001e-05
3.239600539533411e-05,7.999999797903001e-05
3.240000539566507e-05,7.999999797903001e-05
3.240400539599603e-05,7.999999797903001e-05
3.240800539632699e-05,7.999999797903001e-05
3.2412005396657954e-05,3.9999998989515007e-05
3.2416005396988916e-05,3.9999998989515007e-05
3.242000539731988e-05,7.999999797903001e-05
3.242400539765084e-05,7.999999797903001e-05
3.24280053979818e-05,7.999999797903001e-05
3.243200539831276e-05,7.999999797903001e-05
3.243600539864372e-05,7.999999797903001e-05
3.2440005398974685e-05,7.999999797903001e-05
3.2444005399305646e-05,7.999999797903001e-05
3.244800539963661e-05,7.999999797903001e-05
3.245200539996757e-05,7.999999797903001e-05
3.245600540029853e-05,3.9999998989515007e-05
3.246000540062949e-05,3.9999998989515007e-05
3.2464005400960454e-05,3.9999998989515007e-05
3.2468005401291415e-05,7.999999797903001e-05
3.247200540162238e-05,3.9999998989515007e-05
3.247600540195334e-05,7.999999797903001e-05
3.24800054022843e-05,7.999999797903001e-05
3.248400540261526e-05,7.999999797903001e-05
3.248800540294622e-05,7.999999797903001e-05
3.2492005403277184e-05,7.999999797903001e-05
3.2496005403608146e-05,7.999999797903001e-05
3.250000540393911e-05,7.999999797903001e-05
3.250400540427007e-05,3.9999998989515007e-05
3.250800540460103e-05,7.999999797903001e-05
3.251200540493199e-05,7.999999797903001e-05
3.251600540526295e-05,7.999999797903001e-05
3.2520005405593914e-05,7.999999797903001e-05
3.2524005405924876e-05,7.999999797903001e-05
3.252800540625584e-05,7.999999797903001e-05
3.25320054065868e-05,7.999999797903001e-05
3.253600540691776e-05,7.999999797903001e-05
3.254000540724872e-05,7.999999797903001e-05
3.254400540757968e-05,3.9999998989515007e-05
3.2548005407910645e-05,7.999999797903001e-05
3.2552005408241606e-05,7.999999797903001e-05
3.255600540857257e-05,7.999999797903001e-05
3.256000540890353e-05,7.999999797903001e-05
3.256400540923449e-05,7.999999797903001e-05
3.256800540956545e-05,7.999999797903001e-05
3.2572005409896414e-05,7.999999797903001e-05
3.2576005410227375e-05,3.9999998989515007e-05
3.258000541055834e-05,3.9999998989515007e-05
3.25840054108893e-05,3.9999998989515007e-05
3.258800541122026e-05,7.999999797903001e-05
3.259200541155122e-05,7.999999797903001e-05
3.259600541188218e-05,7.999999797903001e-05
3.2600005412213144e-05,7.999999797903001e-05
3.2604005412544106e-05,7.999999797903001e-05
3.260800541287507e-05,7.999999797903001e-05
3.261200541320603e-05,7.999999797903001e-05
3.261600541353699e-05,7.999999797903001e-05
3.262000541386795e-05,7.999999797903001e-05
3.262400541419891e-05,7.999999797903001e-05
3.2628005414529875e-05,7.999999797903001e-05
3.2632005414860836e-05,7.999999797903001e-05
3.26360054151918e-05,7.999999797903001e-05
3.264000541552276e-05,7.999999797903001e-05
3.264400541585372e-05,7.999999797903001e-05
3.264800541618468e-05,7.999999797903001e-05
3.2652005416515643e-05,7.999999797903001e-05
3.2656005416846605e-05,3.9999998989515007e-05
3.2660005417177566e-05,7.999999797903001e-05
3.266400541750853e-05,3.9999998989515007e-05
3.266800541783949e-05,3.9999998989515007e-05
3.267200541817045e-05,3.9999998989515007e-05
3.267600541850141e-05,7.999999797903001e-05
3.2680005418832374e-05,7.999999797903001e-05
3.2684005419163335e-05,7.999999797903001e-05
3.26880054194943e-05,7.999999797903001e-05
3.269200541982526e-05,7.999999797903001e-05
3.269600542015622e-05,7.999999797903001e-05
3.270000542048718e-05,7.999999797903001e-05
3.270400542081814e-05,3.9999998989515007e-05
3.2708005421149104e-05,3.9999998989515007e-05
3.2712005421480066e-05,7.999999797903001e-05
3.271600542181103e-05,7.999999797903001e-05
3.272000542214199e-05,7.999999797903001e-05
